country_code,country_name,year,cbr_real,gdp_per_capita,literacy_rate,mortality_u5,nutrition_stunting,population,sanitation_basic,nutrition_stunting_is_filled,nutrition_stunting_filled_distance,sanitation_basic_is_filled,sanitation_basic_filled_distance,gdp_per_capita_is_filled,gdp_per_capita_filled_distance,literacy_rate_is_filled,literacy_rate_filled_distance,is_2023_holdout,mortality_shock_pct,anomalous_mortality_year,nutrition_stunting_low_variation_country,sanitation_basic_low_variation_country,gdp_per_capita_low_variation_country,literacy_rate_low_variation_country
ABW,Aruba,2000,14.26,20681.0230269625,97.2900009155273,,,90588.0,97.9731037869072,False,,False,0.0,False,0.0,False,0.0,False,0.0,False,True,False,False,False
ABW,Aruba,2001,13.813,20740.1325828172,97.2900009155273,,,91439.0,98.0125082381901,False,,False,0.0,False,0.0,True,1.0,False,0.0,False,True,False,False,False
ABW,Aruba,2002,13.337,21307.2482505267,97.2900009155273,,,92074.0,98.051912689473,False,,False,0.0,False,0.0,True,2.0,False,0.0,False,True,False,False,False
ABW,Aruba,2003,13.358,21949.4859960868,97.2900009155273,,,93128.0,98.0913171407559,False,,False,0.0,False,0.0,True,3.0,False,0.0,False,True,False,False,False
ABW,Aruba,2004,12.54,23700.6319899197,97.2900009155273,,,95138.0,98.1307215920388,False,,False,0.0,False,0.0,True,4.0,False,0.0,False,True,False,False,False
ABW,Aruba,2005,12.936,24171.8371325422,97.2900009155273,,,97635.0,98.1701260433217,False,,False,0.0,False,0.0,True,5.0,False,0.0,False,True,False,False,False
ABW,Aruba,2006,13.681,24845.65848362,97.2900009155273,,,99405.0,98.2095304946046,False,,False,0.0,False,0.0,True,6.0,False,0.0,False,True,False,False,False
ABW,Aruba,2007,13.38,26736.3089444046,97.2900009155273,,,100150.0,98.2489349458875,False,,False,0.0,False,0.0,True,7.0,False,0.0,False,True,False,False,False
ABW,Aruba,2008,13.07,28171.9094008501,97.2900009155273,,,100917.0,98.2883393971704,False,,False,0.0,False,0.0,True,8.0,False,0.0,False,True,False,False,False
ABW,Aruba,2009,12.332,25134.7712303589,97.2900009155273,,,101604.0,98.3277438484533,False,,False,0.0,False,0.0,True,9.0,False,0.0,False,True,False,False,False
ABW,Aruba,2010,11.941,24093.1401510626,96.8199996948242,,,101838.0,98.3671482997362,False,,False,0.0,False,0.0,False,0.0,False,0.0,False,True,False,False,False
ABW,Aruba,2011,12.175,25712.3843015186,96.8199996948242,,,102591.0,98.4065527510191,False,,False,0.0,False,0.0,True,1.0,False,0.0,False,True,False,False,False
ABW,Aruba,2012,12.592,25119.6655449838,96.8199996948242,,,104110.0,98.445957202302,False,,False,0.0,False,0.0,True,2.0,False,0.0,False,True,False,False,False
ABW,Aruba,2013,12.548,25813.5714408438,96.8199996948242,,,105675.0,98.4853616535849,False,,False,0.0,False,0.0,True,3.0,False,0.0,False,True,False,False,False
ABW,Aruba,2014,12.864,26129.8390617693,96.8199996948242,,,106807.0,98.5247661048679,False,,False,0.0,False,0.0,True,4.0,False,0.0,False,True,False,False,False
ABW,Aruba,2015,11.556,27458.2201537506,96.8199996948242,,,107906.0,98.5641705561508,False,,False,0.0,False,0.0,True,5.0,False,0.0,False,True,False,False,False
ABW,Aruba,2016,11.625,27441.5502144601,96.8199996948242,,,108727.0,98.6035750074337,False,,False,0.0,False,0.0,True,6.0,False,0.0,False,True,False,False,False
ABW,Aruba,2017,11.477,28440.0416881491,96.8199996948242,,,108735.0,98.6429794587166,False,,False,0.0,False,0.0,True,7.0,False,0.0,False,True,False,False,False
ABW,Aruba,2018,10.807,30082.1584226798,96.8199996948242,,,108908.0,98.6823839099995,False,,False,0.0,False,0.0,True,8.0,False,0.0,False,True,False,False,False
ABW,Aruba,2019,10.842,30654.4851235397,96.8199996948242,,,109203.0,98.7217883612824,False,,False,0.0,False,0.0,True,9.0,False,0.0,False,True,False,False,False
ABW,Aruba,2020,9.688,22664.3709949437,96.8199996948242,,,108587.0,98.7611928125653,False,,False,0.0,False,0.0,True,10.0,False,0.0,False,True,False,False,False
ABW,Aruba,2021,9.461,26827.3447869986,96.8199996948242,,,107700.0,98.8005972638482,False,,False,0.0,False,0.0,True,11.0,False,0.0,False,True,False,False,False
ABW,Aruba,2022,8.527,31000.5713798732,96.8199996948242,,,107310.0,98.8400017151311,False,,False,0.0,False,0.0,True,12.0,False,0.0,False,True,False,False,False
ABW,Aruba,2023,7.973,34897.6183932009,96.8199996948242,,,107359.0,98.8400017151311,False,,False,0.0,False,0.0,True,13.0,True,0.0,False,True,False,False,False
AFG,Afghanistan,2000,51.491,174.930991430166,,131.7,,20130327.0,22.298273284655,False,,False,0.0,False,0.0,False,,False,0.0,False,False,False,False,False
AFG,Afghanistan,2001,49.623,138.706821676113,,127.5,,20284307.0,22.3095245309963,False,,False,0.0,False,0.0,False,,False,0.0,False,False,False,False,False
AFG,Afghanistan,2002,47.488,178.954088379235,,123.1,,21378117.0,23.7347094449173,False,,False,0.0,False,0.0,False,,False,0.0,False,False,False,False,False
AFG,Afghanistan,2003,47.056,198.871115728727,,118.5,,22733049.0,25.160116505547,False,,False,0.0,False,0.0,False,,False,-0.07010201412503263,False,False,False,False,False
AFG,Afghanistan,2004,46.492,221.763653873013,,113.9,59.3,23560654.0,26.592743290922,False,0.0,False,0.0,False,0.0,False,,False,-0.09025559105431297,False,False,False,False,False
AFG,Afghanistan,2005,44.952,254.184249149336,,109.3,59.3,24404567.0,28.0329173729232,True,1.0,False,0.0,False,0.0,False,,False,-0.11094843012851809,False,False,False,False,False
AFG,Afghanistan,2006,44.087,274.218553561575,,104.8,59.3,25424094.0,29.4737113537171,True,2.0,False,0.0,False,0.0,False,,False,-0.11531318588553095,False,False,False,False,False
AFG,Afghanistan,2007,43.831,376.223152003876,,100.4,59.3,25909852.0,30.8753174900848,True,3.0,False,0.0,False,0.0,False,,False,-0.11867977528089883,False,False,False,False,False
AFG,Afghanistan,2008,42.538,381.73323802844,,96.1,59.3,26482622.0,32.2737202067488,True,4.0,False,0.0,False,0.0,False,,False,-0.12141159261290914,False,False,False,False,False
AFG,Afghanistan,2009,42.162,452.053705477043,,91.9,59.3,27466101.0,33.6691080892303,True,5.0,False,0.0,False,0.0,False,,False,-0.12392755004766444,False,False,False,False,False
AFG,Afghanistan,2010,41.759,560.621505463146,,88.0,59.3,28284089.0,35.0616668763216,True,6.0,False,0.0,False,0.0,False,,False,-0.12437810945273632,False,False,False,False,False
AFG,Afghanistan,2011,40.973,606.694676337726,31.4500007629394,84.3,59.3,29347708.0,36.4517450288191,True,7.0,False,0.0,False,0.0,False,0.0,False,-0.1240648379052369,False,False,False,False,False
AFG,Afghanistan,2012,40.702,651.417134470046,31.4500007629394,80.8,59.3,30560034.0,37.8393855148321,True,8.0,False,0.0,False,0.0,True,1.0,False,-0.12307358367701328,False,False,False,False,False
AFG,Afghanistan,2013,40.288,637.087099117099,31.4500007629394,77.6,40.4,31622704.0,39.2247837532389,False,0.0,False,0.0,False,0.0,True,2.0,False,-0.12038086601677629,False,False,False,False,False
AFG,Afghanistan,2014,39.646,625.054941813938,31.4500007629394,74.6,40.4,32792523.0,40.6081362553092,True,1.0,False,0.0,False,0.0,True,3.0,False,-0.11736867013724565,False,False,False,False,False
AFG,Afghanistan,2015,39.364,565.569730408751,33.75,71.9,40.4,33831764.0,41.9898186307368,True,2.0,False,0.0,False,0.0,False,0.0,False,-0.11300271403898327,False,False,False,False,False
AFG,Afghanistan,2016,38.732,522.082215583898,33.75,69.4,40.4,34700612.0,43.3698641937307,True,3.0,False,0.0,False,0.0,True,1.0,False,-0.10842754367934221,False,False,False,False,False
AFG,Afghanistan,2017,38.171,525.469770891619,33.75,67.1,40.4,35688935.0,44.7508111861658,True,4.0,False,0.0,False,0.0,True,2.0,False,-0.10366016564253262,False,False,False,False,False
AFG,Afghanistan,2018,37.624,491.337221382603,33.75,64.8,38.2,36743039.0,46.1335435081079,False,0.0,False,0.0,False,0.0,True,3.0,False,-0.10149750415973387,False,False,False,False,False
AFG,Afghanistan,2019,37.138,496.6025042585,33.75,62.7,38.2,37856121.0,47.5183902057843,True,1.0,False,0.0,False,0.0,True,4.0,False,-0.0986198964922369,False,False,False,False,False
AFG,Afghanistan,2020,36.601,510.787063366811,36.0149650316607,60.7,38.2,39068979.0,48.9056813120247,True,2.0,False,0.0,False,0.0,False,0.0,False,-0.09645727895206911,False,False,False,False,False
AFG,Afghanistan,2021,36.342,356.496214115892,37.2700004577637,58.7,38.2,40000412.0,50.2966403259731,True,3.0,False,0.0,False,0.0,False,0.0,False,-0.09608869725900825,False,False,False,False,False
AFG,Afghanistan,2022,36.045,357.261152798144,37.2700004577637,56.8,44.6,40578842.0,51.6914397704169,False,0.0,False,0.0,False,0.0,True,1.0,False,-0.09554140127388536,False,False,False,False,False
AFG,Afghanistan,2023,35.437,413.757894705303,37.2700004577637,54.9,44.6,41454761.0,53.0909369400519,True,1.0,False,0.0,False,0.0,True,2.0,True,-0.09614751399407305,False,False,False,False,False
AGO,Angola,2000,46.853,563.733795571487,,185.0,,16194869.0,33.8004076625916,False,,False,0.0,False,0.0,False,,False,0.0,False,False,False,False,False
AGO,Angola,2001,46.771,533.586202412447,67.4100036621094,176.3,,16747208.0,34.2558546036306,False,,False,0.0,False,0.0,False,0.0,False,0.0,False,False,False,False,False
AGO,Angola,2002,46.666,999.065855956628,67.4100036621094,166.4,,17327699.0,34.7112995930867,False,,False,0.0,False,0.0,True,1.0,False,0.0,False,False,False,False,False
AGO,Angola,2003,46.551,1133.66331960414,67.4100036621094,155.5,,17943712.0,35.7566857674784,False,,False,0.0,False,0.0,True,2.0,False,-0.11597498578737922,False,False,False,False,False
AGO,Angola,2004,46.46,1451.47117870872,67.4100036621094,143.7,,18600423.0,36.8026608112345,False,,False,0.0,False,0.0,True,3.0,False,-0.15866510538641698,False,False,False,False,False
AGO,Angola,2005,46.342,2145.88621098663,67.4100036621094,131.5,,19291161.0,37.8465318357126,False,,False,0.0,False,0.0,True,4.0,False,-0.2048615310194703,False,False,False,False,False
AGO,Angola,2006,46.123,2930.44428606516,67.4100036621094,119.8,,20015279.0,38.7338819151989,False,,False,0.0,False,0.0,True,5.0,False,-0.2254978019136282,False,False,False,False,False
AGO,Angola,2007,45.838,3515.05678985496,67.4100036621094,109.0,29.2,20778561.0,39.6205689404056,False,0.0,False,0.0,False,0.0,True,6.0,False,-0.2397823964290696,False,False,False,False,False
AGO,Angola,2008,45.507,4578.15526451058,67.4100036621094,99.2,29.2,21578655.0,40.5073529931406,True,1.0,False,0.0,False,0.0,True,7.0,False,-0.2479150871872631,False,False,False,False,False
AGO,Angola,2009,45.175,3645.14846565169,67.4100036621094,90.7,29.2,22414773.0,41.3926874563562,True,2.0,False,0.0,False,0.0,True,8.0,False,-0.2481763925729442,False,False,False,False,False
AGO,Angola,2010,44.661,4101.63715564669,67.4100036621094,83.4,29.2,23294825.0,42.2777189153195,True,3.0,False,0.0,False,0.0,True,9.0,False,-0.2420937840785169,False,False,False,False,False
AGO,Angola,2011,44.136,5184.15269151846,67.4100036621094,77.2,29.2,24218352.0,43.1620627220945,True,4.0,False,0.0,False,0.0,True,10.0,False,-0.23122883887671777,False,False,False,False,False
AGO,Angola,2012,43.61,5702.45306277434,67.4100036621094,72.0,29.2,25177394.0,44.0453181222275,True,5.0,False,0.0,False,0.0,True,11.0,False,-0.21653971708378678,False,False,False,False,False
AGO,Angola,2013,43.065,5688.57916213471,67.4100036621094,67.9,29.2,26165620.0,44.9270819739207,True,6.0,False,0.0,False,0.0,True,12.0,False,-0.19644970414201177,False,False,False,False,False
AGO,Angola,2014,42.503,5649.68762467535,66.0299987792969,64.5,29.2,27160769.0,45.8077399649675,True,7.0,False,0.0,False,0.0,False,0.0,False,-0.1756134969325153,False,False,False,False,False
AGO,Angola,2015,41.847,3641.72893920253,66.2399978637695,61.8,37.6,28157798.0,46.6837650963553,False,0.0,False,0.0,False,0.0,False,0.0,False,-0.1534246575342466,False,False,False,False,False
AGO,Angola,2016,41.183,2082.37343594705,66.2399978637695,59.6,37.6,29183070.0,47.555908833618,True,1.0,False,0.0,False,0.0,True,1.0,False,-0.132207338380897,False,False,False,False,False
AGO,Angola,2017,40.595,2832.14997950512,66.2399978637695,57.9,37.6,30234839.0,48.4237656848917,True,2.0,False,0.0,False,0.0,True,2.0,False,-0.11141804788213626,False,False,False,False,False
AGO,Angola,2018,40.057,2891.83032378747,66.2399978637695,56.5,37.6,31297155.0,49.2865229934191,True,3.0,False,0.0,False,0.0,True,3.0,False,-0.09367982034007052,False,False,False,False,False
AGO,Angola,2019,39.539,2507.86807213642,66.2399978637695,55.3,37.6,32375632.0,49.5470237290202,True,4.0,False,0.0,False,0.0,True,4.0,False,-0.07925407925407933,False,False,False,False,False
AGO,Angola,2020,39.127,1749.1794838482,66.2399978637695,54.2,37.6,33451132.0,49.8016376564917,True,5.0,False,0.0,False,0.0,True,5.0,False,-0.06904843696324292,False,False,False,False,False
AGO,Angola,2021,38.67,2266.96834861584,66.2399978637695,53.2,37.6,34532429.0,50.0511353702384,True,6.0,False,0.0,False,0.0,True,6.0,False,-0.06172839506172839,False,False,False,False,False
AGO,Angola,2022,38.102,3598.53669077341,66.2399978637695,51.9,37.6,35635029.0,50.2951359158799,True,7.0,False,0.0,False,0.0,True,7.0,False,-0.0635149765427644,False,False,False,False,False
AGO,Angola,2023,37.588,2885.51349130806,68.1800003051758,50.5,37.6,36749906.0,50.2951359158799,True,8.0,True,1.0,False,0.0,False,0.0,True,-0.06860936923644421,False,False,False,False,False
ALB,Albania,2000,17.513,1160.42047054038,,27.0,,3089027.0,89.4886699063414,False,,False,0.0,False,0.0,False,,False,0.0,False,False,False,False,False
ALB,Albania,2001,16.596,1326.41652388077,98.7099990844727,25.6,,3060173.0,90.0309557632919,False,,False,0.0,False,0.0,False,0.0,False,0.0,False,False,False,False,False
ALB,Albania,2002,15.585,1479.83884572006,98.7099990844727,24.3,,3051010.0,90.6055152426868,False,,False,0.0,False,0.0,True,1.0,False,0.0,False,False,False,False,False
ALB,Albania,2003,15.616,1908.69900687608,98.7099990844727,22.9,,3039616.0,91.1654528669664,False,,False,0.0,False,0.0,True,2.0,False,-0.10663198959687922,False,False,False,False,False
ALB,Albania,2004,14.7,2446.90949947798,98.7099990844727,21.4,,3026939.0,91.710652089826,False,,False,0.0,False,0.0,True,3.0,False,-0.14228456913827658,False,False,False,False,False
ALB,Albania,2005,13.862,2741.72136549578,98.7099990844727,20.0,26.7,3011487.0,92.32297892735,False,0.0,False,0.0,False,0.0,True,4.0,False,-0.17491749174917498,False,False,False,False,False
ALB,Albania,2006,12.977,3057.77257038113,98.7099990844727,18.5,26.7,2992547.0,92.9214090363528,True,1.0,False,0.0,False,0.0,True,5.0,False,-0.19001751313485113,False,False,False,False,False
ALB,Albania,2007,12.439,3743.05529896187,98.7099990844727,17.1,26.7,2970017.0,93.5057448871061,True,2.0,False,0.0,False,0.0,True,6.0,False,-0.20168067226890743,False,False,False,False,False
ALB,Albania,2008,12.209,4498.50486763601,95.9400024414062,15.8,26.7,2947314.0,94.075815843771,True,3.0,False,0.0,False,0.0,False,0.0,False,-0.20920920920920905,False,False,False,False,False
ALB,Albania,2009,12.326,4213.65007574693,95.9400024414062,14.5,23.2,2927519.0,94.6311562732715,False,0.0,False,0.0,False,0.0,True,1.0,False,-0.21875000000000008,False,False,False,False,False
ALB,Albania,2010,12.373,4149.14469936847,95.9400024414062,13.3,23.2,2913021.0,95.1721611108923,True,1.0,False,0.0,False,0.0,True,2.0,False,-0.22584400465657736,False,False,False,False,False
ALB,Albania,2011,12.406,4465.70914328865,96.8499984741211,12.2,23.2,2905195.0,95.6984906230124,True,2.0,False,0.0,False,0.0,False,0.0,False,-0.22979797979797983,False,False,False,False,False
ALB,Albania,2012,12.868,4280.93316338873,97.25,11.2,23.2,2860708.0,96.210272006809,True,3.0,False,0.0,False,0.0,False,0.0,False,-0.23182441700960235,False,False,False,False,False
ALB,Albania,2013,13.137,4542.92903556739,97.25,10.5,23.2,2816902.0,96.7065607873958,True,4.0,False,0.0,False,0.0,True,1.0,False,-0.2164179104477612,False,False,False,False,False
ALB,Albania,2014,13.071,4793.59751131525,97.25,9.9,23.2,2773767.0,97.1880171020454,True,5.0,False,0.0,False,0.0,True,2.0,False,-0.1977309562398703,False,False,False,False,False
ALB,Albania,2015,12.431,4199.53912925398,97.25,9.6,23.2,2731293.0,97.6549680441734,True,6.0,False,0.0,False,0.0,True,3.0,False,-0.15936952714535904,False,False,False,False,False
ALB,Albania,2016,11.873,4457.63412207495,97.25,9.4,23.2,2689469.0,98.1079014758832,True,7.0,False,0.0,False,0.0,True,4.0,False,-0.1198501872659174,False,False,False,False,False
ALB,Albania,2017,11.416,5006.36012951959,98.8099975585938,9.3,11.3,2648285.0,98.5472964296809,False,0.0,False,0.0,False,0.0,False,0.0,False,-0.08102766798418974,False,False,False,False,False
ALB,Albania,2018,10.898,5897.65452588774,98.8099975585938,9.3,11.3,2607733.0,98.9736466158724,True,1.0,False,0.0,False,0.0,True,1.0,False,-0.04517453798767962,False,False,False,False,False
ALB,Albania,2019,10.757,6069.43903131027,98.8099975585938,9.4,11.3,2567801.0,99.1830672601737,True,2.0,False,0.0,False,0.0,True,2.0,False,-0.010526315789473831,False,False,False,False,False
ALB,Albania,2020,10.536,6027.91350716348,98.8099975585938,9.4,11.3,2528480.0,99.298792439378,True,3.0,False,0.0,False,0.0,True,3.0,False,0.0,False,False,False,False,False
ALB,Albania,2021,10.512,7242.45513146613,98.8099975585938,9.5,11.3,2489762.0,99.2990351357274,True,4.0,False,0.0,False,0.0,True,4.0,False,0.014957264957264826,False,False,False,False,False
ALB,Albania,2022,10.305,7756.96188744253,98.8099975585938,9.4,11.3,2451636.0,99.2992678183537,True,5.0,False,0.0,False,0.0,True,5.0,False,0.0021321961620470523,False,False,False,False,False
ALB,Albania,2023,10.244,9740.7023414631,97.6800003051758,9.4,11.3,2411658.0,99.2994944120586,True,6.0,False,0.0,False,0.0,False,0.0,True,0.0,False,False,False,False,False
AND,Andorra,2000,11.54,21810.2487426174,,7.6,,65685.0,99.9999977350507,False,,False,0.0,False,0.0,False,,False,0.0,False,True,False,False,True
AND,Andorra,2001,11.405,23511.2951466328,,7.2,,65852.0,99.9999981868428,False,,False,0.0,False,0.0,False,,False,0.0,False,True,False,False,True
AND,Andorra,2002,10.728,26528.1301571494,,6.8,,66506.0,100.0,False,,False,0.0,False,0.0,False,,False,0.0,False,True,False,False,True
AND,Andorra,2003,9.537,34063.5784040571,,6.5,,69486.0,100.0,False,,False,0.0,False,0.0,False,,False,-0.09722222222222224,False,True,False,False,True
AND,Andorra,2004,10.253,39021.1278078772,,6.2,,74325.0,99.999995252479,False,,False,0.0,False,0.0,False,,False,-0.11743772241992885,False,True,False,False,True
AND,Andorra,2005,10.502,40829.801878928,,5.9,,77421.0,100.0,False,,False,0.0,False,0.0,False,,False,-0.139941690962099,False,True,False,False,True
AND,Andorra,2006,10.498,43467.210990395,,5.6,,79585.0,100.0,False,,False,0.0,False,0.0,False,,False,-0.14110429447852774,False,True,False,False,True
AND,Andorra,2007,10.04,48336.2283340364,,5.3,,81877.0,100.0,False,,False,0.0,False,0.0,False,,False,-0.1451612903225807,False,True,False,False,True
AND,Andorra,2008,10.46,49132.5157047203,,5.0,,83495.0,100.0,False,,False,0.0,False,0.0,False,,False,-0.15254237288135597,False,True,False,False,True
AND,Andorra,2009,10.101,43975.0183658196,,4.8,,83888.0,99.9999971715362,False,,False,0.0,False,0.0,False,,False,-0.14285714285714282,False,True,False,False,True
AND,Andorra,2010,10.742,42746.830952263,,4.5,,80706.0,99.9999980431632,False,,False,0.0,False,0.0,False,,False,-0.15413533834586457,False,True,False,False,True
AND,Andorra,2011,10.469,46657.1561204071,,4.3,,77783.0,100.0,False,,False,0.0,False,0.0,False,,False,-0.14682539682539686,False,True,False,False,True
AND,Andorra,2012,10.172,41500.5435782722,,4.1,,76834.0,99.9999982821599,False,,False,0.0,False,0.0,False,,False,-0.14225941422594138,False,True,False,False,True
AND,Andorra,2013,9.03,42470.3161158563,,3.9,,75194.0,100.0,False,,False,0.0,False,0.0,False,,False,-0.14096916299559492,False,True,False,False,True
AND,Andorra,2014,8.973,44369.6596894579,,3.7,,73737.0,100.0,False,,False,0.0,False,0.0,False,,False,-0.14351851851851855,False,True,False,False,True
AND,Andorra,2015,9.132,38654.9347217207,,3.5,,72174.0,100.0,False,,False,0.0,False,0.0,False,,False,-0.14634146341463408,False,True,False,False,True
AND,Andorra,2016,8.432,40129.8192026671,,3.4,,72181.0,100.0,False,,False,0.0,False,0.0,False,,False,-0.12820512820512822,False,True,False,False,True
AND,Andorra,2017,7.831,40672.9943362327,,3.2,,73763.0,100.0,False,,False,0.0,False,0.0,False,,False,-0.13978494623655913,False,True,False,False,True
AND,Andorra,2018,7.159,42819.774579353,,3.1,,75162.0,100.0,False,,False,0.0,False,0.0,False,,False,-0.12429378531073444,False,True,False,False,True
AND,Andorra,2019,6.993,41257.8045861543,,3.0,,76474.0,100.0,False,,False,0.0,False,0.0,False,,False,-0.11242603550295856,False,True,False,False,True
AND,Andorra,2020,6.831,37361.090067211,,2.9,,77380.0,99.9999952180714,False,,False,0.0,False,0.0,False,,False,-0.10493827160493824,False,True,False,False,True
AND,Andorra,2021,6.828,42425.6996761083,,2.8,,78364.0,100.0,False,,False,0.0,False,0.0,False,,False,-0.10256410256410266,False,True,False,False,True
AND,Andorra,2022,6.85,42414.0590111349,,2.7,,79705.0,99.9999963147646,False,,False,0.0,False,0.0,False,,False,-0.09999999999999994,False,True,False,False,True
AND,Andorra,2023,6.859,46812.448450114,,2.6,,80856.0,100.0,False,,False,0.0,False,0.0,False,,True,-0.10344827586206891,False,True,False,False,True
ARE,United Arab Emirates,2000,16.314,29865.5285002232,,10.7,,3493575.0,99.160856612895,False,,False,0.0,False,0.0,False,,False,0.0,False,True,False,False,False
ARE,United Arab Emirates,2001,15.978,27745.1684523079,,10.5,,3723590.0,99.1568733967511,False,,False,0.0,False,0.0,False,,False,0.0,False,True,False,False,False
ARE,United Arab Emirates,2002,15.779,27753.5810466782,,10.3,,3956826.0,99.1529487950729,False,,False,0.0,False,0.0,False,,False,0.0,False,True,False,False,False
ARE,United Arab Emirates,2003,15.647,29659.5710296993,,10.2,,4192457.0,99.1490944909121,False,,False,0.0,False,0.0,False,,False,-0.02857142857142864,False,True,False,False,False
ARE,United Arab Emirates,2004,15.115,33376.6880534412,,10.0,,4428967.0,99.1452977289426,False,,False,0.0,False,0.0,False,,False,-0.040767386091127164,False,True,False,False,False
ARE,United Arab Emirates,2005,14.343,38719.3138285388,90.0299987792969,9.8,,4664790.0,99.1415716401996,False,,False,0.0,False,0.0,False,0.0,False,-0.05222437137330746,False,True,False,False,False
ARE,United Arab Emirates,2006,12.292,44342.603055045,90.0299987792969,9.6,,5009100.0,99.1379008454285,False,,False,0.0,False,0.0,True,1.0,False,-0.05511811023622052,False,True,False,False,False
ARE,United Arab Emirates,2007,11.127,45854.7352436978,90.0299987792969,9.4,,5624635.0,99.1343292735579,False,,False,0.0,False,0.0,True,2.0,False,-0.05811623246492986,False,True,False,False,False
ARE,United Arab Emirates,2008,9.999,50054.1700685968,90.0299987792969,9.2,,6302664.0,99.1308669416224,False,,False,0.0,False,0.0,True,3.0,False,-0.061224489795918505,False,True,False,False,False
ARE,United Arab Emirates,2009,11.083,37803.0663737818,90.0299987792969,9.0,,6707058.0,99.1274862085327,False,,False,0.0,False,0.0,True,4.0,False,-0.062499999999999965,False,True,False,False,False
ARE,United Arab Emirates,2010,11.249,44795.2846234991,90.0299987792969,8.8,,6869838.0,99.1241974644732,False,,False,0.0,False,0.0,True,5.0,False,-0.0638297872340425,False,True,False,False,False
ARE,United Arab Emirates,2011,11.372,51921.8890746408,90.0299987792969,8.6,,7104538.0,99.120999868482,False,,False,0.0,False,0.0,True,6.0,False,-0.0652173913043478,False,True,False,False,False
ARE,United Arab Emirates,2012,11.678,53141.6251661086,90.0299987792969,8.4,,7391448.0,99.1178959002456,False,,False,0.0,False,0.0,True,7.0,False,-0.06666666666666662,False,True,False,False,False
ARE,United Arab Emirates,2013,11.819,53247.2278745159,90.0299987792969,8.2,,7693031.0,99.1148814743619,False,,False,0.0,False,0.0,True,8.0,False,-0.06818181818181834,False,True,False,False,False
ARE,United Arab Emirates,2014,11.471,52725.2307981936,90.0299987792969,7.9,,8059440.0,99.1119382516612,False,,False,0.0,False,0.0,True,9.0,False,-0.08139534883720922,False,True,False,False,False
ARE,United Arab Emirates,2015,11.02,44910.3458860776,90.0299987792969,7.6,,8505237.0,99.1090951528049,False,,False,0.0,False,0.0,True,10.0,False,-0.0930787589498806,False,True,False,False,False
ARE,United Arab Emirates,2016,10.747,42721.1136110991,90.0299987792969,7.3,,8935095.0,99.1063234658359,False,,False,0.0,False,0.0,True,11.0,False,-0.10319410319410328,False,True,False,False,False
ARE,United Arab Emirates,2017,10.661,43733.6242018215,90.0299987792969,7.0,,9223225.0,99.1036305730769,False,,False,0.0,False,0.0,True,12.0,False,-0.11167512690355329,False,True,False,False,False
ARE,United Arab Emirates,2018,10.248,47135.3478795605,90.0299987792969,6.7,,9346701.0,99.1010218730891,False,,False,0.0,False,0.0,True,13.0,False,-0.11842105263157889,False,True,False,False,False
ARE,United Arab Emirates,2019,10.094,45938.6084572227,97.7799987792969,6.3,,9445785.0,99.0984768671773,False,,False,0.0,False,0.0,False,0.0,False,-0.136986301369863,False,True,False,False,False
ARE,United Arab Emirates,2020,10.465,37991.738387966,97.7799987792969,5.9,,9401038.0,99.0960113749665,False,,False,0.0,False,0.0,True,1.0,False,-0.15472779369627496,False,True,False,False,False
ARE,United Arab Emirates,2021,9.279,44118.4936214315,98.129997253418,5.6,,9575152.0,99.0936250142386,False,,False,0.0,False,0.0,False,0.0,False,-0.1566265060240965,False,True,False,False,False
ARE,United Arab Emirates,2022,9.295,50759.7590190204,98.2900009155273,5.3,,10074977.0,99.0913042673601,False,,False,0.0,False,0.0,False,0.0,False,-0.15873015873015872,False,True,False,False,False
ARE,United Arab Emirates,2023,9.774,49850.6945082084,98.0599975585938,5.0,,10483751.0,99.0890518596042,False,,False,0.0,False,0.0,False,0.0,True,-0.16107382550335558,False,True,False,False,False
ARG,Argentina,2000,19.328,7637.01489203628,,19.4,,37213984.0,87.6669268418186,False,,False,0.0,False,0.0,False,,False,0.0,False,False,False,False,False
ARG,Argentina,2001,18.94,7141.47507662826,97.1900024414062,18.8,,37624825.0,88.1359380067969,False,,False,0.0,False,0.0,False,0.0,False,0.0,False,False,False,False,False
ARG,Argentina,2002,18.702,2569.69963519124,97.1900024414062,18.3,,38029349.0,88.6033982942423,False,,False,0.0,False,0.0,True,1.0,False,0.0,False,False,False,False,False
ARG,Argentina,2003,18.41,3320.47775133903,97.1900024414062,17.8,,38424282.0,89.0695612672158,False,,False,0.0,False,0.0,True,2.0,False,-0.054867256637168044,False,False,False,False,False
ARG,Argentina,2004,18.295,4242.02099089422,97.1900024414062,17.3,,38815916.0,89.5350610098707,False,,False,0.0,False,0.0,True,3.0,False,-0.06864064602960962,False,False,False,False,False
ARG,Argentina,2005,18.306,5067.65342293276,97.1900024414062,16.7,7.2,39216789.0,89.9997295570375,False,0.0,False,0.0,False,0.0,True,4.0,False,-0.08842794759825333,False,False,False,False,False
ARG,Argentina,2006,18.161,5869.38028970204,97.1900024414062,16.2,7.2,39622115.0,90.4637841739601,True,1.0,False,0.0,False,0.0,True,5.0,False,-0.08886389201349823,False,False,False,False,False
ARG,Argentina,2007,17.967,7185.25155147027,97.1900024414062,15.8,7.2,40016763.0,90.9270368517711,True,2.0,False,0.0,False,0.0,True,6.0,False,-0.08458864426419452,False,False,False,False,False
ARG,Argentina,2008,18.462,8944.1102657357,97.1900024414062,15.4,7.2,40424148.0,91.3897117135692,True,3.0,False,0.0,False,0.0,True,7.0,False,-0.08114558472553686,False,False,False,False,False
ARG,Argentina,2009,18.231,8150.23527028221,97.1900024414062,15.0,7.2,40854831.0,91.8516400553942,True,4.0,False,0.0,False,0.0,True,8.0,False,-0.07862407862407869,False,False,False,False,False
ARG,Argentina,2010,18.314,10260.1313108254,97.1900024414062,14.4,7.2,41288694.0,92.3128332477506,True,5.0,False,0.0,False,0.0,True,9.0,False,-0.08975979772439939,False,False,False,False,False
ARG,Argentina,2011,18.172,12704.2831819684,97.1900024414062,13.9,7.2,41730660.0,92.7707485221134,True,6.0,False,0.0,False,0.0,True,10.0,False,-0.09505208333333348,False,False,False,False,False
ARG,Argentina,2012,17.48,12949.717486654,97.1900024414062,13.3,7.2,42161721.0,93.2268060456617,True,7.0,False,0.0,False,0.0,True,11.0,False,-0.10738255033557044,False,False,False,False,False
ARG,Argentina,2013,17.683,12963.675773326,97.1900024414062,12.7,7.2,42582455.0,93.623132025003,True,8.0,False,0.0,False,0.0,True,12.0,False,-0.11805555555555562,False,False,False,False,False
ARG,Argentina,2014,18.019,12233.1444119186,97.1900024414062,12.2,7.2,43024071.0,94.0211240402659,True,9.0,False,0.0,False,0.0,True,13.0,False,-0.11976911976911979,False,False,False,False,False
ARG,Argentina,2015,17.665,13679.6264980954,97.1900024414062,11.7,7.2,43477012.0,94.4204076284931,True,10.0,False,0.0,False,0.0,True,14.0,False,-0.12030075187969935,False,False,False,False,False
ARG,Argentina,2016,16.789,12699.9623137756,97.1900024414062,11.4,7.2,43900313.0,94.8209557204549,True,11.0,False,0.0,False,0.0,True,15.0,False,-0.10658307210031344,False,False,False,False,False
ARG,Argentina,2017,16.155,14532.5009308511,97.1900024414062,11.0,7.2,44288894.0,94.8209557204549,True,12.0,True,1.0,False,0.0,True,16.0,False,-0.1027732463295269,False,False,False,False,False
ARG,Argentina,2018,15.332,11752.7998922979,97.1900024414062,10.7,8.7,44654882.0,94.8209557204549,False,0.0,True,2.0,False,0.0,True,17.0,False,-0.09322033898305096,False,False,False,False,False
ARG,Argentina,2019,13.902,9955.97478680428,97.1900024414062,10.5,8.7,44973465.0,94.8209557204549,True,1.0,True,3.0,False,0.0,True,18.0,False,-0.07894736842105265,False,False,False,False,False
ARG,Argentina,2020,11.799,8535.59938004389,99.1399993896484,10.3,8.7,45191965.0,94.8209557204549,True,2.0,True,4.0,False,0.0,False,0.0,False,-0.06871609403254955,False,False,False,False,False
ARG,Argentina,2021,11.682,10738.0179223384,99.1399993896484,10.1,8.7,45312281.0,94.8209557204549,True,3.0,True,5.0,False,0.0,True,1.0,False,-0.06307977736549178,False,False,False,False,False
ARG,Argentina,2022,10.926,13962.1894087223,99.1399993896484,9.9,8.7,45407904.0,94.8209557204549,True,4.0,True,6.0,False,0.0,True,2.0,False,-0.058935361216729966,False,False,False,False,False
ARG,Argentina,2023,11.064,14261.8465667948,99.1399993896484,9.7,8.7,45538401.0,94.8209557204549,True,5.0,True,7.0,False,0.0,True,3.0,True,-0.05825242718446615,False,False,False,False,False
ARM,Armenia,2000,10.6,593.450581742282,,30.6,17.3,3221100.0,88.0309026952269,False,0.0,False,0.0,False,0.0,False,,False,0.0,False,False,False,False,False
ARM,Armenia,2001,10.0,659.588988535629,99.4000015258789,29.1,17.3,3211800.0,88.2341286586243,True,1.0,False,0.0,False,0.0,False,0.0,False,0.0,False,False,False,False,False
ARM,Armenia,2002,10.1,742.651118319819,99.4000015258789,27.7,17.3,3199800.0,88.4571722319779,True,2.0,False,0.0,False,0.0,True,1.0,False,0.0,False,False,False,False,False
ARM,Armenia,2003,11.3,882.030167695474,99.4000015258789,26.4,17.3,3182500.0,88.6878398317561,True,3.0,False,0.0,False,0.0,True,2.0,False,-0.09382151029748298,False,False,False,False,False
ARM,Armenia,2004,11.8,1130.08791444158,99.4000015258789,25.1,17.3,3164900.0,88.9185327648482,True,4.0,False,0.0,False,0.0,True,3.0,False,-0.117750439367311,False,False,False,False,False
ARM,Armenia,2005,11.9,1557.48458908655,99.4000015258789,23.9,17.9,3146400.0,89.1491045548132,False,0.0,False,0.0,False,0.0,True,4.0,False,-0.13966882649388057,False,False,False,False,False
ARM,Armenia,2006,12.0,2041.65267068997,99.4000015258789,22.7,17.9,3127100.0,89.3798500479523,True,1.0,False,0.0,False,0.0,True,5.0,False,-0.14145234493192152,False,False,False,False,False
ARM,Armenia,2007,12.9,2962.70234594569,99.4000015258789,21.6,17.9,3107400.0,89.6104696374139,True,2.0,False,0.0,False,0.0,True,6.0,False,-0.1414944356120826,False,False,False,False,False
ARM,Armenia,2008,13.3,3777.66859313767,99.4000015258789,20.6,17.9,3087100.0,89.8412620835162,True,3.0,False,0.0,False,0.0,True,7.0,False,-0.13951545530492884,False,False,False,False,False
ARM,Armenia,2009,14.5,2820.5926553347,99.4000015258789,19.6,17.9,3066000.0,90.0719230280142,True,4.0,False,0.0,False,0.0,True,8.0,False,-0.13959613696224757,False,False,False,False,False
ARM,Armenia,2010,14.7,3041.34450723339,99.4000015258789,18.7,20.9,3044800.0,90.3025970300034,False,0.0,False,0.0,False,0.0,True,9.0,False,-0.1374538745387454,False,False,False,False,False
ARM,Armenia,2011,14.3,3349.55309771906,99.7399978637695,17.8,20.9,3027900.0,90.5332906665256,True,1.0,False,0.0,False,0.0,False,0.0,False,-0.1375968992248062,False,False,False,False,False
ARM,Armenia,2012,14.0,3511.56399687426,99.7399978637695,16.9,20.9,3024100.0,90.7640014188273,True,2.0,False,0.0,False,0.0,True,1.0,False,-0.14038657171922708,False,False,False,False,False
ARM,Armenia,2013,13.8,3680.16692158886,99.7399978637695,16.1,20.9,3022000.0,90.9987016315075,True,3.0,False,0.0,False,0.0,True,2.0,False,-0.139957264957265,False,False,False,False,False
ARM,Armenia,2014,14.3,3852.11800610384,99.7399978637695,15.4,20.9,3013800.0,91.2374729178599,True,4.0,False,0.0,False,0.0,True,3.0,False,-0.13580246913580246,False,False,False,False,False
ARM,Armenia,2015,13.9,3512.39350276709,99.7399978637695,14.7,20.9,3004600.0,91.480572190435,True,5.0,False,0.0,False,0.0,True,4.0,False,-0.13427561837455837,False,False,False,False,False
ARM,Armenia,2016,13.5,3524.42476874707,99.7399978637695,14.0,9.4,2992300.0,91.7279143880493,False,0.0,False,0.0,False,0.0,False,0.0,False,-0.13473423980222496,False,False,False,False,False
ARM,Armenia,2017,12.6,3869.05373867752,99.7399978637695,13.3,9.4,2979400.0,91.9795911262643,True,1.0,False,0.0,False,0.0,False,0.0,False,-0.1374837872892346,False,False,False,False,False
ARM,Armenia,2018,12.3,4196.00562301769,100.0,12.7,9.4,2969000.0,92.2358515104765,True,2.0,False,0.0,False,0.0,False,0.0,False,-0.1360544217687075,False,False,False,False,False
ARM,Armenia,2019,12.2,4597.22887399548,100.0,12.1,9.4,2962500.0,92.4966218956113,True,3.0,False,0.0,False,0.0,False,0.0,False,-0.1369472182596291,False,False,False,False,False
ARM,Armenia,2020,12.3,4268.68093304583,99.7900009155273,11.6,9.4,2961500.0,92.7619845664061,True,4.0,False,0.0,False,0.0,False,0.0,False,-0.13173652694610777,False,False,False,False,False
ARM,Armenia,2021,12.4,4685.17997128509,99.7900009155273,11.0,9.4,2962300.0,93.0320229848765,True,5.0,False,0.0,False,0.0,True,1.0,False,-0.13657770800627933,False,False,False,False,False
ARM,Armenia,2022,12.3,6571.97445545099,99.8199996948242,10.5,9.4,2969200.0,93.3068358390677,True,6.0,False,0.0,False,0.0,False,0.0,False,-0.13509060955518937,False,False,False,False,False
ARM,Armenia,2023,12.3,8159.08720967996,99.8399963378906,10.0,9.4,2964300.0,93.5674537130871,True,7.0,False,0.0,False,0.0,False,0.0,True,-0.13644214162348878,False,False,False,False,False
ASM,American Samoa,2000,29.234,,,,,56855.0,62.2935163766246,False,,False,0.0,False,,False,,False,0.0,False,True,False,False,True
ASM,American Samoa,2001,28.79,,,,,57053.0,62.2856155405329,False,,False,0.0,False,,False,,False,0.0,False,True,False,False,True
ASM,American Samoa,2002,28.465,8972.69636535698,,,,57062.0,62.2777147044412,False,,False,0.0,False,0.0,False,,False,0.0,False,True,False,False,True
ASM,American Samoa,2003,28.502,9197.66196836987,,,,56971.0,62.2698138683495,False,,False,0.0,False,0.0,False,,False,0.0,False,True,False,False,True
ASM,American Samoa,2004,28.479,8958.42866697173,,,,56818.0,62.2619130322578,False,,False,0.0,False,0.0,False,,False,0.0,False,True,False,False,True
ASM,American Samoa,2005,27.578,8831.26975996609,,,,56617.0,62.254012196166,False,,False,0.0,False,0.0,False,,False,0.0,False,True,False,False,True
ASM,American Samoa,2006,26.017,8745.16621137404,,,,56374.0,62.2461113600743,False,,False,0.0,False,0.0,False,,False,0.0,False,True,False,False,True
ASM,American Samoa,2007,24.482,9231.37240924563,,,,56113.0,62.2382105239826,False,,False,0.0,False,0.0,False,,False,0.0,False,True,False,False,True
ASM,American Samoa,2008,23.625,10030.8089130902,,,,55828.0,62.2303096878909,False,,False,0.0,False,0.0,False,,False,0.0,False,True,False,False,True
ASM,American Samoa,2009,22.976,12156.0293905777,,,,55528.0,62.2224088517992,False,,False,0.0,False,0.0,False,,False,0.0,False,True,False,False,True
ASM,American Samoa,2010,22.361,10375.1720141957,,,,55228.0,62.2145080157075,False,,False,0.0,False,0.0,False,,False,0.0,False,True,False,False,True
ASM,American Samoa,2011,21.784,10383.459331451,,,,54895.0,62.2066071796158,False,,False,0.0,False,0.0,False,,False,0.0,False,True,False,False,True
ASM,American Samoa,2012,21.266,11745.4899153958,,,,54489.0,62.1987063435241,False,,False,0.0,False,0.0,False,,False,0.0,False,True,False,False,True
ASM,American Samoa,2013,20.73,11813.5022034589,,,,54006.0,62.1908055074324,False,,False,0.0,False,0.0,False,,False,0.0,False,True,False,False,True
ASM,American Samoa,2014,20.317,12026.3344929488,,,,53466.0,62.1829046713407,False,,False,0.0,False,0.0,False,,False,0.0,False,True,False,False,True
ASM,American Samoa,2015,19.821,12727.4102651386,,,,52878.0,62.1750038352489,False,,False,0.0,False,0.0,False,,False,0.0,False,True,False,False,True
ASM,American Samoa,2016,19.141,12843.3342903627,,,,52245.0,62.1671029991572,False,,False,0.0,False,0.0,False,,False,0.0,False,True,False,False,True
ASM,American Samoa,2017,18.206,11863.6839452565,,,,51586.0,62.1592021630655,False,,False,0.0,False,0.0,False,,False,0.0,False,True,False,False,True
ASM,American Samoa,2018,17.204,12552.0546868861,,,,50908.0,62.1513013269738,False,,False,0.0,False,0.0,False,,False,0.0,False,True,False,False,True
ASM,American Samoa,2019,16.304,12886.1359517218,,,,50209.0,62.1434004908821,False,,False,0.0,False,0.0,False,,False,0.0,False,True,False,False,True
ASM,American Samoa,2020,15.658,14489.2586563775,,,,49761.0,62.1354996547904,False,,False,0.0,False,0.0,False,,False,0.0,False,True,False,False,True
ASM,American Samoa,2021,15.649,15236.1604875571,,,,49225.0,62.1275988186987,False,,False,0.0,False,0.0,False,,False,0.0,False,True,False,False,True
ASM,American Samoa,2022,15.522,18017.4589383973,,,,48342.0,62.119697982607,False,,False,0.0,False,0.0,False,,False,0.0,False,True,False,False,True
ASM,American Samoa,2023,15.388,18017.4589383973,,,,47521.0,62.119697982607,False,,False,0.0,True,1.0,False,,True,0.0,False,True,False,False,True
ATG,Antigua and Barbuda,2000,19.72,12027.4949768222,,14.9,,74912.0,84.7653410086149,False,,False,0.0,False,0.0,False,,False,0.0,False,True,False,False,True
ATG,Antigua and Barbuda,2001,17.973,11539.1825063308,98.9499969482422,14.6,,76069.0,85.5344312360032,False,,False,0.0,False,0.0,False,0.0,False,0.0,False,True,False,False,True
ATG,Antigua and Barbuda,2002,17.106,11658.6949915956,98.9499969482422,14.3,,77032.0,86.312524859028,False,,False,0.0,False,0.0,True,1.0,False,0.0,False,True,False,False,True
ATG,Antigua and Barbuda,2003,16.443,12173.2319860305,98.9499969482422,13.9,,77884.0,87.0891468581108,False,,False,0.0,False,0.0,True,2.0,False,-0.04794520547945201,False,True,False,False,True
ATG,Antigua and Barbuda,2004,15.947,13037.8895772257,98.9499969482422,13.6,,78719.0,87.8643554393161,False,,False,0.0,False,0.0,True,3.0,False,-0.05719237435008673,False,True,False,False,True
ATG,Antigua and Barbuda,2005,15.613,14368.5708796058,98.9499969482422,13.3,,79611.0,88.6381274061459,False,,False,0.0,False,0.0,True,4.0,False,-0.06732117812061705,False,True,False,False,True
ATG,Antigua and Barbuda,2006,15.461,16173.8136329968,98.9499969482422,13.0,,80604.0,89.410528383537,False,,False,0.0,False,0.0,True,5.0,False,-0.0674318507890962,False,True,False,False,True
ATG,Antigua and Barbuda,2007,15.59,18204.5124043068,98.9499969482422,12.7,,81704.0,90.181534098799,False,,False,0.0,False,0.0,True,6.0,False,-0.06754772393538913,False,True,False,False,True
ATG,Antigua and Barbuda,2008,16.994,18786.6743142216,98.9499969482422,12.5,,82912.0,90.9512112125374,False,,False,0.0,False,0.0,True,7.0,False,-0.060150375939849676,False,True,False,False,True
ATG,Antigua and Barbuda,2009,16.578,16472.2478528568,98.9499969482422,12.2,,84173.0,91.7194750028069,False,,False,0.0,False,0.0,True,8.0,False,-0.06298003072196623,False,True,False,False,True
ATG,Antigua and Barbuda,2010,14.66,15217.3950790922,98.9499969482422,12.0,,85320.0,92.4864478668601,False,,False,0.0,False,0.0,True,9.0,False,-0.05808477237048667,False,True,False,False,True
ATG,Antigua and Barbuda,2011,14.259,14911.7275084471,98.9499969482422,11.8,,86332.0,93.2510130109521,False,,False,0.0,False,0.0,True,10.0,False,-0.05448717948717946,False,True,False,False,True
ATG,Antigua and Barbuda,2012,13.456,15639.8078114787,98.9499969482422,11.6,,87260.0,94.0042537403254,False,,False,0.0,False,0.0,True,11.0,False,-0.05228758169934645,False,True,False,False,True
ATG,Antigua and Barbuda,2013,12.436,15051.5113587425,98.9499969482422,11.4,,88064.0,94.7571352497532,False,,False,0.0,False,0.0,True,12.0,False,-0.051580698835274476,False,True,False,False,True
ATG,Antigua and Barbuda,2014,12.31,15532.1062063584,98.9499969482422,11.2,,88765.0,95.5096665851238,False,,False,0.0,False,0.0,True,13.0,False,-0.05084745762711876,False,True,False,False,True
ATG,Antigua and Barbuda,2015,12.587,16077.6340769406,98.9499969482422,11.0,,89409.0,96.2618760462753,False,,False,0.0,False,0.0,True,14.0,False,-0.051724137931034454,False,True,False,False,True
ATG,Antigua and Barbuda,2016,11.657,16556.8551801588,98.9499969482422,10.8,,89969.0,97.0132411183707,False,,False,0.0,False,0.0,True,15.0,False,-0.05263157894736839,False,True,False,False,True
ATG,Antigua and Barbuda,2017,11.796,16965.7288273816,98.9499969482422,10.7,,90468.0,97.7638078582703,False,,False,0.0,False,0.0,True,16.0,False,-0.044642857142857144,False,True,False,False,True
ATG,Antigua and Barbuda,2018,10.822,18273.4270684912,98.9499969482422,10.5,,90926.0,98.5136876135771,False,,False,0.0,False,0.0,True,17.0,False,-0.04718693284936475,False,True,False,False,True
ATG,Antigua and Barbuda,2019,11.5,18896.3721832248,98.9499969482422,10.3,,91364.0,99.0899721182438,False,,False,0.0,False,0.0,True,18.0,False,-0.04981549815498147,False,True,False,False,True
ATG,Antigua and Barbuda,2020,12.18,15369.6082250401,98.9499969482422,10.1,,91846.0,99.6041813873018,False,,False,0.0,False,0.0,True,19.0,False,-0.052532833020637944,False,True,False,False,True
ATG,Antigua and Barbuda,2021,12.135,17348.6006987182,98.9499969482422,9.8,,92349.0,99.6050402706189,False,,False,0.0,False,0.0,True,20.0,False,-0.06488549618320608,False,True,False,False,True
ATG,Antigua and Barbuda,2022,12.001,20003.3909394099,98.9499969482422,9.6,,92840.0,99.605594345624,False,,False,0.0,False,0.0,True,21.0,False,-0.06614785992217896,False,True,False,False,True
ATG,Antigua and Barbuda,2023,11.848,22012.2625947994,98.9499969482422,9.3,,93316.0,99.6058209466968,False,,False,0.0,False,0.0,True,22.0,True,-0.07554671968190836,False,True,False,False,True
AUS,Australia,2000,13.0,21908.9968019784,,6.2,,19028802.0,99.9911608638651,False,,False,0.0,False,0.0,False,,False,0.0,False,True,False,False,True
AUS,Australia,2001,12.7,19733.6510102645,,6.1,,19274701.0,99.9916171040366,False,,False,0.0,False,0.0,False,,False,0.0,False,True,False,False,True
AUS,Australia,2002,12.8,20335.0960191023,,6.0,,19495210.0,99.9920733442082,False,,False,0.0,False,0.0,False,,False,0.0,False,True,False,False,True
AUS,Australia,2003,12.6,23757.5898471684,,5.9,,19720737.0,99.9925295843797,False,,False,0.0,False,0.0,False,,False,-0.03278688524590167,False,True,False,False,True
AUS,Australia,2004,12.3,30886.0500949401,,5.8,,19932722.0,99.9929858245512,False,,False,0.0,False,0.0,False,,False,-0.04132231404958678,False,True,False,False,True
AUS,Australia,2005,12.8,34535.20727091,,5.7,,20176844.0,99.9934420647228,False,,False,0.0,False,0.0,False,,False,-0.04999999999999997,False,True,False,False,True
AUS,Australia,2006,12.9,36658.8243476122,,5.6,,20450966.0,99.9938983048943,False,,False,0.0,False,0.0,False,,False,-0.05084745762711876,False,True,False,False,True
AUS,Australia,2007,14.1,41128.2476618402,,5.4,1.9,20827622.0,99.9943545450659,False,0.0,False,0.0,False,0.0,False,,False,-0.06896551724137923,False,True,False,False,True
AUS,Australia,2008,14.0,49811.2067218988,,5.2,1.9,21249199.0,99.9948107852374,True,1.0,False,0.0,False,0.0,False,,False,-0.08450704225352106,False,True,False,False,True
AUS,Australia,2009,13.9,42954.8494884573,,5.0,1.9,21691653.0,99.9952670254089,True,2.0,False,0.0,False,0.0,False,,False,-0.09747292418772578,False,True,False,False,True
AUS,Australia,2010,13.7,52313.8939041213,,4.8,1.9,22031750.0,99.9957232655805,True,3.0,False,0.0,False,0.0,False,,False,-0.10780669144981414,False,True,False,False,True
AUS,Australia,2011,13.6,62799.3895017032,,4.5,1.9,22340024.0,99.996179505752,True,4.0,False,0.0,False,0.0,False,,False,-0.13461538461538464,False,True,False,False,True
AUS,Australia,2012,13.7,68301.4402512587,,4.3,1.9,22733465.0,99.9966357459236,True,5.0,False,0.0,False,0.0,False,,False,-0.13654618473895577,False,True,False,False,True
AUS,Australia,2013,13.3,68476.6788496118,,4.1,1.9,23128129.0,99.9970919860951,True,6.0,False,0.0,False,0.0,False,,False,-0.13865546218487398,False,True,False,False,True
AUS,Australia,2014,13.2,62817.2061751737,,4.0,1.9,23475686.0,99.9975482262667,True,7.0,False,0.0,False,0.0,False,,False,-0.11894273127753321,False,True,False,False,True
AUS,Australia,2015,12.9,56970.3613028094,,3.9,1.9,23815995.0,99.9980044664382,True,8.0,False,0.0,False,0.0,False,,False,-0.10138248847926284,False,True,False,False,True
AUS,Australia,2016,12.9,50084.4440606385,,3.8,1.9,24190907.0,99.9984607066097,True,9.0,False,0.0,False,0.0,False,,False,-0.0865384615384616,False,True,False,False,True
AUS,Australia,2017,12.6,54117.547718609,,3.8,1.9,24592588.0,99.9989169467813,True,10.0,False,0.0,False,0.0,False,,False,-0.05472636815920413,False,True,False,False,True
AUS,Australia,2018,12.6,57410.1737346009,,3.8,1.9,24963258.0,99.9993731869528,True,11.0,False,0.0,False,0.0,False,,False,-0.030612244897959103,False,True,False,False,True
AUS,Australia,2019,12.1,55194.7585097428,,3.8,1.9,25334826.0,99.9998294271244,True,12.0,False,0.0,False,0.0,False,,False,-0.01554404145077733,False,True,False,False,True
AUS,Australia,2020,11.5,51983.4523666382,,3.8,1.9,25649248.0,100.0,True,13.0,False,0.0,False,0.0,False,,False,-0.005235602094240727,False,True,False,False,True
AUS,Australia,2021,12.1,60758.9044397144,,3.7,1.9,25685412.0,100.0,True,14.0,False,0.0,False,0.0,False,,False,-0.02631578947368412,False,True,False,False,True
AUS,Australia,2022,11.6,65169.5191118657,,3.7,1.9,26018721.0,100.0,True,15.0,False,0.0,False,0.0,False,,False,-0.021164021164021066,False,True,False,False,True
AUS,Australia,2023,10.8,65058.3773146674,,3.7,1.9,26659922.0,100.0,True,16.0,False,0.0,False,0.0,False,,True,-0.01595744680851065,False,True,False,False,True
AUT,Austria,2000,9.8,24487.2974685956,,5.5,,8011566.0,99.9999792345879,False,,False,0.0,False,0.0,False,,False,0.0,False,True,False,False,True
AUT,Austria,2001,9.4,24430.495982841,,5.4,,8042293.0,99.9999909725854,False,,False,0.0,False,0.0,False,,False,0.0,False,True,False,False,True
AUT,Austria,2002,9.7,26334.862215032,,5.3,,8081957.0,100.0,False,,False,0.0,False,0.0,False,,False,0.0,False,True,False,False,True
AUT,Austria,2003,9.5,32110.1159661425,,5.2,,8121423.0,99.9983790003902,False,,False,0.0,False,0.0,False,,False,-0.03703703703703691,False,True,False,False,True
AUT,Austria,2004,9.7,36614.2506533707,,5.0,,8171966.0,99.996535576376,False,,False,0.0,False,0.0,False,,False,-0.06542056074766349,False,True,False,False,True
AUT,Austria,2005,9.5,38157.37022862,,4.9,,8227829.0,99.9947064734973,False,,False,0.0,False,0.0,False,,False,-0.0719696969696968,False,True,False,False,True
AUT,Austria,2006,9.4,40382.2078298575,,4.8,,8268641.0,99.9928944921009,False,,False,0.0,False,0.0,False,,False,-0.06976744186046517,False,True,False,False,True
AUT,Austria,2007,9.2,46622.9622913635,,4.6,,8295487.0,99.9911017476995,False,,False,0.0,False,0.0,False,,False,-0.08730158730158738,False,True,False,False,True
AUT,Austria,2008,9.3,51581.3982361071,,4.5,,8321496.0,99.9893276003394,False,,False,0.0,False,0.0,False,,False,-0.08163265306122455,False,True,False,False,True
AUT,Austria,2009,9.2,47857.4446635266,,4.4,,8343323.0,99.9875707536701,False,,False,0.0,False,0.0,False,,False,-0.07563025210084022,False,True,False,False,True
AUT,Austria,2010,9.4,46611.1393420232,,4.3,,8363404.0,99.9858335152594,False,,False,0.0,False,0.0,False,,False,-0.0732758620689655,False,True,False,False,True
AUT,Austria,2011,9.3,51116.8953522042,,4.2,,8391643.0,99.9841152637766,False,,False,0.0,False,0.0,False,,False,-0.0707964601769912,False,True,False,False,True
AUT,Austria,2012,9.4,48250.4059142637,,4.0,,8429991.0,99.982312100595,False,,False,0.0,False,0.0,False,,False,-0.09090909090909098,False,True,False,False,True
AUT,Austria,2013,9.4,50305.3545774973,,3.9,,8479823.0,99.9804519832307,False,,False,0.0,False,0.0,False,,False,-0.08878504672897204,False,True,False,False,True
AUT,Austria,2014,9.6,51314.9722616322,,3.8,,8546356.0,99.9785877606259,False,,False,0.0,False,0.0,False,,False,-0.0865384615384616,False,True,False,False,True
AUT,Austria,2015,9.8,43915.228020857,,3.7,,8642699.0,99.9767095192409,False,,False,0.0,False,0.0,False,,False,-0.08415841584158412,False,True,False,False,True
AUT,Austria,2016,10.0,45061.4993920192,,3.6,,8736668.0,99.9748167576783,False,,False,0.0,False,0.0,False,,False,-0.08163265306122455,False,True,False,False,True
AUT,Austria,2017,10.0,47163.7425775142,,3.6,,8797566.0,99.9729077052186,False,,False,0.0,False,0.0,False,,False,-0.052631578947368356,False,True,False,False,True
AUT,Austria,2018,9.7,51194.0749841299,,3.5,,8840521.0,99.9728166060806,False,,False,0.0,False,0.0,False,,False,-0.05913978494623661,False,True,False,False,True
AUT,Austria,2019,9.6,49885.9947355204,,3.5,,8879920.0,99.9727130295408,False,,False,0.0,False,0.0,False,,False,-0.03846153846153838,False,True,False,False,True
AUT,Austria,2020,9.4,48716.4098900349,,3.4,,8916864.0,99.9726022326155,False,,False,0.0,False,0.0,False,,False,-0.050279329608938474,False,True,False,False,True
AUT,Austria,2021,9.6,53648.6437976214,,3.4,,8955797.0,99.9724908948366,False,,False,0.0,False,0.0,False,,False,-0.03409090909090924,False,True,False,False,True
AUT,Austria,2022,9.1,52336.7725223758,,3.3,,9041851.0,99.9723650796655,False,,False,0.0,False,0.0,False,,False,-0.051724137931034406,False,True,False,False,True
AUT,Austria,2023,8.5,56579.504175468,,3.3,,9131761.0,99.9722421586423,False,,False,0.0,False,0.0,False,,True,-0.03508771929824552,False,True,False,False,True
AZE,Azerbaijan,2000,14.5,655.097249579917,,74.3,24.2,8048600.0,68.3537161993918,False,0.0,False,0.0,False,0.0,False,,False,0.0,False,False,False,False,False
AZE,Azerbaijan,2001,13.6,703.670998584686,,69.3,18.0,8111200.0,69.4110838151646,False,0.0,False,0.0,False,0.0,False,,False,0.0,False,False,False,False,False
AZE,Azerbaijan,2002,13.5,763.108895463487,,64.4,18.0,8171950.0,70.4645166968746,True,1.0,False,0.0,False,0.0,False,,False,0.0,False,False,False,False,False
AZE,Azerbaijan,2003,13.8,883.692580745256,,59.9,18.0,8234100.0,71.514349403103,True,2.0,False,0.0,False,0.0,False,,False,-0.13605769230769227,False,False,False,False,False
AZE,Azerbaijan,2004,15.8,1045.0136328106,,55.8,18.0,8306500.0,72.5604073968308,True,3.0,False,0.0,False,0.0,False,,False,-0.16685330347144453,False,False,False,False,False
AZE,Azerbaijan,2005,16.9,1578.36733030667,,52.1,18.0,8391850.0,73.9007809135916,True,4.0,False,0.0,False,0.0,False,,False,-0.19524250849552047,False,False,False,False,False
AZE,Azerbaijan,2006,17.6,2472.95725732287,,48.7,26.5,8484550.0,75.2446071207106,False,0.0,False,0.0,False,0.0,False,,False,-0.1923714759535654,False,False,False,False,False
AZE,Azerbaijan,2007,17.7,3851.33015175141,99.5899963378906,45.7,26.5,8581300.0,76.5920244999871,True,1.0,False,0.0,False,0.0,False,0.0,False,-0.18654325382698453,False,False,False,False,False
AZE,Azerbaijan,2008,17.4,5574.46810432575,99.5899963378906,42.9,26.5,8763400.0,77.9427910031062,True,2.0,False,0.0,False,0.0,True,1.0,False,-0.18192219679633867,False,False,False,False,False
AZE,Azerbaijan,2009,17.0,4950.39949009423,99.7600021362305,40.2,26.5,8947243.0,79.2970479678594,True,3.0,False,0.0,False,0.0,False,0.0,False,-0.18026101141924952,False,False,False,False,False
AZE,Azerbaijan,2010,18.3,5843.5337683582,99.7699966430664,37.8,26.5,9054332.0,80.6565618814243,True,4.0,False,0.0,False,0.0,False,0.0,False,-0.17682926829268303,False,False,False,False,False
AZE,Azerbaijan,2011,19.2,7189.81869211976,99.7799987792969,35.5,16.4,9173082.0,82.0209823776921,False,0.0,False,0.0,False,0.0,False,0.0,False,-0.17556897352531342,False,False,False,False,False
AZE,Azerbaijan,2012,18.8,7495.86527658099,99.7799987792969,33.4,16.4,9295784.0,83.3900771954371,True,1.0,False,0.0,False,0.0,False,0.0,False,-0.17367639782286004,False,False,False,False,False
AZE,Azerbaijan,2013,18.3,7875.34536661549,99.7900009155273,31.4,17.8,9416801.0,84.7637227824749,False,0.0,False,0.0,False,0.0,False,0.0,False,-0.17281348788198092,False,False,False,False,False
AZE,Azerbaijan,2014,17.9,7890.84028062087,99.7900009155273,29.6,17.8,9535079.0,86.1415854877427,True,1.0,False,0.0,False,0.0,False,0.0,False,-0.16993830622546274,False,False,False,False,False
AZE,Azerbaijan,2015,17.2,5500.50364628486,99.7900009155273,27.9,17.8,9649341.0,87.5234598194959,True,2.0,False,0.0,False,0.0,False,0.0,False,-0.16815742397137748,False,False,False,False,False
AZE,Azerbaijan,2016,16.3,3880.6852276838,99.7900009155273,26.5,17.8,9757812.0,88.9091129023182,True,3.0,False,0.0,False,0.0,False,0.0,False,-0.16032953105196457,False,False,False,False,False
AZE,Azerbaijan,2017,14.6,4147.1981423222,99.7900009155273,25.1,17.8,9854033.0,90.2983404004094,True,4.0,False,0.0,False,0.0,False,0.0,False,-0.15658602150537634,False,False,False,False,False
AZE,Azerbaijan,2018,14.0,4739.7943123408,99.7900009155273,23.8,17.8,9939771.0,91.6909287439115,True,5.0,False,0.0,False,0.0,True,1.0,False,-0.15302491103202848,False,False,False,False,False
AZE,Azerbaijan,2019,14.1,4805.75371765917,99.8000030517578,22.7,17.8,10024283.0,93.0865984611418,True,6.0,False,0.0,False,0.0,False,0.0,False,-0.1459744168547781,False,False,False,False,False
AZE,Azerbaijan,2020,12.5,4229.91064904503,99.8000030517578,21.5,17.8,10093121.0,94.4852164889199,True,7.0,False,0.0,False,0.0,True,1.0,False,-0.1468253968253968,False,False,False,False,False
AZE,Azerbaijan,2021,11.1,5408.04535175023,99.8000030517578,20.5,17.8,10137750.0,95.8663117734363,True,8.0,False,0.0,False,0.0,True,2.0,False,-0.14297658862876247,False,False,False,False,False
AZE,Azerbaijan,2022,12.1,7770.594223351,99.8000030517578,19.6,17.8,10141756.0,96.9106527966691,True,9.0,False,0.0,False,0.0,True,3.0,False,-0.13732394366197173,False,False,False,False,False
AZE,Azerbaijan,2023,11.1,7133.02838048328,99.7799987792969,18.7,6.6,10153958.0,97.9482163589564,False,0.0,False,0.0,False,0.0,False,0.0,True,-0.13506012950971316,False,False,False,False,False
BDI,Burundi,2000,42.726,134.537861752389,59.2999992370605,152.4,64.0,6470194.0,45.8832028889367,False,0.0,False,0.0,False,0.0,False,0.0,False,0.0,False,False,False,False,False
BDI,Burundi,2001,43.035,132.159554541932,59.2999992370605,147.5,64.0,6634365.0,45.9762261657477,True,1.0,False,0.0,False,0.0,True,1.0,False,0.0,False,False,False,False,False
BDI,Burundi,2002,44.042,120.952308575468,59.2999992370605,142.3,64.0,6824132.0,46.0714530473161,True,2.0,False,0.0,False,0.0,True,2.0,False,0.0,False,False,False,False,False
BDI,Burundi,2003,44.528,111.406682804391,59.2999992370605,136.6,64.0,7043154.0,46.1690271798233,True,3.0,False,0.0,False,0.0,True,3.0,False,-0.0732700135685211,False,False,False,False,False
BDI,Burundi,2004,45.29,125.194965184533,59.2999992370605,130.4,64.0,7310656.0,46.0744530371063,True,4.0,False,0.0,False,0.0,True,4.0,False,-0.09882515549412567,False,False,False,False,False
BDI,Burundi,2005,46.154,147.234619294225,59.2999992370605,123.7,57.7,7587299.0,45.9780778470214,False,0.0,False,0.0,False,0.0,True,5.0,False,-0.1278905809362662,False,False,False,False,False
BDI,Burundi,2006,46.575,161.892755640319,59.2999992370605,116.6,57.7,7865547.0,45.8797490696037,True,1.0,False,0.0,False,0.0,True,6.0,False,-0.14327700220426157,False,False,False,False,False
BDI,Burundi,2007,46.726,166.162744906755,59.2999992370605,109.5,57.7,8161874.0,45.7793823625363,True,2.0,False,0.0,False,0.0,True,7.0,False,-0.15717364532019715,False,False,False,False,False
BDI,Burundi,2008,46.656,189.502074570768,48.0800018310547,102.6,57.7,8505637.0,45.6767816936833,True,3.0,False,0.0,False,0.0,False,0.0,False,-0.16828793774319062,False,False,False,False,False
BDI,Burundi,2009,46.489,198.431524048225,48.0800018310547,96.1,57.7,8947646.0,45.5719158266356,True,4.0,False,0.0,False,0.0,True,1.0,False,-0.175531914893617,False,False,False,False,False
BDI,Burundi,2010,46.963,216.727705301976,48.0800018310547,90.2,57.6,9376444.0,45.4645083129414,False,0.0,False,0.0,False,0.0,True,2.0,False,-0.17775752051048313,False,False,False,False,False
BDI,Burundi,2011,45.978,230.069761381132,48.0800018310547,84.7,57.6,9717978.0,45.354450786345,True,1.0,False,0.0,False,0.0,True,3.0,False,-0.17766990291262133,False,False,False,False,False
BDI,Burundi,2012,44.758,231.098787811507,48.0800018310547,79.6,52.0,10071028.0,45.2416177840798,False,0.0,False,0.0,False,0.0,True,4.0,False,-0.17615400538190862,False,False,False,False,False
BDI,Burundi,2013,43.899,234.844770150871,48.0800018310547,74.9,52.0,10439341.0,45.125751746761,True,1.0,False,0.0,False,0.0,True,5.0,False,-0.17365401588702553,False,False,False,False,False
BDI,Burundi,2014,42.901,250.544492155185,61.2900009155273,70.6,52.0,10799785.0,45.0067757440714,True,2.0,False,0.0,False,0.0,False,0.0,False,-0.17038777908343128,False,False,False,False,False
BDI,Burundi,2015,42.257,254.402585226788,61.2900009155273,66.9,52.0,11047580.0,44.8844503584829,True,3.0,False,0.0,False,0.0,True,1.0,False,-0.16374999999999992,False,False,False,False,False
BDI,Burundi,2016,40.096,232.937812100153,65.6900024414062,63.7,55.9,11239451.0,44.7585847024572,False,0.0,False,0.0,False,0.0,False,0.0,False,-0.15449960180515,False,False,False,False,False
BDI,Burundi,2017,38.618,246.060725714184,68.379997253418,60.9,55.9,11506762.0,44.6289841238283,True,1.0,False,0.0,False,0.0,False,0.0,False,-0.14394152375597416,False,False,False,False,False
BDI,Burundi,2018,37.215,245.661678332009,68.379997253418,58.5,56.6,11859446.0,44.4954380894811,False,0.0,False,0.0,False,0.0,True,1.0,False,-0.13204747774480718,False,False,False,False,False
BDI,Burundi,2019,36.579,234.31061590725,68.379997253418,56.2,54.0,12255336.0,44.3577388229315,False,0.0,False,0.0,False,0.0,True,2.0,False,-0.12351840299438535,False,False,False,False,False
BDI,Burundi,2020,35.855,252.702452750006,71.3374789737041,54.3,50.9,12617036.0,44.4548070620661,False,0.0,False,0.0,False,0.0,False,0.0,False,-0.1133246244284783,False,False,False,False,False
BDI,Burundi,2021,35.06,264.172844085398,71.3374789737041,52.3,50.9,12965481.0,44.5545225988873,True,1.0,False,0.0,False,0.0,True,1.0,False,-0.10933242506811981,False,False,False,False,False
BDI,Burundi,2022,34.306,301.832255755105,71.3374789737041,50.3,55.8,13321097.0,44.6569603684061,False,0.0,False,0.0,False,0.0,True,2.0,False,-0.1087880935506733,False,False,False,False,False
BDI,Burundi,2023,33.667,249.795164039029,71.3374789737041,48.7,58.0,13689450.0,44.6456125902738,False,0.0,False,0.0,False,0.0,True,3.0,True,-0.10346097201767289,False,False,False,False,False
BEL,Belgium,2000,11.4,23098.8865077401,,5.9,,10251250.0,99.484629951934,False,,False,0.0,False,0.0,False,,False,0.0,False,False,False,False,True
BEL,Belgium,2001,11.2,23015.0712632462,,5.7,,10286570.0,99.4847964563623,False,,False,0.0,False,0.0,False,,False,0.0,False,False,False,False,True
BEL,Belgium,2002,10.9,25006.191397109,,5.5,,10332785.0,99.4849653278491,False,,False,0.0,False,0.0,False,,False,0.0,False,False,False,False,True
BEL,Belgium,2003,11.0,30655.2092679024,,5.3,,10376133.0,99.4851241629527,False,,False,0.0,False,0.0,False,,False,-0.0701754385964913,False,False,False,False,True
BEL,Belgium,2004,11.3,35429.4077933344,,5.2,,10421137.0,99.4852911508851,False,,False,0.0,False,0.0,False,,False,-0.07142857142857134,False,False,False,False,True
BEL,Belgium,2005,11.4,36809.7013403619,,5.0,,10478617.0,99.4854588007365,False,,False,0.0,False,0.0,False,,False,-0.09420289855072471,False,False,False,False,True
BEL,Belgium,2006,11.6,38705.1067959147,,4.9,,10547958.0,99.4856201119658,False,,False,0.0,False,0.0,False,,False,-0.08239700374531841,False,False,False,False,True
BEL,Belgium,2007,11.7,44319.165448813,,4.8,,10625700.0,99.4857808585944,False,,False,0.0,False,0.0,False,,False,-0.07335907335907334,False,False,False,False,True
BEL,Belgium,2008,11.9,48303.397956286,,4.7,,10709973.0,99.4859416700664,False,,False,0.0,False,0.0,False,,False,-0.06746031746031743,False,False,False,False,True
BEL,Belgium,2009,11.8,44923.3400135081,,4.6,,10796493.0,99.4861064041689,False,,False,0.0,False,0.0,False,,False,-0.06504065040650413,False,False,False,False,True
BEL,Belgium,2010,11.9,44197.393671162,,4.5,,10895586.0,99.4861236387516,False,,False,0.0,False,0.0,False,,False,-0.062499999999999965,False,False,False,False,True
BEL,Belgium,2011,11.7,47760.8298776546,,4.4,,11038264.0,99.4861332173528,False,,False,0.0,False,0.0,False,,False,-0.0638297872340425,False,False,False,False,True
BEL,Belgium,2012,11.5,44874.1709182123,,4.3,,11106932.0,99.4861435479371,False,,False,0.0,False,0.0,False,,False,-0.0652173913043478,False,False,False,False,True
BEL,Belgium,2013,11.3,46964.5946777056,,4.2,,11159407.0,99.4861501236866,False,,False,0.0,False,0.0,False,,False,-0.06666666666666662,False,False,False,False,True
BEL,Belgium,2014,11.2,47995.7786961339,,4.1,1.6,11209057.0,99.4861618443076,False,0.0,False,0.0,False,0.0,False,,False,-0.06818181818181834,False,False,False,False,True
BEL,Belgium,2015,10.8,40893.804537772,,4.1,1.6,11274196.0,99.4861641764678,True,1.0,False,0.0,False,0.0,False,,False,-0.046511627906976785,False,False,False,False,True
BEL,Belgium,2016,10.8,41854.5498296444,,4.1,1.6,11331422.0,99.4861721928964,True,2.0,False,0.0,False,0.0,False,,False,-0.028436018957345998,False,False,False,False,True
BEL,Belgium,2017,10.5,44035.3239358548,,4.0,1.6,11375158.0,99.4861854185217,True,3.0,False,0.0,False,0.0,False,,False,-0.03846153846153849,False,False,False,False,True
BEL,Belgium,2018,10.4,47487.2100392561,,4.0,1.6,11427054.0,99.4861848733706,True,4.0,False,0.0,False,0.0,False,,False,-0.02439024390243894,False,False,False,False,True
BEL,Belgium,2019,10.2,46716.6227467964,,3.9,1.6,11488980.0,99.4861954289203,True,5.0,False,0.0,False,0.0,False,,False,-0.03940886699507403,False,False,False,False,True
BEL,Belgium,2020,9.9,45906.2875805246,,3.9,1.6,11538604.0,99.4862025266725,True,6.0,False,0.0,False,0.0,False,,False,-0.029850746268656636,False,False,False,False,True
BEL,Belgium,2021,10.2,51658.238294958,,3.8,1.6,11586195.0,99.486206436114,True,7.0,False,0.0,False,0.0,False,,False,-0.045226130653266264,False,False,False,False,True
BEL,Belgium,2022,9.8,50639.0264882739,,3.8,1.6,11680210.0,99.4862152277247,True,8.0,False,0.0,False,0.0,False,,False,-0.030612244897959103,False,False,False,False,True
BEL,Belgium,2023,9.4,55244.68145811,,3.7,1.9,11779946.0,99.4862165648512,False,0.0,False,0.0,False,0.0,False,,True,-0.04639175257731951,False,False,False,False,True
BEN,Benin,2000,42.079,487.424141384242,,135.0,,7221619.0,8.52812393636387,False,,False,0.0,False,0.0,False,,False,0.0,False,False,False,False,False
BEN,Benin,2001,41.695,492.401499509072,,131.7,36.2,7445596.0,8.93975126867492,False,0.0,False,0.0,False,0.0,False,,False,0.0,False,False,False,False,False
BEN,Benin,2002,41.48,546.463829658159,34.6599998474121,128.5,36.2,7675426.0,9.37391256843619,True,1.0,False,0.0,False,0.0,False,0.0,False,0.0,False,False,False,False,False
BEN,Benin,2003,41.475,676.002878084282,34.6599998474121,125.4,36.2,7913070.0,9.83877331929082,True,2.0,False,0.0,False,0.0,True,1.0,False,-0.04807692307692294,False,False,False,False,False
BEN,Benin,2004,41.329,758.695803786371,34.6599998474121,122.5,36.2,8159094.0,10.3155921363995,True,3.0,False,0.0,False,0.0,True,2.0,False,-0.058778332693046526,False,False,False,False,False
BEN,Benin,2005,41.087,779.437777753268,34.6599998474121,119.7,36.2,8426144.0,10.8039533008181,True,4.0,False,0.0,False,0.0,True,3.0,False,-0.06935157829264502,False,False,False,False,False
BEN,Benin,2006,41.341,809.147072506221,34.6599998474121,117.0,36.2,8693242.0,11.3039620341641,True,5.0,False,0.0,False,0.0,True,4.0,False,-0.06817457789104801,False,False,False,False,False
BEN,Benin,2007,40.961,912.338247188342,34.6599998474121,114.4,36.2,8953969.0,11.8157291558234,True,6.0,False,0.0,False,0.0,True,5.0,False,-0.06703637253302885,False,False,False,False,False
BEN,Benin,2008,40.371,1060.60254502099,34.6599998474121,112.0,37.4,9228466.0,12.3390077692944,False,0.0,False,0.0,False,0.0,True,6.0,False,-0.06510851419031717,False,False,False,False,False
BEN,Benin,2009,39.982,1024.10277858112,34.6599998474121,109.7,37.4,9509423.0,12.8733600744969,True,1.0,False,0.0,False,0.0,True,7.0,False,-0.06335382513661203,False,False,False,False,False
BEN,Benin,2010,39.77,973.244254931526,34.6599998474121,107.4,37.4,9797484.0,13.4190757934874,True,2.0,False,0.0,False,0.0,True,8.0,False,-0.06250000000000008,False,False,False,False,False
BEN,Benin,2011,39.691,1059.41358852588,44.6881229256471,105.1,37.4,10093623.0,13.9760843860142,True,3.0,False,0.0,False,0.0,False,0.0,False,-0.0624442462087422,False,False,False,False,False
BEN,Benin,2012,39.706,1071.5258366283,44.6881229256471,102.9,37.4,10397657.0,14.5443123134086,True,4.0,False,0.0,False,0.0,True,1.0,False,-0.06215822092599338,False,False,False,False,False
BEN,Benin,2013,39.582,1168.92699279226,45.0800018310547,100.6,37.4,10708834.0,15.1233051054282,True,5.0,False,0.0,False,0.0,False,0.0,False,-0.06348910817352454,False,False,False,False,False
BEN,Benin,2014,39.342,1204.39918670094,45.0800018310547,98.4,34.0,11030004.0,15.7143302277075,False,0.0,False,0.0,False,0.0,True,1.0,False,-0.06410500285333848,False,False,False,False,False
BEN,Benin,2015,38.996,1002.41886879614,45.0800018310547,96.1,34.0,11360681.0,16.3169481534553,True,1.0,False,0.0,False,0.0,True,2.0,False,-0.06590202177293936,False,False,False,False,False
BEN,Benin,2016,38.554,1010.5338961993,45.0800018310547,94.0,34.0,11697842.0,16.9310972411709,True,2.0,False,0.0,False,0.0,True,3.0,False,-0.06579208904790304,False,False,False,False,False
BEN,Benin,2017,37.84,1054.97408066814,38.8699989318848,91.8,34.0,12039780.0,17.5567124078682,True,3.0,False,0.0,False,0.0,False,0.0,False,-0.0670731707317074,False,False,False,False,False
BEN,Benin,2018,36.955,1151.7409703472,38.8699989318848,89.4,32.2,12383347.0,18.1937303852969,False,0.0,False,0.0,False,0.0,True,1.0,False,-0.0704928259513411,False,False,False,False,False
BEN,Benin,2019,36.036,1130.82135339795,49.0,87.0,32.2,12726755.0,18.8420840944928,True,1.0,False,0.0,False,0.0,False,0.0,False,-0.07387694272940172,False,False,False,False,False
BEN,Benin,2020,35.331,1200.19426557789,49.0,84.6,32.2,13070169.0,19.501704357901,True,2.0,False,0.0,False,0.0,True,1.0,False,-0.07702378354789442,False,False,False,False,False
BEN,Benin,2021,34.779,1318.65158075198,43.8300018310547,82.2,34.1,13413417.0,20.1721169387367,False,0.0,False,0.0,False,0.0,False,0.0,False,-0.08012533572068035,False,False,False,False,False
BEN,Benin,2022,34.35,1266.42711031904,51.3800010681152,79.6,34.1,13759501.0,20.853650768615,True,1.0,False,0.0,False,0.0,False,0.0,False,-0.08505747126436788,False,False,False,False,False
BEN,Benin,2023,33.879,1394.17784721831,51.3800010681152,77.2,34.1,14111034.0,21.5460291941212,True,2.0,False,0.0,False,0.0,True,1.0,True,-0.08703878902554399,False,False,False,False,False
BFA,Burkina Faso,2000,45.239,248.908526921752,,176.0,,11925546.0,8.8416258208353,False,,False,0.0,False,0.0,False,,False,0.0,False,False,False,False,False
BFA,Burkina Faso,2001,44.907,259.485223380436,,171.9,,12295001.0,9.13087025476494,False,,False,0.0,False,0.0,False,,False,0.0,False,False,False,False,False
BFA,Burkina Faso,2002,44.483,285.654087637533,,167.3,,12680897.0,10.0598427351821,False,,False,0.0,False,0.0,False,,False,0.0,False,False,False,False,False
BFA,Burkina Faso,2003,44.491,362.373899996953,21.8199996948242,162.3,,13082532.0,11.0080883489168,False,,False,0.0,False,0.0,False,0.0,False,-0.0549301242236025,False,False,False,False,False
BFA,Burkina Faso,2004,44.124,403.81283743461,21.8199996948242,156.8,,13500533.0,11.9759949734472,False,,False,0.0,False,0.0,True,1.0,False,-0.07424354243542429,False,False,False,False,False
BFA,Burkina Faso,2005,44.058,441.164148016012,23.5200004577637,150.8,,13932123.0,12.9610876994314,False,,False,0.0,False,0.0,False,0.0,False,-0.09624835191178234,False,False,False,False,False
BFA,Burkina Faso,2006,44.381,455.513655620024,22.4699993133545,144.4,,14373707.0,13.9636797865369,False,,False,0.0,False,0.0,False,0.0,False,-0.10765047583735007,False,False,False,False,False
BFA,Burkina Faso,2007,44.191,514.684451177238,27.8799991607666,138.1,,14816307.0,14.9188541884319,False,,False,0.0,False,0.0,False,0.0,False,-0.11655578300921203,False,False,False,False,False
BFA,Burkina Faso,2008,43.923,619.437533256264,27.8799991607666,132.1,,15258093.0,15.8385590424802,False,,False,0.0,False,0.0,True,1.0,False,-0.12214247740563527,False,False,False,False,False
BFA,Burkina Faso,2009,43.511,601.569520671859,27.8799991607666,126.5,35.1,15710066.0,16.7713190117343,False,0.0,False,0.0,False,0.0,True,2.0,False,-0.12420382165605094,False,False,False,False,False
BFA,Burkina Faso,2010,43.2,624.957252224766,27.8799991607666,121.3,34.9,16176498.0,17.717348101652,False,0.0,False,0.0,False,0.0,True,3.0,False,-0.12342824107529989,False,False,False,False,False
BFA,Burkina Faso,2011,42.76,725.024767725475,27.8799991607666,116.6,34.6,16661908.0,18.6760821491649,False,0.0,False,0.0,False,0.0,True,4.0,False,-0.11986714975845408,False,False,False,False,False
BFA,Burkina Faso,2012,42.28,731.470138867833,27.8799991607666,112.3,32.8,17172287.0,19.6465931645733,False,0.0,False,0.0,False,0.0,True,5.0,False,-0.11519067128900098,False,False,False,False,False
BFA,Burkina Faso,2013,41.703,759.762065168498,27.8799991607666,108.2,31.3,17695409.0,20.6283173579476,False,0.0,False,0.0,False,0.0,True,6.0,False,-0.11136662286465168,False,False,False,False,False
BFA,Burkina Faso,2014,40.862,764.861675106225,34.5999984741211,104.3,29.0,18229461.0,21.6210077487698,False,0.0,False,0.0,False,0.0,False,0.0,False,-0.10839459736707124,False,False,False,False,False
BFA,Burkina Faso,2015,40.043,630.124750752312,34.5999984741211,100.8,30.1,18777487.0,22.623723352134,False,0.0,False,0.0,False,0.0,True,1.0,False,-0.1043184645459393,False,False,False,False,False
BFA,Burkina Faso,2016,38.925,663.742364842886,34.5999984741211,97.4,26.8,19334856.0,23.6358671659231,False,0.0,False,0.0,False,0.0,True,2.0,False,-0.10180745112504593,False,False,False,False,False
BFA,Burkina Faso,2017,37.727,709.091535894695,34.5999984741211,94.1,21.1,19894407.0,24.6558918981723,False,0.0,False,0.0,False,0.0,True,3.0,False,-0.10038240917782028,False,False,False,False,False
BFA,Burkina Faso,2018,36.006,777.465618514048,39.3499984741211,91.0,24.9,20438288.0,25.6835548762607,False,0.0,False,0.0,False,0.0,False,0.0,False,-0.09865293185419975,False,False,False,False,False
BFA,Burkina Faso,2019,34.325,764.853077774946,29.6599998474121,88.1,23.8,20961952.0,26.7185691114763,False,0.0,False,0.0,False,0.0,False,0.0,False,-0.09659557013945873,False,False,False,False,False
BFA,Burkina Faso,2020,32.738,825.237038782475,29.6599998474121,85.1,17.5,21478690.0,27.7597483878875,False,0.0,False,0.0,False,0.0,True,1.0,False,-0.09736953754773024,False,False,False,False,False
BFA,Burkina Faso,2021,32.416,895.535288442991,36.9700012207031,82.4,21.1,21995243.0,28.8068022658045,False,0.0,False,0.0,False,0.0,False,0.0,False,-0.09589642308536311,False,False,False,False,False
BFA,Burkina Faso,2022,32.043,827.330843486661,40.9199981689453,79.8,21.1,22509038.0,29.8585926182987,True,1.0,False,0.0,False,0.0,False,0.0,False,-0.09462219196732474,False,False,False,False,False
BFA,Burkina Faso,2023,31.643,873.198061670247,41.5670909952631,77.4,21.1,23025776.0,30.9150753845811,True,2.0,False,0.0,False,0.0,False,0.0,True,-0.09240150093808625,False,False,False,False,False
BGD,Bangladesh,2000,29.589,396.670730249751,,85.5,51.1,134544304.0,23.694677075884,False,0.0,False,0.0,False,0.0,False,,False,0.0,False,False,False,False,False
BGD,Bangladesh,2001,29.174,394.65641001891,47.4900016784668,80.2,53.2,136805810.0,25.1767692981385,False,0.0,False,0.0,False,0.0,False,0.0,False,0.0,False,False,False,False,False
BGD,Bangladesh,2002,28.526,393.886422327628,47.4900016784668,75.3,51.4,138933658.0,26.6816894127761,False,0.0,False,0.0,False,0.0,True,1.0,False,0.0,False,False,False,False,False
BGD,Bangladesh,2003,27.745,426.74880754362,47.4900016784668,70.8,47.8,140970351.0,28.1772949701868,False,0.0,False,0.0,False,0.0,True,2.0,False,-0.11867219917012446,False,False,False,False,False
BGD,Bangladesh,2004,26.994,455.614016909798,47.4900016784668,66.8,50.5,142902856.0,29.6630423579707,False,0.0,False,0.0,False,0.0,True,3.0,False,-0.1430404105195639,False,False,False,False,False
BGD,Bangladesh,2005,26.055,480.08585075452,47.4900016784668,63.0,46.2,144715786.0,31.4358349503108,False,0.0,False,0.0,False,0.0,True,4.0,False,-0.16798732171156894,False,False,False,False,False
BGD,Bangladesh,2006,25.252,490.388026533289,47.4900016784668,59.6,45.1,146405973.0,33.2264398318266,False,0.0,False,0.0,False,0.0,True,5.0,False,-0.16315641673687165,False,False,False,False,False
BGD,Bangladesh,2007,24.526,537.955492792911,47.4900016784668,56.5,43.2,147989278.0,35.0339772895148,False,0.0,False,0.0,False,0.0,True,6.0,False,-0.15797317436661693,False,False,False,False,False
BGD,Bangladesh,2008,23.685,613.06204104124,47.4900016784668,53.6,43.2,149474264.0,36.8575848438424,True,1.0,False,0.0,False,0.0,True,7.0,False,-0.15377328702241863,False,False,False,False,False
BGD,Bangladesh,2009,22.829,679.211477428056,47.4900016784668,51.1,43.2,150873714.0,38.6964226448975,True,2.0,False,0.0,False,0.0,True,8.0,False,-0.1469115191986644,False,False,False,False,False
BGD,Bangladesh,2010,21.874,757.385280361508,47.4900016784668,48.7,43.2,152201981.0,40.550092213975,True,3.0,False,0.0,False,0.0,True,9.0,False,-0.14200140944326994,False,False,False,False,False
BGD,Bangladesh,2011,21.114,837.336944695647,58.7700004577637,46.5,41.3,153591076.0,42.417588032588,False,0.0,False,0.0,False,0.0,False,0.0,False,-0.13729128014842298,False,False,False,False,False
BGD,Bangladesh,2012,20.709,859.680536375497,57.8600006103516,44.4,37.0,155070101.0,44.2975869340688,False,0.0,False,0.0,False,0.0,False,0.0,False,-0.13416536661466474,False,False,False,False,False
BGD,Bangladesh,2013,20.55,958.262989798283,61.0200004577637,42.4,42.0,156532141.0,46.1890615570129,False,0.0,False,0.0,False,0.0,False,0.0,False,-0.1322144903806795,False,False,False,False,False
BGD,Bangladesh,2014,20.298,1094.46199702838,61.0900001525879,40.5,36.2,157964929.0,48.091854377096,False,0.0,False,0.0,False,0.0,False,0.0,False,-0.13127413127413123,False,False,False,False,False
BGD,Bangladesh,2015,20.254,1224.38647668165,65.1399993896484,38.5,35.0,159383179.0,50.0050245547683,False,0.0,False,0.0,False,0.0,False,0.0,False,-0.1348314606741573,False,False,False,False,False
BGD,Bangladesh,2016,20.226,1649.28380858601,72.7600021362305,36.7,35.0,160811932.0,51.9283001377065,True,1.0,False,0.0,False,0.0,False,0.0,False,-0.13565708902496462,False,False,False,False,False
BGD,Bangladesh,2017,19.991,1811.08221668646,72.8899993896484,35.0,35.0,162186147.0,53.861024982081,True,2.0,False,0.0,False,0.0,False,0.0,False,-0.13580246913580246,False,False,False,False,False
BGD,Bangladesh,2018,20.069,1965.24372731467,73.9100036621094,33.5,30.9,163523103.0,55.8026895798661,False,0.0,False,0.0,False,0.0,False,0.0,False,-0.1325737959606421,False,False,False,False,False
BGD,Bangladesh,2019,20.131,2129.79896954606,74.6800003051758,32.3,28.0,164913055.0,57.7528738554199,False,0.0,False,0.0,False,0.0,False,0.0,False,-0.12323561346362648,False,False,False,False,False
BGD,Bangladesh,2020,20.289,2248.85078828233,74.9100036621094,31.4,28.0,166298024.0,59.7111659386902,True,1.0,False,0.0,False,0.0,False,0.0,False,-0.10795454545454557,False,False,False,False,False
BGD,Bangladesh,2021,20.414,2482.84917843357,76.3600006103516,30.9,28.0,167658854.0,61.6770898454809,True,2.0,False,0.0,False,0.0,False,0.0,False,-0.08525754884547057,False,False,False,False,False
BGD,Bangladesh,2022,20.583,2716.48592780431,79.0,30.7,23.6,169384897.0,63.6502711298232,False,0.0,False,0.0,False,0.0,False,0.0,False,-0.058859595340281984,False,False,False,False,False
BGD,Bangladesh,2023,20.353,2551.01773827307,79.0,30.6,23.6,171466990.0,65.6304136319171,True,1.0,False,0.0,False,0.0,True,1.0,True,-0.03652392947103275,False,False,False,False,False
BGR,Bulgaria,2000,9.0,1621.3452487867,,17.5,,8170172.0,85.8270758424306,False,,False,0.0,False,0.0,False,,False,0.0,False,False,False,False,False
BGR,Bulgaria,2001,8.5,1770.99748249575,98.1999969482422,16.7,,8009142.0,85.8352608493331,False,,False,0.0,False,0.0,False,0.0,False,0.0,False,False,False,False,False
BGR,Bulgaria,2002,8.5,2093.08967660564,98.1999969482422,16.0,,7837161.0,85.8462388142112,False,,False,0.0,False,0.0,True,1.0,False,0.0,False,False,False,False,False
BGR,Bulgaria,2003,8.7,2719.63335037372,98.1999969482422,15.1,,7775327.0,85.8571204076455,False,,False,0.0,False,0.0,True,2.0,False,-0.09760956175298811,False,False,False,False,False
BGR,Bulgaria,2004,9.1,3389.86047992391,98.1999969482422,14.2,8.8,7716860.0,85.8679758462279,False,0.0,False,0.0,False,0.0,True,3.0,False,-0.13016845329249618,False,False,False,False,False
BGR,Bulgaria,2005,9.3,3900.02501966492,98.1999969482422,13.3,8.8,7658972.0,85.8787353292987,True,1.0,False,0.0,False,0.0,True,4.0,False,-0.16352201257861632,False,False,False,False,False
BGR,Bulgaria,2006,9.7,4523.37797301782,98.1999969482422,12.5,8.8,7601022.0,85.8894058121124,True,2.0,False,0.0,False,0.0,True,5.0,False,-0.16998671978751653,False,False,False,False,False
BGR,Bulgaria,2007,10.0,5888.87094585161,98.1999969482422,11.9,9.2,7545338.0,85.9000132510858,False,0.0,False,0.0,False,0.0,True,6.0,False,-0.16315049226441622,False,False,False,False,False
BGR,Bulgaria,2008,10.4,7271.67443724077,98.1999969482422,11.4,9.2,7492561.0,85.9105606214377,True,1.0,False,0.0,False,0.0,True,7.0,False,-0.14925373134328357,False,False,False,False,False
BGR,Bulgaria,2009,10.9,6988.63048446496,98.1999969482422,11.1,9.2,7444443.0,85.921008483856,True,2.0,False,0.0,False,0.0,True,8.0,False,-0.12322274881516591,False,False,False,False,False
BGR,Bulgaria,2010,10.2,6854.2987837778,98.1999969482422,10.9,9.2,7395599.0,85.9314028069197,True,3.0,False,0.0,False,0.0,True,9.0,False,-0.09468438538205984,False,False,False,False,False
BGR,Bulgaria,2011,9.6,7849.98219737366,98.3499984741211,10.4,9.2,7348328.0,85.9417067262651,True,4.0,False,0.0,False,0.0,False,0.0,False,-0.10034602076124569,False,False,False,False,False
BGR,Bulgaria,2012,9.5,7432.33753378983,98.3499984741211,9.9,9.2,7305888.0,85.9520368037234,True,5.0,False,0.0,False,0.0,True,1.0,False,-0.11131059245960503,False,False,False,False,False
BGR,Bulgaria,2013,9.3,7796.37945241455,98.3499984741211,9.3,9.2,7160005.0,85.9623980621807,True,6.0,False,0.0,False,0.0,True,2.0,False,-0.1340782122905026,False,False,False,False,False
BGR,Bulgaria,2014,9.6,8070.01289303544,98.3499984741211,8.7,7.0,7073572.0,85.9727585294745,False,0.0,False,0.0,False,0.0,True,3.0,False,-0.1569767441860466,False,False,False,False,False
BGR,Bulgaria,2015,9.4,7269.02586513711,98.3499984741211,8.2,7.0,6984225.0,85.9831554868043,True,1.0,False,0.0,False,0.0,True,4.0,False,-0.16666666666666674,False,False,False,False,False
BGR,Bulgaria,2016,9.4,7822.89886431732,98.3499984741211,7.7,7.0,6894139.0,85.9935449985972,True,2.0,False,0.0,False,0.0,True,5.0,False,-0.1720430107526882,False,False,False,False,False
BGR,Bulgaria,2017,9.4,8697.13373333715,98.3499984741211,7.3,7.0,6803468.0,86.0039712709355,True,3.0,False,0.0,False,0.0,True,6.0,False,-0.16666666666666666,False,False,False,False,False
BGR,Bulgaria,2018,9.3,9849.88769989118,98.3499984741211,7.0,7.0,6710798.0,86.0143608416048,True,4.0,False,0.0,False,0.0,True,7.0,False,-0.1504854368932039,False,False,False,False,False
BGR,Bulgaria,2019,9.3,10354.2500414088,98.3499984741211,6.7,7.0,6616726.0,86.0247532488828,True,5.0,False,0.0,False,0.0,True,8.0,False,-0.13881748071979425,False,False,False,False,False
BGR,Bulgaria,2020,9.0,10760.7616180234,98.3499984741211,6.5,7.0,6550696.0,86.0351484540034,True,6.0,False,0.0,False,0.0,True,9.0,False,-0.1192411924119241,False,False,False,False,False
BGR,Bulgaria,2021,9.0,12966.8085197381,98.3499984741211,6.3,7.0,6507301.0,86.0455390086067,True,7.0,False,0.0,False,0.0,True,10.0,False,-0.10511363636363628,False,False,False,False,False
BGR,Bulgaria,2022,8.8,13999.9113358453,98.3499984741211,6.1,7.0,6465097.0,86.0559026317979,True,8.0,False,0.0,False,0.0,True,11.0,False,-0.09763313609467458,False,False,False,False,False
BGR,Bulgaria,2023,8.9,15854.0192893772,98.3499984741211,5.9,7.0,6446596.0,86.0662621462475,True,9.0,False,0.0,False,0.0,True,12.0,True,-0.0950920245398773,False,False,False,False,False
BHR,Bahrain,2000,20.431,14214.4836839343,,12.5,,637582.0,99.9393894019496,False,,False,0.0,False,0.0,False,,False,0.0,False,True,False,False,False
BHR,Bahrain,2001,19.082,13573.2339887597,86.5500030517578,12.0,,661316.0,99.9434088778498,False,,False,0.0,False,0.0,False,0.0,False,0.0,False,True,False,False,False
BHR,Bahrain,2002,19.147,13501.4708801425,86.5500030517578,11.6,,710553.0,99.9474283537501,False,,False,0.0,False,0.0,True,1.0,False,0.0,False,True,False,False,False
BHR,Bahrain,2003,19.692,14486.0269029822,86.5500030517578,11.3,,764517.0,99.9514478296503,False,,False,0.0,False,0.0,True,2.0,False,-0.06094182825484758,False,True,False,False,False
BHR,Bahrain,2004,19.86,15963.9493171617,86.5500030517578,11.0,,823741.0,99.9554673055506,False,,False,0.0,False,0.0,True,3.0,False,-0.07172995780590714,False,True,False,False,False
BHR,Bahrain,2005,19.354,17966.1657837625,86.5500030517578,10.6,,888822.0,99.9594867814508,False,,False,0.0,False,0.0,True,4.0,False,-0.09246575342465754,False,True,False,False,False
BHR,Bahrain,2006,18.079,19267.282615072,86.5500030517578,10.3,,960424.0,99.9635062573511,False,,False,0.0,False,0.0,True,5.0,False,-0.08849557522123894,False,True,False,False,False
BHR,Bahrain,2007,16.962,20908.4042548073,86.5500030517578,9.8,,1039295.0,99.9675257332513,False,,False,0.0,False,0.0,True,6.0,False,-0.10583941605839402,False,True,False,False,False
BHR,Bahrain,2008,16.186,23299.4992780392,86.5500030517578,9.4,,1103496.0,99.9715452091516,False,,False,0.0,False,0.0,True,7.0,False,-0.11320754716981125,False,True,False,False,False
BHR,Bahrain,2009,15.462,19465.3140745038,86.5500030517578,9.0,,1178415.0,99.9755646850518,False,,False,0.0,False,0.0,True,8.0,False,-0.11937377690802353,False,True,False,False,False
BHR,Bahrain,2010,15.486,21819.3291098099,86.5500030517578,8.6,,1228543.0,99.9795841609521,False,,False,0.0,False,0.0,True,9.0,False,-0.1242362525458249,False,True,False,False,False
BHR,Bahrain,2011,15.441,25032.7867743333,86.5500030517578,8.3,,1195020.0,99.9836036368523,False,,False,0.0,False,0.0,True,10.0,False,-0.11889596602972391,False,True,False,False,False
BHR,Bahrain,2012,15.438,26438.6733230428,86.5500030517578,8.1,,1208964.0,99.9876231127526,False,,False,0.0,False,0.0,True,11.0,False,-0.10199556541019955,False,True,False,False,False
BHR,Bahrain,2013,15.585,26989.7601148469,86.5500030517578,7.9,,1253191.0,99.9916425886528,False,,False,0.0,False,0.0,True,12.0,False,-0.08986175115207366,False,True,False,False,False
BHR,Bahrain,2014,15.625,26451.7965647453,86.5500030517578,7.8,,1314562.0,99.9956620645531,False,,False,0.0,False,0.0,True,13.0,False,-0.06921241050119342,False,True,False,False,False
BHR,Bahrain,2015,15.36,23734.0551143019,86.5500030517578,7.7,,1370322.0,99.9996815404533,False,,False,0.0,False,0.0,True,14.0,False,-0.0540540540540541,False,True,False,False,False
BHR,Bahrain,2016,14.623,23800.001440631,86.5500030517578,7.6,,1423726.0,100.0,False,,False,0.0,False,0.0,True,15.0,False,-0.045226130653266264,False,True,False,False,False
BHR,Bahrain,2017,14.071,24784.7693514607,86.5500030517578,7.7,,1501116.0,100.0,False,,False,0.0,False,0.0,True,16.0,False,-0.015345268542199501,False,True,False,False,False
BHR,Bahrain,2018,13.641,26324.4066549559,86.5500030517578,7.7,,1503091.0,100.0,False,,False,0.0,False,0.0,True,17.0,False,-0.005167958656330639,False,True,False,False,False
BHR,Bahrain,2019,13.318,27259.7438599327,86.5500030517578,7.8,,1483756.0,100.0,False,,False,0.0,False,0.0,True,18.0,False,0.012987012987012941,False,True,False,False,False
BHR,Bahrain,2020,12.813,24342.8444554718,86.5500030517578,8.0,,1472204.0,100.0,False,,False,0.0,False,0.0,True,19.0,False,0.03896103896103894,False,True,False,False,False
BHR,Bahrain,2021,13.042,27147.8083882286,86.5500030517578,8.2,,1504365.0,100.0,False,,False,0.0,False,0.0,True,20.0,False,0.05670103092783499,False,True,False,False,False
BHR,Bahrain,2022,13.282,30470.5219276023,97.870002746582,8.4,,1524693.0,100.0,False,,False,0.0,False,0.0,False,0.0,False,0.0659898477157361,False,True,False,False,False
BHR,Bahrain,2023,12.46,29290.1284215098,97.8499984741211,8.6,,1577059.0,100.0,False,,False,0.0,False,0.0,False,0.0,True,0.07231920199501247,False,True,False,False,False
BHS,"Bahamas, The",2000,17.254,24940.0775086078,,16.2,,323835.0,92.9767147467029,False,,False,0.0,False,0.0,False,,False,0.0,False,True,False,False,True
BHS,"Bahamas, The",2001,16.787,25371.9237667614,,16.3,,327836.0,92.9788412178291,False,,False,0.0,False,0.0,False,,False,0.0,False,True,False,False,True
BHS,"Bahamas, The",2002,16.299,26781.6195938652,,16.5,,331614.0,92.9792508409001,False,,False,0.0,False,0.0,False,,False,0.0,False,True,False,False,True
BHS,"Bahamas, The",2003,16.024,26429.1247787663,,16.7,,335618.0,92.9779436159161,False,,False,0.0,False,0.0,False,,False,0.022448979591836764,False,True,False,False,True
BHS,"Bahamas, The",2004,15.967,26650.2934234303,,16.8,,339782.0,92.974919542877,False,,False,0.0,False,0.0,False,,False,0.0228310502283105,False,True,False,False,True
BHS,"Bahamas, The",2005,16.086,28602.4181869995,,16.9,,343894.0,92.9701786217826,False,,False,0.0,False,0.0,False,,False,0.024242424242424156,False,True,False,False,True
BHS,"Bahamas, The",2006,16.028,29184.7865087908,,16.8,,348375.0,92.9637208526333,False,,False,0.0,False,0.0,False,,False,0.00961538461538484,False,True,False,False,True
BHS,"Bahamas, The",2007,16.125,30051.8489587756,,16.5,,353334.0,92.9555462354289,False,,False,0.0,False,0.0,False,,False,-0.014336917562724132,False,True,False,False,True
BHS,"Bahamas, The",2008,15.831,29392.3824416397,,16.2,,358120.0,92.9456547701693,False,,False,0.0,False,0.0,False,,False,-0.03225806451612919,False,True,False,False,True
BHS,"Bahamas, The",2009,15.918,27512.9130950084,,15.8,,362810.0,92.9340464568545,False,,False,0.0,False,0.0,False,,False,-0.05048076923076902,False,True,False,False,True
BHS,"Bahamas, The",2010,14.565,27473.100430502,,15.4,,367478.0,92.9207212954847,False,,False,0.0,False,0.0,False,,False,-0.06326034063260345,False,True,False,False,True
BHS,"Bahamas, The",2011,14.273,27090.8376801379,,15.1,,371729.0,92.9056792860598,False,,False,0.0,False,0.0,False,,False,-0.06443618339529125,False,True,False,False,True
BHS,"Bahamas, The",2012,14.075,28552.0242683151,,14.7,,375469.0,92.8889204285797,False,,False,0.0,False,0.0,False,,False,-0.06962025316455706,False,True,False,False,True
BHS,"Bahamas, The",2013,13.902,27642.7419759179,,14.4,,378953.0,93.1626284658143,False,,False,0.0,False,0.0,False,,False,-0.06735751295336771,False,True,False,False,True
BHS,"Bahamas, The",2014,13.503,29137.2175632622,,14.2,,382298.0,93.436336503049,False,,False,0.0,False,0.0,False,,False,-0.058355437665782654,False,True,False,False,True
BHS,"Bahamas, The",2015,12.607,30719.405417469,,14.0,,385346.0,93.7100445402837,False,,False,0.0,False,0.0,False,,False,-0.05149051490514904,False,True,False,False,True
BHS,"Bahamas, The",2016,11.983,30616.5363157284,,13.8,,388055.0,93.7100445402837,False,,False,0.0,False,0.0,False,,False,-0.04696132596685069,False,True,False,False,True
BHS,"Bahamas, The",2017,11.421,31875.4881749619,,13.7,,390485.0,93.7100445402837,False,,False,0.0,False,0.0,False,,False,-0.03656821378340387,False,True,False,False,True
BHS,"Bahamas, The",2018,11.263,32642.3353203452,,13.5,,392717.0,93.7100445402837,False,,False,0.0,False,0.0,False,,False,-0.03708987161198285,False,True,False,False,True
BHS,"Bahamas, The",2019,11.195,33640.3369861278,,24.3,,394675.0,93.7100445402837,False,,False,0.0,False,0.0,False,,False,0.7557803468208093,True,True,False,False,True
BHS,"Bahamas, The",2020,11.115,26178.7537607708,,13.3,,395863.0,93.7100445402837,False,,True,1.0,False,0.0,False,,False,-0.16141235813366953,True,True,False,False,True
BHS,"Bahamas, The",2021,11.023,30367.8605757708,,13.1,,396373.0,93.7100445402837,False,,True,2.0,False,0.0,False,,False,-0.16666666666666663,False,True,False,False,True
BHS,"Bahamas, The",2022,10.942,34957.1613279737,,12.9,,397538.0,93.7100445402837,False,,True,3.0,False,0.0,False,,False,-0.17201540436457002,False,True,False,False,True
BHS,"Bahamas, The",2023,10.852,38231.774484278,,12.7,,399440.0,93.7100445402837,False,,True,4.0,False,0.0,False,,True,-0.1763942931258106,False,True,False,False,True
BIH,Bosnia and Herzegovina,2000,10.231,1338.48059636261,96.6600036621094,9.5,12.1,4159771.0,95.0784435393171,False,0.0,False,0.0,False,0.0,False,0.0,False,0.0,False,False,False,False,False
BIH,Bosnia and Herzegovina,2001,9.977,1387.89362942121,96.6600036621094,8.9,12.1,4179438.0,95.0879638199528,True,1.0,False,0.0,False,0.0,True,1.0,False,0.0,True,False,False,False,False
BIH,Bosnia and Herzegovina,2002,10.11,1606.5467454132,96.6600036621094,8.4,12.1,4188002.0,95.0981431878974,True,2.0,False,0.0,False,0.0,True,2.0,False,0.0,False,False,False,False,False
BIH,Bosnia and Herzegovina,2003,10.068,2033.94700935864,96.6600036621094,8.0,12.1,4178523.0,95.1088597606974,True,3.0,False,0.0,False,0.0,True,3.0,False,-0.10447761194029853,False,False,False,False,False
BIH,Bosnia and Herzegovina,2004,10.125,2452.6860917386,96.6600036621094,7.6,12.1,4140987.0,95.1202453648273,True,4.0,False,0.0,False,0.0,True,4.0,False,-0.12643678160919536,False,False,False,False,False
BIH,Bosnia and Herzegovina,2005,9.81,2739.61076866057,96.6600036621094,7.4,12.1,4096493.0,95.1357940491604,True,5.0,False,0.0,False,0.0,True,5.0,False,-0.12735849056603774,False,False,False,False,False
BIH,Bosnia and Herzegovina,2006,9.551,3166.12865344833,96.6600036621094,7.2,11.8,4063272.0,95.1516329661408,False,0.0,False,0.0,False,0.0,True,6.0,False,-0.10669975186104202,False,False,False,False,False
BIH,Bosnia and Herzegovina,2007,9.555,3931.48948737505,96.6600036621094,7.1,11.8,4013424.0,95.1678945136016,True,1.0,False,0.0,False,0.0,True,7.0,False,-0.08031088082901566,False,False,False,False,False
BIH,Bosnia and Herzegovina,2008,9.533,4841.69311934649,96.6600036621094,7.0,11.8,3947544.0,95.1844586275953,True,2.0,False,0.0,False,0.0,True,8.0,False,-0.06166219839142079,False,False,False,False,False
BIH,Bosnia and Herzegovina,2009,9.761,4539.91863774968,96.6600036621094,6.9,11.8,3879794.0,95.20132167847,True,3.0,False,0.0,False,0.0,True,9.0,False,-0.04958677685950406,False,False,False,False,False
BIH,Bosnia and Herzegovina,2010,9.464,4506.47828548389,96.6600036621094,6.8,11.8,3811472.0,95.2184837600235,True,4.0,False,0.0,False,0.0,True,10.0,False,-0.04494382022471914,False,False,False,False,False
BIH,Bosnia and Herzegovina,2011,8.865,4982.69375768263,96.6600036621094,6.8,11.8,3741798.0,95.2360155321308,True,5.0,False,0.0,False,0.0,True,11.0,False,-0.0285714285714286,False,False,False,False,False
BIH,Bosnia and Herzegovina,2012,8.87,4693.78899115381,96.6600036621094,6.7,8.9,3670113.0,95.2539082676635,False,0.0,False,0.0,False,0.0,True,12.0,False,-0.03179190751445083,False,False,False,False,False
BIH,Bosnia and Herzegovina,2013,8.735,5034.56634817068,96.9899978637695,6.7,8.9,3610859.0,95.2720361490621,True,1.0,False,0.0,False,0.0,False,0.0,False,-0.020467836257310024,False,False,False,False,False
BIH,Bosnia and Herzegovina,2014,8.399,5206.06573475132,96.9899978637695,6.7,8.9,3564829.0,95.2905317745254,True,2.0,False,0.0,False,0.0,True,1.0,False,-0.011799410029498405,False,False,False,False,False
BIH,Bosnia and Herzegovina,2015,8.515,4662.25869219448,96.9899978637695,6.7,8.9,3518541.0,95.3129339341419,True,3.0,False,0.0,False,0.0,True,2.0,False,-0.005934718100890213,False,False,False,False,False
BIH,Bosnia and Herzegovina,2016,8.482,4928.5665903114,96.9899978637695,6.8,8.9,3473003.0,95.3361467691692,True,4.0,False,0.0,False,0.0,True,3.0,False,0.011904761904761783,False,False,False,False,False
BIH,Bosnia and Herzegovina,2017,8.568,5345.01978766473,96.9899978637695,6.8,8.9,3428682.0,95.360235583008,True,5.0,False,0.0,False,0.0,True,4.0,False,0.011904761904761783,False,False,False,False,False
BIH,Bosnia and Herzegovina,2018,8.803,6047.84707207392,96.9899978637695,6.8,8.9,3387000.0,95.3850620124746,True,6.0,False,0.0,False,0.0,True,5.0,False,0.008902077151335253,False,False,False,False,False
BIH,Bosnia and Herzegovina,2019,8.561,6122.37541352353,96.9899978637695,6.7,8.9,3345533.0,95.3850620124746,True,7.0,True,1.0,False,0.0,True,6.0,False,-0.008875739644970357,False,False,False,False,False
BIH,Bosnia and Herzegovina,2020,8.353,6130.31187968266,96.9899978637695,6.6,8.9,3299349.0,95.3850620124746,True,8.0,True,2.0,False,0.0,True,7.0,False,-0.023668639053254458,False,False,False,False,False
BIH,Bosnia and Herzegovina,2021,8.011,7295.34378682258,96.9899978637695,6.4,8.9,3244907.0,95.3850620124746,True,9.0,True,3.0,False,0.0,True,8.0,False,-0.05044510385756662,False,False,False,False,False
BIH,Bosnia and Herzegovina,2022,7.748,7655.59421024383,96.9899978637695,6.2,8.9,3204802.0,95.3850620124746,True,10.0,True,4.0,False,0.0,True,9.0,False,-0.06906906906906919,False,False,False,False,False
BIH,Bosnia and Herzegovina,2023,7.714,8663.02326458629,96.9899978637695,6.0,8.9,3185073.0,95.3850620124746,True,11.0,True,5.0,False,0.0,True,10.0,True,-0.08256880733944967,False,False,False,False,False
BLR,Belarus,2000,9.4,1276.2880341,,12.8,,9979610.0,91.9136871793446,False,,False,0.0,False,0.0,False,,False,0.0,False,False,False,False,False
BLR,Belarus,2001,9.2,1244.37318523431,,11.8,,9928549.0,91.8950406947121,False,,False,0.0,False,0.0,False,,False,0.0,False,False,False,False,False
BLR,Belarus,2002,8.9,1479.38066337175,,10.9,,9865548.0,91.8772136566358,False,,False,0.0,False,0.0,False,,False,0.0,False,False,False,False,False
BLR,Belarus,2003,9.0,1819.52653114699,,10.1,,9796749.0,91.8592816297479,False,,False,0.0,False,0.0,False,,False,-0.1464788732394367,False,False,False,False,False
BLR,Belarus,2004,9.1,2378.33700470129,,9.4,,9730146.0,92.3080167229921,False,,False,0.0,False,0.0,False,,False,-0.17543859649122806,False,False,False,False,False
BLR,Belarus,2005,9.3,3126.07176665248,,8.7,4.5,9663915.0,92.7606037607482,False,0.0,False,0.0,False,0.0,False,,False,-0.20909090909090916,False,False,False,False,False
BLR,Belarus,2006,9.9,3848.22350300163,,8.0,4.5,9604924.0,93.2164038239813,True,1.0,False,0.0,False,0.0,False,,False,-0.21414538310412584,False,False,False,False,False
BLR,Belarus,2007,10.7,4735.48107556066,,7.3,4.5,9560953.0,93.6735706995362,True,2.0,False,0.0,False,0.0,False,,False,-0.22505307855626328,False,False,False,False,False
BLR,Belarus,2008,11.1,6376.17569162063,,6.6,4.5,9527985.0,94.1325479318341,True,3.0,False,0.0,False,0.0,False,,False,-0.24137931034482757,False,False,False,False,False
BLR,Belarus,2009,11.4,5352.48809190697,99.620002746582,6.1,4.5,9504583.0,94.5970585071849,True,4.0,False,0.0,False,0.0,False,0.0,False,-0.23750000000000004,False,False,False,False,False
BLR,Belarus,2010,11.4,6034.67885177216,99.620002746582,5.6,4.5,9483836.0,95.0666547452999,True,5.0,False,0.0,False,0.0,True,1.0,False,-0.23705722070844698,False,False,False,False,False
BLR,Belarus,2011,11.5,6527.6593428786,99.620002746582,5.2,4.5,9461643.0,95.5392069475239,True,6.0,False,0.0,False,0.0,True,2.0,False,-0.22619047619047603,False,False,False,False,False
BLR,Belarus,2012,12.2,6953.21591683101,99.620002746582,4.9,4.5,9446836.0,96.0160380409651,True,7.0,False,0.0,False,0.0,True,3.0,False,-0.2045454545454544,False,False,False,False,False
BLR,Belarus,2013,12.5,7998.0802045456,99.620002746582,4.6,4.5,9443211.0,96.4967422557482,True,8.0,False,0.0,False,0.0,True,4.0,False,-0.19014084507042256,False,False,False,False,False
BLR,Belarus,2014,12.5,8341.31809294883,99.620002746582,4.3,4.5,9448515.0,96.9807658359305,True,9.0,False,0.0,False,0.0,True,5.0,False,-0.18560606060606055,False,False,False,False,False
BLR,Belarus,2015,12.5,5967.05595058777,99.620002746582,4.1,4.5,9461076.0,97.4677528685491,True,10.0,False,0.0,False,0.0,True,6.0,False,-0.16666666666666674,False,False,False,False,False
BLR,Belarus,2016,12.4,5039.77560949445,99.620002746582,3.9,4.5,9469379.0,97.9567271053164,True,11.0,False,0.0,False,0.0,True,7.0,False,-0.15584415584415573,False,False,False,False,False
BLR,Belarus,2017,10.8,5785.54491935194,99.620002746582,3.6,4.5,9458989.0,98.4471393205969,True,12.0,False,0.0,False,0.0,True,8.0,False,-0.17431192660550462,False,False,False,False,False
BLR,Belarus,2018,9.9,6360.037502312,99.620002746582,3.4,4.5,9438785.0,98.9391988814901,True,13.0,False,0.0,False,0.0,True,9.0,False,-0.17073170731707313,False,False,False,False,False
BLR,Belarus,2019,9.3,6837.77339645635,99.870002746582,3.1,1.1,9419758.0,99.4338632205589,False,0.0,False,0.0,False,0.0,False,0.0,False,-0.1968911917098446,False,False,False,False,False
BLR,Belarus,2020,8.886,6542.85579976768,99.870002746582,2.9,1.2,9379952.0,99.5940049296976,False,0.0,False,0.0,False,0.0,True,1.0,False,-0.19889502762430933,False,False,False,False,False
BLR,Belarus,2021,8.624,7489.71894713888,99.870002746582,2.7,1.2,9302585.0,99.6591219571066,False,0.0,False,0.0,False,0.0,True,2.0,False,-0.20118343195266275,False,False,False,False,False
BLR,Belarus,2022,8.062,7994.64806074889,99.870002746582,2.6,1.2,9228071.0,99.6897638568081,False,0.0,False,0.0,False,0.0,True,3.0,False,-0.17197452229299365,False,False,False,False,False
BLR,Belarus,2023,7.136,7896.75388295584,99.870002746582,2.4,1.2,9178298.0,99.7199437262096,False,0.0,False,0.0,False,0.0,True,4.0,True,-0.18367346938775525,False,False,False,False,False
BLZ,Belize,2000,30.213,4726.50675459616,76.9000015258789,24.5,,240799.0,83.9950793415802,False,,False,0.0,False,0.0,False,0.0,False,0.0,False,False,False,False,False
BLZ,Belize,2001,29.412,4718.77715104739,76.9000015258789,23.6,,248379.0,83.9981236500007,False,,False,0.0,False,0.0,True,1.0,False,0.0,False,False,False,False,False
BLZ,Belize,2002,28.691,4858.86062599362,76.9000015258789,22.8,,256009.0,84.0010582579802,False,,False,0.0,False,0.0,True,2.0,False,0.0,False,False,False,False,False
BLZ,Belize,2003,27.92,4959.74012434605,76.9000015258789,22.1,,263780.0,84.0038792244829,False,,False,0.0,False,0.0,True,3.0,False,-0.06488011283497891,False,False,False,False,False
BLZ,Belize,2004,27.272,5153.71308265363,76.9000015258789,21.5,,271688.0,84.0065922016108,False,,False,0.0,False,0.0,True,4.0,False,-0.07526881720430108,False,False,False,False,False
BLZ,Belize,2005,26.722,5270.41479135312,76.9000015258789,21.0,,279731.0,83.9996958672325,False,,False,0.0,False,0.0,True,5.0,False,-0.08296943231441042,False,False,False,False,False
BLZ,Belize,2006,25.52,5524.78167834986,76.9000015258789,20.6,22.0,287878.0,83.9933189485274,False,0.0,False,0.0,False,0.0,True,6.0,False,-0.07207207207207197,False,False,False,False,False
BLZ,Belize,2007,24.448,5762.21023302938,76.9000015258789,20.2,22.0,296100.0,83.9874657603305,True,1.0,False,0.0,False,0.0,True,7.0,False,-0.06481481481481491,False,False,False,False,False
BLZ,Belize,2008,23.683,5711.81458859709,76.9000015258789,19.7,22.0,304361.0,83.9821223616587,True,2.0,False,0.0,False,0.0,True,8.0,False,-0.06546489563567374,False,False,False,False,False
BLZ,Belize,2009,22.749,5399.67100001919,76.9000015258789,19.3,22.0,312614.0,83.977302195762,True,3.0,False,0.0,False,0.0,True,9.0,False,-0.06310679611650488,False,False,False,False,False
BLZ,Belize,2010,21.974,5461.40735999001,76.9000015258789,18.8,22.0,320245.0,83.972997548098,True,4.0,False,0.0,False,0.0,True,10.0,False,-0.0674603174603176,False,False,False,False,False
BLZ,Belize,2011,22.011,5596.05222152289,76.9000015258789,18.3,19.3,327298.0,83.9708984759609,False,0.0,False,0.0,False,0.0,True,11.0,False,-0.07200811359026377,False,False,False,False,False
BLZ,Belize,2012,22.002,5732.66519942347,76.9000015258789,17.7,19.3,334414.0,83.9714754365874,True,1.0,False,0.0,False,0.0,True,12.0,False,-0.08099688473520243,False,False,False,False,False
BLZ,Belize,2013,22.055,5957.34953619006,76.9000015258789,17.0,19.3,341627.0,83.9751251055118,True,2.0,False,0.0,False,0.0,True,13.0,False,-0.09381663113006387,False,False,False,False,False
BLZ,Belize,2014,21.972,6128.12053089077,76.9000015258789,16.3,19.3,348923.0,83.9821211094783,True,3.0,False,0.0,False,0.0,True,14.0,False,-0.1053787047200879,False,False,False,False,False
BLZ,Belize,2015,21.698,6154.62264230369,90.9199981689453,15.6,15.0,356333.0,83.9929567244339,False,0.0,False,0.0,False,0.0,False,0.0,False,-0.11464245175936442,False,False,False,False,False
BLZ,Belize,2016,21.374,6140.86713919469,90.9199981689453,15.0,15.0,364705.0,84.0080355199731,True,1.0,False,0.0,False,0.0,True,1.0,False,-0.11660777385158995,False,False,False,False,False
BLZ,Belize,2017,21.286,6071.85451846453,90.9199981689453,14.4,15.0,373202.0,84.027602259463,True,2.0,False,0.0,False,0.0,True,2.0,False,-0.11764705882352941,False,False,False,False,False
BLZ,Belize,2018,21.144,6011.99036888587,90.9199981689453,13.9,15.0,380226.0,84.0520275827063,True,3.0,False,0.0,False,0.0,True,3.0,False,-0.11238825031928479,False,False,False,False,False
BLZ,Belize,2019,19.335,6171.61449761423,90.9199981689453,13.5,15.0,385829.0,84.0839153038299,True,4.0,False,0.0,False,0.0,True,4.0,False,-0.10239361702127665,False,False,False,False,False
BLZ,Belize,2020,18.353,5238.54078175696,90.9199981689453,13.2,15.0,390812.0,84.1193982319828,True,5.0,False,0.0,False,0.0,True,5.0,False,-0.0883977900552487,False,False,False,False,False
BLZ,Belize,2021,16.539,6142.98930557031,90.9199981689453,13.0,15.0,395346.0,84.1586414948366,True,6.0,False,0.0,False,0.0,True,6.0,False,-0.07142857142857142,False,False,False,False,False
BLZ,Belize,2022,17.391,7068.21728043145,87.879997253418,12.8,15.0,402733.0,84.2021316466722,True,7.0,False,0.0,False,0.0,False,0.0,False,-0.05882352941176463,False,False,False,False,False
BLZ,Belize,2023,18.025,7424.75821321022,87.879997253418,12.8,15.0,411106.0,84.2497280854857,True,8.0,False,0.0,False,0.0,True,1.0,True,-0.03614457831325304,False,False,False,False,False
BMU,Bermuda,2000,12.86,56542.9569455727,,,,61550.0,99.9791403999453,False,,False,0.0,False,0.0,False,,False,0.0,False,True,False,False,True
BMU,Bermuda,2001,13.356,59490.2452034202,,,,61867.0,99.9770577444815,False,,False,0.0,False,0.0,False,,False,0.0,False,True,False,False,True
BMU,Bermuda,2002,12.635,63358.5658652763,,,,62142.0,99.9749750890177,False,,False,0.0,False,0.0,False,,False,0.0,False,True,False,False,True
BMU,Bermuda,2003,12.096,67106.8028083224,,,,62386.0,99.972892433554,False,,False,0.0,False,0.0,False,,False,0.0,False,True,False,False,True
BMU,Bermuda,2004,11.583,71692.1589001679,,,,62555.0,99.9708097780902,False,,False,0.0,False,0.0,False,,False,0.0,False,True,False,False,True
BMU,Bermuda,2005,11.379,77628.103522508,,,,62711.0,99.9687271226264,False,,False,0.0,False,0.0,False,,False,0.0,False,True,False,False,True
BMU,Bermuda,2006,11.128,97781.4558996721,,,,62834.0,99.9666444671626,False,,False,0.0,False,0.0,False,,False,0.0,False,True,False,False,True
BMU,Bermuda,2007,11.608,107395.651483891,,,,63010.0,99.9645618116988,False,,False,0.0,False,0.0,False,,False,0.0,False,True,False,False,True
BMU,Bermuda,2008,11.469,110268.562401264,,,,63300.0,99.962479156235,False,,False,0.0,False,0.0,False,,False,0.0,False,True,False,False,True
BMU,Bermuda,2009,11.768,104711.712420357,,,,63565.0,99.9603965007712,False,,False,0.0,False,0.0,False,,False,0.0,False,True,False,False,True
BMU,Bermuda,2010,11.579,104111.824244802,,,,63725.0,99.9583138453074,False,,False,0.0,False,0.0,False,,False,0.0,False,True,False,False,True
BMU,Bermuda,2011,10.082,99049.0169927667,,,,63733.0,99.9562311898436,False,,False,0.0,False,0.0,False,,False,0.0,False,True,False,False,True
BMU,Bermuda,2012,9.632,100213.493385287,,,,63646.0,99.9541485343798,False,,False,0.0,False,0.0,False,,False,0.0,False,True,False,False,True
BMU,Bermuda,2013,9.393,101704.40746217,,,,63574.0,99.952065878916,False,,False,0.0,False,0.0,False,,False,0.0,False,True,False,False,True
BMU,Bermuda,2014,8.844,100961.576602811,,,,63529.0,99.9499832234522,False,,False,0.0,False,0.0,False,,False,0.0,False,True,False,False,True
BMU,Bermuda,2015,9.055,104855.366822135,,,,63464.0,99.9479005679884,False,,False,0.0,False,0.0,False,,False,0.0,False,True,False,False,True
BMU,Bermuda,2016,9.171,108747.356144305,,,,63449.0,99.9458179125246,False,,False,0.0,False,0.0,False,,False,0.0,False,True,False,False,True
BMU,Bermuda,2017,8.81,112339.425587467,,,,63578.0,99.9437352570609,False,,False,0.0,False,0.0,False,,False,0.0,False,True,False,False,True
BMU,Bermuda,2018,8.407,113204.82210838,,,,63831.0,99.9416526015971,False,,False,0.0,False,0.0,False,,False,0.0,False,True,False,False,True
BMU,Bermuda,2019,8.375,115798.040775578,,,,64107.0,99.9416526015971,False,,False,0.0,False,0.0,False,,False,0.0,False,True,False,False,True
BMU,Bermuda,2020,8.678,106976.546239632,,,,64382.0,99.9416526015971,False,,False,0.0,False,0.0,False,,False,0.0,False,True,False,False,True
BMU,Bermuda,2021,8.21,112765.08167306,,,,64648.0,99.9416526015971,False,,False,0.0,False,0.0,False,,False,0.0,False,True,False,False,True
BMU,Bermuda,2022,8.183,119969.173269085,,,,64749.0,99.9416526015971,False,,False,0.0,False,0.0,False,,False,0.0,False,True,False,False,True
BMU,Bermuda,2023,8.046,132961.760796315,,,,64698.0,99.9416526015971,False,,False,0.0,False,0.0,False,,True,0.0,False,True,False,False,True
BOL,Bolivia,2000,29.846,975.777060358751,,70.7,,8606326.0,34.9158555656195,False,,False,0.0,False,0.0,False,,False,0.0,False,False,False,False,False
BOL,Bolivia,2001,29.12,930.168227214313,86.7200012207031,66.3,,8752736.0,36.1069276710251,False,,False,0.0,False,0.0,False,0.0,False,0.0,False,False,False,False,False
BOL,Bolivia,2002,28.53,888.221328974352,86.7200012207031,62.1,,8900355.0,37.2788771085079,False,,False,0.0,False,0.0,True,1.0,False,0.0,False,False,False,False,False
BOL,Bolivia,2003,28.135,893.013760211149,86.7200012207031,58.2,32.4,9050700.0,38.442320447364,False,0.0,False,0.0,False,0.0,True,2.0,False,-0.1230537418382721,False,False,False,False,False
BOL,Bolivia,2004,27.689,953.191893246277,86.7200012207031,54.5,32.4,9204287.0,39.6007187610011,True,1.0,False,0.0,False,0.0,True,3.0,False,-0.15273999222697243,False,False,False,False,False
BOL,Bolivia,2005,27.332,1020.12326200737,86.7200012207031,51.0,32.4,9360754.0,40.7534588124944,True,2.0,False,0.0,False,0.0,True,4.0,False,-0.18216805644644002,False,False,False,False,False
BOL,Bolivia,2006,27.342,1202.71150446327,86.7200012207031,47.7,32.4,9521689.0,41.9015542609366,True,3.0,False,0.0,False,0.0,True,5.0,False,-0.18349880178021225,False,False,False,False,False
BOL,Bolivia,2007,26.874,1354.54905949929,90.2900009155273,44.7,32.4,9685960.0,43.4810447232478,True,4.0,False,0.0,False,0.0,False,0.0,False,-0.18281535648994515,False,False,False,False,False
BOL,Bolivia,2008,26.441,1692.67248455876,90.6999969482422,41.8,27.1,9850858.0,45.0792272443347,False,0.0,False,0.0,False,0.0,False,0.0,False,-0.18391253416634143,False,False,False,False,False
BOL,Bolivia,2009,26.017,1731.18172112209,91.1699981689453,39.1,27.1,10016275.0,46.6950103282874,True,1.0,False,0.0,False,0.0,False,0.0,False,-0.1843971631205673,False,False,False,False,False
BOL,Bolivia,2010,25.619,1929.78373077158,91.1699981689453,36.7,27.1,10182345.0,48.3285858519966,True,2.0,False,0.0,False,0.0,True,1.0,False,-0.18189924208649122,False,False,False,False,False
BOL,Bolivia,2011,25.221,2315.52121930607,92.2300033569336,34.4,27.1,10348929.0,49.9801309822713,True,3.0,False,0.0,False,0.0,False,0.0,False,-0.18095238095238098,False,False,False,False,False
BOL,Bolivia,2012,24.83,2575.59857098084,94.4599990844727,32.3,18.2,10515807.0,51.6491998600636,False,0.0,False,0.0,False,0.0,False,0.0,False,-0.17895271987798692,False,False,False,False,False
BOL,Bolivia,2013,24.437,2870.02377000756,94.4599990844727,30.3,18.2,10682608.0,53.3191514172046,True,1.0,False,0.0,False,0.0,True,1.0,False,-0.1779706999457406,False,False,False,False,False
BOL,Bolivia,2014,24.041,3041.43503162408,94.4599990844727,28.4,18.2,10848888.0,54.9966309177459,True,2.0,False,0.0,False,0.0,True,2.0,False,-0.17824074074074084,False,False,False,False,False
BOL,Bolivia,2015,23.653,2996.01289811344,92.4599990844727,26.7,18.2,11014705.0,56.6920160774471,True,3.0,False,0.0,False,0.0,False,0.0,False,-0.1764342998149291,False,False,False,False,False
BOL,Bolivia,2016,23.272,3035.87347732132,92.4599990844727,25.0,16.1,11180020.0,58.4055072099322,False,0.0,False,0.0,False,0.0,True,1.0,False,-0.17817225509533197,False,False,False,False,False
BOL,Bolivia,2017,22.911,4048.40119739839,92.4599990844727,23.4,16.1,11344587.0,60.1364043539165,True,1.0,False,0.0,False,0.0,True,2.0,False,-0.18009810791871061,False,False,False,False,False
BOL,Bolivia,2018,22.574,4206.8552936661,92.4599990844727,22.0,16.1,11508368.0,61.8863758501478,True,2.0,False,0.0,False,0.0,True,3.0,False,-0.17787742899850528,False,False,False,False,False
BOL,Bolivia,2019,22.257,4203.15492855788,92.4599990844727,20.6,16.1,11671386.0,63.6552770936558,True,3.0,False,0.0,False,0.0,True,4.0,False,-0.1792828685258964,False,False,False,False,False
BOL,Bolivia,2020,21.996,3580.96761778303,93.8499984741211,19.3,16.1,11816299.0,65.4426819747995,True,4.0,False,0.0,False,0.0,False,0.0,False,-0.1801189464740866,False,False,False,False,False
BOL,Bolivia,2021,21.808,4010.76053686204,93.8499984741211,18.2,16.1,11937360.0,67.2484529429256,True,5.0,False,0.0,False,0.0,True,1.0,False,-0.17497733454215775,False,False,False,False,False
BOL,Bolivia,2022,21.566,4219.46113742445,93.8499984741211,17.3,16.1,12077154.0,69.0727323107113,True,6.0,False,0.0,False,0.0,True,2.0,False,-0.16425120772946852,False,False,False,False,False
BOL,Bolivia,2023,21.247,4274.70820547613,95.5500030517578,16.4,16.1,12244159.0,70.4335419312464,True,7.0,False,0.0,False,0.0,False,0.0,True,-0.15811088295687878,False,False,False,False,False
BRA,Brazil,2000,19.879,3766.54811466032,86.370002746582,34.4,,174018282.0,73.3661541884085,False,,False,0.0,False,0.0,False,0.0,False,0.0,False,False,False,False,False
BRA,Brazil,2001,19.185,3176.28935747524,86.370002746582,32.2,,176301203.0,74.2359273551558,False,,False,0.0,False,0.0,True,1.0,False,0.0,False,False,False,False,False
BRA,Brazil,2002,18.49,2855.94018885769,86.370002746582,30.1,,178503484.0,75.086752161079,False,,False,0.0,False,0.0,True,2.0,False,0.0,False,False,False,False,False
BRA,Brazil,2003,17.819,3090.6070097455,86.370002746582,28.2,,180622688.0,75.9322033943991,False,,False,0.0,False,0.0,True,3.0,False,-0.12512926577042405,False,False,False,False,False
BRA,Brazil,2004,17.5,3663.823188064,88.620002746582,26.3,,182675143.0,76.7719281688316,False,,False,0.0,False,0.0,False,0.0,False,-0.15772618094475582,False,False,False,False,False
BRA,Brazil,2005,17.176,4827.78173074714,88.620002746582,24.6,,184688101.0,77.6060442876745,False,,False,0.0,False,0.0,True,1.0,False,-0.18650793650793643,False,False,False,False,False
BRA,Brazil,2006,16.691,5934.14470924968,89.620002746582,23.1,,186653106.0,78.4350490232115,False,,False,0.0,False,0.0,False,0.0,False,-0.18316831683168316,False,False,False,False,False
BRA,Brazil,2007,16.243,7409.69130673473,90.0100021362305,21.7,7.0,188552320.0,79.2590292856141,False,0.0,False,0.0,False,0.0,False,0.0,False,-0.17989417989417994,False,False,False,False,False
BRA,Brazil,2008,15.801,8908.33176538648,90.0400009155273,20.5,7.0,190367302.0,80.0780747503367,True,1.0,False,0.0,False,0.0,False,0.0,False,-0.17271993543179986,False,False,False,False,False
BRA,Brazil,2009,15.564,8678.6592244676,90.3000030517578,19.5,7.0,192079951.0,80.8914821354002,True,2.0,False,0.0,False,0.0,False,0.0,False,-0.16092943201376944,False,False,False,False,False
BRA,Brazil,2010,15.338,11403.2821278747,90.379997253418,18.6,7.0,193701929.0,81.7001428038359,True,3.0,False,0.0,False,0.0,False,0.0,False,-0.14990859232175507,False,False,False,False,False
BRA,Brazil,2011,15.141,13396.6243562986,91.4100036621094,17.9,7.0,195284734.0,82.5075308980562,True,4.0,False,0.0,False,0.0,False,0.0,False,-0.13442940038684725,False,False,False,False,False
BRA,Brazil,2012,14.935,12521.7213519966,91.3399963378906,17.2,7.0,196876111.0,83.3102185091362,True,5.0,False,0.0,False,0.0,False,0.0,False,-0.1242362525458249,False,False,False,False,False
BRA,Brazil,2013,14.785,12458.8912138813,91.4800033569336,16.7,7.0,198478299.0,84.1075664930758,True,6.0,False,0.0,False,0.0,False,0.0,False,-0.10885805763073636,False,False,False,False,False
BRA,Brazil,2014,14.784,12274.9939689363,91.7300033569336,16.3,7.0,200085127.0,84.9007604089727,True,7.0,False,0.0,False,0.0,False,0.0,False,-0.09343715239154597,False,False,False,False,False
BRA,Brazil,2015,14.684,8936.19661712113,92.0500030517578,16.0,7.0,201675532.0,85.6891694067484,True,8.0,False,0.0,False,0.0,False,0.0,False,-0.07727797001153383,False,False,False,False,False
BRA,Brazil,2016,14.146,8836.28652735657,92.8099975585938,16.8,7.0,203218114.0,86.4725409994878,True,9.0,False,0.0,False,0.0,False,0.0,False,-0.0011890606420927215,False,False,False,False,False
BRA,Brazil,2017,14.123,10080.5092819305,93.0800018310547,15.4,7.0,204703445.0,87.2513460581389,True,10.0,False,0.0,False,0.0,False,0.0,False,-0.07228915662650608,False,False,False,False,False
BRA,Brazil,2018,14.022,9300.66164923219,93.2300033569336,15.2,7.0,206107261.0,88.0250303307035,True,11.0,False,0.0,False,0.0,False,0.0,False,-0.06403940886699523,False,False,False,False,False
BRA,Brazil,2019,13.548,9029.83326681073,93.8926266999537,15.0,8.0,207455459.0,88.7943635272571,False,0.0,False,0.0,False,0.0,False,0.0,False,-0.05897114178168138,False,False,False,False,False
BRA,Brazil,2020,12.995,7074.19378337644,94.7444114331042,14.9,8.0,208660842.0,89.5591441286736,True,1.0,False,0.0,False,0.0,False,0.0,False,-0.04974489795918374,False,False,False,False,False
BRA,Brazil,2021,12.754,7972.5366498646,94.7726170886975,14.7,8.0,209550294.0,90.3198016289812,True,2.0,False,0.0,False,0.0,False,0.0,False,-0.04915912031047864,False,False,False,False,False
BRA,Brazil,2022,12.555,9281.33334441234,94.376866160108,14.6,8.0,210306415.0,91.0196550646128,True,3.0,False,0.0,False,0.0,False,0.0,False,-0.029255319148936254,False,False,False,False,False
BRA,Brazil,2023,12.322,10377.5892792557,94.5725490635077,14.4,8.0,211140729.0,91.7128476214348,True,4.0,False,0.0,False,0.0,False,0.0,True,-0.03225806451612894,False,False,False,False,False
BRB,Barbados,2000,15.147,11674.6736471764,,14.4,,262063.0,89.6408774970221,False,,False,0.0,False,0.0,False,,False,0.0,False,True,False,False,True
BRB,Barbados,2001,15.053,11639.5160522054,,14.5,,262425.0,90.0296586370686,False,,False,0.0,False,0.0,False,,False,0.0,False,True,False,False,True
BRB,Barbados,2002,14.219,11760.4524736133,,14.7,,264148.0,90.4184397771151,False,,False,0.0,False,0.0,False,,False,0.0,False,True,False,False,True
BRB,Barbados,2003,14.044,12075.9587020649,,14.8,,265776.0,90.8072209171617,False,,False,0.0,False,0.0,False,,False,0.018348623853211066,False,True,False,False,True
BRB,Barbados,2004,13.472,12886.3665272467,,14.9,,267298.0,91.1960020572082,False,,False,0.0,False,0.0,False,,False,0.020547945205479503,False,True,False,False,True
BRB,Barbados,2005,12.913,14214.4202213572,,14.8,,268706.0,91.5847831972547,False,,False,0.0,False,0.0,False,,False,0.009549795361528005,False,True,False,False,True
BRB,Barbados,2006,12.553,15619.6005955511,,14.7,,270002.0,91.9735643373012,False,,False,0.0,False,0.0,False,,False,-0.0027137042062415823,False,True,False,False,True
BRB,Barbados,2007,12.85,17235.4396434785,,14.5,,271288.0,92.3623454773478,False,,False,0.0,False,0.0,False,,False,-0.018944519621109684,False,True,False,False,True
BRB,Barbados,2008,12.756,17565.6929970592,,14.3,,272714.0,92.7511266173943,False,,False,0.0,False,0.0,False,,False,-0.02985074626865668,False,True,False,False,True
BRB,Barbados,2009,12.756,16294.9099491834,,14.1,,274123.0,93.1399077574408,False,,False,0.0,False,0.0,False,,False,-0.036885245901639406,False,True,False,False,True
BRB,Barbados,2010,12.768,19723.2381931602,,13.9,,275243.0,93.5286888974873,False,,False,0.0,False,0.0,False,,False,-0.040055248618784414,False,True,False,False,True
BRB,Barbados,2011,12.46,20146.2381264508,,13.7,,276139.0,93.9174700375338,False,,False,0.0,False,0.0,False,,False,-0.04195804195804206,False,True,False,False,True
BRB,Barbados,2012,12.153,19811.2953079751,,13.5,7.7,276938.0,94.3062511775803,False,0.0,False,0.0,False,0.0,False,,False,-0.04255319148936168,False,True,False,False,True
BRB,Barbados,2013,12.029,20384.4910233555,,13.3,7.7,277665.0,94.6950323176268,True,1.0,False,0.0,False,0.0,False,,False,-0.043165467625899255,False,True,False,False,True
BRB,Barbados,2014,11.905,20423.7177921163,,13.1,7.7,278348.0,95.0838134576733,True,2.0,False,0.0,False,0.0,False,,False,-0.04379562043795618,False,True,False,False,True
BRB,Barbados,2015,11.798,20429.4747123553,,12.8,7.7,278990.0,95.4725945977198,True,3.0,False,0.0,False,0.0,False,,False,-0.0518518518518518,False,True,False,False,True
BRB,Barbados,2016,11.706,20311.4094163764,,12.4,7.7,279598.0,95.8613757377664,True,4.0,False,0.0,False,0.0,False,,False,-0.0662650602409639,False,True,False,False,True
BRB,Barbados,2017,11.628,20870.7596432179,,12.1,7.7,280171.0,96.2501568778129,True,5.0,False,0.0,False,0.0,False,,False,-0.0706605222734255,False,True,False,False,True
BRB,Barbados,2018,11.539,21378.2201267496,,11.8,7.7,280711.0,96.6389380178594,True,6.0,False,0.0,False,0.0,False,,False,-0.07378335949764504,False,True,False,False,True
BRB,Barbados,2019,11.446,21929.435611489,,11.4,7.7,281207.0,97.0277191579059,True,7.0,False,0.0,False,0.0,False,,False,-0.08360128617363351,False,True,False,False,True
BRB,Barbados,2020,11.334,19180.9915228365,,11.1,7.7,281698.0,97.3312392700884,True,8.0,False,0.0,False,0.0,False,,False,-0.08264462809917356,False,True,False,False,True
BRB,Barbados,2021,11.287,21084.4013935998,,10.7,7.7,282147.0,97.3330327442074,True,9.0,False,0.0,False,0.0,False,,False,-0.09013605442176889,False,True,False,False,True
BRB,Barbados,2022,11.249,24393.2193483944,,10.4,7.7,282318.0,98.0924623115578,True,10.0,False,0.0,False,0.0,False,,False,-0.08931698774080557,False,True,False,False,True
BRB,Barbados,2023,11.173,25583.8722302505,,10.1,7.7,282336.0,98.0924623115578,True,11.0,False,0.0,False,0.0,False,,True,-0.08844765342960308,False,True,False,False,True
BRN,Brunei Darussalam,2000,19.803,20130.2572346624,,10.3,,326424.0,72.7148465774726,False,,False,0.0,False,0.0,False,,False,0.0,False,True,False,False,False
BRN,Brunei Darussalam,2001,19.298,18287.8272281914,92.6699981689453,10.0,,333345.0,73.9314819787646,False,,False,0.0,False,0.0,False,0.0,False,0.0,False,True,False,False,False
BRN,Brunei Darussalam,2002,18.685,18621.2922577525,92.6699981689453,9.8,,340099.0,75.1481173800566,False,,False,0.0,False,0.0,True,1.0,False,0.0,False,True,False,False,False
BRN,Brunei Darussalam,2003,18.036,20677.9001143188,92.6699981689453,9.7,,346637.0,76.3647527813482,False,,False,0.0,False,0.0,True,2.0,False,-0.033222591362126304,False,True,False,False,False
BRN,Brunei Darussalam,2004,17.365,24423.0946995548,92.6699981689453,9.6,,352911.0,77.5813881826402,False,,False,0.0,False,0.0,True,3.0,False,-0.03517587939698489,False,True,False,False,False
BRN,Brunei Darussalam,2005,16.713,29386.2703822862,92.6699981689453,9.5,,358916.0,78.7980235839323,False,,False,0.0,False,0.0,True,4.0,False,-0.038461538461538367,False,True,False,False,False
BRN,Brunei Darussalam,2006,16.262,34674.7995236452,92.6699981689453,9.5,,364663.0,80.0146589852238,False,,False,0.0,False,0.0,True,5.0,False,-0.022633744855966965,False,True,False,False,False
BRN,Brunei Darussalam,2007,15.943,36217.3290706015,92.6699981689453,9.6,,370873.0,81.2312943865159,False,,False,0.0,False,0.0,True,6.0,False,-0.002079002079002035,False,True,False,False,False
BRN,Brunei Darussalam,2008,16.015,42156.5685838672,92.6699981689453,9.6,,377793.0,82.4479297878079,False,,False,0.0,False,0.0,True,7.0,False,0.002087682672233776,False,True,False,False,False
BRN,Brunei Darussalam,2009,16.241,30946.4673773828,92.6699981689453,9.7,19.6,384952.0,83.6645651890999,False,0.0,False,0.0,False,0.0,True,8.0,False,0.01464435146443502,False,True,False,False,False
BRN,Brunei Darussalam,2010,16.577,34937.5555357155,92.6699981689453,9.9,19.6,392332.0,84.8812005903915,True,1.0,False,0.0,False,0.0,True,9.0,False,0.03340292275574116,False,True,False,False,False
BRN,Brunei Darussalam,2011,16.966,46382.8274255349,96.0899963378906,10.0,19.6,399389.0,86.0978359916835,True,2.0,False,0.0,False,0.0,False,0.0,False,0.0351966873706004,False,True,False,False,False
BRN,Brunei Darussalam,2012,17.096,46968.5971164922,96.0899963378906,10.2,19.6,405557.0,87.3144713929755,True,3.0,False,0.0,False,0.0,True,1.0,False,0.04508196721311471,False,True,False,False,False
BRN,Brunei Darussalam,2013,16.913,44003.0644273461,96.0899963378906,10.4,19.6,411202.0,88.5311067942671,True,4.0,False,0.0,False,0.0,True,2.0,False,0.052631578947368564,False,True,False,False,False
BRN,Brunei Darussalam,2014,16.627,41026.5084247957,96.0899963378906,10.6,19.6,416750.0,89.7477421955591,True,5.0,False,0.0,False,0.0,True,3.0,False,0.05577689243027894,False,True,False,False,False
BRN,Brunei Darussalam,2015,16.239,30625.1287744656,96.0899963378906,10.7,19.6,422212.0,90.9643775968511,True,6.0,False,0.0,False,0.0,True,4.0,False,0.04696673189823861,False,True,False,False,False
BRN,Brunei Darussalam,2016,15.785,26663.2972950602,96.0899963378906,10.7,19.6,427564.0,92.1810129981427,True,7.0,False,0.0,False,0.0,True,5.0,False,0.03082851637764918,False,True,False,False,False
BRN,Brunei Darussalam,2017,15.334,28024.3824580252,96.0899963378906,10.7,19.6,432772.0,93.3976483994347,True,8.0,False,0.0,False,0.0,True,6.0,False,0.01711026615969579,False,True,False,False,False
BRN,Brunei Darussalam,2018,14.924,30988.1190267227,96.0899963378906,10.6,19.6,437810.0,94.6142838007268,True,9.0,False,0.0,False,0.0,True,7.0,False,-0.0018832391713747246,False,True,False,False,False
BRN,Brunei Darussalam,2019,14.572,30426.5730656528,96.0899963378906,10.5,19.6,442680.0,95.8309192020188,True,10.0,False,0.0,False,0.0,True,8.0,False,-0.015009380863039413,False,True,False,False,False
BRN,Brunei Darussalam,2020,14.284,26834.3592233943,96.0899963378906,10.4,19.6,447404.0,97.0475546033103,True,11.0,False,0.0,False,0.0,True,9.0,False,-0.022556390977443466,False,True,False,False,False
BRN,Brunei Darussalam,2021,14.06,31006.9636289785,96.0899963378906,10.3,19.6,451721.0,98.2641900046024,True,12.0,False,0.0,False,0.0,True,10.0,False,-0.026465028355387627,False,True,False,False,False
BRN,Brunei Darussalam,2022,13.847,36632.9280952155,96.0899963378906,10.2,19.6,455370.0,99.4808254058944,True,13.0,False,0.0,False,0.0,True,11.0,False,-0.02857142857142864,False,True,False,False,False
BRN,Brunei Darussalam,2023,13.59,32890.5491812019,96.0899963378906,10.1,19.6,458949.0,100.0,True,14.0,False,0.0,False,0.0,True,12.0,True,-0.028846153846153914,False,True,False,False,False
BTN,Bhutan,2000,25.18,771.924911410619,,77.7,,596863.0,44.0519313998862,False,,False,0.0,False,0.0,False,,False,0.0,False,False,False,False,False
BTN,Bhutan,2001,23.865,812.238210772056,,73.2,,610794.0,44.4113711801723,False,,False,0.0,False,0.0,False,,False,0.0,False,False,False,False,False
BTN,Bhutan,2002,22.657,895.799489930972,,68.8,,624409.0,46.6649669760176,False,,False,0.0,False,0.0,False,,False,0.0,False,False,False,False,False
BTN,Bhutan,2003,21.706,1022.38240311018,,64.6,,637663.0,48.8831966104405,False,,False,0.0,False,0.0,False,,False,-0.11788802913063277,False,False,False,False,False
BTN,Bhutan,2004,21.261,1130.35934606796,,60.6,,650544.0,51.0646518155056,False,,False,0.0,False,0.0,False,,False,-0.14737952866690118,False,False,False,False,False
BTN,Bhutan,2005,21.114,1299.94938578359,52.810001373291,56.7,,661865.0,53.1957068456674,False,,False,0.0,False,0.0,False,0.0,False,-0.17802261525079716,False,False,False,False,False
BTN,Bhutan,2006,20.971,1405.6071618158,52.810001373291,52.9,,670799.0,55.1902160222257,False,,False,0.0,False,0.0,True,1.0,False,-0.18338993516517446,False,False,False,False,False
BTN,Bhutan,2007,20.795,1850.41570433398,52.810001373291,49.5,,678641.0,57.1569433731048,False,,False,0.0,False,0.0,True,2.0,False,-0.18478260869565225,False,False,False,False,False
BTN,Bhutan,2008,20.293,1919.59774896395,52.810001373291,46.2,34.9,686351.0,59.0952861405735,False,0.0,False,0.0,False,0.0,True,3.0,False,-0.1874780161800913,False,False,False,False,False
BTN,Bhutan,2009,19.641,1918.39599211093,52.810001373291,43.3,34.9,693988.0,61.0391347142958,True,1.0,False,0.0,False,0.0,True,4.0,False,-0.1857841293719445,False,False,False,False,False
BTN,Bhutan,2010,18.901,2435.5798056672,52.810001373291,40.5,33.5,701632.0,62.9550752421624,False,0.0,False,0.0,False,0.0,True,5.0,False,-0.18543845534995976,False,False,False,False,False
BTN,Bhutan,2011,18.224,2787.97967608562,52.810001373291,37.9,33.5,709377.0,64.8429159627493,True,1.0,False,0.0,False,0.0,True,6.0,False,-0.18459552495697085,False,False,False,False,False
BTN,Bhutan,2012,17.589,2751.2128864294,55.3199996948242,35.5,33.5,717279.0,66.7004803420863,True,2.0,False,0.0,False,0.0,False,0.0,False,-0.18353265869365232,False,False,False,False,False
BTN,Bhutan,2013,17.065,2679.95217201538,55.3199996948242,33.2,33.5,725273.0,68.5280843950493,True,3.0,False,0.0,False,0.0,True,1.0,False,-0.18387413962635193,False,False,False,False,False
BTN,Bhutan,2014,16.422,2849.49998647303,55.3199996948242,31.2,33.5,733139.0,70.3262594115748,True,4.0,False,0.0,False,0.0,True,2.0,False,-0.180672268907563,False,False,False,False,False
BTN,Bhutan,2015,15.656,2954.04081911097,55.3199996948242,29.2,33.5,740618.0,72.0956866215508,True,5.0,False,0.0,False,0.0,True,3.0,False,-0.18115535614133493,False,False,False,False,False
BTN,Bhutan,2016,14.81,3152.30905106786,55.3199996948242,27.4,33.5,747866.0,73.8369686889029,True,6.0,False,0.0,False,0.0,True,4.0,False,-0.17964071856287425,False,False,False,False,False
BTN,Bhutan,2017,13.759,3435.28804735662,66.5599975585938,25.8,33.5,754335.0,75.5507698570494,True,7.0,False,0.0,False,0.0,False,0.0,False,-0.1757188498402556,False,False,False,False,False
BTN,Bhutan,2018,12.941,3400.20417245342,66.5599975585938,24.2,33.5,759759.0,77.2378421749847,True,8.0,False,0.0,False,0.0,True,1.0,False,-0.17574931880108982,False,False,False,False,False
BTN,Bhutan,2019,12.421,3576.87987100503,66.5599975585938,22.7,33.5,764824.0,78.8989372535781,True,9.0,False,0.0,False,0.0,True,2.0,False,-0.17634252539912926,False,False,False,False,False
BTN,Bhutan,2020,12.952,3191.66906999331,66.5599975585938,21.3,33.5,770006.0,80.5347803811223,True,10.0,False,0.0,False,0.0,True,3.0,False,-0.17633410672853836,False,False,False,False,False
BTN,Bhutan,2021,12.892,3570.61257980872,66.5599975585938,20.0,33.5,775442.0,82.1461906791953,True,11.0,False,0.0,False,0.0,True,4.0,False,-0.17627677100494238,False,False,False,False,False
BTN,Bhutan,2022,12.807,3711.32767981591,64.9100036621094,19.0,33.5,780914.0,83.7339782184806,True,12.0,False,0.0,False,0.0,False,0.0,False,-0.16666666666666669,False,False,False,False,False
BTN,Bhutan,2023,12.663,3831.32535564326,64.9100036621094,18.0,17.9,786385.0,85.2990010822165,False,0.0,False,0.0,False,0.0,True,1.0,True,-0.16044776119402976,False,False,False,False,False
BWA,Botswana,2000,27.936,3450.81180622992,,79.8,29.1,1677382.0,53.7395555164228,False,0.0,False,0.0,False,0.0,False,,False,0.0,False,False,False,False,True
BWA,Botswana,2001,27.907,3206.07123689853,,79.3,29.1,1712254.0,54.7451404334018,True,1.0,False,0.0,False,0.0,False,,False,0.0,False,False,False,False,True
BWA,Botswana,2002,27.647,3117.25087183011,,77.9,29.1,1744763.0,55.6040876882088,True,2.0,False,0.0,False,0.0,False,,False,0.0,False,False,False,False,True
BWA,Botswana,2003,27.393,4230.12326909926,81.1900024414062,76.7,29.1,1775736.0,56.4322629301627,True,3.0,False,0.0,False,0.0,False,0.0,False,-0.029113924050632876,False,False,False,False,True
BWA,Botswana,2004,27.309,4956.69287735214,81.1900024414062,75.7,29.1,1807146.0,57.2488048403831,True,4.0,False,0.0,False,0.0,True,1.0,False,-0.0347465731590691,False,False,False,False,True
BWA,Botswana,2005,27.706,5391.07076619634,81.1900024414062,70.8,29.1,1839877.0,58.0524375220249,True,5.0,False,0.0,False,0.0,True,2.0,False,-0.0909090909090909,False,False,False,False,True
BWA,Botswana,2006,28.141,5291.58379144849,81.1900024414062,66.0,29.1,1874516.0,58.8441205990319,True,6.0,False,0.0,False,0.0,True,3.0,False,-0.13249211356466875,False,False,False,False,True
BWA,Botswana,2007,28.335,5529.12574632532,81.1900024414062,64.3,28.9,1911201.0,59.9949103231663,False,0.0,False,0.0,False,0.0,True,4.0,False,-0.1242168346499592,False,False,False,False,True
BWA,Botswana,2008,28.396,5503.07395314313,81.1900024414062,63.7,28.9,1949970.0,61.1111581446206,True,1.0,False,0.0,False,0.0,True,5.0,False,-0.099009900990099,False,False,False,False,True
BWA,Botswana,2009,28.396,5082.93388332404,81.1900024414062,60.6,28.9,1990673.0,62.1889472021203,True,2.0,False,0.0,False,0.0,True,6.0,False,-0.11013215859030827,False,False,False,False,True
BWA,Botswana,2010,28.365,6215.73216077919,81.1900024414062,58.4,28.9,2033111.0,63.2298770256248,True,3.0,False,0.0,False,0.0,True,7.0,False,-0.10264290104486785,False,False,False,False,True
BWA,Botswana,2011,28.038,7287.38295334919,81.1900024414062,58.8,28.9,2073535.0,64.2325786938522,True,4.0,False,0.0,False,0.0,True,8.0,False,-0.06070287539936109,False,False,False,False,True
BWA,Botswana,2012,27.742,6595.53845015424,81.1900024414062,53.9,28.9,2108617.0,65.037275052661,True,5.0,False,0.0,False,0.0,True,9.0,False,-0.1187050359712231,False,False,False,False,True
BWA,Botswana,2013,27.183,6666.91219583487,81.1900024414062,50.3,28.9,2140682.0,65.7908304969597,True,6.0,False,0.0,False,0.0,True,10.0,False,-0.14861205145565337,False,False,False,False,True
BWA,Botswana,2014,26.795,7122.36423421503,81.1900024414062,49.0,28.9,2172044.0,66.5214936855642,True,7.0,False,0.0,False,0.0,True,11.0,False,-0.13120567375886522,False,False,False,False,True
BWA,Botswana,2015,26.475,6141.20394726616,81.1900024414062,46.7,28.9,2203273.0,67.2288878869323,True,8.0,False,0.0,False,0.0,True,12.0,False,-0.13646449704142005,False,False,False,False,True
BWA,Botswana,2016,26.254,6749.05994339013,81.1900024414062,45.1,28.9,2234776.0,67.9129615984092,True,9.0,False,0.0,False,0.0,True,13.0,False,-0.12833397758020862,False,False,False,False,True
BWA,Botswana,2017,26.073,7104.96401088027,81.1900024414062,42.1,28.9,2266747.0,68.5731443566445,True,10.0,False,0.0,False,0.0,True,14.0,False,-0.1408163265306122,False,False,False,False,True
BWA,Botswana,2018,25.897,7407.95940141786,81.1900024414062,41.2,28.9,2299141.0,69.2069921595304,True,11.0,False,0.0,False,0.0,True,15.0,False,-0.1166380789022298,False,False,False,False,True
BWA,Botswana,2019,25.751,7172.08956480028,81.1900024414062,40.0,28.9,2332083.0,69.8150599678289,True,12.0,False,0.0,False,0.0,True,16.0,False,-0.10754127621597516,False,False,False,False,True
BWA,Botswana,2020,25.532,6323.2974967659,81.1900024414062,38.9,28.9,2365894.0,70.3974291175514,True,13.0,False,0.0,False,0.0,True,17.0,False,-0.09576940957694105,False,False,False,False,True
BWA,Botswana,2021,25.422,7807.88794570471,81.1900024414062,37.1,28.9,2401441.0,70.9542350453954,True,14.0,False,0.0,False,0.0,True,18.0,False,-0.10516160154365652,False,False,False,False,True
BWA,Botswana,2022,25.253,8328.7090572666,81.1900024414062,35.7,28.9,2439892.0,71.4864919930582,True,15.0,False,0.0,False,0.0,True,19.0,False,-0.10436527847466123,False,False,False,False,True
BWA,Botswana,2023,24.713,7827.30027960734,81.1900024414062,34.6,28.9,2480244.0,71.9941392506475,True,16.0,False,0.0,False,0.0,True,20.0,True,-0.10316226023846545,False,False,False,False,True
CAF,Central African Republic,2000,42.058,239.154133726071,50.6500015258789,165.5,44.4,3833416.0,20.5939671158027,False,0.0,False,0.0,False,0.0,False,0.0,False,0.0,False,False,False,False,False
CAF,Central African Republic,2001,41.95,237.951702544735,50.6500015258789,162.5,44.4,3919487.0,20.5472812527442,True,1.0,False,0.0,False,0.0,True,1.0,False,0.0,False,False,False,False,False
CAF,Central African Republic,2002,41.407,248.639290978403,50.6500015258789,159.0,44.4,4006077.0,20.5005930190466,True,2.0,False,0.0,False,0.0,True,2.0,False,0.0,False,False,False,False,False
CAF,Central African Republic,2003,41.704,278.403992150941,50.6500015258789,155.6,44.4,4103086.0,20.4536055406808,True,3.0,False,0.0,False,0.0,True,3.0,False,-0.041478439425051424,False,False,False,False,False
CAF,Central African Republic,2004,41.558,303.461321152782,50.6500015258789,151.8,44.4,4192826.0,20.4063183359002,True,4.0,False,0.0,False,0.0,True,4.0,False,-0.05508870214752564,False,False,False,False,False
CAF,Central African Republic,2005,41.775,311.950023138687,50.6500015258789,147.9,44.4,4288810.0,19.9721484876891,True,5.0,False,0.0,False,0.0,True,5.0,False,-0.06910876132930507,False,False,False,False,False
CAF,Central African Republic,2006,42.193,333.942519903031,50.6500015258789,143.5,43.6,4377579.0,19.5450443579564,False,0.0,False,0.0,False,0.0,True,6.0,False,-0.07633882595262607,False,False,False,False,False
CAF,Central African Republic,2007,42.192,380.887048839475,50.6500015258789,139.3,43.6,4462770.0,19.1248924348841,True,1.0,False,0.0,False,0.0,True,7.0,False,-0.08089205595143831,False,False,False,False,False
CAF,Central African Republic,2008,42.457,437.24827472489,50.6500015258789,135.5,43.6,4558984.0,18.7110288344225,True,2.0,False,0.0,False,0.0,True,8.0,False,-0.08210269611163802,False,False,False,False,False
CAF,Central African Republic,2009,43.644,456.471673898404,50.6500015258789,489.3,43.6,4529047.0,18.3030854351949,True,3.0,False,0.0,False,0.0,True,9.0,False,2.407381615598886,False,False,False,False,False
CAF,Central African Republic,2010,44.961,476.873786950728,50.6500015258789,150.7,40.7,4492995.0,17.9009516216973,False,0.0,False,0.0,False,0.0,True,10.0,False,-0.286120322122217,False,False,False,False,False
CAF,Central African Republic,2011,45.314,534.057281471636,50.6500015258789,125.1,40.7,4565021.0,17.5040118095515,True,1.0,False,0.0,False,0.0,True,11.0,False,-0.408957762449211,False,False,False,False,False
CAF,Central African Republic,2012,45.147,544.395849142785,50.6500015258789,121.9,39.7,4610848.0,17.1121597682915,False,0.0,False,0.0,False,0.0,True,12.0,False,-0.41388595057217026,False,False,False,False,False
CAF,Central African Republic,2013,44.657,364.36696260838,50.6500015258789,134.2,39.7,4642419.0,16.7250416550218,True,1.0,False,0.0,False,0.0,True,13.0,False,-0.3437652811735942,False,False,False,False,False
CAF,Central African Republic,2014,44.647,409.8504859647,50.6500015258789,186.8,38.0,4623182.0,16.3420825760043,False,0.0,False,0.0,False,0.0,True,14.0,False,-0.08538973756365059,False,False,False,False,False
CAF,Central African Republic,2015,43.338,366.322853938121,50.6500015258789,113.7,38.0,4629320.0,15.9631877672806,True,1.0,False,0.0,False,0.0,True,15.0,False,-0.20898845137053015,False,False,False,False,False
CAF,Central African Republic,2016,43.391,387.176203444318,50.6500015258789,126.8,38.0,4713663.0,15.5882414691861,True,2.0,False,0.0,False,0.0,True,16.0,False,-0.06997212850227377,False,False,False,False,False
CAF,Central African Republic,2017,43.742,432.324025684263,50.6500015258789,155.2,38.0,4793511.0,15.2164870297134,True,3.0,False,0.0,False,0.0,True,17.0,False,0.13549897570968672,False,False,False,False,False
CAF,Central African Republic,2018,43.838,455.243962859534,50.6500015258789,120.2,37.5,4878657.0,14.8478356260426,False,0.0,False,0.0,False,0.0,True,18.0,False,-0.16143435189060973,False,False,False,False,False
CAF,Central African Republic,2019,44.108,449.228467602439,42.439998626709,254.7,40.2,4944703.0,14.481982156805,False,0.0,False,0.0,False,0.0,False,0.0,False,0.8122954319055073,False,False,False,False,False
CAF,Central African Republic,2020,44.475,462.879071294011,42.439998626709,124.2,40.2,5026628.0,14.1186349646869,True,1.0,False,0.0,False,0.0,True,1.0,False,-0.19413444069556177,False,False,False,False,False
CAF,Central African Republic,2021,45.226,492.263142830507,42.439998626709,178.7,40.2,5112100.0,13.7575074575386,True,2.0,False,0.0,False,0.0,True,2.0,False,0.14389962872871606,False,False,False,False,False
CAF,Central African Republic,2022,45.425,467.359825026238,42.439998626709,424.6,37.9,5098039.0,13.8462941483121,False,0.0,False,0.0,False,0.0,True,3.0,False,1.5486194477791118,False,False,False,False,False
CAF,Central African Republic,2023,46.358,495.978897288721,42.439998626709,92.6,37.9,5152421.0,13.939220081887,True,1.0,False,0.0,False,0.0,True,4.0,True,-0.5800072568940493,False,False,False,False,False
CAN,Canada,2000,10.7,24271.0020563821,,6.2,,30685730.0,99.8666796985606,False,,False,0.0,False,0.0,False,,False,0.0,False,True,False,False,True
CAN,Canada,2001,10.8,23822.096210932,,6.2,,31020855.0,99.8688346973746,False,,False,0.0,False,0.0,False,,False,0.0,False,True,False,False,True
CAN,Canada,2002,10.5,24256.0598742201,,6.2,,31359199.0,99.869342983024,False,,False,0.0,False,0.0,False,,False,0.0,False,True,False,False,True
CAN,Canada,2003,10.6,28301.9097055898,,6.2,,31642461.0,99.8698601366665,False,,False,0.0,False,0.0,False,,False,0.0,False,True,False,False,True
CAN,Canada,2004,10.6,32145.5653280273,,6.1,,31938807.0,99.8703662409249,False,,False,0.0,False,0.0,False,,False,-0.016129032258064602,False,True,False,False,True
CAN,Canada,2005,10.7,36383.9671341396,,6.1,,32242732.0,99.8639583203514,False,,False,0.0,False,0.0,False,,False,-0.01294498381877024,False,True,False,False,True
CAN,Canada,2006,11.0,40504.8490329826,,6.0,,32571193.0,99.8430162755526,False,,False,0.0,False,0.0,False,,False,-0.025974025974025997,False,True,False,False,True
CAN,Canada,2007,11.3,44660.0838892281,,6.0,,32888886.0,99.7607606816524,False,,False,0.0,False,0.0,False,,False,-0.01960784313725492,False,True,False,False,True
CAN,Canada,2008,11.5,46710.3654423328,,5.9,,33247298.0,99.6782742849719,False,,False,0.0,False,0.0,False,,False,-0.02960526315789469,False,True,False,False,True
CAN,Canada,2009,11.4,40874.9612318547,,5.8,,33630069.0,99.5955583039344,False,,False,0.0,False,0.0,False,,False,-0.03654485049833897,False,True,False,False,True
CAN,Canada,2010,11.2,47560.8378831258,,5.7,,34005902.0,99.5126181540999,False,,False,0.0,False,0.0,False,,False,-0.04362416107382532,False,True,False,False,True
CAN,Canada,2011,11.0,52224.1237767406,,5.6,,34339221.0,99.4293838454061,False,,False,0.0,False,0.0,False,,False,-0.047619047619047665,False,True,False,False,True
CAN,Canada,2012,11.0,52670.1429540952,,5.6,,34713395.0,99.3455544247407,False,,False,0.0,False,0.0,False,,False,-0.03448275862068969,False,True,False,False,True
CAN,Canada,2013,10.9,52637.7313222622,,5.5,,35080992.0,99.2616780948354,False,,False,0.0,False,0.0,False,,False,-0.03846153846153857,False,True,False,False,True
CAN,Canada,2014,10.9,50960.8942086685,,5.4,,35434066.0,99.1777500183005,False,,False,0.0,False,0.0,False,,False,-0.042553191489361736,False,True,False,False,True
CAN,Canada,2015,10.7,43594.2379080706,,5.3,,35704498.0,99.0937780508687,False,,False,0.0,False,0.0,False,,False,-0.04676258992805767,False,True,False,False,True
CAN,Canada,2016,10.6,42314.1033623905,,5.3,,36110803.0,99.0097526693879,False,,False,0.0,False,0.0,False,,False,-0.03284671532846726,False,True,False,False,True
CAN,Canada,2017,10.3,45129.7335281051,,5.2,,36545075.0,98.9256763278337,False,,False,0.0,False,0.0,False,,False,-0.040590405904059,False,True,False,False,True
CAN,Canada,2018,10.1,46539.2177903178,,5.2,,37072620.0,98.84154412867,False,,False,0.0,False,0.0,False,,False,-0.026217228464419415,False,True,False,False,True
CAN,Canada,2019,9.9,46352.9695208927,,5.2,,37618495.0,98.7573247700797,False,,False,0.0,False,0.0,False,,False,-0.015151515151515164,False,True,False,False,True
CAN,Canada,2020,9.5,43537.8981198851,,5.2,,38028638.0,98.6730086081464,False,,False,0.0,False,0.0,False,,False,-0.007633587786259549,False,True,False,False,True
CAN,Canada,2021,9.8,52886.6407813788,,5.2,,38239864.0,98.5885671606396,False,,False,0.0,False,0.0,False,,False,-0.0038314176245211606,False,True,False,False,True
CAN,Canada,2022,9.1,56496.9275340663,,5.3,,38950132.0,98.5883597851291,False,,False,0.0,False,0.0,False,,False,0.019230769230769162,False,True,False,False,True
CAN,Canada,2023,8.8,54847.5370112652,,5.4,,40049088.0,98.5881318805776,False,,False,0.0,False,0.0,False,,True,0.0344827586206896,False,True,False,False,True
CHE,Switzerland,2000,10.9,39298.0968042444,,5.6,,7184250.0,99.8809744521453,False,,False,0.0,False,0.0,False,,False,0.0,False,True,False,False,True
CHE,Switzerland,2001,10.0,40133.6101965261,,5.5,,7229854.0,99.8809658313733,False,,False,0.0,False,0.0,False,,False,0.0,False,True,False,False,True
CHE,Switzerland,2002,9.9,43094.2492848494,,5.4,,7284753.0,99.8809871491783,False,,False,0.0,False,0.0,False,,False,0.0,False,True,False,False,True
CHE,Switzerland,2003,9.8,49947.3910175152,,5.3,,7339001.0,99.8810032241511,False,,False,0.0,False,0.0,False,,False,-0.0363636363636364,False,True,False,False,True
CHE,Switzerland,2004,9.9,55349.6164595028,,5.2,,7389625.0,99.8810219544494,False,,False,0.0,False,0.0,False,,False,-0.04587155963302752,False,True,False,False,True
CHE,Switzerland,2005,9.8,57080.0704338193,,5.1,,7437115.0,99.8810375348048,False,,False,0.0,False,0.0,False,,False,-0.055555555555555684,False,True,False,False,True
CHE,Switzerland,2006,9.8,59910.293405504,,4.9,,7483934.0,99.8810597647058,False,,False,0.0,False,0.0,False,,False,-0.07547169811320745,False,True,False,False,True
CHE,Switzerland,2007,9.9,66082.1233977532,,4.8,,7551117.0,99.8810759344812,False,,False,0.0,False,0.0,False,,False,-0.07335907335907334,False,True,False,False,True
CHE,Switzerland,2008,10.0,75147.5376709155,,4.7,,7647675.0,99.8810918351395,False,,False,0.0,False,0.0,False,,False,-0.0711462450592886,False,True,False,False,True
CHE,Switzerland,2009,10.1,72788.2049524379,,4.6,,7743831.0,99.8811142742757,False,,False,0.0,False,0.0,False,,False,-0.06882591093117407,False,True,False,False,True
CHE,Switzerland,2010,10.3,77956.1262043942,,4.6,,7824909.0,99.8811300380304,False,,False,0.0,False,0.0,False,,False,-0.045643153526971084,False,True,False,False,True
CHE,Switzerland,2011,10.2,91910.3964565203,,4.5,,7912398.0,99.884002235061,False,,False,0.0,False,0.0,False,,False,-0.046610169491525376,False,True,False,False,True
CHE,Switzerland,2012,10.3,87269.5594780124,,4.4,,7996861.0,99.8868750975179,False,,False,0.0,False,0.0,False,,False,-0.05172413793103434,False,True,False,False,True
CHE,Switzerland,2013,10.2,88851.2374497983,,4.4,,8089346.0,99.8897357144211,False,,False,0.0,False,0.0,False,,False,-0.03508771929824545,False,True,False,False,True
CHE,Switzerland,2014,10.4,90511.6484558843,,4.3,,8188649.0,99.8925900927449,False,,False,0.0,False,0.0,False,,False,-0.04444444444444448,False,True,False,False,True
CHE,Switzerland,2015,10.5,85265.06205193,,4.3,,8282396.0,99.8954458615596,False,,False,0.0,False,0.0,False,,False,-0.031531531531531466,False,True,False,False,True
CHE,Switzerland,2016,10.5,83432.4111596314,,4.2,,8373338.0,99.8982917124867,False,,False,0.0,False,0.0,False,,False,-0.04109589041095884,False,True,False,False,True
CHE,Switzerland,2017,10.3,83610.248611484,,4.1,,8451840.0,99.8998756361922,False,,False,0.0,False,0.0,False,,False,-0.05092592592592607,False,True,False,False,True
CHE,Switzerland,2018,10.3,87002.3382293532,,4.1,,8514329.0,99.8998706855138,False,,False,0.0,False,0.0,False,,False,-0.037558685446009425,False,True,False,False,True
CHE,Switzerland,2019,10.0,85872.9702303454,,4.0,,8575280.0,99.8998728058584,False,,False,0.0,False,0.0,False,,False,-0.04761904761904766,False,True,False,False,True
CHE,Switzerland,2020,9.9,87529.7016394892,,4.0,,8638167.0,99.8998740977632,False,,False,0.0,False,0.0,False,,False,-0.033816425120772875,False,True,False,False,True
CHE,Switzerland,2021,10.3,96582.8687080693,,4.0,,8704546.0,99.8998704339259,False,,False,0.0,False,0.0,False,,False,-0.01960784313725492,False,True,False,False,True
CHE,Switzerland,2022,9.4,97809.095567203,,3.9,,8777088.0,99.8998753786739,False,,False,0.0,False,0.0,False,,False,-0.034653465346534684,False,True,False,False,True
CHE,Switzerland,2023,9.0,104449.75451772,,3.9,,8888822.0,99.8998744202541,False,,False,0.0,False,0.0,False,,True,-0.025000000000000022,False,True,False,False,True
CHI,Channel Islands,2000,11.4,43479.1940767689,,,,148110.0,,False,,False,,False,0.0,False,,False,0.0,False,True,True,False,True
CHI,Channel Islands,2001,11.1,41873.7406146127,,,,148850.0,,False,,False,,False,0.0,False,,False,0.0,False,True,True,False,True
CHI,Channel Islands,2002,10.8,44459.7318188977,,,,149881.0,,False,,False,,False,0.0,False,,False,0.0,False,True,True,False,True
CHI,Channel Islands,2003,10.9,48570.7796632166,,,,150960.0,,False,,False,,False,0.0,False,,False,0.0,False,True,True,False,True
CHI,Channel Islands,2004,10.7,56259.5344226334,,,,152039.0,,False,,False,,False,0.0,False,,False,0.0,False,True,True,False,True
CHI,Channel Islands,2005,10.2,57647.1188908006,,,,153126.0,,False,,False,,False,0.0,False,,False,0.0,False,True,True,False,True
CHI,Channel Islands,2006,10.2,62745.1006593557,,,,154214.0,,False,,False,,False,0.0,False,,False,0.0,False,True,True,False,True
CHI,Channel Islands,2007,10.5,74139.97799443,,,,155309.0,,False,,False,,False,0.0,False,,False,0.0,False,True,True,False,True
CHI,Channel Islands,2008,10.5,74139.97799443,,,,156408.0,,False,,False,,True,1.0,False,,False,0.0,False,True,True,False,True
CHI,Channel Islands,2009,10.5,57778.5407063052,,,,157511.0,,False,,False,,False,0.0,False,,False,0.0,False,True,True,False,True
CHI,Channel Islands,2010,10.5,56123.4597963451,,,,158621.0,,False,,False,,False,0.0,False,,False,0.0,False,True,True,False,True
CHI,Channel Islands,2011,10.5,60415.2632075658,,,,159706.0,,False,,False,,False,0.0,False,,False,0.0,False,True,True,False,True
CHI,Channel Islands,2012,10.3,58809.5698945413,,,,160767.0,,False,,False,,False,0.0,False,,False,0.0,False,True,True,False,True
CHI,Channel Islands,2013,10.1,59308.4666588674,,,,161777.0,,False,,False,,False,0.0,False,,False,0.0,False,True,True,False,True
CHI,Channel Islands,2014,9.8,64697.5485024325,,,,162726.0,,False,,False,,False,0.0,False,,False,0.0,False,True,True,False,True
CHI,Channel Islands,2015,9.5,61847.8212238857,,,,163454.0,,False,,False,,False,0.0,False,,False,0.0,False,True,True,False,True
CHI,Channel Islands,2016,9.2,55947.579811974,,,,163883.0,,False,,False,,False,0.0,False,,False,0.0,False,True,True,False,True
CHI,Channel Islands,2017,8.8,55806.3554257428,,,,164319.0,,False,,False,,False,0.0,False,,False,0.0,False,True,True,False,True
CHI,Channel Islands,2018,8.5,60784.8125397162,,,,164949.0,,False,,False,,False,0.0,False,,False,0.0,False,True,True,False,True
CHI,Channel Islands,2019,8.3,60564.6293993681,,,,165639.0,,False,,False,,False,0.0,False,,False,0.0,False,True,True,False,True
CHI,Channel Islands,2020,8.2,56785.9402005039,,,,166235.0,,False,,False,,False,0.0,False,,False,0.0,False,True,True,False,True
CHI,Channel Islands,2021,8.2,66915.3963925722,,,,166741.0,,False,,False,,False,0.0,False,,False,0.0,False,True,True,False,True
CHI,Channel Islands,2022,8.2,67627.1417347907,,,,167215.0,,False,,False,,False,0.0,False,,False,0.0,False,True,True,False,True
CHI,Channel Islands,2023,8.2,74585.5224096294,,,,167691.0,,False,,False,,False,0.0,False,,True,0.0,False,True,True,False,True
CHL,Chile,2000,16.322,5052.99245766325,,10.9,,15503635.0,93.0315875725164,False,,False,0.0,False,0.0,False,,False,0.0,False,False,False,False,False
CHL,Chile,2001,15.914,4563.5952986689,,10.3,2.8,15683849.0,93.4409142723436,False,0.0,False,0.0,False,0.0,False,,False,0.0,True,False,False,False,False
CHL,Chile,2002,15.249,4430.84741157984,95.7200012207031,9.8,2.5,15857925.0,93.8324984055007,False,0.0,False,0.0,False,0.0,False,0.0,False,0.0,False,False,False,False,False
CHL,Chile,2003,14.789,4773.40177520754,95.7200012207031,9.4,2.5,16024752.0,94.1786535457262,False,0.0,False,0.0,False,0.0,True,1.0,False,-0.09032258064516131,False,False,False,False,False
CHL,Chile,2004,14.415,6120.59152055344,95.7200012207031,9.2,2.4,16187322.0,94.5235711330979,False,0.0,False,0.0,False,0.0,True,2.0,False,-0.08910891089108931,False,False,False,False,False
CHL,Chile,2005,14.23,7480.32330998636,95.7200012207031,9.1,2.4,16348778.0,94.8666435594801,True,1.0,False,0.0,False,0.0,True,3.0,False,-0.08266129032258067,False,False,False,False,False
CHL,Chile,2006,13.995,9318.65655296121,95.7200012207031,9.0,2.2,16509195.0,95.2084736344443,False,0.0,False,0.0,False,0.0,True,4.0,False,-0.058577405857740635,False,False,False,False,False
CHL,Chile,2007,14.194,10346.4138184533,95.7200012207031,8.9,2.1,16671581.0,95.5487017791555,False,0.0,False,0.0,False,0.0,True,5.0,False,-0.04301075268817208,False,False,False,False,False
CHL,Chile,2008,14.353,10683.2188772511,95.7200012207031,8.8,2.0,16838988.0,95.8876613172274,False,0.0,False,0.0,False,0.0,True,6.0,False,-0.03508771929824564,False,False,False,False,False
CHL,Chile,2009,14.363,10098.8017167286,95.7200012207031,8.8,2.0,17009731.0,96.2250417785822,True,1.0,False,0.0,False,0.0,True,7.0,False,-0.022222222222222143,False,False,False,False,False
CHL,Chile,2010,14.23,12632.8704724192,95.7200012207031,8.7,2.0,17181464.0,96.5608717645089,True,2.0,False,0.0,False,0.0,True,8.0,False,-0.024663677130044914,False,False,False,False,False
CHL,Chile,2011,14.017,14487.3927832032,96.6999969482422,8.6,2.0,17351816.0,96.895427820741,True,3.0,False,0.0,False,0.0,False,0.0,False,-0.02714932126696835,False,False,False,False,False
CHL,Chile,2012,13.776,15241.9069981119,96.6999969482422,8.4,2.0,17519119.0,97.2284642217627,True,4.0,False,0.0,False,0.0,True,1.0,False,-0.04109589041095884,False,False,False,False,False
CHL,Chile,2013,13.622,15683.5486369155,96.2699966430664,8.3,1.8,17687006.0,97.5601040614425,False,0.0,False,0.0,False,0.0,False,0.0,False,-0.04157043879907615,False,False,False,False,False
CHL,Chile,2014,13.473,14529.6767206336,96.2699966430664,8.1,1.8,17864195.0,97.8903546452322,False,0.0,False,0.0,False,0.0,True,1.0,False,-0.05373831775700944,False,False,False,False,False
CHL,Chile,2015,13.147,13433.9202987032,96.870002746582,7.9,1.8,18047625.0,98.2192140338201,True,1.0,False,0.0,False,0.0,False,0.0,False,-0.06175771971496432,False,False,False,False,False
CHL,Chile,2016,12.685,13649.8520452803,96.870002746582,7.7,1.8,18267221.0,98.5469573760897,True,2.0,False,0.0,False,0.0,True,1.0,False,-0.06779661016949168,False,False,False,False,False
CHL,Chile,2017,11.763,14879.9086227187,96.4000015258789,7.6,1.8,18558868.0,98.8734482786872,True,3.0,False,0.0,False,0.0,False,0.0,False,-0.05940594059405967,False,False,False,False,False
CHL,Chile,2018,11.698,15659.4808675628,96.4000015258789,7.3,1.8,18893191.0,99.1482997350228,True,4.0,False,0.0,False,0.0,True,1.0,False,-0.07828282828282819,False,False,False,False,False
CHL,Chile,2019,10.94,14496.9345640362,96.4000015258789,7.0,1.8,19197744.0,99.2440906332437,True,5.0,False,0.0,False,0.0,True,2.0,False,-0.0932642487046633,False,False,False,False,False
CHL,Chile,2020,10.097,13117.9930230086,96.4000015258789,6.8,1.8,19370624.0,99.3144814902357,True,6.0,False,0.0,False,0.0,True,3.0,False,-0.09333333333333335,False,False,False,False,False
CHL,Chile,2021,9.07,16216.1840860289,96.4000015258789,6.7,1.8,19456334.0,100.0,True,7.0,False,0.0,False,0.0,True,4.0,False,-0.07967032967032957,False,False,False,False,False
CHL,Chile,2022,9.672,15399.1044717559,96.4000015258789,6.8,1.8,19553036.0,99.9999982963226,True,8.0,False,0.0,False,0.0,True,5.0,False,-0.039548022598870095,False,False,False,False,False
CHL,Chile,2023,8.963,17081.5180740049,96.4000015258789,6.9,1.8,19658835.0,100.0,True,9.0,False,0.0,False,0.0,True,6.0,True,-0.0028901734104045626,False,False,False,False,False
CHN,China,2000,14.03,969.199513696287,90.9199981689453,36.6,17.8,1262645000.0,56.8201092570023,False,0.0,False,0.0,False,0.0,False,0.0,False,0.0,False,False,False,False,False
CHN,China,2001,13.38,1065.40597574519,90.9199981689453,34.1,17.8,1271850000.0,57.5684600392291,True,1.0,False,0.0,False,0.0,True,1.0,False,0.0,False,False,False,False,False
CHN,China,2002,12.86,1163.55957673426,90.9199981689453,31.4,21.8,1280400000.0,59.7190918918749,False,0.0,False,0.0,False,0.0,True,2.0,False,0.0,False,False,False,False,False
CHN,China,2003,12.41,1306.97245408557,90.9199981689453,28.8,21.8,1288400000.0,61.8436136467816,True,1.0,False,0.0,False,0.0,True,3.0,False,-0.1537708129285014,False,False,False,False,False
CHN,China,2004,12.29,1530.92726215723,90.9199981689453,26.3,21.8,1296075000.0,63.9406214031558,True,2.0,False,0.0,False,0.0,True,4.0,False,-0.19633307868601987,False,False,False,False,False
CHN,China,2005,12.4,1777.64496828464,90.9199981689453,24.0,11.7,1303720000.0,66.007414871417,False,0.0,False,0.0,False,0.0,True,5.0,False,-0.23664122137404575,False,False,False,False,False
CHN,China,2006,12.09,2129.25696999613,90.9199981689453,21.9,11.7,1311020000.0,68.0323487727096,True,1.0,False,0.0,False,0.0,True,6.0,False,-0.24273858921161845,False,False,False,False,False
CHN,China,2007,12.1,2734.72709877693,90.9199981689453,20.1,11.7,1317885000.0,70.020980914326,True,2.0,False,0.0,False,0.0,True,7.0,False,-0.24093655589123864,False,False,False,False,False
CHN,China,2008,12.14,3523.44302065213,90.9199981689453,18.5,9.8,1324655000.0,71.9796237589,False,0.0,False,0.0,False,0.0,True,8.0,False,-0.23616845582163498,False,False,False,False,False
CHN,China,2009,11.95,3898.24459158811,90.9199981689453,17.1,9.0,1331260000.0,73.906061649452,False,0.0,False,0.0,False,0.0,True,9.0,False,-0.22833935018050536,False,False,False,False,False
CHN,China,2010,11.9,4629.24551710077,95.120002746582,15.7,9.4,1337705000.0,75.8010481056182,False,0.0,False,0.0,False,0.0,False,0.0,False,-0.2273622047244095,False,False,False,False,False
CHN,China,2011,13.27,5703.76027973346,95.120002746582,14.6,9.4,1345035000.0,77.6512502388913,True,1.0,False,0.0,False,0.0,True,1.0,False,-0.21757770632368706,False,False,False,False,False
CHN,China,2012,14.57,6405.0574241349,95.120002746582,13.5,9.4,1354190000.0,79.464667537609,True,2.0,False,0.0,False,0.0,True,2.0,False,-0.21511627906976757,False,False,False,False,False
CHN,China,2013,13.03,7147.03518622344,95.120002746582,12.5,8.1,1363240000.0,81.2468005281191,False,0.0,False,0.0,False,0.0,True,3.0,False,-0.21284634760705293,False,False,False,False,False
CHN,China,2014,13.83,7781.06597484974,95.120002746582,11.6,8.1,1371860000.0,82.9984761523817,True,1.0,False,0.0,False,0.0,True,4.0,False,-0.2098092643051772,False,False,False,False,False
CHN,China,2015,11.99,8175.33285077393,95.120002746582,10.7,8.1,1379860000.0,84.7193121416501,True,2.0,False,0.0,False,0.0,True,5.0,False,-0.212076583210604,False,False,False,False,False
CHN,China,2016,13.57,8254.86859320357,95.120002746582,10.0,8.1,1387790000.0,86.4094766918916,True,3.0,False,0.0,False,0.0,True,6.0,False,-0.20508744038155793,False,False,False,False,False
CHN,China,2017,12.64,8979.67652709856,95.120002746582,9.3,4.8,1396215000.0,88.0683084431652,False,0.0,False,0.0,False,0.0,True,7.0,False,-0.20240137221269291,False,False,False,False,False
CHN,China,2018,10.86,10085.6638148819,95.120002746582,8.6,4.8,1402760000.0,89.6942189460529,True,1.0,False,0.0,False,0.0,True,8.0,False,-0.20517560073937158,False,False,False,False,False
CHN,China,2019,10.41,10342.9009524335,95.120002746582,8.0,4.8,1407745000.0,91.2881339239822,True,2.0,False,0.0,False,0.0,True,9.0,False,-0.203187250996016,False,False,False,False,False
CHN,China,2020,8.52,10627.4637989619,96.7399978637695,7.5,4.8,1411100000.0,92.8514975328901,True,3.0,False,0.0,False,0.0,False,0.0,False,-0.19527896995708158,False,False,False,False,False
CHN,China,2021,7.52,12887.4357242941,96.7399978637695,7.0,4.8,1412360000.0,94.3857583646751,True,4.0,False,0.0,False,0.0,True,1.0,False,-0.19354838709677433,False,False,False,False,False
CHN,China,2022,6.77,12970.6056414327,96.7399978637695,6.6,4.8,1412175000.0,95.8923648413213,True,5.0,False,0.0,False,0.0,True,2.0,False,-0.1831683168316834,False,False,False,False,False
CHN,China,2023,6.39,12951.1782397043,96.7399978637695,6.1,4.8,1410710000.0,97.2411682339468,True,6.0,False,0.0,False,0.0,True,3.0,True,-0.19098143236074286,False,False,False,False,False
CIV,Cote d'Ivoire,2000,44.278,936.636541348798,48.7400016784668,140.4,,17699004.0,20.0416175559052,False,,False,0.0,False,0.0,False,0.0,False,0.0,False,False,False,False,False
CIV,Cote d'Ivoire,2001,43.902,924.727294962066,48.7400016784668,136.9,,18178913.0,20.7171311612942,False,,False,0.0,False,0.0,True,1.0,False,0.0,False,False,False,False,False
CIV,Cote d'Ivoire,2002,43.4,967.815864415991,48.7400016784668,133.1,,18654771.0,21.3928455958678,False,,False,0.0,False,0.0,True,2.0,False,0.0,False,False,False,False,False
CIV,Cote d'Ivoire,2003,42.802,1111.17135087887,48.7400016784668,129.2,,19125542.0,22.0684596804749,False,,False,0.0,False,0.0,True,3.0,False,-0.05555555555555552,False,False,False,False,False
CIV,Cote d'Ivoire,2004,42.276,1199.82524528546,48.7400016784668,125.3,,19595000.0,22.7442737383766,False,,False,0.0,False,0.0,True,4.0,False,-0.0711638250555968,False,False,False,False,False
CIV,Cote d'Ivoire,2005,41.927,1197.74616979415,48.7400016784668,121.2,,20068458.0,23.5549453716697,False,,False,0.0,False,0.0,True,5.0,False,-0.08858474958640387,False,False,False,False,False
CIV,Cote d'Ivoire,2006,41.441,1230.43056838584,48.7400016784668,117.4,,20546802.0,24.3743169320385,False,,False,0.0,False,0.0,True,6.0,False,-0.09090909090909097,False,False,False,False,False
CIV,Cote d'Ivoire,2007,40.961,1367.53817722326,48.7400016784668,113.5,39.0,21030558.0,25.2023258965762,False,0.0,False,0.0,False,0.0,True,7.0,False,-0.0937400191632067,False,False,False,False,False
CIV,Cote d'Ivoire,2008,40.474,1583.97066701372,48.7400016784668,109.0,39.0,21514439.0,26.0389018909406,True,1.0,False,0.0,False,0.0,True,8.0,False,-0.10154962083745452,False,False,False,False,False
CIV,Cote d'Ivoire,2009,40.745,1540.45393569596,48.7400016784668,105.2,39.0,21997940.0,26.8833706227341,True,2.0,False,0.0,False,0.0,True,9.0,False,-0.10300136425648031,False,False,False,False,False
CIV,Cote d'Ivoire,2010,40.936,1553.54887048143,48.7400016784668,101.6,39.0,22488065.0,27.736273942075,True,3.0,False,0.0,False,0.0,True,10.0,False,-0.10294896697863344,False,False,False,False,False
CIV,Cote d'Ivoire,2011,40.846,1596.62826565998,48.7400016784668,98.4,27.2,22982000.0,28.5975387967836,False,0.0,False,0.0,False,0.0,True,11.0,False,-0.10005487470276189,False,False,False,False,False
CIV,Cote d'Ivoire,2012,40.688,1546.9460184731,48.7400016784668,95.3,29.9,23467078.0,29.4667970282772,False,0.0,False,0.0,False,0.0,True,12.0,False,-0.09702482471101012,False,False,False,False,False
CIV,Cote d'Ivoire,2013,40.451,1786.15862031324,48.7400016784668,92.0,29.9,23939775.0,30.3439798658214,True,1.0,False,0.0,False,0.0,True,13.0,False,-0.09715407262021594,False,False,False,False,False
CIV,Cote d'Ivoire,2014,39.841,1991.36539423404,43.9099998474121,88.6,29.9,24527395.0,31.2290182892459,True,2.0,False,0.0,False,0.0,False,0.0,False,-0.10050761421319802,False,False,False,False,False
CIV,Cote d'Ivoire,2015,38.768,1814.71855088017,43.9099998474121,85.5,29.9,25246342.0,32.1245714539308,True,3.0,False,0.0,False,0.0,True,1.0,False,-0.10170203824332837,False,False,False,False,False
CIV,Cote d'Ivoire,2016,37.742,1862.59597081287,50.0400009155273,83.0,21.6,25989405.0,33.0299664803717,False,0.0,False,0.0,False,0.0,False,0.0,False,-0.09743366681165717,False,False,False,False,False
CIV,Cote d'Ivoire,2017,36.58,1964.29930338343,50.0400009155273,80.5,21.6,26733372.0,33.945429522791,True,1.0,False,0.0,False,0.0,True,1.0,False,-0.09428442844284424,False,False,False,False,False
CIV,Cote d'Ivoire,2018,35.081,2130.86619381144,50.0400009155273,77.9,21.6,27464173.0,34.8708875943719,True,2.0,False,0.0,False,0.0,True,2.0,False,-0.0933426443202979,False,False,False,False,False
CIV,Cote d'Ivoire,2019,34.306,2141.76836170115,56.9592400560829,75.3,21.6,28193009.0,35.8059580233634,True,3.0,False,0.0,False,0.0,False,0.0,False,-0.09386281588447651,False,False,False,False,False
CIV,Cote d'Ivoire,2020,33.651,2179.72934832935,56.9592400560829,73.0,21.6,28915449.0,36.7505613601134,True,4.0,False,0.0,False,0.0,True,1.0,False,-0.09249129786176029,False,False,False,False,False
CIV,Cote d'Ivoire,2021,33.081,2455.98127641148,50.0,70.8,23.4,29639736.0,37.704616869195,False,0.0,False,0.0,False,0.0,False,0.0,False,-0.09160892994611257,False,False,False,False,False
CIV,Cote d'Ivoire,2022,32.5,2333.37128301259,50.0,68.7,23.4,30395002.0,38.6680398290793,True,1.0,False,0.0,False,0.0,True,1.0,False,-0.09006622516556288,False,False,False,False,False
CIV,Cote d'Ivoire,2023,31.99,2591.9659048119,50.0,66.5,23.4,31165654.0,39.6407426651959,True,2.0,False,0.0,False,0.0,True,2.0,True,-0.09078479628110492,False,False,False,False,False
CMR,Cameroon,2000,40.878,708.565731625965,68.4100036621094,143.9,,14912631.0,37.5661811000038,False,,False,0.0,False,0.0,False,0.0,False,0.0,False,False,False,False,False
CMR,Cameroon,2001,40.669,715.470296470585,68.4100036621094,141.0,,15309490.0,37.7799954148968,False,,False,0.0,False,0.0,True,1.0,False,0.0,False,False,False,False,False
CMR,Cameroon,2002,40.8,789.623811072554,68.4100036621094,137.6,,15725528.0,37.9947075137207,False,,False,0.0,False,0.0,True,2.0,False,0.0,False,False,False,False,False
CMR,Cameroon,2003,41.074,988.241276791846,68.4100036621094,134.3,,16160340.0,38.3633336781567,False,,False,0.0,False,0.0,True,3.0,False,-0.04639053254437868,False,False,False,False,False
CMR,Cameroon,2004,41.275,1133.39326749673,68.4100036621094,130.9,35.6,16610487.0,38.736762781943,False,0.0,False,0.0,False,0.0,True,4.0,False,-0.05962643678160908,False,False,False,False,False
CMR,Cameroon,2005,41.319,1142.62466252106,68.4100036621094,127.6,35.6,17074594.0,39.1141100533379,True,1.0,False,0.0,False,0.0,True,5.0,False,-0.07226988512432765,False,False,False,False,False
CMR,Cameroon,2006,41.115,1191.45458990968,68.4100036621094,124.2,37.6,17550407.0,39.4959944299355,False,0.0,False,0.0,False,0.0,True,6.0,False,-0.07506702412868652,False,False,False,False,False
CMR,Cameroon,2007,40.897,1325.67248215933,70.6800003051758,120.8,37.6,18049896.0,39.8824343932762,True,1.0,False,0.0,False,0.0,False,0.0,False,-0.07729911396272546,False,False,False,False,False
CMR,Cameroon,2008,40.665,1492.14269801453,70.6800003051758,117.2,37.6,18574056.0,40.2734502147764,True,2.0,False,0.0,False,0.0,True,1.0,False,-0.08121668234556276,False,False,False,False,False
CMR,Cameroon,2009,40.359,1461.38999232337,70.6800003051758,113.7,37.6,19113974.0,40.6687438087427,True,3.0,False,0.0,False,0.0,True,2.0,False,-0.08409859835669414,False,False,False,False,False
CMR,Cameroon,2010,39.837,1398.58702025047,71.1900024414062,109.5,37.6,19668066.0,41.0686436848584,True,4.0,False,0.0,False,0.0,False,0.0,False,-0.09279204639602322,False,False,False,False,False
CMR,Cameroon,2011,39.217,1513.96056994878,71.1900024414062,105.2,32.6,20232304.0,41.47285114669,False,0.0,False,0.0,False,0.0,True,1.0,False,-0.1014690809702767,False,False,False,False,False
CMR,Cameroon,2012,38.651,1449.09874362279,71.1900024414062,100.8,32.6,20809529.0,41.8813685431632,True,1.0,False,0.0,False,0.0,True,2.0,False,-0.11016949152542377,False,False,False,False,False
CMR,Cameroon,2013,38.076,1575.92882118897,71.1900024414062,96.5,32.6,21402376.0,42.2938755253473,True,2.0,False,0.0,False,0.0,True,3.0,False,-0.11694729136163984,False,False,False,False,False
CMR,Cameroon,2014,37.548,1649.4433905949,71.1900024414062,92.4,31.7,22059893.0,42.7103744161323,False,0.0,False,0.0,False,0.0,True,4.0,False,-0.12117177097203735,False,False,False,False,False
CMR,Cameroon,2015,37.719,1415.00009710569,71.1900024414062,88.5,31.7,22763414.0,43.1308620153925,True,1.0,False,0.0,False,0.0,True,5.0,False,-0.12272006344171289,False,False,False,False,False
CMR,Cameroon,2016,37.775,1441.7201725688,71.1900024414062,85.1,31.7,23454161.0,43.555339313602,True,2.0,False,0.0,False,0.0,True,6.0,False,-0.11977658254033925,False,False,False,False,False
CMR,Cameroon,2017,37.516,1496.08951771242,71.1900024414062,81.9,31.7,24128601.0,43.9831129823405,True,3.0,False,0.0,False,0.0,True,7.0,False,-0.11612346211957686,False,False,False,False,False
CMR,Cameroon,2018,36.899,1610.69641591017,72.5500030517578,78.9,28.9,24806383.0,44.4148640176423,False,0.0,False,0.0,False,0.0,False,0.0,False,-0.11228622862286232,False,False,False,False,False
CMR,Cameroon,2019,36.183,1555.22660476477,72.5500030517578,76.6,28.9,25506095.0,44.8498829146317,True,1.0,False,0.0,False,0.0,True,1.0,False,-0.10262417994376749,False,False,False,False,False
CMR,Cameroon,2020,35.438,1555.60370660749,72.5500030517578,74.4,28.9,26210558.0,45.2885112207418,True,2.0,False,0.0,False,0.0,True,2.0,False,-0.09489051094890508,False,False,False,False,False
CMR,Cameroon,2021,34.778,1672.32657340872,72.5500030517578,71.9,28.9,26915758.0,45.7300133468788,True,3.0,False,0.0,False,0.0,True,3.0,False,-0.09423028470647506,False,False,False,False,False
CMR,Cameroon,2022,34.268,1604.87726954895,72.5500030517578,69.4,28.9,27632771.0,46.1747220268822,True,4.0,False,0.0,False,0.0,True,4.0,False,-0.09564764138649974,False,False,False,False,False
CMR,Cameroon,2023,33.743,1720.47510154506,72.5500030517578,67.0,28.9,28372687.0,46.6226225275107,True,5.0,False,0.0,False,0.0,True,5.0,True,-0.09752155172413804,False,False,False,False,False
COD,"Congo, Dem. Rep.",2000,45.298,377.925421481395,,184.6,,50507442.0,23.7477310886232,False,,False,0.0,False,0.0,False,,False,0.0,False,False,False,False,False
COD,"Congo, Dem. Rep.",2001,44.977,142.678142604412,67.1699981689453,178.4,44.4,52132646.0,23.2925757259411,False,0.0,False,0.0,False,0.0,False,0.0,False,0.0,False,False,False,False,False
COD,"Congo, Dem. Rep.",2002,44.559,162.38052907429,67.1699981689453,172.2,44.4,53750524.0,22.8409794207926,True,1.0,False,0.0,False,0.0,True,1.0,False,0.0,False,False,False,False,False
COD,"Congo, Dem. Rep.",2003,44.155,161.491553524396,67.1699981689453,165.9,44.4,55343867.0,22.3929738740922,True,2.0,False,0.0,False,0.0,True,2.0,False,-0.07006726457399103,False,False,False,False,False
COD,"Congo, Dem. Rep.",2004,43.781,180.664764963633,67.1699981689453,159.4,44.4,56997741.0,21.9485957968142,True,3.0,False,0.0,False,0.0,True,3.0,False,-0.09057195835116245,False,False,False,False,False
COD,"Congo, Dem. Rep.",2005,43.728,214.539740473519,67.1699981689453,124.4,44.4,58775724.0,21.5079480867388,True,4.0,False,0.0,False,0.0,True,4.0,False,-0.27716443927948864,True,False,False,False,False
COD,"Congo, Dem. Rep.",2006,43.973,255.445229568751,67.1699981689453,118.9,44.4,60615908.0,21.0891369417888,True,5.0,False,0.0,False,0.0,True,5.0,False,-0.2571535674122204,False,False,False,False,False
COD,"Congo, Dem. Rep.",2007,43.961,294.101615124419,67.1699981689453,113.8,45.8,62477752.0,20.6788073735842,False,0.0,False,0.0,False,0.0,True,6.0,False,-0.23191144708423325,False,False,False,False,False
COD,"Congo, Dem. Rep.",2008,44.011,352.900363371995,67.1699981689453,109.2,45.8,64390664.0,20.2769257473546,True,1.0,False,0.0,False,0.0,True,7.0,False,-0.19988276670574434,False,False,False,False,False
COD,"Congo, Dem. Rep.",2009,44.032,280.178991035792,67.1699981689453,105.0,45.8,66412044.0,19.8835866395137,True,2.0,False,0.0,False,0.0,True,8.0,False,-0.16093974748281933,False,False,False,False,False
COD,"Congo, Dem. Rep.",2010,43.92,352.400398754692,67.1699981689453,101.4,43.4,68563038.0,19.4987263873328,False,0.0,False,0.0,False,0.0,True,9.0,False,-0.11255032382286002,False,False,False,False,False
COD,"Congo, Dem. Rep.",2011,43.981,372.514273875789,67.1699981689453,98.3,43.4,70849311.0,19.1224518584775,True,1.0,False,0.0,False,0.0,True,10.0,False,-0.10359292358198079,False,False,False,False,False
COD,"Congo, Dem. Rep.",2012,43.95,409.931424783784,75.0199966430664,95.9,43.4,73254618.0,18.754668067258,True,2.0,False,0.0,False,0.0,False,0.0,False,-0.0913397763880993,False,False,False,False,False
COD,"Congo, Dem. Rep.",2013,43.69,460.370334930107,75.0199966430664,94.1,42.7,75789395.0,18.3953621300218,False,0.0,False,0.0,False,0.0,True,1.0,False,-0.07708905453118883,False,False,False,False,False
COD,"Congo, Dem. Rep.",2014,43.505,489.175952097319,75.0199966430664,92.7,42.7,78403242.0,18.044594889942,True,1.0,False,0.0,False,0.0,True,2.0,False,-0.06306852637962397,False,False,False,False,False
COD,"Congo, Dem. Rep.",2015,43.236,495.826633014883,75.0199966430664,91.9,42.7,81035531.0,17.7022823048892,True,2.0,False,0.0,False,0.0,True,3.0,False,-0.047470978441127534,False,False,False,False,False
COD,"Congo, Dem. Rep.",2016,42.875,459.765036590388,77.0400009155273,91.5,42.7,83956415.0,17.3684018777428,True,3.0,False,0.0,False,0.0,False,0.0,False,-0.03256502431803777,False,False,False,False,False
COD,"Congo, Dem. Rep.",2017,42.976,431.052559128788,77.0400009155273,91.5,41.8,87083398.0,17.0428367247806,False,0.0,False,0.0,False,0.0,True,1.0,False,-0.018450976185367934,False,False,False,False,False
COD,"Congo, Dem. Rep.",2018,42.887,518.169626875371,73.5500030517578,91.7,41.8,90047644.0,16.7256345274003,True,1.0,False,0.0,False,0.0,False,0.0,False,-0.006930907515702843,False,False,False,False,False
COD,"Congo, Dem. Rep.",2019,42.549,504.00419142286,73.5500030517578,92.2,41.8,92947442.0,16.416662028181,True,2.0,False,0.0,False,0.0,True,1.0,False,0.0037012845634661813,False,False,False,False,False
COD,"Congo, Dem. Rep.",2020,42.19,486.425572682256,65.6828744335957,92.7,41.8,95989998.0,16.1158651582213,True,3.0,False,0.0,False,0.0,False,0.0,False,0.010244115082824579,False,False,False,False,False
COD,"Congo, Dem. Rep.",2021,41.937,595.743074403567,65.6828744335957,92.9,41.8,99148932.0,16.1461710925268,True,4.0,False,0.0,False,0.0,True,1.0,False,0.010661444734551826,False,False,False,False,False
COD,"Congo, Dem. Rep.",2022,41.623,687.738587554685,65.6828744335957,92.5,41.8,102396968.0,16.1744730669276,True,5.0,False,0.0,False,0.0,True,2.0,False,0.0032537960954446546,False,False,False,False,False
COD,"Congo, Dem. Rep.",2023,41.305,660.21205238997,68.5,91.3,44.7,105789731.0,16.2386817602994,False,0.0,False,0.0,False,0.0,False,0.0,True,-0.011904761904761996,False,False,False,False,False
COG,"Congo, Rep.",2000,36.164,1024.30159109181,,112.5,,3151345.0,11.9201113215231,False,,False,0.0,False,0.0,False,,False,0.0,False,False,False,False,True
COG,"Congo, Rep.",2001,37.087,854.598314408095,,109.3,,3272537.0,11.9684717452745,False,,False,0.0,False,0.0,False,,False,0.0,False,False,False,False,True
COG,"Congo, Rep.",2002,37.316,905.538135544704,,104.6,,3350771.0,12.2942562189499,False,,False,0.0,False,0.0,False,,False,0.0,False,False,False,False,True
COG,"Congo, Rep.",2003,36.955,1016.82363412143,,98.9,,3445753.0,12.623677389001,False,,False,0.0,False,0.0,False,,False,-0.09099264705882346,False,False,False,False,True
COG,"Congo, Rep.",2004,37.113,1306.10136324599,,92.3,,3565554.0,13.081524943127,False,,False,0.0,False,0.0,False,,False,-0.13190688925464383,False,False,False,False,True
COG,"Congo, Rep.",2005,37.033,1799.05158366154,76.1100006103516,85.7,31.2,3696393.0,13.5511098859657,False,0.0,False,0.0,False,0.0,False,0.0,False,-0.17214064914992278,False,False,False,False,True
COG,"Congo, Rep.",2006,37.097,2103.5821381211,76.1100006103516,79.5,31.2,3837409.0,14.0325360521402,True,1.0,False,0.0,False,0.0,True,1.0,False,-0.19009779951100242,False,False,False,False,True
COG,"Congo, Rep.",2007,37.217,2206.47101863414,76.1100006103516,73.9,31.2,3980430.0,14.526041670099,True,2.0,False,0.0,False,0.0,True,2.0,False,-0.19848156182212578,False,False,False,False,True
COG,"Congo, Rep.",2008,38.0,2832.09177777643,76.1100006103516,69.2,31.2,4113517.0,15.0320398597223,True,3.0,False,0.0,False,0.0,True,3.0,False,-0.19590983035091794,False,False,False,False,True
COG,"Congo, Rep.",2009,38.009,2271.15219175966,76.1100006103516,65.3,31.2,4281219.0,15.5506904084731,True,4.0,False,0.0,False,0.0,True,4.0,False,-0.18497254118821777,False,False,False,False,True
COG,"Congo, Rep.",2010,38.911,2946.55798067708,76.1100006103516,62.4,31.2,4462290.0,16.0823108780158,True,5.0,False,0.0,False,0.0,True,5.0,False,-0.16488222698072805,False,False,False,False,True
COG,"Congo, Rep.",2011,38.403,3396.16505817952,76.1100006103516,60.0,24.4,4609724.0,16.6267539486772,False,0.0,False,0.0,False,0.0,True,6.0,False,-0.1435912075363974,False,False,False,False,True
COG,"Congo, Rep.",2012,37.82,3732.32737320389,76.1100006103516,57.9,24.4,4740450.0,17.1843319193312,True,1.0,False,0.0,False,0.0,True,7.0,False,-0.12484885126964931,False,False,False,False,True
COG,"Congo, Rep.",2013,36.824,3697.41705884249,76.1100006103516,56.2,24.4,4857099.0,17.7552084772419,True,2.0,False,0.0,False,0.0,True,8.0,False,-0.10736975857687417,False,False,False,False,True
COG,"Congo, Rep.",2014,35.819,3601.2365808718,76.1100006103516,54.5,21.2,4975880.0,18.3393600656814,False,0.0,False,0.0,False,0.0,True,9.0,False,-0.09708416169648773,False,False,False,False,True
COG,"Congo, Rep.",2015,34.932,2439.35189403696,76.1100006103516,52.7,21.2,5097581.0,18.9369281667441,True,1.0,False,0.0,False,0.0,True,10.0,False,-0.09450171821305842,False,False,False,False,True
COG,"Congo, Rep.",2016,34.093,2093.10728558843,76.1100006103516,51.0,21.2,5222536.0,19.5480521293593,True,2.0,False,0.0,False,0.0,True,11.0,False,-0.09349448986846791,False,False,False,False,True
COG,"Congo, Rep.",2017,33.413,2211.63309874797,76.1100006103516,49.3,21.2,5351011.0,20.1728789551264,True,3.0,False,0.0,False,0.0,True,12.0,False,-0.094748439221447,False,False,False,False,True
COG,"Congo, Rep.",2018,32.784,2694.43413191427,76.1100006103516,47.6,21.2,5483118.0,20.2685707874205,True,4.0,False,0.0,False,0.0,True,13.0,False,-0.0974592339780052,False,False,False,False,True
COG,"Congo, Rep.",2019,32.183,2488.42466724916,76.1100006103516,52.2,21.2,5616661.0,20.3642632516174,True,5.0,False,0.0,False,0.0,True,14.0,False,0.023128185025480197,True,False,False,False,True
COG,"Congo, Rep.",2020,31.741,1993.586671931,76.1100006103516,44.5,21.2,5752791.0,20.4597460251332,True,6.0,False,0.0,False,0.0,True,15.0,False,-0.1198575949367089,False,False,False,False,True
COG,"Congo, Rep.",2021,31.377,2516.16255145432,76.1100006103516,43.0,21.2,5892183.0,20.5548099594917,True,7.0,False,0.0,False,0.0,True,16.0,False,-0.12101390024529848,False,False,False,False,True
COG,"Congo, Rep.",2022,30.941,2620.83804267402,76.1100006103516,41.5,21.2,6035104.0,20.5548099594917,True,8.0,True,1.0,False,0.0,True,17.0,False,-0.12299239222316145,False,False,False,False,True
COG,"Congo, Rep.",2023,30.627,2477.97845544866,76.1100006103516,40.3,21.2,6182885.0,20.5548099594917,True,9.0,True,2.0,False,0.0,True,18.0,True,-0.11931818181818198,False,False,False,False,True
COL,Colombia,2000,22.258,2555.00751039968,,25.0,18.2,39089934.0,75.4148773585247,False,0.0,False,0.0,False,0.0,False,,False,0.0,False,False,False,False,False
COL,Colombia,2001,21.722,2472.99084035833,,24.2,18.2,39709262.0,76.3087852021203,True,1.0,False,0.0,False,0.0,False,,False,0.0,False,False,False,False,False
COL,Colombia,2002,21.352,2428.92969771584,,23.5,18.2,40324680.0,77.201981016796,True,2.0,False,0.0,False,0.0,False,,False,0.0,False,False,False,False,False
COL,Colombia,2003,20.928,2311.94218760291,,22.7,18.2,40937429.0,78.094433998105,True,3.0,False,0.0,False,0.0,False,,False,-0.06327372764786801,False,False,False,False,False
COL,Colombia,2004,20.278,2818.57195413044,92.8000030517578,22.1,18.2,41543171.0,78.9859213001689,True,4.0,False,0.0,False,0.0,False,0.0,False,-0.07337526205450734,False,False,False,False,False
COL,Colombia,2005,19.579,3456.06610874512,92.8499984741211,21.4,16.0,42128977.0,79.8764166229858,False,0.0,False,0.0,False,0.0,False,0.0,False,-0.08936170212765963,False,False,False,False,False
COL,Colombia,2006,18.965,3789.85361217027,92.3000030517578,20.7,16.0,42691084.0,80.7659057665672,True,1.0,False,0.0,False,0.0,False,0.0,False,-0.09130816505706768,False,False,False,False,False
COL,Colombia,2007,18.552,4769.926147194,92.6500015258789,20.1,16.0,43235374.0,81.654183644965,True,2.0,False,0.0,False,0.0,False,0.0,False,-0.08967391304347813,False,False,False,False,False
COL,Colombia,2008,18.191,5541.83629665898,93.379997253418,19.5,16.0,43758808.0,82.5414361223495,True,3.0,False,0.0,False,0.0,False,0.0,False,-0.0887850467289719,False,False,False,False,False
COL,Colombia,2009,17.656,5250.97292433518,93.2399978637695,18.8,16.0,44271541.0,83.4276365451397,True,4.0,False,0.0,False,0.0,False,0.0,False,-0.0944123314065511,False,False,False,False,False
COL,Colombia,2010,16.93,6398.2958447102,93.370002746582,18.2,12.6,44777319.0,84.3126146543662,False,0.0,False,0.0,False,0.0,False,0.0,False,-0.0945273631840797,False,False,False,False,False
COL,Colombia,2011,16.321,7400.9940695669,93.5800018310547,17.6,12.6,45259614.0,85.1963554743704,True,1.0,False,0.0,False,0.0,False,0.0,False,-0.09558067831449123,False,False,False,False,False
COL,Colombia,2012,15.986,8108.59838244229,93.5800018310547,17.1,12.6,45715810.0,86.0790424953877,True,2.0,False,0.0,False,0.0,True,1.0,False,-0.0923566878980891,False,False,False,False,False
COL,Colombia,2013,15.63,8279.10255642981,93.5800018310547,16.5,12.6,46151584.0,86.9605014574524,True,3.0,False,0.0,False,0.0,True,2.0,False,-0.09539473684210537,False,False,False,False,False
COL,Colombia,2014,15.258,8187.20824890084,94.1900024414062,16.0,12.6,46565429.0,87.8407302764007,True,4.0,False,0.0,False,0.0,False,0.0,False,-0.09297052154195014,False,False,False,False,False
COL,Colombia,2015,14.764,6248.51490534512,94.25,15.5,12.6,46969940.0,88.7199118898909,True,5.0,False,0.0,False,0.0,False,0.0,False,-0.09250585480093687,False,False,False,False,False
COL,Colombia,2016,14.271,5959.84250367574,94.6500015258789,15.0,12.7,47437512.0,89.5980252896949,False,0.0,False,0.0,False,0.0,False,0.0,False,-0.09310761789600963,False,False,False,False,False
COL,Colombia,2017,14.177,6479.53231292429,94.8873885601748,14.5,12.7,48131078.0,90.4749374427322,True,1.0,False,0.0,False,0.0,False,0.0,False,-0.09488139825218495,False,False,False,False,False
COL,Colombia,2018,14.195,6816.96818309544,95.0899963378906,14.0,12.7,49024465.0,91.3506596764722,True,2.0,False,0.0,False,0.0,False,0.0,False,-0.0967741935483871,False,False,False,False,False
COL,Colombia,2019,14.218,6472.54544924705,95.25,13.5,12.7,49907985.0,92.2252062631808,True,3.0,False,0.0,False,0.0,False,0.0,False,-0.1,False,False,False,False,False
COL,Colombia,2020,14.106,5339.68711357943,95.6399993896484,13.1,12.7,50629997.0,93.0987394041419,True,4.0,False,0.0,False,0.0,False,0.0,False,-0.09655172413793106,False,False,False,False,False
COL,Colombia,2021,13.947,6222.62164397614,95.6606500324449,12.7,12.7,51188173.0,93.9711220297613,True,5.0,False,0.0,False,0.0,False,0.0,False,-0.09415121255349503,False,False,False,False,False
COL,Colombia,2022,13.731,6680.44506854481,95.31030793119,12.3,12.7,51737944.0,94.8425154559797,True,6.0,False,0.0,False,0.0,False,0.0,False,-0.09292035398230075,False,False,False,False,False
COL,Colombia,2023,13.475,7012.49169137756,95.4566254983696,11.9,12.7,52321152.0,95.7128008202529,True,7.0,False,0.0,False,0.0,False,0.0,True,-0.0929878048780487,False,False,False,False,False
COM,Comoros,2000,35.359,633.309032776244,68.25,79.9,46.9,536080.0,24.4251137817351,False,0.0,False,0.0,False,0.0,False,0.0,False,0.0,False,False,False,False,False
COM,Comoros,2001,35.089,681.163857619963,68.25,76.8,46.9,547220.0,26.1545650647282,True,1.0,False,0.0,False,0.0,True,1.0,False,0.0,False,False,False,False,False
COM,Comoros,2002,34.744,764.61349832543,68.25,73.8,46.9,558923.0,27.7107884685143,True,2.0,False,0.0,False,0.0,True,2.0,False,0.0,False,False,False,False,False
COM,Comoros,2003,34.459,959.691049354812,68.25,71.0,46.9,569798.0,29.2480866735385,True,3.0,False,0.0,False,0.0,True,3.0,False,-0.07592190889370927,False,False,False,False,False
COM,Comoros,2004,34.333,1072.28409029621,68.25,68.3,46.9,580704.0,30.7668527595674,True,4.0,False,0.0,False,0.0,True,4.0,False,-0.09386401326699838,False,False,False,False,False
COM,Comoros,2005,34.445,1105.78796866788,68.25,65.8,46.9,592677.0,32.2696522597859,True,5.0,False,0.0,False,0.0,True,5.0,False,-0.11032990805841009,False,False,False,False,False
COM,Comoros,2006,34.3,1138.47908404345,68.25,63.4,46.9,604753.0,33.75605986205,True,6.0,False,0.0,False,0.0,True,6.0,False,-0.10879955018273811,False,False,False,False,False
COM,Comoros,2007,34.137,1289.73631056361,68.25,61.2,46.9,616927.0,35.2256531986229,True,7.0,False,0.0,False,0.0,True,7.0,False,-0.10604732690622268,False,False,False,False,False
COM,Comoros,2008,34.099,1455.02768595586,68.25,59.2,46.9,629307.0,36.6778613088967,True,8.0,False,0.0,False,0.0,True,8.0,False,-0.10221413406126774,False,False,False,False,False
COM,Comoros,2009,34.279,1410.30516959473,68.25,57.3,46.9,641947.0,38.1124210259684,True,9.0,False,0.0,False,0.0,True,9.0,False,-0.0987731991192199,False,False,False,False,False
COM,Comoros,2010,34.437,1386.57533553376,68.25,55.6,46.9,654836.0,39.5290364231299,True,10.0,False,0.0,False,0.0,True,10.0,False,-0.09416748126425536,False,False,False,False,False
COM,Comoros,2011,34.512,1531.43969320468,68.25,54.0,46.9,668056.0,40.9270162396415,True,11.0,False,0.0,False,0.0,True,11.0,False,-0.0899898887765419,False,False,False,False,False
COM,Comoros,2012,34.241,1490.31425650871,68.25,52.5,31.1,681630.0,42.3060704892515,False,0.0,False,0.0,False,0.0,True,12.0,False,-0.08632091890010443,False,False,False,False,False
COM,Comoros,2013,33.856,1603.32653496691,68.25,51.2,31.1,696192.0,43.665877233981,True,1.0,False,0.0,False,0.0,True,13.0,False,-0.08111988513998569,False,False,False,False,False
COM,Comoros,2014,33.322,1615.71709756316,73.6494960644007,50.0,31.1,711503.0,45.005792347169,True,2.0,False,0.0,False,0.0,False,0.0,False,-0.0761271249076128,False,False,False,False,False
COM,Comoros,2015,32.78,1329.37048235986,73.6494960644007,48.9,31.1,726682.0,46.3255872493184,True,3.0,False,0.0,False,0.0,True,1.0,False,-0.07140144322066093,False,False,False,False,False
COM,Comoros,2016,32.093,1365.48403444497,73.6494960644007,47.9,31.1,741741.0,47.6248040673008,True,4.0,False,0.0,False,0.0,True,2.0,False,-0.0666406858924395,False,False,False,False,False
COM,Comoros,2017,31.35,1423.9248027797,73.6494960644007,46.9,31.1,756669.0,48.9029223957365,True,5.0,False,0.0,False,0.0,True,3.0,False,-0.063872255489022,False,False,False,False,False
COM,Comoros,2018,30.91,1540.71132257526,73.6494960644007,45.8,31.1,771590.0,50.159514854681,True,6.0,False,0.0,False,0.0,True,4.0,False,-0.06492445896284198,False,False,False,False,False
COM,Comoros,2019,30.447,1519.26386436068,73.6494960644007,44.8,31.1,786578.0,51.3942491790653,True,7.0,False,0.0,False,0.0,True,5.0,False,-0.06471816283924847,False,False,False,False,False
COM,Comoros,2020,29.985,1527.16991011916,73.6494960644007,43.7,31.1,802163.0,52.6066035113726,True,8.0,False,0.0,False,0.0,True,6.0,False,-0.06743491250533497,False,False,False,False,False
COM,Comoros,2021,29.498,1587.72988658008,75.6201980162165,42.6,31.1,818174.0,53.7961210274577,True,9.0,False,0.0,False,0.0,False,0.0,False,-0.0702749890877346,False,False,False,False,False
COM,Comoros,2022,29.062,1533.87755393614,75.6201980162165,41.4,18.2,834188.0,54.9623663372908,False,0.0,False,0.0,False,0.0,True,1.0,False,-0.07506702412868632,False,False,False,False,False
COM,Comoros,2023,28.653,1723.89474946474,75.6201980162165,40.2,18.2,850387.0,56.104836588019,True,1.0,False,0.0,False,0.0,True,2.0,True,-0.07924874026568943,False,False,False,False,False
CPV,Cabo Verde,2000,27.862,1189.51479345891,,36.0,,453317.0,36.827954010232,False,,False,0.0,False,0.0,False,,False,0.0,False,True,False,False,False
CPV,Cabo Verde,2001,26.762,1223.33055331575,,32.8,,460293.0,39.1910554393962,False,,False,0.0,False,0.0,False,,False,0.0,True,True,False,False,False
CPV,Cabo Verde,2002,25.701,1328.57874270666,,30.5,,467046.0,41.5375071985025,False,,False,0.0,False,0.0,False,,False,0.0,False,True,False,False,False
CPV,Cabo Verde,2003,24.746,1717.97565369655,,29.0,,473383.0,43.8664094982459,False,,False,0.0,False,0.0,False,,False,-0.12386706948640487,False,True,False,False,False
CPV,Cabo Verde,2004,23.943,1929.49081468781,,28.2,,479370.0,46.1784728572733,False,,False,0.0,False,0.0,False,,False,-0.12081060015588474,False,True,False,False,False
CPV,Cabo Verde,2005,22.797,2004.14680417563,,28.0,,485115.0,48.4726022548582,False,,False,0.0,False,0.0,False,,False,-0.10543130990415338,False,True,False,False,False
CPV,Cabo Verde,2006,21.612,2256.99666191075,,28.0,,490728.0,50.7498010778296,False,,False,0.0,False,0.0,False,,False,-0.057239057239057214,False,True,False,False,False
CPV,Cabo Verde,2007,20.583,3324.57675212498,,28.1,,496190.0,53.0093493269466,False,,False,0.0,False,0.0,False,,False,-0.022268615170493982,False,True,False,False,False
CPV,Cabo Verde,2008,19.857,3908.64885822576,,27.9,,501355.0,55.2521980462488,False,,False,0.0,False,0.0,False,,False,-0.012738853503184818,False,True,False,False,False
CPV,Cabo Verde,2009,19.504,3659.72046361628,82.2189574366152,27.5,,506141.0,57.4769284411617,False,,False,0.0,False,0.0,False,0.0,False,-0.019258202567760313,False,True,False,False,False
CPV,Cabo Verde,2010,20.42,3579.46006137809,82.2189574366152,26.7,,509784.0,59.6818514080991,False,,False,0.0,False,0.0,True,1.0,False,-0.04301075268817202,False,True,False,False,False
CPV,Cabo Verde,2011,20.578,4002.01386888785,82.2189574366152,25.6,,511447.0,61.8006547143134,False,,False,0.0,False,0.0,True,2.0,False,-0.073806078147612,False,True,False,False,False
CPV,Cabo Verde,2012,19.108,3736.81517011087,85.3300018310547,24.2,,511955.0,63.9530735782999,False,,False,0.0,False,0.0,False,0.0,False,-0.10898379970544934,False,True,False,False,False
CPV,Cabo Verde,2013,18.401,3960.97596791345,85.3300018310547,22.6,,512225.0,66.0992428842147,False,,False,0.0,False,0.0,True,1.0,False,-0.14329037149355575,False,True,False,False,False
CPV,Cabo Verde,2014,18.079,3985.60706548134,85.3300018310547,20.9,,512326.0,68.2388818808702,False,,False,0.0,False,0.0,True,2.0,False,-0.17456556082148506,False,True,False,False,False
CPV,Cabo Verde,2015,17.459,3415.06266730931,86.7900009155273,19.2,,512394.0,70.3717073692285,False,,False,0.0,False,0.0,False,0.0,False,-0.20000000000000004,False,True,False,False,False
CPV,Cabo Verde,2016,17.32,3608.96605234906,86.7900009155273,17.6,,512554.0,72.496932762021,False,,False,0.0,False,0.0,True,1.0,False,-0.2177777777777777,False,True,False,False,False
CPV,Cabo Verde,2017,16.8,3893.09571382506,86.7900009155273,16.2,,512893.0,74.6142580571751,False,,False,0.0,False,0.0,True,2.0,False,-0.2248803827751196,False,True,False,False,False
CPV,Cabo Verde,2018,15.451,4294.96510035729,86.7900009155273,15.1,6.0,513415.0,76.7237249815456,False,0.0,False,0.0,False,0.0,True,3.0,False,-0.21761658031088088,False,True,False,False,False
CPV,Cabo Verde,2019,14.288,4380.78117331128,86.7900009155273,14.1,6.0,514104.0,78.8249549430518,True,1.0,False,0.0,False,0.0,True,4.0,False,-0.2078651685393259,False,True,False,False,False
CPV,Cabo Verde,2020,13.142,3539.22661248299,86.7900009155273,13.3,6.0,514679.0,80.9181460926349,True,2.0,False,0.0,False,0.0,True,5.0,False,-0.19099756690997552,False,True,False,False,False
CPV,Cabo Verde,2021,12.569,3971.44409203423,86.7900009155273,12.7,6.0,516649.0,83.0030877232497,True,3.0,False,0.0,False,0.0,True,6.0,False,-0.16775884665792926,False,True,False,False,False
CPV,Cabo Verde,2022,12.438,4323.31362032709,86.7900009155273,12.1,6.0,519741.0,83.045304882988,True,4.0,False,0.0,False,0.0,True,7.0,False,-0.1526610644257704,False,True,False,False,False
CPV,Cabo Verde,2023,12.33,4794.90119772843,86.7900009155273,11.6,6.0,522331.0,83.0869470550891,True,5.0,False,0.0,False,0.0,True,8.0,True,-0.13818722139673104,False,True,False,False,False
CRI,Costa Rica,2000,20.237,3812.75386183689,94.870002746582,13.1,,3937739.0,93.6849644850518,False,,False,0.0,False,0.0,False,0.0,False,0.0,False,False,False,False,False
CRI,Costa Rica,2001,19.408,3985.12987980056,94.870002746582,12.6,,4008947.0,93.9239551778215,False,,False,0.0,False,0.0,True,1.0,False,0.0,False,False,False,False,False
CRI,Costa Rica,2002,18.188,4067.71854177094,94.870002746582,12.2,,4075705.0,94.1561067618918,False,,False,0.0,False,0.0,True,2.0,False,0.0,False,False,False,False,False
CRI,Costa Rica,2003,17.572,4173.14853766977,94.870002746582,11.8,,4138784.0,94.3814516576699,False,,False,0.0,False,0.0,True,3.0,False,-0.06596306068601573,False,False,False,False,False
CRI,Costa Rica,2004,17.136,4431.01172024063,94.870002746582,11.5,,4200078.0,94.5999033929198,False,,False,0.0,False,0.0,True,4.0,False,-0.07444668008048295,False,False,False,False,False
CRI,Costa Rica,2005,17.253,4703.00720463794,94.870002746582,11.3,,4261240.0,94.8112740526154,False,,False,0.0,False,0.0,True,5.0,False,-0.076797385620915,False,False,False,False,False
CRI,Costa Rica,2006,16.429,5256.59641275583,94.870002746582,11.2,,4321340.0,95.0158919320253,False,,False,0.0,False,0.0,True,6.0,False,-0.05723905723905722,False,False,False,False,False
CRI,Costa Rica,2007,16.604,6137.71199435022,94.870002746582,11.1,,4380248.0,95.2137195498557,False,,False,0.0,False,0.0,True,7.0,False,-0.04310344827586207,False,False,False,False,False
CRI,Costa Rica,2008,16.806,6937.24261660254,94.870002746582,10.9,5.6,4440056.0,95.4049708043013,False,0.0,False,0.0,False,0.0,True,8.0,False,-0.04217926186291728,False,False,False,False,False
CRI,Costa Rica,2009,16.525,6832.69828187486,94.870002746582,10.7,5.6,4499791.0,95.6700736028265,True,1.0,False,0.0,False,0.0,True,9.0,False,-0.044642857142857144,False,False,False,False,False
CRI,Costa Rica,2010,15.407,8265.78820580299,94.870002746582,10.5,5.6,4555962.0,95.9272885931521,True,2.0,False,0.0,False,0.0,True,10.0,False,-0.048913043478260795,False,False,False,False,False
CRI,Costa Rica,2011,15.759,9276.39109377477,97.4100036621094,10.2,5.6,4609833.0,96.176583273924,True,3.0,False,0.0,False,0.0,False,0.0,False,-0.06249999999999998,False,False,False,False,False
CRI,Costa Rica,2012,15.461,10126.9991155066,97.4100036621094,9.8,5.6,4663934.0,96.4170699422162,True,4.0,False,0.0,False,0.0,True,1.0,False,-0.08239700374531841,False,False,False,False,False
CRI,Costa Rica,2013,14.77,10803.2401795009,97.4100036621094,9.5,5.6,4716147.0,96.6492260936329,True,5.0,False,0.0,False,0.0,True,2.0,False,-0.08829174664107485,False,False,False,False,False
CRI,Costa Rica,2014,14.848,10911.4978703456,97.4100036621094,9.2,5.6,4767119.0,96.8735289807789,True,6.0,False,0.0,False,0.0,True,3.0,False,-0.09270216962524667,False,False,False,False,False
CRI,Costa Rica,2015,14.704,11714.7106121672,97.4100036621094,9.0,5.6,4818038.0,97.0905446199626,True,7.0,False,0.0,False,0.0,True,4.0,False,-0.08536585365853658,False,False,False,False,False
CRI,Costa Rica,2016,14.184,12091.0301560892,97.4100036621094,8.9,5.6,4866998.0,97.3007564187582,True,8.0,False,0.0,False,0.0,True,5.0,False,-0.06708595387840677,False,False,False,False,False
CRI,Costa Rica,2017,13.812,12317.0902779911,97.4100036621094,8.9,5.6,4913177.0,97.5045870013496,True,9.0,False,0.0,False,0.0,True,6.0,False,-0.04094827586206886,False,False,False,False,False
CRI,Costa Rica,2018,13.622,12620.0207321581,97.4100036621094,9.0,9.0,4957818.0,97.7025136559983,False,0.0,False,0.0,False,0.0,True,7.0,False,-0.01098901098901095,False,False,False,False,False
CRI,Costa Rica,2019,12.661,12951.8588421841,97.4100036621094,9.1,9.0,4999553.0,97.8949564570676,True,1.0,False,0.0,False,0.0,True,8.0,False,0.011111111111111072,False,False,False,False,False
CRI,Costa Rica,2020,11.366,12475.6852076814,97.4100036621094,9.3,9.0,5034320.0,98.0823538854413,True,2.0,False,0.0,False,0.0,True,9.0,False,0.03563474387527843,False,False,False,False,False
CRI,Costa Rica,2021,10.543,12962.2716075659,97.4100036621094,9.6,9.0,5059988.0,98.265064236441,True,3.0,False,0.0,False,0.0,True,10.0,False,0.06194690265486711,False,False,False,False,False
CRI,Costa Rica,2022,10.319,13971.7649991294,97.4100036621094,9.9,9.0,5081765.0,98.4434940972081,True,4.0,False,0.0,False,0.0,True,11.0,False,0.07843137254901968,False,False,False,False,False
CRI,Costa Rica,2023,10.179,17140.771430122,97.4100036621094,10.1,9.0,5105525.0,98.6179737414505,True,5.0,False,0.0,False,0.0,True,12.0,True,0.07675906183368877,False,False,False,False,False
CUB,Cuba,2000,12.857,2751.3817714814,,8.6,7.0,11109109.0,81.3080697127974,False,0.0,False,0.0,False,0.0,False,,False,0.0,False,False,False,False,False
CUB,Cuba,2001,12.424,2842.96704310394,,8.2,7.0,11144132.0,81.5051365608873,True,1.0,False,0.0,False,0.0,False,,False,0.0,False,False,False,False,False
CUB,Cuba,2002,12.534,3005.21104247868,99.8000030517578,7.9,7.0,11177418.0,81.700801188387,True,2.0,False,0.0,False,0.0,False,0.0,False,0.0,False,False,False,False,False
CUB,Cuba,2003,12.114,3202.78109865637,99.8000030517578,7.6,7.0,11209383.0,81.8877194696665,True,3.0,False,0.0,False,0.0,True,1.0,False,-0.07692307692307687,False,False,False,False,False
CUB,Cuba,2004,11.262,3399.21962893402,99.8000030517578,7.3,7.0,11238756.0,82.0663791534735,True,4.0,False,0.0,False,0.0,True,2.0,False,-0.09597523219814236,False,False,False,False,False
CUB,Cuba,2005,10.619,3786.33799225291,99.8000030517578,7.1,7.0,11262554.0,82.6899916406474,True,5.0,False,0.0,False,0.0,True,3.0,False,-0.10353535353535358,False,False,False,False,False
CUB,Cuba,2006,9.874,4329.98265964383,99.8000030517578,6.8,7.0,11278550.0,83.3149183953816,True,6.0,False,0.0,False,0.0,True,4.0,False,-0.10761154855643038,False,False,False,False,False
CUB,Cuba,2007,10.021,4807.43888960684,99.8000030517578,6.6,7.0,11287272.0,83.9411498169061,True,7.0,False,0.0,False,0.0,True,5.0,False,-0.10081743869209824,False,False,False,False,False
CUB,Cuba,2008,10.911,4986.12436479175,99.8000030517578,6.5,7.0,11291762.0,84.5686588894511,True,8.0,False,0.0,False,0.0,True,6.0,False,-0.08192090395480227,False,False,False,False,False
CUB,Cuba,2009,11.536,5089.23519757167,99.8000030517578,6.3,7.0,11294719.0,85.1973567326843,True,9.0,False,0.0,False,0.0,True,7.0,False,-0.08163265306122444,False,False,False,False,False
CUB,Cuba,2010,11.428,5272.26755824835,99.8000030517578,6.2,7.0,11297409.0,85.8273291036307,True,10.0,False,0.0,False,0.0,True,8.0,False,-0.06906906906906894,False,False,False,False,False
CUB,Cuba,2011,11.771,6104.46105236166,99.8000030517578,6.1,7.0,11301571.0,86.4585513716305,True,11.0,False,0.0,False,0.0,True,9.0,False,-0.058641975308641965,False,False,False,False,False
CUB,Cuba,2012,11.241,6470.83673392653,99.6699981689453,6.1,7.0,11303175.0,87.0910198102198,True,12.0,False,0.0,False,0.0,False,0.0,False,-0.03785488958990553,False,False,False,False,False
CUB,Cuba,2013,11.156,6828.36428245396,99.6699981689453,6.0,7.0,11298167.0,87.7216207113472,True,13.0,False,0.0,False,0.0,True,1.0,False,-0.03846153846153849,False,False,False,False,False
CUB,Cuba,2014,10.873,7146.70459051328,99.6699981689453,6.1,7.0,11285775.0,88.3531363979165,True,14.0,False,0.0,False,0.0,True,2.0,False,-0.006514657980456032,False,False,False,False,False
CUB,Cuba,2015,10.938,7727.91997207998,99.6699981689453,6.1,7.0,11275065.0,88.9864920345571,True,15.0,False,0.0,False,0.0,True,3.0,False,0.0,False,False,False,False,False
CUB,Cuba,2016,10.299,8110.55874283616,99.6699981689453,6.3,7.0,11265612.0,89.6215521812865,True,16.0,False,0.0,False,0.0,True,4.0,False,0.03618421052631575,False,False,False,False,False
CUB,Cuba,2017,10.115,8610.60829605429,99.6699981689453,6.4,7.0,11247829.0,90.2590050806412,True,17.0,False,0.0,False,0.0,True,5.0,False,0.045751633986928296,False,False,False,False,False
CUB,Cuba,2018,10.172,8911.46205998726,99.6699981689453,6.6,7.0,11227118.0,90.8986460916429,True,18.0,False,0.0,False,0.0,True,6.0,False,0.06796116504854369,False,False,False,False,False
CUB,Cuba,2019,9.668,9232.26115935183,97.6500015258789,6.9,7.1,11202846.0,91.5402228633008,False,0.0,False,0.0,False,0.0,False,0.0,False,0.09523809523809533,False,False,False,False,False
CUB,Cuba,2020,9.257,9605.27914559614,97.6500015258789,7.2,7.1,11176354.0,92.1835753798285,True,1.0,False,0.0,False,0.0,True,1.0,False,0.11455108359133145,False,False,False,False,False
CUB,Cuba,2021,8.814,9605.27914559614,97.6500015258789,7.5,7.1,11122168.0,92.8284902817438,True,2.0,False,0.0,True,1.0,True,2.0,False,0.12275449101796412,False,False,False,False,False
CUB,Cuba,2022,8.662,9605.27914559614,97.6500015258789,7.8,7.1,11059820.0,93.4747105097717,True,3.0,False,0.0,True,2.0,True,3.0,False,0.12716763005780346,False,False,False,False,False
CUB,Cuba,2023,8.706,9605.27914559614,97.6500015258789,8.2,7.1,11019931.0,94.1220801306732,True,4.0,False,0.0,True,3.0,True,4.0,True,0.13888888888888876,False,False,False,False,False
CUW,Curacao,2000,16.479,15841.2612359949,,,,133860.0,98.3110015914789,False,,False,0.0,False,0.0,False,,False,0.0,False,True,False,False,True
CUW,Curacao,2001,16.374,16609.8454536485,,,,129047.0,98.3770070202266,False,,False,0.0,False,0.0,False,,False,0.0,False,True,False,False,True
CUW,Curacao,2002,15.248,16723.6925253468,,,,129205.0,98.4430124489743,False,,False,0.0,False,0.0,False,,False,0.0,False,True,False,False,True
CUW,Curacao,2003,14.452,16695.7351137757,,,,131897.0,98.5090178777219,False,,False,0.0,False,0.0,False,,False,0.0,False,True,False,False,True
CUW,Curacao,2004,13.791,16671.3403391655,,,,134192.0,98.5750233064696,False,,False,0.0,False,0.0,False,,False,0.0,False,True,False,False,True
CUW,Curacao,2005,13.391,17032.3356620744,,,,137658.0,98.6410287352173,False,,False,0.0,False,0.0,False,,False,0.0,False,True,False,False,True
CUW,Curacao,2006,13.6,17400.1637780186,,,,141239.0,98.707034163965,False,,False,0.0,False,0.0,False,,False,0.0,False,True,False,False,True
CUW,Curacao,2007,13.4,18005.7165850772,,,,144056.0,98.7730395927127,False,,False,0.0,False,0.0,False,,False,0.0,False,True,False,False,True
CUW,Curacao,2008,13.8,19423.3352430175,,,,145880.0,98.8390450214604,False,,False,0.0,False,0.0,False,,False,0.0,False,True,False,False,True
CUW,Curacao,2009,13.0,19540.2476579348,,,,146833.0,98.9050504502081,False,,False,0.0,False,0.0,False,,False,0.0,False,True,False,False,True
CUW,Curacao,2010,13.6,19847.2310127979,,,,148703.0,98.9710558789558,False,,False,0.0,False,0.0,False,,False,0.0,False,True,False,False,True
CUW,Curacao,2011,13.1,19426.326382752,,,,150831.0,99.0370613077035,False,,False,0.0,False,0.0,False,,False,0.0,False,True,False,False,True
CUW,Curacao,2012,13.4,19809.8223198624,,,,152088.0,99.1030667364512,False,,False,0.0,False,0.0,False,,False,0.0,False,True,False,False,True
CUW,Curacao,2013,12.7,19721.2921646576,,,,153822.0,99.1690721651989,False,,False,0.0,False,0.0,False,,False,0.0,False,True,False,False,True
CUW,Curacao,2014,12.6,19623.029993395,,,,155909.0,99.1690721651989,False,,False,0.0,False,0.0,False,,False,0.0,False,True,False,False,True
CUW,Curacao,2015,11.9,19361.8130008678,,,,157980.0,99.1690721651989,False,,False,0.0,False,0.0,False,,False,0.0,False,True,False,False,True
CUW,Curacao,2016,11.2,18944.0961493998,,,,159664.0,99.1690721651989,False,,False,0.0,False,0.0,False,,False,0.0,False,True,False,False,True
CUW,Curacao,2017,9.7,18938.2440469703,,,,160175.0,99.1690721651989,False,,False,0.0,False,0.0,False,,False,0.0,False,True,False,False,True
CUW,Curacao,2018,10.5,19119.1243941688,,,,159336.0,99.1690721651989,False,,True,1.0,False,0.0,False,,False,0.0,False,True,False,False,True
CUW,Curacao,2019,10.1,19220.6866958303,,,,157441.0,99.1690721651989,False,,True,2.0,False,0.0,False,,False,0.0,False,True,False,False,True
CUW,Curacao,2020,8.7,16299.8134688605,,,,155482.0,99.1690721651989,False,,True,3.0,False,0.0,False,,False,0.0,False,True,False,False,True
CUW,Curacao,2021,8.5,17795.5826483092,,,,153948.0,99.1690721651989,False,,True,4.0,False,0.0,False,,False,0.0,False,True,False,False,True
CUW,Curacao,2022,8.0,20057.1404960105,,,,153321.0,99.1690721651989,False,,True,5.0,False,0.0,False,,False,0.0,False,True,False,False,True
CUW,Curacao,2023,7.6,21217.8109173312,,,,154654.0,99.1690721651989,False,,True,6.0,False,0.0,False,,True,0.0,False,True,False,False,True
CYM,Cayman Islands,2000,15.444,,,,,39674.0,,False,,False,,False,,False,,False,0.0,False,True,False,False,False
CYM,Cayman Islands,2001,15.211,,,,,41089.0,83.9378304447852,False,,False,0.0,False,,False,,False,0.0,False,True,False,False,False
CYM,Cayman Islands,2002,15.025,,,,,42514.0,83.9378304447852,False,,False,0.0,False,,False,,False,0.0,False,True,False,False,False
CYM,Cayman Islands,2003,14.916,,,,,43934.0,83.9378304447852,False,,False,0.0,False,,False,,False,0.0,False,True,False,False,False
CYM,Cayman Islands,2004,14.875,,,,,45352.0,83.9378304447852,False,,False,0.0,False,,False,,False,0.0,False,True,False,False,False
CYM,Cayman Islands,2005,14.777,,,,,46788.0,83.9378304447852,False,,False,0.0,False,,False,,False,0.0,False,True,False,False,False
CYM,Cayman Islands,2006,14.739,87085.0937376216,,,,48232.0,83.8037938650307,False,,False,0.0,False,0.0,False,,False,0.0,False,True,False,False,False
CYM,Cayman Islands,2007,14.803,89888.2618212462,98.870002746582,,,49687.0,83.669757285276,False,,False,0.0,False,0.0,False,0.0,False,0.0,False,True,False,False,False
CYM,Cayman Islands,2008,14.915,89655.1196222184,98.870002746582,,,51151.0,83.5357207055214,False,,False,0.0,False,0.0,True,1.0,False,0.0,False,True,False,False,False
CYM,Cayman Islands,2009,15.015,81373.5711516642,98.870002746582,,,52618.0,83.518925,False,,False,0.0,False,0.0,True,2.0,False,0.0,False,True,False,False,False
CYM,Cayman Islands,2010,14.69,76837.6699636672,98.870002746582,,,54099.0,83.5017524539877,False,,False,0.0,False,0.0,True,3.0,False,0.0,False,True,False,False,False
CYM,Cayman Islands,2011,14.099,75280.960764889,98.870002746582,,,55606.0,83.4842030674846,False,,False,0.0,False,0.0,True,4.0,False,0.0,False,True,False,False,False
CYM,Cayman Islands,2012,13.072,75101.59136128,98.870002746582,,,57136.0,83.4662768404908,False,,False,0.0,False,0.0,True,5.0,False,0.0,False,True,False,False,False
CYM,Cayman Islands,2013,12.215,75113.7332398618,98.870002746582,,,58655.0,83.4479737730061,False,,False,0.0,False,0.0,True,6.0,False,0.0,False,True,False,False,False
CYM,Cayman Islands,2014,11.241,75845.3060407986,98.870002746582,,,60160.0,83.4292938650307,False,,False,0.0,False,0.0,True,7.0,False,0.0,False,True,False,False,False
CYM,Cayman Islands,2015,10.64,76379.2095108681,98.870002746582,,,61642.0,83.4102371165644,False,,False,0.0,False,0.0,True,8.0,False,0.0,False,True,False,False,False
CYM,Cayman Islands,2016,10.296,77802.2541567187,98.870002746582,,,63100.0,83.3908035276073,False,,False,0.0,False,0.0,True,9.0,False,0.0,False,True,False,False,False
CYM,Cayman Islands,2017,10.175,80053.9444506891,98.870002746582,,,64535.0,83.3709930981595,False,,False,0.0,False,0.0,False,0.0,False,0.0,False,True,False,False,False
CYM,Cayman Islands,2018,10.584,83865.5531568184,98.870002746582,,,65941.0,83.3508058282208,False,,False,0.0,False,0.0,True,1.0,False,0.0,False,True,False,False,False
CYM,Cayman Islands,2019,12.435,88254.2903677044,98.870002746582,,,67327.0,83.3302417177914,False,,False,0.0,False,0.0,True,2.0,False,0.0,False,True,False,False,False
CYM,Cayman Islands,2020,12.716,82338.7977439023,98.870002746582,,,68684.0,83.3093007668711,False,,False,0.0,False,0.0,True,3.0,False,0.0,False,True,False,False,False
CYM,Cayman Islands,2021,12.581,86449.6749037302,98.870002746582,,,70108.0,83.2879829754601,False,,False,0.0,False,0.0,True,4.0,False,0.0,False,True,False,False,False
CYM,Cayman Islands,2022,12.192,92937.8838323153,98.870002746582,,,71591.0,83.2662883435582,False,,False,0.0,False,0.0,True,5.0,False,0.0,False,True,False,False,False
CYM,Cayman Islands,2023,11.838,100065.233841107,98.870002746582,,,73038.0,83.2442168711656,False,,False,0.0,False,0.0,True,6.0,True,0.0,False,True,False,False,False
CYP,Cyprus,2000,12.493,14388.3525390625,,6.6,,947667.0,99.6199406645238,False,,False,0.0,False,0.0,False,,False,0.0,False,True,False,False,False
CYP,Cyprus,2001,12.045,14821.44921875,96.8000030517578,6.2,,964127.0,99.6200247256728,False,,False,0.0,False,0.0,False,0.0,False,0.0,False,True,False,False,False
CYP,Cyprus,2002,11.611,16093.2158203125,96.8000030517578,5.8,,981440.0,99.6199751312853,False,,False,0.0,False,0.0,True,1.0,False,0.0,False,True,False,False,False
CYP,Cyprus,2003,11.751,20252.24609375,96.8000030517578,5.4,,999590.0,99.6136877795187,False,,False,0.0,False,0.0,True,2.0,False,-0.1290322580645161,False,True,False,False,False
CYP,Cyprus,2004,11.894,23792.619140625,96.8000030517578,5.1,,1017875.0,99.6072927397661,False,,False,0.0,False,0.0,True,3.0,False,-0.15000000000000005,False,True,False,False,False
CYP,Cyprus,2005,11.702,24959.26171875,96.8000030517578,4.7,,1036151.0,99.6007951565338,False,,False,0.0,False,0.0,True,4.0,False,-0.19243986254295534,False,True,False,False,False
CYP,Cyprus,2006,12.023,26729.28125,96.8000030517578,4.4,,1054418.0,99.5942003777619,False,,False,0.0,False,0.0,True,5.0,False,-0.19117647058823514,False,True,False,False,False
CYP,Cyprus,2007,11.633,31244.87890625,96.8000030517578,4.1,,1072714.0,99.5874947603584,False,,False,0.0,False,0.0,True,6.0,False,-0.19291338582677173,False,True,False,False,False
CYP,Cyprus,2008,11.987,35541.88671875,96.8000030517578,3.8,,1091026.0,99.5806869469341,False,,False,0.0,False,0.0,True,7.0,False,-0.1983122362869199,False,True,False,False,False
CYP,Cyprus,2009,12.07,32236.462890625,96.8000030517578,3.5,,1109371.0,99.57376515883,False,,False,0.0,False,0.0,True,8.0,False,-0.20814479638009048,False,True,False,False,False
CYP,Cyprus,2010,11.844,31105.02734375,96.8000030517578,3.2,,1127816.0,99.5667445489434,False,,False,0.0,False,0.0,True,9.0,False,-0.2195121951219511,False,True,False,False,False
CYP,Cyprus,2011,11.344,32485.8046875,98.6800003051758,3.0,,1146493.0,99.5596171415889,False,,False,0.0,False,0.0,False,0.0,False,-0.21052631578947364,False,True,False,False,False
CYP,Cyprus,2012,11.609,28991.9296875,98.6800003051758,2.8,,1165397.0,99.5523804913216,False,,False,0.0,False,0.0,True,1.0,False,-0.2045454545454547,False,True,False,False,False
CYP,Cyprus,2013,11.027,27764.7265625,98.6800003051758,2.7,,1183895.0,99.5451371787791,False,,False,0.0,False,0.0,True,2.0,False,-0.17177914110429426,False,True,False,False,False
CYP,Cyprus,2014,11.141,26993.095703125,98.6800003051758,2.6,,1201801.0,99.5378944664201,False,,False,0.0,False,0.0,True,3.0,False,-0.14473684210526314,False,True,False,False,False
CYP,Cyprus,2015,11.242,23088.4296875,98.6800003051758,2.5,,1219502.0,99.5306978983581,False,,False,0.0,False,0.0,True,4.0,False,-0.12587412587412597,False,True,False,False,False
CYP,Cyprus,2016,11.505,24280.044921875,98.6800003051758,2.5,,1237112.0,99.5235457103291,False,,False,0.0,False,0.0,True,5.0,False,-0.08088235294117653,False,True,False,False,False
CYP,Cyprus,2017,11.158,26247.46484375,98.6800003051758,2.6,,1254275.0,99.5164756897262,False,,False,0.0,False,0.0,True,6.0,False,-0.007633587786259549,False,True,False,False,False
CYP,Cyprus,2018,11.029,29120.38671875,98.6800003051758,2.7,,1270737.0,99.5094911557165,False,,False,0.0,False,0.0,True,7.0,False,0.046511627906976785,False,True,False,False,False
CYP,Cyprus,2019,11.014,29227.16796875,98.6800003051758,3.0,,1286671.0,99.5026390696851,False,,False,0.0,False,0.0,True,8.0,False,0.16279069767441878,False,True,False,False,False
CYP,Cyprus,2020,11.142,28130.330078125,98.6800003051758,3.3,,1302247.0,99.4959339092573,False,,False,0.0,False,0.0,True,9.0,False,0.24060150375939837,False,True,False,False,False
CYP,Cyprus,2021,11.236,32937.8359375,98.6800003051758,3.7,,1317309.0,99.4893875128893,False,,False,0.0,False,0.0,True,10.0,False,0.3120567375886526,False,True,False,False,False
CYP,Cyprus,2022,11.048,33231.05078125,98.6800003051758,4.1,,1331370.0,99.4830286709908,False,,False,0.0,False,0.0,True,11.0,False,0.3398692810457515,False,True,False,False,False
CYP,Cyprus,2023,10.799,36623.70703125,98.6800003051758,4.6,,1344976.0,99.4768823557025,False,,False,0.0,False,0.0,True,12.0,True,0.3690476190476188,False,True,False,False,False
CZE,Czechia,2000,8.9,6062.92152842793,,5.5,,10255063.0,99.0199352987206,False,,False,0.0,False,0.0,False,,False,0.0,False,True,False,False,True
CZE,Czechia,2001,8.9,6669.07494847497,,5.2,2.8,10216605.0,99.0183220788767,False,0.0,False,0.0,False,0.0,False,,False,0.0,False,True,False,False,True
CZE,Czechia,2002,9.1,8101.26018588111,,5.0,2.8,10196916.0,99.0224988407021,True,1.0,False,0.0,False,0.0,False,,False,0.0,False,True,False,False,True
CZE,Czechia,2003,9.2,9852.45677945801,,4.8,2.8,10193998.0,99.0268406201915,True,2.0,False,0.0,False,0.0,False,,False,-0.08280254777070069,False,True,False,False,True
CZE,Czechia,2004,9.6,11782.5546676117,,4.6,2.8,10197101.0,99.0313656821167,True,3.0,False,0.0,False,0.0,False,,False,-0.10243902439024397,False,True,False,False,True
CZE,Czechia,2005,10.0,13442.4916284309,,4.4,2.8,10211216.0,99.0360747100717,True,4.0,False,0.0,False,0.0,False,,False,-0.12350597609561755,False,True,False,False,True
CZE,Czechia,2006,10.3,15259.0788162004,,4.1,2.8,10238905.0,99.0409691577394,True,5.0,False,0.0,False,0.0,False,,False,-0.14583333333333337,False,True,False,False,True
CZE,Czechia,2007,11.1,18452.6532812196,,3.9,2.8,10298828.0,99.0460417932649,True,6.0,False,0.0,False,0.0,False,,False,-0.14847161572052406,False,True,False,False,True
CZE,Czechia,2008,11.5,22774.7045076205,,3.7,2.8,10384603.0,99.0513031802799,True,7.0,False,0.0,False,0.0,False,,False,-0.15137614678899083,False,True,False,False,True
CZE,Czechia,2009,11.3,19817.4215836554,,3.5,2.8,10443936.0,99.0567489826448,True,8.0,False,0.0,False,0.0,False,,False,-0.15458937198067627,False,True,False,False,True
CZE,Czechia,2010,11.2,20160.4355077059,,3.4,2.8,10474410.0,99.0623856130317,True,9.0,False,0.0,False,0.0,False,,False,-0.1326530612244899,False,True,False,False,True
CZE,Czechia,2011,10.4,22049.1080788682,,3.3,2.8,10496088.0,99.0682046251775,True,10.0,False,0.0,False,0.0,False,,False,-0.1129032258064517,False,True,False,False,True
CZE,Czechia,2012,10.3,20014.0354015165,,3.2,2.8,10510785.0,99.0741157391505,True,11.0,False,0.0,False,0.0,False,,False,-0.10112359550561795,False,True,False,False,True
CZE,Czechia,2013,10.2,20260.4954999375,,3.1,2.8,10514272.0,99.0797791585542,True,12.0,False,0.0,False,0.0,False,,False,-0.09356725146198838,False,True,False,False,True
CZE,Czechia,2014,10.4,20038.4163180257,,3.1,2.8,10525347.0,99.0755485007891,True,13.0,False,0.0,False,0.0,False,,False,-0.06060606060606053,False,True,False,False,True
CZE,Czechia,2015,10.5,17931.5987670768,,3.2,2.8,10546059.0,99.0751703935412,True,14.0,False,0.0,False,0.0,False,,False,-0.006211180124223607,False,True,False,False,True
CZE,Czechia,2016,10.7,18753.9686718096,,3.2,2.8,10566332.0,99.0747972565215,True,15.0,False,0.0,False,0.0,False,,False,0.0062893081761006345,False,True,False,False,True
CZE,Czechia,2017,10.8,20913.197632212,,3.2,2.8,10594438.0,99.0743713886289,True,16.0,False,0.0,False,0.0,False,,False,0.012658227848101276,False,True,False,False,True
CZE,Czechia,2018,10.7,23705.9329811299,,3.1,2.8,10629928.0,99.073893834029,True,17.0,False,0.0,False,0.0,False,,False,-0.018987341772151913,False,True,False,False,True
CZE,Czechia,2019,10.5,24062.7190013343,,3.0,2.8,10671870.0,99.0733677168251,True,18.0,False,0.0,False,0.0,False,,False,-0.050632911392405104,False,True,False,False,True
CZE,Czechia,2020,10.3,23472.8915454417,,2.9,2.8,10697858.0,99.0728030542538,True,19.0,False,0.0,False,0.0,False,,False,-0.07643312101910821,False,True,False,False,True
CZE,Czechia,2021,10.6,27696.4619527544,,2.8,2.8,10505772.0,99.0721814938167,True,20.0,False,0.0,False,0.0,False,,False,-0.09090909090909098,False,True,False,False,True
CZE,Czechia,2022,9.5,28282.2236715857,,2.7,2.8,10672118.0,99.0715177493914,True,21.0,False,0.0,False,0.0,False,,False,-0.09999999999999994,False,True,False,False,True
CZE,Czechia,2023,8.4,31761.5944102491,,2.6,2.8,10864042.0,99.0708089030162,True,22.0,False,0.0,False,0.0,False,,True,-0.10344827586206891,False,True,False,False,True
DEU,Germany,2000,9.3,23925.8559901991,,5.4,,82211508.0,99.21811250617,False,,False,0.0,False,0.0,False,,False,0.0,False,False,False,False,True
DEU,Germany,2001,8.9,23878.3641471651,,5.2,,82349925.0,99.2187285711442,False,,False,0.0,False,0.0,False,,False,0.0,False,False,False,False,True
DEU,Germany,2002,8.7,25486.5942008748,,5.1,,82488495.0,99.2193421952122,False,,False,0.0,False,0.0,False,,False,0.0,False,False,False,False,True
DEU,Germany,2003,8.6,30711.1022511331,,5.0,,82534176.0,99.2199547418402,False,,False,0.0,False,0.0,False,,False,-0.04458598726114651,False,False,False,False,True
DEU,Germany,2004,8.6,34566.7359143735,,4.9,1.2,82516260.0,99.2205650986776,False,0.0,False,0.0,False,0.0,False,,False,-0.053140096618357384,False,False,False,False,True
DEU,Germany,2005,8.3,35084.4363546269,,4.7,1.2,82469422.0,99.2211744184797,True,1.0,False,0.0,False,0.0,False,,False,-0.08203124999999999,False,False,False,False,True
DEU,Germany,2006,8.2,36980.3349948954,,4.6,1.2,82376451.0,99.2217727206521,True,2.0,False,0.0,False,0.0,False,,False,-0.07630522088353428,False,False,False,False,True
DEU,Germany,2007,8.3,42350.9217211489,,4.5,1.2,82266372.0,99.2223722833519,True,3.0,False,0.0,False,0.0,False,,False,-0.07407407407407396,False,False,False,False,True
DEU,Germany,2008,8.3,46379.1647953479,,4.4,1.2,82110097.0,99.2229706553604,True,4.0,False,0.0,False,0.0,False,,False,-0.07172995780590714,False,False,False,False,True
DEU,Germany,2009,8.1,42471.8868625226,,4.3,1.2,81902307.0,99.2235594374559,True,5.0,False,0.0,False,0.0,False,,False,-0.06926406926406932,False,False,False,False,True
DEU,Germany,2010,8.3,42396.9665976293,,4.2,1.2,81776930.0,99.2241473116782,True,6.0,False,0.0,False,0.0,False,,False,-0.06666666666666662,False,False,False,False,True
DEU,Germany,2011,8.3,47630.9761883572,,4.1,1.2,80274983.0,99.2247340689137,True,7.0,False,0.0,False,0.0,False,,False,-0.06818181818181834,False,False,False,False,True
DEU,Germany,2012,8.4,44718.0159214069,,4.0,1.2,80425823.0,99.2247613890783,True,8.0,False,0.0,False,0.0,False,,False,-0.06976744186046507,False,False,False,False,True
DEU,Germany,2013,8.5,47206.8353514242,,4.0,1.2,80645605.0,99.2247932083091,True,9.0,False,0.0,False,0.0,False,,False,-0.04761904761904766,False,False,False,False,True
DEU,Germany,2014,8.8,48959.5991203133,,4.0,1.2,80982500.0,99.2248234415877,True,10.0,False,0.0,False,0.0,False,,False,-0.029126213592233035,False,False,False,False,True
DEU,Germany,2015,9.0,41929.7549110722,,3.9,1.2,81686611.0,99.2248544718085,True,11.0,False,0.0,False,0.0,False,,False,-0.03940886699507382,False,False,False,False,True
DEU,Germany,2016,9.6,42948.9381932694,,3.9,1.3,82348669.0,99.224925403148,False,0.0,False,0.0,False,0.0,False,,False,-0.025000000000000022,False,False,False,False,True
DEU,Germany,2017,9.5,45553.9341495339,,3.8,1.3,82657002.0,99.2250385348841,True,1.0,False,0.0,False,0.0,False,,False,-0.04040404040404044,False,False,False,False,True
DEU,Germany,2018,9.5,48916.1686612154,,3.8,1.3,82905782.0,99.2251947749957,True,2.0,False,0.0,False,0.0,False,,False,-0.030612244897959322,False,False,False,False,True
DEU,Germany,2019,9.4,47656.199739747,,3.7,1.3,83092962.0,99.2253839958428,True,3.0,False,0.0,False,0.0,False,,False,-0.04639175257731951,False,False,False,False,True
DEU,Germany,2020,9.3,47394.8734504469,,3.7,1.3,83160871.0,99.2256156866511,True,4.0,False,0.0,False,0.0,False,,False,-0.03141361256544505,False,False,False,False,True
DEU,Germany,2021,9.6,52349.2459994422,,3.7,1.3,83196078.0,99.2258902349631,True,5.0,False,0.0,False,0.0,False,,False,-0.021164021164021066,False,False,False,False,True
DEU,Germany,2022,8.9,50506.5179638543,,3.7,1.3,83177813.0,99.2262023543276,True,6.0,False,0.0,False,0.0,False,,False,-0.010695187165775527,False,False,False,False,True
DEU,Germany,2023,8.3,54776.7668235491,,3.7,1.3,83287273.0,99.2265552501835,True,7.0,False,0.0,False,0.0,False,,True,-0.00537634408602151,False,False,False,False,True
DJI,Djibouti,2000,33.459,737.612183644052,,98.5,,747318.0,43.8005585471414,False,,False,0.0,False,0.0,False,,False,0.0,False,False,False,False,True
DJI,Djibouti,2001,33.267,742.133791107063,,96.3,,771313.0,43.8212949493816,False,,False,0.0,False,0.0,False,,False,0.0,False,False,False,False,True
DJI,Djibouti,2002,33.006,743.013270420348,,94.0,,795574.0,43.8420347636871,False,,False,0.0,False,0.0,False,,False,0.0,False,False,False,False,True
DJI,Djibouti,2003,32.678,764.634465224597,,91.6,,813519.0,43.8627723780355,False,,False,0.0,False,0.0,False,,False,-0.04847645429362886,False,False,False,False,True
DJI,Djibouti,2004,31.601,806.261652944964,,89.3,,826124.0,43.883509634259,False,,False,0.0,False,0.0,False,,False,-0.06098843322818084,False,False,False,False,True
DJI,Djibouti,2005,30.568,844.4483573908,,86.9,,839167.0,45.4139101542283,False,,False,0.0,False,0.0,False,,False,-0.07494145199063224,False,False,False,False,True
DJI,Djibouti,2006,29.391,898.464628136774,,84.6,,855764.0,46.9402321181691,False,,False,0.0,False,0.0,False,,False,-0.07662082514734785,False,False,False,False,True
DJI,Djibouti,2007,28.485,969.573220191902,,82.3,,874528.0,48.4620248883816,False,,False,0.0,False,0.0,False,,False,-0.07818100358422943,False,False,False,False,True
DJI,Djibouti,2008,27.554,1119.15233346969,,79.9,,892734.0,49.9792625492526,False,,False,0.0,False,0.0,False,,False,-0.08097538532321132,False,False,False,False,True
DJI,Djibouti,2009,26.905,1150.9375857489,,77.7,,911527.0,51.4914501079009,False,,False,0.0,False,0.0,False,,False,-0.08156028368794317,False,False,False,False,True
DJI,Djibouti,2010,26.291,1213.23352553429,,75.5,,930251.0,53.0040688366127,False,,False,0.0,False,0.0,False,,False,-0.08240155566358776,False,False,False,False,True
DJI,Djibouti,2011,25.657,1306.34552844977,,73.4,31.0,948558.0,54.5173591170882,False,0.0,False,0.0,False,0.0,False,,False,-0.08249999999999993,False,False,False,False,True
DJI,Djibouti,2012,25.061,1400.19357858954,,71.3,31.0,966747.0,56.031031232703,True,1.0,False,0.0,False,0.0,False,,False,-0.0830761316872429,False,False,False,False,True
DJI,Djibouti,2013,24.592,2075.94498424748,,69.2,28.0,984824.0,57.545815952446,False,0.0,False,0.0,False,0.0,False,,False,-0.0841715193223928,False,False,False,False,True
DJI,Djibouti,2014,24.094,2214.62084142432,,67.2,28.0,1002717.0,59.060863750812,True,1.0,False,0.0,False,0.0,False,,False,-0.08471806047398528,False,False,False,False,True
DJI,Djibouti,2015,23.567,2376.12554719873,,65.2,28.0,1020313.0,60.5779617075524,True,2.0,False,0.0,False,0.0,False,,False,-0.08581043185642163,False,False,False,False,True
DJI,Djibouti,2016,23.061,2510.4300076241,,63.2,28.0,1037653.0,62.0957006266769,True,3.0,False,0.0,False,0.0,False,,False,-0.08749639041293697,False,False,False,False,True
DJI,Djibouti,2017,22.703,2618.95521147369,,61.2,28.0,1054841.0,63.6147917367826,True,4.0,False,0.0,False,0.0,False,,False,-0.08955667955965481,False,False,False,False,True
DJI,Djibouti,2018,22.313,2718.08338799203,,59.4,28.0,1071882.0,65.1354027813767,True,5.0,False,0.0,False,0.0,False,,False,-0.08895705521472398,False,False,False,False,True
DJI,Djibouti,2019,21.913,2837.16902340932,,57.5,20.9,1088709.0,66.6577106028334,False,0.0,False,0.0,False,0.0,False,,False,-0.09076533839342181,False,False,False,False,True
DJI,Djibouti,2020,21.578,2844.88810647853,,55.7,20.9,1105188.0,66.7421157146302,True,1.0,False,0.0,False,0.0,False,,False,-0.09135399673735717,False,False,False,False,True
DJI,Djibouti,2021,21.308,3025.91126413549,,54.0,20.9,1121248.0,66.8311205695029,True,2.0,False,0.0,False,0.0,False,,False,-0.09090909090909088,False,False,False,False,True
DJI,Djibouti,2022,21.032,3133.25779772463,,52.1,20.9,1137096.0,66.9247194918968,True,3.0,False,0.0,False,0.0,False,,False,-0.09485753995830438,False,False,False,False,True
DJI,Djibouti,2023,20.769,3381.29779710722,,50.5,25.5,1152944.0,67.0234840121481,False,0.0,False,0.0,False,0.0,False,,True,-0.09400789379260846,False,False,False,False,True
DMA,Dominica,2000,17.923,4867.39896323759,,19.4,,68511.0,64.0425728567548,False,,False,0.0,False,0.0,False,,False,0.0,False,True,False,False,True
DMA,Dominica,2001,18.017,5527.51527300496,,19.7,,68288.0,65.298253781627,False,,False,0.0,False,0.0,False,,False,0.0,False,True,False,False,True
DMA,Dominica,2002,16.187,5488.02784969357,,20.1,,68367.0,66.5539347064993,False,,False,0.0,False,0.0,False,,False,0.0,False,True,False,False,True
DMA,Dominica,2003,15.605,5447.44011496284,,20.6,,68531.0,67.8096156313715,False,,False,0.0,False,0.0,False,,False,0.04391891891891894,False,True,False,False,True
DMA,Dominica,2004,15.239,5778.83306546506,,21.1,,68649.0,69.0652965562438,False,,False,0.0,False,0.0,False,,False,0.05764411027568933,False,True,False,False,True
DMA,Dominica,2005,15.019,5695.22442394675,,21.6,,68734.0,70.3209774811161,False,,False,0.0,False,0.0,False,,False,0.070366699702676,False,True,False,False,True
DMA,Dominica,2006,15.546,6055.78109574854,,22.2,,68806.0,71.5766584059883,False,,False,0.0,False,0.0,False,,False,0.07662463627546082,False,True,False,False,True
DMA,Dominica,2007,15.12,6459.03503689609,,22.8,,68847.0,72.8323393308606,False,,False,0.0,False,0.0,False,,False,0.07954545454545453,False,True,False,False,True
DMA,Dominica,2008,14.668,6971.32633839289,,23.5,,68854.0,74.0880202557328,False,,False,0.0,False,0.0,False,,False,0.08494921514312095,False,True,False,False,True
DMA,Dominica,2009,14.252,7487.49010395154,,24.2,,68864.0,75.3437011806051,False,,False,0.0,False,0.0,False,,False,0.08812949640287757,False,True,False,False,True
DMA,Dominica,2010,13.986,7549.61964680375,,24.9,,68859.0,76.5993821054773,False,,False,0.0,False,0.0,False,,False,0.08923884514435693,False,True,False,False,True
DMA,Dominica,2011,13.719,7705.40717248319,,25.7,,69053.0,77.8550630303496,False,,False,0.0,False,0.0,False,,False,0.09268707482993196,False,True,False,False,True
DMA,Dominica,2012,13.87,7528.51001990155,,26.5,,69118.0,79.1107439552219,False,,False,0.0,False,0.0,False,,False,0.09413707679603639,False,True,False,False,True
DMA,Dominica,2013,13.294,7822.21797211398,,27.4,,69715.0,80.3664248800941,False,,False,0.0,False,0.0,False,,False,0.09775641025641016,False,True,False,False,True
DMA,Dominica,2014,13.684,8131.74876096735,,28.3,,70373.0,80.3664248800941,False,,False,0.0,False,0.0,False,,False,0.09945609945609955,False,True,False,False,True
DMA,Dominica,2015,13.106,8282.59874702141,,29.2,,70410.0,80.3664248800941,False,,False,0.0,False,0.0,False,,False,0.09939759036144566,False,True,False,False,True
DMA,Dominica,2016,12.922,8802.56172041363,,30.2,,69606.0,80.3664248800941,False,,False,0.0,False,0.0,False,,False,0.10138584974471193,False,True,False,False,True
DMA,Dominica,2017,11.813,8224.64896571414,,31.1,,68496.0,80.3664248800941,False,,False,0.0,False,0.0,False,,False,0.09816384180790964,False,True,False,False,True
DMA,Dominica,2018,11.636,9215.3085405645,,32.1,,68174.0,80.3664248800941,False,,True,1.0,False,0.0,False,,False,0.09781121751026002,False,True,False,False,True
DMA,Dominica,2019,11.512,9491.14995962374,,33.0,,67880.0,80.3664248800941,False,,True,2.0,False,0.0,False,,False,0.09343936381709743,False,True,False,False,True
DMA,Dominica,2020,11.404,7827.74842680426,,33.8,,67573.0,80.3664248800941,False,,True,3.0,False,0.0,False,,False,0.08611825192802057,False,True,False,False,True
DMA,Dominica,2021,11.251,8376.40414141113,,34.4,,67202.0,80.3664248800941,False,,True,4.0,False,0.0,False,,False,0.07365792759051185,False,True,False,False,True
DMA,Dominica,2022,11.146,9323.66089490562,,35.0,,66826.0,80.3664248800941,False,,True,5.0,False,0.0,False,,False,0.06447688564476878,False,True,False,False,True
DMA,Dominica,2023,11.09,9912.96212766668,,35.4,,66510.0,80.3664248800941,False,,True,6.0,False,0.0,False,,True,0.05169340463458095,False,True,False,False,True
DNK,Denmark,2000,12.6,30722.0251837567,,5.6,,5339616.0,99.5972376023296,False,,False,0.0,False,0.0,False,,False,0.0,False,True,False,False,True
DNK,Denmark,2001,12.2,30768.4775471112,,5.5,,5358783.0,99.5972416304782,False,,False,0.0,False,0.0,False,,False,0.0,False,True,False,False,True
DNK,Denmark,2002,11.9,33257.1622586509,,5.4,,5375931.0,99.5972442699568,False,,False,0.0,False,0.0,False,,False,0.0,False,True,False,False,True
DNK,Denmark,2003,12.0,40519.0974905924,,5.2,,5390574.0,99.5972440111371,False,,False,0.0,False,0.0,False,,False,-0.054545454545454515,False,True,False,False,True
DNK,Denmark,2004,12.0,46625.050098011,,5.0,,5404523.0,99.5972402944734,False,,False,0.0,False,0.0,False,,False,-0.07834101382488476,False,True,False,False,True
DNK,Denmark,2005,11.9,48925.8076698784,,4.8,,5419432.0,99.597236324295,False,,False,0.0,False,0.0,False,,False,-0.10112359550561799,False,True,False,False,True
DNK,Denmark,2006,12.0,52119.1787984282,,4.6,,5437272.0,99.5972374048181,False,,False,0.0,False,0.0,False,,False,-0.11196911196911215,False,True,False,False,True
DNK,Denmark,2007,11.7,58631.6566433635,,4.5,,5461438.0,99.5972334856175,False,,False,0.0,False,0.0,False,,False,-0.1,False,True,False,False,True
DNK,Denmark,2008,11.8,64616.6657583663,,4.3,,5493621.0,99.5972323943496,False,,False,0.0,False,0.0,False,,False,-0.10788381742738598,False,True,False,False,True
DNK,Denmark,2009,11.4,58412.7472358513,,4.2,,5523095.0,99.5972316699416,False,,False,0.0,False,0.0,False,,False,-0.09482758620689645,False,True,False,False,True
DNK,Denmark,2010,11.4,58104.5445594981,,4.1,,5547683.0,99.5972300585554,False,,False,0.0,False,0.0,False,,False,-0.08482142857142856,False,True,False,False,True
DNK,Denmark,2011,10.6,61809.737898222,,4.1,,5570572.0,99.5972309188778,False,,False,0.0,False,0.0,False,,False,-0.055299539170506964,False,True,False,False,True
DNK,Denmark,2012,10.4,58443.7747103968,,4.1,,5591572.0,99.5972365782487,False,,False,0.0,False,0.0,False,,False,-0.03301886792452843,False,True,False,False,True
DNK,Denmark,2013,10.0,61377.5940590412,,4.1,,5614932.0,99.5972308171769,False,,False,0.0,False,0.0,False,,False,-0.014423076923077042,False,True,False,False,True
DNK,Denmark,2014,10.1,62520.4509747011,,4.1,,5643475.0,99.5972357033725,False,,False,0.0,False,0.0,False,,False,-0.004854368932038947,False,True,False,False,True
DNK,Denmark,2015,10.2,53094.0133607574,,4.1,,5683483.0,99.5972338246899,False,,False,0.0,False,0.0,False,,False,0.0,False,True,False,False,True
DNK,Denmark,2016,10.8,54500.9260410217,,4.0,,5728010.0,99.5972301475052,False,,False,0.0,False,0.0,False,,False,-0.02439024390243894,False,True,False,False,True
DNK,Denmark,2017,10.6,57521.5514992225,,3.9,,5764980.0,99.5972303913109,False,,False,0.0,False,0.0,False,,False,-0.04411764705882357,False,True,False,False,True
DNK,Denmark,2018,10.6,61324.7665045565,,3.9,,5793636.0,99.5972321137483,False,,False,0.0,False,0.0,False,,False,-0.034653465346534684,False,True,False,False,True
DNK,Denmark,2019,10.5,59404.2663247723,,3.8,,5814422.0,99.5972264992143,False,,False,0.0,False,0.0,False,,False,-0.050000000000000044,False,True,False,False,True
DNK,Denmark,2020,10.4,60985.4885601514,,3.7,,5831404.0,99.5972310070963,False,,False,0.0,False,0.0,False,,False,-0.060913705583756285,False,True,False,False,True
DNK,Denmark,2021,10.8,69340.7334922138,,3.7,,5856733.0,99.5972289739284,False,,False,0.0,False,0.0,False,,False,-0.041450777202072575,False,True,False,False,True
DNK,Denmark,2022,9.9,67781.0940939514,,3.8,,5903037.0,99.5972313839473,False,,False,0.0,False,0.0,False,,False,0.0,False,True,False,False,True
DNK,Denmark,2023,9.7,68043.5466971243,,3.9,,5946952.0,99.5972246130908,False,,False,0.0,False,0.0,False,,True,0.03174603174603178,False,True,False,False,True
DOM,Dominican Republic,2000,25.557,2831.45883638033,,39.6,7.7,8584190.0,76.5972413927346,False,0.0,False,0.0,False,0.0,False,,False,0.0,False,False,False,False,False
DOM,Dominican Republic,2001,25.069,2935.89367312668,,38.6,7.7,8720283.0,77.1486058727442,True,1.0,False,0.0,False,0.0,False,,False,0.0,False,False,False,False,False
DOM,Dominican Republic,2002,24.385,3065.60329524196,87.0,37.7,11.6,8852235.0,77.6989945887233,False,0.0,False,0.0,False,0.0,False,0.0,False,0.0,False,False,False,False,False
DOM,Dominican Republic,2003,23.738,2383.26171780393,87.0,37.0,11.6,8980620.0,78.3032583035324,True,1.0,False,0.0,False,0.0,True,1.0,False,-0.042277825711820524,False,False,False,False,False
DOM,Dominican Republic,2004,23.103,2451.69161616569,87.0,36.4,11.6,9104892.0,78.9271188808874,True,2.0,False,0.0,False,0.0,True,2.0,False,-0.0477436232831917,False,False,False,False,False
DOM,Dominican Republic,2005,22.464,3878.31206735244,87.0,36.0,11.6,9225034.0,79.5457900352117,True,3.0,False,0.0,False,0.0,True,3.0,False,-0.049128367670364485,False,False,False,False,False
DOM,Dominican Republic,2006,21.86,4055.14270347371,87.0,35.6,8.4,9341183.0,80.1598054522456,False,0.0,False,0.0,False,0.0,True,4.0,False,-0.041464728056004284,False,False,False,False,False
DOM,Dominican Republic,2007,21.829,4649.64558875814,88.2399978637695,35.3,10.1,9455658.0,80.7688357715562,False,0.0,False,0.0,False,0.0,False,0.0,False,-0.033935413245758314,False,False,False,False,False
DOM,Dominican Republic,2008,22.12,5023.58513403515,88.2399978637695,35.1,10.1,9573130.0,81.3729094599305,True,1.0,False,0.0,False,0.0,True,1.0,False,-0.026622296173044947,False,False,False,False,False
DOM,Dominican Republic,2009,22.344,4973.95186999952,88.2399978637695,34.9,10.1,9695265.0,81.9711115493229,True,2.0,False,0.0,False,0.0,True,2.0,False,-0.021860986547085234,False,False,False,False,False
DOM,Dominican Republic,2010,22.167,5478.62470398954,89.5400009155273,34.9,10.1,9820175.0,82.5643436966814,True,3.0,False,0.0,False,0.0,False,0.0,False,-0.01356698699830404,False,False,False,False,False
DOM,Dominican Republic,2011,21.871,5826.51014109195,90.1100006103516,34.8,10.1,9945621.0,83.1400170777366,True,4.0,False,0.0,False,0.0,False,0.0,False,-0.010238907849829336,False,False,False,False,False
DOM,Dominican Republic,2012,21.522,6013.81965002603,90.1600036621094,34.8,10.1,10070411.0,83.7029811065399,True,5.0,False,0.0,False,0.0,False,0.0,False,-0.005714285714285796,False,False,False,False,False
DOM,Dominican Republic,2013,21.179,6136.59429329301,90.8600006103516,34.8,7.1,10193833.0,84.2618165680841,False,0.0,False,0.0,False,0.0,False,0.0,False,-0.0028653295128938205,False,False,False,False,False
DOM,Dominican Republic,2014,20.844,6496.45166971142,91.7600021362305,34.9,7.1,10315528.0,84.8168092520689,True,1.0,False,0.0,False,0.0,False,0.0,False,0.0017221584385764144,False,False,False,False,False
DOM,Dominican Republic,2015,20.538,6800.95309395474,91.9899978637695,34.9,7.1,10434829.0,85.3681191078801,True,2.0,False,0.0,False,0.0,False,0.0,False,0.0017221584385764144,False,False,False,False,False
DOM,Dominican Republic,2016,20.239,7160.44200982307,93.7799987792969,34.9,7.1,10551430.0,85.9156708340948,True,3.0,False,0.0,False,0.0,False,0.0,False,0.0017221584385764144,False,False,False,False,False
DOM,Dominican Republic,2017,20.009,7412.71571571512,93.2332153385684,34.9,7.1,10666843.0,86.4591843551148,True,4.0,False,0.0,False,0.0,False,0.0,False,0.0011474469305794363,False,False,False,False,False
DOM,Dominican Republic,2018,19.848,7882.98221584944,93.4360584896058,34.7,7.1,10782053.0,86.9970340675961,True,5.0,False,0.0,False,0.0,False,0.0,False,-0.005160550458715588,False,False,False,False,False
DOM,Dominican Republic,2019,19.43,8183.01623600375,93.6726916249429,34.4,6.7,10894043.0,87.5294360450425,False,0.0,False,0.0,False,0.0,False,0.0,False,-0.013195639701663823,False,False,False,False,False
DOM,Dominican Republic,2020,18.957,7135.22273255899,93.6926372060753,33.8,6.7,11008300.0,88.0566185078015,True,1.0,False,0.0,False,0.0,False,0.0,False,-0.027617951668584606,False,False,False,False,False
DOM,Dominican Republic,2021,18.571,8527.0754858205,93.7309714425844,33.0,6.7,11123476.0,88.5790077931484,True,2.0,False,0.0,False,0.0,False,0.0,False,-0.04458598726114647,False,False,False,False,False
DOM,Dominican Republic,2022,18.255,10104.2464008585,93.7022375646963,32.3,6.7,11230734.0,89.0968114947434,True,3.0,False,0.0,False,0.0,False,0.0,False,-0.05444964871194398,False,False,False,False,False
DOM,Dominican Republic,2023,17.931,10630.431743829,94.3123758236054,31.5,6.7,11331265.0,89.6102380882298,True,4.0,False,0.0,False,0.0,False,0.0,True,-0.06361474435196196,False,False,False,False,False
DZA,Algeria,2000,19.574,1772.92869122761,,41.7,23.6,30903893.0,84.480825904855,False,0.0,False,0.0,False,0.0,False,,False,0.0,False,False,False,False,False
DZA,Algeria,2001,19.405,1896.30020878013,,40.2,23.6,31331221.0,84.7599258051821,True,1.0,False,0.0,False,0.0,False,,False,0.0,False,False,False,False,False
DZA,Algeria,2002,19.096,1937.46411413019,69.870002746582,38.6,24.0,31750835.0,85.0328039749713,False,0.0,False,0.0,False,0.0,False,0.0,False,0.0,False,False,False,False,False
DZA,Algeria,2003,19.614,2283.77299346126,69.870002746582,37.0,24.0,32175818.0,85.2991661888618,True,1.0,False,0.0,False,0.0,True,1.0,False,-0.07883817427385886,False,False,False,False,False
DZA,Algeria,2004,20.337,2816.99384960555,69.870002746582,35.4,24.0,32628286.0,85.5590698525635,True,2.0,False,0.0,False,0.0,True,2.0,False,-0.10095238095238099,False,False,False,False,False
DZA,Algeria,2005,21.136,3233.13339634212,69.870002746582,33.9,24.0,33109249.0,85.8122570569518,True,3.0,False,0.0,False,0.0,True,3.0,False,-0.12130637636080871,False,False,False,False,False
DZA,Algeria,2006,21.998,3660.66104745322,72.6500015258789,32.5,15.4,33623506.0,86.0591336531477,False,0.0,False,0.0,False,0.0,False,0.0,False,-0.12209616423554825,False,False,False,False,False
DZA,Algeria,2007,22.873,4167.45169937531,72.6500015258789,31.2,15.4,34189416.0,86.2994372254318,True,1.0,False,0.0,False,0.0,True,1.0,False,-0.12063134160090204,False,False,False,False,False
DZA,Algeria,2008,23.735,5180.91881514686,75.1399993896484,30.1,15.4,34816961.0,86.5335634120034,True,2.0,False,0.0,False,0.0,False,0.0,False,-0.11470588235294113,False,False,False,False,False
DZA,Algeria,2009,24.189,4235.42990456612,75.1399993896484,29.0,15.4,35490445.0,86.7594833299859,True,3.0,False,0.0,False,0.0,True,1.0,False,-0.11097486204782335,False,False,False,False,False
DZA,Algeria,2010,24.556,4912.78585503672,75.1399993896484,28.1,15.4,36188236.0,86.9781345697396,True,4.0,False,0.0,False,0.0,True,2.0,False,-0.10338225909380967,False,False,False,False,False
DZA,Algeria,2011,24.76,5916.31364364343,75.1399993896484,27.3,15.4,36903376.0,87.1892375603954,True,5.0,False,0.0,False,0.0,True,3.0,False,-0.09542743538767393,False,False,False,False,False
DZA,Algeria,2012,25.656,6033.64884689543,75.1399993896484,26.6,11.7,37646166.0,87.0935387595053,False,0.0,False,0.0,False,0.0,True,4.0,False,-0.0871654083733698,False,False,False,False,False
DZA,Algeria,2013,25.524,5979.60138960585,75.1399993896484,25.9,11.7,38414171.0,86.9868785430175,True,1.0,False,0.0,False,0.0,True,5.0,False,-0.08221119773210514,False,False,False,False,False
DZA,Algeria,2014,26.063,6094.69392314956,75.1399993896484,25.4,11.7,39205031.0,86.8698473645812,True,2.0,False,0.0,False,0.0,True,6.0,False,-0.07231555880204543,False,False,False,False,False
DZA,Algeria,2015,25.811,4685.05902729002,75.1399993896484,24.9,11.7,40019529.0,86.7425206516531,True,3.0,False,0.0,False,0.0,True,7.0,False,-0.06601650412603169,False,False,False,False,False
DZA,Algeria,2016,25.439,4424.98529027556,75.1399993896484,24.5,11.7,40850721.0,86.6054840366106,True,4.0,False,0.0,False,0.0,True,8.0,False,-0.058416602613374315,False,False,False,False,False
DZA,Algeria,2017,25.015,4554.66753957828,75.1399993896484,24.0,11.7,41689299.0,86.4588236326811,True,5.0,False,0.0,False,0.0,True,9.0,False,-0.05734485467399833,False,False,False,False,False
DZA,Algeria,2018,24.063,4577.21029180491,75.1399993896484,23.7,11.7,42505035.0,86.3030907782839,True,6.0,False,0.0,False,0.0,True,10.0,False,-0.04971932638331991,False,False,False,False,False
DZA,Algeria,2019,23.379,4468.45341883656,75.1399993896484,23.3,9.8,43294546.0,86.1385037232471,False,0.0,False,0.0,False,0.0,True,11.0,False,-0.048979591836734525,False,False,False,False,False
DZA,Algeria,2020,22.43,3743.5419522929,75.1399993896484,22.9,9.8,44042091.0,85.9654731245039,True,1.0,False,0.0,False,0.0,True,12.0,False,-0.049003322259136346,False,False,False,False,False
DZA,Algeria,2021,21.392,4160.55926736925,75.1399993896484,22.6,9.8,44761099.0,85.7843029485606,True,2.0,False,0.0,False,0.0,True,13.0,False,-0.04560810810810804,False,False,False,False,False
DZA,Algeria,2022,20.491,4960.30334332888,75.1399993896484,22.3,9.8,45477389.0,85.8262858406741,True,3.0,False,0.0,False,0.0,True,14.0,False,-0.04291845493562232,False,False,False,False,False
DZA,Algeria,2023,19.625,5370.477235078,75.1399993896484,22.0,9.8,46164219.0,85.8670433970582,True,4.0,False,0.0,False,0.0,True,15.0,True,-0.04181184668989551,False,False,False,False,False
ECU,Ecuador,2000,25.645,1382.23421759909,,29.6,,12689206.0,73.0247894296071,False,,False,0.0,False,0.0,False,,False,0.0,False,False,False,False,False
ECU,Ecuador,2001,25.142,1791.30359685037,90.9800033569336,28.0,,12910740.0,73.682272686074,False,,False,0.0,False,0.0,False,0.0,False,0.0,False,False,False,False,False
ECU,Ecuador,2002,24.655,2059.1585535974,90.9800033569336,26.6,,13138472.0,74.2940388985466,False,,False,0.0,False,0.0,True,1.0,False,0.0,False,False,False,False,False
ECU,Ecuador,2003,24.18,2315.62215223014,90.9800033569336,25.5,,13372306.0,74.8765406550674,False,,False,0.0,False,0.0,True,2.0,False,-0.09144893111638953,False,False,False,False,False
ECU,Ecuador,2004,23.73,2586.20914663347,90.9800033569336,24.5,29.2,13608701.0,75.4556589592685,False,0.0,False,0.0,False,0.0,True,3.0,False,-0.1066545123062899,False,False,False,False,False
ECU,Ecuador,2005,23.317,2909.02606014388,90.9800033569336,23.6,29.2,13846163.0,76.2586729736281,True,1.0,False,0.0,False,0.0,True,4.0,False,-0.12071535022354678,False,False,False,False,False
ECU,Ecuador,2006,22.968,3243.67010359339,90.9800033569336,22.7,25.9,14086131.0,77.060905576886,False,0.0,False,0.0,False,0.0,True,5.0,False,-0.11466458658346351,False,False,False,False,False
ECU,Ecuador,2007,22.604,3478.92488770671,92.0999984741211,21.8,25.9,14328773.0,77.862718659502,True,1.0,False,0.0,False,0.0,False,0.0,False,-0.11310008136696505,False,False,False,False,False
ECU,Ecuador,2008,22.501,4194.75750661981,92.3899993896484,20.9,25.9,14575202.0,78.663760639549,True,2.0,False,0.0,False,0.0,False,0.0,False,-0.11515664690939878,False,False,False,False,False
ECU,Ecuador,2009,22.427,4053.36331139298,92.25,20.0,25.9,14825954.0,79.4640520853321,True,3.0,False,0.0,False,0.0,False,0.0,False,-0.118942731277533,False,False,False,False,False
ECU,Ecuador,2010,21.887,4520.30959039763,91.8499984741211,19.1,25.9,15076695.0,80.2637776434408,True,4.0,False,0.0,False,0.0,False,0.0,False,-0.12385321100917428,False,False,False,False,False
ECU,Ecuador,2011,21.78,5153.6916424375,91.5899963378906,18.2,25.9,15326227.0,81.0578095261347,True,5.0,False,0.0,False,0.0,False,0.0,False,-0.12918660287081338,False,False,False,False,False
ECU,Ecuador,2012,20.944,5634.08393191094,92.0599975585938,17.4,25.4,15572194.0,81.8481545734272,False,0.0,False,0.0,False,0.0,False,0.0,False,-0.13000000000000006,False,False,False,False,False
ECU,Ecuador,2013,19.656,6109.29031510341,93.2900009155273,16.6,25.4,15807128.0,82.6385639070942,True,1.0,False,0.0,False,0.0,False,0.0,False,-0.13179916317991613,False,False,False,False,False
ECU,Ecuador,2014,18.896,6405.79979300441,94.2200012207031,15.9,23.9,16035124.0,83.4289010855999,False,0.0,False,0.0,False,0.0,False,0.0,False,-0.12924424972617732,False,False,False,False,False
ECU,Ecuador,2015,18.357,5976.1596805651,94.4599990844727,15.3,23.9,16266225.0,84.2194382578739,True,1.0,False,0.0,False,0.0,False,0.0,False,-0.12270642201834865,False,False,False,False,False
ECU,Ecuador,2016,17.622,5917.63771271481,94.3499984741211,14.8,23.9,16505139.0,85.0099232884518,True,2.0,False,0.0,False,0.0,False,0.0,False,-0.1127098321342925,False,False,False,False,False
ECU,Ecuador,2017,17.677,6233.32244797718,92.8300018310547,14.4,23.9,16759519.0,85.8004886348106,True,3.0,False,0.0,False,0.0,False,0.0,False,-0.09999999999999998,False,False,False,False,False
ECU,Ecuador,2018,17.523,6303.91886658338,92.8300018310547,14.1,23.9,17049547.0,86.5928399282026,True,4.0,False,0.0,False,0.0,True,1.0,False,-0.08441558441558446,False,False,False,False,False
ECU,Ecuador,2019,16.924,6205.05765246766,92.8300018310547,13.8,23.9,17340021.0,87.3866333551063,True,5.0,False,0.0,False,0.0,True,2.0,False,-0.07382550335570467,False,False,False,False,False
ECU,Ecuador,2020,16.391,5463.64515348598,93.629997253418,13.6,23.9,17546065.0,88.1817507856303,True,6.0,False,0.0,False,0.0,False,0.0,False,-0.06077348066298348,False,False,False,False,False
ECU,Ecuador,2021,15.882,6061.32350181711,94.4800033569336,13.4,23.9,17682454.0,88.9779601085787,True,7.0,False,0.0,False,0.0,False,0.0,False,-0.052333804809052344,False,False,False,False,False
ECU,Ecuador,2022,15.423,6515.58528418336,96.2600021362305,13.2,23.9,17823897.0,89.7233208052462,True,8.0,False,0.0,False,0.0,False,0.0,False,-0.04761904761904763,False,False,False,False,False
ECU,Ecuador,2023,15.033,6718.1447938811,96.2600021362305,13.0,17.5,17980083.0,90.5556911375942,False,0.0,False,0.0,False,0.0,True,1.0,True,-0.045521292217327404,False,False,False,False,False
EGY,"Egypt, Arab Rep.",2000,27.392,1366.09274372613,,47.3,24.4,73083284.0,91.974568364989,False,0.0,False,0.0,False,0.0,False,,False,0.0,False,False,False,False,False
EGY,"Egypt, Arab Rep.",2001,27.252,1295.1374184163,,44.8,24.4,74652029.0,92.1886612012788,True,1.0,False,0.0,False,0.0,False,,False,0.0,False,False,False,False,False
EGY,"Egypt, Arab Rep.",2002,27.076,1116.82884626213,,42.5,24.4,76239137.0,92.4027780839966,True,2.0,False,0.0,False,0.0,False,,False,0.0,False,False,False,False,False
EGY,"Egypt, Arab Rep.",2003,26.866,1031.27556291284,,40.4,20.2,77853548.0,92.6169160199968,False,0.0,False,0.0,False,0.0,False,,False,-0.099554234769688,False,False,False,False,False
EGY,"Egypt, Arab Rep.",2004,26.569,991.255689145253,,38.6,20.2,79477443.0,92.8310689127908,True,1.0,False,0.0,False,0.0,False,,False,-0.11771428571428569,False,False,False,False,False
EGY,"Egypt, Arab Rep.",2005,26.566,1105.53920713903,67.3300018310547,37.0,23.9,81101004.0,93.0452392877341,False,0.0,False,0.0,False,0.0,False,0.0,False,-0.1338951310861423,False,False,False,False,False
EGY,"Egypt, Arab Rep.",2006,26.562,1298.97900203124,66.370002746582,35.6,23.9,82700403.0,93.2594315118991,True,1.0,False,0.0,False,0.0,False,0.0,False,-0.12444663059517959,False,False,False,False,False
EGY,"Egypt, Arab Rep.",2007,26.849,1547.74170735909,66.370002746582,34.2,23.9,84276225.0,93.4714314337652,True,2.0,False,0.0,False,0.0,True,1.0,False,-0.1190108191653786,False,False,False,False,False
EGY,"Egypt, Arab Rep.",2008,26.976,1896.21594269779,66.370002746582,32.8,30.7,85864789.0,93.6821208332209,False,0.0,False,0.0,False,0.0,True,2.0,False,-0.11733046286329403,False,False,False,False,False
EGY,"Egypt, Arab Rep.",2009,27.209,2161.63964573927,66.370002746582,31.6,30.7,87501636.0,93.8929162055799,True,1.0,False,0.0,False,0.0,True,3.0,False,-0.11335578002244666,False,False,False,False,False
EGY,"Egypt, Arab Rep.",2010,27.491,2455.08194645282,72.0500030517578,30.5,30.7,89196072.0,94.1037046412727,True,2.0,False,0.0,False,0.0,False,0.0,False,-0.10922897196261669,False,False,False,False,False
EGY,"Egypt, Arab Rep.",2011,27.476,2590.64384891965,72.0500030517578,29.5,30.7,91093059.0,94.3145999279775,True,3.0,False,0.0,False,0.0,True,1.0,False,-0.10443230115361257,False,False,False,False,False
EGY,"Egypt, Arab Rep.",2012,28.117,2996.0677072015,73.870002746582,28.6,30.7,93161001.0,94.5236904418701,True,4.0,False,0.0,False,0.0,False,0.0,False,-0.09836065573770504,False,False,False,False,False
EGY,"Egypt, Arab Rep.",2013,28.591,3025.52563552448,72.4400024414062,27.8,30.7,95333553.0,94.7328979128496,True,5.0,False,0.0,False,0.0,False,0.0,False,-0.09150326797385623,False,False,False,False,False
EGY,"Egypt, Arab Rep.",2014,28.393,3133.39102265541,72.4400024414062,27.1,22.3,97528654.0,94.9421220877045,False,0.0,False,0.0,False,0.0,True,1.0,False,-0.08445945945945946,False,False,False,False,False
EGY,"Egypt, Arab Rep.",2015,28.184,3306.98159414141,72.4400024414062,26.5,22.3,99597342.0,95.1514018679127,True,1.0,False,0.0,False,0.0,True,2.0,False,-0.07665505226480834,False,False,False,False,False
EGY,"Egypt, Arab Rep.",2016,26.679,3270.6287768197,72.4400024414062,26.0,22.3,101644589.0,95.3608044893643,True,2.0,False,0.0,False,0.0,True,3.0,False,-0.06810035842293902,False,False,False,False,False
EGY,"Egypt, Arab Rep.",2017,26.1,2395.10333299491,71.1699981689453,25.6,22.3,103696057.0,95.5716159808707,True,3.0,False,0.0,False,0.0,False,0.0,False,-0.05882352941176463,False,False,False,False,False
EGY,"Egypt, Arab Rep.",2018,23.592,2484.70315630508,71.1699981689453,25.2,22.3,105682094.0,95.7838228519798,True,4.0,False,0.0,False,0.0,True,1.0,False,-0.0526315789473685,False,False,False,False,False
EGY,"Egypt, Arab Rep.",2019,22.267,2962.98892023003,71.1699981689453,24.8,22.3,107553158.0,95.9974521361916,True,5.0,False,0.0,False,0.0,True,2.0,False,-0.04907975460122704,False,False,False,False,False
EGY,"Egypt, Arab Rep.",2020,22.004,3511.11381026379,71.1699981689453,24.4,22.3,109315124.0,96.21249765428,True,6.0,False,0.0,False,0.0,True,3.0,False,-0.04761904761904758,False,False,False,False,False
EGY,"Egypt, Arab Rep.",2021,21.154,3827.35415374308,82.0803858167894,24.0,12.8,110957008.0,96.4288914179465,False,0.0,False,0.0,False,0.0,False,0.0,False,-0.047619047619047596,False,False,False,False,False
EGY,"Egypt, Arab Rep.",2022,21.091,4233.30783744856,79.4531619498685,23.5,12.8,112618250.0,96.6466119170931,True,1.0,False,0.0,False,0.0,False,0.0,False,-0.05241935483870971,False,False,False,False,False
EGY,"Egypt, Arab Rep.",2023,21.004,3456.78965212363,79.4531619498685,22.9,12.8,114535772.0,96.8657483684403,True,2.0,False,0.0,False,0.0,True,1.0,True,-0.06070549630844957,False,False,False,False,False
ERI,Eritrea,2000,37.969,314.357396753501,,85.3,,2247031.0,8.28530072689983,False,,False,0.0,False,0.0,False,,False,0.0,False,False,False,False,False
ERI,Eritrea,2001,36.353,325.409161513593,,81.1,,2312079.0,8.6404789305264,False,,False,0.0,False,0.0,False,,False,0.0,False,False,False,False,False
ERI,Eritrea,2002,37.081,304.775756465092,52.5099983215332,77.3,43.0,2392978.0,8.98629579771191,False,0.0,False,0.0,False,0.0,False,0.0,False,0.0,False,False,False,False,False
ERI,Eritrea,2003,35.894,348.950327077742,52.5099983215332,73.8,43.0,2493903.0,9.32208650503035,True,1.0,False,0.0,False,0.0,True,1.0,False,-0.09150594993844896,False,False,False,False,False
ERI,Eritrea,2004,37.0,426.840947887032,52.5099983215332,70.5,43.0,2598284.0,9.64744722939411,True,2.0,False,0.0,False,0.0,True,2.0,False,-0.11181102362204724,False,False,False,False,False
ERI,Eritrea,2005,36.369,412.753079199423,52.5099983215332,67.5,43.0,2661215.0,9.96153520031783,True,3.0,False,0.0,False,0.0,True,3.0,False,-0.13015463917525766,False,False,False,False,False
ERI,Eritrea,2006,36.179,447.997404727201,52.5099983215332,64.7,43.0,2703502.0,10.2644175982683,True,4.0,False,0.0,False,0.0,True,4.0,False,-0.1261480280929226,False,False,False,False,False
ERI,Eritrea,2007,34.965,480.44762365456,52.5099983215332,62.0,43.0,2743222.0,10.5550786241031,True,5.0,False,0.0,False,0.0,True,5.0,False,-0.12379875635952522,False,False,False,False,False
ERI,Eritrea,2008,34.136,490.066956003333,64.6600036621094,59.6,43.0,2816327.0,10.8337740406528,True,6.0,False,0.0,False,0.0,False,0.0,False,-0.11964549483013295,False,False,False,False,False
ERI,Eritrea,2009,34.213,642.92572288007,64.6600036621094,57.3,43.0,2887885.0,11.0220414202395,True,7.0,False,0.0,False,0.0,True,1.0,False,-0.11655874190564296,False,False,False,False,False
ERI,Eritrea,2010,33.453,539.699512069686,64.6600036621094,55.2,52.5,2945186.0,11.2019452505005,False,0.0,False,0.0,False,0.0,True,2.0,False,-0.11282545805207313,False,False,False,False,False
ERI,Eritrea,2011,33.032,688.68165957684,64.6600036621094,53.3,52.5,2998485.0,11.3735403344941,True,1.0,False,0.0,False,0.0,True,3.0,False,-0.10809906291834015,False,False,False,False,False
ERI,Eritrea,2012,32.41,688.68165957684,64.6600036621094,51.4,52.5,3036988.0,11.5365173088441,True,2.0,False,0.0,True,1.0,True,4.0,False,-0.10577592205984689,False,False,False,False,False
ERI,Eritrea,2013,31.702,688.68165957684,64.6600036621094,49.7,52.5,3074360.0,11.6362700094956,True,3.0,False,0.0,True,2.0,True,5.0,False,-0.10223988439306353,False,False,False,False,False
ERI,Eritrea,2014,31.456,688.68165957684,64.6600036621094,48.1,52.5,3095173.0,11.7366810070379,True,4.0,False,0.0,True,3.0,True,6.0,False,-0.09891345073061061,False,False,False,False,False
ERI,Eritrea,2015,30.554,688.68165957684,64.6600036621094,46.4,52.5,3105546.0,11.8379124928254,True,5.0,False,0.0,True,4.0,True,7.0,False,-0.09972836631742338,False,False,False,False,False
ERI,Eritrea,2016,30.092,688.68165957684,64.6600036621094,44.7,52.5,3124698.0,11.9399660140866,True,6.0,False,0.0,True,5.0,True,8.0,False,-0.10204901566894331,False,False,False,False,False
ERI,Eritrea,2017,29.551,688.68165957684,64.6600036621094,43.3,52.5,3150347.0,11.9399660140866,True,7.0,True,1.0,True,6.0,True,9.0,False,-0.099042863087807,False,False,False,False,False
ERI,Eritrea,2018,29.195,688.68165957684,64.6600036621094,41.9,52.5,3192760.0,11.9399660140866,True,8.0,True,2.0,True,7.0,True,10.0,False,-0.09776055124892347,False,False,False,False,False
ERI,Eritrea,2019,29.119,688.68165957684,64.6600036621094,40.5,52.5,3240194.0,11.9399660140866,True,9.0,True,3.0,True,8.0,True,11.0,False,-0.09759358288770059,False,False,False,False,False
ERI,Eritrea,2020,28.872,688.68165957684,64.6600036621094,39.1,52.5,3291271.0,11.9399660140866,True,10.0,True,4.0,True,9.0,True,12.0,False,-0.09824723247232468,False,False,False,False,False
ERI,Eritrea,2021,28.818,688.68165957684,64.6600036621094,37.8,52.5,3350183.0,11.9399660140866,True,11.0,True,5.0,True,10.0,True,13.0,False,-0.09785202863961817,False,False,False,False,False
ERI,Eritrea,2022,28.675,688.68165957684,64.6600036621094,36.6,52.5,3409447.0,11.9399660140866,True,12.0,True,6.0,True,11.0,True,14.0,False,-0.09674234945705827,False,False,False,False,False
ERI,Eritrea,2023,28.544,688.68165957684,64.6600036621094,35.4,52.5,3470390.0,11.9399660140866,True,13.0,True,7.0,True,12.0,True,15.0,True,-0.09647779479326189,False,False,False,False,False
ESP,Spain,2000,9.8,14743.2671031455,,5.4,,40567864.0,99.81337600395,False,,False,0.0,False,0.0,False,,False,0.0,False,True,False,False,False
ESP,Spain,2001,9.9,15368.2337984435,,5.3,,40850412.0,99.8132386621396,False,,False,0.0,False,0.0,False,,False,0.0,False,True,False,False,False
ESP,Spain,2002,10.1,17111.0685058941,,5.1,,41431558.0,99.8203750851097,False,,False,0.0,False,0.0,False,,False,0.0,False,True,False,False,False
ESP,Spain,2003,10.4,21522.0170990262,,5.0,,42187645.0,99.8274307046271,False,,False,0.0,False,0.0,False,,False,-0.050632911392405056,False,True,False,False,False
ESP,Spain,2004,10.6,24925.0267844576,97.1699981689453,4.9,,42921895.0,99.8345059516588,False,,False,0.0,False,0.0,False,0.0,False,-0.057692307692307654,False,True,False,False,False
ESP,Spain,2005,10.6,26450.9530130382,97.75,4.7,,43653155.0,99.8416133982387,False,,False,0.0,False,0.0,False,0.0,False,-0.08560311284046683,False,True,False,False,False
ESP,Spain,2006,10.8,28421.686527407,97.75,4.5,,44397319.0,99.8487382179383,False,,False,0.0,False,0.0,False,0.0,False,-0.1,False,True,False,False,False
ESP,Spain,2007,10.9,32652.015594702,97.9400024414062,4.4,,45226803.0,99.8558830962321,False,,False,0.0,False,0.0,False,0.0,False,-0.09090909090909098,False,True,False,False,False
ESP,Spain,2008,11.3,35603.248328071,97.629997253418,4.2,,45954106.0,99.8630455498867,False,,False,0.0,False,0.0,False,0.0,False,-0.10638297872340426,False,True,False,False,False
ESP,Spain,2009,10.6,32279.8208476151,97.6800003051758,4.0,,46362946.0,99.8702292600301,False,,False,0.0,False,0.0,False,0.0,False,-0.11894273127753305,False,True,False,False,False
ESP,Spain,2010,10.4,30658.7422282912,97.75,3.8,,46576897.0,99.8774338307554,False,,False,0.0,False,0.0,False,0.0,False,-0.12844036697247718,False,True,False,False,False
ESP,Spain,2011,10.1,31824.6219134777,97.7799987792969,3.7,,46742697.0,99.8846622975312,False,,False,0.0,False,0.0,False,0.0,False,-0.11483253588516755,False,True,False,False,False
ESP,Spain,2012,9.7,28456.4438151477,97.8899993896484,3.6,,46773055.0,99.8919111266773,False,,False,0.0,False,0.0,False,0.0,False,-0.10447761194029839,False,True,False,False,False
ESP,Spain,2013,9.1,29228.846559842,98.0800018310547,3.5,,46604197.0,99.8991712740444,False,,False,0.0,False,0.0,False,0.0,False,-0.0932642487046633,False,True,False,False,False
ESP,Spain,2014,9.2,29707.765509467,98.0899963378906,3.4,,46460733.0,99.9060955227569,False,,False,0.0,False,0.0,False,0.0,False,-0.08602150537634416,False,True,False,False,False
ESP,Spain,2015,9.0,25982.4416197775,98.1399993896484,3.3,,46422303.0,99.9124654207722,False,,False,0.0,False,0.0,False,0.0,False,-0.08333333333333341,False,True,False,False,False
ESP,Spain,2016,8.8,26755.6061149398,98.25,3.3,,46458139.0,99.9188850913844,False,,False,0.0,False,0.0,False,0.0,False,-0.0571428571428572,False,True,False,False,False
ESP,Spain,2017,8.4,28381.3425596906,98.25,3.2,,46571232.0,99.9198350404292,False,,False,0.0,False,0.0,True,1.0,False,-0.06432748538011701,False,True,False,False,False
ESP,Spain,2018,7.9,30602.4212881113,98.4400024414062,3.2,,46782011.0,99.9195992102324,False,,False,0.0,False,0.0,False,0.0,False,-0.041916167664670566,False,True,False,False,False
ESP,Spain,2019,7.6,29786.5245689007,98.4400024414062,3.2,,47118501.0,99.9193505376925,False,,False,0.0,False,0.0,True,1.0,False,-0.02439024390243891,False,True,False,False,False
ESP,Spain,2020,7.2,27233.9426461608,98.5899963378906,3.2,,47359424.0,99.9191055578582,False,,False,0.0,False,0.0,False,0.0,False,-0.012345679012345824,False,True,False,False,False
ESP,Spain,2021,7.1,30799.4775937775,99.6999969482422,3.2,,47443821.0,99.9188670826466,False,,False,0.0,False,0.0,False,0.0,False,-0.006211180124223607,False,True,False,False,False
ESP,Spain,2022,6.9,30319.4987196616,99.6999969482422,3.2,,47786102.0,99.9186101900368,False,,False,0.0,False,0.0,True,1.0,False,0.0,False,True,False,False,False
ESP,Spain,2023,6.6,33493.2225409111,99.6999969482422,3.2,,48352528.0,99.9183686152338,False,,False,0.0,False,0.0,True,2.0,True,0.0,False,True,False,False,False
EST,Estonia,2000,9.4,4070.60902410208,99.7699966430664,11.0,,1396985.0,99.7576887855181,False,,False,0.0,False,0.0,False,0.0,False,0.0,False,True,False,False,False
EST,Estonia,2001,9.1,4502.66614992392,99.7699966430664,10.1,,1388115.0,99.7554350798851,False,,False,0.0,False,0.0,True,1.0,False,0.0,False,True,False,False,False
EST,Estonia,2002,9.4,5343.18310760735,99.7699966430664,9.3,,1379350.0,99.75165299687,False,,False,0.0,False,0.0,True,2.0,False,0.0,False,True,False,False,False
EST,Estonia,2003,9.5,7205.40703313243,99.7699966430664,8.5,,1370720.0,99.7067384625393,False,,False,0.0,False,0.0,True,3.0,False,-0.16118421052631576,False,True,False,False,False
EST,Estonia,2004,10.3,8916.0728274602,99.7699966430664,7.8,,1362550.0,99.6452315858009,False,,False,0.0,False,0.0,True,4.0,False,-0.1979434447300771,False,True,False,False,False
EST,Estonia,2005,10.6,10414.6381183565,99.7699966430664,7.1,,1354775.0,99.5838417211126,False,,False,0.0,False,0.0,True,5.0,False,-0.23982869379014993,False,True,False,False,False
EST,Estonia,2006,11.0,12641.4800976473,99.7699966430664,6.5,,1346810.0,99.522563231891,False,,False,0.0,False,0.0,True,6.0,False,-0.24065420560747652,False,True,False,False,False
EST,Estonia,2007,11.8,16745.4308011148,99.7699966430664,5.9,,1340680.0,99.4613971184116,False,,False,0.0,False,0.0,True,7.0,False,-0.2474489795918366,False,True,False,False,False
EST,Estonia,2008,12.0,18205.9064113446,99.7699966430664,5.4,,1337090.0,99.4003505685032,False,,False,0.0,False,0.0,True,8.0,False,-0.24581005586592183,False,True,False,False,False
EST,Estonia,2009,11.8,14712.4494217916,99.7699966430664,5.0,,1334515.0,99.3394223505559,False,,False,0.0,False,0.0,True,9.0,False,-0.23547400611620806,False,True,False,False,False
EST,Estonia,2010,11.9,14663.7041018705,99.7699966430664,4.6,,1331475.0,99.2786089293532,False,,False,0.0,False,0.0,True,10.0,False,-0.2307692307692309,False,True,False,False,False
EST,Estonia,2011,11.1,17555.5455239426,99.8899993896484,4.2,,1327439.0,99.2179098220074,False,,False,0.0,False,0.0,False,0.0,False,-0.23357664233576633,False,True,False,False,False
EST,Estonia,2012,10.6,17568.2137969714,99.8899993896484,3.9,,1322696.0,99.1574914721091,False,,False,0.0,False,0.0,True,1.0,False,-0.22310756972111562,False,True,False,False,False
EST,Estonia,2013,10.3,19310.3874900757,99.8899993896484,3.6,,1317997.0,99.0971593772044,False,,False,0.0,False,0.0,True,2.0,False,-0.22077922077922077,False,True,False,False,False
EST,Estonia,2014,10.3,20581.7898991695,99.8899993896484,3.4,1.2,1314545.0,99.0367024476379,False,0.0,False,0.0,False,0.0,True,3.0,False,-0.20187793427230044,False,True,False,False,False
EST,Estonia,2015,10.6,17722.1557669523,99.8899993896484,3.2,1.2,1315407.0,99.0355098457434,True,1.0,False,0.0,False,0.0,True,4.0,False,-0.18781725888324868,False,True,False,False,False
EST,Estonia,2016,10.7,18666.3736521706,99.8899993896484,3.0,1.2,1315790.0,99.0342292897259,True,2.0,False,0.0,False,0.0,True,5.0,False,-0.18032786885245905,False,True,False,False,False
EST,Estonia,2017,10.5,20851.5223496861,99.8899993896484,2.8,1.2,1317384.0,99.0328460543917,True,3.0,False,0.0,False,0.0,True,6.0,False,-0.18128654970760247,False,True,False,False,False
EST,Estonia,2018,10.9,23618.1361254581,99.8899993896484,2.7,1.2,1321977.0,99.0313545119292,True,4.0,False,0.0,False,0.0,True,7.0,False,-0.15625,False,True,False,False,False
EST,Estonia,2019,10.6,24021.2501413306,99.8899993896484,2.5,1.2,1326898.0,99.0297517072032,True,5.0,False,0.0,False,0.0,True,8.0,False,-0.17218543046357615,False,True,False,False,False
EST,Estonia,2020,9.9,23933.9939421065,99.8899993896484,2.4,1.2,1329522.0,99.0280228246995,True,6.0,False,0.0,False,0.0,True,9.0,False,-0.15492957746478872,False,True,False,False,False
EST,Estonia,2021,10.0,27951.1659277744,99.8899993896484,2.3,1.2,1330932.0,99.0261691561023,True,7.0,False,0.0,False,0.0,True,10.0,False,-0.1417910447761195,False,True,False,False,False
EST,Estonia,2022,8.6,28340.3826549406,99.8899993896484,2.2,1.2,1348840.0,99.0241800879557,True,8.0,False,0.0,False,0.0,True,11.0,False,-0.13385826771653536,False,True,False,False,False
EST,Estonia,2023,8.0,30264.0064885057,99.8899993896484,2.1,1.2,1370286.0,99.0220443822146,True,9.0,False,0.0,False,0.0,True,12.0,True,-0.13223140495867763,False,True,False,False,False
ETH,Ethiopia,2000,45.59,122.269202606069,,140.1,57.4,67411494.0,2.9657663244498,False,0.0,False,0.0,False,0.0,False,,False,0.0,False,False,False,False,False
ETH,Ethiopia,2001,44.987,118.457204255261,,133.8,57.4,69487762.0,3.22631881592251,True,1.0,False,0.0,False,0.0,False,,False,0.0,False,False,False,False,False
ETH,Ethiopia,2002,44.264,109.593813612988,,127.4,57.4,71635517.0,3.48709965924687,True,2.0,False,0.0,False,0.0,False,,False,0.0,False,False,False,False,False
ETH,Ethiopia,2003,43.334,116.800491132777,,121.0,57.4,73832663.0,3.74769441878364,True,3.0,False,0.0,False,0.0,False,,False,-0.095439820583105,False,False,False,False,False
ETH,Ethiopia,2004,42.712,133.169812538096,35.9000015258789,114.6,57.4,76077206.0,4.03281392420472,True,4.0,False,0.0,False,0.0,False,0.0,False,-0.12234348075818492,False,False,False,False,False
ETH,Ethiopia,2005,42.104,158.243458082465,35.9000015258789,108.3,50.0,78367470.0,4.31725101635963,False,0.0,False,0.0,False,0.0,True,1.0,False,-0.14978803579839847,False,False,False,False,False
ETH,Ethiopia,2006,41.086,189.345737521418,35.9000015258789,102.4,50.0,80703490.0,4.60119614731006,True,1.0,False,0.0,False,0.0,True,2.0,False,-0.15385886630309042,False,False,False,False,False
ETH,Ethiopia,2007,40.054,237.146255996319,39.0,96.9,50.0,83103217.0,4.88681883136837,True,2.0,False,0.0,False,0.0,False,0.0,False,-0.1554819592121318,False,False,False,False,False
ETH,Ethiopia,2008,38.886,316.410475118075,39.0,91.8,50.0,85543668.0,5.196915075959,True,3.0,False,0.0,False,0.0,True,1.0,False,-0.1550073637702505,False,False,False,False,False
ETH,Ethiopia,2009,37.538,368.574712267445,39.0,87.1,50.0,88007636.0,5.50779854946485,True,4.0,False,0.0,False,0.0,True,2.0,False,-0.15272373540856035,False,False,False,False,False
ETH,Ethiopia,2010,36.571,330.619412798644,39.0,82.7,50.0,90538514.0,5.82002469888892,True,5.0,False,0.0,False,0.0,True,3.0,False,-0.15005138746145935,False,False,False,False,False
ETH,Ethiopia,2011,35.671,343.024942351887,39.0,78.6,44.4,93149970.0,6.13343630352376,False,0.0,False,0.0,False,0.0,True,4.0,False,-0.14732045996962478,False,False,False,False,False
ETH,Ethiopia,2012,34.563,452.101031885754,39.0,74.8,44.4,95798767.0,6.44846430368166,True,1.0,False,0.0,False,0.0,True,5.0,False,-0.14436055822466246,False,False,False,False,False
ETH,Ethiopia,2013,33.644,484.039833104062,48.3549726348554,71.2,44.4,98438751.0,6.76236331987807,True,2.0,False,0.0,False,0.0,False,0.0,False,-0.14216867469879516,False,False,False,False,False
ETH,Ethiopia,2014,33.408,549.986577082588,48.3549726348554,67.7,40.4,101115610.0,7.07793835749952,False,0.0,False,0.0,False,0.0,True,1.0,False,-0.141734279918864,False,False,False,False,False
ETH,Ethiopia,2015,33.331,597.912113218663,48.3549726348554,64.4,40.4,103867135.0,7.39517563066231,True,1.0,False,0.0,False,0.0,True,2.0,False,-0.14133333333333326,False,False,False,False,False
ETH,Ethiopia,2016,33.329,641.651523286233,47.4900016784668,61.3,38.3,106718162.0,7.71437321783047,False,0.0,False,0.0,False,0.0,False,0.0,False,-0.14073451079338387,False,False,False,False,False
ETH,Ethiopia,2017,33.222,696.348429076216,47.4900016784668,58.4,38.3,109666481.0,8.0353579200927,True,1.0,False,0.0,False,0.0,True,1.0,False,-0.13965822038892178,False,False,False,False,False
ETH,Ethiopia,2018,33.394,739.702022272086,47.4900016784668,55.8,38.3,112664152.0,8.35875920842316,True,2.0,False,0.0,False,0.0,True,2.0,False,-0.13622291021671823,False,False,False,False,False
ETH,Ethiopia,2019,33.549,793.473247218996,55.0499992370605,53.6,36.8,115737383.0,8.68474048756754,False,0.0,False,0.0,False,0.0,False,0.0,False,-0.12873862158647598,False,False,False,False,False
ETH,Ethiopia,2020,33.31,829.790982552951,55.0499992370605,51.5,36.8,118917671.0,9.01330021395482,True,1.0,False,0.0,False,0.0,True,1.0,False,-0.1226575809199319,False,False,False,False,False
ETH,Ethiopia,2021,32.876,893.009835441784,54.8853699463392,70.4,36.8,122138588.0,9.3447728615381,True,2.0,False,0.0,False,0.0,False,0.0,False,0.25445473984319317,True,False,False,False,False
ETH,Ethiopia,2022,32.413,982.103161502198,60.4599990844727,68.1,36.8,125384287.0,9.67915935964554,True,3.0,False,0.0,False,0.0,False,0.0,False,0.17535381429064545,False,False,False,False,False
ETH,Ethiopia,2023,31.903,1055.81091593061,60.4599990844727,51.5,36.8,128691692.0,10.0168072289161,True,4.0,False,0.0,False,0.0,True,1.0,True,-0.13994655978623907,False,False,False,False,False
FIN,Finland,2000,11.0,24335.9225082659,,4.3,,5176209.0,99.4481877671759,False,,False,0.0,False,0.0,False,,False,0.0,False,False,False,False,True
FIN,Finland,2001,10.8,24965.202996776,,4.2,,5188008.0,99.4481778138621,False,,False,0.0,False,0.0,False,,False,0.0,False,False,False,False,True
FIN,Finland,2002,10.7,26989.389260959,,4.1,,5200598.0,99.4481635733416,False,,False,0.0,False,0.0,False,,False,0.0,False,False,False,False,True
FIN,Finland,2003,10.9,32920.0857192568,,4.0,,5213014.0,99.448158371648,False,,False,0.0,False,0.0,False,,False,-0.04761904761904766,False,False,False,False,True
FIN,Finland,2004,11.0,37768.1334202029,,3.9,,5228172.0,99.4481450211676,False,,False,0.0,False,0.0,False,,False,-0.06024096385542179,False,False,False,False,True
FIN,Finland,2005,11.0,39049.8703780223,,3.7,,5246096.0,99.4481380769585,False,,False,0.0,False,0.0,False,,False,-0.09756097560975598,False,False,False,False,True
FIN,Finland,2006,11.2,41214.0187765069,,3.6,,5266268.0,99.4481326778555,False,,False,0.0,False,0.0,False,,False,-0.09547738693467324,False,False,False,False,True
FIN,Finland,2007,11.1,48473.0240091455,,3.5,,5288720.0,99.4481210814901,False,,False,0.0,False,0.0,False,,False,-0.0932642487046633,False,False,False,False,True
FIN,Finland,2008,11.2,53769.4726240385,,3.3,,5313399.0,99.4481136953925,False,,False,0.0,False,0.0,False,,False,-0.11764705882352941,False,False,False,False,True
FIN,Finland,2009,11.3,47478.3495310999,,3.2,,5338871.0,99.4481065796544,False,,False,0.0,False,0.0,False,,False,-0.11111111111111108,False,False,False,False,True
FIN,Finland,2010,11.4,46506.2919016566,,3.0,,5363352.0,99.4480868055649,False,,False,0.0,False,0.0,False,,False,-0.1329479768786127,False,False,False,False,True
FIN,Finland,2011,11.1,51060.3242589767,,2.9,,5388272.0,99.4480530393252,False,,False,0.0,False,0.0,False,,False,-0.12650602409638564,False,False,False,False,True
FIN,Finland,2012,11.0,47551.6740841369,,2.8,,5413971.0,99.4480121860374,False,,False,0.0,False,0.0,False,,False,-0.11949685534591192,False,False,False,False,True
FIN,Finland,2013,10.7,49691.0145200739,,2.6,1.8,5438972.0,99.4479919012629,False,0.0,False,0.0,False,0.0,False,,False,-0.14473684210526314,False,False,False,False,True
FIN,Finland,2014,10.5,50073.7760815871,,2.6,1.8,5461512.0,99.447989639906,False,0.0,False,0.0,False,0.0,False,,False,-0.10344827586206891,False,False,False,False,True
FIN,Finland,2015,10.1,42560.3456767103,,2.5,1.7,5479531.0,99.4479924994101,False,0.0,False,0.0,False,0.0,False,,False,-0.10071942446043174,False,False,False,False,True
FIN,Finland,2016,9.6,43451.2562442158,,2.4,1.7,5495303.0,99.4479863794358,False,0.0,False,0.0,False,0.0,False,,False,-0.10447761194029845,False,False,False,False,True
FIN,Finland,2017,9.1,46085.0174739036,,2.4,1.3,5508214.0,99.4479844608387,False,0.0,False,0.0,False,0.0,False,,False,-0.06976744186046517,False,False,False,False,True
FIN,Finland,2018,8.6,49654.2497035329,,2.4,1.3,5515525.0,99.4479792179027,False,0.0,False,0.0,False,0.0,False,,False,-0.040000000000000036,False,False,False,False,True
FIN,Finland,2019,8.3,48358.1807773701,,2.4,1.3,5521606.0,99.4479732107755,False,0.0,False,0.0,False,0.0,False,,False,-0.024390243902439046,False,False,False,False,True
FIN,Finland,2020,8.4,48828.6846862799,,2.4,1.3,5529543.0,99.4479703400958,False,0.0,False,0.0,False,0.0,False,,False,-0.008264462809917363,False,False,False,False,True
FIN,Finland,2021,9.0,53099.1351400148,,2.4,1.3,5541017.0,99.4479633785746,False,0.0,False,0.0,False,0.0,False,,False,0.0,False,False,False,False,True
FIN,Finland,2022,8.1,50440.560224974,,2.4,1.8,5556106.0,99.447963421715,False,0.0,False,0.0,False,0.0,False,,False,0.0,False,False,False,False,True
FIN,Finland,2023,7.8,52864.6931581216,,2.4,2.8,5583911.0,99.4479540389609,False,0.0,False,0.0,False,0.0,False,,True,0.0,False,False,False,False,True
FJI,Fiji,2000,24.328,1995.72071163264,,22.6,,840909.0,87.5905781537548,False,,False,0.0,False,0.0,False,,False,0.0,False,False,False,False,True
FJI,Fiji,2001,24.272,1944.997414609,,22.6,,849596.0,87.645208009653,False,,False,0.0,False,0.0,False,,False,0.0,False,False,False,False,True
FJI,Fiji,2002,24.339,2136.56794118683,,22.7,,858049.0,87.6998330662388,False,,False,0.0,False,0.0,False,,False,0.0,False,False,False,False,True
FJI,Fiji,2003,24.265,2655.58079586044,,22.8,,866286.0,88.3372852839181,False,,False,0.0,False,0.0,False,,False,0.0073637702503680826,False,False,False,False,True
FJI,Fiji,2004,24.128,3097.19096651759,,23.1,7.3,874366.0,88.9689415238331,False,0.0,False,0.0,False,0.0,False,,False,0.01874310915104744,False,False,False,False,True
FJI,Fiji,2005,24.003,3377.69126953493,,23.3,7.3,882379.0,89.5944358182032,True,1.0,False,0.0,False,0.0,False,,False,0.023725834797890998,False,False,False,False,True
FJI,Fiji,2006,23.964,3455.10599907349,,23.5,7.3,890365.0,89.9493490621546,True,2.0,False,0.0,False,0.0,False,,False,0.02620087336244532,False,False,False,False,True
FJI,Fiji,2007,23.716,3762.74692789299,,23.5,7.3,897832.0,90.2946156798111,True,3.0,False,0.0,False,0.0,False,,False,0.018197573656845673,False,False,False,False,True
FJI,Fiji,2008,23.293,3899.92231512129,,23.2,7.3,903399.0,90.6391439703364,True,4.0,False,0.0,False,0.0,False,,False,-0.0017211703958693071,False,False,False,False,True
FJI,Fiji,2009,22.839,3164.13275408169,,22.8,7.3,907239.0,90.9745036563402,True,5.0,False,0.0,False,0.0,False,,False,-0.022298456260720394,False,False,False,False,True
FJI,Fiji,2010,22.328,3449.14452883369,,22.2,7.3,910419.0,91.2985247970932,True,6.0,False,0.0,False,0.0,False,,False,-0.04557179707652632,False,False,False,False,True
FJI,Fiji,2011,21.76,4139.60288609702,,21.6,7.3,912989.0,91.6111034972406,True,7.0,False,0.0,False,0.0,False,,False,-0.0624999999999999,False,False,False,False,True
FJI,Fiji,2012,21.583,4341.40338748749,,21.0,7.3,914918.0,91.9124427859318,True,8.0,False,0.0,False,0.0,False,,False,-0.07325684024713151,False,False,False,False,True
FJI,Fiji,2013,21.495,4572.44377544245,,20.7,7.3,916352.0,92.2023735585411,True,9.0,False,0.0,False,0.0,False,,False,-0.06588447653429606,False,False,False,False,True
FJI,Fiji,2014,21.291,5293.35676680464,,20.6,6.2,917585.0,92.4811636292608,False,0.0,False,0.0,False,0.0,False,,False,-0.04893813481071093,False,False,False,False,True
FJI,Fiji,2015,20.998,5097.53106864695,,20.9,6.2,918578.0,92.7488640903171,True,1.0,False,0.0,False,0.0,False,,False,-0.01508011310084827,False,False,False,False,True
FJI,Fiji,2016,20.55,5363.79026679243,,21.6,6.2,919166.0,93.0055113848616,True,2.0,False,0.0,False,0.0,False,,False,0.030534351145038195,False,False,False,False,True
FJI,Fiji,2017,20.029,5826.84814459328,,22.7,6.2,918759.0,93.2511716546291,True,3.0,False,0.0,False,0.0,False,,False,0.08301526717557244,False,False,False,False,True
FJI,Fiji,2018,19.601,6085.41979485376,,24.2,6.2,917180.0,93.4859578759574,True,4.0,False,0.0,False,0.0,False,,False,0.13615023474178398,False,False,False,False,True
FJI,Fiji,2019,19.226,5842.07344577597,,25.7,6.2,914899.0,93.7099433236184,True,5.0,False,0.0,False,0.0,False,,False,0.16818181818181815,False,False,False,False,True
FJI,Fiji,2020,18.828,4620.6457238014,,27.2,6.2,914963.0,93.6215609537076,True,6.0,False,0.0,False,0.0,False,,False,0.18158123370981755,False,False,False,False,True
FJI,Fiji,2021,18.55,4536.73312110335,,28.3,7.2,916711.0,93.3328625255853,False,0.0,False,0.0,False,0.0,False,,False,0.16556836902800673,False,False,False,False,True
FJI,Fiji,2022,18.242,5414.12092119088,,28.9,7.2,919422.0,93.0437432138971,True,1.0,False,0.0,False,0.0,False,,False,0.12802498048399694,False,False,False,False,True
FJI,Fiji,2023,17.996,5926.20586394763,,29.2,7.2,924145.0,92.7542060099235,True,2.0,False,0.0,False,0.0,False,,True,0.08711839166046151,False,False,False,False,True
FRA,France,2000,13.3,22340.5939516217,,5.4,,60918661.0,98.6630246141196,False,,False,0.0,False,0.0,False,,False,0.0,False,True,False,False,True
FRA,France,2001,13.1,22331.7948343036,,5.2,,61364377.0,98.6622562806952,False,,False,0.0,False,0.0,False,,False,0.0,False,True,False,False,True
FRA,France,2002,12.9,24144.5727019529,,5.1,,61812142.0,98.66149050435,False,,False,0.0,False,0.0,False,,False,0.0,False,True,False,False,True
FRA,France,2003,12.8,29479.5222101175,,4.9,,62249855.0,98.6607322407196,False,,False,0.0,False,0.0,False,,False,-0.06369426751592351,False,True,False,False,True
FRA,France,2004,12.8,33644.9282220364,,4.8,,62707588.0,98.6599677611607,False,,False,0.0,False,0.0,False,,False,-0.06796116504854378,False,True,False,False,True
FRA,France,2005,12.8,34696.3718316971,,4.6,,63180854.0,98.6592218035867,False,,False,0.0,False,0.0,False,,False,-0.09448818897637803,False,True,False,False,True
FRA,France,2006,13.1,36431.5658906555,,4.5,,63622342.0,98.6584766292502,False,,False,0.0,False,0.0,False,,False,-0.08536585365853658,False,True,False,False,True
FRA,France,2007,12.8,41486.1907828787,,4.4,,64016890.0,98.6577403586305,False,,False,0.0,False,0.0,False,,False,-0.0794979079497906,False,True,False,False,True
FRA,France,2008,12.9,45464.8181385158,,4.4,,64375116.0,98.6569940968678,False,,False,0.0,False,0.0,False,,False,-0.051724137931034524,False,True,False,False,True
FRA,France,2009,12.8,41728.0884164132,,4.3,,64706436.0,98.6562410005115,False,,False,0.0,False,0.0,False,,False,-0.05286343612334806,False,True,False,False,True
FRA,France,2010,12.9,40694.8211697025,,4.2,,65026211.0,98.6554802968933,False,,False,0.0,False,0.0,False,,False,-0.05405405405405391,False,True,False,False,True
FRA,France,2011,12.7,43929.7840873812,,4.2,,65340830.0,98.654714524901,False,,False,0.0,False,0.0,False,,False,-0.03669724770642205,False,True,False,False,True
FRA,France,2012,12.6,40863.5814412333,,4.1,,65657659.0,98.653944875706,False,,False,0.0,False,0.0,False,,False,-0.046511627906976785,False,True,False,False,True
FRA,France,2013,12.4,42669.1795111893,,4.1,,65997932.0,98.6531677411089,False,,False,0.0,False,0.0,False,,False,-0.03301886792452843,False,True,False,False,True
FRA,France,2014,12.4,43148.0459288416,,4.1,,66312067.0,98.6523819620194,False,,False,0.0,False,0.0,False,,False,-0.01913875598086126,False,True,False,False,True
FRA,France,2015,12.0,36702.4323733379,,4.2,,66548272.0,98.651596087179,False,,False,0.0,False,0.0,False,,False,0.014492753623188527,False,True,False,False,True
FRA,France,2016,11.8,37024.2157133669,,4.2,,66724104.0,98.6508068148027,False,,False,0.0,False,0.0,False,,False,0.014492753623188527,False,True,False,False,True
FRA,France,2017,11.5,38687.1626407164,,4.2,,66918020.0,98.6500120942252,False,,False,0.0,False,0.0,False,,False,0.014492753623188527,False,True,False,False,True
FRA,France,2018,11.3,41418.1766484844,,4.2,,67158348.0,98.6492124319546,False,,False,0.0,False,0.0,False,,False,0.00961538461538484,False,True,False,False,True
FRA,France,2019,11.2,40408.2848574751,,4.2,,67382061.0,98.6484147946355,False,,False,0.0,False,0.0,False,,False,0.0047846889952152085,False,True,False,False,True
FRA,France,2020,10.9,39169.8606000707,,4.2,,67601110.0,98.6476102264443,False,,False,0.0,False,0.0,False,,False,0.0,False,True,False,False,True
FRA,France,2021,10.9,43725.0999521245,,4.3,,67842811.0,98.6468028432762,False,,False,0.0,False,0.0,False,,False,0.023809523809523725,False,True,False,False,True
FRA,France,2022,10.7,40988.6396406579,,4.3,,68184457.0,98.6459966836726,False,,False,0.0,False,0.0,False,,False,0.018957345971563785,False,True,False,False,True
FRA,France,2023,9.9,44700.1384177544,,4.3,,68372286.0,98.6451856910254,False,,False,0.0,False,0.0,False,,True,0.014150943396226322,False,True,False,False,True
FRO,Faroe Islands,2000,15.3,23322.7593357515,,,,45754.0,,False,,False,,False,0.0,False,,False,0.0,False,True,False,False,True
FRO,Faroe Islands,2001,13.7,24879.7729617864,,,,46635.0,,False,,False,,False,0.0,False,,False,0.0,False,True,False,False,True
FRO,Faroe Islands,2002,15.1,26937.6505602847,,,,47335.0,,False,,False,,False,0.0,False,,False,0.0,False,True,False,False,True
FRO,Faroe Islands,2003,14.8,31269.6031997217,,,,48032.0,,False,,False,,False,0.0,False,,False,0.0,False,True,False,False,True
FRO,Faroe Islands,2004,14.8,35647.5440400531,,,,48384.0,,False,,False,,False,0.0,False,,False,0.0,False,True,False,False,True
FRO,Faroe Islands,2005,14.7,36389.081644098,,,,48359.0,,False,,False,,False,0.0,False,,False,0.0,False,True,False,False,True
FRO,Faroe Islands,2006,13.8,41743.6812847661,,,,48335.0,,False,,False,,False,0.0,False,,False,0.0,False,True,False,False,True
FRO,Faroe Islands,2007,14.0,48348.7393711011,,,,48378.0,90.8834757181354,False,,False,0.0,False,0.0,False,,False,0.0,False,True,False,False,True
FRO,Faroe Islands,2008,13.8,51287.8911081663,,,,48547.0,90.8834757181354,False,,False,0.0,False,0.0,False,,False,0.0,False,True,False,False,True
FRO,Faroe Islands,2009,12.7,47060.1592550833,,,,48790.0,90.8834757181354,False,,False,0.0,False,0.0,False,,False,0.0,False,True,False,False,True
FRO,Faroe Islands,2010,13.2,47924.1364756678,,,,48656.0,90.8834757181354,False,,False,0.0,False,0.0,False,,False,0.0,False,True,False,False,True
FRO,Faroe Islands,2011,12.0,51620.0541648551,,,,48542.0,90.8834757181354,False,,False,0.0,False,0.0,False,,False,0.0,False,True,False,False,True
FRO,Faroe Islands,2012,12.8,50263.0024625867,,,,48290.0,90.8834757181354,False,,False,0.0,False,0.0,False,,False,0.0,False,True,False,False,True
FRO,Faroe Islands,2013,13.0,55759.364098362,,,,48245.0,90.8834757181354,False,,False,0.0,False,0.0,False,,False,0.0,False,True,False,False,True
FRO,Faroe Islands,2014,13.3,60173.3057854661,,,,48427.0,90.8834757181354,False,,False,0.0,False,0.0,False,,False,0.0,False,True,False,False,True
FRO,Faroe Islands,2015,12.5,52638.2668218454,,,,48898.0,90.8834757181354,False,,False,0.0,False,0.0,False,,False,0.0,False,True,False,False,True
FRO,Faroe Islands,2016,13.8,56876.4302363804,,,,49463.0,90.8834757181354,False,,True,1.0,False,0.0,False,,False,0.0,False,True,False,False,True
FRO,Faroe Islands,2017,13.2,59388.5365965776,,,,50179.0,90.8834757181354,False,,True,2.0,False,0.0,False,,False,0.0,False,True,False,False,True
FRO,Faroe Islands,2018,13.6,62525.2647698273,,,,50997.0,90.8834757181354,False,,True,3.0,False,0.0,False,,False,0.0,False,True,False,False,True
FRO,Faroe Islands,2019,13.3,63070.7228080361,,,,51790.0,90.8834757181354,False,,True,4.0,False,0.0,False,,False,0.0,False,True,False,False,True
FRO,Faroe Islands,2020,13.1,62247.9273907098,,,,52561.0,90.8834757181354,False,,True,5.0,False,0.0,False,,False,0.0,False,True,False,False,True
FRO,Faroe Islands,2021,13.0,69421.6981686515,,,,53291.0,90.8834757181354,False,,True,6.0,False,0.0,False,,False,0.0,False,True,False,False,True
FRO,Faroe Islands,2022,11.8,67069.3987440509,,,,53903.0,90.8834757181354,False,,True,7.0,False,0.0,False,,False,0.0,False,True,False,False,True
FRO,Faroe Islands,2023,10.6,72486.6910957957,,,,54398.0,90.8834757181354,False,,True,8.0,False,0.0,False,,True,0.0,False,True,False,False,True
FSM,"Micronesia, Fed. Sts.",2000,32.151,2049.34490021777,,38.6,,112044.0,25.0484297460343,False,,False,0.0,False,0.0,False,,False,0.0,False,True,False,False,True
FSM,"Micronesia, Fed. Sts.",2001,31.445,2103.74849819784,,37.7,,112365.0,29.1362716817011,False,,False,0.0,False,0.0,False,,False,0.0,False,True,False,False,True
FSM,"Micronesia, Fed. Sts.",2002,30.474,2113.45955463859,,41.5,,112448.0,33.2241136173679,False,,False,0.0,False,0.0,False,,False,0.0,True,True,False,False,True
FSM,"Micronesia, Fed. Sts.",2003,29.593,2145.87789998664,,36.4,,112285.0,37.3119555530347,False,,False,0.0,False,0.0,False,,False,-0.07300509337860799,True,True,False,False,True
FSM,"Micronesia, Fed. Sts.",2004,28.966,2104.42796515524,,36.1,,111925.0,41.3997974887025,False,,False,0.0,False,0.0,False,,False,-0.0635538261997405,False,True,False,False,True
FSM,"Micronesia, Fed. Sts.",2005,28.391,2216.9963738197,,35.9,,111412.0,45.4876394243693,False,,False,0.0,False,0.0,False,,False,-0.05675249605885453,False,True,False,False,True
FSM,"Micronesia, Fed. Sts.",2006,27.762,2257.76445195026,,35.9,,110729.0,49.5754813600361,False,,False,0.0,False,0.0,False,,False,-0.04317697228145001,False,True,False,False,True
FSM,"Micronesia, Fed. Sts.",2007,27.095,2302.51183108846,,35.6,,109880.0,53.6633232957029,False,,False,0.0,False,0.0,False,,False,-0.04198062432723346,False,True,False,False,True
FSM,"Micronesia, Fed. Sts.",2008,26.413,2395.90218109716,,35.3,,108936.0,57.7511652313697,False,,False,0.0,False,0.0,False,,False,-0.018899388549193992,False,True,False,False,True
FSM,"Micronesia, Fed. Sts.",2009,25.821,2565.83639782506,,34.8,,107957.0,61.8390071670365,False,,False,0.0,False,0.0,False,,False,-0.026845637583892835,False,True,False,False,True
FSM,"Micronesia, Fed. Sts.",2010,25.211,2715.26873721406,,34.1,,107540.0,65.9268491027033,False,,False,0.0,False,0.0,False,,False,-0.03943661971830982,False,True,False,False,True
FSM,"Micronesia, Fed. Sts.",2011,24.742,2859.8488365615,,33.4,,107698.0,70.0146910383701,False,,False,0.0,False,0.0,False,,False,-0.049516220830961924,False,True,False,False,True
FSM,"Micronesia, Fed. Sts.",2012,24.37,3003.05867086848,,32.6,,107890.0,74.1025329740369,False,,False,0.0,False,0.0,False,,False,-0.05889145496535794,False,True,False,False,True
FSM,"Micronesia, Fed. Sts.",2013,24.03,2904.1536796737,,31.6,,108121.0,78.1903749097037,False,,False,0.0,False,0.0,False,,False,-0.07168037602820206,False,True,False,False,True
FSM,"Micronesia, Fed. Sts.",2014,23.781,2915.23672460238,,30.7,,108396.0,82.2782168453705,False,,False,0.0,False,0.0,False,,False,-0.07807807807807803,False,True,False,False,True
FSM,"Micronesia, Fed. Sts.",2015,23.573,2869.86276169101,,29.8,,108716.0,86.3660587810373,False,,False,0.0,False,0.0,False,,False,-0.08251231527093585,False,True,False,False,True
FSM,"Micronesia, Fed. Sts.",2016,23.352,2997.93719917488,,28.9,,109075.0,90.4539007167041,False,,False,0.0,False,0.0,False,,False,-0.08602150537634405,False,True,False,False,True
FSM,"Micronesia, Fed. Sts.",2017,23.169,3297.37580036719,,28.1,,109481.0,90.4539007167041,False,,False,0.0,False,0.0,False,,False,-0.08528645833333326,False,True,False,False,True
FSM,"Micronesia, Fed. Sts.",2018,23.056,3584.78377566896,,27.3,,109909.0,90.4539007167041,False,,False,0.0,False,0.0,False,,False,-0.08450704225352122,False,True,False,False,True
FSM,"Micronesia, Fed. Sts.",2019,22.891,3581.72684572278,,26.4,,110282.0,90.4539007167041,False,,False,0.0,False,0.0,False,,False,-0.0883977900552487,False,True,False,False,True
FSM,"Micronesia, Fed. Sts.",2020,22.693,3362.02802120524,,25.6,,110916.0,90.4539007167041,False,,False,0.0,False,0.0,False,,False,-0.0889679715302491,False,True,False,False,True
FSM,"Micronesia, Fed. Sts.",2021,22.686,3508.22314197664,,24.7,,111624.0,90.4539007167041,False,,True,1.0,False,0.0,False,,False,-0.09391049156272935,False,True,False,False,True
FSM,"Micronesia, Fed. Sts.",2022,22.509,3703.66680343222,,23.9,,112114.0,90.4539007167041,False,,True,2.0,False,0.0,False,,False,-0.09538228614685842,False,True,False,False,True
FSM,"Micronesia, Fed. Sts.",2023,22.299,3933.01607031874,,23.1,,112630.0,90.4539007167041,False,,True,3.0,False,0.0,False,,True,-0.09695074276778734,False,True,False,False,True
GAB,Gabon,2000,33.429,3982.906200928,,73.3,25.9,1275572.0,26.818195491378,False,0.0,False,0.0,False,0.0,False,,False,0.0,False,False,False,False,True
GAB,Gabon,2001,33.228,3835.75718279727,,71.5,25.9,1309589.0,27.9500597734658,True,1.0,False,0.0,False,0.0,False,,False,0.0,False,False,False,False,True
GAB,Gabon,2002,33.076,3966.48001864663,,69.6,25.9,1345135.0,29.1019683421917,True,2.0,False,0.0,False,0.0,False,,False,0.0,False,False,False,False,True
GAB,Gabon,2003,32.869,4710.74862768151,,67.7,25.9,1382350.0,30.2734572599332,True,3.0,False,0.0,False,0.0,False,,False,-0.05270522388059681,False,False,False,False,True
GAB,Gabon,2004,32.748,5465.79193590708,,65.6,25.9,1421609.0,31.4642634106599,True,4.0,False,0.0,False,0.0,False,,False,-0.06983339241403773,False,False,False,False,True
GAB,Gabon,2005,32.682,6547.87613955186,,63.6,25.9,1463495.0,32.6738741656831,True,5.0,False,0.0,False,0.0,False,,False,-0.08541846419326994,False,False,False,False,True
GAB,Gabon,2006,32.612,6847.00985685394,,61.8,25.9,1508337.0,33.9024749587278,True,6.0,False,0.0,False,0.0,False,,False,-0.0857988165680473,False,False,False,False,True
GAB,Gabon,2007,32.585,8003.54289696049,,59.7,25.9,1556237.0,35.1495484187274,True,7.0,False,0.0,False,0.0,False,,False,-0.090770636612854,False,False,False,False,True
GAB,Gabon,2008,32.617,9688.64519690633,,57.6,25.9,1607175.0,36.4153101145998,True,8.0,False,0.0,False,0.0,False,,False,-0.09547738693467345,False,False,False,False,True
GAB,Gabon,2009,32.869,7290.57526093114,,55.6,25.9,1661556.0,37.6987238584805,True,9.0,False,0.0,False,0.0,False,,False,-0.09828089523191699,False,False,False,False,True
GAB,Gabon,2010,33.031,8356.74662013345,,53.4,25.9,1719879.0,39.0002582968992,True,10.0,False,0.0,False,0.0,False,,False,-0.10492792490781101,False,False,False,False,True
GAB,Gabon,2011,33.011,10219.1139339454,,51.3,25.9,1781985.0,40.3193752929904,True,11.0,False,0.0,False,0.0,False,,False,-0.10968413745227364,False,False,False,False,True
GAB,Gabon,2012,32.49,9296.96587941088,,49.4,17.0,1846889.0,41.6563306484328,False,0.0,False,0.0,False,0.0,False,,False,-0.11023054755043235,False,False,False,False,True
GAB,Gabon,2013,31.919,9197.70106323947,,47.3,17.0,1913059.0,43.0100058976352,True,1.0,False,0.0,False,0.0,False,,False,-0.11522633744855974,False,False,False,False,True
GAB,Gabon,2014,31.384,9201.36276648105,,45.8,17.0,1978399.0,44.3780097930999,True,2.0,False,0.0,False,0.0,False,,False,-0.10894941634241248,False,False,False,False,True
GAB,Gabon,2015,31.085,7047.12654634355,,44.4,17.0,2040989.0,45.7595556064781,True,3.0,False,0.0,False,0.0,False,,False,-0.10194174757281552,False,False,False,False,True
GAB,Gabon,2016,30.983,6677.07003901644,,42.7,17.0,2100306.0,47.1547496987424,True,4.0,False,0.0,False,0.0,False,,False,-0.10369437447523085,False,False,False,False,True
GAB,Gabon,2017,30.774,6921.73373135624,,41.4,17.0,2156900.0,48.5637395217699,True,5.0,False,0.0,False,0.0,False,,False,-0.09843205574912899,False,False,False,False,True
GAB,Gabon,2018,30.537,7624.2775233771,,39.9,17.0,2212318.0,49.9863984455825,True,6.0,False,0.0,False,0.0,False,,False,-0.09972924187725636,False,False,False,False,True
GAB,Gabon,2019,30.146,7441.1786472281,,38.5,17.0,2267706.0,51.4223011158649,True,7.0,False,0.0,False,0.0,False,,False,-0.10130718954248358,False,False,False,False,True
GAB,Gabon,2020,29.541,6605.80346077904,,36.8,14.4,2322539.0,52.8720170958258,False,0.0,False,0.0,False,0.0,False,,False,-0.11068148864185594,False,False,False,False,True
GAB,Gabon,2021,28.938,8181.40914134398,88.8600006103516,35.8,14.4,2376722.0,54.3351602742865,True,1.0,False,0.0,False,0.0,False,0.0,False,-0.1018564977420974,False,False,False,False,True
GAB,Gabon,2022,28.3,8409.20741452279,88.8600006103516,34.7,14.4,2430747.0,55.8117052668054,True,2.0,False,0.0,False,0.0,True,1.0,False,-0.09823284823284809,False,False,False,False,True
GAB,Gabon,2023,27.666,7802.82433276138,88.8600006103516,33.8,14.4,2484789.0,57.3016336632799,True,3.0,False,0.0,False,0.0,True,2.0,True,-0.08992999461497048,False,False,False,False,True
GBR,United Kingdom,2000,11.5,28383.8761094996,,6.5,,58892514.0,99.129987387211,False,,False,0.0,False,0.0,False,,False,0.0,False,False,False,False,True
GBR,United Kingdom,2001,11.3,28013.8729635508,,6.4,,59119673.0,99.1295456734681,False,,False,0.0,False,0.0,False,,False,0.0,False,False,False,False,True
GBR,United Kingdom,2002,11.3,30158.7017807858,,6.3,,59370479.0,99.1282510737863,False,,False,0.0,False,0.0,False,,False,0.0,False,False,False,False,True
GBR,United Kingdom,2003,11.7,34556.7726095905,,6.2,,59647577.0,99.1269711322852,False,,False,0.0,False,0.0,False,,False,-0.031249999999999892,False,False,False,False,True
GBR,United Kingdom,2004,11.9,40504.4118103928,,6.1,,59987905.0,99.1256998824208,False,,False,0.0,False,0.0,False,,False,-0.03937007874015748,False,False,False,False,True
GBR,United Kingdom,2005,12.0,42240.2462987547,,6.0,,60401206.0,99.1244438943876,False,,False,0.0,False,0.0,False,,False,-0.047619047619047596,False,False,False,False,True
GBR,United Kingdom,2006,12.3,44695.161023424,,5.9,,60846820.0,99.1231962812761,False,,False,0.0,False,0.0,False,,False,-0.04838709677419352,False,False,False,False,True
GBR,United Kingdom,2007,12.6,50629.0799172887,,5.8,2.3,61322463.0,99.1219715621849,False,0.0,False,0.0,False,0.0,False,,False,-0.04918032786885243,False,False,False,False,True
GBR,United Kingdom,2008,12.9,47652.4030691881,,5.6,2.1,61806995.0,99.120754731585,False,0.0,False,0.0,False,0.0,False,,False,-0.06666666666666672,False,False,False,False,True
GBR,United Kingdom,2009,12.7,39009.3715547821,,5.4,2.0,62276270.0,99.1195549793574,False,0.0,False,0.0,False,0.0,False,,False,-0.08163265306122441,False,False,False,False,True
GBR,United Kingdom,2010,12.9,39778.3220528565,,5.2,2.1,62766365.0,99.1183667076519,False,0.0,False,0.0,False,0.0,False,,False,-0.09407665505226481,False,False,False,False,True
GBR,United Kingdom,2011,12.8,42295.9273835322,,5.0,0.9,63258810.0,99.1171899348744,False,0.0,False,0.0,False,0.0,False,,False,-0.10394265232974911,False,False,False,False,True
GBR,United Kingdom,2012,12.8,42688.3263728372,,4.8,2.1,63711000.0,99.1160182938712,False,0.0,False,0.0,False,0.0,False,,False,-0.1111111111111112,False,False,False,False,True
GBR,United Kingdom,2013,12.1,43607.6636827371,,4.6,2.1,64138000.0,99.1148585484301,False,0.0,False,0.0,False,0.0,False,,False,-0.11538461538461549,False,False,False,False,True
GBR,United Kingdom,2014,12.0,47746.9810645521,,4.5,2.0,64619000.0,99.1137061018797,False,0.0,False,0.0,False,0.0,False,,False,-0.1,False,False,False,False,True
GBR,United Kingdom,2015,11.9,45256.040227057,,4.5,2.0,65087000.0,99.1125609623652,False,0.0,False,0.0,False,0.0,False,,False,-0.06639004149377599,False,False,False,False,True
GBR,United Kingdom,2016,11.8,41258.5374285695,,4.4,2.0,65606000.0,99.1114197755495,False,0.0,False,0.0,False,0.0,False,,False,-0.05982905982905969,False,False,False,False,True
GBR,United Kingdom,2017,11.4,40918.0520870944,,4.4,1.9,65964000.0,99.1102920996894,False,0.0,False,0.0,False,0.0,False,,False,-0.03508771929824545,False,False,False,False,True
GBR,United Kingdom,2018,11.0,43704.3162296687,,4.4,2.0,66287000.0,99.1091755535877,False,0.0,False,0.0,False,0.0,False,,False,-0.01785714285714287,False,False,False,False,True
GBR,United Kingdom,2019,10.645,43160.6843971799,,4.4,2.0,66628000.0,99.1080626668205,False,0.0,False,0.0,False,0.0,False,,False,-0.009009009009008818,False,False,False,False,True
GBR,United Kingdom,2020,10.204,40815.1255364787,,4.4,2.0,66740000.0,99.1069628063769,True,1.0,False,0.0,False,0.0,False,,False,-0.0045248868778279576,False,False,False,False,True
GBR,United Kingdom,2021,10.241,47695.6491523474,,4.4,2.0,66978000.0,99.105873619579,True,2.0,False,0.0,False,0.0,False,,False,0.0,False,False,False,False,True
GBR,United Kingdom,2022,10.1,47034.7795621476,,4.5,2.0,67636000.0,99.1047944059839,True,3.0,False,0.0,False,0.0,False,,False,0.022727272727272645,False,False,False,False,True
GBR,United Kingdom,2023,10.023,49919.6896621586,,4.6,2.0,68526000.0,99.1037240160958,True,4.0,False,0.0,False,0.0,False,,True,0.04072398190045243,False,False,False,False,True
GEO,Georgia,2000,12.452,749.908534993961,,35.8,,4077131.0,76.0390884292644,False,,False,0.0,False,0.0,False,,False,0.0,False,False,False,False,False
GEO,Georgia,2001,12.248,801.98383707929,,33.4,,4014373.0,76.3455620066701,False,,False,0.0,False,0.0,False,,False,0.0,False,False,False,False,False
GEO,Georgia,2002,12.206,853.526171868939,99.6500015258789,30.9,,3978515.0,76.7308281538671,False,,False,0.0,False,0.0,False,0.0,False,0.0,False,False,False,False,False
GEO,Georgia,2003,12.132,1010.03151630868,99.6500015258789,28.3,,3951736.0,77.2078100471997,False,,False,0.0,False,0.0,True,1.0,False,-0.15184815184815184,False,False,False,False,False
GEO,Georgia,2004,12.326,1305.04748557208,99.6500015258789,25.8,,3927340.0,77.8624268677017,False,,False,0.0,False,0.0,True,2.0,False,-0.19626168224299068,False,False,False,False,False
GEO,Georgia,2005,12.563,1642.78359414797,99.6500015258789,23.3,14.6,3902469.0,78.5154686105649,False,0.0,False,0.0,False,0.0,True,3.0,False,-0.2444876783398183,False,False,False,False,False
GEO,Georgia,2006,12.906,1996.02013272284,99.6500015258789,21.0,14.6,3880347.0,79.1671925516486,True,1.0,False,0.0,False,0.0,True,4.0,False,-0.25899788285109376,False,False,False,False,False
GEO,Georgia,2007,13.591,2635.36650276116,99.6500015258789,19.0,14.6,3860158.0,79.817561698029,True,2.0,False,0.0,False,0.0,True,5.0,False,-0.26527455529775706,False,False,False,False,False
GEO,Georgia,2008,14.697,3324.7537205015,99.6500015258789,17.1,14.6,3848449.0,80.4663116596926,True,3.0,False,0.0,False,0.0,True,6.0,False,-0.27172061328790453,False,False,False,False,False
GEO,Georgia,2009,15.939,2822.68939668797,99.6500015258789,15.5,11.8,3814419.0,81.1134334337122,False,0.0,False,0.0,False,0.0,True,7.0,False,-0.27024482109227876,False,False,False,False,False
GEO,Georgia,2010,15.638,3281.72930937343,99.6500015258789,14.2,11.8,3786695.0,81.7591448045186,True,1.0,False,0.0,False,0.0,True,8.0,False,-0.2596454640250261,False,False,False,False,False
GEO,Georgia,2011,14.987,4119.66818307193,99.6500015258789,13.1,11.8,3756441.0,82.4031867443918,True,2.0,False,0.0,False,0.0,True,9.0,False,-0.24539170506912442,False,False,False,False,False
GEO,Georgia,2012,14.856,4530.69533409431,99.6500015258789,12.2,11.8,3728874.0,83.0457915125519,True,3.0,False,0.0,False,0.0,True,10.0,False,-0.22686945500633707,False,False,False,False,False
GEO,Georgia,2013,15.065,4712.00229382665,99.6500015258789,11.5,11.8,3717668.0,83.6864716943759,True,4.0,False,0.0,False,0.0,True,11.0,False,-0.20249653259361988,False,False,False,False,False
GEO,Georgia,2014,16.09,4830.33486170249,99.5899963378906,11.0,11.8,3719414.0,84.3256691388097,True,5.0,False,0.0,False,0.0,False,0.0,False,-0.17293233082706772,False,False,False,False,False
GEO,Georgia,2015,16.021,4086.6223465965,99.5899963378906,10.6,11.8,3725276.0,84.963148689816,True,6.0,False,0.0,False,0.0,True,1.0,False,-0.1451612903225807,False,False,False,False,False
GEO,Georgia,2016,15.818,4143.40125686315,99.5899963378906,10.2,11.8,3727505.0,85.6008234007507,True,7.0,False,0.0,False,0.0,True,2.0,False,-0.12671232876712332,False,False,False,False,False
GEO,Georgia,2017,14.905,4418.75206546679,99.3600006103516,10.0,11.8,3728004.0,86.2379416213095,True,8.0,False,0.0,False,0.0,False,0.0,False,-0.09909909909909907,False,False,False,False,False
GEO,Georgia,2018,14.334,4804.0546040444,99.6500015258789,9.8,5.8,3726549.0,86.8748222310992,False,0.0,False,0.0,False,0.0,False,0.0,False,-0.08067542213883672,False,False,False,False,False
GEO,Georgia,2019,13.588,4741.2832715876,99.8757151699707,9.6,5.8,3720161.0,87.5111601190334,True,1.0,False,0.0,False,0.0,False,0.0,False,-0.06976744186046517,False,False,False,False,False
GEO,Georgia,2020,13.053,4300.85701291207,99.8930662080586,9.4,5.8,3722716.0,88.1470373073336,True,2.0,False,0.0,False,0.0,False,0.0,False,-0.06374501992031878,False,False,False,False,False
GEO,Georgia,2021,12.881,5083.60695484577,99.9180842054209,9.2,5.8,3708610.0,88.7819724294363,True,3.0,False,0.0,False,0.0,False,0.0,False,-0.061224489795918505,False,False,False,False,False
GEO,Georgia,2022,11.612,6729.84659930283,99.5699996948242,9.0,5.8,3712502.0,89.416046138405,True,4.0,False,0.0,False,0.0,False,0.0,False,-0.062499999999999965,False,False,False,False,False
GEO,Georgia,2023,11.494,8283.66960652261,99.5599975585938,8.8,5.8,3715483.0,90.04898468576,True,5.0,False,0.0,False,0.0,False,0.0,True,-0.0638297872340425,False,False,False,False,False
GHA,Ghana,2000,35.898,253.746936203344,57.9000015258789,99.9,,19637087.0,5.7234427408028,False,,False,0.0,False,0.0,False,0.0,False,0.0,False,False,False,False,False
GHA,Ghana,2001,35.62,263.542156494853,57.9000015258789,95.8,,20167069.0,5.81107386081924,False,,False,0.0,False,0.0,True,1.0,False,0.0,False,False,False,False,False
GHA,Ghana,2002,35.223,297.46164468774,57.9000015258789,91.9,,20729388.0,6.75045552246998,False,,False,0.0,False,0.0,True,2.0,False,0.0,False,False,False,False,False
GHA,Ghana,2003,34.779,358.39927142073,57.9000015258789,88.2,35.5,21296705.0,7.7086235468762,False,0.0,False,0.0,False,0.0,True,3.0,False,-0.07997218358831715,False,False,False,False,False
GHA,Ghana,2004,34.282,406.132105329565,57.9000015258789,85.0,35.5,21868298.0,8.68540857696259,True,1.0,False,0.0,False,0.0,True,4.0,False,-0.09526343799893564,False,False,False,False,False
GHA,Ghana,2005,34.403,478.611909191028,57.9000015258789,82.0,35.5,22449438.0,9.68014854216275,True,2.0,False,0.0,False,0.0,True,5.0,False,-0.11024305555555552,False,False,False,False,False
GHA,Ghana,2006,33.877,906.441027564887,57.9000015258789,79.1,27.9,23040702.0,10.6928566524772,False,0.0,False,0.0,False,0.0,True,6.0,False,-0.10702190110634459,False,False,False,False,False
GHA,Ghana,2007,33.223,1050.12461524926,57.9000015258789,76.2,27.9,23642279.0,11.7231535267872,True,1.0,False,0.0,False,0.0,True,7.0,False,-0.10605349601126238,False,False,False,False,False
GHA,Ghana,2008,32.789,1182.65761256016,57.9000015258789,73.1,28.4,24249946.0,12.7707576406742,False,0.0,False,0.0,False,0.0,True,8.0,False,-0.10962241169305725,False,False,False,False,False
GHA,Ghana,2009,32.585,1047.70430093586,57.9000015258789,69.8,28.4,24862664.0,13.8350497335121,True,1.0,False,0.0,False,0.0,True,9.0,False,-0.11734951947395045,False,False,False,False,False
GHA,Ghana,2010,32.672,1263.89251760539,71.5,66.5,28.4,25474995.0,14.9161840108112,True,2.0,False,0.0,False,0.0,False,0.0,False,-0.12546028406102042,False,False,False,False,False
GHA,Ghana,2011,32.685,1507.43573198753,71.5,63.3,22.8,26095088.0,16.0135300837222,False,0.0,False,0.0,False,0.0,True,1.0,False,-0.1321634219906773,False,False,False,False,False
GHA,Ghana,2012,32.519,1543.77524235764,71.5,60.3,22.8,26734268.0,17.126673080362,True,1.0,False,0.0,False,0.0,True,2.0,False,-0.13585554600171976,False,False,False,False,False
GHA,Ghana,2013,32.219,2294.79584693743,71.5,57.5,22.8,27386193.0,18.2550635017005,True,2.0,False,0.0,False,0.0,True,3.0,False,-0.13663663663663655,False,False,False,False,False
GHA,Ghana,2014,31.547,1949.90832923846,71.5,54.9,18.8,28041592.0,19.3983890713711,False,0.0,False,0.0,False,0.0,True,4.0,False,-0.13516068052930055,False,False,False,False,False
GHA,Ghana,2015,31.114,1722.77282833606,60.1981035367761,52.5,18.8,28696068.0,20.556338766229,True,1.0,False,0.0,False,0.0,False,0.0,False,-0.1322314049586777,False,False,False,False,False
GHA,Ghana,2016,30.172,1912.47991339951,60.1981035367761,50.3,18.8,29356742.0,21.7286047018582,True,2.0,False,0.0,False,0.0,True,1.0,False,-0.12824956672443683,False,False,False,False,False
GHA,Ghana,2017,28.926,2012.28662641265,64.4899978637695,48.2,17.5,30008354.0,22.9147548943672,False,0.0,False,0.0,False,0.0,False,0.0,False,-0.12522686025408344,False,False,False,False,False
GHA,Ghana,2018,28.388,2195.32166016377,64.4899978637695,46.1,17.5,30637585.0,24.1144852694417,True,1.0,False,0.0,False,0.0,True,1.0,False,-0.12490508731966576,False,False,False,False,False
GHA,Ghana,2019,27.891,2186.65822682613,64.4899978637695,44.1,17.5,31258945.0,25.327363008811,True,2.0,False,0.0,False,0.0,True,2.0,False,-0.12499999999999994,False,False,False,False,False
GHA,Ghana,2020,27.43,2195.45481659987,64.4899978637695,42.2,17.5,31887809.0,26.5532224510153,True,3.0,False,0.0,False,0.0,True,3.0,False,-0.12520729684908774,False,False,False,False,False
GHA,Ghana,2021,27.034,2445.18662529344,76.4899978637695,40.3,17.5,32518665.0,27.7916388048117,True,4.0,False,0.0,False,0.0,False,0.0,False,-0.12732784755305332,False,False,False,False,False
GHA,Ghana,2022,26.596,2229.89122654479,76.4899978637695,38.6,17.4,33149152.0,29.0423190138112,False,0.0,False,0.0,False,0.0,True,1.0,False,-0.12630149388863735,False,False,False,False,False
GHA,Ghana,2023,26.31,2383.90410476221,76.4899978637695,37.2,17.4,33787914.0,30.3048454596217,True,1.0,False,0.0,False,0.0,True,2.0,True,-0.11973497397065787,False,False,False,False,False
GIB,Gibraltar,2000,14.723,,,,,27709.0,100.0,False,,False,0.0,False,,False,,False,0.0,False,True,False,True,True
GIB,Gibraltar,2001,14.107,,,,,27657.0,100.0,False,,False,0.0,False,,False,,False,0.0,False,True,False,True,True
GIB,Gibraltar,2002,11.162,,,,,27831.0,100.0,False,,False,0.0,False,,False,,False,0.0,False,True,False,True,True
GIB,Gibraltar,2003,10.776,,,,,28274.0,100.0,False,,False,0.0,False,,False,,False,0.0,False,True,False,True,True
GIB,Gibraltar,2004,11.086,,,,,28715.0,100.0,False,,False,0.0,False,,False,,False,0.0,False,True,False,True,True
GIB,Gibraltar,2005,11.462,,,,,29163.0,100.0,False,,False,0.0,False,,False,,False,0.0,False,True,False,True,True
GIB,Gibraltar,2006,11.733,,,,,29594.0,100.0,False,,False,0.0,False,,False,,False,0.0,False,True,False,True,True
GIB,Gibraltar,2007,12.024,,,,,30006.0,100.0,False,,False,0.0,False,,False,,False,0.0,False,True,False,True,True
GIB,Gibraltar,2008,12.322,,,,,30413.0,100.0,False,,False,0.0,False,,False,,False,0.0,False,True,False,True,True
GIB,Gibraltar,2009,12.428,,,,,30823.0,100.0,False,,False,0.0,False,,False,,False,0.0,False,True,False,True,True
GIB,Gibraltar,2010,12.551,,,,,31248.0,100.0,False,,False,0.0,False,,False,,False,0.0,False,True,False,True,True
GIB,Gibraltar,2011,12.629,,,,,31660.0,100.0,False,,False,0.0,False,,False,,False,0.0,False,True,False,True,True
GIB,Gibraltar,2012,12.734,,,,,32029.0,100.0,False,,False,0.0,False,,False,,False,0.0,False,True,False,True,True
GIB,Gibraltar,2013,13.284,,,,,32407.0,100.0,False,,False,0.0,False,,False,,False,0.0,False,True,False,True,True
GIB,Gibraltar,2014,13.127,,,,,32813.0,100.0,False,,False,0.0,False,,False,,False,0.0,False,True,False,True,True
GIB,Gibraltar,2015,12.993,,,,,33193.0,100.0,False,,False,0.0,False,,False,,False,0.0,False,True,False,True,True
GIB,Gibraltar,2016,12.042,,,,,33658.0,100.0,False,,False,0.0,False,,False,,False,0.0,False,True,False,True,True
GIB,Gibraltar,2017,12.023,,,,,34245.0,100.0,False,,False,0.0,False,,False,,False,0.0,False,True,False,True,True
GIB,Gibraltar,2018,12.0,,,,,34854.0,100.0,False,,False,0.0,False,,False,,False,0.0,False,True,False,True,True
GIB,Gibraltar,2019,11.975,,,,,35494.0,100.0,False,,False,0.0,False,,False,,False,0.0,False,True,False,True,True
GIB,Gibraltar,2020,11.984,,,,,36173.0,100.0,False,,False,0.0,False,,False,,False,0.0,False,True,False,True,True
GIB,Gibraltar,2021,12.0,,,,,36858.0,100.0,False,,False,0.0,False,,False,,False,0.0,False,True,False,True,True
GIB,Gibraltar,2022,12.026,,,,,37609.0,100.0,False,,False,0.0,False,,False,,False,0.0,False,True,False,True,True
GIB,Gibraltar,2023,12.07,,,,,38471.0,100.0,False,,False,0.0,False,,False,,True,0.0,False,True,False,True,True
GIN,Guinea,2000,41.833,518.157066924026,,165.7,,8428832.0,9.16230658478803,False,,False,0.0,False,0.0,False,,False,0.0,False,False,False,False,False
GIN,Guinea,2001,41.318,483.085120214741,,159.0,,8539960.0,9.88629196850462,False,,False,0.0,False,0.0,False,,False,0.0,False,False,False,False,False
GIN,Guinea,2002,40.56,495.916073559269,,152.7,,8674066.0,10.6114415301292,False,,False,0.0,False,0.0,False,,False,0.0,False,False,False,False,False
GIN,Guinea,2003,40.284,566.48540588068,29.7000007629394,146.9,,8870781.0,11.3379449716538,False,,False,0.0,False,0.0,False,0.0,False,-0.07687473816506067,False,False,False,False,False
GIN,Guinea,2004,40.244,584.897740538081,29.7000007629394,141.6,,9062726.0,12.2068746539465,False,,False,0.0,False,0.0,True,1.0,False,-0.09274387313791443,False,False,False,False,False
GIN,Guinea,2005,40.411,463.17768685098,29.7000007629394,137.0,39.3,9245844.0,13.0950354311112,False,0.0,False,0.0,False,0.0,True,2.0,False,-0.10562736649693176,False,False,False,False,False
GIN,Guinea,2006,40.307,446.980554135013,29.7000007629394,133.1,39.3,9441171.0,14.0026334670864,True,1.0,False,0.0,False,0.0,True,3.0,False,-0.09725990233315249,False,False,False,False,False
GIN,Guinea,2007,40.207,650.148575304743,29.7000007629394,129.7,34.0,9662281.0,14.9294878110963,False,0.0,False,0.0,False,0.0,True,4.0,False,-0.08828904822156634,False,False,False,False,False
GIN,Guinea,2008,40.08,703.532825784369,29.7000007629394,126.9,34.0,9898870.0,15.8756067639013,True,1.0,False,0.0,False,0.0,True,5.0,False,-0.07816359145721335,False,False,False,False,False
GIN,Guinea,2009,39.928,662.185914665575,29.7000007629394,124.4,34.0,10143534.0,16.8410008400224,True,2.0,False,0.0,False,0.0,True,6.0,False,-0.06928026335478073,False,False,False,False,False
GIN,Guinea,2010,39.635,659.235326211315,25.3099994659424,122.2,34.0,10396086.0,17.8258882415396,True,3.0,False,0.0,False,0.0,False,0.0,False,-0.061588081707878946,False,False,False,False,False
GIN,Guinea,2011,39.165,636.694958747648,25.3099994659424,120.3,34.0,10656810.0,18.8300745161128,True,4.0,False,0.0,False,0.0,True,1.0,False,-0.05469118340405465,False,False,False,False,False
GIN,Guinea,2012,38.7,699.353377212197,25.3099994659424,118.4,31.1,10921581.0,19.8535699723585,False,0.0,False,0.0,False,0.0,True,2.0,False,-0.05052125100240575,False,False,False,False,False
GIN,Guinea,2013,38.379,748.455020824734,25.3099994659424,116.6,31.1,11191873.0,20.8963805102335,True,1.0,False,0.0,False,0.0,True,3.0,False,-0.047696831100947544,False,False,False,False,False
GIN,Guinea,2014,38.046,765.146999389279,32.0,115.4,31.1,11472924.0,21.958517184142,True,2.0,False,0.0,False,0.0,False,0.0,False,-0.04136899817245381,False,False,False,False,False
GIN,Guinea,2015,37.767,747.356966759448,32.0,113.7,31.1,11767070.0,23.0429534538905,True,3.0,False,0.0,False,0.0,True,1.0,False,-0.04115365154326201,False,False,False,False,False
GIN,Guinea,2016,37.414,711.996509782316,32.0,111.4,32.4,12073030.0,24.1498387012441,False,0.0,False,0.0,False,0.0,True,2.0,False,-0.04688569472963715,False,False,False,False,False
GIN,Guinea,2017,36.891,833.598621691121,32.0,109.5,32.4,12385659.0,25.2793165342665,True,1.0,False,0.0,False,0.0,True,3.0,False,-0.04865334491746303,False,False,False,False,False
GIN,Guinea,2018,36.329,933.273615633705,39.6199989318848,107.5,30.3,12704774.0,26.4315341873572,False,0.0,False,0.0,False,0.0,False,0.0,False,-0.05135898340981298,False,False,False,False,False
GIN,Guinea,2019,35.952,1031.34146480732,39.6199989318848,105.4,30.3,13034346.0,27.6063983510435,True,1.0,False,0.0,False,0.0,True,1.0,False,-0.054708520179372146,False,False,False,False,False
GIN,Guinea,2020,35.518,1053.66097696415,39.6199989318848,102.9,30.3,13371183.0,28.8045342946628,True,2.0,False,0.0,False,0.0,True,2.0,False,-0.06027397260273967,False,False,False,False,False
GIN,Guinea,2021,34.983,1244.96550477914,39.6199989318848,100.3,30.3,13710513.0,30.0258495167405,True,3.0,False,0.0,False,0.0,True,3.0,False,-0.06558598844792254,False,False,False,False,False
GIN,Guinea,2022,34.381,1416.59612011764,39.6199989318848,97.6,26.1,14055137.0,31.2707423118105,False,0.0,False,0.0,False,0.0,True,4.0,False,-0.071537290715373,False,False,False,False,False
GIN,Guinea,2023,33.848,1555.49375806861,39.6199989318848,95.0,26.1,14405468.0,32.538855541003,True,1.0,False,0.0,False,0.0,True,5.0,True,-0.0753357991045358,False,False,False,False,False
GMB,"Gambia, The",2000,41.055,538.054072348854,36.8199996948242,112.8,24.1,1455084.0,51.0627069646761,False,0.0,False,0.0,False,0.0,False,0.0,False,0.0,False,False,False,False,False
GMB,"Gambia, The",2001,40.517,459.803068381399,36.8199996948242,108.1,24.1,1495011.0,49.9139746844975,True,1.0,False,0.0,False,0.0,True,1.0,False,0.0,False,False,False,False,False
GMB,"Gambia, The",2002,40.027,376.531026962584,36.8199996948242,103.6,24.1,1535691.0,48.7879556235198,True,2.0,False,0.0,False,0.0,True,2.0,False,0.0,False,False,False,False,False
GMB,"Gambia, The",2003,39.728,308.719123437587,36.8199996948242,99.2,24.1,1577611.0,47.7243148779708,True,3.0,False,0.0,False,0.0,True,3.0,False,-0.08289676425269647,False,False,False,False,False
GMB,"Gambia, The",2004,39.709,593.285346326581,36.8199996948242,94.9,24.1,1621312.0,46.6954252889106,True,4.0,False,0.0,False,0.0,True,4.0,False,-0.10408307764928007,False,False,False,False,False
GMB,"Gambia, The",2005,39.686,616.483657865348,36.8199996948242,90.7,24.1,1667037.0,46.5783414763304,True,5.0,False,0.0,False,0.0,True,5.0,False,-0.12553027381411488,False,False,False,False,False
GMB,"Gambia, The",2006,39.884,614.544307904464,36.8199996948242,86.8,27.7,1715275.0,46.4862604097152,False,0.0,False,0.0,False,0.0,True,6.0,False,-0.12588116817724068,False,False,False,False,False
GMB,"Gambia, The",2007,39.537,724.726407242432,36.8199996948242,83.0,27.7,1765774.0,46.4185276331036,True,1.0,False,0.0,False,0.0,True,7.0,False,-0.12668350168350173,False,False,False,False,False
GMB,"Gambia, The",2008,39.151,859.127671411226,36.8199996948242,79.4,27.7,1817852.0,46.3744960730948,True,2.0,False,0.0,False,0.0,True,8.0,False,-0.12670479542454902,False,False,False,False,False
GMB,"Gambia, The",2009,38.941,774.888030908091,36.8199996948242,76.0,27.7,1871422.0,46.3534874804285,True,3.0,False,0.0,False,0.0,True,9.0,False,-0.126034958601656,False,False,False,False,False
GMB,"Gambia, The",2010,38.872,801.033372714536,36.8199996948242,72.7,23.4,1926630.0,46.3547731022519,False,0.0,False,0.0,False,0.0,True,10.0,False,-0.12599182495792247,False,False,False,False,False
GMB,"Gambia, The",2011,38.808,710.608411468152,36.8199996948242,69.7,23.4,1983784.0,46.3775424677641,True,1.0,False,0.0,False,0.0,True,11.0,False,-0.12415179693390294,False,False,False,False,False
GMB,"Gambia, The",2012,38.814,692.579361628102,36.8199996948242,66.8,21.1,2043094.0,46.4212058311807,False,0.0,False,0.0,False,0.0,True,12.0,False,-0.1228991596638657,False,False,False,False,False
GMB,"Gambia, The",2013,38.097,653.862713272743,36.8199996948242,64.0,24.6,2103820.0,46.4844347761008,False,0.0,False,0.0,False,0.0,True,13.0,False,-0.12232583653318707,False,False,False,False,False
GMB,"Gambia, The",2014,36.907,568.00453558864,36.8199996948242,61.4,24.6,2164528.0,46.5660263360159,True,1.0,False,0.0,False,0.0,True,14.0,False,-0.12084765177548688,False,False,False,False,False
GMB,"Gambia, The",2015,35.746,619.536364296461,50.7799987792969,58.9,24.6,2224529.0,46.6646737011035,True,2.0,False,0.0,False,0.0,False,0.0,False,-0.11984459055588767,False,False,False,False,False
GMB,"Gambia, The",2016,34.593,650.056501323611,50.7799987792969,56.6,24.6,2283769.0,46.7787647028692,True,3.0,False,0.0,False,0.0,True,1.0,False,-0.11783042394014956,False,False,False,False,False
GMB,"Gambia, The",2017,33.451,642.522641296331,50.7799987792969,54.3,24.6,2342189.0,46.9072182092037,True,4.0,False,0.0,False,0.0,True,2.0,False,-0.11764705882352945,False,False,False,False,False
GMB,"Gambia, The",2018,32.324,696.219806960615,53.1599998474121,52.3,19.0,2399632.0,47.0485303132535,False,0.0,False,0.0,False,0.0,False,0.0,False,-0.11415989159891603,False,False,False,False,False
GMB,"Gambia, The",2019,31.921,738.186751987483,53.1599998474121,50.4,19.0,2456844.0,47.2014093425827,True,1.0,False,0.0,False,0.0,True,1.0,False,-0.11111111111111117,False,False,False,False,False
GMB,"Gambia, The",2020,31.525,720.335143352133,53.1599998474121,48.6,17.5,2515733.0,47.3645750957407,False,0.0,False,0.0,False,0.0,True,2.0,False,-0.10825688073394493,False,False,False,False,False
GMB,"Gambia, The",2021,31.171,781.890925169531,51.6399993896484,47.0,17.5,2576010.0,47.5364188505618,True,1.0,False,0.0,False,0.0,False,0.0,False,-0.1037376048817696,False,False,False,False,False
GMB,"Gambia, The",2022,30.771,836.244875868476,51.6399993896484,45.3,17.5,2636470.0,47.7159912011406,True,2.0,False,0.0,False,0.0,True,1.0,False,-0.1033254156769596,False,False,False,False,False
GMB,"Gambia, The",2023,30.429,883.024111978927,51.6399993896484,43.8,17.5,2697845.0,47.9457928819298,True,3.0,False,0.0,False,0.0,True,2.0,True,-0.10098522167487689,False,False,False,False,False
GNB,Guinea-Bissau,2000,42.346,316.945495037639,41.3600006103516,174.8,33.8,1234741.0,4.53445720097512,False,0.0,False,0.0,False,0.0,False,0.0,False,0.0,False,False,False,False,False
GNB,Guinea-Bissau,2001,41.794,327.138431972397,41.3600006103516,169.3,33.8,1261273.0,5.01574870772438,True,1.0,False,0.0,False,0.0,True,1.0,False,0.0,False,False,False,False,False
GNB,Guinea-Bissau,2002,41.564,362.034574570354,41.3600006103516,163.6,33.8,1289307.0,5.72910394514667,True,2.0,False,0.0,False,0.0,True,2.0,False,0.0,False,False,False,False,False
GNB,Guinea-Bissau,2003,41.296,419.78486611807,41.3600006103516,157.7,33.8,1318806.0,6.75416506576179,True,3.0,False,0.0,False,0.0,True,3.0,False,-0.06815048256844608,False,False,False,False,False
GNB,Guinea-Bissau,2004,40.801,431.376557669634,41.3600006103516,151.6,33.8,1349563.0,7.78216486739306,True,4.0,False,0.0,False,0.0,True,4.0,False,-0.08866847009317703,False,False,False,False,False
GNB,Guinea-Bissau,2005,40.571,463.073962650452,41.3600006103516,145.3,33.8,1381585.0,8.8783527585904,True,5.0,False,0.0,False,0.0,True,5.0,False,-0.11077111383108931,False,False,False,False,False
GNB,Guinea-Bissau,2006,40.253,448.513075469701,41.3600006103516,139.1,33.8,1415303.0,9.9897316228944,True,6.0,False,0.0,False,0.0,True,6.0,False,-0.11682539682539686,False,False,False,False,False
GNB,Guinea-Bissau,2007,40.016,519.069789794741,41.3600006103516,132.8,33.8,1450986.0,11.1161885061566,True,7.0,False,0.0,False,0.0,True,7.0,False,-0.12320084510761899,False,False,False,False,False
GNB,Guinea-Bissau,2008,39.348,640.210331101753,41.3600006103516,126.5,27.6,1488054.0,12.2580921089513,False,0.0,False,0.0,False,0.0,True,8.0,False,-0.12938747419132834,False,False,False,False,False
GNB,Guinea-Bissau,2009,38.748,583.190020139094,41.3600006103516,120.2,27.6,1526377.0,13.4152955008386,True,1.0,False,0.0,False,0.0,True,9.0,False,-0.13562491011074357,False,False,False,False,False
GNB,Guinea-Bissau,2010,38.308,600.194298540768,41.3600006103516,114.3,32.0,1566347.0,14.5887141664203,False,0.0,False,0.0,False,0.0,True,10.0,False,-0.1391775869859919,False,False,False,False,False
GNB,Guinea-Bissau,2011,38.019,719.539573498937,41.3600006103516,108.6,32.0,1608076.0,15.7782187068147,True,1.0,False,0.0,False,0.0,True,11.0,False,-0.14204455680202246,False,False,False,False,False
GNB,Guinea-Bissau,2012,37.577,635.461653303881,41.3600006103516,103.6,26.4,1651417.0,16.9842205721111,False,0.0,False,0.0,False,0.0,True,12.0,False,-0.14010624169986738,False,False,False,False,False
GNB,Guinea-Bissau,2013,37.082,654.304534409417,41.3600006103516,99.1,26.4,1695973.0,18.2067554736928,True,1.0,False,0.0,False,0.0,True,13.0,False,-0.1355547801814375,False,False,False,False,False
GNB,Guinea-Bissau,2014,36.096,652.022501029449,41.3600006103516,95.2,27.6,1741122.0,19.4462525723006,False,0.0,False,0.0,False,0.0,True,14.0,False,-0.12788567240747523,False,False,False,False,False
GNB,Guinea-Bissau,2015,35.199,645.066837207039,41.3600006103516,91.6,27.6,1786457.0,20.7029543822311,True,1.0,False,0.0,False,0.0,True,15.0,False,-0.12058371735791093,False,False,False,False,False
GNB,Guinea-Bissau,2016,34.217,679.665386626818,41.3600006103516,88.2,27.6,1831893.0,21.9768833616634,True,2.0,False,0.0,False,0.0,True,16.0,False,-0.1146356153382855,False,False,False,False,False
GNB,Guinea-Bissau,2017,33.036,783.123186602022,41.3600006103516,85.1,27.6,1877072.0,23.2682682564985,True,3.0,False,0.0,False,0.0,True,17.0,False,-0.10927360267950595,False,False,False,False,False
GNB,Guinea-Bissau,2018,32.374,808.531613218504,41.3600006103516,82.2,27.6,1922168.0,24.5775735612132,True,4.0,False,0.0,False,0.0,True,18.0,False,-0.10496515679442509,False,False,False,False,False
GNB,Guinea-Bissau,2019,31.848,811.210004050041,54.8800010681152,79.5,28.1,1967696.0,25.9048078160921,False,0.0,False,0.0,False,0.0,False,0.0,False,-0.10128871806466208,False,False,False,False,False
GNB,Guinea-Bissau,2020,31.406,846.918134967613,54.8800010681152,76.7,28.1,2013255.0,27.2502045881432,True,1.0,False,0.0,False,0.0,True,1.0,False,-0.10103141115799348,False,False,False,False,False
GNB,Guinea-Bissau,2021,30.969,926.54619187706,54.8800010681152,74.3,28.1,2058841.0,28.6139998460415,True,2.0,False,0.0,False,0.0,True,2.0,False,-0.09764391547243145,False,False,False,False,False
GNB,Guinea-Bissau,2022,30.458,881.602654162231,63.9300003051758,72.0,28.1,2105529.0,28.7228575496477,True,3.0,False,0.0,False,0.0,False,0.0,False,-0.09502262443438916,False,False,False,False,False
GNB,Guinea-Bissau,2023,30.037,964.431832665395,63.9300003051758,69.7,28.1,2153339.0,28.8319728978299,True,4.0,False,0.0,False,0.0,True,1.0,True,-0.09409929815440614,False,False,False,False,False
GNQ,Equatorial Guinea,2000,40.795,1487.3165506701,88.3099975585938,154.5,42.7,703279.0,54.790530594174,False,0.0,False,0.0,False,0.0,False,0.0,False,0.0,False,False,False,False,True
GNQ,Equatorial Guinea,2001,40.426,1948.61145907844,88.3099975585938,150.2,42.7,749836.0,55.776966411997,True,1.0,False,0.0,False,0.0,True,1.0,False,0.0,False,False,False,False,True
GNQ,Equatorial Guinea,2002,40.174,2264.21065580365,88.3099975585938,145.9,42.7,797957.0,56.7470042992933,True,2.0,False,0.0,False,0.0,True,2.0,False,0.0,False,False,False,False,True
GNQ,Equatorial Guinea,2003,39.991,2930.60183743733,88.3099975585938,141.5,42.7,847862.0,57.6992350383254,True,3.0,False,0.0,False,0.0,True,3.0,False,-0.05792276964047947,False,False,False,False,True
GNQ,Equatorial Guinea,2004,39.832,4901.30127408119,88.3099975585938,137.0,33.0,899917.0,58.6335894811516,False,0.0,False,0.0,False,0.0,True,4.0,False,-0.07448066205032937,False,False,False,False,True
GNQ,Equatorial Guinea,2005,39.915,8673.9026086535,88.3099975585938,132.3,33.0,947367.0,59.5483734842498,True,1.0,False,0.0,False,0.0,True,5.0,False,-0.09271704841585504,False,False,False,False,True
GNQ,Equatorial Guinea,2006,39.682,10184.8841248541,88.3099975585938,127.4,33.0,990343.0,60.4443395996533,True,2.0,False,0.0,False,0.0,True,6.0,False,-0.09888244447588054,False,False,False,False,True
GNQ,Equatorial Guinea,2007,39.388,12616.9532942011,88.3099975585938,122.6,33.0,1036044.0,61.3207811186255,True,3.0,False,0.0,False,0.0,True,7.0,False,-0.10393217365882199,False,False,False,False,True
GNQ,Equatorial Guinea,2008,39.005,18210.5552970599,88.3099975585938,118.0,33.0,1084530.0,62.1777142751886,True,4.0,False,0.0,False,0.0,True,8.0,False,-0.10714285714285712,False,False,False,False,True
GNQ,Equatorial Guinea,2009,38.548,13232.5019378102,88.3099975585938,113.5,33.0,1135673.0,63.0143173257129,True,5.0,False,0.0,False,0.0,True,9.0,False,-0.10952455672367797,False,False,False,False,True
GNQ,Equatorial Guinea,2010,38.018,13720.1658723222,88.3099975585938,109.4,33.0,1189085.0,63.831192420274,True,6.0,False,0.0,False,0.0,True,10.0,False,-0.10883023786249582,False,False,False,False,True
GNQ,Equatorial Guinea,2011,37.495,17198.2136668275,88.3099975585938,105.6,26.2,1241835.0,64.6283695926991,False,0.0,False,0.0,False,0.0,True,11.0,False,-0.1064477915044849,False,False,False,False,True
GNQ,Equatorial Guinea,2012,36.773,17308.5723924575,88.3099975585938,102.0,26.2,1293483.0,65.4060732402599,True,1.0,False,0.0,False,0.0,True,12.0,False,-0.1038481813389563,False,False,False,False,True
GNQ,Equatorial Guinea,2013,36.034,16304.0713196418,88.3099975585938,98.6,26.2,1346218.0,66.0469451872043,True,2.0,False,0.0,False,0.0,True,13.0,False,-0.10118505013673663,False,False,False,False,True
GNQ,Equatorial Guinea,2014,35.282,15548.6624656619,88.3099975585938,95.3,26.2,1399828.0,66.1151129596268,True,3.0,False,0.0,False,0.0,True,14.0,False,-0.09941409941409926,False,False,False,False,True
GNQ,Equatorial Guinea,2015,34.531,9068.91003238645,88.3099975585938,92.1,26.2,1453923.0,66.1825230692518,True,4.0,False,0.0,False,0.0,True,15.0,False,-0.09864944216089254,False,False,False,False,True
GNQ,Equatorial Guinea,2016,33.792,7453.19797948517,88.3099975585938,89.0,26.2,1508186.0,66.2485390317556,True,5.0,False,0.0,False,0.0,True,16.0,False,-0.09846029173419772,False,False,False,False,True
GNQ,Equatorial Guinea,2017,33.07,7809.10465655488,88.3099975585938,86.1,26.2,1562396.0,66.3127866671561,True,6.0,False,0.0,False,0.0,True,17.0,False,-0.09748427672955987,False,False,False,False,True
GNQ,Equatorial Guinea,2018,32.4,8102.47084834031,88.3099975585938,83.2,26.2,1616422.0,66.3127866671561,True,7.0,True,1.0,False,0.0,True,18.0,False,-0.09780958577315112,False,False,False,False,True
GNQ,Equatorial Guinea,2019,31.783,6804.14923073888,88.3099975585938,80.7,26.2,1670177.0,66.3127866671561,True,8.0,True,2.0,False,0.0,True,19.0,False,-0.09468252187570111,False,False,False,False,True
GNQ,Equatorial Guinea,2020,31.351,5764.05502912947,88.3099975585938,77.9,26.2,1716468.0,66.3127866671561,True,9.0,True,3.0,False,0.0,True,20.0,False,-0.09649733240547428,False,False,False,False,True
GNQ,Equatorial Guinea,2021,30.703,6945.63069794539,88.3099975585938,75.1,26.2,1758786.0,66.3127866671561,True,10.0,True,4.0,False,0.0,True,21.0,False,-0.09930438954185673,False,False,False,False,True
GNQ,Equatorial Guinea,2022,30.123,7589.29964909381,88.3099975585938,72.8,26.2,1803545.0,66.3127866671561,True,11.0,True,5.0,False,0.0,True,22.0,False,-0.09677419354838707,False,False,False,False,True
GNQ,Equatorial Guinea,2023,29.604,6788.35271638376,88.3099975585938,70.4,26.2,1847549.0,66.3127866671561,True,12.0,True,6.0,False,0.0,True,23.0,True,-0.09674108288426986,False,False,False,False,True
GRC,Greece,2000,9.6,11638.2010697215,,6.4,,10805808.0,97.8758799190344,False,,False,0.0,False,0.0,False,,False,0.0,False,True,False,False,False
GRC,Greece,2001,9.4,12156.9572824221,95.9899978637695,6.0,,10862132.0,97.9452945342735,False,,False,0.0,False,0.0,False,0.0,False,0.0,False,True,False,False,False
GRC,Greece,2002,9.5,13782.195640943,95.9899978637695,5.6,,10902022.0,98.0197252313027,False,,False,0.0,False,0.0,True,1.0,False,0.0,False,True,False,False,False
GRC,Greece,2003,9.6,18020.612039764,95.9899978637695,5.2,1.5,10928070.0,98.0930878671239,False,0.0,False,0.0,False,0.0,True,2.0,False,-0.1333333333333333,False,True,False,False,False
GRC,Greece,2004,9.6,21449.2552764245,95.9899978637695,4.9,1.5,10955141.0,98.1654410547609,True,1.0,False,0.0,False,0.0,True,3.0,False,-0.15517241379310337,False,True,False,False,False
GRC,Greece,2005,9.8,22054.1315756886,95.9899978637695,4.6,1.5,10987314.0,98.2367240021803,True,2.0,False,0.0,False,0.0,True,4.0,False,-0.18149466192170827,False,True,False,False,False
GRC,Greece,2006,10.2,24416.0232970275,95.9899978637695,4.3,1.5,11020362.0,98.3069816511148,True,3.0,False,0.0,False,0.0,True,5.0,False,-0.18250950570342206,False,True,False,False,False
GRC,Greece,2007,10.1,28440.7625328955,95.9899978637695,4.1,1.5,11048473.0,98.37623995926,True,4.0,False,0.0,False,0.0,True,6.0,False,-0.16666666666666674,False,True,False,False,False
GRC,Greece,2008,10.7,31695.8331092209,95.9899978637695,4.0,1.5,11077841.0,98.444518449364,True,5.0,False,0.0,False,0.0,True,7.0,False,-0.1341991341991342,False,True,False,False,False
GRC,Greece,2009,10.6,29425.4573200263,93.9100036621094,4.0,1.5,11107017.0,98.5117822479045,True,6.0,False,0.0,False,0.0,False,0.0,False,-0.08675799086757989,False,True,False,False,False
GRC,Greece,2010,10.3,26653.0488008626,93.9100036621094,3.9,1.5,11121341.0,98.5780776451811,True,7.0,False,0.0,False,0.0,True,1.0,False,-0.0714285714285715,False,True,False,False,False
GRC,Greece,2011,9.6,25504.7866510124,93.9100036621094,4.0,1.5,11104899.0,98.6434297836442,True,8.0,False,0.0,False,0.0,True,2.0,False,-0.01477832512315283,False,True,False,False,False
GRC,Greece,2012,9.1,21624.346052551,93.9100036621094,4.0,1.5,11045011.0,98.7078706841622,True,9.0,False,0.0,False,0.0,True,3.0,False,0.0,False,True,False,False,False
GRC,Greece,2013,8.6,21573.3449762805,93.9100036621094,4.1,1.5,10965211.0,98.7713762312749,True,10.0,False,0.0,False,0.0,True,4.0,False,0.03015075376884425,False,True,False,False,False
GRC,Greece,2014,8.5,21474.7257123892,93.9100036621094,4.2,1.5,10892413.0,98.8339628930007,True,11.0,False,0.0,False,0.0,True,5.0,False,0.050000000000000044,False,True,False,False,False
GRC,Greece,2015,8.5,17980.7298238137,93.9100036621094,4.3,1.5,10820883.0,98.8956496305224,True,12.0,False,0.0,False,0.0,True,6.0,False,0.0643564356435643,False,True,False,False,False
GRC,Greece,2016,8.6,17919.2426377048,93.9100036621094,4.3,1.5,10775971.0,98.9564489293753,True,13.0,False,0.0,False,0.0,True,7.0,False,0.04368932038834945,False,True,False,False,False
GRC,Greece,2017,8.2,18631.9930129293,93.9100036621094,4.3,1.5,10754679.0,98.9831881851134,True,14.0,False,0.0,False,0.0,True,8.0,False,0.028708133971291676,False,True,False,False,False
GRC,Greece,2018,8.1,19873.4015238771,93.9100036621094,4.2,1.5,10732882.0,98.9867526034177,True,15.0,False,0.0,False,0.0,True,9.0,False,-0.009433962264150744,False,True,False,False,False
GRC,Greece,2019,7.8,19335.3602002969,93.9100036621094,4.1,1.5,10721582.0,98.9902600193741,True,16.0,False,0.0,False,0.0,True,10.0,False,-0.037558685446009425,False,True,False,False,False
GRC,Greece,2020,7.9,17886.733165236,93.9100036621094,4.1,1.5,10698599.0,98.9937448356397,True,17.0,False,0.0,False,0.0,True,11.0,False,-0.03301886792452843,False,True,False,False,False
GRC,Greece,2021,8.1,20652.89659591,93.9100036621094,4.0,1.5,10570130.0,98.9971863349773,True,18.0,False,0.0,False,0.0,True,12.0,False,-0.04761904761904766,False,True,False,False,False
GRC,Greece,2022,7.3,20884.6773436263,93.9100036621094,4.0,1.5,10437805.0,99.0005834270921,True,19.0,False,0.0,False,0.0,True,13.0,False,-0.033816425120772875,False,True,False,False,False
GRC,Greece,2023,6.8,23343.7103964562,93.9100036621094,3.9,1.5,10407351.0,99.0039477070011,True,20.0,False,0.0,False,0.0,True,14.0,True,-0.04411764705882357,False,True,False,False,False
GRD,Grenada,2000,17.503,4839.82811114248,,15.5,,107451.0,88.5722720006749,False,,False,0.0,False,0.0,False,,False,0.0,False,True,False,False,True
GRD,Grenada,2001,17.283,4819.50776653843,,15.3,,107987.0,89.0844419136279,False,,False,0.0,False,0.0,False,,False,0.0,False,True,False,False,True
GRD,Grenada,2002,17.207,4984.47405931447,,15.1,,108404.0,89.5954337141359,False,,False,0.0,False,0.0,False,,False,0.0,False,True,False,False,True
GRD,Grenada,2003,17.143,5427.96377252312,,14.9,,108884.0,90.1052474021992,False,,False,0.0,False,0.0,False,,False,-0.026143790849673113,False,True,False,False,True
GRD,Grenada,2004,17.07,5480.26117644588,,14.8,,109323.0,90.6138829778177,False,,False,0.0,False,0.0,False,,False,-0.02631578947368412,False,True,False,False,True
GRD,Grenada,2005,17.02,6338.56011405358,,14.8,,109734.0,91.1213404409914,False,,False,0.0,False,0.0,False,,False,-0.021164021164021066,False,True,False,False,True
GRD,Grenada,2006,16.903,6344.0383771432,,14.9,,110135.0,91.6276197917204,False,,False,0.0,False,0.0,False,,False,-0.005340453938584784,False,True,False,False,True
GRD,Grenada,2007,16.802,6864.54816771858,,14.9,,110522.0,92.1327210300046,False,,False,0.0,False,0.0,False,,False,0.0,False,True,False,False,True
GRD,Grenada,2008,16.674,7448.2040563865,,15.1,,110896.0,92.6366441558442,False,,False,0.0,False,0.0,False,,False,0.016150740242260875,False,True,False,False,True
GRD,Grenada,2009,16.505,6932.56472176781,,15.4,,111254.0,93.1393891692389,False,,False,0.0,False,0.0,False,,False,0.03355704697986577,False,True,False,False,True
GRD,Grenada,2010,16.263,6909.60169568597,,15.7,,111586.0,93.6409560701888,False,,False,0.0,False,0.0,False,,False,0.045272969374167756,False,True,False,False,True
GRD,Grenada,2011,16.012,6947.38136096464,,16.0,,112079.0,93.5480727629389,False,,False,0.0,False,0.0,False,,False,0.052631578947368474,False,True,False,False,True
GRD,Grenada,2012,15.78,7092.71985352677,,16.4,,112775.0,93.4551894556889,False,,False,0.0,False,0.0,False,,False,0.06355382619974063,False,True,False,False,True
GRD,Grenada,2013,15.401,7424.80212287327,,16.8,,113487.0,93.362306148439,False,,False,0.0,False,0.0,False,,False,0.068702290076336,False,True,False,False,True
GRD,Grenada,2014,14.529,7986.33421210788,,17.2,,114132.0,93.269422841189,False,,False,0.0,False,0.0,False,,False,0.07098381070983815,False,True,False,False,True
GRD,Grenada,2015,13.855,8694.12438005692,,17.5,,114676.0,93.176539533939,False,,False,0.0,False,0.0,False,,False,0.06577344701583424,False,True,False,False,True
GRD,Grenada,2016,13.052,9221.23461079424,,17.8,,115130.0,93.0836562266891,False,,False,0.0,False,0.0,False,,False,0.0607866507747318,False,True,False,False,True
GRD,Grenada,2017,11.645,9751.42661155932,,18.1,,115438.0,92.9907729194391,False,,False,0.0,False,0.0,False,,False,0.05600933488914824,False,True,False,False,True
GRD,Grenada,2018,12.395,10083.021279225,,18.3,,115691.0,92.8978896121892,False,,False,0.0,False,0.0,False,,False,0.046910755148741434,False,True,False,False,True
GRD,Grenada,2019,12.466,10462.7929159533,,18.5,,115981.0,92.8050063049392,False,,False,0.0,False,0.0,False,,False,0.04049493813273334,False,True,False,False,True
GRD,Grenada,2020,12.324,8968.55890108484,,18.6,,116341.0,92.7121229976892,False,,False,0.0,False,0.0,False,,False,0.03104212860310434,False,True,False,False,True
GRD,Grenada,2021,12.14,9617.28902905373,,18.7,,116688.0,92.6192396904393,False,,False,0.0,False,0.0,False,,False,0.02409638554216875,False,True,False,False,True
GRD,Grenada,2022,11.935,10469.3867012856,,18.5,,116913.0,92.6192396904393,False,,False,0.0,False,0.0,False,,False,0.003253796095444616,False,True,False,False,True
GRD,Grenada,2023,11.711,11414.4781691181,,18.3,,117081.0,92.6192396904393,False,,False,0.0,False,0.0,False,,True,-0.011879049676025856,False,True,False,False,True
GRL,Greenland,2000,15.6,19009.0774407515,,,,56185.0,,False,,False,,False,0.0,False,,False,0.0,False,True,False,False,True
GRL,Greenland,2001,16.7,19265.5191468738,,,,56379.0,,False,,False,,False,0.0,False,,False,0.0,False,True,False,False,True
GRL,Greenland,2002,16.9,20657.9506323097,,,,56595.0,,False,,False,,False,0.0,False,,False,0.0,False,True,False,False,True
GRL,Greenland,2003,15.5,27466.6494525504,,,,56751.0,,False,,False,,False,0.0,False,,False,0.0,False,True,False,False,True
GRL,Greenland,2004,15.7,32030.9987915109,,,,56898.0,,False,,False,,False,0.0,False,,False,0.0,False,True,False,False,True
GRL,Greenland,2005,15.6,32489.7277309899,,,,56935.0,,False,,False,,False,0.0,False,,False,0.0,False,True,False,False,True
GRL,Greenland,2006,14.8,35457.6297578214,,,,56775.0,,False,,False,,False,0.0,False,,False,0.0,False,True,False,False,True
GRL,Greenland,2007,15.1,39780.9441368721,,,,56555.0,,False,,False,,False,0.0,False,,False,0.0,False,True,False,False,True
GRL,Greenland,2008,14.8,44366.7858688175,,,,56328.0,,False,,False,,False,0.0,False,,False,0.0,False,True,False,False,True
GRL,Greenland,2009,15.9,44918.8413832155,,,,56323.0,,False,,False,,False,0.0,False,,False,0.0,False,True,False,False,True
GRL,Greenland,2010,15.4,44277.1993400972,,,,56534.0,,False,,False,,False,0.0,False,,False,0.0,False,True,False,False,True
GRL,Greenland,2011,14.4,47186.8759969388,,,,56890.0,,False,,False,,False,0.0,False,,False,0.0,False,True,False,False,True
GRL,Greenland,2012,13.8,45936.9562817724,,,,56810.0,,False,,False,,False,0.0,False,,False,0.0,False,True,False,False,True
GRL,Greenland,2013,14.5,47535.4883792376,,,,56483.0,,False,,False,,False,0.0,False,,False,0.0,False,True,False,False,True
GRL,Greenland,2014,14.3,50485.2244135291,,,,56295.0,62.5,False,,False,0.0,False,0.0,False,,False,0.0,False,True,False,False,True
GRL,Greenland,2015,15.2,44536.3549705377,,,,56114.0,62.5,False,,False,0.0,False,0.0,False,,False,0.0,False,True,False,False,True
GRL,Greenland,2016,14.8,48181.7453541266,,,,56186.0,62.5,False,,False,0.0,False,0.0,False,,False,0.0,False,True,False,False,True
GRL,Greenland,2017,15.2,50765.7494665372,,,,56172.0,62.5,False,,False,0.0,False,0.0,False,,False,0.0,False,True,False,False,True
GRL,Greenland,2018,14.6,54545.135857765,,,,56023.0,62.5,False,,False,0.0,False,0.0,False,,False,0.0,False,True,False,False,True
GRL,Greenland,2019,15.1,53309.2035905065,,,,56225.0,62.5,False,,False,0.0,False,0.0,False,,False,0.0,False,True,False,False,True
GRL,Greenland,2020,14.8,54812.6661771023,,,,56367.0,62.5,False,,False,0.0,False,0.0,False,,False,0.0,False,True,False,False,True
GRL,Greenland,2021,13.4,58135.9939910203,,,,56653.0,62.5,False,,False,0.0,False,0.0,False,,False,0.0,False,True,False,False,True
GRL,Greenland,2022,13.2,55635.0006491223,,,,56661.0,62.5,False,,False,0.0,False,0.0,False,,False,0.0,False,True,False,False,True
GRL,Greenland,2023,12.6,58498.9707973609,,,,56865.0,62.5,False,,True,1.0,False,0.0,False,,True,0.0,False,True,False,False,True
GTM,Guatemala,2000,34.708,1648.96578971559,,51.8,51.0,11697592.0,61.0672448487816,False,0.0,False,0.0,False,0.0,False,,False,0.0,False,False,False,False,False
GTM,Guatemala,2001,34.156,1537.68663578252,,49.7,51.0,11969422.0,61.5616929942508,True,1.0,False,0.0,False,0.0,False,,False,0.0,False,False,False,False,False
GTM,Guatemala,2002,33.267,1669.33517469705,69.0999984741211,47.7,54.8,12246915.0,62.0451166230721,False,0.0,False,0.0,False,0.0,False,0.0,False,0.0,False,False,False,False,False
GTM,Guatemala,2003,32.47,1722.54701910774,69.0999984741211,45.9,54.8,12525842.0,62.5094447172638,True,1.0,False,0.0,False,0.0,True,1.0,False,-0.07707774798927605,False,False,False,False,False
GTM,Guatemala,2004,31.726,1840.91184884,69.0999984741211,44.1,54.8,12807402.0,62.9581205196871,True,2.0,False,0.0,False,0.0,True,2.0,False,-0.09584828293182977,False,False,False,False,False
GTM,Guatemala,2005,30.777,2046.46611650758,69.0999984741211,42.4,54.8,13087629.0,63.3959543094237,True,3.0,False,0.0,False,0.0,True,3.0,False,-0.11371237458193977,False,False,False,False,False
GTM,Guatemala,2006,30.024,2225.1234753878,69.0999984741211,40.7,54.8,13367459.0,63.8233780145297,True,4.0,False,0.0,False,0.0,True,4.0,False,-0.11444734551784141,False,False,False,False,False
GTM,Guatemala,2007,29.422,2458.81573919384,69.0999984741211,39.1,54.8,13652040.0,64.2408036159459,True,5.0,False,0.0,False,0.0,True,5.0,False,-0.11458333333333337,False,False,False,False,False
GTM,Guatemala,2008,28.678,2763.05988172926,69.0999984741211,37.5,54.8,13935174.0,64.6483174313352,True,6.0,False,0.0,False,0.0,True,6.0,False,-0.11639962299717257,False,False,False,False,False
GTM,Guatemala,2009,28.199,2611.64632773352,69.0999984741211,36.0,51.5,14215611.0,65.0451401830532,False,0.0,False,0.0,False,0.0,True,7.0,False,-0.1167811579980374,False,False,False,False,False
GTM,Guatemala,2010,27.821,2805.25960237322,69.0999984741211,34.5,51.5,14500112.0,65.4325572317079,True,1.0,False,0.0,False,0.0,True,8.0,False,-0.11854879918242209,False,False,False,False,False
GTM,Guatemala,2011,27.516,3168.98370607705,69.0999984741211,33.1,51.5,14792126.0,65.8097996494068,True,2.0,False,0.0,False,0.0,True,9.0,False,-0.11874334398296062,False,False,False,False,False
GTM,Guatemala,2012,27.231,3286.61959336267,78.2600021362305,31.8,51.5,15089647.0,66.1775447968584,True,3.0,False,0.0,False,0.0,False,0.0,False,-0.11764705882352937,False,False,False,False,False
GTM,Guatemala,2013,26.716,3444.15802275864,77.0400009155273,30.4,51.5,15387337.0,66.5388660847847,True,4.0,False,0.0,False,0.0,False,0.0,False,-0.12087912087912088,False,False,False,False,False
GTM,Guatemala,2014,26.467,3689.14510410202,81.2900009155273,29.2,51.5,15681725.0,66.8936926813794,True,5.0,False,0.0,False,0.0,False,0.0,False,-0.11942098914354655,False,False,False,False,False
GTM,Guatemala,2015,26.222,3893.50533299068,80.1999969482422,28.1,46.7,15971743.0,67.2424899275787,False,0.0,False,0.0,False,0.0,False,0.0,False,-0.11635220125786161,False,False,False,False,False
GTM,Guatemala,2016,25.957,4060.13784737643,80.1999969482422,27.0,46.7,16268760.0,67.5843983621211,True,1.0,False,0.0,False,0.0,True,1.0,False,-0.11533420707732633,False,False,False,False,False
GTM,Guatemala,2017,25.171,4324.99768915601,80.1999969482422,26.1,46.7,16567357.0,67.9199018955355,True,2.0,False,0.0,False,0.0,True,2.0,False,-0.10921501706484639,False,False,False,False,False
GTM,Guatemala,2018,24.315,4352.94593289707,80.8099975585938,25.1,46.7,16845685.0,68.2489426363097,True,3.0,False,0.0,False,0.0,False,0.0,False,-0.10866477272727279,False,False,False,False,False
GTM,Guatemala,2019,23.089,4511.99839552697,80.8099975585938,24.3,46.7,17103803.0,68.5709973645284,True,4.0,False,0.0,False,0.0,True,1.0,False,-0.10332103321033212,False,False,False,False,False
GTM,Guatemala,2020,22.043,4477.61785000665,80.8099975585938,23.5,46.7,17357325.0,68.8862996420965,True,5.0,False,0.0,False,0.0,True,2.0,False,-0.10030627871362932,False,False,False,False,False
GTM,Guatemala,2021,21.407,4912.62240414681,80.8099975585938,22.7,46.0,17598650.0,69.4621730094076,False,0.0,False,0.0,False,0.0,True,3.0,False,-0.09920634920634934,False,False,False,False,False
GTM,Guatemala,2022,21.063,5356.92435887895,83.0299987792969,21.9,46.0,17847877.0,70.0349423501554,True,1.0,False,0.0,False,0.0,False,0.0,False,-0.10024650780608045,False,False,False,False,False
GTM,Guatemala,2023,20.809,5754.42833909847,83.0195796057608,21.2,46.0,18124838.0,70.6041253212475,True,2.0,False,0.0,False,0.0,False,0.0,True,-0.09787234042553195,False,False,False,False,False
GUM,Guam,2000,23.039,,,,,160065.0,88.9735320691109,False,,False,0.0,False,,False,,False,0.0,False,True,False,False,True
GUM,Guam,2001,21.96,,,,,161329.0,89.0373069363675,False,,False,0.0,False,,False,,False,0.0,False,True,False,False,True
GUM,Guam,2002,19.807,20909.9590302806,,,,162315.0,89.1010818036241,False,,False,0.0,False,0.0,False,,False,0.0,False,True,False,False,True
GUM,Guam,2003,20.092,21877.3178371553,,,,163137.0,89.1648566708808,False,,False,0.0,False,0.0,False,,False,0.0,False,True,False,False,True
GUM,Guam,2004,20.678,23618.8266894573,,,,163810.0,89.2286315381374,False,,False,0.0,False,0.0,False,,False,0.0,False,True,False,False,True
GUM,Guam,2005,19.442,25631.9776108052,,,,164365.0,89.292406405394,False,,False,0.0,False,0.0,False,,False,0.0,False,True,False,False,True
GUM,Guam,2006,20.461,25709.9351488422,,,,164839.0,89.3561812726507,False,,False,0.0,False,0.0,False,,False,0.0,False,True,False,False,True
GUM,Guam,2007,20.961,26605.4324214756,,,,165267.0,89.4199561399073,False,,False,0.0,False,0.0,False,,False,0.0,False,True,False,False,True
GUM,Guam,2008,20.771,28112.2316573422,,,,165693.0,89.483731007164,False,,False,0.0,False,0.0,False,,False,0.0,False,True,False,False,True
GUM,Guam,2009,20.497,29054.0581201519,,,,166173.0,89.5475058744206,False,,False,0.0,False,0.0,False,,False,0.0,False,True,False,False,True
GUM,Guam,2010,20.939,29719.7967836082,,,,166522.0,89.6112807416772,False,,False,0.0,False,0.0,False,,False,0.0,False,True,False,False,True
GUM,Guam,2011,20.152,29926.2052442913,,,,166543.0,89.6750556089339,False,,False,0.0,False,0.0,False,,False,0.0,False,True,False,False,True
GUM,Guam,2012,21.7,31653.7506538168,,,,166331.0,89.7388304761905,False,,False,0.0,False,0.0,False,,False,0.0,False,True,False,False,True
GUM,Guam,2013,19.939,32530.7593121483,,,,165966.0,89.8026053434471,False,,False,0.0,False,0.0,False,,False,0.0,False,True,False,False,True
GUM,Guam,2014,20.228,33900.1486530583,,,,165486.0,89.8663802107038,False,,False,0.0,False,0.0,False,,False,0.0,False,True,False,False,True
GUM,Guam,2015,19.936,35165.7014644795,,,,164905.0,89.9301550779604,False,,False,0.0,False,0.0,False,,False,0.0,False,True,False,False,True
GUM,Guam,2016,21.377,35930.6594898711,,,,164233.0,89.993929945217,False,,False,0.0,False,0.0,False,,False,0.0,False,True,False,False,True
GUM,Guam,2017,20.622,36779.0078903909,,,,163490.0,90.0577048124737,False,,False,0.0,False,0.0,False,,False,0.0,False,True,False,False,True
GUM,Guam,2018,19.818,37195.9503070464,,,,162679.0,90.1214796797303,False,,False,0.0,False,0.0,False,,False,0.0,False,True,False,False,True
GUM,Guam,2019,19.256,39274.9431424899,,,,161808.0,90.1852545469869,False,,False,0.0,False,0.0,False,,False,0.0,False,True,False,False,True
GUM,Guam,2020,18.613,36482.9363953675,,,,162158.0,90.2490294142436,False,,False,0.0,False,0.0,False,,False,0.0,False,True,False,False,True
GUM,Guam,2021,18.296,38074.8793745801,,,,163730.0,90.3128042815002,False,,False,0.0,False,0.0,False,,False,0.0,False,True,False,False,True
GUM,Guam,2022,18.008,41833.1517132825,,,,165180.0,90.3765791487569,False,,False,0.0,False,0.0,False,,False,0.0,False,True,False,False,True
GUM,Guam,2023,17.662,41833.1517132825,,,,166506.0,90.3765791487569,False,,False,0.0,True,1.0,False,,True,0.0,False,True,False,False,True
GUY,Guyana,2000,26.231,931.796651718955,,46.7,13.9,764832.0,77.3735224791758,False,0.0,False,0.0,False,0.0,False,,False,0.0,False,False,False,False,True
GUY,Guyana,2001,25.039,931.574723847673,,45.6,13.9,764477.0,77.9231007582273,True,1.0,False,0.0,False,0.0,False,,False,0.0,False,False,False,False,True
GUY,Guyana,2002,23.763,950.866932470993,,44.5,13.9,763652.0,78.4735839467328,True,2.0,False,0.0,False,0.0,False,,False,0.0,False,False,False,False,True
GUY,Guyana,2003,22.703,973.742598054188,,43.4,13.9,763101.0,79.0141225779314,True,3.0,False,0.0,False,0.0,False,,False,-0.04824561403508778,False,False,False,False,True
GUY,Guyana,2004,22.02,1033.31030902188,,42.5,13.9,762418.0,79.6382981091298,True,4.0,False,0.0,False,0.0,False,,False,-0.0566037735849056,False,False,False,False,True
GUY,Guyana,2005,21.664,1084.06541388904,,41.6,13.9,760914.0,80.2648830646045,True,5.0,False,0.0,False,0.0,False,,False,-0.06600808262236187,False,False,False,False,True
GUY,Guyana,2006,21.72,3135.60553528326,,40.7,17.9,758966.0,80.8939339660195,False,0.0,False,0.0,False,0.0,False,,False,-0.06479779411764706,False,False,False,False,True
GUY,Guyana,2007,21.887,3608.28685240188,,39.9,17.9,756861.0,81.525359867427,True,1.0,False,0.0,False,0.0,False,,False,-0.06205923836389282,False,False,False,False,True
GUY,Guyana,2008,22.028,4008.9628671603,,39.1,17.9,754606.0,82.1591535902208,True,2.0,False,0.0,False,0.0,False,,False,-0.06054781355117723,False,False,False,False,True
GUY,Guyana,2009,22.055,4209.13230624565,,38.3,19.3,752094.0,82.7953517398292,False,0.0,False,0.0,False,0.0,False,,False,-0.06035328753680081,False,False,False,False,True
GUY,Guyana,2010,22.058,4581.76179693492,,37.6,19.3,749256.0,83.4338869756963,True,1.0,False,0.0,False,0.0,False,,False,-0.05811623246492986,False,False,False,False,True
GUY,Guyana,2011,22.252,4947.22170589917,,36.8,19.3,746153.0,84.0747338507827,True,2.0,False,0.0,False,0.0,False,,False,-0.05930470347648263,False,False,False,False,True
GUY,Guyana,2012,22.318,5444.39751913913,,36.0,19.3,746288.0,84.731495888913,True,3.0,False,0.0,False,0.0,False,,False,-0.06103286384976517,False,False,False,False,True
GUY,Guyana,2013,22.562,5556.91231156932,,35.2,19.3,750021.0,85.3889557997963,True,4.0,False,0.0,False,0.0,False,,False,-0.06283280085197016,False,False,False,False,True
GUY,Guyana,2014,22.606,5472.68820452237,,34.3,11.3,754229.0,86.0478440775297,False,0.0,False,0.0,False,0.0,False,,False,-0.06742794997281142,False,False,False,False,True
GUY,Guyana,2015,22.516,5640.41560569466,,33.3,11.3,758781.0,86.7079635217248,True,1.0,False,0.0,False,0.0,False,,False,-0.0744858254585881,False,False,False,False,True
GUY,Guyana,2016,22.332,5870.87823759835,,32.4,11.3,763548.0,87.3692388758564,True,2.0,False,0.0,False,0.0,False,,False,-0.07744874715261957,False,False,False,False,True
GUY,Guyana,2017,22.044,6178.6650437298,,31.4,11.3,768479.0,88.0315709882197,True,3.0,False,0.0,False,0.0,False,,False,-0.08294392523364495,False,False,False,False,True
GUY,Guyana,2018,21.236,6048.38697180418,,30.5,11.3,791556.0,88.6946981126402,True,4.0,False,0.0,False,0.0,False,,False,-0.08463385354141638,False,False,False,False,True
GUY,Guyana,2019,21.945,6405.82443444562,,29.6,9.5,807665.0,89.3586157172433,False,0.0,False,0.0,False,0.0,False,,False,-0.08585546633724504,False,False,False,False,True
GUY,Guyana,2020,21.254,6775.70939096303,85.6399993896484,28.6,9.5,807481.0,90.0231335168154,True,1.0,False,0.0,False,0.0,False,0.0,False,-0.09033078880407114,False,False,False,False,True
GUY,Guyana,2021,20.961,9860.87014834386,85.6399993896484,27.8,9.5,815482.0,90.6881198033659,True,2.0,False,0.0,False,0.0,True,1.0,False,-0.08852459016393441,False,False,False,False,True
GUY,Guyana,2022,20.748,17913.4928066879,85.6399993896484,26.9,9.5,821637.0,91.3010008247863,True,3.0,False,0.0,False,0.0,True,2.0,False,-0.09060175794455724,False,False,False,False,True
GUY,Guyana,2023,20.287,20473.7002190617,85.6399993896484,26.0,9.5,826353.0,91.3046762515848,True,4.0,False,0.0,False,0.0,True,3.0,True,-0.09344490934449093,False,False,False,False,True
HKG,"Hong Kong SAR, China",2000,8.1,25756.7728723704,,,,6665000.0,97.3886755292959,False,,False,0.0,False,0.0,False,,False,0.0,False,True,False,False,True
HKG,"Hong Kong SAR, China",2001,7.2,25230.3780910304,,,,6714300.0,97.3886755292959,False,,False,0.0,False,0.0,False,,False,0.0,False,True,False,False,True
HKG,"Hong Kong SAR, China",2002,7.1,24665.8362318216,,,,6744100.0,97.3886755292959,False,,False,0.0,False,0.0,False,,False,0.0,False,True,False,False,True
HKG,"Hong Kong SAR, China",2003,6.9,23977.1734120477,,,,6730800.0,97.3886755292959,False,,False,0.0,False,0.0,False,,False,0.0,False,True,False,False,True
HKG,"Hong Kong SAR, China",2004,7.2,24928.1003722551,,,,6783500.0,97.2670420974889,False,,False,0.0,False,0.0,False,,False,0.0,False,True,False,False,True
HKG,"Hong Kong SAR, China",2005,8.4,26649.637724155,,,,6813200.0,97.1454086656819,False,,False,0.0,False,0.0,False,,False,0.0,False,True,False,False,True
HKG,"Hong Kong SAR, China",2006,9.6,28224.0951563146,,,,6857100.0,97.0237752338749,False,,False,0.0,False,0.0,False,,False,0.0,False,True,False,False,True
HKG,"Hong Kong SAR, China",2007,10.2,30593.9511738646,,,,6916300.0,96.9021418020679,False,,False,0.0,False,0.0,False,,False,0.0,False,True,False,False,True
HKG,"Hong Kong SAR, China",2008,11.3,31515.5292103443,,,,6957800.0,96.7805083702609,False,,False,0.0,False,0.0,False,,False,0.0,False,True,False,False,True
HKG,"Hong Kong SAR, China",2009,11.8,30697.5383861641,,,,6972800.0,96.6588749384539,False,,False,0.0,False,0.0,False,,False,0.0,False,True,False,False,True
HKG,"Hong Kong SAR, China",2010,12.6,32550.136489179,,,,7024200.0,96.5372415066469,False,,False,0.0,False,0.0,False,,False,0.0,False,True,False,False,True
HKG,"Hong Kong SAR, China",2011,13.5,35142.4879344543,,,,7071600.0,96.4156080748399,False,,False,0.0,False,0.0,False,,False,0.0,False,True,False,False,True
HKG,"Hong Kong SAR, China",2012,12.8,36730.796195815,,,,7150100.0,96.293974643033,False,,False,0.0,False,0.0,False,,False,0.0,False,True,False,False,True
HKG,"Hong Kong SAR, China",2013,8.0,38403.7777145477,,,,7178900.0,96.172341211226,False,,False,0.0,False,0.0,False,,False,0.0,False,True,False,False,True
HKG,"Hong Kong SAR, China",2014,8.6,40315.3739510191,,,,7229500.0,96.050707779419,False,,False,0.0,False,0.0,False,,False,0.0,False,True,False,False,True
HKG,"Hong Kong SAR, China",2015,8.2,42432.1619740441,,,,7291300.0,95.929074347612,False,,False,0.0,False,0.0,False,,False,0.0,False,True,False,False,True
HKG,"Hong Kong SAR, China",2016,8.3,43734.1980702999,,,,7336600.0,95.807440915805,False,,False,0.0,False,0.0,False,,False,0.0,False,True,False,False,True
HKG,"Hong Kong SAR, China",2017,7.6,46160.429791493,,,,7393200.0,95.685807483998,False,,False,0.0,False,0.0,False,,False,0.0,False,True,False,False,True
HKG,"Hong Kong SAR, China",2018,7.2,48537.5668888343,,,,7452600.0,95.564174052191,False,,False,0.0,False,0.0,False,,False,0.0,False,True,False,False,True
HKG,"Hong Kong SAR, China",2019,7.0,48359.0011950597,,,,7507900.0,95.442540620384,False,,False,0.0,False,0.0,False,,False,0.0,False,True,False,False,True
HKG,"Hong Kong SAR, China",2020,5.8,46109.2299946609,,,,7481000.0,95.320907188577,False,,False,0.0,False,0.0,False,,False,0.0,False,True,False,False,True
HKG,"Hong Kong SAR, China",2021,5.0,49770.5642374739,,,,7413100.0,95.19927375677,False,,False,0.0,False,0.0,False,,False,0.0,False,True,False,False,True
HKG,"Hong Kong SAR, China",2022,4.4,48825.0272275805,,,,7346100.0,95.077640324963,False,,False,0.0,False,0.0,False,,False,0.0,False,True,False,False,True
HKG,"Hong Kong SAR, China",2023,4.4,50525.1119312663,,,,7536100.0,94.956006893156,False,,False,0.0,False,0.0,False,,True,0.0,False,True,False,False,True
HND,Honduras,2000,34.175,1092.56400746252,,37.3,,6577773.0,64.5085971386328,False,,False,0.0,False,0.0,False,,False,0.0,False,False,False,False,False
HND,Honduras,2001,33.357,1132.1648753329,80.0100021362305,35.6,35.5,6757993.0,65.5099238868381,False,0.0,False,0.0,False,0.0,False,0.0,False,0.0,False,False,False,False,False
HND,Honduras,2002,32.375,1132.49965345317,80.0100021362305,34.0,35.5,6938859.0,66.5348518759434,True,1.0,False,0.0,False,0.0,True,1.0,False,0.0,False,False,False,False,False
HND,Honduras,2003,31.355,1156.08162681357,80.0100021362305,32.5,35.5,7119213.0,67.5560751753573,True,2.0,False,0.0,False,0.0,True,2.0,False,-0.08793264733395696,False,False,False,False,False
HND,Honduras,2004,30.487,1215.13995412761,80.0100021362305,31.1,31.5,7298994.0,68.5719444585829,False,0.0,False,0.0,False,0.0,True,3.0,False,-0.10760401721664276,False,False,False,False,False
HND,Honduras,2005,29.613,1304.70039153826,80.0100021362305,29.8,31.5,7478355.0,69.5815268362271,True,1.0,False,0.0,False,0.0,True,4.0,False,-0.12609970674486806,False,False,False,False,False
HND,Honduras,2006,28.743,1425.84780051892,80.0100021362305,28.6,29.8,7656832.0,70.5856087424602,False,0.0,False,0.0,False,0.0,True,5.0,False,-0.12269938650306748,False,False,False,False,False
HND,Honduras,2007,28.114,1577.73789197407,83.5899963378906,27.4,29.8,7834798.0,71.583847847539,True,1.0,False,0.0,False,0.0,False,0.0,False,-0.12179487179487182,False,False,False,False,False
HND,Honduras,2008,27.525,1732.49062702803,83.5899963378906,26.4,29.8,8012587.0,72.5764555085287,True,2.0,False,0.0,False,0.0,True,1.0,False,-0.11646586345381539,False,False,False,False,False
HND,Honduras,2009,26.96,1781.15703614674,83.5899963378906,25.4,29.8,8189899.0,73.5629624673739,True,3.0,False,0.0,False,0.0,True,2.0,False,-0.11374738311235165,False,False,False,False,False
HND,Honduras,2010,26.316,1893.32722662035,84.7600021362305,24.4,29.8,8365878.0,74.5439099298489,True,4.0,False,0.0,False,0.0,False,0.0,False,-0.11337209302325585,False,False,False,False,False
HND,Honduras,2011,25.776,2073.66121088074,85.120002746582,23.5,29.8,8540583.0,75.5188630035409,True,5.0,False,0.0,False,0.0,False,0.0,False,-0.11119515885022685,False,False,False,False,False
HND,Honduras,2012,25.306,2126.03474686503,85.3600006103516,22.7,22.6,8715076.0,76.4883396029045,False,0.0,False,0.0,False,0.0,False,0.0,False,-0.10700236034618407,False,False,False,False,False
HND,Honduras,2013,24.803,2081.12843527945,85.4599990844727,21.9,22.6,8889278.0,77.4517887754502,True,1.0,False,0.0,False,0.0,False,0.0,False,-0.10539215686274517,False,False,False,False,False
HND,Honduras,2014,24.388,2179.88171977271,87.1999969482422,21.1,22.6,9063122.0,78.409710520334,True,2.0,False,0.0,False,0.0,False,0.0,False,-0.10517387616624245,False,False,False,False,False
HND,Honduras,2015,24.084,2271.20265980349,87.9100036621094,20.3,22.6,9237305.0,79.3614899844159,True,3.0,False,0.0,False,0.0,False,0.0,False,-0.10651408450704218,False,False,False,False,False
HND,Honduras,2016,23.804,2307.34468351082,88.9899978637695,19.6,22.6,9412380.0,80.3074947960451,True,4.0,False,0.0,False,0.0,False,0.0,False,-0.1050228310502282,False,False,False,False,False
HND,Honduras,2017,23.504,2413.0076562942,88.9899978637695,18.9,22.6,9588137.0,81.2476858869062,True,5.0,False,0.0,False,0.0,True,1.0,False,-0.10511363636363633,False,False,False,False,False
HND,Honduras,2018,23.392,2464.64241531918,87.2099990844727,18.2,22.6,9765210.0,82.1820517802878,True,6.0,False,0.0,False,0.0,False,0.0,False,-0.10609037328094319,False,False,False,False,False
HND,Honduras,2019,23.111,2502.32744328073,88.5100021362305,17.7,18.7,9943633.0,83.1107110257034,False,0.0,False,0.0,False,0.0,False,0.0,False,-0.0978593272171253,False,False,False,False,False
HND,Honduras,2020,22.803,2307.61494319511,88.5100021362305,17.1,18.7,10119640.0,84.0337747326909,True,1.0,False,0.0,False,0.0,True,1.0,False,-0.09714889123548046,False,False,False,False,False
HND,Honduras,2021,22.529,2735.14751503977,88.5100021362305,16.5,18.7,10289877.0,84.9512648992071,True,2.0,False,0.0,False,0.0,True,2.0,False,-0.09836065573770496,False,False,False,False,False
HND,Honduras,2022,22.242,3003.28996826399,88.2192789618317,16.0,18.7,10463872.0,85.8633965875938,True,3.0,False,0.0,False,0.0,False,0.0,False,-0.09502262443438912,False,False,False,False,False
HND,Honduras,2023,21.963,3227.45762509776,87.0899963378906,15.5,18.7,10644851.0,86.7701956081898,True,4.0,False,0.0,False,0.0,False,0.0,True,-0.09356725146198838,False,False,False,False,False
HRV,Croatia,2000,9.8,4953.57515008131,,8.3,,4468302.0,98.451172519388,False,,False,0.0,False,0.0,False,,False,0.0,False,True,False,False,True
HRV,Croatia,2001,9.2,5364.88188501029,98.1500015258789,8.0,,4299642.0,98.4543940798405,False,,False,0.0,False,0.0,False,0.0,False,0.0,False,True,False,False,True
HRV,Croatia,2002,9.0,6219.56093667781,98.1500015258789,7.7,,4302174.0,98.2933337796124,False,,False,0.0,False,0.0,True,1.0,False,0.0,False,True,False,False,True
HRV,Croatia,2003,8.9,8189.99059314699,98.1500015258789,8.2,,4303399.0,98.0735685776892,False,,False,0.0,False,0.0,True,2.0,False,0.02499999999999991,False,True,False,False,True
HRV,Croatia,2004,9.1,9718.92771524605,98.1500015258789,7.1,,4304600.0,97.8545220724704,False,,False,0.0,False,0.0,True,3.0,False,-0.11801242236024857,True,True,False,False,True
HRV,Croatia,2005,9.563,10443.4484003498,98.1500015258789,6.7,,4310145.0,97.6362088912943,False,,False,0.0,False,0.0,True,4.0,False,-0.14758269720101772,False,True,False,False,True
HRV,Croatia,2006,9.33,11501.2327422844,98.1500015258789,6.4,,4311159.0,97.4186224972522,False,,False,0.0,False,0.0,True,5.0,False,-0.1511936339522545,False,True,False,False,True
HRV,Croatia,2007,9.4,13755.8149054063,98.1500015258789,6.2,,4310217.0,97.201764016731,False,,False,0.0,False,0.0,True,6.0,False,-0.14127423822714685,False,True,False,False,True
HRV,Croatia,2008,9.9,15888.1184388903,98.1500015258789,5.9,,4309705.0,96.9856368305825,False,,False,0.0,False,0.0,True,7.0,False,-0.14739884393063576,False,True,False,False,True
HRV,Croatia,2009,10.1,14474.52513863,98.1500015258789,5.7,,4305181.0,96.7702400027243,False,,False,0.0,False,0.0,True,8.0,False,-0.11764705882352926,False,True,False,False,True
HRV,Croatia,2010,9.8,13729.7472872883,98.1500015258789,5.5,,4295427.0,96.555570839204,False,,False,0.0,False,0.0,True,9.0,False,-0.11003236245954688,False,True,False,False,True
HRV,Croatia,2011,9.6,14691.591757962,98.1500015258789,5.3,,4280622.0,96.3415946710198,False,,False,0.0,False,0.0,True,10.0,False,-0.1077441077441077,False,True,False,False,True
HRV,Croatia,2012,9.8,13507.6349882758,98.1500015258789,5.2,,4260368.0,96.1289814804925,False,,False,0.0,False,0.0,True,11.0,False,-0.09090909090909098,False,True,False,False,True
HRV,Croatia,2013,9.4,14135.0903485872,98.1500015258789,5.1,,4233922.0,95.9178030204647,False,,False,0.0,False,0.0,True,12.0,False,-0.07608695652173912,False,True,False,False,True
HRV,Croatia,2014,9.4,14186.7712230471,98.1500015258789,5.0,,4201598.0,95.7081981742449,False,,False,0.0,False,0.0,True,13.0,False,-0.06716417910447767,False,True,False,False,True
HRV,Croatia,2015,9.0,12283.8750299177,98.1500015258789,4.9,,4151725.0,95.7190097005678,False,,False,0.0,False,0.0,True,14.0,False,-0.06130268199233721,False,True,False,False,True
HRV,Croatia,2016,9.1,12820.1872746645,98.1500015258789,4.9,,4106867.0,95.7305312019132,False,,False,0.0,False,0.0,True,15.0,False,-0.039215686274509665,False,True,False,False,True
HRV,Croatia,2017,9.0,13901.6498657787,98.1500015258789,4.8,,4041407.0,95.7427708106791,False,,False,0.0,False,0.0,True,16.0,False,-0.043824701195219244,False,True,False,False,True
HRV,Croatia,2018,9.3,15460.4560798984,98.1500015258789,4.8,,3988775.0,95.7545423447665,False,,False,0.0,False,0.0,True,17.0,False,-0.02834008097166003,False,True,False,False,True
HRV,Croatia,2019,9.1,15563.7354996625,98.1500015258789,4.7,,3949390.0,95.7669528953151,False,,False,0.0,False,0.0,True,18.0,False,-0.03688524590163929,False,True,False,False,True
HRV,Croatia,2020,9.2,14807.5559227544,98.1500015258789,4.7,,3914206.0,95.7800263365526,False,,False,0.0,False,0.0,True,19.0,False,-0.024896265560165994,False,True,False,False,True
HRV,Croatia,2021,9.4,17788.7601163765,98.1500015258789,4.6,,3878981.0,95.7936994032533,False,,False,0.0,False,0.0,True,20.0,False,-0.0376569037656905,False,True,False,False,True
HRV,Croatia,2022,8.8,18465.531473659,98.1500015258789,4.6,,3855641.0,95.7936994032533,False,,True,1.0,False,0.0,True,21.0,False,-0.025423728813559344,False,True,False,False,True
HRV,Croatia,2023,8.3,22183.4982258492,98.1500015258789,5.1,,3859686.0,95.7936994032533,False,,True,2.0,False,0.0,True,22.0,True,0.08974358974358973,False,True,False,False,True
HTI,Haiti,2000,32.153,820.600046761464,,102.9,28.8,8303151.0,19.4402337637977,False,0.0,False,0.0,False,0.0,False,,False,0.0,False,False,False,False,False
HTI,Haiti,2001,31.278,748.821159844528,,99.4,28.8,8455918.0,20.1252072093036,True,1.0,False,0.0,False,0.0,False,,False,0.0,False,False,False,False,False
HTI,Haiti,2002,30.572,720.969568042522,,96.2,28.8,8607641.0,20.802648871567,True,2.0,False,0.0,False,0.0,False,,False,0.0,False,False,False,False,False
HTI,Haiti,2003,30.164,578.995291079709,58.7400016784668,93.3,28.8,8759912.0,21.4706205681824,True,3.0,False,0.0,False,0.0,False,0.0,False,-0.06231155778894475,False,False,False,False,False
HTI,Haiti,2004,29.642,683.185298155273,58.7400016784668,90.7,28.8,8910263.0,21.9995783229731,True,4.0,False,0.0,False,0.0,True,1.0,False,-0.07401735579377233,False,False,False,False,False
HTI,Haiti,2005,29.158,775.845704056916,58.7400016784668,88.4,28.8,9061273.0,22.5049412936123,True,5.0,False,0.0,False,0.0,True,2.0,False,-0.08393782383419683,False,False,False,False,False
HTI,Haiti,2006,28.881,828.805700289589,58.7400016784668,86.2,29.6,9216562.0,23.0018363162708,False,0.0,False,0.0,False,0.0,True,3.0,False,-0.07905982905982911,False,False,False,False,False
HTI,Haiti,2007,28.55,984.566983448521,58.7400016784668,84.1,29.6,9373296.0,23.4895119944276,True,1.0,False,0.0,False,0.0,True,4.0,False,-0.07541776605101158,False,False,False,False,False
HTI,Haiti,2008,28.283,1094.66058421644,58.7400016784668,82.2,29.6,9530774.0,23.9682677015387,True,2.0,False,0.0,False,0.0,True,5.0,False,-0.071606053761012,False,False,False,False,False
HTI,Haiti,2009,28.061,1196.8528706018,58.7400016784668,80.2,29.6,9689581.0,24.4367113848506,True,3.0,False,0.0,False,0.0,True,6.0,False,-0.0708989805375348,False,False,False,False,False
HTI,Haiti,2010,27.72,1209.72733503094,58.7400016784668,137.7,29.6,9803294.0,24.8953249600046,True,4.0,False,0.0,False,0.0,True,7.0,False,0.6350035620992637,True,False,False,False,False
HTI,Haiti,2011,27.356,1312.03953552013,58.7400016784668,76.5,29.6,9914904.0,25.3435874681096,True,5.0,False,0.0,False,0.0,True,8.0,False,-0.18686224489795916,True,False,False,False,False
HTI,Haiti,2012,26.685,1361.39396587374,73.953334886651,74.6,22.0,10069771.0,25.7813149858061,False,0.0,False,0.0,False,0.0,False,0.0,False,-0.19036249186021278,False,False,False,False,False
HTI,Haiti,2013,26.065,1457.83221179626,73.953334886651,72.8,21.9,10222362.0,26.2077250672239,False,0.0,False,0.0,False,0.0,True,1.0,False,-0.19326241134751784,False,False,False,False,False
HTI,Haiti,2014,25.751,1460.18898613914,73.953334886651,70.9,21.9,10373235.0,26.6231188972666,True,1.0,False,0.0,False,0.0,True,2.0,False,-0.19760072430964218,False,False,False,False,False
HTI,Haiti,2015,25.444,1411.12684746796,73.953334886651,69.1,21.9,10523242.0,27.0270378862153,True,2.0,False,0.0,False,0.0,True,3.0,False,-0.20115606936416192,False,False,False,False,False
HTI,Haiti,2016,25.102,1318.40268167953,73.953334886651,67.2,21.9,10671457.0,27.4175706296699,True,3.0,False,0.0,False,0.0,True,4.0,False,-0.07666941467436106,False,False,False,False,False
HTI,Haiti,2017,24.645,1395.23945184461,68.0100021362305,65.3,21.9,10817754.0,27.7940822522494,False,0.0,False,0.0,False,0.0,False,0.0,False,-0.07924421883812753,False,False,False,False,False
HTI,Haiti,2018,24.222,1496.38048970156,68.0100021362305,63.4,21.9,10962362.0,28.1567904087872,True,1.0,False,0.0,False,0.0,True,1.0,False,-0.08195771792644063,False,False,False,False,False
HTI,Haiti,2019,23.774,1352.17204191532,68.0100021362305,61.5,21.9,11105163.0,28.5057820115222,True,2.0,False,0.0,False,0.0,True,2.0,False,-0.08454897290860384,False,False,False,False,False
HTI,Haiti,2020,23.338,1290.32538667383,68.0100021362305,59.8,21.9,11243848.0,28.6576196940519,True,3.0,False,0.0,False,0.0,True,3.0,False,-0.08422664624808576,False,False,False,False,False
HTI,Haiti,2021,22.919,1824.6798742577,68.0100021362305,58.1,21.9,11374586.0,28.793303113228,True,4.0,False,0.0,False,0.0,True,4.0,False,-0.08417402269861281,False,False,False,False,False
HTI,Haiti,2022,22.547,1748.40890116803,68.0100021362305,56.2,21.9,11503606.0,28.9133013445226,True,5.0,False,0.0,False,0.0,True,5.0,False,-0.08795845504706266,False,False,False,False,False
HTI,Haiti,2023,22.2,1681.84407667059,68.0100021362305,54.4,22.0,11637398.0,29.0180834702733,False,0.0,False,0.0,False,0.0,True,6.0,True,-0.09030100334448159,False,False,False,False,False
HUN,Hungary,2000,9.6,4629.91760812548,,10.1,,10210971.0,98.0437275919474,False,,False,0.0,False,0.0,False,,False,0.0,False,True,False,False,True
HUN,Hungary,2001,9.5,5280.94887987063,,9.5,,10187576.0,98.0429567293229,False,,False,0.0,False,0.0,False,,False,0.0,False,True,False,False,True
HUN,Hungary,2002,9.5,6658.04494326809,,9.0,,10158608.0,98.0396092982152,False,,False,0.0,False,0.0,False,,False,0.0,False,True,False,False,True
HUN,Hungary,2003,9.3,8410.09248198479,,8.4,,10129552.0,98.0362810525522,False,,False,0.0,False,0.0,False,,False,-0.11888111888111884,False,True,False,False,True
HUN,Hungary,2004,9.4,10291.2694721409,,8.0,,10107146.0,98.0329662219326,False,,False,0.0,False,0.0,False,,False,-0.13513513513513514,False,True,False,False,True
HUN,Hungary,2005,9.7,11212.2046968994,,7.5,,10087065.0,98.029143037033,False,,False,0.0,False,0.0,False,,False,-0.16666666666666666,False,True,False,False,True
HUN,Hungary,2006,9.9,11478.4891640501,,7.2,,10071370.0,98.0248277713699,False,,False,0.0,False,0.0,False,,False,-0.15094339622641512,False,True,False,False,True
HUN,Hungary,2007,9.7,13934.605460375,,6.8,,10055780.0,98.0205413460237,False,,False,0.0,False,0.0,False,,False,-0.15211970074812967,False,True,False,False,True
HUN,Hungary,2008,9.9,15762.6322515113,,6.5,,10038188.0,98.0162854643745,False,,False,0.0,False,0.0,False,,False,-0.1424802110817942,False,True,False,False,True
HUN,Hungary,2009,9.6,13051.1831777184,,6.2,,10022650.0,98.0120750590408,False,,False,0.0,False,0.0,False,,False,-0.1388888888888889,False,True,False,False,True
HUN,Hungary,2010,9.0,13189.8433874768,,6.0,,10000023.0,98.0084003041022,False,,False,0.0,False,0.0,False,,False,-0.12280701754385974,False,True,False,False,True
HUN,Hungary,2011,8.8,14211.460557822,,5.9,,9971727.0,98.0047619310782,False,,False,0.0,False,0.0,False,,False,-0.09785932721712545,False,True,False,False,True
HUN,Hungary,2012,9.1,12950.1594488143,,5.7,,9920362.0,98.0021500731039,False,,False,0.0,False,0.0,False,,False,-0.09235668789808918,False,True,False,False,True
HUN,Hungary,2013,9.1,13739.4620151401,,5.6,,9872734.0,97.9999085136149,False,,False,0.0,False,0.0,False,,False,-0.07590759075907604,False,True,False,False,True
HUN,Hungary,2014,9.5,14352.501883174,,5.3,,9833038.0,97.9976794505183,False,,False,0.0,False,0.0,False,,False,-0.09863945578231294,False,True,False,False,True
HUN,Hungary,2015,9.4,12782.9412577973,,5.1,,9797755.0,97.9954541400148,False,,False,0.0,False,0.0,False,,False,-0.10526315789473693,False,True,False,False,True
HUN,Hungary,2016,9.8,13215.8605277789,,4.7,,9759755.0,97.9931789584607,False,,False,0.0,False,0.0,False,,False,-0.1485507246376812,False,True,False,False,True
HUN,Hungary,2017,9.7,14736.1668157258,,4.5,,9726756.0,97.9908758837113,False,,False,0.0,False,0.0,False,,False,-0.14772727272727262,False,True,False,False,True
HUN,Hungary,2018,9.6,16605.0570511887,,4.3,,9706964.0,97.9885191913956,False,,False,0.0,False,0.0,False,,False,-0.14682539682539686,False,True,False,False,True
HUN,Hungary,2019,9.6,17012.8598553199,,4.1,,9694824.0,97.9861309569959,False,,False,0.0,False,0.0,False,,False,-0.14225941422594154,False,True,False,False,True
HUN,Hungary,2020,9.7,16386.9308821258,,4.0,,9670419.0,97.9837062795673,False,,False,0.0,False,0.0,False,,False,-0.11894273127753305,False,True,False,False,True
HUN,Hungary,2021,9.8,19030.628130329,,4.0,,9630932.0,97.9812382429156,False,,False,0.0,False,0.0,False,,False,-0.07407407407407395,False,True,False,False,True
HUN,Hungary,2022,9.3,18428.028825614,,3.9,,9605074.0,97.9787350415865,False,,False,0.0,False,0.0,False,,False,-0.06698564593301432,False,True,False,False,True
HUN,Hungary,2023,9.1,22208.6509820466,,3.8,,9592186.0,97.976195278385,False,,False,0.0,False,0.0,False,,True,-0.06403940886699523,False,True,False,False,True
IDN,Indonesia,2000,21.688,763.711124950924,,51.4,42.3,216077790.0,41.5831787269392,False,0.0,False,0.0,False,0.0,False,,False,0.0,False,False,False,False,False
IDN,Indonesia,2001,21.386,732.307093405708,,49.0,41.6,219097902.0,43.534313765172,False,0.0,False,0.0,False,0.0,False,,False,0.0,False,False,False,False,False
IDN,Indonesia,2002,21.107,881.002913569131,,46.7,41.6,222088495.0,45.5010531020753,True,1.0,False,0.0,False,0.0,False,,False,0.0,False,False,False,False,False
IDN,Indonesia,2003,20.834,1043.2105838671,,44.6,41.6,225048008.0,47.4821079251045,True,2.0,False,0.0,False,0.0,False,,False,-0.09041468388851115,False,False,False,False,False
IDN,Indonesia,2004,20.796,1126.84004447173,90.379997253418,48.6,28.6,227926649.0,49.4772142680194,False,0.0,False,0.0,False,0.0,False,0.0,False,0.014084507042253612,True,False,False,False,False
IDN,Indonesia,2005,21.018,1238.21447629488,90.379997253418,40.7,28.6,230871650.0,51.4837806650068,True,1.0,False,0.0,False,0.0,True,1.0,False,-0.1531419059508947,True,False,False,False,False
IDN,Indonesia,2006,20.943,1558.31562847163,91.9800033569336,38.9,28.6,233951652.0,53.5018961119134,True,2.0,False,0.0,False,0.0,False,0.0,False,-0.15287456445993036,False,False,False,False,False
IDN,Indonesia,2007,20.968,1823.21976255073,91.9800033569336,37.2,28.6,237062337.0,55.5300293728108,True,3.0,False,0.0,False,0.0,True,1.0,False,-0.15261958997722086,False,False,False,False,False
IDN,Indonesia,2008,20.511,2124.55483920618,92.1900024414062,35.6,40.1,240157903.0,57.5678736084239,False,0.0,False,0.0,False,0.0,False,0.0,False,-0.15238095238095234,False,False,False,False,False
IDN,Indonesia,2009,20.375,2218.48541852977,92.5800018310547,34.1,40.1,243220028.0,59.6133891473514,True,1.0,False,0.0,False,0.0,False,0.0,False,-0.15174129353233834,False,False,False,False,False
IDN,Indonesia,2010,20.362,3065.68348377765,92.3199996948242,32.6,39.2,246305322.0,61.6611213279716,False,0.0,False,0.0,False,0.0,False,0.0,False,-0.1260053619302948,False,False,False,False,False
IDN,Indonesia,2011,20.611,3579.46442466152,92.8099975585938,31.2,39.2,249470032.0,63.6913657210041,True,1.0,False,0.0,False,0.0,False,0.0,False,-0.12556053811659193,False,False,False,False,False
IDN,Indonesia,2012,20.41,3632.27254030331,92.8099975585938,29.9,39.2,252698525.0,65.7302519834107,True,2.0,False,0.0,False,0.0,True,1.0,False,-0.12419449326303462,False,False,False,False,False
IDN,Indonesia,2013,19.643,3566.60284506078,92.8099975585938,28.6,36.4,255852467.0,67.7766235595933,False,0.0,False,0.0,False,0.0,True,2.0,False,-0.12484700122398996,False,False,False,False,False
IDN,Indonesia,2014,19.091,3441.06808464008,95.120002746582,27.3,36.4,258877399.0,69.8304612551161,True,1.0,False,0.0,False,0.0,False,0.0,False,-0.1272378516624041,False,False,False,False,False
IDN,Indonesia,2015,18.569,3288.22269725538,95.2200012207031,26.1,36.4,261799249.0,71.8904398574445,True,2.0,False,0.0,False,0.0,False,0.0,False,-0.12767379679144375,False,False,False,False,False
IDN,Indonesia,2016,18.138,3521.46943457574,95.379997253418,25.0,36.4,264627418.0,73.9559310852412,True,3.0,False,0.0,False,0.0,False,0.0,False,-0.12648497554157945,False,False,False,False,False
IDN,Indonesia,2017,17.54,3798.88326174526,95.379997253418,23.8,36.4,267346658.0,76.0256805835892,True,4.0,False,0.0,False,0.0,True,1.0,False,-0.1307523739956173,False,False,False,False,False
IDN,Indonesia,2018,17.146,3860.95353090726,95.6600036621094,22.8,30.0,269951846.0,78.0995418857349,False,0.0,False,0.0,False,0.0,False,0.0,False,-0.12844036697247715,False,False,False,False,False
IDN,Indonesia,2019,16.909,4106.94856160358,95.6600036621094,21.8,26.6,272489381.0,80.1767467592482,False,0.0,False,0.0,False,0.0,True,1.0,False,-0.12799999999999997,False,False,False,False,False
IDN,Indonesia,2020,16.674,3853.70288774146,96.0,20.8,26.6,274814866.0,82.2571090356155,True,1.0,False,0.0,False,0.0,False,0.0,False,-0.12970711297071122,False,False,False,False,False
IDN,Indonesia,2021,16.417,4287.17313995098,96.0,19.9,24.4,276758053.0,84.339850898343,False,0.0,False,0.0,False,0.0,True,1.0,False,-0.12872154115586695,False,False,False,False,False
IDN,Indonesia,2022,16.204,4730.83484836107,96.0,19.1,21.6,278830529.0,85.6486611717997,False,0.0,False,0.0,False,0.0,True,2.0,False,-0.12465627864344632,False,False,False,False,False
IDN,Indonesia,2023,15.941,4876.2992959843,96.0,18.4,22.0,281190067.0,86.9363345400971,False,0.0,False,0.0,False,0.0,True,3.0,True,-0.11877394636015343,False,False,False,False,False
IMN,Isle of Man,2000,12.487,21161.3963073772,,,,75659.0,100.0,False,,False,0.0,False,0.0,False,,False,0.0,False,True,False,False,True
IMN,Isle of Man,2001,12.39,21819.7123825606,,,,76476.0,100.0,False,,False,0.0,False,0.0,False,,False,0.0,False,True,False,False,True
IMN,Isle of Man,2002,12.164,24471.0798814847,,,,77275.0,100.0,False,,False,0.0,False,0.0,False,,False,0.0,False,True,False,False,True
IMN,Isle of Man,2003,11.818,28861.6178062918,,,,78049.0,100.0,False,,False,0.0,False,0.0,False,,False,0.0,False,True,False,False,True
IMN,Isle of Man,2004,11.543,35564.6023910146,,,,78792.0,100.0,False,,False,0.0,False,0.0,False,,False,0.0,False,True,False,False,True
IMN,Isle of Man,2005,11.598,38135.8597885858,,,,79516.0,100.0,False,,False,0.0,False,0.0,False,,False,0.0,False,True,False,False,True
IMN,Isle of Man,2006,11.674,42627.5089352891,,,,80294.0,100.0,False,,False,0.0,False,0.0,False,,False,0.0,False,True,False,False,True
IMN,Isle of Man,2007,11.664,55040.2437046236,,,,81147.0,100.0,False,,False,0.0,False,0.0,False,,False,0.0,False,True,False,False,True
IMN,Isle of Man,2008,11.626,72276.7741329461,,,,82029.0,100.0,False,,False,0.0,False,0.0,False,,False,0.0,False,True,False,False,True
IMN,Isle of Man,2009,11.486,66156.105656847,,,,82939.0,100.0,False,,False,0.0,False,0.0,False,,False,0.0,False,True,False,False,True
IMN,Isle of Man,2010,11.312,70587.3140283741,,,,83873.0,100.0,False,,False,0.0,False,0.0,False,,False,0.0,False,True,False,False,True
IMN,Isle of Man,2011,11.095,77808.8579649376,,,,84382.0,100.0,False,,False,0.0,False,0.0,False,,False,0.0,False,True,False,False,True
IMN,Isle of Man,2012,10.763,79329.2034347434,,,,84335.0,100.0,False,,False,0.0,False,0.0,False,,False,0.0,False,True,False,False,True
IMN,Isle of Man,2013,10.418,83207.6588430451,,,,84141.0,100.0,False,,False,0.0,False,0.0,False,,False,0.0,False,True,False,False,True
IMN,Isle of Man,2014,10.113,91885.4528718026,,,,83892.0,100.0,False,,False,0.0,False,0.0,False,,False,0.0,False,True,False,False,True
IMN,Isle of Man,2015,9.769,84753.5187422732,,,,83593.0,100.0,False,,False,0.0,False,0.0,False,,False,0.0,False,True,False,False,True
IMN,Isle of Man,2016,9.436,82025.9454509241,,,,83466.0,100.0,False,,False,0.0,False,0.0,False,,False,0.0,False,True,False,False,True
IMN,Isle of Man,2017,9.193,83481.3038489014,,,,83609.0,100.0,False,,False,0.0,False,0.0,False,,False,0.0,False,True,False,False,True
IMN,Isle of Man,2018,8.995,89393.8244248812,,,,83805.0,100.0,False,,False,0.0,False,0.0,False,,False,0.0,False,True,False,False,True
IMN,Isle of Man,2019,8.826,87127.5517977404,,,,83957.0,100.0,False,,False,0.0,False,0.0,False,,False,0.0,False,True,False,False,True
IMN,Isle of Man,2020,8.683,79513.5330346598,,,,84064.0,100.0,False,,False,0.0,False,0.0,False,,False,0.0,False,True,False,False,True
IMN,Isle of Man,2021,8.54,94299.969348965,,,,84106.0,100.0,False,,False,0.0,False,0.0,False,,False,0.0,False,True,False,False,True
IMN,Isle of Man,2022,8.437,88328.548125887,,,,84132.0,100.0,False,,False,0.0,False,0.0,False,,False,0.0,False,True,False,False,True
IMN,Isle of Man,2023,8.34,90015.2074234398,,,,84165.0,100.0,False,,False,0.0,False,0.0,False,,True,0.0,False,True,False,False,True
IND,India,2000,27.518,442.750218937263,,91.8,,1057922733.0,14.6638821125248,False,,False,0.0,False,0.0,False,,False,0.0,False,False,False,False,False
IND,India,2001,27.206,450.357900514128,61.0099983215332,88.1,,1077898575.0,17.2206798996747,False,,False,0.0,False,0.0,False,0.0,False,0.0,False,False,False,False,False
IND,India,2002,26.538,469.149928973927,61.0099983215332,84.6,,1097600380.0,19.9645829063411,False,,False,0.0,False,0.0,True,1.0,False,0.0,False,False,False,False,False
IND,India,2003,25.783,544.143133545002,61.0099983215332,81.1,,1116803006.0,22.7256519741888,False,,False,0.0,False,0.0,True,2.0,False,-0.08015122873345946,False,False,False,False,False
IND,India,2004,25.121,624.258826510066,61.0099983215332,77.7,,1135991513.0,25.504088846955,False,,False,0.0,False,0.0,True,3.0,False,-0.10069444444444432,False,False,False,False,False
IND,India,2005,24.304,710.488080408949,61.0099983215332,74.3,,1154676322.0,28.2988919138167,False,,False,0.0,False,0.0,True,4.0,False,-0.12237184030238601,False,False,False,False,False
IND,India,2006,23.564,801.668353659022,62.75,71.0,47.8,1172878890.0,31.1102746501892,False,0.0,False,0.0,False,0.0,False,0.0,False,-0.12518482010842777,False,False,False,False,False
IND,India,2007,22.932,1021.88707706826,62.75,67.8,47.8,1190676021.0,33.9383850862219,True,1.0,False,0.0,False,0.0,True,1.0,False,-0.1278621044507332,False,False,False,False,False
IND,India,2008,22.506,992.519584923828,62.75,64.5,47.8,1207930964.0,36.7829765979312,True,2.0,False,0.0,False,0.0,True,2.0,False,-0.13283140629201393,False,False,False,False,False
IND,India,2009,22.211,1094.94974598436,62.75,61.2,47.8,1225524753.0,39.6431708126058,True,3.0,False,0.0,False,0.0,True,3.0,False,-0.138755980861244,False,False,False,False,False
IND,India,2010,21.633,1347.51939071367,68.325817300837,58.1,47.8,1243481564.0,42.5191116694177,True,4.0,False,0.0,False,0.0,False,0.0,False,-0.14256198347107443,False,False,False,False,False
IND,India,2011,21.156,1445.46127486037,69.3000030517578,55.0,47.8,1261224954.0,45.4108795020998,True,5.0,False,0.0,False,0.0,False,0.0,False,-0.14755114693118426,False,False,False,False,False
IND,India,2012,20.672,1429.32199520032,69.8279300354369,52.0,47.8,1278674502.0,48.3205923569019,True,6.0,False,0.0,False,0.0,False,0.0,False,-0.15198956294846716,False,False,False,False,False
IND,India,2013,20.061,1432.84397512195,69.8279300354369,49.1,47.8,1295829511.0,51.2472926178236,True,7.0,False,0.0,False,0.0,True,1.0,False,-0.15577716643741407,False,False,False,False,False
IND,India,2014,19.089,1553.88396075118,69.8279300354369,46.4,38.7,1312277191.0,54.1905506719672,False,0.0,False,0.0,False,0.0,True,2.0,False,-0.15758896151053015,False,False,False,False,False
IND,India,2015,18.936,1583.99815907985,69.8279300354369,43.7,37.9,1328024498.0,57.1496392627885,False,0.0,False,0.0,False,0.0,True,3.0,False,-0.16155026861089794,False,False,False,False,False
IND,India,2016,18.756,1707.50892912243,69.8279300354369,41.3,37.9,1343944296.0,60.1238284933312,True,1.0,False,0.0,False,0.0,True,4.0,False,-0.161251015434606,False,False,False,False,False
IND,India,2017,17.995,1950.10468280866,69.8279300354369,39.0,36.1,1359657400.0,63.1125583715917,False,0.0,False,0.0,False,0.0,True,5.0,False,-0.16129032258064516,False,False,False,False,False
IND,India,2018,17.91,1966.25455171679,73.6883524760717,36.9,36.1,1374659064.0,66.1148742165368,True,1.0,False,0.0,False,0.0,False,0.0,False,-0.15945330296127563,False,False,False,False,False
IND,India,2019,17.368,2041.42863698585,74.8938629973395,34.9,36.1,1389030312.0,69.1300220717047,True,2.0,False,0.0,False,0.0,False,0.0,False,-0.1582247949831163,False,False,False,False,False
IND,India,2020,16.744,1907.04251637669,75.5270629470344,33.0,35.5,1402617695.0,72.0482326780192,False,0.0,False,0.0,False,0.0,False,0.0,False,-0.1573033707865168,False,False,False,False,False
IND,India,2021,16.491,2239.61384367482,76.0596617430205,31.2,35.5,1414203896.0,74.9328568041953,True,1.0,False,0.0,False,0.0,False,0.0,False,-0.15721231766612634,False,False,False,False,False
IND,India,2022,16.336,2279.98145719369,76.3199996948242,29.5,35.5,1425423212.0,77.8161883735175,True,2.0,False,0.0,False,0.0,False,0.0,False,-0.15714285714285714,False,False,False,False,False
IND,India,2023,16.146,2434.44826340989,81.6999969482422,28.0,35.5,1438069596.0,80.6978943350927,True,3.0,False,0.0,False,0.0,False,0.0,True,-0.15407854984894265,False,False,False,False,False
IRL,Ireland,2000,14.4,26334.5672050501,,7.2,,3805174.0,90.0039815195189,False,,False,0.0,False,0.0,False,,False,0.0,False,True,False,False,True
IRL,Ireland,2001,15.0,28282.409882073,,6.9,,3866243.0,89.9934206605421,False,,False,0.0,False,0.0,False,,False,0.0,False,True,False,False,True
IRL,Ireland,2002,15.4,32705.4345565698,,6.5,,3931947.0,89.9824305641103,False,,False,0.0,False,0.0,False,,False,0.0,False,True,False,False,True
IRL,Ireland,2003,15.4,41203.5295847568,,6.1,,3996521.0,89.9700431850216,False,,False,0.0,False,0.0,False,,False,-0.11165048543689332,False,True,False,False,True
IRL,Ireland,2004,15.2,47754.2023194244,,5.6,,4070262.0,89.9574538006016,False,,False,0.0,False,0.0,False,,False,-0.1610486891385768,False,True,False,False,True
IRL,Ireland,2005,14.8,50933.0216095589,,5.2,,4159914.0,89.944799688173,False,,False,0.0,False,0.0,False,,False,-0.19504643962848284,False,True,False,False,True
IRL,Ireland,2006,15.3,54329.1618599624,,4.8,,4273591.0,89.9326745170445,False,,False,0.0,False,0.0,False,,False,-0.20792079207920802,False,True,False,False,True
IRL,Ireland,2007,16.2,61396.417461176,,4.6,,4398942.0,89.923319628906,False,,False,0.0,False,0.0,False,,False,-0.1843971631205674,False,True,False,False,True
IRL,Ireland,2008,16.7,61353.1065629523,,4.4,,4489544.0,89.9138931088148,False,,False,0.0,False,0.0,False,,False,-0.1634980988593155,False,True,False,False,True
IRL,Ireland,2009,16.7,52133.0906162544,,4.3,,4535375.0,89.9043585226446,False,,False,0.0,False,0.0,False,,False,-0.12601626016260165,False,True,False,False,True
IRL,Ireland,2010,16.5,48623.9666422487,,4.2,,4560155.0,89.8947557932751,False,,False,0.0,False,0.0,False,,False,-0.09871244635193115,False,True,False,False,True
IRL,Ireland,2011,16.2,52613.8540355689,,4.1,2.2,4580084.0,89.8850354586049,False,0.0,False,0.0,False,0.0,False,,False,-0.08071748878923773,False,True,False,False,True
IRL,Ireland,2012,15.6,49335.8408099555,,4.0,2.2,4599533.0,89.8752066389218,True,1.0,False,0.0,False,0.0,False,,False,-0.07407407407407395,False,True,False,False,True
IRL,Ireland,2013,14.9,52537.6108648692,,3.9,2.2,4623816.0,89.8653106033212,True,2.0,False,0.0,False,0.0,False,,False,-0.0714285714285715,False,True,False,False,True
IRL,Ireland,2014,14.4,57214.5379785709,,3.8,2.2,4657740.0,89.8553013523079,True,3.0,False,0.0,False,0.0,False,,False,-0.07317073170731704,False,True,False,False,True
IRL,Ireland,2015,13.9,64250.1385181257,,3.7,2.2,4701957.0,89.8452309062707,True,4.0,False,0.0,False,0.0,False,,False,-0.07499999999999996,False,True,False,False,True
IRL,Ireland,2016,13.4,64129.5571542383,,3.6,2.2,4762722.0,89.8349918949082,True,5.0,False,0.0,False,0.0,False,,False,-0.07692307692307689,False,True,False,False,True
IRL,Ireland,2017,12.8,72161.4047531385,,3.5,2.2,4827445.0,89.8240697617023,True,6.0,False,0.0,False,0.0,False,,False,-0.07894736842105259,False,True,False,False,True
IRL,Ireland,2018,12.5,80804.1123164826,,3.4,2.2,4898022.0,89.812337262782,True,7.0,False,0.0,False,0.0,False,,False,-0.08108108108108115,False,True,False,False,True
IRL,Ireland,2019,11.9,81827.6688873996,,3.4,2.2,4976456.0,89.7998496161213,True,8.0,False,0.0,False,0.0,False,,False,-0.0555555555555556,False,True,False,False,True
IRL,Ireland,2020,11.1,86514.0706108754,,3.5,2.2,5039747.0,89.7865313699403,True,9.0,False,0.0,False,0.0,False,,False,-0.005681818181818312,False,True,False,False,True
IRL,Ireland,2021,11.8,103783.446284479,,3.6,2.2,5110585.0,89.7724871048145,True,10.0,False,0.0,False,0.0,False,,False,0.03448275862068982,False,True,False,False,True
IRL,Ireland,2022,10.4,105190.685952731,,3.7,2.2,5212836.0,89.757648052779,True,11.0,False,0.0,False,0.0,False,,False,0.06321839080459789,False,True,False,False,True
IRL,Ireland,2023,10.3,106818.917130804,,3.8,2.2,5311538.0,89.742009351926,True,12.0,False,0.0,False,0.0,False,,True,0.07954545454545463,False,True,False,False,True
IRN,"Iran, Islamic Rep.",2000,15.966,1650.01385833785,,36.4,,66418659.0,78.218293196505,False,,False,0.0,False,0.0,False,,False,0.0,False,False,False,False,False
IRN,"Iran, Islamic Rep.",2001,15.935,1881.02266635283,,34.3,,67452005.0,78.9731471753929,False,,False,0.0,False,0.0,False,,False,0.0,False,False,False,False,False
IRN,"Iran, Islamic Rep.",2002,15.947,1891.25756091033,77.0,32.3,,68011317.0,79.7155487867345,False,,False,0.0,False,0.0,False,0.0,False,0.0,False,False,False,False,False
IRN,"Iran, Islamic Rep.",2003,15.878,2208.99636552406,77.0,30.3,,68769340.0,80.4456337712598,False,,False,0.0,False,0.0,True,1.0,False,-0.11747572815533984,False,False,False,False,False
IRN,"Iran, Islamic Rep.",2004,16.176,2672.4226651404,77.0,28.3,7.1,70256316.0,81.1633098268727,False,0.0,False,0.0,False,0.0,True,2.0,False,-0.15078769692423094,False,False,False,False,False
IRN,"Iran, Islamic Rep.",2005,16.385,3132.0508192007,82.4400024414062,26.5,7.1,71828455.0,81.8685049537412,True,1.0,False,0.0,False,0.0,False,0.0,False,-0.18007425742574257,False,False,False,False,False
IRN,"Iran, Islamic Rep.",2006,16.725,3618.91601364428,82.3300018310547,24.7,7.1,73392747.0,82.5614052358839,True,2.0,False,0.0,False,0.0,False,0.0,False,-0.1858932102834541,False,False,False,False,False
IRN,"Iran, Islamic Rep.",2007,16.971,4687.99166260718,82.3300018310547,23.1,7.1,74602648.0,83.2321134946783,True,3.0,False,0.0,False,0.0,True,1.0,False,-0.1871921182266009,False,False,False,False,False
IRN,"Iran, Islamic Rep.",2008,17.095,5377.4115072957,82.9599990844727,21.7,7.1,75514204.0,83.8869750183033,True,4.0,False,0.0,False,0.0,False,0.0,False,-0.18359668924003017,False,False,False,False,False
IRN,"Iran, Islamic Rep.",2009,17.157,5415.52280553446,83.222239914938,20.4,7.1,76457825.0,84.5313775424274,True,5.0,False,0.0,False,0.0,False,0.0,False,-0.17940466613032988,False,False,False,False,False
IRN,"Iran, Islamic Rep.",2010,17.276,6291.19443655454,83.6646682357838,19.3,6.8,77420842.0,85.16566965163,False,0.0,False,0.0,False,0.0,False,0.0,False,-0.17096219931271478,False,False,False,False,False
IRN,"Iran, Islamic Rep.",2011,17.673,8025.68743364356,83.5199966430664,18.3,6.8,78383598.0,85.7898043501208,True,1.0,False,0.0,False,0.0,False,0.0,False,-0.16208791208791204,False,False,False,False,False
IRN,"Iran, Islamic Rep.",2012,18.138,8114.08099831877,83.629997253418,17.5,6.8,79370580.0,86.4018915038268,True,2.0,False,0.0,False,0.0,False,0.0,False,-0.14883268482490267,False,False,False,False,False
IRN,"Iran, Islamic Rep.",2013,18.531,6222.74194840326,84.629997253418,16.8,6.8,80414686.0,87.0030127281938,True,3.0,False,0.0,False,0.0,False,0.0,False,-0.1358024691358025,False,False,False,False,False
IRN,"Iran, Islamic Rep.",2014,18.828,5672.06372896319,84.7099990844727,16.1,6.8,81502045.0,87.5950808163193,True,4.0,False,0.0,False,0.0,False,0.0,False,-0.12784398699891655,False,False,False,False,False
IRN,"Iran, Islamic Rep.",2015,18.879,4952.73355532178,85.283432659187,15.5,6.8,82619362.0,88.1779155269033,True,5.0,False,0.0,False,0.0,False,0.0,False,-0.11931818181818189,False,False,False,False,False
IRN,"Iran, Islamic Rep.",2016,18.787,5710.59947089104,85.5400009155273,14.9,6.8,83812228.0,88.7518172769829,True,6.0,False,0.0,False,0.0,False,0.0,False,-0.11520190023752966,False,False,False,False,False
IRN,"Iran, Islamic Rep.",2017,18.045,6000.93346404409,85.9467906933665,14.4,4.8,85026754.0,89.3166613162414,False,0.0,False,0.0,False,0.0,False,0.0,False,-0.1089108910891089,False,False,False,False,False
IRN,"Iran, Islamic Rep.",2018,16.664,4783.01067340237,86.8688350894209,13.9,4.8,86117998.0,89.6988576017474,True,1.0,False,0.0,False,0.0,False,0.0,False,-0.10553410553410557,False,False,False,False,False
IRN,"Iran, Islamic Rep.",2019,14.918,3997.4935449585,87.3788306734933,13.4,4.8,87051648.0,90.0210887632991,True,2.0,False,0.0,False,0.0,False,0.0,False,-0.1042780748663103,False,False,False,False,False
IRN,"Iran, Islamic Rep.",2020,14.008,3202.50003502169,87.9028264049083,13.0,4.8,87723443.0,90.2667726388145,True,3.0,False,0.0,False,0.0,False,0.0,False,-0.09847434119278768,False,False,False,False,False
IRN,"Iran, Islamic Rep.",2021,13.687,4605.14881318992,88.4555944977134,12.6,4.8,88455488.0,90.3162236149744,True,4.0,False,0.0,False,0.0,False,0.0,False,-0.09482758620689646,False,False,False,False,False
IRN,"Iran, Islamic Rep.",2022,13.314,4721.20437099984,88.5942297159365,12.1,4.8,89524246.0,90.3647309306855,True,5.0,False,0.0,False,0.0,False,0.0,False,-0.10104011887072804,False,False,False,False,False
IRN,"Iran, Islamic Rep.",2023,12.951,5049.29931642754,88.9168161136597,11.7,4.8,90608707.0,90.4119852074826,True,6.0,False,0.0,False,0.0,False,0.0,True,-0.10000000000000006,False,False,False,False,False
IRQ,Iraq,2000,36.107,1980.18916038782,74.0500030517578,44.3,28.1,24424056.0,70.5047677877262,False,0.0,False,0.0,False,0.0,False,0.0,False,0.0,False,False,False,False,False
IRQ,Iraq,2001,35.547,1435.695683789,74.0500030517578,43.4,28.1,25197840.0,71.075866107073,True,1.0,False,0.0,False,0.0,True,1.0,False,0.0,False,False,False,False,False
IRQ,Iraq,2002,34.791,1266.15961275094,74.0500030517578,42.5,28.1,26006559.0,71.6455694675998,True,2.0,False,0.0,False,0.0,True,2.0,False,0.0,False,False,False,False,False
IRQ,Iraq,2003,34.524,817.887862499622,74.0500030517578,41.6,33.7,26802659.0,72.2138771289347,False,0.0,False,0.0,False,0.0,True,3.0,False,-0.04147465437788012,False,False,False,False,False
IRQ,Iraq,2004,34.344,1328.37157628292,74.0500030517578,40.7,20.0,27577878.0,72.7807850256075,False,0.0,False,0.0,False,0.0,True,4.0,False,-0.052386495925494755,False,False,False,False,False
IRQ,Iraq,2005,33.944,1762.39360423421,74.0500030517578,39.7,20.0,28407448.0,74.4450745683206,True,1.0,False,0.0,False,0.0,True,5.0,False,-0.0658823529411764,False,False,False,False,False
IRQ,Iraq,2006,34.964,2276.55435744086,74.0500030517578,38.8,27.5,28616515.0,76.1219593481463,False,0.0,False,0.0,False,0.0,True,6.0,False,-0.0668590668590669,False,False,False,False,False
IRQ,Iraq,2007,34.503,3128.99010329066,74.0500030517578,37.7,27.5,28391607.0,77.8117345436879,True,1.0,False,0.0,False,0.0,True,7.0,False,-0.07279881947860306,False,False,False,False,False
IRQ,Iraq,2008,33.649,4542.96609046032,74.0500030517578,36.7,27.5,28971036.0,79.5141852850981,True,2.0,False,0.0,False,0.0,True,8.0,False,-0.07556675062972291,False,False,False,False,False
IRQ,Iraq,2009,33.928,3714.71205987194,74.0500030517578,35.6,27.5,30058206.0,81.2291181152915,True,3.0,False,0.0,False,0.0,True,9.0,False,-0.08057851239669415,False,False,False,False,False
IRQ,Iraq,2010,34.604,4461.75196161555,74.0500030517578,34.5,27.5,31045366.0,82.9658498255287,True,4.0,False,0.0,False,0.0,True,10.0,False,-0.0848806366047746,False,False,False,False,False
IRQ,Iraq,2011,35.493,5775.54229080293,74.0500030517578,33.4,22.1,32161424.0,84.7190691046442,False,0.0,False,0.0,False,0.0,True,11.0,False,-0.08892525913802522,False,False,False,False,False
IRQ,Iraq,2012,34.833,6477.59618450955,77.1999969482422,32.4,22.1,33654842.0,86.4826460447995,True,1.0,False,0.0,False,0.0,False,0.0,False,-0.0893760539629005,False,False,False,False,False
IRQ,Iraq,2013,34.14,6650.35282247395,77.1999969482422,31.3,22.1,35281989.0,88.2564846708838,True,2.0,False,0.0,False,0.0,True,1.0,False,-0.09327925840092688,False,False,False,False,False
IRQ,Iraq,2014,33.329,6249.39226978969,82.1999969482422,30.3,22.1,36550059.0,90.0405629244154,True,3.0,False,0.0,False,0.0,False,0.0,False,-0.0938995215311004,False,False,False,False,False
IRQ,Iraq,2015,31.562,4440.14189252367,82.1999969482422,29.3,22.1,37560535.0,91.8347515135487,True,4.0,False,0.0,False,0.0,True,1.0,False,-0.09512044471896237,False,False,False,False,False
IRQ,Iraq,2016,29.816,4334.42096404188,83.3000030517578,28.4,22.1,38469627.0,93.6396641233782,True,5.0,False,0.0,False,0.0,False,0.0,False,-0.09380982769623498,False,False,False,False,False
IRQ,Iraq,2017,28.304,4759.2846435467,85.5999984741211,27.5,22.1,39337353.0,95.4549205220896,True,6.0,False,0.0,False,0.0,False,0.0,False,-0.09360580092287399,False,False,False,False,False
IRQ,Iraq,2018,27.664,5646.68932074742,85.5999984741211,26.5,12.6,40265624.0,96.9997458760796,False,0.0,False,0.0,False,0.0,True,1.0,False,-0.09741144414168924,False,False,False,False,False
IRQ,Iraq,2019,27.252,5671.8568632942,85.5999984741211,25.7,12.6,41192171.0,97.864851810422,True,1.0,False,0.0,False,0.0,True,2.0,False,-0.09507042253521125,False,False,False,False,False
IRQ,Iraq,2020,26.84,4295.18945121228,85.5999984741211,24.9,12.6,42116605.0,98.4932660483814,True,2.0,False,0.0,False,0.0,True,3.0,False,-0.09388646288209614,False,False,False,False,False
IRQ,Iraq,2021,26.448,4868.49431080783,84.0648941705243,24.0,12.6,43071211.0,98.4959720542325,True,3.0,False,0.0,False,0.0,False,0.0,False,-0.09774436090225569,False,False,False,False,False
IRQ,Iraq,2022,26.004,6520.73154560584,84.0648941705243,23.3,12.6,44070551.0,98.4987799022337,True,4.0,False,0.0,False,0.0,True,1.0,False,-0.09409020217729387,False,False,False,False,False
IRQ,Iraq,2023,25.728,5965.31835077761,84.0648941705243,22.5,12.6,45074049.0,98.501709975411,True,5.0,False,0.0,False,0.0,True,2.0,True,-0.09565916398713822,False,False,False,False,False
ISL,Iceland,2000,15.3,32503.578963236,,3.9,,281205.0,98.7980041291152,False,,False,0.0,False,0.0,False,,False,0.0,False,True,False,False,True
ISL,Iceland,2001,14.4,29208.1981853568,,3.7,,284968.0,98.7971837425424,False,,False,0.0,False,0.0,False,,False,0.0,False,True,False,False,True
ISL,Iceland,2002,14.1,32749.379004627,,3.5,,287523.0,98.7963729510366,False,,False,0.0,False,0.0,False,,False,0.0,False,True,False,False,True
ISL,Iceland,2003,14.3,39944.2104095591,,3.3,,289521.0,98.7949491900819,False,,False,0.0,False,0.0,False,,False,-0.10810810810810809,False,True,False,False,True
ISL,Iceland,2004,14.5,47809.6073050042,,3.2,,292074.0,98.7933244677551,False,,False,0.0,False,0.0,False,,False,-0.11111111111111108,False,True,False,False,True
ISL,Iceland,2005,14.4,57783.7745608117,,3.1,,296734.0,98.7917259201809,False,,False,0.0,False,0.0,False,,False,-0.1193181818181819,False,True,False,False,True
ISL,Iceland,2006,14.5,58172.1426656622,,2.9,,303782.0,98.7901467233098,False,,False,0.0,False,0.0,False,,False,-0.136904761904762,False,True,False,False,True
ISL,Iceland,2007,14.6,70483.0117228535,,2.8,,311566.0,98.7886019021965,False,,False,0.0,False,0.0,False,,False,-0.1250000000000001,False,True,False,False,True
ISL,Iceland,2008,15.2,57489.3399795216,,2.8,,317414.0,98.7870790817422,False,,False,0.0,False,0.0,False,,False,-0.08496732026143798,False,True,False,False,True
ISL,Iceland,2009,15.8,41483.7843682814,,2.7,,318499.0,98.7855707233906,False,,False,0.0,False,0.0,False,,False,-0.08783783783783777,False,True,False,False,True
ISL,Iceland,2010,15.4,43776.4677400475,,2.7,,318041.0,98.7847535507852,False,,False,0.0,False,0.0,False,,False,-0.055944055944055986,False,True,False,False,True
ISL,Iceland,2011,14.1,48254.953927254,,2.6,,319014.0,98.7845859292734,False,,False,0.0,False,0.0,False,,False,-0.06474820143884882,False,True,False,False,True
ISL,Iceland,2012,14.1,46594.9869146614,,2.6,,320716.0,98.7844113664715,False,,False,0.0,False,0.0,False,,False,-0.04411764705882357,False,True,False,False,True
ISL,Iceland,2013,13.4,50173.3360061057,,2.6,,323764.0,98.7839858955201,False,,False,0.0,False,0.0,False,,False,-0.02985074626865674,False,True,False,False,True
ISL,Iceland,2014,13.4,55140.364935793,,2.6,,327386.0,98.7835434602545,False,,False,0.0,False,0.0,False,,False,-0.015151515151515164,False,True,False,False,True
ISL,Iceland,2015,12.5,53505.6964079339,,2.6,,330815.0,98.7831179489898,False,,False,0.0,False,0.0,False,,False,-0.007633587786259549,False,True,False,False,True
ISL,Iceland,2016,12.0,62854.0906407932,,2.6,,335439.0,98.7826661232675,False,,False,0.0,False,0.0,False,,False,0.0,False,True,False,False,True
ISL,Iceland,2017,11.9,72976.3729990975,,2.7,,343400.0,98.7821726872398,False,,False,0.0,False,0.0,False,,False,0.03846153846153849,False,True,False,False,True
ISL,Iceland,2018,12.0,75633.8651351915,,2.7,,352721.0,98.7816461491977,False,,False,0.0,False,0.0,False,,False,0.030534351145038195,False,True,False,False,True
ISL,Iceland,2019,12.3,69296.3144361601,,2.8,,360563.0,98.7811009775607,False,,False,0.0,False,0.0,False,,False,0.06060606060606049,False,True,False,False,True
ISL,Iceland,2020,12.3,60127.9393575616,,2.8,,366463.0,98.7805419679259,False,,False,0.0,False,0.0,False,,False,0.04477611940298495,False,True,False,False,True
ISL,Iceland,2021,13.1,70425.4064277273,,2.9,,372520.0,98.7799498182969,False,,False,0.0,False,0.0,False,,False,0.06617647058823518,False,True,False,False,True
ISL,Iceland,2022,11.5,76376.9599334915,,2.9,,382003.0,98.7793239094093,False,,False,0.0,False,0.0,False,,False,0.043165467625899324,False,True,False,False,True
ISL,Iceland,2023,11.2,82201.2908518078,,2.9,,385663.0,98.7786759933373,False,,False,0.0,False,0.0,False,,True,0.028368794326241162,False,True,False,False,True
ISR,Israel,2000,21.7,21690.237340061,,6.9,,6289000.0,99.9999980424614,False,,False,0.0,False,0.0,False,,False,0.0,False,True,False,False,True
ISR,Israel,2001,21.2,20948.7745727671,,6.6,,6439000.0,99.9999999141995,False,,False,0.0,False,0.0,False,,False,0.0,False,True,False,False,True
ISR,Israel,2002,21.2,19058.7462869465,,6.4,,6570000.0,99.9999966748332,False,,False,0.0,False,0.0,False,,False,0.0,False,True,False,False,True
ISR,Israel,2003,21.7,19624.0321412582,,6.1,,6689700.0,99.9999972968458,False,,False,0.0,False,0.0,False,,False,-0.08040201005025124,False,True,False,False,True
ISR,Israel,2004,21.3,20550.0694706176,,5.8,,6809000.0,99.9999987008863,False,,False,0.0,False,0.0,False,,False,-0.10769230769230773,False,True,False,False,True
ISR,Israel,2005,20.8,21261.7474251846,,5.6,,6930100.0,99.999996277042,False,,False,0.0,False,0.0,False,,False,-0.11949685534591205,False,True,False,False,True
ISR,Israel,2006,21.0,22499.7541717986,,5.3,,7053700.0,99.9999970677578,False,,False,0.0,False,0.0,False,,False,-0.13114754098360654,False,True,False,False,True
ISR,Israel,2007,21.1,25688.901610248,,5.1,,7180100.0,99.9999967389264,False,,False,0.0,False,0.0,False,,False,-0.12671232876712332,False,True,False,False,True
ISR,Israel,2008,21.5,30231.0191013609,,4.9,,7308800.0,99.9999990692997,False,,False,0.0,False,0.0,False,,False,-0.12186379928315406,False,True,False,False,True
ISR,Israel,2009,21.5,28469.6817348489,,4.7,,7485600.0,99.9999967272176,False,,False,0.0,False,0.0,False,,False,-0.11985018726591755,False,True,False,False,True
ISR,Israel,2010,21.8,31398.9266927022,,4.6,,7623600.0,100.0,False,,False,0.0,False,0.0,False,,False,-0.10156249999999993,False,True,False,False,True
ISR,Israel,2011,21.4,34476.7252065949,,4.4,,7765800.0,99.9956552135569,False,,False,0.0,False,0.0,False,,False,-0.10569105691056901,False,True,False,False,True
ISR,Israel,2012,21.6,33268.7066672115,,4.3,,7910500.0,99.9884608340089,False,,False,0.0,False,0.0,False,,False,-0.09282700421940936,False,True,False,False,True
ISR,Israel,2013,21.3,36980.622214228,,4.1,,8059500.0,99.9813907693021,False,,False,0.0,False,0.0,False,,False,-0.10480349344978175,False,True,False,False,True
ISR,Israel,2014,21.5,38265.3651949373,,4.0,,8215700.0,99.9744595332157,False,,False,0.0,False,0.0,False,,False,-0.09502262443438912,False,True,False,False,True
ISR,Israel,2015,21.3,36138.13561386,,3.9,,8380100.0,99.9676711051809,False,,False,0.0,False,0.0,False,,False,-0.08878504672897185,False,True,False,False,True
ISR,Israel,2016,21.2,37571.2561196275,,3.8,,8546000.0,99.9610220718726,False,,False,0.0,False,0.0,False,,False,-0.08212560386473428,False,True,False,False,True
ISR,Israel,2017,21.1,41013.2575323519,,3.7,,8713300.0,99.9545287961214,False,,False,0.0,False,0.0,False,,False,-0.07960199004975131,False,True,False,False,True
ISR,Israel,2018,20.8,42269.3770257585,,3.7,,8882800.0,99.9481963561794,False,,False,0.0,False,0.0,False,,False,-0.05128205128205122,False,True,False,False,True
ISR,Israel,2019,20.1,44091.8678022544,,3.6,,9054000.0,99.9420208696373,False,,False,0.0,False,0.0,False,,False,-0.05759162303664926,False,True,False,False,True
ISR,Israel,2020,19.2,44590.8237253282,,3.5,,9215100.0,99.9360127624406,False,,False,0.0,False,0.0,False,,False,-0.06417112299465234,False,True,False,False,True
ISR,Israel,2021,19.7,52258.4693499398,,3.5,,9371400.0,99.9301799523059,False,,False,0.0,False,0.0,False,,False,-0.043715846994535554,False,True,False,False,True
ISR,Israel,2022,19.0,54947.2091250715,,3.4,,9557500.0,99.924519816082,False,,False,0.0,False,0.0,False,,False,-0.0555555555555556,False,True,False,False,True
ISR,Israel,2023,18.6,52126.4489280033,,3.4,,9849000.0,99.9190335270473,False,,False,0.0,False,0.0,False,,True,-0.039548022598870095,False,True,False,False,True
ITA,Italy,2000,9.5,20190.0035636084,,5.6,,56942108.0,99.8859327621191,False,,False,0.0,False,0.0,False,,False,0.0,False,True,False,False,False
ITA,Italy,2001,9.4,20570.4385917862,98.4199981689453,5.3,,56976981.0,99.8859214415661,False,,False,0.0,False,0.0,False,0.0,False,0.0,False,True,False,False,False
ITA,Italy,2002,9.4,22451.3964379368,98.4199981689453,5.1,,57089824.0,99.8858964413785,False,,False,0.0,False,0.0,True,1.0,False,0.0,False,True,False,False,False
ITA,Italy,2003,9.5,27577.5700319855,98.4199981689453,4.8,,57399184.0,99.8858746241475,False,,False,0.0,False,0.0,True,2.0,False,-0.09999999999999998,False,True,False,False,False
ITA,Italy,2004,9.7,31348.1901841445,98.4199981689453,4.6,,57828179.0,99.8858507122837,False,,False,0.0,False,0.0,True,3.0,False,-0.11538461538461534,False,True,False,False,False
ITA,Italy,2005,9.5,32062.723833669,98.4199981689453,4.5,,58166682.0,99.8858236930033,False,,False,0.0,False,0.0,True,4.0,False,-0.11417322834645671,False,True,False,False,False
ITA,Italy,2006,9.6,33537.1286994269,98.4199981689453,4.3,,58399861.0,99.8858036076723,False,,False,0.0,False,0.0,True,5.0,False,-0.1152263374485596,False,True,False,False,False
ITA,Italy,2007,9.6,37826.1754554823,98.4199981689453,4.2,,58756247.0,99.8857799717069,False,,False,0.0,False,0.0,True,6.0,False,-0.09871244635193133,False,True,False,False,False
ITA,Italy,2008,9.7,40828.5795580937,98.4199981689453,4.1,,59211181.0,99.8857542871757,False,,False,0.0,False,0.0,True,7.0,False,-0.08482142857142856,False,True,False,False,False
ITA,Italy,2009,9.6,37099.6133958219,98.4199981689453,4.1,,59555454.0,99.8857309646722,False,,False,0.0,False,0.0,True,8.0,False,-0.05529953917050716,False,True,False,False,False
ITA,Italy,2010,9.4,35856.8625485539,98.4199981689453,4.0,,59819407.0,99.8857106015763,False,,False,0.0,False,0.0,True,9.0,False,-0.05660377358490571,False,True,False,False,False
ITA,Italy,2011,9.1,38432.3742820019,98.8499984741211,3.9,,60026841.0,99.8856821171754,False,,False,0.0,False,0.0,False,0.0,False,-0.057971014492753575,False,True,False,False,False
ITA,Italy,2012,8.9,34854.3949441965,98.8499984741211,3.8,,60191247.0,99.8856332979671,False,,False,0.0,False,0.0,True,1.0,False,-0.06403940886699502,False,True,False,False,False
ITA,Italy,2013,8.5,35701.6746002376,98.8499984741211,3.7,,60311613.0,99.8855778298286,False,,False,0.0,False,0.0,True,2.0,False,-0.0703517587939697,False,True,False,False,False
ITA,Italy,2014,8.3,36028.3494022349,98.8499984741211,3.6,,60320707.0,99.8855182584591,False,,False,0.0,False,0.0,True,3.0,False,-0.07692307692307689,False,True,False,False,False
ITA,Italy,2015,8.1,30639.8829751432,98.8499984741211,3.5,,60229605.0,99.8854583535856,False,,False,0.0,False,0.0,True,4.0,False,-0.07894736842105259,False,True,False,False,False
ITA,Italy,2016,7.9,31391.5692898108,98.8499984741211,3.4,,60115223.0,99.885399852308,False,,False,0.0,False,0.0,True,5.0,False,-0.08108108108108115,False,True,False,False,False
ITA,Italy,2017,7.6,32844.115660604,98.8499984741211,3.3,,60002252.0,99.8853414231028,False,,False,0.0,False,0.0,True,6.0,False,-0.08333333333333341,False,True,False,False,False
ITA,Italy,2018,7.3,35062.3364176949,98.8499984741211,3.2,,59877221.0,99.8852799137261,False,,False,0.0,False,0.0,True,7.0,False,-0.08571428571428566,False,True,False,False,False
ITA,Italy,2019,7.0,33812.788724868,99.3499984741211,3.1,,59729081.0,99.8852225421869,False,,False,0.0,False,0.0,False,0.0,False,-0.08823529411764701,False,True,False,False,False
ITA,Italy,2020,6.8,32091.4866621366,99.3499984741211,3.0,,59438851.0,99.8851578267552,False,,False,0.0,False,0.0,True,1.0,False,-0.09090909090909086,False,True,False,False,False
ITA,Italy,2021,6.8,36852.5425414951,99.3499984741211,2.9,,59133173.0,99.8850975832792,False,,False,0.0,False,0.0,True,2.0,False,-0.09375000000000008,False,True,False,False,False
ITA,Italy,2022,6.7,35653.9042103495,99.3499984741211,2.8,,59013667.0,99.8850325902598,False,,False,0.0,False,0.0,True,3.0,False,-0.09677419354838718,False,True,False,False,False
ITA,Italy,2023,6.4,39279.699782164,99.3499984741211,2.8,,58984216.0,99.8849719036501,False,,False,0.0,False,0.0,True,4.0,True,-0.06666666666666672,False,True,False,False,False
JAM,Jamaica,2000,20.131,3453.09252800226,,20.5,7.2,2607826.0,80.3897902476816,False,0.0,False,0.0,False,0.0,False,,False,0.0,False,False,False,False,True
JAM,Jamaica,2001,19.675,3503.55026688858,,20.0,6.6,2624403.0,80.4397265320862,False,0.0,False,0.0,False,0.0,False,,False,0.0,True,False,False,False,True
JAM,Jamaica,2002,19.43,3680.64551727724,,19.6,8.2,2640572.0,80.4900715011556,False,0.0,False,0.0,False,0.0,False,,False,0.0,False,False,False,False,True
JAM,Jamaica,2003,19.189,3549.70758394618,,19.3,8.2,2656623.0,80.5402961444726,True,1.0,False,0.0,False,0.0,False,,False,-0.036605657237936816,False,False,False,False,True
JAM,Jamaica,2004,18.795,3807.56293124552,,19.1,4.9,2672225.0,81.06758684543,False,0.0,False,0.0,False,0.0,False,,False,-0.03778337531486146,False,False,False,False,True
JAM,Jamaica,2005,18.357,4184.43974867497,,19.1,4.9,2687066.0,81.5952850004995,True,1.0,False,0.0,False,0.0,False,,False,-0.030456852791878066,False,False,False,False,True
JAM,Jamaica,2006,17.85,4417.00127135363,,19.1,7.5,2700968.0,82.123305250613,False,0.0,False,0.0,False,0.0,False,,False,-0.01647785787847581,False,False,False,False,True
JAM,Jamaica,2007,17.308,4716.48612542727,,19.1,5.4,2713800.0,82.6517047080876,False,0.0,False,0.0,False,0.0,False,,False,-0.0072765072765073055,False,False,False,False,True
JAM,Jamaica,2008,16.734,5029.80095281745,,19.1,6.9,2725635.0,83.180409388657,False,0.0,False,0.0,False,0.0,False,,False,-0.0020898641588296316,False,False,False,False,True
JAM,Jamaica,2009,16.161,4428.38153333557,,19.1,6.9,2736995.0,83.7094853462441,True,1.0,False,0.0,False,0.0,False,,False,0.0,False,False,False,False,True
JAM,Jamaica,2010,15.555,4809.977380312,,19.0,6.0,2748568.0,84.2388789441069,False,0.0,False,0.0,False,0.0,False,,False,-0.005235602094240912,False,False,False,False,True
JAM,Jamaica,2011,14.93,5232.63644918132,,19.0,6.0,2760494.0,84.768570999696,True,1.0,False,0.0,False,0.0,False,,False,-0.004192872117400516,False,False,False,False,True
JAM,Jamaica,2012,14.409,5340.83333232158,,18.9,6.8,2772430.0,85.2981420323076,False,0.0,False,0.0,False,0.0,False,,False,-0.008394543546694841,False,False,False,False,True
JAM,Jamaica,2013,13.979,5124.21301411137,,18.9,6.8,2783687.0,85.8275297136537,True,1.0,False,0.0,False,0.0,False,,False,-0.00630914826498428,False,False,False,False,True
JAM,Jamaica,2014,13.62,4975.11325459872,,18.8,6.0,2793749.0,86.3566821660583,False,0.0,False,0.0,False,0.0,False,,False,-0.009483667017913578,False,False,False,False,True
JAM,Jamaica,2015,13.318,5339.30718256806,,18.7,6.0,2802534.0,86.8855879242963,True,1.0,False,0.0,False,0.0,False,,False,-0.011627906976744127,False,False,False,False,True
JAM,Jamaica,2016,12.941,5302.29553353854,,18.7,9.3,2809915.0,87.4141682686662,False,0.0,False,0.0,False,0.0,False,,False,-0.008483563096500538,False,False,False,False,True
JAM,Jamaica,2017,12.593,5605.43541173019,,18.7,9.3,2815764.0,87.9424102965954,True,1.0,False,0.0,False,0.0,False,,False,-0.005319148936170288,False,False,False,False,True
JAM,Jamaica,2018,12.305,5976.90362644337,,18.7,4.6,2820097.0,88.4702342742167,False,0.0,False,0.0,False,0.0,False,,False,-0.0031982942430702948,False,False,False,False,True
JAM,Jamaica,2019,12.169,6030.68896415921,,18.8,4.6,2823271.0,88.997622645007,True,1.0,False,0.0,False,0.0,False,,False,0.004273504273504373,False,False,False,False,True
JAM,Jamaica,2020,12.016,5299.04530804283,,18.7,4.6,2830739.0,89.5245308476169,True,2.0,False,0.0,False,0.0,False,,False,-0.0010683760683760457,False,False,False,False,True
JAM,Jamaica,2021,11.954,5625.67806271236,,18.6,4.6,2837682.0,90.0509072917054,True,3.0,False,0.0,False,0.0,False,,False,-0.006410256410256274,False,False,False,False,True
JAM,Jamaica,2022,11.855,6626.47502388538,,18.4,4.6,2839144.0,90.5767034338028,True,4.0,False,0.0,False,0.0,False,,False,-0.01604278074866314,False,False,False,False,True
JAM,Jamaica,2023,11.623,7542.39855849054,,18.1,4.6,2839786.0,91.1018987715533,True,5.0,False,0.0,False,0.0,False,,True,-0.02896995708154502,False,False,False,False,True
JOR,Jordan,2000,29.054,1570.61002940477,,25.8,,5386945.0,99.0001342310668,False,,False,0.0,False,0.0,False,,False,0.0,False,False,False,False,False
JOR,Jordan,2001,28.516,1632.29454010563,,25.0,,5498894.0,98.8872678903901,False,,False,0.0,False,0.0,False,,False,0.0,False,False,False,False,False
JOR,Jordan,2002,28.479,1706.26744384401,,24.2,11.7,5616066.0,98.7679426094807,False,0.0,False,0.0,False,0.0,False,,False,0.0,False,False,False,False,False
JOR,Jordan,2003,28.475,1775.67625581432,89.8899993896484,23.5,11.7,5741828.0,98.6486747174721,True,1.0,False,0.0,False,0.0,False,0.0,False,-0.06,False,False,False,False,False
JOR,Jordan,2004,27.743,1940.08641342805,89.8899993896484,22.7,11.7,5882061.0,98.5294571468879,True,2.0,False,0.0,False,0.0,True,1.0,False,-0.07817258883248734,False,False,False,False,False
JOR,Jordan,2005,27.156,2087.87079273635,91.129997253418,22.0,11.7,6029587.0,98.4169700805217,True,3.0,False,0.0,False,0.0,False,0.0,False,-0.09240924092409249,False,False,False,False,False
JOR,Jordan,2006,26.457,2342.63459574933,91.129997253418,21.3,11.7,6427371.0,98.308206099878,True,4.0,False,0.0,False,0.0,True,1.0,False,-0.0928449744463373,False,False,False,False,False
JOR,Jordan,2007,28.189,2506.20599484139,92.1999969482422,20.7,11.7,6827227.0,98.2009358550483,True,5.0,False,0.0,False,0.0,False,0.0,False,-0.08970976253298164,False,False,False,False,False
JOR,Jordan,2008,28.707,3669.83012701745,92.1999969482422,20.1,11.7,6989866.0,98.09501501556,True,6.0,False,0.0,False,0.0,True,1.0,False,-0.08802177858439192,False,False,False,False,False
JOR,Jordan,2009,28.568,3845.34388086274,92.1999969482422,19.5,8.2,7141753.0,97.9902274488182,False,0.0,False,0.0,False,0.0,True,2.0,False,-0.08707865168539324,False,False,False,False,False
JOR,Jordan,2010,28.07,4139.04283161368,92.5500030517578,18.9,8.2,7297043.0,97.8864815715208,True,1.0,False,0.0,False,0.0,False,0.0,False,-0.08783783783783786,False,False,False,False,False
JOR,Jordan,2011,27.398,4363.42800211536,95.9000015258789,18.4,8.2,7480424.0,97.7836292183144,True,2.0,False,0.0,False,0.0,False,0.0,False,-0.08457711442786083,False,False,False,False,False
JOR,Jordan,2012,26.895,4593.83609729005,97.8899993896484,17.9,7.8,7587127.0,97.6815546659463,False,0.0,False,0.0,False,0.0,False,0.0,False,-0.08299180327868858,False,False,False,False,False
JOR,Jordan,2013,24.926,4739.02253641778,97.8899993896484,17.4,7.8,7991809.0,97.5800917869947,True,1.0,False,0.0,False,0.0,True,1.0,False,-0.08227848101265835,False,False,False,False,False
JOR,Jordan,2014,24.324,4610.60460269382,97.8899993896484,17.0,7.8,8791710.0,97.4791874276905,True,2.0,False,0.0,False,0.0,True,2.0,False,-0.07709011943539622,False,False,False,False,False
JOR,Jordan,2015,23.653,4441.61896013754,97.8899993896484,16.5,7.8,9544729.0,97.3716594756962,True,3.0,False,0.0,False,0.0,True,3.0,False,-0.07924107142857133,False,False,False,False,False
JOR,Jordan,2016,23.748,4366.06999647268,97.8899993896484,16.1,7.8,10006367.0,97.2644408764445,True,4.0,False,0.0,False,0.0,True,4.0,False,-0.0768348623853209,False,False,False,False,False
JOR,Jordan,2017,23.217,4449.34618076611,97.8899993896484,15.7,7.8,10234226.0,97.1574792984054,True,5.0,False,0.0,False,0.0,True,5.0,False,-0.07538280329799771,False,False,False,False,False
JOR,Jordan,2018,22.677,4533.97658437205,95.4300003051758,15.3,7.8,10462306.0,97.0507514777426,True,6.0,False,0.0,False,0.0,False,0.0,False,-0.07496977025392977,False,False,False,False,False
JOR,Jordan,2019,22.236,4557.79334729121,95.4300003051758,14.9,7.4,10671891.0,96.9442655127058,False,0.0,False,0.0,False,0.0,True,1.0,False,-0.07568238213399507,False,False,False,False,False
JOR,Jordan,2020,21.726,4411.48321838396,95.4300003051758,14.5,7.4,10865228.0,96.8379669917401,True,1.0,False,0.0,False,0.0,True,2.0,False,-0.07643312101910824,False,False,False,False,False
JOR,Jordan,2021,21.309,4581.71967230365,95.4300003051758,14.1,7.4,11066356.0,96.7318948068054,True,2.0,False,0.0,False,0.0,True,3.0,False,-0.07843137254901968,False,False,False,False,False
JOR,Jordan,2022,20.922,4754.41362207378,95.4300003051758,13.7,7.4,11256263.0,96.6260204300308,True,3.0,False,0.0,False,0.0,True,4.0,False,-0.08053691275167792,False,False,False,False,False
JOR,Jordan,2023,20.611,4906.23543006639,94.8499984741211,13.3,8.2,11439213.0,96.5203168428374,False,0.0,False,0.0,False,0.0,False,0.0,True,-0.08275862068965513,False,False,False,False,False
JPN,Japan,2000,9.5,39752.937397755,,4.5,5.8,126843000.0,99.9977656818046,False,0.0,False,0.0,False,0.0,False,,False,0.0,False,False,False,False,True
JPN,Japan,2001,9.3,34910.166403687,,4.3,5.8,127149000.0,99.9954967125937,True,1.0,False,0.0,False,0.0,False,,False,0.0,False,False,False,False,True
JPN,Japan,2002,9.2,33315.9165174962,,4.1,5.8,127445000.0,99.9932277433829,True,2.0,False,0.0,False,0.0,False,,False,0.0,False,False,False,False,True
JPN,Japan,2003,8.9,35808.6816792388,,4.0,5.8,127718000.0,99.990958774172,True,3.0,False,0.0,False,0.0,False,,False,-0.06976744186046507,False,False,False,False,True
JPN,Japan,2004,8.8,38677.5708064787,,3.9,5.8,127761000.0,99.9886898049611,True,4.0,False,0.0,False,0.0,False,,False,-0.07692307692307687,False,False,False,False,True
JPN,Japan,2005,8.4,38158.6758263963,,3.7,5.8,127773000.0,99.9864208357503,True,5.0,False,0.0,False,0.0,False,,False,-0.11057692307692306,False,False,False,False,True
JPN,Japan,2006,8.7,36354.4271646349,,3.6,5.8,127854000.0,99.9841518665394,True,6.0,False,0.0,False,0.0,False,,False,-0.09999999999999998,False,False,False,False,True
JPN,Japan,2007,8.6,36129.9535132925,,3.5,5.8,128001000.0,99.9818828973285,True,7.0,False,0.0,False,0.0,False,,False,-0.09326424870466309,False,False,False,False,True
JPN,Japan,2008,8.7,40294.2081309702,,3.4,5.8,128063000.0,99.9796139281177,True,8.0,False,0.0,False,0.0,False,,False,-0.09090909090909109,False,False,False,False,True
JPN,Japan,2009,8.5,41678.1783063195,,3.4,5.8,128047000.0,99.9773449589068,True,9.0,False,0.0,False,0.0,False,,False,-0.06077348066298348,False,False,False,False,True
JPN,Japan,2010,8.5,45378.1378109399,,3.3,7.1,128070000.0,99.9750759896959,False,0.0,False,0.0,False,0.0,False,,False,-0.06250000000000017,False,False,False,False,True
JPN,Japan,2011,8.3,49122.077634247,,3.3,7.1,127833000.0,99.972807020485,True,1.0,False,0.0,False,0.0,False,,False,-0.04069767441860469,False,False,False,False,True
JPN,Japan,2012,8.2,49626.6830327571,,3.1,7.1,127629000.0,99.9705380512742,True,2.0,False,0.0,False,0.0,False,,False,-0.08284023668639048,False,False,False,False,True
JPN,Japan,2013,8.2,41369.1948479498,,3.0,7.1,127445000.0,99.9682690820633,True,3.0,False,0.0,False,0.0,False,,False,-0.09090909090909086,False,False,False,False,True
JPN,Japan,2014,8.0,39172.8471161948,,2.9,7.1,127276000.0,99.9660001128524,True,4.0,False,0.0,False,0.0,False,,False,-0.09937888198757759,False,False,False,False,True
JPN,Japan,2015,8.0,35664.6446110613,,2.8,7.1,127141000.0,99.9637311436416,True,5.0,False,0.0,False,0.0,False,,False,-0.10256410256410266,False,False,False,False,True
JPN,Japan,2016,7.8,40214.9688631562,,2.7,7.1,127076000.0,99.9614621744307,True,6.0,False,0.0,False,0.0,False,,False,-0.1059602649006622,False,False,False,False,True
JPN,Japan,2017,7.6,39679.8635262948,,2.6,7.1,126972000.0,99.9591932052198,True,7.0,False,0.0,False,0.0,False,,False,-0.10344827586206891,False,False,False,False,True
JPN,Japan,2018,7.4,40645.478086519,,2.5,7.1,126811000.0,99.9569242360089,True,8.0,False,0.0,False,0.0,False,,False,-0.10714285714285708,False,False,False,False,True
JPN,Japan,2019,7.0,41424.8655601543,,2.5,7.1,126633000.0,99.9546552667981,True,9.0,False,0.0,False,0.0,False,,False,-0.07407407407407414,False,False,False,False,True
JPN,Japan,2020,6.8,41098.9739004553,,2.4,7.1,126261000.0,99.9523862975872,True,10.0,False,0.0,False,0.0,False,,False,-0.08396946564885503,False,False,False,False,True
JPN,Japan,2021,6.6,41580.739040705,,2.4,7.1,125681593.0,99.9501173283763,True,11.0,False,0.0,False,0.0,False,,False,-0.05511811023622052,False,False,False,False,True
JPN,Japan,2022,6.3,35548.2645222433,,2.4,7.1,125124989.0,99.9478483591655,True,12.0,False,0.0,False,0.0,False,,False,-0.03225806451612906,False,False,False,False,True
JPN,Japan,2023,6.0,35215.003535366,,2.4,7.1,124516650.0,99.9455793899546,True,13.0,False,0.0,False,0.0,False,,True,-0.016393442622950834,False,False,False,False,True
KAZ,Kazakhstan,2000,15.828,1180.0444563226,,42.1,,15501103.0,96.845702173166,False,,False,0.0,False,0.0,False,,False,0.0,False,False,False,False,True
KAZ,Kazakhstan,2001,15.939,1422.27331810957,,39.6,,15575550.0,96.8453385380879,False,,False,0.0,False,0.0,False,,False,0.0,False,False,False,False,True
KAZ,Kazakhstan,2002,16.423,1573.55219932325,,37.2,,15656677.0,96.8978353203907,False,,False,0.0,False,0.0,False,,False,0.0,False,False,False,False,True
KAZ,Kazakhstan,2003,17.516,1958.02050246511,,35.1,,15747380.0,96.9502145771284,False,,False,0.0,False,0.0,False,,False,-0.1143818334735071,False,False,False,False,True
KAZ,Kazakhstan,2004,18.691,2722.47407755402,,33.0,,15850159.0,97.0024793846235,False,,False,0.0,False,0.0,False,,False,-0.14285714285714285,False,False,False,False,True
KAZ,Kazakhstan,2005,19.43,3577.35804001782,,31.0,,15968117.0,97.0648490891514,False,,False,0.0,False,0.0,False,,False,-0.17112299465240638,False,False,False,False,True
KAZ,Kazakhstan,2006,20.462,5030.13494711519,,28.9,17.5,16103716.0,97.1271155183214,False,0.0,False,0.0,False,0.0,False,,False,-0.1785105173393974,False,False,False,False,True
KAZ,Kazakhstan,2007,21.533,6449.43931096532,,26.8,17.5,16257214.0,97.1892688223895,True,1.0,False,0.0,False,0.0,False,,False,-0.1888619854721551,False,False,False,False,True
KAZ,Kazakhstan,2008,22.714,8123.54705891736,,24.7,17.5,16426525.0,97.2513208704644,True,2.0,False,0.0,False,0.0,False,,False,-0.2021963824289406,False,False,False,False,True
KAZ,Kazakhstan,2009,22.413,6938.01175663001,99.7300033569336,22.5,17.5,16619846.0,97.3132617625394,True,3.0,False,0.0,False,0.0,False,0.0,False,-0.22091412742382277,False,False,False,False,True
KAZ,Kazakhstan,2010,22.615,8793.07589980782,99.7300033569336,20.4,13.1,16836810.0,97.3751082146427,False,0.0,False,0.0,False,0.0,True,1.0,False,-0.23823749066467523,False,False,False,False,True
KAZ,Kazakhstan,2011,22.489,11287.1464926039,99.7300033569336,18.3,13.1,17066002.0,97.4368392211239,True,1.0,False,0.0,False,0.0,True,2.0,False,-0.2579075425790755,False,False,False,False,True
KAZ,Kazakhstan,2012,22.643,12018.7966527993,99.7300033569336,16.3,13.1,17306106.0,97.4984582188857,True,2.0,False,0.0,False,0.0,True,3.0,False,-0.2768411712511091,False,False,False,False,True
KAZ,Kazakhstan,2013,22.646,13478.459627612,99.7300033569336,14.5,13.1,17556502.0,97.5599727804689,True,3.0,False,0.0,False,0.0,True,4.0,False,-0.2906066536203523,False,False,False,False,True
KAZ,Kazakhstan,2014,23.017,12427.7094576939,99.7300033569336,13.0,13.1,17816285.0,97.6213968243494,True,4.0,False,0.0,False,0.0,True,5.0,False,-0.2934782608695652,False,False,False,False,True
KAZ,Kazakhstan,2015,22.513,10196.1226255982,99.7300033569336,11.9,8.0,18084169.0,97.6826966507758,False,0.0,False,0.0,False,0.0,True,6.0,False,-0.27878787878787875,False,False,False,False,True
KAZ,Kazakhstan,2016,22.34,7475.56688689424,99.7300033569336,11.0,8.0,18363600.0,97.7438938717997,True,1.0,False,0.0,False,0.0,True,7.0,False,-0.2567567567567568,False,False,False,False,True
KAZ,Kazakhstan,2017,21.435,8943.08416791984,99.7300033569336,10.5,8.0,18651931.0,97.8049933636929,True,2.0,False,0.0,False,0.0,True,8.0,False,-0.2128935532233883,False,False,False,False,True
KAZ,Kazakhstan,2018,21.702,9472.48527327758,99.7300033569336,10.3,8.0,18932727.0,97.8553422711483,True,3.0,False,0.0,False,0.0,True,9.0,False,-0.154351395730706,False,False,False,False,True
KAZ,Kazakhstan,2019,21.424,9457.12614657136,99.7300033569336,10.2,8.0,19209555.0,97.9051562762041,True,4.0,False,0.0,False,0.0,True,10.0,False,-0.10052910052910058,False,False,False,False,True
KAZ,Kazakhstan,2020,22.57,8781.50797787648,99.7300033569336,10.1,8.0,19482117.0,97.9463161907176,True,5.0,False,0.0,False,0.0,True,11.0,False,-0.06307977736549163,False,False,False,False,True
KAZ,Kazakhstan,2021,23.271,9983.60103576902,99.7300033569336,10.0,8.0,19743603.0,97.9538478987078,True,6.0,False,0.0,False,0.0,True,12.0,False,-0.04030710172744721,False,False,False,False,True
KAZ,Kazakhstan,2022,20.819,11255.3396437881,99.7300033569336,9.8,8.0,20034609.0,97.9526402205332,True,7.0,False,0.0,False,0.0,True,13.0,False,-0.041095890410958895,False,False,False,False,True
KAZ,Kazakhstan,2023,20.138,12879.4275257974,99.7300033569336,9.6,8.0,20330104.0,97.948876378574,True,8.0,False,0.0,False,0.0,True,14.0,True,-0.04761904761904783,False,False,False,False,True
KEN,Kenya,2000,40.238,414.626365130846,82.2300033569336,95.2,40.8,30642890.0,23.6473801064419,False,0.0,False,0.0,False,0.0,False,0.0,False,0.0,False,False,False,False,True
KEN,Kenya,2001,40.188,410.700452474814,82.2300033569336,90.5,40.8,31619170.0,24.3164597238105,True,1.0,False,0.0,False,0.0,True,1.0,False,0.0,False,False,False,False,True
KEN,Kenya,2002,39.938,402.936385605382,82.2300033569336,85.6,40.8,32629808.0,25.0346081207823,True,2.0,False,0.0,False,0.0,True,2.0,False,0.0,False,False,False,False,True
KEN,Kenya,2003,39.459,442.898457253405,82.2300033569336,80.8,35.8,33652223.0,25.7535178867465,False,0.0,False,0.0,False,0.0,True,3.0,False,-0.1065241430151125,False,False,False,False,True
KEN,Kenya,2004,39.1,463.662781300121,82.2300033569336,76.1,35.8,34713455.0,26.4731149422539,True,1.0,False,0.0,False,0.0,True,4.0,False,-0.13547287702357297,False,False,False,False,True
KEN,Kenya,2005,38.783,523.456312433863,82.2300033569336,71.2,40.3,35796484.0,27.1932269454509,False,0.0,False,0.0,False,0.0,True,5.0,False,-0.16861279775805696,False,False,False,False,True
KEN,Kenya,2006,38.492,699.80237063381,82.2300033569336,66.8,40.3,36904008.0,27.9138955031129,True,1.0,False,0.0,False,0.0,True,6.0,False,-0.17367639782286004,False,False,False,False,True
KEN,Kenya,2007,38.299,840.201439476765,82.2300033569336,62.9,40.3,38036349.0,28.6350439627237,True,2.0,False,0.0,False,0.0,True,7.0,False,-0.17345597897503282,False,False,False,False,True
KEN,Kenya,2008,37.851,915.54435473604,82.2300033569336,58.0,35.5,39206351.0,29.3565994040011,False,0.0,False,0.0,False,0.0,True,8.0,False,-0.18949133594186682,False,False,False,False,True
KEN,Kenya,2009,37.169,1047.9678324485,82.2300033569336,55.2,35.5,40408891.0,30.0784132028819,True,1.0,False,0.0,False,0.0,True,9.0,False,-0.17611940298507459,False,False,False,False,True
KEN,Kenya,2010,36.266,1091.51873101194,82.2300033569336,53.1,35.5,41598567.0,30.8004947681643,True,2.0,False,0.0,False,0.0,True,10.0,False,-0.15472779369627515,False,False,False,False,True
KEN,Kenya,2011,35.009,1096.14499807675,82.2300033569336,51.7,26.3,42758461.0,31.5229174481557,False,0.0,False,0.0,False,0.0,True,11.0,False,-0.12668918918918917,False,False,False,False,True
KEN,Kenya,2012,33.674,1285.00536171512,82.2300033569336,50.7,26.3,43888303.0,32.2455260120869,True,1.0,False,0.0,False,0.0,True,12.0,False,-0.09754360982556053,False,False,False,False,True
KEN,Kenya,2013,32.427,1370.87885214659,82.2300033569336,49.4,26.3,44986791.0,32.9682462912978,True,2.0,False,0.0,False,0.0,True,13.0,False,-0.08075921101600292,False,False,False,False,True
KEN,Kenya,2014,31.542,1482.81566253497,82.2300033569336,48.3,26.2,46051440.0,33.6908976254492,False,0.0,False,0.0,False,0.0,True,14.0,False,-0.07151095732410623,False,False,False,False,True
KEN,Kenya,2015,30.908,1489.11959777284,82.2300033569336,46.8,26.2,47088526.0,34.4133695043635,True,1.0,False,0.0,False,0.0,True,15.0,False,-0.07582938388625599,False,False,False,False,True
KEN,Kenya,2016,30.202,1554.12610314423,82.2300033569336,45.5,28.6,48139687.0,35.1355349703251,False,0.0,False,0.0,False,0.0,True,16.0,False,-0.07857432158768737,False,False,False,False,True
KEN,Kenya,2017,29.602,1667.48447230835,82.2300033569336,44.7,28.6,49197766.0,35.857250498731,True,1.0,False,0.0,False,0.0,True,17.0,False,-0.07145824678022429,False,False,False,False,True
KEN,Kenya,2018,29.037,1836.45275528993,82.2300033569336,43.7,28.6,50207107.0,36.5783889502292,True,2.0,False,0.0,False,0.0,True,18.0,False,-0.06902428632296552,False,False,False,False,True
KEN,Kenya,2019,28.226,1960.40808854893,82.2300033569336,42.7,28.6,51202827.0,37.298797647533,True,3.0,False,0.0,False,0.0,True,19.0,False,-0.06768558951965054,False,False,False,False,True
KEN,Kenya,2020,27.782,1927.66459027849,82.2300033569336,42.1,28.6,52217334.0,38.018340896347,True,4.0,False,0.0,False,0.0,True,20.0,False,-0.057743957027752875,False,False,False,False,True
KEN,Kenya,2021,27.611,2061.35622089594,82.2300033569336,41.3,28.6,53219166.0,38.7368777065186,True,5.0,False,0.0,False,0.0,True,21.0,False,-0.05578417924096947,False,False,False,False,True
KEN,Kenya,2022,27.342,2109.56288513137,82.2300033569336,40.5,17.6,54252461.0,39.454252565811,False,0.0,False,0.0,False,0.0,True,22.0,False,-0.055944055944055916,False,False,False,False,True
KEN,Kenya,2023,27.106,1942.58802756191,82.2300033569336,39.6,17.6,55339003.0,40.1703366344741,True,1.0,False,0.0,False,0.0,True,23.0,True,-0.058487874465049945,False,False,False,False,True
KGZ,Kyrgyz Republic,2000,19.8,279.621738464365,,50.8,,4898362.0,92.8282031249624,False,,False,0.0,False,0.0,False,,False,0.0,False,False,False,False,True
KGZ,Kyrgyz Republic,2001,19.8,308.41129550148,,48.1,,4945073.0,92.8282378799564,False,,False,0.0,False,0.0,False,,False,0.0,False,False,False,False,True
KGZ,Kyrgyz Republic,2002,20.2,321.726775366804,,45.5,,4990704.0,93.005572595951,False,,False,0.0,False,0.0,False,,False,0.0,False,False,False,False,True
KGZ,Kyrgyz Republic,2003,20.9,380.505828812441,,43.0,,5043308.0,93.1829301574786,False,,False,0.0,False,0.0,False,,False,-0.10664819944598337,False,False,False,False,True
KGZ,Kyrgyz Republic,2004,21.5,433.233873286,,40.9,,5104713.0,93.3602758261186,False,,False,0.0,False,0.0,False,,False,-0.1270010672358592,False,False,False,False,True
KGZ,Kyrgyz Republic,2005,21.3,476.548193640077,,39.2,,5162640.0,93.6560226009521,False,,False,0.0,False,0.0,False,,False,-0.14148050810337276,False,False,False,False,True
KGZ,Kyrgyz Republic,2006,23.1,543.113512472219,,37.6,18.1,5218373.0,93.9520874390933,False,0.0,False,0.0,False,0.0,False,,False,-0.13244116289801558,False,False,False,False,True
KGZ,Kyrgyz Republic,2007,23.4,721.771577544361,,35.9,18.1,5268385.0,94.2485169694254,True,1.0,False,0.0,False,0.0,False,,False,-0.12948593598448102,False,False,False,False,True
KGZ,Kyrgyz Republic,2008,23.9,966.388569370494,,33.8,18.1,5318729.0,94.5452869474658,True,2.0,False,0.0,False,0.0,False,,False,-0.14038657171922694,False,False,False,False,True
KGZ,Kyrgyz Republic,2009,25.2,870.198894546917,99.2399978637695,31.6,22.6,5389643.0,94.8423723936302,False,0.0,False,0.0,False,0.0,False,0.0,False,-0.15688367129135528,False,False,False,False,True
KGZ,Kyrgyz Republic,2010,26.8,876.954476440354,99.2399978637695,29.5,22.6,5467059.0,95.1391384215873,True,1.0,False,0.0,False,0.0,True,1.0,False,-0.17181358787198214,False,False,False,False,True
KGZ,Kyrgyz Republic,2011,27.1,1117.40174350185,99.2399978637695,27.6,22.6,5546587.0,95.435495439877,True,2.0,False,0.0,False,0.0,True,2.0,False,-0.18052256532066505,False,False,False,False,True
KGZ,Kyrgyz Republic,2012,27.6,1168.62244675446,99.2399978637695,26.0,17.9,5652076.0,95.7313479681621,False,0.0,False,0.0,False,0.0,True,3.0,False,-0.17929292929292928,False,False,False,False,True
KGZ,Kyrgyz Republic,2013,27.2,1269.66303464348,99.2399978637695,24.7,17.9,5777150.0,96.0266897957502,True,1.0,False,0.0,False,0.0,True,4.0,False,-0.16835016835016836,False,False,False,False,True
KGZ,Kyrgyz Republic,2014,27.7,1264.52668823891,99.2399978637695,23.5,12.9,5905848.0,96.3214166857355,False,0.0,False,0.0,False,0.0,True,5.0,False,-0.1571018651362985,False,False,False,False,True
KGZ,Kyrgyz Republic,2015,27.4,1105.65193844261,99.2399978637695,22.3,12.9,6040036.0,96.6154706740523,True,1.0,False,0.0,False,0.0,True,6.0,False,-0.15079969535415083,False,False,False,False,True
KGZ,Kyrgyz Republic,2016,26.0,1103.27489428412,99.2399978637695,21.1,12.9,6175338.0,96.9087481057027,True,2.0,False,0.0,False,0.0,True,7.0,False,-0.14987912973408538,False,False,False,False,True
KGZ,Kyrgyz Republic,2017,24.8,1221.39046807082,99.2399978637695,20.0,12.9,6306696.0,97.2012105005547,True,3.0,False,0.0,False,0.0,True,8.0,False,-0.1496598639455782,False,False,False,False,True
KGZ,Kyrgyz Republic,2018,27.1,1283.5203037417,99.2399978637695,19.0,11.8,6444079.0,97.4927558595168,False,0.0,False,0.0,False,0.0,True,9.0,False,-0.14874551971326166,False,False,False,False,True
KGZ,Kyrgyz Republic,2019,26.9,1421.99927504102,99.2399978637695,18.3,11.8,6590211.0,97.7833519513512,True,1.0,False,0.0,False,0.0,True,10.0,False,-0.13597733711048154,False,False,False,False,True
KGZ,Kyrgyz Republic,2020,24.0,1229.51766602907,99.2399978637695,17.8,11.8,6726596.0,98.017628465842,True,2.0,False,0.0,False,0.0,True,11.0,False,-0.11618669314796425,False,False,False,False,True
KGZ,Kyrgyz Republic,2021,22.4,1349.99730650542,99.2399978637695,17.5,8.6,6851224.0,98.1478549913374,False,0.0,False,0.0,False,0.0,True,12.0,False,-0.09043659043659052,False,False,False,False,True
KGZ,Kyrgyz Republic,2022,21.5,1739.72018344174,99.2399978637695,17.3,8.6,6975220.0,98.278227766543,True,1.0,False,0.0,False,0.0,True,13.0,False,-0.06587473002159822,False,False,False,False,True
KGZ,Kyrgyz Republic,2023,20.6,2138.22210211478,99.2399978637695,17.0,14.1,7099750.0,98.4088738227501,False,0.0,False,0.0,False,0.0,True,14.0,True,-0.0545050055617351,False,False,False,False,True
KHM,Cambodia,2000,28.466,296.426687526334,,105.2,49.0,12462336.0,10.447277669756,False,0.0,False,0.0,False,0.0,False,,False,0.0,False,False,False,False,False
KHM,Cambodia,2001,28.11,327.500984314444,,96.0,49.0,12658484.0,10.7958282120224,True,1.0,False,0.0,False,0.0,False,,False,0.0,False,False,False,False,False
KHM,Cambodia,2002,27.528,350.147276634294,,86.2,49.0,12855241.0,13.5213126606582,True,2.0,False,0.0,False,0.0,False,,False,0.0,False,False,False,False,False
KHM,Cambodia,2003,26.88,386.691123931778,,77.5,49.0,13050968.0,16.4957664710748,True,3.0,False,0.0,False,0.0,False,,False,-0.19102296450939454,False,False,False,False,False
KHM,Cambodia,2004,26.261,444.199067529081,73.6100006103516,70.4,49.0,13244731.0,19.4886033113327,True,4.0,False,0.0,False,0.0,False,0.0,False,-0.22828172101945726,False,False,False,False,False
KHM,Cambodia,2005,26.104,525.797325120926,73.6100006103516,64.4,42.8,13439202.0,22.4997083184805,False,0.0,False,0.0,False,0.0,True,1.0,False,-0.2602802664828853,False,False,False,False,False
KHM,Cambodia,2006,26.127,612.252648550727,73.6100006103516,59.3,42.8,13639028.0,25.5284652809793,True,1.0,False,0.0,False,0.0,True,2.0,False,-0.24841571609632454,False,False,False,False,False
KHM,Cambodia,2007,26.209,731.692295125426,73.6100006103516,54.9,42.8,13841770.0,28.5752843908418,True,2.0,False,0.0,False,0.0,True,3.0,False,-0.23281162660704308,False,False,False,False,False
KHM,Cambodia,2008,25.88,866.283999789749,76.870002746582,50.8,39.5,14053479.0,31.6569911125652,False,0.0,False,0.0,False,0.0,False,0.0,False,-0.22205206738131716,False,False,False,False,False
KHM,Cambodia,2009,25.625,875.748936193569,76.1399993896484,47.0,39.5,14276810.0,34.8431292661324,True,1.0,False,0.0,False,0.0,False,0.0,False,-0.2161440960640427,False,False,False,False,False
KHM,Cambodia,2010,25.036,952.274616324008,76.1399993896484,43.5,39.8,14500726.0,38.0399288332331,False,0.0,False,0.0,False,0.0,True,1.0,False,-0.21309696092619385,False,False,False,False,False
KHM,Cambodia,2011,24.631,1088.98152823081,76.1399993896484,40.3,39.8,14722584.0,41.2469119068715,True,1.0,False,0.0,False,0.0,True,2.0,False,-0.21135029354207444,False,False,False,False,False
KHM,Cambodia,2012,24.578,1192.80263041673,76.1399993896484,37.2,39.8,14945085.0,44.4635910579506,True,2.0,False,0.0,False,0.0,True,3.0,False,-0.2135306553911204,False,False,False,False,False
KHM,Cambodia,2013,24.56,1305.6600972686,79.6500015258789,34.5,39.8,15170208.0,47.6891050739855,True,3.0,False,0.0,False,0.0,False,0.0,False,-0.2116087751371116,False,False,False,False,False
KHM,Cambodia,2014,24.403,1431.56396469993,78.0599975585938,32.0,32.4,15396772.0,50.9237116921206,False,0.0,False,0.0,False,0.0,False,0.0,False,-0.20987654320987653,False,False,False,False,False
KHM,Cambodia,2015,24.218,1547.32010444393,80.5299987792969,29.6,32.4,15623251.0,54.1665197831593,True,1.0,False,0.0,False,0.0,False,0.0,False,-0.21066666666666664,False,False,False,False,False
KHM,Cambodia,2016,23.956,1675.19555711109,80.5299987792969,27.5,32.4,15852803.0,57.417022532982,True,2.0,False,0.0,False,0.0,True,1.0,False,-0.20794930875576034,False,False,False,False,False
KHM,Cambodia,2017,23.655,1826.35391688754,80.5299987792969,25.6,32.4,16073372.0,60.6744151428492,True,3.0,False,0.0,False,0.0,True,2.0,False,-0.2039800995024876,False,False,False,False,False
KHM,Cambodia,2018,23.372,2036.67377566578,80.5299987792969,24.1,32.4,16274522.0,63.9398472470947,True,4.0,False,0.0,False,0.0,True,3.0,False,-0.19235924932975856,False,False,False,False,False
KHM,Cambodia,2019,22.988,2225.87705485686,87.6600036621094,22.8,32.4,16481304.0,67.2122392007629,True,5.0,False,0.0,False,0.0,False,0.0,False,-0.17867435158501443,False,False,False,False,False
KHM,Cambodia,2020,22.409,2081.73914242939,82.5510430822563,21.8,32.4,16725474.0,70.4910427870757,True,6.0,False,0.0,False,0.0,False,0.0,False,-0.15895061728395052,False,False,False,False,False
KHM,Cambodia,2021,21.905,2167.40324198499,71.9300003051758,20.8,21.9,16974305.0,73.7752065517154,False,0.0,False,0.0,False,0.0,False,0.0,False,-0.14614121510673242,False,False,False,False,False
KHM,Cambodia,2022,21.279,2325.03050040841,71.9300003051758,19.9,21.9,17201724.0,77.0641162411033,True,1.0,False,0.0,False,0.0,True,1.0,False,-0.1355343179843616,False,False,False,False,False
KHM,Cambodia,2023,20.752,2429.74853452838,71.9300003051758,19.1,21.9,17423880.0,80.3569034278216,True,2.0,False,0.0,False,0.0,True,2.0,True,-0.12705667276051177,False,False,False,False,False
KIR,Kiribati,2000,31.498,845.367240231973,,65.8,,88613.0,29.4332516112154,False,,False,0.0,False,0.0,False,,False,0.0,False,True,False,False,False
KIR,Kiribati,2001,30.524,718.833787096781,,64.1,,90335.0,30.4939861959849,False,,False,0.0,False,0.0,False,,False,0.0,False,True,False,False,False
KIR,Kiribati,2002,29.414,810.10870037444,,62.5,,92264.0,31.411410840326,False,,False,0.0,False,0.0,False,,False,0.0,False,True,False,False,False
KIR,Kiribati,2003,28.58,1020.50033851394,,61.4,,94175.0,32.3289642125859,False,,False,0.0,False,0.0,False,,False,-0.04261954261954253,False,True,False,False,False
KIR,Kiribati,2004,28.894,1083.2688987175,,60.7,,96085.0,33.2463631405513,False,,False,0.0,False,0.0,False,,False,-0.0433412135539794,False,True,False,False,False
KIR,Kiribati,2005,29.181,1161.78341739977,,60.1,,98035.0,34.163338666221,False,,False,0.0,False,0.0,False,,False,-0.044515103338632706,False,True,False,False,False
KIR,Kiribati,2006,29.738,1123.19258990684,,59.7,,100017.0,35.2022104813693,False,,False,0.0,False,0.0,False,,False,-0.03335492227979256,False,True,False,False,False
KIR,Kiribati,2007,30.347,1352.57814048911,,59.2,,102068.0,36.3306938222446,False,,False,0.0,False,0.0,False,,False,-0.027595269382391697,False,True,False,False,False
KIR,Kiribati,2008,30.831,1410.62246914058,,58.7,,104222.0,37.1173607941238,False,,False,0.0,False,0.0,False,,False,-0.02524078379275993,False,True,False,False,False
KIR,Kiribati,2009,31.084,1316.62753853678,,58.2,,106467.0,37.8765617583736,False,,False,0.0,False,0.0,False,,False,-0.024798927613941084,False,True,False,False,False
KIR,Kiribati,2010,31.247,1522.10068744154,,57.7,,108704.0,38.6081785659638,False,,False,0.0,False,0.0,False,,False,-0.025008448800270193,False,True,False,False,False
KIR,Kiribati,2011,31.427,1771.12926848792,,57.5,,110647.0,39.3118291707544,False,,False,0.0,False,0.0,False,,False,-0.020442930153322023,False,True,False,False,False
KIR,Kiribati,2012,30.798,1843.55336349889,,57.4,,112284.0,39.9871295227772,False,,False,0.0,False,0.0,False,,False,-0.014761414349468014,False,True,False,False,False
KIR,Kiribati,2013,30.046,1772.08718317132,,57.7,,113838.0,40.6328916636928,False,,False,0.0,False,0.0,False,,False,-0.0034542314335059715,False,True,False,False,False
KIR,Kiribati,2014,29.313,1736.70535682101,,58.0,,115326.0,41.2494292871662,False,,False,0.0,False,0.0,False,,False,0.005199306759098737,False,True,False,False,False
KIR,Kiribati,2015,28.858,1639.85274740652,,58.6,,116815.0,41.8362047246118,False,,False,0.0,False,0.0,False,,False,0.016302462712452268,False,True,False,False,False
KIR,Kiribati,2016,28.508,1742.66799324117,,59.1,,118478.0,42.3903837205277,False,,False,0.0,False,0.0,False,,False,0.021784232365145068,False,True,False,False,False
KIR,Kiribati,2017,28.275,1854.3326920967,,59.6,,120275.0,42.9115121446096,False,,False,0.0,False,0.0,False,,False,0.024759284731774373,False,True,False,False,False
KIR,Kiribati,2018,28.112,1915.56002581991,97.9599990844727,59.6,15.2,122084.0,43.4001999878848,False,0.0,False,0.0,False,0.0,False,0.0,False,0.017064846416382253,False,True,False,False,False
KIR,Kiribati,2019,27.826,1750.24040333237,97.9599990844727,59.1,15.2,123921.0,43.8567170359075,True,1.0,False,0.0,False,0.0,True,1.0,False,0.002034587995930901,False,True,False,False,False
KIR,Kiribati,2020,27.355,1751.87199542272,98.6079816424987,58.3,15.2,126099.0,44.2810965836604,True,2.0,False,0.0,False,0.0,False,0.0,False,-0.015202702702702797,False,True,False,False,False
KIR,Kiribati,2021,26.909,2223.54147866465,98.6079816424987,57.2,15.2,128377.0,44.6738091395008,True,3.0,False,0.0,False,0.0,True,1.0,False,-0.032803517078119675,False,True,False,False,False
KIR,Kiribati,2022,26.403,2078.7648751855,98.6079816424987,55.9,15.2,130469.0,45.0352022161591,True,4.0,False,0.0,False,0.0,True,2.0,False,-0.048672566371681526,False,True,False,False,False
KIR,Kiribati,2023,25.813,2200.68918614289,98.6079816424987,54.5,15.2,132530.0,45.1052498687683,True,5.0,False,0.0,False,0.0,True,3.0,True,-0.06066873491899338,False,True,False,False,False
KNA,St. Kitts and Nevis,2000,17.721,9319.65545093525,,23.9,,45248.0,86.4508633800915,False,,False,0.0,False,0.0,False,,False,0.0,False,True,False,False,True
KNA,St. Kitts and Nevis,2001,17.282,10022.5919235637,,22.9,,45761.0,87.1049196213683,False,,False,0.0,False,0.0,False,,False,0.0,False,True,False,False,True
KNA,St. Kitts and Nevis,2002,16.939,10453.6587064313,,22.0,,46020.0,87.7589758626448,False,,False,0.0,False,0.0,False,,False,0.0,False,True,False,False,True
KNA,St. Kitts and Nevis,2003,16.752,10175.6295449989,,21.1,,46176.0,88.4130321039216,False,,False,0.0,False,0.0,False,,False,-0.07994186046511623,False,True,False,False,True
KNA,St. Kitts and Nevis,2004,16.511,10944.6183741768,,20.3,,46315.0,89.0670883451984,False,,False,0.0,False,0.0,False,,False,-0.09677419354838712,False,True,False,False,True
KNA,St. Kitts and Nevis,2005,16.324,11783.7867154145,,19.7,,46437.0,89.7211445864751,False,,False,0.0,False,0.0,False,,False,-0.10617059891107078,False,True,False,False,True
KNA,St. Kitts and Nevis,2006,16.131,13837.8495311219,,19.2,,46569.0,90.3752008277517,False,,False,0.0,False,0.0,False,,False,-0.09433962264150944,False,True,False,False,True
KNA,St. Kitts and Nevis,2007,15.896,14757.9579751035,,18.9,,46706.0,91.0292570690285,False,,False,0.0,False,0.0,False,,False,-0.07624633431085055,False,True,False,False,True
KNA,St. Kitts and Nevis,2008,15.58,16604.9448615905,,18.8,,46835.0,91.6833133103052,False,,False,0.0,False,0.0,False,,False,-0.05241935483870964,False,True,False,False,True
KNA,St. Kitts and Nevis,2009,15.281,16503.4119292794,,18.7,,46916.0,92.337369551582,False,,False,0.0,False,0.0,False,,False,-0.0350877192982456,False,True,False,False,True
KNA,St. Kitts and Nevis,2010,14.947,16622.9457908577,,18.8,,46846.0,92.9914257928585,False,,False,0.0,False,0.0,False,,False,-0.0136411332633787,False,True,False,False,True
KNA,St. Kitts and Nevis,2011,14.695,17832.4572919975,,18.9,,46886.0,93.6454820341353,False,,False,0.0,False,0.0,False,,False,0.0010593220338982825,False,True,False,False,True
KNA,St. Kitts and Nevis,2012,14.446,17532.0559008608,,19.1,,47033.0,94.2995382754121,False,,False,0.0,False,0.0,False,,False,0.01487778958554735,False,True,False,False,True
KNA,St. Kitts and Nevis,2013,14.142,18580.1301949935,,19.3,,47069.0,94.9535945166888,False,,False,0.0,False,0.0,False,,False,0.023329798515376525,False,True,False,False,True
KNA,St. Kitts and Nevis,2014,13.958,20219.3954237956,,19.4,,47089.0,94.9535945166888,False,,False,0.0,False,0.0,False,,False,0.0232067510548522,False,True,False,False,True
KNA,St. Kitts and Nevis,2015,13.737,20328.8003530109,,19.4,,47087.0,94.9535945166888,False,,False,0.0,False,0.0,False,,False,0.015706806282722363,False,True,False,False,True
KNA,St. Kitts and Nevis,2016,13.615,21387.5415511103,,19.3,,47075.0,94.9535945166888,False,,False,0.0,False,0.0,False,,False,0.004162330905307069,False,True,False,False,True
KNA,St. Kitts and Nevis,2017,13.376,22464.9899633959,,19.0,,47050.0,94.9535945166888,False,,False,0.0,False,0.0,False,,False,-0.015544041450777238,False,True,False,False,True
KNA,St. Kitts and Nevis,2018,13.108,22901.3816403197,,18.6,,47008.0,94.9535945166888,False,,True,1.0,False,0.0,False,,False,-0.03526970954356845,False,True,False,False,True
KNA,St. Kitts and Nevis,2019,12.86,23595.4923231291,,18.2,,46952.0,94.9535945166888,False,,True,2.0,False,0.0,False,,False,-0.04911180773249745,False,True,False,False,True
KNA,St. Kitts and Nevis,2020,12.575,18859.0190361046,,17.8,,46870.0,94.9535945166888,False,,True,3.0,False,0.0,False,,False,-0.058201058201058094,False,True,False,False,True
KNA,St. Kitts and Nevis,2021,12.272,18361.1449697886,,17.3,,46763.0,94.9535945166888,False,,True,4.0,False,0.0,False,,False,-0.06889128094725516,False,True,False,False,True
KNA,St. Kitts and Nevis,2022,11.958,21011.5744209816,,16.8,,46709.0,94.9535945166888,False,,True,5.0,False,0.0,False,,False,-0.07590759075907585,False,True,False,False,True
KNA,St. Kitts and Nevis,2023,11.745,22576.9248439166,,16.4,,46758.0,94.9535945166888,False,,True,6.0,False,0.0,False,,True,-0.07553551296505091,False,True,False,False,True
KOR,"Korea, Rep.",2000,13.5,12710.2995795579,,7.6,,47008111.0,100.0,False,,False,0.0,False,0.0,False,,False,0.0,False,False,False,False,True
KOR,"Korea, Rep.",2001,11.7,11981.4828218758,,7.2,,47370164.0,100.0,False,,False,0.0,False,0.0,False,,False,0.0,False,False,False,False,True
KOR,"Korea, Rep.",2002,10.3,13642.9424537101,,6.8,,47644736.0,100.0,False,,False,0.0,False,0.0,False,,False,0.0,False,False,False,False,True
KOR,"Korea, Rep.",2003,10.2,15211.5483770422,,6.4,2.5,47892330.0,100.0,False,0.0,False,0.0,False,0.0,False,,False,-0.11111111111111108,False,False,False,False,True
KOR,"Korea, Rep.",2004,9.8,17121.6301633201,,6.0,2.5,48082519.0,100.0,True,1.0,False,0.0,False,0.0,False,,False,-0.14285714285714285,False,False,False,False,True
KOR,"Korea, Rep.",2005,9.0,20167.0474902506,,5.6,2.5,48184561.0,100.0,True,2.0,False,0.0,False,0.0,False,,False,-0.17647058823529416,False,False,False,False,True
KOR,"Korea, Rep.",2006,9.2,22609.7059431449,,5.2,2.5,48438292.0,100.0,True,3.0,False,0.0,False,0.0,False,,False,-0.18750000000000003,False,False,False,False,True
KOR,"Korea, Rep.",2007,10.1,25078.4853957105,,4.8,2.5,48683638.0,100.0,True,4.0,False,0.0,False,0.0,False,,False,-0.20000000000000004,False,False,False,False,True
KOR,"Korea, Rep.",2008,9.4,22252.3125108061,97.9700012207031,4.5,2.5,49054708.0,99.9913543263754,True,5.0,False,0.0,False,0.0,False,0.0,False,-0.19642857142857137,False,False,False,False,True
KOR,"Korea, Rep.",2009,9.0,19937.3029137734,97.9700012207031,4.3,2.5,49307835.0,99.9749792813269,True,6.0,False,0.0,False,0.0,True,1.0,False,-0.17624521072796948,False,False,False,False,True
KOR,"Korea, Rep.",2010,9.4,24071.2620526362,97.9700012207031,4.1,2.5,49554112.0,99.9586042362784,True,7.0,False,0.0,False,0.0,True,2.0,False,-0.15983606557377056,False,False,False,False,True
KOR,"Korea, Rep.",2011,9.4,26175.2398553363,97.9700012207031,4.0,1.3,49936638.0,99.9422291912298,False,0.0,False,0.0,False,0.0,True,3.0,False,-0.12663755458515286,False,False,False,False,True
KOR,"Korea, Rep.",2012,9.6,26600.5477433903,97.9700012207031,3.8,1.3,50199853.0,99.9258541461813,True,1.0,False,0.0,False,0.0,True,4.0,False,-0.12442396313364057,False,False,False,False,True
KOR,"Korea, Rep.",2013,8.6,28449.3591104972,97.9700012207031,3.7,1.3,50428893.0,99.9094791011328,True,2.0,False,0.0,False,0.0,True,5.0,False,-0.10628019323671467,False,False,False,False,True
KOR,"Korea, Rep.",2014,8.6,30667.0912467447,97.9700012207031,3.6,1.6,50746659.0,99.8931040560842,False,0.0,False,0.0,False,0.0,True,6.0,False,-0.09547738693467324,False,False,False,False,True
KOR,"Korea, Rep.",2015,8.6,30171.7906545222,97.9700012207031,3.5,1.6,51014947.0,99.8767290110357,True,1.0,False,0.0,False,0.0,True,7.0,False,-0.08854166666666663,False,False,False,False,True
KOR,"Korea, Rep.",2016,7.9,30832.0628072516,97.9700012207031,3.4,1.6,51217803.0,99.8603539659872,True,2.0,False,0.0,False,0.0,True,8.0,False,-0.08602150537634405,False,False,False,False,True
KOR,"Korea, Rep.",2017,7.0,33296.9845439195,97.9700012207031,3.3,2.3,51361911.0,99.8439789209386,False,0.0,False,0.0,False,0.0,True,9.0,False,-0.08333333333333341,False,False,False,False,True
KOR,"Korea, Rep.",2018,6.4,35363.9508228687,97.9700012207031,3.2,2.3,51585058.0,99.8276038758901,True,1.0,False,0.0,False,0.0,True,10.0,False,-0.08571428571428566,False,False,False,False,True
KOR,"Korea, Rep.",2019,5.9,33826.9443301597,97.9700012207031,3.1,2.3,51764822.0,99.8112288308416,True,2.0,False,0.0,False,0.0,True,11.0,False,-0.08823529411764701,False,False,False,False,True
KOR,"Korea, Rep.",2020,5.3,33645.7719545073,97.9700012207031,3.1,0.9,51836239.0,99.7948537857931,False,0.0,False,0.0,False,0.0,True,12.0,False,-0.06060606060606053,False,False,False,False,True
KOR,"Korea, Rep.",2021,5.1,37518.4635305697,97.9700012207031,3.0,0.9,51769539.0,99.7784787407445,True,1.0,False,0.0,False,0.0,True,13.0,False,-0.06832298136645969,False,False,False,False,True
KOR,"Korea, Rep.",2022,4.9,34822.4048404971,97.9700012207031,2.9,0.9,51672569.0,99.762103695696,True,2.0,False,0.0,False,0.0,True,14.0,False,-0.07643312101910835,False,False,False,False,True
KOR,"Korea, Rep.",2023,4.5,35674.095995632,97.9700012207031,2.9,0.9,51712619.0,99.7457286506475,True,3.0,False,0.0,False,0.0,True,15.0,True,-0.05228758169934645,False,False,False,False,True
KWT,Kuwait,2000,22.39,19296.3471698729,,12.7,,1954709.0,100.0,False,,False,0.0,False,0.0,False,,False,0.0,False,False,False,False,False
KWT,Kuwait,2001,22.274,17374.2318664227,,12.5,3.9,2008121.0,100.0,False,0.0,False,0.0,False,0.0,False,,False,0.0,False,False,False,False,False
KWT,Kuwait,2002,22.253,18512.7523035862,,12.3,3.6,2059974.0,100.0,False,0.0,False,0.0,False,0.0,False,,False,0.0,False,False,False,False,False
KWT,Kuwait,2003,22.404,22690.655175144,,12.2,4.0,2109881.0,100.0,False,0.0,False,0.0,False,0.0,False,,False,-0.024000000000000056,False,False,False,False,False
KWT,Kuwait,2004,22.641,27552.2827399787,,12.0,4.1,2157320.0,100.0,False,0.0,False,0.0,False,0.0,False,,False,-0.03420523138833004,False,False,False,False,False
KWT,Kuwait,2005,22.315,36122.6142741227,93.2699966430664,11.8,4.5,2236788.0,100.0,False,0.0,False,0.0,False,0.0,False,0.0,False,-0.04376012965964337,False,False,False,False,False
KWT,Kuwait,2006,21.495,42946.6374104066,93.2799987792969,11.6,4.8,2364733.0,100.0,False,0.0,False,0.0,False,0.0,False,0.0,False,-0.04605263157894741,False,False,False,False,False
KWT,Kuwait,2007,20.624,45709.4132876371,93.6600036621094,11.4,5.1,2507887.0,100.0,False,0.0,False,0.0,False,0.0,False,0.0,False,-0.048414023372287146,False,False,False,False,False
KWT,Kuwait,2008,19.956,55585.1889344442,93.9000015258789,11.2,5.1,2651421.0,100.0,False,0.0,False,0.0,False,0.0,False,0.0,False,-0.05084745762711876,False,False,False,False,False
KWT,Kuwait,2009,19.484,37907.1001320042,93.9000015258789,11.0,3.8,2795484.0,100.0,False,0.0,False,0.0,False,0.0,True,1.0,False,-0.051724137931034454,False,False,False,False,False
KWT,Kuwait,2010,18.876,39212.252220155,94.4700012207031,10.7,4.0,2943372.0,100.0,False,0.0,False,0.0,False,0.0,False,0.0,False,-0.06140350877192992,False,False,False,False,False
KWT,Kuwait,2011,18.058,49169.6063813095,94.4700012207031,10.3,4.1,3132814.0,100.0,False,0.0,False,0.0,False,0.0,True,1.0,False,-0.0787119856887298,False,False,False,False,False
KWT,Kuwait,2012,17.754,52155.2225833921,95.5100021362305,10.0,4.3,3337109.0,100.0,False,0.0,False,0.0,False,0.0,False,0.0,False,-0.08424908424908409,False,False,False,False,False
KWT,Kuwait,2013,16.818,49651.0439275077,95.5899963378906,9.6,5.6,3507844.0,100.0,False,0.0,False,0.0,False,0.0,False,0.0,False,-0.09774436090225572,False,False,False,False,False
KWT,Kuwait,2014,16.712,44368.7813457751,95.5899963378906,9.3,5.9,3665876.0,100.0,False,0.0,False,0.0,False,0.0,True,1.0,False,-0.09883720930232538,False,False,False,False,False
KWT,Kuwait,2015,15.391,29882.2126495698,95.6900024414062,9.1,5.2,3834574.0,100.0,False,0.0,False,0.0,False,0.0,False,0.0,False,-0.0881763527054109,False,False,False,False,False
KWT,Kuwait,2016,14.662,27323.6890735517,95.6900024414062,9.0,6.3,4004096.0,100.0,False,0.0,False,0.0,False,0.0,True,1.0,False,-0.06832298136645965,False,False,False,False,False
KWT,Kuwait,2017,14.256,29047.6536135703,96.0400009155273,8.9,5.8,4154812.0,100.0,False,0.0,False,0.0,False,0.0,False,0.0,False,-0.05319148936170213,False,False,False,False,False
KWT,Kuwait,2018,12.825,32067.9623756889,96.0599975585938,8.9,7.0,4323515.0,100.0,False,0.0,False,0.0,False,0.0,False,0.0,False,-0.030501089324618855,False,False,False,False,False
KWT,Kuwait,2019,12.06,31707.8737443551,96.0599975585938,8.9,4.6,4442316.0,100.0,False,0.0,False,0.0,False,0.0,True,1.0,False,-0.015486725663716875,False,False,False,False,False
KWT,Kuwait,2020,11.6919249210071,25236.0755848941,96.4599990844727,8.8,3.8,4400267.0,100.0,False,0.0,False,0.0,False,0.0,False,0.0,False,-0.017857142857142676,False,False,False,False,False
KWT,Kuwait,2021,12.234184852521,34018.6342592913,96.4599990844727,8.7,4.3,4360865.0,100.0,False,0.0,False,0.0,False,0.0,True,1.0,False,-0.022471910112359866,False,False,False,False,False
KWT,Kuwait,2022,10.8489565017698,39981.7691035833,96.4599990844727,8.6,4.6,4589643.0,100.0,False,0.0,False,0.0,False,0.0,True,2.0,False,-0.02714932126696835,False,False,False,False,False
KWT,Kuwait,2023,10.3028486127809,34091.9714813002,96.4599990844727,8.4,3.2,4853420.0,100.0,False,0.0,False,0.0,False,0.0,True,3.0,True,-0.04328018223234613,False,False,False,False,False
LAO,Lao PDR,2000,32.901,318.749852236965,69.5800018310547,100.1,47.5,5431212.0,28.5792078387046,False,0.0,False,0.0,False,0.0,False,0.0,False,0.0,False,False,False,False,False
LAO,Lao PDR,2001,32.112,320.316005439568,68.7300033569336,95.6,47.5,5521482.0,31.5102351712047,True,1.0,False,0.0,False,0.0,False,0.0,False,0.0,False,False,False,False,False
LAO,Lao PDR,2002,31.18,313.350817148131,68.7300033569336,91.1,47.5,5610889.0,34.4269495344491,True,2.0,False,0.0,False,0.0,True,1.0,False,0.0,False,False,False,False,False
LAO,Lao PDR,2003,30.66,355.097216151461,68.7300033569336,86.6,47.5,5697945.0,37.3258889602635,True,3.0,False,0.0,False,0.0,True,2.0,False,-0.09414225941422581,False,False,False,False,False
LAO,Lao PDR,2004,30.075,409.296298284117,68.7300033569336,82.1,47.5,5781626.0,40.206970140516,True,4.0,False,0.0,False,0.0,True,3.0,False,-0.12051419389394752,False,False,False,False,False
LAO,Lao PDR,2005,28.788,466.061506997741,72.6999969482422,77.7,47.5,5869523.0,43.0065419549901,True,5.0,False,0.0,False,0.0,False,0.0,False,-0.14709110867178915,False,False,False,False,False
LAO,Lao PDR,2006,28.365,579.391947440719,72.6999969482422,73.5,47.7,5963200.0,45.6181272062028,False,0.0,False,0.0,False,0.0,True,1.0,False,-0.1514661740937427,False,False,False,False,False
LAO,Lao PDR,2007,28.124,697.323013673925,72.6999969482422,69.5,47.7,6056236.0,48.2158994762992,True,1.0,False,0.0,False,0.0,True,2.0,False,-0.1545012165450122,False,False,False,False,False
LAO,Lao PDR,2008,27.882,885.747376088762,72.6999969482422,65.5,47.7,6148969.0,50.8009551119223,True,2.0,False,0.0,False,0.0,True,3.0,False,-0.1589625064201335,False,False,False,False,False
LAO,Lao PDR,2009,27.569,935.03237283283,72.6999969482422,61.8,47.7,6241642.0,53.3715578045122,True,3.0,False,0.0,False,0.0,True,4.0,False,-0.16101004615802336,False,False,False,False,False
LAO,Lao PDR,2010,27.195,1125.91610151261,72.6999969482422,58.4,47.7,6334194.0,55.92839334626,True,4.0,False,0.0,False,0.0,True,5.0,False,-0.160919540229885,False,False,False,False,False
LAO,Lao PDR,2011,26.777,1361.54704394913,72.6999969482422,55.1,44.2,6426590.0,58.4713447138194,False,0.0,False,0.0,False,0.0,True,6.0,False,-0.16184971098265888,False,False,False,False,False
LAO,Lao PDR,2012,26.174,1563.5650771337,72.6999969482422,52.1,44.2,6518978.0,61.0006356441256,True,1.0,False,0.0,False,0.0,True,7.0,False,-0.1604898485336769,False,False,False,False,False
LAO,Lao PDR,2013,25.623,1812.51774424651,72.6999969482422,49.4,44.2,6611385.0,63.5147843127718,True,2.0,False,0.0,False,0.0,True,8.0,False,-0.15670877432570843,False,False,False,False,False
LAO,Lao PDR,2014,25.049,1981.03910900473,72.6999969482422,46.8,44.2,6703172.0,66.0147584184353,True,3.0,False,0.0,False,0.0,True,9.0,False,-0.15462427745664734,False,False,False,False,False
LAO,Lao PDR,2015,24.962,2121.01339097363,84.6600036621094,44.4,35.5,6801645.0,68.5001364815887,False,0.0,False,0.0,False,0.0,False,0.0,False,-0.1520244461420932,False,False,False,False,False
LAO,Lao PDR,2016,24.567,2303.22156035363,84.6600036621094,42.2,35.5,6908802.0,70.9711485336486,True,1.0,False,0.0,False,0.0,True,1.0,False,-0.148506860371267,False,False,False,False,False
LAO,Lao PDR,2017,24.117,2432.43059478511,73.7200012207031,40.2,33.1,7018147.0,73.4268509487817,False,0.0,False,0.0,False,0.0,False,0.0,False,-0.1443167305236271,False,False,False,False,False
LAO,Lao PDR,2018,23.599,2545.1075420815,73.7200012207031,38.3,33.1,7128045.0,75.8672585757636,True,1.0,False,0.0,False,0.0,True,1.0,False,-0.14125560538116602,False,False,False,False,False
LAO,Lao PDR,2019,23.151,2589.32081035237,73.7200012207031,36.5,33.1,7237636.0,78.292642485837,True,2.0,False,0.0,False,0.0,True,2.0,False,-0.1387446908919302,False,False,False,False,False
LAO,Lao PDR,2020,22.618,2583.77730696131,73.7200012207031,34.8,33.1,7346533.0,80.7027420895793,True,3.0,False,0.0,False,0.0,True,3.0,False,-0.13690476190476214,False,False,False,False,False
LAO,Lao PDR,2021,22.147,2526.05105018529,73.7200012207031,33.2,33.1,7453194.0,83.0975867054683,True,4.0,False,0.0,False,0.0,True,4.0,False,-0.13541666666666657,False,False,False,False,False
LAO,Lao PDR,2022,21.693,2046.40440255621,73.7200012207031,31.8,33.1,7559007.0,85.1292056400031,True,5.0,False,0.0,False,0.0,True,5.0,False,-0.13114754098360656,False,False,False,False,False
LAO,Lao PDR,2023,21.271,2066.94979776957,75.6399993896484,30.5,32.8,7664993.0,86.9959981840748,False,0.0,False,0.0,False,0.0,False,0.0,True,-0.12657502863688436,False,False,False,False,False
LBN,Lebanon,2000,21.306,3986.83513941026,,20.0,,4329340.0,76.9237295197972,False,,False,0.0,False,0.0,False,,False,0.0,False,False,False,False,False
LBN,Lebanon,2001,21.056,4009.55929751102,,18.9,,4401918.0,76.9237295197972,False,,False,0.0,False,0.0,False,,False,0.0,False,False,False,False,False
LBN,Lebanon,2002,20.624,4290.85283803266,,18.0,,4463504.0,76.9237295197972,False,,False,0.0,False,0.0,False,,False,0.0,False,False,False,False,False
LBN,Lebanon,2003,20.002,4437.71588507526,,17.0,,4525508.0,78.2329078327086,False,,False,0.0,False,0.0,False,,False,-0.10369068541300519,False,False,False,False,False
LBN,Lebanon,2004,19.347,4600.68371412993,,16.1,16.5,4599279.0,79.54208614562,False,0.0,False,0.0,False,0.0,False,,False,-0.12855209742895804,False,False,False,False,False
LBN,Lebanon,2005,18.668,4602.19804637945,,15.3,16.5,4671102.0,80.8512644585314,True,1.0,False,0.0,False,0.0,False,,False,-0.14999999999999997,False,False,False,False,False
LBN,Lebanon,2006,18.27,4635.2514117486,,14.6,16.5,4751136.0,82.1604427714428,True,2.0,False,0.0,False,0.0,False,,False,-0.1441969519343493,False,False,False,False,False
LBN,Lebanon,2007,17.945,5125.25809960149,89.6100006103516,14.1,16.5,4844118.0,83.4696210843542,True,3.0,False,0.0,False,0.0,False,0.0,False,-0.12962962962962982,False,False,False,False,False
LBN,Lebanon,2008,17.793,5912.04532820842,89.6100006103516,13.6,16.5,4925354.0,84.7787993972656,True,4.0,False,0.0,False,0.0,True,1.0,False,-0.11802853437094674,False,False,False,False,False
LBN,Lebanon,2009,17.99,7090.85493856621,91.1800003051758,13.2,16.5,4992287.0,86.087977710177,True,5.0,False,0.0,False,0.0,False,0.0,False,-0.10447761194029857,False,False,False,False,False
LBN,Lebanon,2010,18.605,7625.81051551165,91.1800003051758,13.0,16.5,5041288.0,87.3971560230884,True,6.0,False,0.0,False,0.0,True,1.0,False,-0.08192090395480227,False,False,False,False,False
LBN,Lebanon,2011,19.033,7834.96257108993,91.1800003051758,12.8,16.5,5096020.0,88.7063343359999,True,7.0,False,0.0,False,0.0,True,2.0,False,-0.06569343065693421,False,False,False,False,False
LBN,Lebanon,2012,18.962,8406.98405608118,91.1800003051758,12.7,16.5,5235742.0,90.0155126489113,True,8.0,False,0.0,False,0.0,True,3.0,False,-0.04797601199400304,False,False,False,False,False
LBN,Lebanon,2013,18.016,8162.37929361396,91.1800003051758,12.7,16.5,5743436.0,91.3246909618227,True,9.0,False,0.0,False,0.0,True,4.0,False,-0.02756508422664621,False,False,False,False,False
LBN,Lebanon,2014,18.812,7577.6413302369,91.1800003051758,12.8,16.5,6346990.0,92.6338692747341,True,10.0,False,0.0,False,0.0,True,5.0,False,-0.00621118012422347,False,False,False,False,False
LBN,Lebanon,2015,19.555,7714.1099998804,91.1800003051758,12.9,16.5,6472469.0,93.9430475876455,True,11.0,False,0.0,False,0.0,True,6.0,False,0.007812499999999972,False,False,False,False,False
LBN,Lebanon,2016,19.197,8089.012088155,91.1800003051758,13.2,16.5,6323060.0,95.2522259005569,True,12.0,False,0.0,False,0.0,True,7.0,False,0.032863849765258066,False,False,False,False,False
LBN,Lebanon,2017,18.648,8608.21084982387,91.1800003051758,13.5,16.5,6160128.0,96.5614042134683,True,13.0,False,0.0,False,0.0,True,8.0,False,0.04976671850699849,False,False,False,False,False
LBN,Lebanon,2018,18.09,9174.53666204759,92.6699981689453,14.0,16.5,5984119.0,97.8705825263797,True,14.0,False,0.0,False,0.0,False,0.0,False,0.0752688172043011,False,False,False,False,False
LBN,Lebanon,2019,17.622,8905.88005497437,92.0099744752418,14.5,16.5,5794594.0,99.0673793809694,True,15.0,False,0.0,False,0.0,False,0.0,False,0.09186746987951798,False,False,False,False,False
LBN,Lebanon,2020,16.912,5561.19166950397,92.0099744752418,15.1,16.5,5702398.0,99.2,True,16.0,False,0.0,False,0.0,True,1.0,False,0.1086637298091043,False,False,False,False,False
LBN,Lebanon,2021,16.573,4045.37391066234,92.0099744752418,15.7,7.0,5718122.0,99.2,False,0.0,False,0.0,False,0.0,True,2.0,False,0.11664295874822196,False,False,False,False,False
LBN,Lebanon,2022,16.372,3654.35845534878,92.0099744752418,16.3,7.0,5744489.0,99.2,True,1.0,False,0.0,False,0.0,True,3.0,False,0.11950549450549465,False,False,False,False,False
LBN,Lebanon,2023,16.144,3477.72489842684,92.0099744752418,17.0,13.9,5773493.0,99.2,False,0.0,False,0.0,False,0.0,True,4.0,True,0.1243386243386244,False,False,False,False,False
LBR,Liberia,2000,43.238,298.485340578945,,194.9,45.3,2928117.0,12.1734894943623,False,0.0,False,0.0,False,0.0,False,,False,0.0,False,False,False,False,True
LBR,Liberia,2001,42.571,300.463828598983,,181.7,45.3,3015338.0,12.4677838881013,True,1.0,False,0.0,False,0.0,False,,False,0.0,False,False,False,False,True
LBR,Liberia,2002,42.001,299.536445539621,,168.6,45.3,3094782.0,12.7650839146354,True,2.0,False,0.0,False,0.0,False,,False,0.0,False,False,False,False,True
LBR,Liberia,2003,42.001,239.779556677091,,156.2,45.3,3119532.0,13.0649848713731,True,3.0,False,0.0,False,0.0,False,,False,-0.14049889948642713,False,False,False,False,True
LBR,Liberia,2004,41.116,284.140223992458,,144.8,45.3,3156892.0,13.3677053295354,True,4.0,False,0.0,False,0.0,False,,False,-0.17422298260621605,False,False,False,False,True
LBR,Liberia,2005,40.619,287.487333441381,,134.9,45.3,3301015.0,13.6730363587121,True,5.0,False,0.0,False,0.0,False,,False,-0.2029071141574096,False,False,False,False,True
LBR,Liberia,2006,40.842,320.55808618515,,126.5,45.3,3490787.0,14.1158011729766,True,6.0,False,0.0,False,0.0,False,,False,-0.19549732892393798,False,False,False,False,True
LBR,Liberia,2007,40.397,374.211308104278,,119.6,39.6,3669050.0,14.564331528772,False,0.0,False,0.0,False,0.0,False,,False,-0.1819425444596443,False,False,False,False,True
LBR,Liberia,2008,39.663,451.713856283285,,114.0,36.1,3821003.0,15.018343502263,False,0.0,False,0.0,False,0.0,False,,False,-0.1642228739002933,False,False,False,False,True
LBR,Liberia,2009,38.81,448.386367025545,,109.5,36.1,3943028.0,15.4802745365152,True,1.0,False,0.0,False,0.0,False,,False,-0.14426383244763985,False,False,False,False,True
LBR,Liberia,2010,37.967,492.252808033724,59.4030316392756,105.7,39.0,4058890.0,15.9501173630923,False,0.0,False,0.0,False,0.0,False,0.0,False,-0.12572373862696445,False,False,False,False,True
LBR,Liberia,2011,36.93,568.087865520004,59.4030316392756,102.4,39.0,4221178.0,16.4280907750626,True,1.0,False,0.0,False,0.0,True,1.0,False,-0.11002954980010438,False,False,False,False,True
LBR,Liberia,2012,37.426,638.368751462083,59.4030316392756,99.5,39.0,4373043.0,16.9137232016405,True,2.0,False,0.0,False,0.0,True,2.0,False,-0.09742380261248193,False,False,False,False,True
LBR,Liberia,2013,36.234,710.744570927863,59.4030316392756,97.0,32.1,4470239.0,17.4074580077978,False,0.0,False,0.0,False,0.0,True,3.0,False,-0.08680097909998116,False,False,False,False,True
LBR,Liberia,2014,35.221,706.714490064507,59.4030316392756,97.0,32.1,4564293.0,17.9088071106971,True,1.0,False,0.0,False,0.0,True,4.0,False,-0.05660377358490573,False,False,False,False,True
LBR,Liberia,2015,34.343,692.590082351257,59.4030316392756,93.2,32.1,4659431.0,18.4179781203981,True,2.0,False,0.0,False,0.0,True,5.0,False,-0.0709728867623605,False,False,False,False,True
LBR,Liberia,2016,33.926,714.613063145659,59.4030316392756,91.5,30.1,4755608.0,18.9349390175014,False,0.0,False,0.0,False,0.0,True,6.0,False,-0.06460846452668173,False,False,False,False,True
LBR,Liberia,2017,33.384,699.269095727404,59.4030316392756,90.3,30.1,4848925.0,19.4591800299081,True,1.0,False,0.0,False,0.0,True,7.0,False,-0.05583437892095361,False,False,False,False,True
LBR,Liberia,2018,32.955,692.203127129794,59.4030316392756,89.4,30.1,4944726.0,19.9911366216728,True,2.0,False,0.0,False,0.0,True,8.0,False,-0.046908315565031895,False,False,False,False,True
LBR,Liberia,2019,32.431,658.164180770507,59.4030316392756,88.7,29.8,5043721.0,20.5305258325317,False,0.0,False,0.0,False,0.0,True,9.0,False,-0.03879497182488078,False,False,False,False,True
LBR,Liberia,2020,31.923,616.787867006715,59.4030316392756,88.3,29.8,5149463.0,21.0772995001903,True,1.0,False,0.0,False,0.0,True,10.0,False,-0.025601412491723763,False,False,False,False,True
LBR,Liberia,2021,31.524,667.96610514319,59.4030316392756,88.0,29.8,5259323.0,21.631407651363,True,2.0,False,0.0,False,0.0,True,11.0,False,-0.01829540383757252,False,False,False,False,True
LBR,Liberia,2022,31.189,744.617175237387,59.4030316392756,87.8,29.8,5373294.0,22.1923063601074,True,3.0,False,0.0,False,0.0,True,12.0,False,-0.01281762986282888,False,False,False,False,True
LBR,Liberia,2023,30.96,799.194470229642,59.4030316392756,87.3,29.8,5493031.0,22.7604195167576,True,4.0,False,0.0,False,0.0,True,13.0,True,-0.012890094979647226,False,False,False,False,True
LBY,Libya,2000,21.691,7214.10040377084,,28.1,,5305021.0,91.0645500144262,False,,False,0.0,False,0.0,False,,False,0.0,False,False,False,False,True
LBY,Libya,2001,22.057,6312.80030498965,,27.3,,5403639.0,90.9576581822951,False,,False,0.0,False,0.0,False,,False,0.0,False,False,False,False,True
LBY,Libya,2002,22.497,3718.29434696755,,26.5,,5508410.0,90.8507663501639,False,,False,0.0,False,0.0,False,,False,0.0,False,False,False,False,True
LBY,Libya,2003,22.92,4674.09943200321,,25.5,,5619398.0,90.7438745180328,False,,False,0.0,False,0.0,False,,False,-0.06593406593406596,False,False,False,False,True
LBY,Libya,2004,23.376,5773.76333234281,,24.4,,5736693.0,90.6369826859016,False,,False,0.0,False,0.0,False,,False,-0.09124767225325894,False,False,False,False,True
LBY,Libya,2005,23.903,8079.24957329001,,23.1,,5858798.0,90.5300908537705,False,,False,0.0,False,0.0,False,,False,-0.12367223065250384,False,False,False,False,True
LBY,Libya,2006,23.931,10048.8480434289,,21.7,,5980211.0,90.4231990216393,False,,False,0.0,False,0.0,False,,False,-0.14432176656151433,False,False,False,False,True
LBY,Libya,2007,23.712,11144.9448413435,,20.2,21.0,6104380.0,90.3163071895082,False,0.0,False,0.0,False,0.0,False,,False,-0.16666666666666663,False,False,False,False,True
LBY,Libya,2008,23.437,13906.1407818125,,18.8,21.0,6235430.0,90.209415357377,True,1.0,False,0.0,False,0.0,False,,False,-0.1818973020017405,False,False,False,False,True
LBY,Libya,2009,23.155,9551.05403869755,,17.6,21.0,6366686.0,90.1025235252459,True,2.0,False,0.0,False,0.0,False,,False,-0.186691312384473,False,False,False,False,True
LBY,Libya,2010,23.545,11600.9068649472,,16.6,21.0,6497839.0,89.9956316931147,True,3.0,False,0.0,False,0.0,False,,False,-0.18145956607495067,False,False,False,False,True
LBY,Libya,2011,24.905,7593.8391525702,,19.6,21.0,6343203.0,89.8887398609836,True,4.0,False,0.0,False,0.0,False,,False,0.03266596417281354,False,False,False,False,True
LBY,Libya,2012,22.587,14975.8902795144,,15.0,21.0,6179328.0,89.7818480288524,True,5.0,False,0.0,False,0.0,False,,False,-0.1918103448275863,False,False,False,False,True
LBY,Libya,2013,22.54,11951.7134126011,,14.4,21.0,6304628.0,89.6749561967213,True,6.0,False,0.0,False,0.0,False,,False,-0.17808219178082205,False,False,False,False,True
LBY,Libya,2014,22.623,8926.42074591474,,13.8,38.1,6427252.0,89.5680643645901,False,0.0,False,0.0,False,0.0,False,,False,-0.1706730769230771,False,False,False,False,True
LBY,Libya,2015,21.921,7458.48917756374,,13.3,38.1,6531819.0,89.461172532459,True,1.0,False,0.0,False,0.0,False,,False,-0.1624685138539043,False,False,False,False,True
LBY,Libya,2016,21.252,7525.80299308216,,12.8,38.1,6632126.0,89.3542807003278,True,2.0,False,0.0,False,0.0,False,,False,-0.15900131406044687,False,False,False,False,True
LBY,Libya,2017,20.511,9965.83236729757,,12.4,38.1,6738770.0,89.2473888681967,True,3.0,False,0.0,False,0.0,False,,False,-0.10533910533910527,False,False,False,False,True
LBY,Libya,2018,19.844,11196.5854810844,,11.9,38.1,6849055.0,89.1404970360656,True,4.0,False,0.0,False,0.0,False,,False,-0.10794602698650671,False,False,False,False,True
LBY,Libya,2019,19.241,9963.19489084483,,11.6,38.1,6951033.0,89.0336052039344,True,5.0,False,0.0,False,0.0,False,,False,-0.09657320872274146,False,False,False,False,True
LBY,Libya,2020,18.737,6650.33810585348,,11.2,38.1,7045399.0,88.9267133718033,True,6.0,False,0.0,False,0.0,False,,False,-0.09677419354838718,False,False,False,False,True
LBY,Libya,2021,18.176,4935.82787349801,,10.8,38.1,7135175.0,88.8198215396721,True,7.0,False,0.0,False,0.0,False,,False,-0.09849749582637726,False,False,False,False,True
LBY,Libya,2022,17.537,5986.63694851258,,10.4,7.9,7223805.0,88.712929707541,False,0.0,False,0.0,False,0.0,False,,False,-0.1018998272884283,False,False,False,False,True
LBY,Libya,2023,17.024,6026.51518708812,,31.7,7.9,7305659.0,88.6060378754098,True,1.0,False,0.0,False,0.0,False,,True,1.8354203935599285,True,False,False,False,True
LCA,St. Lucia,2000,18.83,5879.56191426207,,18.5,,158616.0,84.9744584780529,False,,False,0.0,False,0.0,False,,False,0.0,False,True,False,False,True
LCA,St. Lucia,2001,18.034,5570.45247098106,,18.4,,160237.0,84.9803185483626,False,,False,0.0,False,0.0,False,,False,0.0,False,True,False,False,True
LCA,St. Lucia,2002,17.328,5567.89428424719,,18.4,,161641.0,85.0025858792269,False,,False,0.0,False,0.0,False,,False,0.0,False,True,False,False,True
LCA,St. Lucia,2003,16.622,6058.60622059326,,18.4,,162976.0,85.0242495780866,False,,False,0.0,False,0.0,False,,False,-0.0018083182640145565,False,True,False,False,True
LCA,St. Lucia,2004,16.028,6494.60034867886,,18.5,,164239.0,84.8312463406427,False,,False,0.0,False,0.0,False,,False,0.0040705563093624345,False,True,False,False,True
LCA,St. Lucia,2005,15.632,6863.43641919345,,18.5,,165450.0,84.6384275834936,False,,False,0.0,False,0.0,False,,False,0.0032537960954448094,False,True,False,False,True
LCA,St. Lucia,2006,15.302,7611.17856675319,,18.6,,166639.0,84.4463989755519,False,,False,0.0,False,0.0,False,,False,0.008676789587852696,False,True,False,False,True
LCA,St. Lucia,2007,14.773,7964.38211480117,,18.6,,167758.0,84.2555483784104,False,,False,0.0,False,0.0,False,,False,0.00649350649350674,False,True,False,False,True
LCA,St. Lucia,2008,14.55,8516.96075488787,,18.7,,168808.0,84.0663414681814,False,,False,0.0,False,0.0,False,,False,0.009719222462203008,False,True,False,False,True
LCA,St. Lucia,2009,14.599,8250.52180732734,,18.8,,169869.0,83.8789714448605,False,,False,0.0,False,0.0,False,,False,0.011840688912809604,False,True,False,False,True
LCA,St. Lucia,2010,13.789,8673.68720340529,,18.8,,170906.0,83.6875055171491,False,,False,0.0,False,0.0,False,,False,0.008583690987124278,False,True,False,False,True
LCA,St. Lucia,2011,12.394,9128.99442011613,,18.8,,171801.0,83.4554358381498,False,,False,0.0,False,0.0,False,,False,0.005347593582887586,False,True,False,False,True
LCA,St. Lucia,2012,12.448,9260.30006551714,,18.8,2.5,172587.0,83.2177970691817,False,0.0,False,0.0,False,0.0,False,,False,0.0032017075773745312,False,True,False,False,True
LCA,St. Lucia,2013,12.493,9577.21733754358,,18.8,2.5,173369.0,82.9738127576029,True,1.0,False,0.0,False,0.0,False,,False,0.001064962726304746,False,True,False,False,True
LCA,St. Lucia,2014,12.394,10044.8218377677,,18.8,2.5,174138.0,82.7233630078731,True,2.0,False,0.0,False,0.0,False,,False,0.0,False,True,False,False,True
LCA,St. Lucia,2015,12.308,10334.9860823918,,18.7,2.5,174905.0,82.9135424876692,True,3.0,False,0.0,False,0.0,False,,False,-0.005319148936170288,False,True,False,False,True
LCA,St. Lucia,2016,12.209,10638.1269396653,,18.6,2.5,175646.0,83.1035196660243,True,4.0,False,0.0,False,0.0,False,,False,-0.009584664536741198,False,True,False,False,True
LCA,St. Lucia,2017,12.1,11333.1123822102,,18.5,2.5,176342.0,83.2569990879187,True,5.0,False,0.0,False,0.0,False,,False,-0.012806830309498503,False,True,False,False,True
LCA,St. Lucia,2018,11.979,11642.6984727769,,18.4,2.5,177017.0,83.3759977820708,True,6.0,False,0.0,False,0.0,False,,False,-0.01498929336188443,False,True,False,False,True
LCA,St. Lucia,2019,11.853,11764.3944032403,,18.2,2.5,177661.0,83.3723158043306,True,7.0,False,0.0,False,0.0,False,,False,-0.021505376344086134,False,True,False,False,True
LCA,St. Lucia,2020,11.713,8537.11495506727,,18.1,2.5,178250.0,83.3681101145383,True,8.0,False,0.0,False,0.0,False,,False,-0.02056277056277032,False,True,False,False,True
LCA,St. Lucia,2021,11.572,10481.1233971786,,17.9,2.5,178522.0,83.3633139252982,True,9.0,False,0.0,False,0.0,False,,False,-0.025054466230936868,False,True,False,False,True
LCA,St. Lucia,2022,11.417,12976.1489693474,,17.7,2.5,178781.0,83.3579905079804,True,10.0,False,0.0,False,0.0,False,,False,-0.028540065861690427,False,True,False,False,True
LCA,St. Lucia,2023,11.262,13616.6397593734,,17.5,2.5,179285.0,83.3579905079804,True,11.0,True,1.0,False,0.0,False,,True,-0.031007751937984426,False,True,False,False,True
LIE,Liechtenstein,2000,12.9,76087.911114202,,,,32645.0,99.95,False,,False,0.0,False,0.0,False,,False,0.0,False,True,False,False,True
LIE,Liechtenstein,2001,12.1,75067.8001680043,,,,33194.0,99.95,False,,False,0.0,False,0.0,False,,False,0.0,False,True,False,False,True
LIE,Liechtenstein,2002,11.7,79795.1785891101,,,,33694.0,99.95,False,,False,0.0,False,0.0,False,,False,0.0,False,True,False,False,True
LIE,Liechtenstein,2003,10.2,90108.3673647008,,,,34079.0,99.95,False,,False,0.0,False,0.0,False,,False,0.0,False,True,False,False,True
LIE,Liechtenstein,2004,10.8,100280.831356705,,,,34447.0,99.95,False,,False,0.0,False,0.0,False,,False,0.0,False,True,False,False,True
LIE,Liechtenstein,2005,11.0,105295.057027611,,,,34753.0,99.95,False,,False,0.0,False,0.0,False,,False,0.0,False,True,False,False,True
LIE,Liechtenstein,2006,10.3,114167.939211301,,,,35037.0,99.95,False,,False,0.0,False,0.0,False,,False,0.0,False,True,False,False,True
LIE,Liechtenstein,2007,10.0,130492.595349517,,,,35262.0,99.95,False,,False,0.0,False,0.0,False,,False,0.0,False,True,False,False,True
LIE,Liechtenstein,2008,9.9,143249.227302093,,,,35473.0,99.95,False,,False,0.0,False,0.0,False,,False,0.0,False,True,False,False,True
LIE,Liechtenstein,2009,11.4,126024.714567466,,,,35742.0,99.95,False,,False,0.0,False,0.0,False,,False,0.0,False,True,False,False,True
LIE,Liechtenstein,2010,9.1,141089.812849014,,,,36022.0,99.95,False,,False,0.0,False,0.0,False,,False,0.0,False,True,False,False,True
LIE,Liechtenstein,2011,10.9,158066.369379163,,,,36312.0,99.95,False,,False,0.0,False,0.0,False,,False,0.0,False,True,False,False,True
LIE,Liechtenstein,2012,9.7,148842.035144342,,,,36657.0,99.95,False,,False,0.0,False,0.0,False,,False,0.0,False,True,False,False,True
LIE,Liechtenstein,2013,9.2,172823.607794648,,,,36984.0,99.95,False,,False,0.0,False,0.0,False,,False,0.0,False,True,False,False,True
LIE,Liechtenstein,2014,10.0,178735.153020908,,,,37248.0,99.95,False,,False,0.0,False,0.0,False,,False,0.0,False,True,False,False,True
LIE,Liechtenstein,2015,8.7,167187.15730982,,,,37494.0,99.95,False,,False,0.0,False,0.0,False,,False,0.0,False,True,False,False,True
LIE,Liechtenstein,2016,10.0,165375.491396259,,,,37716.0,99.95,False,,False,0.0,False,0.0,False,,False,0.0,False,True,False,False,True
LIE,Liechtenstein,2017,8.9,170547.092298954,,,,37962.0,99.95,False,,False,0.0,False,0.0,False,,False,0.0,False,True,False,False,True
LIE,Liechtenstein,2018,9.9,174988.775083446,,,,38246.0,99.95,False,,False,0.0,False,0.0,False,,False,0.0,False,True,False,False,True
LIE,Liechtenstein,2019,9.2,166907.839305016,,,,38563.0,99.95,False,,False,0.0,False,0.0,False,,False,0.0,False,True,False,False,True
LIE,Liechtenstein,2020,9.1,164671.093553454,,,,38901.0,99.95,False,,False,0.0,False,0.0,False,,False,0.0,False,True,False,False,True
LIE,Liechtenstein,2021,9.6,201944.830335076,,,,39182.0,99.95,False,,False,0.0,False,0.0,False,,False,0.0,False,True,False,False,True
LIE,Liechtenstein,2022,9.2,188055.003235348,,,,39493.0,99.95,False,,False,0.0,False,0.0,False,,False,0.0,False,True,False,False,True
LIE,Liechtenstein,2023,9.1,206780.590353385,,,,39846.0,99.95,False,,False,0.0,False,0.0,False,,True,0.0,False,True,False,False,True
LKA,Sri Lanka,2000,18.402,860.199884304769,,16.3,18.3,19293054.0,76.8072668848757,False,0.0,False,0.0,False,0.0,False,,False,0.0,False,False,False,False,False
LKA,Sri Lanka,2001,18.95,803.544026627385,90.6800003051758,15.8,18.3,19600362.0,77.6040116337401,True,1.0,False,0.0,False,0.0,False,0.0,False,0.0,False,False,False,False,False
LKA,Sri Lanka,2002,19.172,834.936014905338,90.6800003051758,15.5,18.3,19805752.0,78.4039232794379,True,2.0,False,0.0,False,0.0,True,1.0,False,0.0,False,False,False,False,False
LKA,Sri Lanka,2003,19.093,946.382255128072,90.6800003051758,15.2,18.3,19951521.0,79.2069755512289,True,3.0,False,0.0,False,0.0,True,2.0,False,-0.04201680672268915,False,False,False,False,False
LKA,Sri Lanka,2004,18.826,1028.62068132555,90.6800003051758,29.0,18.3,20087605.0,80.0131764124299,True,4.0,False,0.0,False,0.0,True,3.0,False,0.8471337579617835,True,False,False,False,False
LKA,Sri Lanka,2005,18.716,1207.21994764165,90.6800003051758,14.0,18.3,20216524.0,80.8225453170759,True,5.0,False,0.0,False,0.0,True,4.0,False,-0.23747276688453156,True,False,False,False,False
LKA,Sri Lanka,2006,18.852,1388.89739119932,90.8099975585938,13.3,18.3,20352411.0,81.6350563894259,True,6.0,False,0.0,False,0.0,False,0.0,False,-0.2569832402234636,False,False,False,False,False
LKA,Sri Lanka,2007,18.81,1578.63451125392,90.8099975585938,12.6,18.1,20492545.0,82.4507307606243,False,0.0,False,0.0,False,0.0,True,1.0,False,-0.2758620689655172,False,False,False,False,False
LKA,Sri Lanka,2008,18.204,1973.58476901287,90.5599975585938,12.0,18.1,20629378.0,83.2695498205745,True,1.0,False,0.0,False,0.0,False,0.0,False,-0.286563614744352,False,False,False,False,False
LKA,Sri Lanka,2009,17.628,2026.65939950702,90.5599975585938,21.5,19.2,20756435.0,84.0915264944886,False,0.0,False,0.0,False,0.0,True,1.0,False,0.3288009888751545,False,False,False,False,False
LKA,Sri Lanka,2010,17.147,2808.36245207687,91.1800003051758,11.2,19.2,20879089.0,84.916653598686,True,1.0,False,0.0,False,0.0,False,0.0,False,-0.23705722070844698,False,False,False,False,False
LKA,Sri Lanka,2011,17.091,3224.95745082305,91.1800003051758,10.8,19.2,21009048.0,85.744932124631,True,2.0,False,0.0,False,0.0,True,1.0,False,-0.2351274787535411,False,False,False,False,False
LKA,Sri Lanka,2012,17.148,3327.77612404326,91.1800003051758,10.3,14.6,21169458.0,86.576365798464,False,0.0,False,0.0,False,0.0,True,2.0,False,-0.24375917767988242,False,False,False,False,False
LKA,Sri Lanka,2013,17.028,3739.43182292825,91.1800003051758,9.8,14.6,20585000.0,87.410942249761,True,1.0,False,0.0,False,0.0,True,3.0,False,-0.2553191489361702,False,False,False,False,False
LKA,Sri Lanka,2014,16.522,3972.04377042271,92.5346618196112,9.2,14.6,20778000.0,88.2487200055783,True,2.0,False,0.0,False,0.0,False,0.0,False,-0.2767295597484278,False,False,False,False,False
LKA,Sri Lanka,2015,16.022,4057.71582716521,92.5537849020454,8.7,14.6,20970000.0,89.0897723399477,True,3.0,False,0.0,False,0.0,False,0.0,False,-0.15204678362573104,False,False,False,False,False
LKA,Sri Lanka,2016,15.651,4149.19189391879,92.3899993896484,8.3,17.3,21209000.0,89.9341591246989,False,0.0,False,0.0,False,0.0,False,0.0,False,-0.14959016393442615,False,False,False,False,False
LKA,Sri Lanka,2017,15.371,4398.88828786059,91.9000015258789,7.9,17.3,21453000.0,90.7819310655448,True,1.0,False,0.0,False,0.0,False,0.0,False,-0.14686825053995675,False,False,False,False,False
LKA,Sri Lanka,2018,15.15,4358.56095905888,91.7099990844727,7.6,17.3,21670000.0,91.6331770755008,True,2.0,False,0.0,False,0.0,False,0.0,False,-0.13439635535307531,False,False,False,False,False
LKA,Sri Lanka,2019,14.6,4081.94772178134,92.25,7.2,8.4,21803000.0,92.4879479800339,False,0.0,False,0.0,False,0.0,False,0.0,False,-0.13669064748201434,False,False,False,False,False
LKA,Sri Lanka,2020,13.8,3847.60136741182,92.379997253418,6.9,8.2,21919000.0,93.3463184770693,False,0.0,False,0.0,False,0.0,False,0.0,False,-0.1309823677581863,False,False,False,False,False
LKA,Sri Lanka,2021,12.9,3996.96240531688,92.4300003051758,6.6,7.4,22156000.0,94.2083491070029,False,0.0,False,0.0,False,0.0,False,0.0,False,-0.12928759894459108,False,False,False,False,False
LKA,Sri Lanka,2022,12.4,3342.63650438046,92.4899978637695,6.3,9.2,22181000.0,94.9480533011818,False,0.0,False,0.0,False,0.0,False,0.0,False,-0.12983425414364647,False,False,False,False,False
LKA,Sri Lanka,2023,11.2,3815.41531767474,92.6600036621094,6.1,10.3,22037000.0,95.3491933910345,False,0.0,False,0.0,False,0.0,False,0.0,True,-0.11849710982658963,False,False,False,False,False
LSO,Lesotho,2000,28.248,442.779545779081,86.25,108.3,,2003913.0,13.9109680595621,False,,False,0.0,False,0.0,False,0.0,False,0.0,False,False,False,False,False
LSO,Lesotho,2001,28.716,412.677473676821,86.25,110.3,,2000853.0,15.4957394207867,False,,False,0.0,False,0.0,True,1.0,False,0.0,False,False,False,False,False
LSO,Lesotho,2002,29.365,388.92334985135,86.25,112.1,,1994679.0,17.0718164332742,False,,False,0.0,False,0.0,True,2.0,False,0.0,False,False,False,False,False
LSO,Lesotho,2003,29.294,583.270036200288,86.25,113.2,,1985059.0,18.6189165343031,False,,False,0.0,False,0.0,True,3.0,False,0.02691260961596615,False,False,False,False,False
LSO,Lesotho,2004,28.736,766.685820928242,86.25,113.9,44.7,1971129.0,20.1519465673748,False,0.0,False,0.0,False,0.0,True,4.0,False,0.026357287677404924,False,False,False,False,False
LSO,Lesotho,2005,28.561,861.381496414995,86.25,114.6,44.7,1953076.0,21.6703679710685,True,1.0,False,0.0,False,0.0,True,5.0,False,0.027249910362137024,False,False,False,False,False
LSO,Lesotho,2006,28.627,925.467485502842,66.0999984741211,114.7,44.7,1945063.0,23.1744368605151,True,2.0,False,0.0,False,0.0,False,0.0,False,0.016663712107782266,False,False,False,False,False
LSO,Lesotho,2007,29.484,861.188420899563,66.0999984741211,111.9,44.7,1953268.0,24.6557826139107,True,3.0,False,0.0,False,0.0,True,1.0,False,-0.015831134564643773,False,False,False,False,False
LSO,Lesotho,2008,29.642,898.482517882593,66.0999984741211,111.6,44.7,1966541.0,26.1239917400803,True,4.0,False,0.0,False,0.0,True,2.0,False,-0.018124230160126716,False,False,False,False,False
LSO,Lesotho,2009,29.354,878.847950537772,66.0999984741211,99.1,39.3,1980883.0,27.5788226829742,False,0.0,False,0.0,False,0.0,True,3.0,False,-0.12563966825480863,True,False,False,False,False
LSO,Lesotho,2010,29.163,1119.47557793042,66.0999984741211,90.9,39.3,1996251.0,29.020495938413,True,1.0,False,0.0,False,0.0,True,4.0,False,-0.17648124660264533,False,False,False,False,False
LSO,Lesotho,2011,30.209,1280.73390931581,66.0999984741211,85.2,39.3,2014009.0,30.4489318304881,True,2.0,False,0.0,False,0.0,True,5.0,False,-0.1934873154108293,False,False,False,False,False
LSO,Lesotho,2012,30.027,1217.93071228944,66.0999984741211,81.4,39.3,2034354.0,31.8586043360402,True,3.0,False,0.0,False,0.0,True,6.0,False,-0.18387808301584108,False,False,False,False,False
LSO,Lesotho,2013,29.988,1151.03735837227,66.0999984741211,79.3,39.3,2056504.0,33.2568347766841,True,4.0,False,0.0,False,0.0,True,7.0,False,-0.15313968389577107,False,False,False,False,False
LSO,Lesotho,2014,29.5,1173.5377928819,66.0999984741211,77.6,33.4,2080089.0,34.6437079655808,False,0.0,False,0.0,False,0.0,True,8.0,False,-0.10988758889653603,False,False,False,False,False
LSO,Lesotho,2015,29.178,1121.19851342518,66.0999984741211,75.1,33.4,2104611.0,36.0192915871812,True,1.0,False,0.0,False,0.0,True,9.0,False,-0.09387065637065639,False,False,False,False,False
LSO,Lesotho,2016,28.932,992.491840678465,97.2699966430664,71.4,33.4,2130422.0,37.3835722556357,True,2.0,False,0.0,False,0.0,False,0.0,False,-0.10436527847466123,False,False,False,False,False
LSO,Lesotho,2017,28.241,1069.36673247542,97.2699966430664,70.1,33.4,2157110.0,38.7366301247734,True,3.0,False,0.0,False,0.0,True,1.0,False,-0.08913721413721414,False,False,False,False,False
LSO,Lesotho,2018,27.361,1170.65569702819,86.2399978637695,68.8,34.6,2183603.0,40.0785080651777,False,0.0,False,0.0,False,0.0,False,0.0,False,-0.07898259705488628,False,False,False,False,False
LSO,Lesotho,2019,26.44,1082.05706777516,92.3961659464955,68.1,34.6,2209405.0,41.4091356196007,True,1.0,False,0.0,False,0.0,False,0.0,False,-0.06198347107438017,False,False,False,False,False
LSO,Lesotho,2020,25.628,918.582574704447,92.3961659464955,66.3,34.6,2235727.0,42.7284382834052,True,2.0,False,0.0,False,0.0,True,1.0,False,-0.06223479490806212,False,False,False,False,False
LSO,Lesotho,2021,24.896,1066.58645143823,92.3961659464955,64.0,34.6,2261542.0,44.0363729437393,True,3.0,False,0.0,False,0.0,True,2.0,False,-0.07165651290977659,False,False,False,False,False
LSO,Lesotho,2022,24.392,1030.12582947757,92.3961659464955,62.0,34.6,2286110.0,45.3328485039477,True,4.0,False,0.0,False,0.0,True,3.0,False,-0.08093685146753624,False,False,False,False,False
LSO,Lesotho,2023,24.109,921.435141557056,92.3961659464955,61.3,34.6,2311472.0,46.6178621737328,True,5.0,False,0.0,False,0.0,True,4.0,True,-0.0689550425273391,False,False,False,False,False
LTU,Lithuania,2000,9.8,3300.63634928559,,10.7,,3499536.0,84.2628327273275,False,,False,0.0,False,0.0,False,,False,0.0,False,False,False,False,False
LTU,Lithuania,2001,9.0,3532.52787363242,99.6500015258789,10.3,,3470818.0,84.7312747207925,False,,False,0.0,False,0.0,False,0.0,False,0.0,False,False,False,False,False
LTU,Lithuania,2002,8.6,4148.13091485015,99.6500015258789,9.9,,3443067.0,85.1946973431147,False,,False,0.0,False,0.0,True,1.0,False,0.0,False,False,False,False,False
LTU,Lithuania,2003,8.8,5507.47434187652,99.6500015258789,9.6,,3415213.0,85.6598602645547,False,,False,0.0,False,0.0,True,2.0,False,-0.06796116504854363,False,False,False,False,False
LTU,Lithuania,2004,8.8,6734.57487061946,99.6500015258789,9.3,,3377075.0,86.1267686788169,False,,False,0.0,False,0.0,True,3.0,False,-0.0814814814814814,False,False,False,False,False
LTU,Lithuania,2005,8.9,7857.03148786492,99.6500015258789,9.0,,3322528.0,86.614106124964,False,,False,0.0,False,0.0,True,4.0,False,-0.09638554216867462,False,False,False,False,False
LTU,Lithuania,2006,9.1,9210.10118229413,99.6500015258789,8.6,,3269909.0,87.120025751018,False,,False,0.0,False,0.0,True,5.0,False,-0.106029106029106,False,False,False,False,False
LTU,Lithuania,2007,9.3,12295.1212779366,99.6500015258789,8.0,,3231294.0,87.6245897499717,False,,False,0.0,False,0.0,True,6.0,False,-0.13793103448275856,False,False,False,False,False
LTU,Lithuania,2008,9.9,14955.5345462921,99.6500015258789,7.3,,3198231.0,88.1277954949637,False,,False,0.0,False,0.0,True,7.0,False,-0.17977528089887646,False,False,False,False,False
LTU,Lithuania,2009,10.2,11854.3711053096,99.6500015258789,6.7,,3162916.0,88.6676561367708,False,,False,0.0,False,0.0,True,8.0,False,-0.2061611374407584,False,False,False,False,False
LTU,Lithuania,2010,9.9,11829.122609457,99.6500015258789,6.1,,3097282.0,89.1941477060659,False,,False,0.0,False,0.0,True,9.0,False,-0.22979797979797983,False,False,False,False,False
LTU,Lithuania,2011,10.0,14261.8433787325,99.8199996948242,5.6,,3028115.0,89.7354861346124,False,,False,0.0,False,0.0,False,0.0,False,-0.23705722070844698,False,False,False,False,False
LTU,Lithuania,2012,10.0,14288.1853493139,99.8199996948242,5.3,,2989139.0,90.3009705081306,False,,False,0.0,False,0.0,True,1.0,False,-0.21364985163204742,False,False,False,False,False
LTU,Lithuania,2013,9.7,15636.5252586048,99.8199996948242,5.1,,2961250.0,90.8648178620678,False,,False,0.0,False,0.0,True,2.0,False,-0.17741935483870963,False,False,False,False,False
LTU,Lithuania,2014,10.0,16446.1647181663,99.8199996948242,5.1,,2937253.0,91.4271935305975,False,,False,0.0,False,0.0,True,3.0,False,-0.11458333333333336,False,False,False,False,False
LTU,Lithuania,2015,10.3,14269.8039878287,99.8199996948242,5.0,,2911109.0,91.9880821486282,False,,False,0.0,False,0.0,True,4.0,False,-0.08088235294117639,False,False,False,False,False
LTU,Lithuania,2016,10.3,14934.2702840428,99.8199996948242,4.8,,2877325.0,92.5491836464928,False,,False,0.0,False,0.0,True,5.0,False,-0.08045977011494251,False,False,False,False,False
LTU,Lithuania,2017,9.8,16800.1510246099,99.8199996948242,4.5,,2842639.0,93.1100410366065,False,,False,0.0,False,0.0,True,6.0,False,-0.11067193675889336,False,False,False,False,False
LTU,Lithuania,2018,9.5,19247.2315367967,99.8199996948242,4.2,,2819200.0,93.6701055685758,False,,False,0.0,False,0.0,True,7.0,False,-0.14285714285714288,False,False,False,False,False
LTU,Lithuania,2019,8.9,19608.7943945553,99.8199996948242,3.9,,2811089.0,94.2289437143384,False,,False,0.0,False,0.0,True,8.0,False,-0.17372881355932202,False,False,False,False,False
LTU,Lithuania,2020,8.4,20428.6478157394,99.8199996948242,3.7,,2810369.0,94.786284769893,False,,False,0.0,False,0.0,True,9.0,False,-0.1741071428571429,False,False,False,False,False
LTU,Lithuania,2021,8.3,23882.8668916753,99.8199996948242,3.6,0.7,2808380.0,95.3414364231375,False,0.0,False,0.0,False,0.0,True,10.0,False,-0.14691943127962095,False,False,False,False,False
LTU,Lithuania,2022,7.8,24946.5724005188,99.8199996948242,3.5,0.9,2831639.0,95.8940517663177,False,0.0,False,0.0,False,0.0,True,11.0,False,-0.12060301507537678,False,False,False,False,False
LTU,Lithuania,2023,7.2,27983.3658256887,99.8199996948242,3.4,1.0,2871585.0,96.3848409552758,False,0.0,False,0.0,False,0.0,True,12.0,True,-0.10052910052910051,False,False,False,False,False
LUX,Luxembourg,2000,13.1,48659.6390968187,,4.7,,436300.0,97.6901859875283,False,,False,0.0,False,0.0,False,,False,0.0,False,True,False,False,True
LUX,Luxembourg,2001,12.4,48440.1805564662,,4.4,,441525.0,97.68316460089,False,,False,0.0,False,0.0,False,,False,0.0,False,True,False,False,True
LUX,Luxembourg,2002,12.0,53005.731801629,,4.2,,446175.0,97.6782432463947,False,,False,0.0,False,0.0,False,,False,0.0,False,True,False,False,True
LUX,Luxembourg,2003,11.7,65689.3214536911,,3.9,,451630.0,97.6734276628199,False,,False,0.0,False,0.0,False,,False,-0.12030075187969931,False,True,False,False,True
LUX,Luxembourg,2004,11.9,76544.9170868473,,3.7,,458095.0,97.6687093721814,False,,False,0.0,False,0.0,False,,False,-0.13953488372093015,False,True,False,False,True
LUX,Luxembourg,2005,11.5,80988.2044869403,,3.5,,465158.0,97.6641072754687,False,,False,0.0,False,0.0,False,,False,-0.1626794258373207,False,True,False,False,True
LUX,Luxembourg,2006,11.7,90788.8164271049,,3.3,,472637.0,97.6595985810241,False,,False,0.0,False,0.0,False,,False,-0.16243654822335038,False,True,False,False,True
LUX,Luxembourg,2007,11.4,107475.320297978,,3.1,,479993.0,97.6551965026452,False,,False,0.0,False,0.0,False,,False,-0.16666666666666657,False,True,False,False,True
LUX,Luxembourg,2008,11.5,120422.137934157,,3.0,,488650.0,97.6508653485568,False,,False,0.0,False,0.0,False,,False,-0.14285714285714285,False,True,False,False,True
LUX,Luxembourg,2009,11.3,109419.746953106,,2.9,,497783.0,97.646673581353,False,,False,0.0,False,0.0,False,,False,-0.12650602409638564,False,True,False,False,True
LUX,Luxembourg,2010,11.6,110885.991378721,,2.8,,506953.0,97.642561725648,False,,False,0.0,False,0.0,False,,False,-0.11392405063291149,False,True,False,False,True
LUX,Luxembourg,2011,10.9,119025.057203467,,2.7,,518347.0,97.6385453220137,False,,False,0.0,False,0.0,False,,False,-0.1059602649006622,False,True,False,False,True
LUX,Luxembourg,2012,11.3,112584.676270958,,2.7,,530946.0,97.6347032194608,False,,False,0.0,False,0.0,False,,False,-0.06896551724137923,False,True,False,False,True
LUX,Luxembourg,2013,11.3,120000.140729859,,2.6,,543360.0,97.6310682676105,False,,False,0.0,False,0.0,False,,False,-0.07801418439716304,False,True,False,False,True
LUX,Luxembourg,2014,10.9,123678.706919314,,2.6,,556319.0,97.6276041187324,False,,False,0.0,False,0.0,False,,False,-0.051094890510948794,False,True,False,False,True
LUX,Luxembourg,2015,10.7,105462.012584423,,2.5,,569604.0,97.6243035577451,False,,False,0.0,False,0.0,False,,False,-0.06716417910447767,False,True,False,False,True
LUX,Luxembourg,2016,10.4,106899.293549552,,2.5,,582014.0,97.6211680150003,False,,False,0.0,False,0.0,False,,False,-0.045801526717557293,False,True,False,False,True
LUX,Luxembourg,2017,10.4,110193.213797228,,2.5,,596336.0,97.618188396035,False,,False,0.0,False,0.0,False,,False,-0.031007751937984523,False,True,False,False,True
LUX,Luxembourg,2018,10.3,116926.759593905,,2.4,,607950.0,97.6153595742426,False,,False,0.0,False,0.0,False,,False,-0.05511811023622052,False,True,False,False,True
LUX,Luxembourg,2019,10.0,112696.649059674,,2.4,,620001.0,97.6126777405437,False,,False,0.0,False,0.0,False,,False,-0.040000000000000036,False,True,False,False,True
LUX,Luxembourg,2020,10.2,116860.02817236,,2.4,,630419.0,97.6101288941599,False,,False,0.0,False,0.0,False,,False,-0.024390243902439046,False,True,False,False,True
LUX,Luxembourg,2021,10.5,134965.815442152,,2.3,,640064.0,97.6077017276341,False,,False,0.0,False,0.0,False,,False,-0.05737704918032792,False,True,False,False,True
LUX,Luxembourg,2022,9.9,123719.658915996,,2.3,,653103.0,97.6053918019199,False,,False,0.0,False,0.0,False,,False,-0.041666666666666706,False,True,False,False,True
LUX,Luxembourg,2023,9.5,133230.619178899,,2.2,,666430.0,97.6032304799558,False,,False,0.0,False,0.0,False,,True,-0.0677966101694914,False,True,False,False,True
LVA,Latvia,2000,8.6,3278.17896440803,99.75,14.3,,2367550.0,89.1822298525204,False,,False,0.0,False,0.0,False,0.0,False,0.0,False,True,False,False,False
LVA,Latvia,2001,8.4,3504.61829462397,99.75,13.4,,2337170.0,89.1580310942879,False,,False,0.0,False,0.0,True,1.0,False,0.0,False,True,False,False,False
LVA,Latvia,2002,8.7,4003.60935783538,99.75,12.6,,2310173.0,89.3860553955735,False,,False,0.0,False,0.0,True,2.0,False,0.0,False,True,False,False,False
LVA,Latvia,2003,9.2,4914.57992829302,99.75,11.9,,2287955.0,89.5263556907713,False,,False,0.0,False,0.0,True,3.0,False,-0.11414392059553337,False,True,False,False,False
LVA,Latvia,2004,9.1,6109.73265186817,99.75,11.1,,2263122.0,89.6130829805605,False,,False,0.0,False,0.0,True,4.0,False,-0.1494252873563219,False,True,False,False,False
LVA,Latvia,2005,9.8,7283.78738127622,99.75,10.5,,2238799.0,89.6980083736191,False,,False,0.0,False,0.0,True,5.0,False,-0.17061611374407584,False,True,False,False,False
LVA,Latvia,2006,10.3,9211.7374468148,99.75,9.9,,2218357.0,89.7567394506575,False,,False,0.0,False,0.0,True,6.0,False,-0.1680672268907563,False,True,False,False,False
LVA,Latvia,2007,10.9,13370.9789452508,99.75,9.3,,2200325.0,89.8089264081031,False,,False,0.0,False,0.0,True,7.0,False,-0.16964285714285704,False,True,False,False,False
LVA,Latvia,2008,11.2,15677.6080864506,99.75,8.8,,2177322.0,89.8611624895794,False,,False,0.0,False,0.0,True,8.0,False,-0.1650853889943074,False,True,False,False,False
LVA,Latvia,2009,10.3,11996.0322729773,99.75,8.3,,2141669.0,89.9210042199692,False,,False,0.0,False,0.0,True,9.0,False,-0.16330645161290314,False,True,False,False,False
LVA,Latvia,2010,9.4,11188.4191700977,99.75,7.7,,2097555.0,89.987937726115,False,,False,0.0,False,0.0,True,10.0,False,-0.17735042735042728,False,True,False,False,False
LVA,Latvia,2011,9.1,12902.574053337,99.9000015258789,7.2,,2059709.0,90.0539577656872,False,,False,0.0,False,0.0,False,0.0,False,-0.18181818181818185,False,True,False,False,False
LVA,Latvia,2012,9.8,13329.3499931271,99.9000015258789,6.6,,2034319.0,90.1188989835072,False,,False,0.0,False,0.0,True,1.0,False,-0.20096852300242132,False,True,False,False,False
LVA,Latvia,2013,10.2,14484.4715282132,99.9000015258789,6.1,,2012647.0,90.182767248935,False,,False,0.0,False,0.0,True,2.0,False,-0.20984455958549234,False,True,False,False,False
LVA,Latvia,2014,10.9,15185.814581236,99.9000015258789,5.6,,1993782.0,90.2454171956005,False,,False,0.0,False,0.0,True,3.0,False,-0.2200557103064067,False,True,False,False,False
LVA,Latvia,2015,11.1,13321.9753140616,99.9000015258789,5.1,,1977527.0,90.4930837616034,False,,False,0.0,False,0.0,True,4.0,False,-0.2319277108433736,False,True,False,False,False
LVA,Latvia,2016,11.2,13838.5266823272,99.9000015258789,4.8,,1959537.0,90.7423211464844,False,,False,0.0,False,0.0,True,5.0,False,-0.21568627450980385,False,True,False,False,False
LVA,Latvia,2017,10.7,15132.4958333982,99.9000015258789,4.5,,1942248.0,90.9929787461015,False,,False,0.0,False,0.0,True,6.0,False,-0.20212765957446804,False,True,False,False,False
LVA,Latvia,2018,10.0,17252.1710428626,99.9000015258789,4.2,,1927174.0,91.2449187722214,False,,False,0.0,False,0.0,True,7.0,False,-0.19540229885057478,False,True,False,False,False
LVA,Latvia,2019,9.8,17294.9751600969,99.9000015258789,3.9,,1913822.0,91.4979934262128,False,,False,0.0,False,0.0,True,8.0,False,-0.19421487603305784,False,True,False,False,False
LVA,Latvia,2020,9.2,17564.2321549354,99.9000015258789,3.6,,1900449.0,91.7520645595703,False,,False,0.0,False,0.0,True,9.0,False,-0.19999999999999998,False,True,False,False,False
LVA,Latvia,2021,9.2,20261.8887788916,99.9000015258789,3.3,0.5,1884490.0,92.0069797523466,False,0.0,False,0.0,False,0.0,True,10.0,False,-0.21428571428571436,False,True,False,False,False
LVA,Latvia,2022,8.5,20221.103686109,99.9000015258789,3.0,0.5,1879383.0,92.2626087395691,True,1.0,False,0.0,False,0.0,True,11.0,False,-0.23076923076923075,False,True,False,False,False
LVA,Latvia,2023,7.7,22710.2637544197,99.9000015258789,2.8,0.5,1883710.0,92.5186835470802,True,2.0,False,0.0,False,0.0,True,12.0,True,-0.2222222222222223,False,True,False,False,False
MAC,"Macao SAR, China",2000,8.9,15731.4081633771,,,,430600.0,100.0,False,,False,0.0,False,0.0,False,,False,0.0,False,True,False,False,False
MAC,"Macao SAR, China",2001,7.5,15810.7227666562,91.3000030517578,,,433900.0,100.0,False,,False,0.0,False,0.0,False,0.0,False,0.0,False,True,False,False,False
MAC,"Macao SAR, China",2002,7.2,16814.9926424134,91.3000030517578,,,438400.0,100.0,False,,False,0.0,False,0.0,True,1.0,False,0.0,False,True,False,False,False
MAC,"Macao SAR, China",2003,7.2,18589.8998330534,91.3000030517578,,,443600.0,100.0,False,,False,0.0,False,0.0,True,2.0,False,0.0,False,True,False,False,False
MAC,"Macao SAR, China",2004,7.3,23407.1993692194,91.3000030517578,,,454700.0,100.0,False,,False,0.0,False,0.0,True,3.0,False,0.0,False,True,False,False,False
MAC,"Macao SAR, China",2005,7.8,25681.2167315221,91.3000030517578,,,473500.0,100.0,False,,False,0.0,False,0.0,True,4.0,False,0.0,False,True,False,False,False
MAC,"Macao SAR, China",2006,8.1,29813.7877167933,93.5,,,498900.0,100.0,False,,False,0.0,False,0.0,False,0.0,False,0.0,False,True,False,False,False
MAC,"Macao SAR, China",2007,8.7,35400.2334659409,93.5,,,520900.0,100.0,False,,False,0.0,False,0.0,True,1.0,False,0.0,False,True,False,False,False
MAC,"Macao SAR, China",2008,8.7,38888.5118044503,93.5,,,540700.0,100.0,False,,False,0.0,False,0.0,True,2.0,False,0.0,False,True,False,False,False
MAC,"Macao SAR, China",2009,8.9,40354.2810293673,93.5,,,535000.0,100.0,False,,False,0.0,False,0.0,True,3.0,False,0.0,False,True,False,False,False
MAC,"Macao SAR, China",2010,9.5,52596.2250160214,93.5,,,537000.0,100.0,False,,False,0.0,False,0.0,True,4.0,False,0.0,False,True,False,False,False
MAC,"Macao SAR, China",2011,10.6,67046.7284292101,95.6399993896484,,,549600.0,100.0,False,,False,0.0,False,0.0,False,0.0,False,0.0,False,True,False,False,False
MAC,"Macao SAR, China",2012,12.9,76058.0224963659,95.6399993896484,,,567900.0,100.0,False,,False,0.0,False,0.0,True,1.0,False,0.0,False,True,False,False,False
MAC,"Macao SAR, China",2013,11.1,87107.8313063626,95.6399993896484,,,591900.0,100.0,False,,False,0.0,False,0.0,True,2.0,False,0.0,False,True,False,False,False
MAC,"Macao SAR, China",2014,11.8,88355.3181764446,95.6399993896484,,,621700.0,100.0,False,,False,0.0,False,0.0,True,3.0,False,0.0,False,True,False,False,False
MAC,"Macao SAR, China",2015,11.0,69902.9605741233,95.6399993896484,,,642900.0,100.0,False,,False,0.0,False,0.0,True,4.0,False,0.0,False,True,False,False,False
MAC,"Macao SAR, China",2016,11.0,68911.6755919628,96.5400009155273,,,652500.0,100.0,False,,False,0.0,False,0.0,False,0.0,False,0.0,False,True,False,False,False
MAC,"Macao SAR, China",2017,10.1,77570.9876166977,96.5400009155273,,,648400.0,100.0,False,,False,0.0,False,0.0,True,1.0,False,0.0,False,True,False,False,False
MAC,"Macao SAR, China",2018,9.0,83588.2875009014,96.5400009155273,,,658900.0,100.0,False,,False,0.0,False,0.0,True,2.0,False,0.0,False,True,False,False,False
MAC,"Macao SAR, China",2019,8.9,81882.6964523869,96.5400009155273,,,672000.0,100.0,False,,False,0.0,False,0.0,True,3.0,False,0.0,False,True,False,False,False
MAC,"Macao SAR, China",2020,8.1,36883.6652578543,96.5400009155273,,,685400.0,100.0,False,,False,0.0,False,0.0,True,4.0,False,0.0,False,True,False,False,False
MAC,"Macao SAR, China",2021,7.4,44884.8961602393,96.5400009155273,,,682500.0,100.0,False,,False,0.0,False,0.0,True,5.0,False,0.0,False,True,False,False,False
MAC,"Macao SAR, China",2022,6.4,36806.891255461,96.5400009155273,,,677300.0,100.0,False,,False,0.0,False,0.0,True,6.0,False,0.0,False,True,False,False,False
MAC,"Macao SAR, China",2023,5.5,67216.3631112124,96.5400009155273,,,678800.0,100.0,False,,False,0.0,False,0.0,True,7.0,True,0.0,False,True,False,False,False
MAF,St. Martin (French part),2000,25.955,,,,,29996.0,99.1705072850435,False,,False,0.0,False,,False,,False,0.0,False,True,False,False,True
MAF,St. Martin (French part),2001,25.597,,,,,30803.0,99.1705072850435,False,,False,0.0,False,,False,,False,0.0,False,True,False,False,True
MAF,St. Martin (French part),2002,25.135,,,,,31604.0,99.1705072850435,False,,False,0.0,False,,False,,False,0.0,False,True,False,False,True
MAF,St. Martin (French part),2003,24.553,,,,,32395.0,99.1705072850435,False,,False,0.0,False,,False,,False,0.0,False,True,False,False,True
MAF,St. Martin (French part),2004,23.849,,,,,33171.0,99.1705072850435,False,,False,0.0,False,,False,,False,0.0,False,True,False,False,True
MAF,St. Martin (French part),2005,23.141,,,,,33928.0,99.2217301839164,False,,False,0.0,False,,False,,False,0.0,False,True,False,False,True
MAF,St. Martin (French part),2006,22.291,,,,,34658.0,99.2729530827894,False,,False,0.0,False,,False,,False,0.0,False,True,False,False,True
MAF,St. Martin (French part),2007,21.392,,,,,35337.0,99.3241759816624,False,,False,0.0,False,,False,,False,0.0,False,True,False,False,True
MAF,St. Martin (French part),2008,20.483,,,,,35958.0,99.3753988805353,False,,False,0.0,False,,False,,False,0.0,False,True,False,False,True
MAF,St. Martin (French part),2009,19.585,,,,,36502.0,99.4266217794083,False,,False,0.0,False,,False,,False,0.0,False,True,False,False,True
MAF,St. Martin (French part),2010,18.976,,,,,36856.0,99.4778446782813,False,,False,0.0,False,,False,,False,0.0,False,True,False,False,True
MAF,St. Martin (French part),2011,19.064,20930.5821177758,,,,37069.0,99.5290675771542,False,,False,0.0,False,0.0,False,,False,0.0,False,True,False,False,True
MAF,St. Martin (French part),2012,21.642,20930.5821177758,,,,37276.0,99.5802904760272,False,,False,0.0,True,1.0,False,,False,0.0,False,True,False,False,True
MAF,St. Martin (French part),2013,20.986,20930.5821177758,,,,37419.0,99.6315133749002,False,,False,0.0,True,2.0,False,,False,0.0,False,True,False,False,True
MAF,St. Martin (French part),2014,20.638,20638.7705882379,,,,37450.0,99.6827362737731,False,,False,0.0,False,0.0,False,,False,0.0,False,True,False,False,True
MAF,St. Martin (French part),2015,20.015,20638.7705882379,,,,37369.0,99.7339591726461,False,,False,0.0,True,1.0,False,,False,0.0,False,True,False,False,True
MAF,St. Martin (French part),2016,19.47,20638.7705882379,,,,37175.0,99.785182071519,False,,False,0.0,True,2.0,False,,False,0.0,False,True,False,False,True
MAF,St. Martin (French part),2017,19.175,20638.7705882379,,,,36837.0,99.836404970392,False,,False,0.0,True,3.0,False,,False,0.0,False,True,False,False,True
MAF,St. Martin (French part),2018,19.421,20638.7705882379,,,,36012.0,99.887627869265,False,,False,0.0,True,4.0,False,,False,0.0,False,True,False,False,True
MAF,St. Martin (French part),2019,18.955,19033.0649634889,,,,34267.0,99.9388507681379,False,,False,0.0,False,0.0,False,,False,0.0,False,True,False,False,True
MAF,St. Martin (French part),2020,17.602,19033.0649634889,,,,31786.0,99.9900736670109,False,,False,0.0,True,1.0,False,,False,0.0,False,True,False,False,True
MAF,St. Martin (French part),2021,17.544,21668.3776525323,,,,29961.0,100.0,False,,False,0.0,False,0.0,False,,False,0.0,False,True,False,False,True
MAF,St. Martin (French part),2022,17.326,21668.3776525323,,,,28870.0,100.0,False,,False,0.0,True,1.0,False,,False,0.0,False,True,False,False,True
MAF,St. Martin (French part),2023,17.069,21668.3776525323,,,,27515.0,100.0,False,,False,0.0,True,2.0,False,,True,0.0,False,True,False,False,True
MAR,Morocco,2000,22.689,1499.107421875,,52.4,,28423435.0,68.2172980422046,False,,False,0.0,False,0.0,False,,False,0.0,False,False,False,False,False
MAR,Morocco,2001,22.087,1506.24523925781,,50.2,,28814643.0,68.9979286734151,False,,False,0.0,False,0.0,False,,False,0.0,False,False,False,False,False
MAR,Morocco,2002,21.6,1596.02062988281,,48.0,,29198142.0,70.1959471768186,False,,False,0.0,False,0.0,False,,False,0.0,False,False,False,False,False
MAR,Morocco,2003,21.589,1941.87255859375,,45.8,23.1,29571415.0,71.3611031579094,False,0.0,False,0.0,False,0.0,False,,False,-0.08764940239043822,False,False,False,False,False
MAR,Morocco,2004,21.686,2183.55541992188,52.310001373291,43.6,23.1,29953018.0,72.2380118322512,True,1.0,False,0.0,False,0.0,False,0.0,False,-0.1120162932790224,False,False,False,False,False
MAR,Morocco,2005,21.818,2242.98828125,52.310001373291,41.4,23.1,30358144.0,73.1773231573067,True,2.0,False,0.0,False,0.0,True,1.0,False,-0.13750000000000004,False,False,False,False,False
MAR,Morocco,2006,21.858,2438.12646484375,52.310001373291,39.2,23.1,30771178.0,74.1286277364386,True,3.0,False,0.0,False,0.0,True,2.0,False,-0.14410480349344967,False,False,False,False,False
MAR,Morocco,2007,21.922,2755.5859375,52.310001373291,36.9,23.1,31186468.0,75.07865785853,True,4.0,False,0.0,False,0.0,True,3.0,False,-0.15366972477064225,False,False,False,False,False
MAR,Morocco,2008,21.859,3183.20043945313,55.1500015258789,34.8,23.1,31606767.0,76.0270465893793,True,5.0,False,0.0,False,0.0,False,0.0,False,-0.15901401643305957,False,False,False,False,False
MAR,Morocco,2009,21.913,3119.58862304688,56.0800018310547,32.8,23.1,32030778.0,76.9734340408013,True,6.0,False,0.0,False,0.0,False,0.0,False,-0.16283818274629905,False,False,False,False,False
MAR,Morocco,2010,21.871,3067.9853515625,56.0800018310547,30.9,23.1,32467016.0,77.9186321842885,True,7.0,False,0.0,False,0.0,True,1.0,False,-0.16531604538087516,False,False,False,False,False
MAR,Morocco,2011,21.506,3301.98876953125,67.0800018310547,29.2,14.9,32912588.0,78.8617098179303,False,0.0,False,0.0,False,0.0,False,0.0,False,-0.16380297823596798,False,False,False,False,False
MAR,Morocco,2012,20.978,3164.17724609375,69.1600036621094,27.5,14.9,33355241.0,79.8028926607457,True,1.0,False,0.0,False,0.0,False,0.0,False,-0.16464155528554075,False,False,False,False,False
MAR,Morocco,2013,20.341,3379.7431640625,69.1600036621094,26.0,14.9,33787571.0,80.7418405934609,True,2.0,False,0.0,False,0.0,True,1.0,False,-0.16237113402061853,False,False,False,False,False
MAR,Morocco,2014,19.787,3435.40698242188,64.2600021362305,24.5,14.9,34204780.0,81.6787833331369,True,3.0,False,0.0,False,0.0,False,0.0,False,-0.16325136612021862,False,False,False,False,False
MAR,Morocco,2015,19.488,3146.24780273438,64.2600021362305,23.1,14.9,34607588.0,82.6133857695212,True,4.0,False,0.0,False,0.0,True,1.0,False,-0.1636495293265748,False,False,False,False,False
MAR,Morocco,2016,19.224,3140.85546875,64.2600021362305,21.9,14.9,35023457.0,83.5458723077839,True,5.0,False,0.0,False,0.0,True,2.0,False,-0.15963161933998454,False,False,False,False,False
MAR,Morocco,2017,18.918,3296.52661132813,64.2600021362305,20.8,15.1,35446392.0,84.4759106100825,False,0.0,False,0.0,False,0.0,True,3.0,False,-0.15447154471544716,False,False,False,False,False
MAR,Morocco,2018,18.573,3501.69799804688,64.2600021362305,19.9,15.1,35839760.0,85.4034661501233,True,1.0,False,0.0,False,0.0,True,4.0,False,-0.14445399828030966,False,False,False,False,False
MAR,Morocco,2019,18.258,3508.09765625,64.2600021362305,19.1,14.2,36210898.0,86.3282321764417,False,0.0,False,0.0,False,0.0,True,5.0,False,-0.13339382940108882,False,False,False,False,False
MAR,Morocco,2020,17.85,3268.0302734375,64.2600021362305,18.3,14.2,36584208.0,87.2504334400562,True,1.0,False,0.0,False,0.0,True,6.0,False,-0.1269083969465649,False,False,False,False,False
MAR,Morocco,2021,17.458,3785.93627929688,64.2600021362305,17.6,14.2,36954442.0,87.3836441048483,True,2.0,False,0.0,False,0.0,True,7.0,False,-0.11999999999999993,False,False,False,False,False
MAR,Morocco,2022,17.035,3463.1376953125,64.2600021362305,17.0,14.2,37329064.0,87.5163508881869,True,3.0,False,0.0,False,0.0,True,8.0,False,-0.1118077324973877,False,False,False,False,False
MAR,Morocco,2023,16.701,3813.72607421875,64.2600021362305,16.3,14.2,37712505.0,87.6475617548846,True,4.0,False,0.0,False,0.0,True,9.0,True,-0.11316648531011977,False,False,False,False,False
MCO,Monaco,2000,12.23,81789.014508777,,5.2,,32455.0,100.0,False,,False,0.0,False,0.0,False,,False,0.0,False,True,False,False,True
MCO,Monaco,2001,12.561,82402.7746362391,,5.0,,32447.0,100.0,False,,False,0.0,False,0.0,False,,False,0.0,True,True,False,False,True
MCO,Monaco,2002,11.341,90051.4463079416,,4.8,,32422.0,100.0,False,,False,0.0,False,0.0,False,,False,0.0,True,True,False,False,True
MCO,Monaco,2003,10.612,111110.460463916,,4.7,,32374.0,100.0,False,,False,0.0,False,0.0,False,,False,-0.05999999999999996,False,True,False,False,True
MCO,Monaco,2004,10.855,125160.282928751,,4.6,,32307.0,100.0,False,,False,0.0,False,0.0,False,,False,-0.06598984771573609,False,True,False,False,True
MCO,Monaco,2005,10.735,130538.711379722,,4.5,,32210.0,100.0,False,,False,0.0,False,0.0,False,,False,-0.07407407407407414,False,True,False,False,True
MCO,Monaco,2006,11.072,143083.509443656,,4.4,,32057.0,100.0,False,,False,0.0,False,0.0,False,,False,-0.06779661016949158,False,True,False,False,True
MCO,Monaco,2007,11.483,184558.455423983,,4.3,,31837.0,100.0,False,,False,0.0,False,0.0,False,,False,-0.0652173913043478,False,True,False,False,True
MCO,Monaco,2008,12.176,204263.893236529,,4.2,,31836.0,100.0,False,,False,0.0,False,0.0,False,,False,-0.06666666666666662,False,True,False,False,True
MCO,Monaco,2009,11.821,169150.337647299,,4.1,,32364.0,100.0,False,,False,0.0,False,0.0,False,,False,-0.06818181818181834,False,True,False,False,True
MCO,Monaco,2010,11.328,161853.922745228,,4.0,,33163.0,100.0,False,,False,0.0,False,0.0,False,,False,-0.06976744186046507,False,True,False,False,True
MCO,Monaco,2011,10.209,179364.009524397,,3.9,,33946.0,100.0,False,,False,0.0,False,0.0,False,,False,-0.0714285714285715,False,True,False,False,True
MCO,Monaco,2012,10.28,165444.625782803,,3.8,,34711.0,100.0,False,,False,0.0,False,0.0,False,,False,-0.07317073170731704,False,True,False,False,True
MCO,Monaco,2013,10.131,184940.633666281,,3.7,,35447.0,100.0,False,,False,0.0,False,0.0,False,,False,-0.07499999999999996,False,True,False,False,True
MCO,Monaco,2014,10.684,195693.519540544,,3.6,,36128.0,100.0,False,,False,0.0,False,0.0,False,,False,-0.07692307692307689,False,True,False,False,True
MCO,Monaco,2015,10.585,170437.021128628,,3.5,,36757.0,100.0,False,,False,0.0,False,0.0,False,,False,-0.07894736842105259,False,True,False,False,True
MCO,Monaco,2016,10.757,173604.669723126,,3.4,,37276.0,100.0,False,,False,0.0,False,0.0,False,,False,-0.08108108108108115,False,True,False,False,True
MCO,Monaco,2017,10.001,170663.470051177,,3.3,,37678.0,100.0,False,,False,0.0,False,0.0,False,,False,-0.08333333333333341,False,True,False,False,True
MCO,Monaco,2018,10.194,188298.389694191,,3.2,,38154.0,100.0,False,,False,0.0,False,0.0,False,,False,-0.08571428571428566,False,True,False,False,True
MCO,Monaco,2019,9.965,193746.729890885,,3.1,,38109.0,100.0,False,,False,0.0,False,0.0,False,,False,-0.08823529411764701,False,True,False,False,True
MCO,Monaco,2020,9.746,176891.806328966,,3.0,,38050.0,100.0,False,,False,0.0,False,0.0,False,,False,-0.09090909090909086,False,True,False,False,True
MCO,Monaco,2021,8.689,223823.327192464,,2.9,,38527.0,100.0,False,,False,0.0,False,0.0,False,,False,-0.09375000000000008,False,True,False,False,True
MCO,Monaco,2022,8.687,226052.060664649,,2.8,,38931.0,100.0,False,,False,0.0,False,0.0,False,,False,-0.09677419354838718,False,True,False,False,True
MCO,Monaco,2023,9.441,256799.911212051,,2.7,,38956.0,100.0,False,,False,0.0,False,0.0,False,,True,-0.09999999999999994,False,True,False,False,True
MDA,Moldova,2000,11.708,440.538683980372,96.6500015258789,31.4,,2924668.0,71.2506597546078,False,,False,0.0,False,0.0,False,0.0,False,0.0,False,False,False,False,False
MDA,Moldova,2001,11.68,507.404076252819,96.6500015258789,28.5,,2918135.0,71.6566360139353,False,,False,0.0,False,0.0,True,1.0,False,0.0,False,False,False,False,False
MDA,Moldova,2002,11.683,570.799866188293,96.6500015258789,25.8,,2911385.0,72.0679189727621,False,,False,0.0,False,0.0,True,2.0,False,0.0,False,False,False,False,False
MDA,Moldova,2003,12.166,682.319095965299,96.6500015258789,23.4,,2903198.0,72.4845086683778,False,,False,0.0,False,0.0,True,3.0,False,-0.18086347724620774,False,False,False,False,False
MDA,Moldova,2004,12.984,897.178494749468,96.6500015258789,21.5,,2896023.0,73.0585042277255,False,,False,0.0,False,0.0,True,4.0,False,-0.21173235563703022,False,False,False,False,False
MDA,Moldova,2005,13.119,1034.39197746993,96.6500015258789,20.1,10.7,2888985.0,73.6881674871304,False,0.0,False,0.0,False,0.0,True,5.0,False,-0.23047473200612545,False,False,False,False,False
MDA,Moldova,2006,13.298,1183.02481442894,96.6500015258789,19.0,10.7,2880967.0,74.3686465028657,True,1.0,False,0.0,False,0.0,True,6.0,False,-0.20368818105616093,False,False,False,False,False
MDA,Moldova,2007,13.691,1531.21618590748,96.6500015258789,18.2,10.7,2874299.0,75.053404668561,True,2.0,False,0.0,False,0.0,True,7.0,False,-0.1712204007285975,False,False,False,False,False
MDA,Moldova,2008,14.256,2110.55305353857,96.6500015258789,17.7,10.7,2868833.0,75.742452878246,True,3.0,False,0.0,False,0.0,True,8.0,False,-0.13405088062622303,False,False,False,False,False
MDA,Moldova,2009,14.951,1898.43975710988,96.6500015258789,17.2,10.7,2865213.0,76.4357878576591,True,4.0,False,0.0,False,0.0,True,9.0,False,-0.10880829015544048,False,False,False,False,False
MDA,Moldova,2010,14.785,2436.79935102421,96.6500015258789,16.8,10.7,2862354.0,77.1334278567767,True,5.0,False,0.0,False,0.0,True,10.0,False,-0.0889370932754881,False,False,False,False,False
MDA,Moldova,2011,14.264,2941.36224066021,96.6500015258789,16.5,10.7,2860699.0,77.835369795755,True,6.0,False,0.0,False,0.0,True,11.0,False,-0.07199100112485926,False,False,False,False,False
MDA,Moldova,2012,14.251,3044.8084324815,96.6500015258789,16.2,6.4,2860324.0,78.5416235324603,False,0.0,False,0.0,False,0.0,True,12.0,False,-0.06249999999999991,False,False,False,False,False
MDA,Moldova,2013,13.795,3321.04397795719,96.6500015258789,16.0,6.4,2859558.0,79.2521957133911,True,1.0,False,0.0,False,0.0,True,13.0,False,-0.05213270142180089,False,False,False,False,False
MDA,Moldova,2014,15.295,3289.95758568777,99.3600006103516,15.8,6.4,2857815.0,79.9670878839298,True,2.0,False,0.0,False,0.0,False,0.0,False,-0.044740024183796766,False,False,False,False,False
MDA,Moldova,2015,15.227,2749.55137054338,99.3600006103516,15.6,6.4,2835978.0,80.6901033429329,True,3.0,False,0.0,False,0.0,True,1.0,False,-0.04059040590405894,False,False,False,False,False
MDA,Moldova,2016,14.88,2847.08794770479,99.3600006103516,15.5,6.4,2803186.0,81.420818324275,True,4.0,False,0.0,False,0.0,True,2.0,False,-0.032459425717852874,False,False,False,False,False
MDA,Moldova,2017,13.762,3453.26727720294,99.3600006103516,15.4,6.4,2755189.0,82.1581768544632,True,5.0,False,0.0,False,0.0,True,3.0,False,-0.026548672566371785,False,False,False,False,False
MDA,Moldova,2018,13.275,4156.44981956646,99.3600006103516,15.4,6.4,2707203.0,82.9015800000824,True,6.0,False,0.0,False,0.0,True,4.0,False,-0.01660280970625797,False,False,False,False,False
MDA,Moldova,2019,12.637,4405.33418162155,99.3600006103516,15.5,6.4,2664224.0,83.6501429350345,True,7.0,False,0.0,False,0.0,True,5.0,False,-0.0025740025740026333,False,False,False,False,False
MDA,Moldova,2020,12.077,4375.7788930524,99.3600006103516,15.6,6.4,2635130.0,84.4032169070888,True,8.0,False,0.0,False,0.0,True,6.0,False,0.007751937984496074,False,False,False,False,False
MDA,Moldova,2021,11.521,5274.60582195352,99.3600006103516,15.8,6.4,2595809.0,85.1600042772456,True,9.0,False,0.0,False,0.0,True,7.0,False,0.020671834625323016,False,False,False,False,False
MDA,Moldova,2022,10.545,5744.29618434435,99.3600006103516,16.0,6.4,2528654.0,85.734993748898,True,10.0,False,0.0,False,0.0,True,8.0,False,0.02960102960102954,False,False,False,False,False
MDA,Moldova,2023,10.755,6799.58594644576,99.3600006103516,16.2,6.4,2457783.0,86.3094330336137,True,11.0,False,0.0,False,0.0,True,9.0,True,0.0344827586206896,False,False,False,False,False
MDG,Madagascar,2000,42.0,280.282905559649,70.6900024414062,104.4,,16516338.0,3.82452281975997,False,,False,0.0,False,0.0,False,0.0,False,0.0,False,False,False,False,False
MDG,Madagascar,2001,41.116,319.283278235657,70.6900024414062,99.8,,17032939.0,4.27623527366861,False,,False,0.0,False,0.0,True,1.0,False,0.0,False,False,False,False,False
MDG,Madagascar,2002,40.202,304.941777398445,70.6900024414062,95.6,,17549913.0,4.72902485932566,False,,False,0.0,False,0.0,True,2.0,False,0.0,False,False,False,False,False
MDG,Madagascar,2003,39.513,352.620095849925,70.6900024414062,91.6,,18071854.0,5.18344484506749,False,,False,0.0,False,0.0,True,3.0,False,-0.08338892595063385,False,False,False,False,False
MDG,Madagascar,2004,38.976,272.20074858856,70.6900024414062,87.8,52.7,18606608.0,5.63879503752012,False,0.0,False,0.0,False,0.0,True,4.0,False,-0.10270822687787427,False,False,False,False,False
MDG,Madagascar,2005,38.446,305.812074924388,70.6900024414062,84.1,52.7,19159707.0,6.12117413127887,True,1.0,False,0.0,False,0.0,True,5.0,False,-0.12249582637729559,False,False,False,False,False
MDG,Madagascar,2006,38.007,324.146874882604,70.6900024414062,80.8,52.7,19730909.0,6.60626042533301,True,2.0,False,0.0,False,0.0,True,6.0,False,-0.11963390716931797,False,False,False,False,False
MDG,Madagascar,2007,37.754,419.548001431865,70.6900024414062,77.6,52.7,20318583.0,7.09404608313975,True,3.0,False,0.0,False,0.0,True,7.0,False,-0.11798135939986357,False,False,False,False,False
MDG,Madagascar,2008,37.537,512.579800058444,70.6900024414062,74.8,52.7,20923840.0,7.58477414006482,True,4.0,False,0.0,False,0.0,True,8.0,False,-0.11353401279924151,False,False,False,False,False
MDG,Madagascar,2009,37.396,446.315238370592,70.6900024414062,72.4,49.4,21547280.0,8.07809172690129,False,0.0,False,0.0,False,0.0,True,9.0,False,-0.10639348309059496,False,False,False,False,False
MDG,Madagascar,2010,36.746,450.009391645726,70.6900024414062,70.3,49.4,22183340.0,8.57423264106828,True,1.0,False,0.0,False,0.0,True,10.0,False,-0.09802412111880936,False,False,False,False,False
MDG,Madagascar,2011,35.751,506.163691559309,70.6900024414062,68.6,49.9,22822300.0,9.07317377918647,False,0.0,False,0.0,False,0.0,True,11.0,False,-0.0875232774674117,False,False,False,False,False
MDG,Madagascar,2012,35.061,493.511162904211,71.5699996948242,67.3,48.9,23462438.0,9.57497737668474,False,0.0,False,0.0,False,0.0,False,0.0,False,-0.07478691229034916,False,False,False,False,False
MDG,Madagascar,2013,34.672,515.301589361832,71.5699996948242,66.4,48.9,24109290.0,10.0796108433394,True,1.0,False,0.0,False,0.0,True,1.0,False,-0.06055461233729467,False,False,False,False,False
MDG,Madagascar,2014,34.18,505.684922503435,71.5699996948242,65.7,48.9,24764348.0,10.5872297277492,True,2.0,False,0.0,False,0.0,True,2.0,False,-0.0478260869565217,False,False,False,False,False
MDG,Madagascar,2015,33.771,445.320069480568,71.5699996948242,65.3,48.9,25426702.0,11.0976984755033,True,3.0,False,0.0,False,0.0,True,3.0,False,-0.03488028377180017,False,False,False,False,False
MDG,Madagascar,2016,33.613,453.970714522463,71.5699996948242,64.9,48.9,26099952.0,11.6111708038341,True,4.0,False,0.0,False,0.0,True,4.0,False,-0.026402640264026268,False,False,False,False,False
MDG,Madagascar,2017,33.592,491.866848718929,71.5699996948242,64.9,48.9,26788375.0,12.1276026442495,True,5.0,False,0.0,False,0.0,True,5.0,False,-0.015473300970873726,False,False,False,False,False
MDG,Madagascar,2018,33.651,500.45718552916,76.6800003051758,64.9,41.6,27494926.0,12.647045200372,False,0.0,False,0.0,False,0.0,False,0.0,False,-0.00825183374083139,False,False,False,False,False
MDG,Madagascar,2019,33.594,499.818837622534,76.6800003051758,65.0,41.6,28219554.0,13.1693375483997,True,1.0,False,0.0,False,0.0,True,1.0,False,-0.0021492170709243898,False,False,False,False,False
MDG,Madagascar,2020,33.31,450.771615205157,76.6800003051758,65.1,41.6,28953556.0,13.6947390405503,True,2.0,False,0.0,False,0.0,True,2.0,False,0.001538461538461451,False,False,False,False,False
MDG,Madagascar,2021,32.911,483.469463351195,74.6900024414062,65.0,39.8,29691083.0,14.2229663442332,False,0.0,False,0.0,False,0.0,False,0.0,False,0.0006157635467979069,False,False,False,False,False
MDG,Madagascar,2022,32.498,504.059106969168,74.6900024414062,64.5,39.8,30437261.0,14.7542849047499,True,1.0,False,0.0,False,0.0,True,1.0,False,-0.00738688827331471,False,False,False,False,False
MDG,Madagascar,2023,32.095,514.064076551927,74.6900024414062,63.6,39.8,31195932.0,15.2883891812498,True,2.0,False,0.0,False,0.0,True,2.0,True,-0.020030816640986198,False,False,False,False,False
MDV,Maldives,2000,19.916,2213.81235053178,96.3300018310547,39.5,,282019.0,76.1204180921548,False,,False,0.0,False,0.0,False,0.0,False,0.0,False,False,False,False,False
MDV,Maldives,2001,19.105,3033.93234507036,96.3300018310547,35.1,31.9,286767.0,77.3138917274855,False,0.0,False,0.0,False,0.0,True,1.0,False,0.0,False,False,False,False,False
MDV,Maldives,2002,18.666,3076.07007160101,96.3300018310547,31.1,31.9,291616.0,78.4909414521848,True,1.0,False,0.0,False,0.0,True,2.0,False,0.0,False,False,False,False,False
MDV,Maldives,2003,18.448,3548.5767011056,96.3300018310547,27.4,31.9,296491.0,79.6500594890905,True,2.0,False,0.0,False,0.0,True,3.0,False,-0.2223273415326396,False,False,False,False,False
MDV,Maldives,2004,18.326,4070.2609459446,96.3300018310547,27.2,31.9,301413.0,80.7906424264184,True,3.0,False,0.0,False,0.0,True,4.0,False,-0.1825694966190834,False,False,False,False,False
MDV,Maldives,2005,18.322,3796.51546524644,96.3300018310547,21.6,31.9,306429.0,81.9107386991057,True,4.0,False,0.0,False,0.0,True,5.0,False,-0.3262632563942608,True,False,False,False,False
MDV,Maldives,2006,18.819,5018.94335409159,98.4000015258789,19.4,31.9,313851.0,82.9678419611105,True,5.0,False,0.0,False,0.0,False,0.0,False,-0.3188202247191012,False,False,False,False,False
MDV,Maldives,2007,19.955,5758.10286933053,98.4000015258789,17.6,31.9,324479.0,83.8983717139846,True,6.0,False,0.0,False,0.0,True,1.0,False,-0.3054459352801894,False,False,False,False,False
MDV,Maldives,2008,20.904,6757.43280929292,98.4000015258789,16.1,31.9,336170.0,84.9631631924184,True,7.0,False,0.0,False,0.0,True,2.0,False,-0.28886925795053,False,False,False,False,False
MDV,Maldives,2009,21.267,6734.03165601895,98.4000015258789,14.9,19.0,348275.0,86.0231687446511,False,0.0,False,0.0,False,0.0,True,3.0,False,-0.26889106967615317,False,False,False,False,False
MDV,Maldives,2010,20.889,7173.59601844692,98.4000015258789,13.8,19.0,360792.0,87.0784721184559,True,1.0,False,0.0,False,0.0,True,4.0,False,-0.22991071428571433,False,False,False,False,False
MDV,Maldives,2011,20.401,7424.520410971,98.4000015258789,12.9,19.0,373674.0,88.128993363051,True,2.0,False,0.0,False,0.0,True,5.0,False,-0.21149144254278723,False,False,False,False,False
MDV,Maldives,2012,19.774,7461.29703686309,98.4000015258789,12.1,19.0,386818.0,89.1747640869776,True,3.0,False,0.0,False,0.0,True,6.0,False,-0.19654714475431623,False,False,False,False,False
MDV,Maldives,2013,18.803,8236.08177944126,98.4000015258789,11.3,19.0,400070.0,90.2153433449242,True,4.0,False,0.0,False,0.0,True,7.0,False,-0.19054441260744975,False,False,False,False,False
MDV,Maldives,2014,17.76,8939.07416571472,98.6100006103516,10.6,19.0,413617.0,91.250996049753,True,5.0,False,0.0,False,0.0,False,0.0,False,-0.18461538461538465,False,False,False,False,False
MDV,Maldives,2015,16.664,9644.90655028145,98.6100006103516,9.9,19.0,428154.0,92.2815312224762,True,6.0,False,0.0,False,0.0,True,1.0,False,-0.18451400329489293,False,False,False,False,False
MDV,Maldives,2016,15.512,9947.80744731739,97.7300033569336,9.2,19.0,443308.0,93.3068469398135,True,7.0,False,0.0,False,0.0,False,0.0,False,-0.19014084507042267,False,False,False,False,False
MDV,Maldives,2017,14.342,10509.628805812,94.5100021362305,8.6,15.3,458287.0,94.3268032321981,False,0.0,False,0.0,False,0.0,False,0.0,False,-0.19020715630885132,False,False,False,False,False
MDV,Maldives,2018,13.395,11423.2838427029,94.5100021362305,8.0,15.3,473099.0,95.3413870915622,True,1.0,False,0.0,False,0.0,True,1.0,False,-0.1935483870967742,False,False,False,False,False
MDV,Maldives,2019,12.597,11740.2724029785,98.2099990844727,7.4,15.3,487731.0,96.3505180491116,True,2.0,False,0.0,False,0.0,False,0.0,False,-0.2008639308855291,False,False,False,False,False
MDV,Maldives,2020,12.112,7393.8886543933,98.2099990844727,6.9,15.3,502118.0,97.1213636398167,True,3.0,False,0.0,False,0.0,True,1.0,False,-0.1995359628770302,False,False,False,False,False
MDV,Maldives,2021,11.694,10176.143882547,98.2099990844727,6.4,15.3,516154.0,97.8641004075029,True,4.0,False,0.0,False,0.0,True,2.0,False,-0.20199501246882784,False,False,False,False,False
MDV,Maldives,2022,11.396,11786.0191492983,98.2099990844727,6.0,15.3,524106.0,98.5962212934826,True,5.0,False,0.0,False,0.0,True,3.0,False,-0.19571045576407517,False,False,False,False,False
MDV,Maldives,2023,11.018,12587.6126038651,98.2099990844727,5.7,15.3,525994.0,99.3176875376915,True,6.0,False,0.0,False,0.0,True,4.0,True,-0.17867435158501443,False,False,False,False,False
MEX,Mexico,2000,24.192,7524.0271380091,90.5400009155273,27.4,,98625552.0,79.2052351502487,False,,False,0.0,False,0.0,False,0.0,False,0.0,False,False,False,False,False
MEX,Mexico,2001,23.779,7952.76479510706,90.5400009155273,26.2,,100099099.0,79.9105993233351,False,,False,0.0,False,0.0,True,1.0,False,0.0,False,False,False,False,False
MEX,Mexico,2002,23.379,7983.03398381759,90.2699966430664,25.0,18.9,101548624.0,80.6059707016954,False,0.0,False,0.0,False,0.0,False,0.0,False,0.0,False,False,False,False,False
MEX,Mexico,2003,22.832,7434.07465031562,90.2699966430664,23.9,18.9,102978515.0,81.2915094361491,True,1.0,False,0.0,False,0.0,True,1.0,False,-0.08778625954198477,False,False,False,False,False
MEX,Mexico,2004,22.369,7849.66759649565,90.9499969482422,23.0,18.9,104394131.0,81.9676485346638,True,2.0,False,0.0,False,0.0,False,0.0,False,-0.1024390243902439,False,False,False,False,False
MEX,Mexico,2005,21.912,8671.75891798441,91.629997253418,22.1,19.4,105811504.0,82.634046861873,False,0.0,False,0.0,False,0.0,False,0.0,False,-0.1195219123505976,False,False,False,False,False
MEX,Mexico,2006,21.482,9512.63575346699,91.7300033569336,21.3,15.5,107253666.0,83.2911380511861,False,0.0,False,0.0,False,0.0,False,0.0,False,-0.11397670549084853,False,False,False,False,False
MEX,Mexico,2007,21.11,10134.3327129706,92.8000030517578,20.7,15.5,108774360.0,83.9388749115264,True,1.0,False,0.0,False,0.0,False,0.0,False,-0.10234171725932362,False,False,False,False,False
MEX,Mexico,2008,20.82,10523.7685427665,92.9300003051758,20.0,15.5,110374288.0,84.5778681369926,True,2.0,False,0.0,False,0.0,False,0.0,False,-0.09909909909909907,False,False,False,False,False
MEX,Mexico,2009,20.567,8423.56933148639,93.4400024414062,19.5,15.5,111999721.0,85.2078679687607,True,3.0,False,0.0,False,0.0,False,0.0,False,-0.08963585434173661,False,False,False,False,False
MEX,Mexico,2010,20.331,9728.80078307432,93.0699996948242,18.9,15.5,113623895.0,85.8292495991465,True,4.0,False,0.0,False,0.0,False,0.0,False,-0.08783783783783786,False,False,False,False,False
MEX,Mexico,2011,20.095,10664.4944032313,93.5199966430664,18.4,15.5,115243504.0,86.4428801813735,True,5.0,False,0.0,False,0.0,False,0.0,False,-0.08366533864541849,False,False,False,False,False
MEX,Mexico,2012,19.855,10744.1335236186,94.2300033569336,17.9,13.6,116818208.0,87.0483009641919,False,0.0,False,0.0,False,0.0,False,0.0,False,-0.08205128205128195,False,False,False,False,False
MEX,Mexico,2013,19.557,11216.800851866,93.9599990844727,17.5,13.6,118343573.0,87.6459487223264,True,1.0,False,0.0,False,0.0,False,0.0,False,-0.07602956705385434,False,False,False,False,False
MEX,Mexico,2014,18.959,11391.3773503964,94.5599975585938,17.0,13.6,119784261.0,88.2358926764479,True,2.0,False,0.0,False,0.0,False,0.0,False,-0.07809110629067252,False,False,False,False,False
MEX,Mexico,2015,18.227,10021.2386113616,94.4700012207031,16.6,12.4,121072306.0,88.8179258213353,False,0.0,False,0.0,False,0.0,False,0.0,False,-0.07469342251950946,False,False,False,False,False
MEX,Mexico,2016,17.69,9097.92397674769,94.8600006103516,16.2,10.0,122251351.0,89.3924181439649,False,0.0,False,0.0,False,0.0,False,0.0,False,-0.0732265446224255,False,False,False,False,False
MEX,Mexico,2017,17.214,9649.27816729586,94.9700012207031,15.8,10.0,123400057.0,89.9592224609298,True,1.0,False,0.0,False,0.0,False,0.0,False,-0.0727699530516431,False,False,False,False,False
MEX,Mexico,2018,17.037,10084.7937570364,95.379997253418,15.4,10.0,124573711.0,90.5185596102805,True,2.0,False,0.0,False,0.0,False,0.0,False,-0.07340553549939816,False,False,False,False,False
MEX,Mexico,2019,16.877,10369.5553593527,95.3889403219417,15.0,14.1,125762982.0,91.0705197769802,False,0.0,False,0.0,False,0.0,False,0.0,False,-0.07407407407407403,False,False,False,False,False
MEX,Mexico,2020,16.565,8841.27074929751,95.25,14.6,13.9,126799054.0,91.6152077254503,False,0.0,False,0.0,False,0.0,False,0.0,False,-0.07594936708860765,False,False,False,False,False
MEX,Mexico,2021,16.353,10314.0506733708,95.6890981310362,14.2,12.8,127648148.0,92.1526440010022,False,0.0,False,0.0,False,0.0,False,0.0,False,-0.07792207792207799,False,False,False,False,False
MEX,Mexico,2022,16.041,11405.7940469896,95.120002746582,13.8,12.5,128613117.0,92.6614618116548,False,0.0,False,0.0,False,0.0,False,0.0,False,-0.07999999999999995,False,False,False,False,False
MEX,Mexico,2023,15.706,13830.843848864,95.8346901734281,13.4,12.5,129739759.0,92.9784568798496,True,1.0,False,0.0,False,0.0,False,0.0,True,-0.08219178082191776,False,False,False,False,False
MHL,Marshall Islands,2000,38.152,2264.79114897645,,42.7,,50706.0,74.7275535409277,False,,False,0.0,False,0.0,False,,False,0.0,False,True,False,False,False
MHL,Marshall Islands,2001,37.834,2394.34501105178,,42.7,,51123.0,74.8983706314678,False,,False,0.0,False,0.0,False,,False,0.0,False,True,False,False,False
MHL,Marshall Islands,2002,37.611,2566.06708799222,,42.5,,51425.0,75.0678760410401,False,,False,0.0,False,0.0,False,,False,0.0,False,True,False,False,False
MHL,Marshall Islands,2003,37.593,2539.3307383954,,42.2,,51639.0,75.2357419905979,False,,False,0.0,False,0.0,False,,False,-0.010164190774042143,False,True,False,False,False
MHL,Marshall Islands,2004,37.417,2566.08291015814,,41.8,,51791.0,75.4019644335075,False,,False,0.0,False,0.0,False,,False,-0.017048794826572802,False,True,False,False,False
MHL,Marshall Islands,2005,37.188,2658.65217893885,,41.3,,51906.0,75.7826662619326,False,,False,0.0,False,0.0,False,,False,-0.025483718735252604,False,True,False,False,False
MHL,Marshall Islands,2006,36.551,2754.26988767503,,40.9,,51992.0,76.0448233755654,False,,False,0.0,False,0.0,False,,False,-0.028503562945368238,False,True,False,False,False
MHL,Marshall Islands,2007,35.59,2892.28403958874,,40.4,,52035.0,76.2960646332462,False,,False,0.0,False,0.0,False,,False,-0.032103497843794834,False,True,False,False,False
MHL,Marshall Islands,2008,34.331,2817.60522775322,,40.0,,52030.0,76.5371074289025,False,,False,0.0,False,0.0,False,,False,-0.031945788964182,False,True,False,False,False
MHL,Marshall Islands,2009,32.793,2906.63026970914,,39.5,,52019.0,76.7672035221088,False,,False,0.0,False,0.0,False,,False,-0.033757338551858994,False,True,False,False,False
MHL,Marshall Islands,2010,30.935,3095.45768964722,,39.0,,52044.0,76.987068031911,False,,False,0.0,False,0.0,False,,False,-0.03513112320633354,False,True,False,False,False
MHL,Marshall Islands,2011,29.216,3319.39815439151,98.2699966430664,38.4,,51907.0,77.1968326186549,False,,False,0.0,False,0.0,False,0.0,False,-0.039039039039039096,False,True,False,False,False
MHL,Marshall Islands,2012,27.707,3514.26515490383,98.2699966430664,37.8,,51419.0,77.3953434668074,False,,False,0.0,False,0.0,True,1.0,False,-0.04206791687785108,False,True,False,False,False
MHL,Marshall Islands,2013,26.395,3677.90690791421,98.2699966430664,37.0,,50681.0,77.5823878699737,False,,False,0.0,False,0.0,True,2.0,False,-0.04982023626091417,False,True,False,False,False
MHL,Marshall Islands,2014,25.695,3735.23977829545,98.2699966430664,36.1,,49796.0,77.7587559493787,False,,False,0.0,False,0.0,True,3.0,False,-0.05842462180490337,False,True,False,False,False
MHL,Marshall Islands,2015,25.164,3764.34426229508,98.2699966430664,35.2,,48800.0,77.9244886482311,False,,False,0.0,False,0.0,True,4.0,False,-0.06532129580456719,False,True,False,False,False
MHL,Marshall Islands,2016,24.72,4229.80988911945,98.2699966430664,34.2,,47709.0,78.0801139470474,False,,False,0.0,False,0.0,True,5.0,False,-0.07317073170731696,False,True,False,False,False
MHL,Marshall Islands,2017,24.391,4592.83457628576,98.2699966430664,33.2,34.8,46529.0,78.2256974121697,False,0.0,False,0.0,False,0.0,True,6.0,False,-0.07931225734886299,False,True,False,False,False
MHL,Marshall Islands,2018,24.066,4858.12079054875,98.2699966430664,32.2,34.8,45285.0,78.3619174334576,True,1.0,False,0.0,False,0.0,True,7.0,False,-0.08366533864541827,False,True,False,False,False
MHL,Marshall Islands,2019,23.736,5292.33985502306,98.1800003051758,31.2,34.8,44007.0,78.488659643571,True,2.0,False,0.0,False,0.0,False,0.0,False,-0.08718548858981881,False,True,False,False,False
MHL,Marshall Islands,2020,23.439,5661.96787336674,98.1800003051758,30.3,34.8,42706.0,78.6065823369048,True,3.0,False,0.0,False,0.0,True,1.0,False,-0.0873493975903615,False,True,False,False,False
MHL,Marshall Islands,2021,23.176,6315.31172190393,95.7629302411191,29.4,34.8,41367.0,78.7159193807723,True,4.0,False,0.0,False,0.0,False,0.0,False,-0.08752327746741176,False,True,False,False,False
MHL,Marshall Islands,2022,21.989,6455.6603538189,95.7629302411191,28.5,34.8,40077.0,78.8167730658642,True,5.0,False,0.0,False,0.0,True,1.0,False,-0.0882917466410749,False,True,False,False,False
MHL,Marshall Islands,2023,21.137,6799.39217554794,95.7629302411191,27.6,34.8,38827.0,78.9094220356239,True,6.0,False,0.0,False,0.0,True,2.0,True,-0.08970976253298149,False,True,False,False,False
MKD,North Macedonia,2000,14.5,1861.89899780644,,16.0,,2026350.0,88.6499475814466,False,,False,0.0,False,0.0,False,,False,0.0,False,False,False,False,True
MKD,North Macedonia,2001,13.3,1823.02267682636,,15.1,,2034882.0,88.6252235401792,False,,False,0.0,False,0.0,False,,False,0.0,False,False,False,False,True
MKD,North Macedonia,2002,13.7,1989.13537265159,96.129997253418,14.5,,2020157.0,88.6004998671063,False,,False,0.0,False,0.0,False,0.0,False,0.0,False,False,False,False,True
MKD,North Macedonia,2003,13.3,2445.36286400013,96.129997253418,14.2,,2022725.0,88.5757736884035,False,,False,0.0,False,0.0,True,1.0,False,-0.06578947368421063,False,False,False,False,True
MKD,North Macedonia,2004,11.5,2818.5814561242,96.129997253418,14.0,,2016186.0,88.5509345256761,False,,False,0.0,False,0.0,True,2.0,False,-0.0635451505016722,False,False,False,False,True
MKD,North Macedonia,2005,11.0,3120.98401394233,96.129997253418,13.7,11.3,2005330.0,89.1441375585342,False,0.0,False,0.0,False,0.0,True,3.0,False,-0.0718157181571816,False,False,False,False,True
MKD,North Macedonia,2006,11.1,3440.4411057968,96.129997253418,13.1,11.3,1994287.0,89.7448433584085,True,1.0,False,0.0,False,0.0,True,4.0,False,-0.08391608391608399,False,False,False,False,True
MKD,North Macedonia,2007,11.1,4204.11328760452,96.129997253418,12.3,11.3,1982933.0,90.3525986106097,True,2.0,False,0.0,False,0.0,True,5.0,False,-0.11510791366906473,False,False,False,False,True
MKD,North Macedonia,2008,11.2,5026.4202989873,96.129997253418,11.5,11.3,1971493.0,90.966962665795,True,3.0,False,0.0,False,0.0,True,6.0,False,-0.1456166419019316,False,False,False,False,True
MKD,North Macedonia,2009,11.5,4799.78722768888,96.129997253418,10.8,11.3,1958782.0,91.5875725774437,True,4.0,False,0.0,False,0.0,True,7.0,False,-0.16408668730650136,False,False,False,False,True
MKD,North Macedonia,2010,11.8,4833.36586759968,96.129997253418,10.4,11.3,1946298.0,92.2138622798074,True,5.0,False,0.0,False,0.0,True,8.0,False,-0.15309446254071665,False,False,False,False,True
MKD,North Macedonia,2011,11.1,5416.86672931659,96.129997253418,10.2,4.9,1937398.0,92.8454434778871,False,0.0,False,0.0,False,0.0,True,9.0,False,-0.1222030981067127,False,False,False,False,True
MKD,North Macedonia,2012,11.4,5049.8265386157,96.129997253418,10.4,4.9,1929821.0,93.4817519077294,True,1.0,False,0.0,False,0.0,True,10.0,False,-0.05797101449275352,False,False,False,False,True
MKD,North Macedonia,2013,11.2,5626.26115664893,96.129997253418,10.7,4.9,1922716.0,94.1223717416181,True,2.0,False,0.0,False,0.0,True,11.0,False,0.0037523452157597697,False,False,False,False,True
MKD,North Macedonia,2014,11.4,5925.38592218015,96.129997253418,11.1,4.9,1917557.0,94.7668041558134,True,3.0,False,0.0,False,0.0,True,12.0,False,0.057142857142857106,False,False,False,False,True
MKD,North Macedonia,2015,11.1,5262.68671928674,96.129997253418,11.1,4.9,1912430.0,95.4144114282649,True,4.0,False,0.0,False,0.0,True,13.0,False,0.051136363636363556,False,False,False,False,True
MKD,North Macedonia,2016,11.0987266524808,5598.48622617967,96.129997253418,10.6,4.9,1906313.0,96.0648171578031,True,5.0,False,0.0,False,0.0,True,14.0,False,-0.009345794392523333,False,False,False,False,True
MKD,North Macedonia,2017,10.5,5955.2973863451,96.129997253418,9.6,4.9,1898657.0,96.7174458342857,True,6.0,False,0.0,False,0.0,True,15.0,False,-0.10946196660482373,False,False,False,False,True
MKD,North Macedonia,2018,10.3,6713.98925398989,96.129997253418,8.4,4.9,1889051.0,97.3296814337333,True,7.0,False,0.0,False,0.0,True,16.0,False,-0.20903954802259891,False,False,False,False,True
MKD,North Macedonia,2019,9.6,6718.85826635458,96.129997253418,7.1,4.3,1876262.0,97.8791697296938,False,0.0,False,0.0,False,0.0,True,17.0,False,-0.30118110236220474,False,False,False,False,True
MKD,North Macedonia,2020,9.2,6659.59651070776,96.129997253418,6.0,4.3,1856124.0,98.4277706026568,True,1.0,False,0.0,False,0.0,True,18.0,False,-0.3589743589743589,False,False,False,False,True
MKD,North Macedonia,2021,10.2,7620.80296977508,96.129997253418,5.1,4.3,1837114.0,98.9748195551065,True,2.0,False,0.0,False,0.0,True,19.0,False,-0.38848920863309355,False,False,False,False,True
MKD,North Macedonia,2022,9.9,7606.2375253797,96.129997253418,4.2,4.3,1831712.0,98.98180306954,True,3.0,False,0.0,False,0.0,True,20.0,False,-0.4198895027624309,False,False,False,False,True
MKD,North Macedonia,2023,9.2,8674.35846327485,96.129997253418,3.4,4.3,1827816.0,98.9894017609484,True,4.0,False,0.0,False,0.0,True,21.0,True,-0.4480519480519481,False,False,False,False,True
MLI,Mali,2000,47.091,304.652870189314,,189.9,,11559290.0,17.3336177697569,False,,False,0.0,False,0.0,False,,False,0.0,False,False,False,False,False
MLI,Mali,2001,47.14,346.224554248587,,183.9,42.5,11912158.0,18.5366288294077,False,0.0,False,0.0,False,0.0,False,,False,0.0,False,False,False,False,False
MLI,Mali,2002,47.348,378.191678628068,,177.7,42.5,12288050.0,19.7478525761063,True,1.0,False,0.0,False,0.0,False,,False,0.0,False,False,False,False,False
MLI,Mali,2003,47.566,441.910358475171,24.0,171.7,42.5,12684955.0,20.9666083854735,True,2.0,False,0.0,False,0.0,False,0.0,False,-0.06600181323662749,False,False,False,False,False
MLI,Mali,2004,47.774,495.006294675661,24.0,165.8,42.5,13102409.0,22.193273656424,True,3.0,False,0.0,False,0.0,True,1.0,False,-0.0829646017699115,False,False,False,False,False
MLI,Mali,2005,47.891,548.730382848879,24.0,160.1,42.5,13538647.0,23.4264099806876,True,4.0,False,0.0,False,0.0,True,2.0,False,-0.09955005624296971,False,False,False,False,False
MLI,Mali,2006,47.602,586.985415512593,26.1800003051758,154.6,37.6,13990139.0,24.6671660825145,False,0.0,False,0.0,False,0.0,False,0.0,False,-0.10032588454376169,False,False,False,False,False
MLI,Mali,2007,47.394,670.853394978069,26.1800003051758,149.2,37.6,14457775.0,25.9143828499992,True,1.0,False,0.0,False,0.0,True,1.0,False,-0.1010965176527291,False,False,False,False,False
MLI,Mali,2008,47.203,767.194838946144,26.1800003051758,144.0,37.6,14940782.0,27.1686715784898,True,2.0,False,0.0,False,0.0,True,2.0,False,-0.10157224856501124,False,False,False,False,False
MLI,Mali,2009,47.015,787.48256428259,26.1800003051758,138.9,37.6,15435539.0,28.4286615146563,True,3.0,False,0.0,False,0.0,True,3.0,False,-0.1023652578518806,False,False,False,False,False
MLI,Mali,2010,46.892,797.151541141189,31.1000003814697,133.8,27.8,15945198.0,29.6932856424804,False,0.0,False,0.0,False,0.0,False,0.0,False,-0.10417782538832335,False,False,False,False,False
MLI,Mali,2011,46.477,938.292902579598,30.6200008392334,128.8,27.9,16469049.0,30.9622372812507,False,0.0,False,0.0,False,0.0,False,0.0,False,-0.10617626648160988,False,False,False,False,False
MLI,Mali,2012,46.279,872.506092463946,30.6200008392334,123.9,27.9,16957033.0,32.2352227048023,True,1.0,False,0.0,False,0.0,True,1.0,False,-0.1082481646753994,False,False,False,False,False
MLI,Mali,2013,45.461,901.920957649814,30.6200008392334,119.1,27.9,17459615.0,33.5119596461235,True,2.0,False,0.0,False,0.0,True,2.0,False,-0.11039737077980301,False,False,False,False,False
MLI,Mali,2014,44.983,947.915033293219,30.6200008392334,114.4,28.1,18020267.0,34.7924079704944,False,0.0,False,0.0,False,0.0,True,3.0,False,-0.11249030256012413,False,False,False,False,False
MLI,Mali,2015,44.474,838.11986940103,33.0699996948242,109.7,30.4,18593022.0,36.0760821566718,False,0.0,False,0.0,False,0.0,False,0.0,False,-0.11532258064516127,False,False,False,False,False
MLI,Mali,2016,43.911,872.468587171653,33.0699996948242,105.1,26.4,19191289.0,37.3629585814102,False,0.0,False,0.0,False,0.0,True,1.0,False,-0.11814062762208423,False,False,False,False,False
MLI,Mali,2017,43.444,924.057531692284,33.0699996948242,100.6,24.6,19813011.0,38.6530201870083,False,0.0,False,0.0,False,0.0,True,2.0,False,-0.12093673540720042,False,False,False,False,False
MLI,Mali,2018,42.585,996.379292136901,35.4700012207031,96.2,26.9,20442030.0,39.9458152875809,False,0.0,False,0.0,False,0.0,False,0.0,False,-0.12370194935325195,False,False,False,False,False
MLI,Mali,2019,41.139,971.949318638092,35.4700012207031,91.9,26.4,21068405.0,41.2415636688459,False,0.0,False,0.0,False,0.0,True,1.0,False,-0.12642585551330796,False,False,False,False,False
MLI,Mali,2020,40.959,953.242943290974,35.4700012207031,87.6,23.0,21713836.0,42.5396302417606,False,0.0,False,0.0,False,0.0,True,2.0,False,-0.13008937437934467,False,False,False,False,False
MLI,Mali,2021,40.707,1027.27345365357,35.4700012207031,83.6,22.1,22388630.0,43.8404477380485,False,0.0,False,0.0,False,0.0,True,3.0,False,-0.1316992106356461,False,False,False,False,False
MLI,Mali,2022,40.345,976.914116406452,35.4700012207031,79.7,21.8,23072640.0,45.1434215383033,False,0.0,False,0.0,False,0.0,True,4.0,False,-0.13350728419221558,False,False,False,False,False
MLI,Mali,2023,40.029,1042.44223444837,35.4700012207031,76.2,21.8,23769127.0,46.4485840749361,True,1.0,False,0.0,False,0.0,True,5.0,True,-0.1321184510250569,False,False,False,False,False
MLT,Malta,2000,11.3,10348.485765125,,7.6,,390087.0,99.9492010508807,False,,False,0.0,False,0.0,False,,False,0.0,False,True,False,False,False
MLT,Malta,2001,10.1,10357.7026407269,,7.4,,393028.0,99.9490461275994,False,,False,0.0,False,0.0,False,,False,0.0,False,True,False,False,False
MLT,Malta,2002,9.9,11251.2024877398,,7.2,,395969.0,99.9488990899102,False,,False,0.0,False,0.0,False,,False,0.0,False,True,False,False,False
MLT,Malta,2003,10.2,13593.9787182902,,7.1,,398582.0,99.9487652290629,False,,False,0.0,False,0.0,False,,False,-0.04054054054054052,False,True,False,False,False
MLT,Malta,2004,9.7,15212.1312964883,,7.0,,401268.0,99.9486253040546,False,,False,0.0,False,0.0,False,,False,-0.04436860068259388,False,True,False,False,False
MLT,Malta,2005,9.6,15831.3439802756,92.3600006103516,6.9,,403834.0,99.9484979431454,False,,False,0.0,False,0.0,False,0.0,False,-0.04958677685950406,False,True,False,False,False
MLT,Malta,2006,9.3,16653.6038312389,92.3600006103516,6.9,,405308.0,99.9484166203892,False,,False,0.0,False,0.0,True,1.0,False,-0.030898876404494346,False,True,False,False,False
MLT,Malta,2007,9.3,19444.1743635565,92.3600006103516,6.9,,406724.0,99.9483801402341,False,,False,0.0,False,0.0,True,2.0,False,-0.01709401709401711,False,True,False,False,False
MLT,Malta,2008,9.8,22405.6426266551,92.3600006103516,6.9,,409379.0,99.9483390179808,False,,False,0.0,False,0.0,True,3.0,False,-0.008620689655172485,False,True,False,False,False
MLT,Malta,2009,9.8,21261.5428699817,92.3600006103516,6.9,,412477.0,99.948299467383,False,,False,0.0,False,0.0,True,4.0,False,-0.0028901734104045626,False,True,False,False,False
MLT,Malta,2010,9.4,21946.6073066905,92.3600006103516,6.9,,414508.0,99.9482592767257,False,,False,0.0,False,0.0,True,5.0,False,0.0,False,True,False,False,False
MLT,Malta,2011,10.0,23516.972445816,93.3099975585938,6.8,,416268.0,99.9529309076339,False,,False,0.0,False,0.0,False,0.0,False,-0.014492753623188482,False,True,False,False,False
MLT,Malta,2012,9.8,22878.3095862582,93.3099975585938,6.8,,420028.0,99.9576050642504,False,,False,0.0,False,0.0,True,1.0,False,-0.011627906976744196,False,True,False,False,False
MLT,Malta,2013,9.5,25415.5525389054,93.3099975585938,6.7,,424810.0,99.9622878778312,False,,False,0.0,False,0.0,True,2.0,False,-0.02332361516035,False,True,False,False,False
MLT,Malta,2014,9.6,27424.5693619702,93.3099975585938,6.7,,433481.0,99.9669760572969,False,,False,0.0,False,0.0,True,3.0,False,-0.01759530791788858,False,True,False,False,False
MLT,Malta,2015,9.7,25529.6693210673,93.3099975585938,6.6,,444220.0,99.9716734306493,False,,False,0.0,False,0.0,True,4.0,False,-0.026548672566371643,False,True,False,False,False
MLT,Malta,2016,9.8,26459.0644285369,93.3099975585938,6.5,,454505.0,99.9763785453032,False,,False,0.0,False,0.0,True,5.0,False,-0.03273809523809533,False,True,False,False,False
MLT,Malta,2017,9.2,30317.2611769875,93.3099975585938,6.4,,467106.0,99.9810896682043,False,,False,0.0,False,0.0,True,6.0,False,-0.03903903903903914,False,True,False,False,False
MLT,Malta,2018,9.2,33382.280781103,93.3099975585938,6.3,,483903.0,99.9858051675868,False,,False,0.0,False,0.0,True,7.0,False,-0.04255319148936174,False,True,False,False,False
MLT,Malta,2019,8.6,32421.9087471186,93.3099975585938,6.1,,503912.0,99.9905343490211,False,,False,0.0,False,0.0,True,8.0,False,-0.06153846153846159,False,True,False,False,False
MLT,Malta,2020,8.6,31823.422001724,93.3099975585938,6.0,,515490.0,99.9952644133915,False,,False,0.0,False,0.0,True,9.0,False,-0.05956112852664575,False,True,False,False,False
MLT,Malta,2021,8.5,38078.0064279067,93.3099975585938,5.8,,518150.0,99.9999977128228,False,,False,0.0,False,0.0,True,10.0,False,-0.07348242811501597,False,True,False,False,False
MLT,Malta,2022,8.1,35658.8318250199,93.3099975585938,5.6,3.3,531113.0,99.9999984486759,False,0.0,False,0.0,False,0.0,True,11.0,False,-0.08496732026143798,False,True,False,False,False
MLT,Malta,2023,8.1,40932.5238774461,93.3099975585938,5.5,3.3,552747.0,100.0,True,1.0,False,0.0,False,0.0,True,12.0,True,-0.07718120805369114,False,True,False,False,False
MMR,Myanmar,2000,23.164,196.619580625284,89.9400024414062,88.9,40.8,45290841.0,63.4598787059053,False,0.0,False,0.0,False,0.0,False,0.0,False,0.0,False,False,False,False,False
MMR,Myanmar,2001,23.06,141.525660705722,89.9400024414062,86.5,40.8,45771139.0,64.0138771425064,True,1.0,False,0.0,False,0.0,True,1.0,False,0.0,False,False,False,False,False
MMR,Myanmar,2002,22.892,146.598390364449,89.9400024414062,84.1,40.8,46232653.0,64.5659679367751,True,2.0,False,0.0,False,0.0,True,2.0,False,0.0,False,False,False,False,False
MMR,Myanmar,2003,22.252,224.292688912409,89.9400024414062,81.6,42.7,46667192.0,65.1163596898644,False,0.0,False,0.0,False,0.0,True,3.0,False,-0.056647398843930705,False,False,False,False,False
MMR,Myanmar,2004,21.531,224.508811413327,89.9400024414062,79.1,42.7,47068772.0,65.6650229848345,True,1.0,False,0.0,False,0.0,True,4.0,False,-0.07241278217531529,False,False,False,False,False
MMR,Myanmar,2005,20.966,252.685193060728,89.9400024414062,76.3,42.7,47438365.0,66.2119516928638,True,2.0,False,0.0,False,0.0,True,5.0,False,-0.09209900047596377,False,False,False,False,False
MMR,Myanmar,2006,20.599,303.495087119254,89.9400024414062,73.6,42.7,47785135.0,66.756940787588,True,3.0,False,0.0,False,0.0,True,6.0,False,-0.09715407262021593,False,False,False,False,False
MMR,Myanmar,2007,20.373,419.375780725042,89.9400024414062,70.8,42.7,48125043.0,67.3001769970488,True,4.0,False,0.0,False,0.0,True,7.0,False,-0.10311629085381303,False,False,False,False,False
MMR,Myanmar,2008,19.993,658.442487229705,89.9400024414062,101.7,42.7,48390793.0,67.8416392315072,True,5.0,False,0.0,False,0.0,True,8.0,False,0.33324593602517044,True,False,False,False,False
MMR,Myanmar,2009,19.681,758.442935789255,89.9400024414062,65.1,35.1,48660459.0,68.3369194463673,False,0.0,False,0.0,False,0.0,True,9.0,False,-0.18929016189290152,True,False,False,False,False
MMR,Myanmar,2010,19.365,1010.53417343401,89.9400024414062,62.4,35.1,49024382.0,68.829818100566,True,1.0,False,0.0,False,0.0,True,10.0,False,-0.19483870967741937,False,False,False,False,False
MMR,Myanmar,2011,19.086,1213.62898703376,89.9400024414062,59.7,35.1,49419820.0,69.3199771322654,True,2.0,False,0.0,False,0.0,True,11.0,False,-0.20101713062098497,False,False,False,False,False
MMR,Myanmar,2012,18.819,1202.6658960055,89.9400024414062,57.0,35.1,49837446.0,69.8075314320921,True,3.0,False,0.0,False,0.0,True,12.0,False,-0.20767306088407003,False,False,False,False,False
MMR,Myanmar,2013,18.684,1199.09561597055,89.9400024414062,54.6,35.1,50262658.0,70.2923141744914,True,4.0,False,0.0,False,0.0,True,13.0,False,-0.21075455333911525,False,False,False,False,False
MMR,Myanmar,2014,18.551,1293.00042298688,90.3600006103516,52.4,35.1,50681634.0,70.7745876052099,True,5.0,False,0.0,False,0.0,False,0.0,False,-0.12315930388219555,False,False,False,False,False
MMR,Myanmar,2015,18.608,1166.73305546337,90.3600006103516,50.5,35.1,51089056.0,71.2558705695299,True,6.0,False,0.0,False,0.0,True,1.0,False,-0.11744145403704985,False,False,False,False,False
MMR,Myanmar,2016,18.561,1229.19713515893,84.7799987792969,48.7,29.4,51495696.0,71.7359380963987,False,0.0,False,0.0,False,0.0,False,0.0,False,-0.11196207148067093,False,False,False,False,False
MMR,Myanmar,2017,18.341,1272.82241830603,84.7799987792969,46.8,29.4,51894938.0,72.2144198606081,True,1.0,False,0.0,False,0.0,True,1.0,False,-0.11094224924012164,False,False,False,False,False
MMR,Myanmar,2018,18.054,1298.21310320785,95.8142859113662,45.2,26.7,52272247.0,72.6910446469858,False,0.0,False,0.0,False,0.0,False,0.0,False,-0.10671936758893277,False,False,False,False,False
MMR,Myanmar,2019,17.774,1425.98954211903,89.0699996948242,43.6,26.7,52640713.0,73.1653173340109,True,1.0,False,0.0,False,0.0,False,0.0,False,-0.10509031198686367,False,False,False,False,False
MMR,Myanmar,2020,17.456,1490.21683548367,93.527395549521,42.1,26.7,53016522.0,73.6368737740023,True,2.0,False,0.0,False,0.0,False,0.0,False,-0.10349233390119249,False,False,False,False,False
MMR,Myanmar,2021,17.201,1242.72134419599,93.527395549521,40.8,26.7,53387102.0,74.1054938787639,True,3.0,False,0.0,False,0.0,True,1.0,False,-0.09893992932862199,False,False,False,False,False
MMR,Myanmar,2022,16.912,1158.05005034332,93.527395549521,39.5,26.7,53756787.0,74.1301579655436,True,4.0,False,0.0,False,0.0,True,2.0,False,-0.0961098398169337,False,False,False,False,False
MMR,Myanmar,2023,16.696,1233.19666209269,93.527395549521,38.1,26.7,54133798.0,74.156188318795,True,5.0,False,0.0,False,0.0,True,3.0,True,-0.0980113636363635,False,False,False,False,False
MNE,Montenegro,2000,15.2,1627.06511911987,,14.2,,604950.0,,False,,False,,False,0.0,False,,False,0.0,False,False,False,False,False
MNE,Montenegro,2001,14.6,1909.59870186179,,13.7,,607389.0,,False,,False,,False,0.0,False,,False,0.0,False,False,False,False,False
MNE,Montenegro,2002,13.9,2109.30631947331,,13.0,,609828.0,,False,,False,,False,0.0,False,,False,0.0,False,False,False,False,False
MNE,Montenegro,2003,13.6,2789.95435110345,97.7699966430664,12.2,,612267.0,,False,,False,,False,0.0,False,0.0,False,-0.10513447432762839,False,False,False,False,False
MNE,Montenegro,2004,12.8,3386.38099417981,97.7699966430664,11.4,,613353.0,,False,,False,,False,0.0,True,1.0,False,-0.14124293785310724,False,False,False,False,False
MNE,Montenegro,2005,12.0,3675.98851272723,97.7699966430664,10.6,7.9,614261.0,,False,0.0,False,,False,0.0,True,2.0,False,-0.1782945736434109,False,False,False,False,False
MNE,Montenegro,2006,12.3,4422.55172559508,97.7699966430664,9.7,7.9,615025.0,90.6415121374975,True,1.0,False,0.0,False,0.0,True,3.0,False,-0.20361247947454836,False,False,False,False,False
MNE,Montenegro,2007,12.7,5979.43813180981,97.7699966430664,8.9,7.9,615875.0,91.1775903884606,True,2.0,False,0.0,False,0.0,True,4.0,False,-0.2179261862917398,False,False,False,False,False
MNE,Montenegro,2008,13.4,7390.01481290503,97.7699966430664,8.1,7.9,616969.0,91.7158378297671,True,3.0,False,0.0,False,0.0,True,5.0,False,-0.2329545454545454,False,False,False,False,False
MNE,Montenegro,2009,14.0,6726.67589734408,97.7699966430664,7.4,7.9,618294.0,92.2561094620688,True,4.0,False,0.0,False,0.0,True,6.0,False,-0.24024640657084173,False,False,False,False,False
MNE,Montenegro,2010,12.0,6678.63939560908,97.7699966430664,6.7,7.9,619428.0,92.7984934115956,True,5.0,False,0.0,False,0.0,True,7.0,False,-0.25055928411633105,False,False,False,False,False
MNE,Montenegro,2011,11.6,7265.51771176628,98.4400024414062,6.1,7.9,620345.0,93.3430526184903,True,6.0,False,0.0,False,0.0,False,0.0,False,-0.2524509803921569,False,False,False,False,False
MNE,Montenegro,2012,12.0,6552.47970337373,98.4400024414062,5.5,7.9,621418.0,93.8897863076242,True,7.0,False,0.0,False,0.0,True,1.0,False,-0.26075268817204306,False,False,False,False,False
MNE,Montenegro,2013,12.0,7102.7776714702,98.4400024414062,5.0,9.4,622587.0,94.438754002914,False,0.0,False,0.0,False,0.0,True,2.0,False,-0.26035502958579887,False,False,False,False,False
MNE,Montenegro,2014,12.1,7342.17147363741,98.4400024414062,4.6,9.4,623744.0,94.9899616180891,True,1.0,False,0.0,False,0.0,True,3.0,False,-0.250814332247557,False,False,False,False,False
MNE,Montenegro,2015,11.8,6421.00005731419,98.4400024414062,4.2,9.4,624651.0,95.5434213816421,True,2.0,False,0.0,False,0.0,True,4.0,False,-0.24731182795698922,False,False,False,False,False
MNE,Montenegro,2016,12.1,6968.01202883651,98.4400024414062,3.9,9.4,625353.0,96.0990784093621,True,3.0,False,0.0,False,0.0,True,5.0,False,-0.23228346456692917,False,False,False,False,False
MNE,Montenegro,2017,11.9,7674.2856571219,98.4400024414062,3.6,9.4,625982.0,96.6569962707111,True,4.0,False,0.0,False,0.0,True,6.0,False,-0.22413793103448268,False,False,False,False,False
MNE,Montenegro,2018,11.6,8673.59469069858,98.5299987792969,3.3,7.2,626438.0,97.2142443586762,False,0.0,False,0.0,False,0.0,False,0.0,False,-0.22535211267605634,False,False,False,False,False
MNE,Montenegro,2019,11.5,8749.25629734676,98.5299987792969,3.1,7.2,626753.0,97.5022963479866,True,1.0,False,0.0,False,0.0,True,1.0,False,-0.20918367346938782,False,False,False,False,False
MNE,Montenegro,2020,11.3,7555.48699036321,98.5299987792969,2.9,7.2,626590.0,97.771772470462,True,2.0,False,0.0,False,0.0,True,2.0,False,-0.19889502762430933,False,False,False,False,False
MNE,Montenegro,2021,11.3,9315.86435643142,98.5299987792969,2.8,7.2,625053.0,97.7911092113251,True,3.0,False,0.0,False,0.0,True,3.0,False,-0.1666666666666668,False,False,False,False,False
MNE,Montenegro,2022,11.3,10038.1849482517,98.5299987792969,2.6,7.2,623591.0,97.8104504105016,True,4.0,False,0.0,False,0.0,True,4.0,False,-0.1719745222929935,False,False,False,False,False
MNE,Montenegro,2023,11.2,12258.1600477339,98.5299987792969,2.5,7.2,623529.0,97.8297883395881,True,5.0,False,0.0,False,0.0,True,5.0,True,-0.1496598639455782,False,False,False,False,False
MNG,Mongolia,2000,20.794,476.02755082717,97.7699966430664,62.5,29.8,2388299.0,43.3509577005442,False,0.0,False,0.0,False,0.0,False,0.0,False,0.0,False,False,False,False,False
MNG,Mongolia,2001,20.257,524.453483552485,97.7699966430664,57.7,29.8,2417751.0,43.9293436353835,True,1.0,False,0.0,False,0.0,True,1.0,False,0.0,False,False,False,False,False
MNG,Mongolia,2002,19.424,570.249213248399,97.7699966430664,52.9,29.8,2449027.0,44.4988380043393,True,2.0,False,0.0,False,0.0,True,2.0,False,0.0,False,False,False,False,False
MNG,Mongolia,2003,18.648,643.168068921658,97.7699966430664,48.5,29.8,2480374.0,45.0591791576731,True,3.0,False,0.0,False,0.0,True,3.0,False,-0.1594454072790294,False,False,False,False,False
MNG,Mongolia,2004,18.398,794.154552001815,97.7699966430664,44.3,23.5,2508412.0,46.565730094516,False,0.0,False,0.0,False,0.0,True,4.0,False,-0.20036101083032495,False,False,False,False,False
MNG,Mongolia,2005,18.566,994.90010913241,97.7699966430664,40.5,27.5,2536407.0,48.0796741751259,False,0.0,False,0.0,False,0.0,True,5.0,False,-0.2384355020684467,False,False,False,False,False
MNG,Mongolia,2006,19.96,1329.89179579053,97.7699966430664,37.0,27.5,2567168.0,49.6017260697185,True,1.0,False,0.0,False,0.0,True,6.0,False,-0.24149241492414925,False,False,False,False,False
MNG,Mongolia,2007,21.889,1627.68787743359,97.7699966430664,33.8,27.5,2601850.0,51.1306318210775,True,2.0,False,0.0,False,0.0,True,7.0,False,-0.24283154121863806,False,False,False,False,False
MNG,Mongolia,2008,23.899,2127.42678594737,97.7699966430664,31.0,27.5,2643201.0,52.6658164646959,True,3.0,False,0.0,False,0.0,True,8.0,False,-0.24056834884860362,False,False,False,False,False
MNG,Mongolia,2009,24.816,1703.32756790019,97.7699966430664,28.5,27.5,2691115.0,54.2047237331896,True,4.0,False,0.0,False,0.0,True,9.0,False,-0.23633440514469453,False,False,False,False,False
MNG,Mongolia,2010,23.1,2625.21881402433,98.2600021362305,26.3,15.3,2738622.0,55.748796660386,False,0.0,False,0.0,False,0.0,False,0.0,False,-0.23009367681498819,False,False,False,False,False
MNG,Mongolia,2011,25.1,3736.04201455077,98.2600021362305,24.4,15.3,2786317.0,57.1062265256697,True,1.0,False,0.0,False,0.0,True,1.0,False,-0.22094508301404858,False,False,False,False,False
MNG,Mongolia,2012,26.0,4328.89001905655,98.2600021362305,22.8,15.3,2839705.0,58.3638961437545,True,2.0,False,0.0,False,0.0,True,2.0,False,-0.20833333333333331,False,False,False,False,False
MNG,Mongolia,2013,27.5,4340.14310544449,98.2600021362305,21.5,10.8,2899011.0,59.6305788541198,False,0.0,False,0.0,False,0.0,True,3.0,False,-0.19172932330827072,False,False,False,False,False
MNG,Mongolia,2014,28.0,4126.23975800524,98.2600021362305,20.4,10.8,2963113.0,60.9059101713151,True,1.0,False,0.0,False,0.0,True,4.0,False,-0.17408906882591096,False,False,False,False,False
MNG,Mongolia,2015,27.1,3838.92126989984,98.2600021362305,19.4,10.8,3026864.0,62.1905023037508,True,2.0,False,0.0,False,0.0,True,5.0,False,-0.1594454072790296,False,False,False,False,False
MNG,Mongolia,2016,25.9,3619.90026383792,98.2600021362305,18.4,7.3,3088856.0,63.4840050160805,False,0.0,False,0.0,False,0.0,True,6.0,False,-0.15207373271889404,False,False,False,False,False
MNG,Mongolia,2017,23.9,3645.96708669551,98.2600021362305,17.4,7.3,3148917.0,64.7860401773072,True,1.0,False,0.0,False,0.0,True,7.0,False,-0.15121951219512203,False,False,False,False,False
MNG,Mongolia,2018,24.5,4107.64288528468,96.9000015258789,16.4,9.4,3208189.0,66.102065585159,False,0.0,False,0.0,False,0.0,False,0.0,False,-0.15550978372811533,False,False,False,False,False
MNG,Mongolia,2019,24.4,4347.54610314873,98.4599990844727,15.6,9.4,3267673.0,67.4319599015551,True,1.0,False,0.0,False,0.0,False,0.0,False,-0.15217391304347822,False,False,False,False,False
MNG,Mongolia,2020,23.4,4001.25193077703,99.1800003051758,14.8,9.4,3327204.0,68.7755717433728,True,2.0,False,0.0,False,0.0,False,0.0,False,-0.15137614678899067,False,False,False,False,False
MNG,Mongolia,2021,21.6,4517.61578018785,99.2143568969301,14.3,9.4,3383741.0,70.1321116661664,True,3.0,False,0.0,False,0.0,False,0.0,False,-0.13438256658595635,False,False,False,False,False
MNG,Mongolia,2022,19.5,4993.51487463495,98.7300033569336,13.9,9.4,3433748.0,71.5023556683645,True,4.0,False,0.0,False,0.0,False,0.0,False,-0.11464968152866235,False,False,False,False,False
MNG,Mongolia,2023,19.0,5838.63108083902,98.6399993896484,13.6,8.8,3481145.0,72.8851663037703,False,0.0,False,0.0,False,0.0,False,0.0,True,-0.09333333333333335,False,False,False,False,False
MNP,Northern Mariana Islands,2000,21.957,,,,,68356.0,94.0133637810378,False,,False,0.0,False,,False,,False,0.0,False,True,False,False,True
MNP,Northern Mariana Islands,2001,23.055,,,,,67984.0,94.2745099221282,False,,False,0.0,False,,False,,False,0.0,False,True,False,False,True
MNP,Northern Mariana Islands,2002,21.196,19227.8894246608,,,,66778.0,94.5356560632186,False,,False,0.0,False,0.0,False,,False,0.0,False,True,False,False,True
MNP,Northern Mariana Islands,2003,22.594,18938.8728389967,,,,65421.0,94.796802204309,False,,False,0.0,False,0.0,False,,False,0.0,False,True,False,False,True
MNP,Northern Mariana Islands,2004,22.887,18924.5831899653,,,,63938.0,95.0579483453994,False,,False,0.0,False,0.0,False,,False,0.0,False,True,False,False,True
MNP,Northern Mariana Islands,2005,22.96,17015.7487891715,,,,62354.0,95.3190944864897,False,,False,0.0,False,0.0,False,,False,0.0,False,True,False,False,True
MNP,Northern Mariana Islands,2006,24.494,16314.5578590027,,,,60682.0,95.5802406275802,False,,False,0.0,False,0.0,False,,False,0.0,False,True,False,False,True
MNP,Northern Mariana Islands,2007,24.231,15914.2193040498,,,,58941.0,95.8413867686706,False,,False,0.0,False,0.0,False,,False,0.0,False,True,False,False,True
MNP,Northern Mariana Islands,2008,22.747,16430.4461942257,,,,57150.0,96.102532909761,False,,False,0.0,False,0.0,False,,False,0.0,False,True,False,False,True
MNP,Northern Mariana Islands,2009,20.624,14369.6339810212,,,,55325.0,96.3636790508513,False,,False,0.0,False,0.0,False,,False,0.0,False,True,False,False,True
MNP,Northern Mariana Islands,2010,20.67,14771.4037455399,,,,54091.0,96.6248251919417,False,,False,0.0,False,0.0,False,,False,0.0,False,True,False,False,True
MNP,Northern Mariana Islands,2011,21.409,13598.7166094613,,,,53608.0,96.8859713330322,False,,False,0.0,False,0.0,False,,False,0.0,False,True,False,False,True
MNP,Northern Mariana Islands,2012,21.778,14013.6003306158,,,,53234.0,97.1471174741226,False,,False,0.0,False,0.0,False,,False,0.0,False,True,False,False,True
MNP,Northern Mariana Islands,2013,22.776,14632.8518897608,,,,52758.0,97.408263615213,False,,False,0.0,False,0.0,False,,False,0.0,False,True,False,False,True
MNP,Northern Mariana Islands,2014,21.455,15945.417608954,,,,52178.0,97.6694097563033,False,,False,0.0,False,0.0,False,,False,0.0,False,True,False,False,True
MNP,Northern Mariana Islands,2015,19.791,17665.1007493109,,,,51514.0,97.9305558973937,False,,False,0.0,False,0.0,False,,False,0.0,False,True,False,False,True
MNP,Northern Mariana Islands,2016,18.374,24225.474169342,,,,50773.0,98.1917020384842,False,,False,0.0,False,0.0,False,,False,0.0,False,True,False,False,True
MNP,Northern Mariana Islands,2017,17.324,31225.6049960968,,,,49959.0,98.4528481795746,False,,False,0.0,False,0.0,False,,False,0.0,False,True,False,False,True
MNP,Northern Mariana Islands,2018,16.559,26509.3628379893,,,,49077.0,98.713994320665,False,,False,0.0,False,0.0,False,,False,0.0,False,True,False,False,True
MNP,Northern Mariana Islands,2019,16.029,24496.6652122421,,,,48129.0,98.9751404617553,False,,False,0.0,False,0.0,False,,False,0.0,False,True,False,False,True
MNP,Northern Mariana Islands,2020,15.487,18220.8382427201,,,,47528.0,99.2362866028457,False,,False,0.0,False,0.0,False,,False,0.0,False,True,False,False,True
MNP,Northern Mariana Islands,2021,14.824,19455.50139424,,,,46979.0,99.4974327439361,False,,False,0.0,False,0.0,False,,False,0.0,False,True,False,False,True
MNP,Northern Mariana Islands,2022,13.807,23785.754590043,,,,46078.0,99.7585788850266,False,,False,0.0,False,0.0,False,,False,0.0,False,True,False,False,True
MNP,Northern Mariana Islands,2023,12.918,23785.754590043,,,,45143.0,99.7585788850266,False,,False,0.0,True,1.0,False,,True,0.0,False,True,False,False,True
MOZ,Mozambique,2000,43.583,327.12623979157,,164.6,,18129653.0,10.7368086528161,False,,False,0.0,False,0.0,False,,False,0.0,False,False,False,False,False
MOZ,Mozambique,2001,43.073,304.792138621913,,155.7,50.7,18537729.0,11.6891382934177,False,0.0,False,0.0,False,0.0,False,,False,0.0,False,False,False,False,False
MOZ,Mozambique,2002,42.473,313.886661721198,,147.5,50.7,18958338.0,12.6706023887281,True,1.0,False,0.0,False,0.0,False,,False,0.0,False,False,False,False,False
MOZ,Mozambique,2003,41.971,339.488737800648,48.1599998474121,139.8,46.9,19392475.0,13.6597206754492,False,0.0,False,0.0,False,0.0,False,0.0,False,-0.10346301838392453,False,False,False,False,False
MOZ,Mozambique,2004,41.638,400.056973161545,48.1599998474121,132.5,46.9,19840313.0,14.656791437849,True,1.0,False,0.0,False,0.0,True,1.0,False,-0.12771560236998028,False,False,False,False,False
MOZ,Mozambique,2005,41.356,436.773856167384,48.1599998474121,125.7,46.9,20304569.0,15.661495607588,True,2.0,False,0.0,False,0.0,True,2.0,False,-0.1507904337251723,False,False,False,False,False
MOZ,Mozambique,2006,41.117,457.487647833183,48.1599998474121,118.8,46.9,20787087.0,16.6744657730016,True,3.0,False,0.0,False,0.0,True,3.0,False,-0.15288077581289208,False,False,False,False,False
MOZ,Mozambique,2007,41.268,507.874923914304,48.1599998474121,110.7,46.9,21287635.0,17.6947339130943,True,4.0,False,0.0,False,0.0,True,4.0,False,-0.1667921119975915,False,False,False,False,False
MOZ,Mozambique,2008,42.277,592.159111184122,48.1599998474121,104.4,43.5,21819036.0,18.8175728896395,False,0.0,False,0.0,False,0.0,True,5.0,False,-0.1681274900398406,False,False,False,False,False
MOZ,Mozambique,2009,42.908,547.697144193651,50.5800018310547,98.3,43.5,22391745.0,19.9603052560203,True,1.0,False,0.0,False,0.0,False,0.0,False,-0.16990373247762205,False,False,False,False,False
MOZ,Mozambique,2010,42.806,496.185839392659,50.5800018310547,95.6,43.5,22999235.0,21.1157832994067,True,2.0,False,0.0,False,0.0,True,1.0,False,-0.14321563004122606,False,False,False,False,False
MOZ,Mozambique,2011,42.454,618.17649286789,50.5800018310547,91.1,42.9,23649039.0,22.2833615319123,False,0.0,False,0.0,False,0.0,True,2.0,False,-0.13698370594922316,False,False,False,False,False
MOZ,Mozambique,2012,42.019,685.685748199513,50.5800018310547,86.5,42.9,24337846.0,23.4630594441157,True,1.0,False,0.0,False,0.0,True,3.0,False,-0.1351729654069187,False,False,False,False,False
MOZ,Mozambique,2013,41.554,686.505672517351,50.5800018310547,82.9,42.9,25051611.0,24.6548929254595,True,2.0,False,0.0,False,0.0,True,4.0,False,-0.12901870140785868,False,False,False,False,False
MOZ,Mozambique,2014,40.792,697.142680444123,50.5800018310547,79.7,42.9,25788475.0,25.8588794084376,True,3.0,False,0.0,False,0.0,True,5.0,False,-0.12301936619718302,False,False,False,False,False
MOZ,Mozambique,2015,40.426,610.563774706589,56.0400009155273,75.8,42.3,26547572.0,27.0750381576231,False,0.0,False,0.0,False,0.0,False,0.0,False,-0.13033501606241396,False,False,False,False,False
MOZ,Mozambique,2016,40.093,441.489734819071,56.0400009155273,73.3,42.3,27337105.0,28.3033808340067,True,1.0,False,0.0,False,0.0,True,1.0,False,-0.11899038461538468,False,False,False,False,False
MOZ,Mozambique,2017,39.755,470.93856305196,60.6599998474121,72.0,42.3,28166393.0,29.5435460585168,True,2.0,False,0.0,False,0.0,False,0.0,False,-0.09593169261677549,False,False,False,False,False
MOZ,Mozambique,2018,39.448,517.507260258101,60.6599998474121,70.2,42.3,29018644.0,30.7959176592195,True,3.0,False,0.0,False,0.0,True,1.0,False,-0.08522283033620005,False,False,False,False,False
MOZ,Mozambique,2019,39.117,519.09255091362,60.6599998474121,68.6,42.3,29884380.0,32.0616645064997,True,4.0,False,0.0,False,0.0,True,2.0,False,-0.07547169811320766,False,False,False,False,False
MOZ,Mozambique,2020,38.736,462.433876479921,59.7799987792969,67.6,37.5,30783688.0,33.3404532645595,False,0.0,False,0.0,False,0.0,False,0.0,False,-0.0608502361767157,False,False,False,False,False
MOZ,Mozambique,2021,38.403,509.907829475551,59.7799987792969,65.5,37.5,31707800.0,34.6331153020155,True,1.0,False,0.0,False,0.0,True,1.0,False,-0.06880864373045213,False,False,False,False,False
MOZ,Mozambique,2022,37.99,578.273222184503,61.6653441678133,63.9,36.7,32656246.0,35.9385123672753,False,0.0,False,0.0,False,0.0,False,0.0,False,-0.07095085780750221,False,False,False,False,False
MOZ,Mozambique,2023,37.486,622.191133245967,61.6653441678133,61.7,36.7,33635160.0,37.257486002339,True,1.0,False,0.0,False,0.0,True,1.0,True,-0.08129839189994036,False,False,False,False,False
MRT,Mauritania,2000,37.914,680.911061879778,51.2099990844727,98.0,38.6,2613441.0,18.1529733941699,False,0.0,False,0.0,False,0.0,False,0.0,False,0.0,False,False,False,False,False
MRT,Mauritania,2001,37.983,651.817840199777,51.2099990844727,93.4,38.6,2678760.0,19.3093273656577,True,1.0,False,0.0,False,0.0,True,1.0,False,0.0,False,False,False,False,False
MRT,Mauritania,2002,37.855,648.879643934862,51.2099990844727,88.2,38.6,2738655.0,20.5759918023257,True,2.0,False,0.0,False,0.0,True,2.0,False,0.0,False,False,False,False,False
MRT,Mauritania,2003,37.912,732.017820812675,51.2099990844727,82.8,38.6,2802046.0,21.8519258918573,True,3.0,False,0.0,False,0.0,True,3.0,False,-0.11158798283261809,False,False,False,False,False
MRT,Mauritania,2004,38.273,823.554457141893,51.2099990844727,77.5,38.6,2868664.0,23.1372199810227,True,4.0,False,0.0,False,0.0,True,4.0,False,-0.14459161147902863,False,False,False,False,False
MRT,Mauritania,2005,38.436,998.96583416747,51.2099990844727,72.5,38.6,2939059.0,24.4309798679279,True,5.0,False,0.0,False,0.0,True,5.0,False,-0.17594907933621268,False,False,False,False,False
MRT,Mauritania,2006,38.762,1300.60367988659,51.2099990844727,68.1,38.6,3013660.0,25.9997164897389,True,6.0,False,0.0,False,0.0,True,6.0,False,-0.17833011583011585,False,False,False,False,False
MRT,Mauritania,2007,39.041,1405.15016203368,51.2099990844727,64.3,31.5,3093059.0,27.6037678904985,False,0.0,False,0.0,False,0.0,True,7.0,False,-0.1737342585453612,False,False,False,False,False
MRT,Mauritania,2008,39.074,1635.5630623124,51.2099990844727,61.3,23.6,3183269.0,29.2444593327866,False,0.0,False,0.0,False,0.0,True,8.0,False,-0.16073384446878416,False,False,False,False,False
MRT,Mauritania,2009,39.005,1435.43010811893,51.2099990844727,58.8,23.6,3284448.0,30.9205985186658,True,1.0,False,0.0,False,0.0,True,9.0,False,-0.14460285132382872,False,False,False,False,False
MRT,Mauritania,2010,38.939,1659.96369705455,51.2099990844727,56.8,23.6,3390965.0,32.634513910578,True,2.0,False,0.0,False,0.0,True,10.0,False,-0.126153846153846,False,False,False,False,False
MRT,Mauritania,2011,38.941,1931.19975525465,51.2099990844727,55.1,29.7,3502811.0,34.3867695026877,False,0.0,False,0.0,False,0.0,True,11.0,False,-0.10927901713546705,False,False,False,False,False
MRT,Mauritania,2012,38.74,1859.11733247641,51.2099990844727,53.5,23.2,3619034.0,36.1778963960657,False,0.0,False,0.0,False,0.0,True,12.0,False,-0.09719878501518739,False,False,False,False,False
MRT,Mauritania,2013,38.509,1936.26950446101,62.0699996948242,52.1,23.2,3734318.0,38.0075543396616,True,1.0,False,0.0,False,0.0,False,0.0,False,-0.08756567425569177,False,False,False,False,False
MRT,Mauritania,2014,38.127,1718.97089374709,62.0699996948242,50.6,23.2,3848514.0,39.8731407401327,True,2.0,False,0.0,False,0.0,True,1.0,False,-0.08432862830256974,False,False,False,False,False
MRT,Mauritania,2015,37.778,1558.84205473416,65.1100006103516,49.1,27.9,3965959.0,41.7742652183786,False,0.0,False,0.0,False,0.0,False,0.0,False,-0.08429690414024599,False,False,False,False,False
MRT,Mauritania,2016,37.402,1568.00551190332,65.1100006103516,47.7,27.9,4086657.0,43.7104270690001,True,1.0,False,0.0,False,0.0,True,1.0,False,-0.08410138248847918,False,False,False,False,False
MRT,Mauritania,2017,37.046,1617.93401542267,65.1100006103516,46.2,27.9,4210600.0,45.6828446170813,True,2.0,False,0.0,False,0.0,True,2.0,False,-0.0869565217391304,False,False,False,False,False
MRT,Mauritania,2018,36.621,1723.37809442655,65.1100006103516,44.7,22.8,4337685.0,47.6904380054199,False,0.0,False,0.0,False,0.0,True,3.0,False,-0.09035409035409031,False,False,False,False,False
MRT,Mauritania,2019,36.211,1767.072710621,65.1100006103516,43.4,19.4,4467708.0,49.7339098436372,False,0.0,False,0.0,False,0.0,True,4.0,False,-0.08938313050776342,False,False,False,False,False
MRT,Mauritania,2020,35.735,1795.72437324423,59.5299987792969,42.0,25.8,4600131.0,51.8124755125379,False,0.0,False,0.0,False,0.0,False,0.0,False,-0.09130246646473386,False,False,False,False,False
MRT,Mauritania,2021,35.342,1947.47413907209,59.5299987792969,40.7,17.4,4734874.0,53.9267671870648,False,0.0,False,0.0,False,0.0,True,1.0,False,-0.09151785714285703,False,False,False,False,False
MRT,Mauritania,2022,34.844,1961.28166648869,59.5299987792969,39.4,25.1,4875637.0,56.0758490078081,False,0.0,False,0.0,False,0.0,True,2.0,False,-0.09216589861751168,False,False,False,False,False
MRT,Mauritania,2023,34.423,2127.9576285973,59.5299987792969,38.1,25.1,5022441.0,58.2608340232933,True,1.0,False,0.0,False,0.0,True,3.0,True,-0.09372026641294,False,False,False,False,False
MUS,Mauritius,2000,17.0,3981.98343249582,84.3000030517578,18.8,,1186873.0,90.5194424395301,False,,False,0.0,False,0.0,False,0.0,False,0.0,False,True,False,False,False
MUS,Mauritius,2001,16.5,3908.55694927435,84.3000030517578,17.5,,1196287.0,90.8010935078889,False,,False,0.0,False,0.0,True,1.0,False,0.0,True,True,False,False,False
MUS,Mauritius,2002,16.6,4073.06053055903,84.3000030517578,16.6,,1204621.0,91.0831578826494,False,,False,0.0,False,0.0,True,2.0,False,0.0,False,True,False,False,False
MUS,Mauritius,2003,15.9,4858.26575549747,84.3000030517578,16.0,,1213370.0,91.3656724156252,False,,False,0.0,False,0.0,True,3.0,False,-0.0926275992438565,False,True,False,False,False
MUS,Mauritius,2004,15.7,5460.60800184198,84.3000030517578,15.7,,1221003.0,91.6486409323772,False,,False,0.0,False,0.0,True,4.0,False,-0.08853410740203205,False,True,False,False,False
MUS,Mauritius,2005,15.3,5354.02974260642,84.3000030517578,15.6,,1228254.0,91.9320916263266,False,,False,0.0,False,0.0,True,5.0,False,-0.07801418439716304,False,True,False,False,False
MUS,Mauritius,2006,14.3,5784.22491883026,84.3000030517578,15.4,,1233996.0,92.2159724037212,False,,False,0.0,False,0.0,True,6.0,False,-0.0540540540540541,False,True,False,False,False
MUS,Mauritius,2007,13.7,6677.37538616398,84.3000030517578,15.2,,1239630.0,92.5003340946351,False,,False,0.0,False,0.0,True,7.0,False,-0.04161412358133692,False,True,False,False,False
MUS,Mauritius,2008,13.2,8140.47983639243,84.3000030517578,15.0,,1244121.0,92.7851254425672,False,,False,0.0,False,0.0,True,8.0,False,-0.03722721437740683,False,True,False,False,False
MUS,Mauritius,2009,12.3,7426.86137313939,84.3000030517578,14.9,,1247429.0,93.0703993955795,False,,False,0.0,False,0.0,True,9.0,False,-0.031209362808842567,False,True,False,False,False
MUS,Mauritius,2010,12.0,8113.17670740212,84.3000030517578,14.8,,1250400.0,93.356133421421,False,,False,0.0,False,0.0,True,10.0,False,-0.02759526938239147,False,True,False,False,False
MUS,Mauritius,2011,11.7,9324.24232310496,89.25,14.9,,1252404.0,93.6423302206656,False,,False,0.0,False,0.0,False,0.0,False,-0.01062416998671968,False,True,False,False,False
MUS,Mauritius,2012,11.5,9421.52514098225,91.7699966430664,15.0,,1255882.0,93.928957338752,False,,False,0.0,False,0.0,False,0.0,False,0.002673796791443912,False,True,False,False,False
MUS,Mauritius,2013,10.9,9877.13865958834,91.4899978637695,14.9,,1258927.0,94.2160990172905,False,,False,0.0,False,0.0,False,0.0,False,-0.0013404825737263941,False,True,False,False,False
MUS,Mauritius,2014,10.6,10490.3315563853,92.4700012207031,14.7,,1261208.0,94.5036776997777,False,,False,0.0,False,0.0,False,0.0,False,-0.01342281879194638,False,True,False,False,False
MUS,Mauritius,2015,10.1,9630.5437837507,92.7099990844727,14.5,,1262879.0,94.7917221671352,False,,False,0.0,False,0.0,False,0.0,False,-0.024226110363391617,False,True,False,False,False
MUS,Mauritius,2016,10.4,10095.1225574156,93.1600036621094,14.6,,1263747.0,95.0806649213747,False,,False,0.0,False,0.0,False,0.0,False,-0.013513513513513585,False,True,False,False,False
MUS,Mauritius,2017,10.7,10986.7034093005,93.1600036621094,15.0,,1264887.0,95.3704562123422,False,,False,0.0,False,0.0,True,1.0,False,0.017639077340569985,False,True,False,False,False
MUS,Mauritius,2018,10.3,11818.7480619272,93.1600036621094,15.4,,1265577.0,95.6610436549434,False,,False,0.0,False,0.0,True,2.0,False,0.04477611940298521,False,True,False,False,False
MUS,Mauritius,2019,10.2,11568.2533399824,93.1600036621094,15.7,,1265985.0,95.9523952887646,False,,False,0.0,False,0.0,True,3.0,False,0.05795148247978433,False,True,False,False,False
MUS,Mauritius,2020,10.7,9135.84773751062,93.1600036621094,15.8,,1266014.0,96.2430585209024,False,,False,0.0,False,0.0,True,4.0,False,0.050531914893617004,False,True,False,False,False
MUS,Mauritius,2021,10.3,9177.71195973013,92.9800213334339,15.7,,1266334.0,96.5249988240641,False,,False,0.0,False,0.0,False,0.0,False,0.02614379084967311,False,True,False,False,False
MUS,Mauritius,2022,9.7,10246.5017455553,92.9800213334339,15.5,,1262523.0,96.8074578506506,False,,False,0.0,False,0.0,True,1.0,False,-0.0012886597938144056,False,True,False,False,False
MUS,Mauritius,2023,10.3,11269.9684462139,94.2877776512134,15.4,,1248647.0,97.0904086099851,False,,False,0.0,False,0.0,False,0.0,True,-0.014084507042253449,False,True,False,False,False
MWI,Malawi,2000,44.572,224.22415918428,,171.0,54.7,11315942.0,9.3511917456521,False,0.0,False,0.0,False,0.0,False,,False,0.0,False,False,False,False,False
MWI,Malawi,2001,44.179,215.474524898357,,239.0,54.7,11593058.0,9.35302758911489,True,1.0,False,0.0,False,0.0,False,,False,0.0,True,False,False,False,False
MWI,Malawi,2002,43.955,428.210439838398,,143.2,58.3,11880440.0,9.35480608724583,False,0.0,False,0.0,False,0.0,False,,False,0.0,True,False,False,False,False
MWI,Malawi,2003,43.907,383.348596852642,,130.0,58.3,12181574.0,9.35670106577719,True,1.0,False,0.0,False,0.0,False,,False,-0.29501084598698485,False,False,False,False,False
MWI,Malawi,2004,43.965,404.674248445428,,118.7,52.5,12500737.0,9.35853844568126,False,0.0,False,0.0,False,0.0,False,,False,-0.3050351288056206,False,False,False,False,False
MWI,Malawi,2005,44.003,414.361121984475,,109.7,52.5,12840031.0,11.6430173155279,True,1.0,False,0.0,False,0.0,False,,False,-0.31599950118468634,False,False,False,False,False
MWI,Malawi,2006,43.755,440.822149023873,,102.7,53.1,13198701.0,13.9195182666637,False,0.0,False,0.0,False,0.0,False,,False,-0.30664326221982174,False,False,False,False,False
MWI,Malawi,2007,43.274,475.180261659331,,96.9,53.1,13576343.0,16.1881872542677,True,1.0,False,0.0,False,0.0,False,,False,-0.19824590435214284,False,False,False,False,False
MWI,Malawi,2008,42.564,554.048820396119,,91.0,53.1,13976417.0,18.4488656297589,True,2.0,False,0.0,False,0.0,False,,False,-0.18458781362007165,False,False,False,False,False
MWI,Malawi,2009,41.745,625.869729869625,,85.3,48.8,14395788.0,20.7030011916433,False,0.0,False,0.0,False,0.0,False,,False,-0.17822736030828518,False,False,False,False,False
MWI,Malawi,2010,40.686,683.124694716799,,80.1,47.3,14826463.0,22.950220782325,False,0.0,False,0.0,False,0.0,False,,False,-0.1752471169686986,False,False,False,False,False
MWI,Malawi,2011,39.69,763.061000394572,,74.0,47.3,15265022.0,25.1902507973083,True,1.0,False,0.0,False,0.0,False,,False,-0.1885964912280702,False,False,False,False,False
MWI,Malawi,2012,38.564,558.46208832772,,67.9,47.3,15709577.0,27.4226021008412,True,2.0,False,0.0,False,0.0,False,,False,-0.20547624619705113,False,False,False,False,False
MWI,Malawi,2013,37.722,496.947368267313,,62.9,47.3,16161816.0,29.6470619671529,True,3.0,False,0.0,False,0.0,False,,False,-0.21039417524479034,False,False,False,False,False
MWI,Malawi,2014,36.503,529.5133440206,,60.0,42.4,16621538.0,31.8630595478382,False,0.0,False,0.0,False,0.0,False,,False,-0.18962722852512146,False,False,False,False,False
MWI,Malawi,2015,35.296,539.605363240686,,57.4,37.4,17085587.0,34.0704035850355,False,0.0,False,0.0,False,0.0,False,,False,-0.1678747463032762,False,False,False,False,False
MWI,Malawi,2016,34.225,450.506105510719,,55.8,38.3,17557739.0,36.2684898070789,False,0.0,False,0.0,False,0.0,False,,False,-0.13407821229050282,False,False,False,False,False
MWI,Malawi,2017,33.682,495.769683367165,72.8266778164735,53.8,39.3,18039715.0,38.4570661478088,False,0.0,False,0.0,False,0.0,False,0.0,False,-0.11513157894736843,False,False,False,False,False
MWI,Malawi,2018,33.227,533.202567189331,76.7200012207031,52.0,39.0,18528081.0,40.6356741988533,False,0.0,False,0.0,False,0.0,False,0.0,False,-0.10313901345291475,False,False,False,False,False
MWI,Malawi,2019,32.902,580.889139762475,76.7200012207031,51.3,34.0,19025752.0,42.8038384563156,False,0.0,False,0.0,False,0.0,True,1.0,False,-0.08064516129032258,False,False,False,False,False
MWI,Malawi,2020,32.536,602.507478176106,70.1500015258789,50.4,35.5,19533888.0,44.9611479828173,False,0.0,False,0.0,False,0.0,False,0.0,False,-0.06770255271920071,False,False,False,False,False
MWI,Malawi,2021,32.066,617.446994451007,70.1500015258789,50.0,35.5,20047258.0,47.1071277327455,True,1.0,False,0.0,False,0.0,True,1.0,False,-0.050512723129510134,False,False,False,False,False
MWI,Malawi,2022,31.738,604.269740360317,70.1500015258789,50.1,35.5,20568728.0,49.2412879464451,True,2.0,False,0.0,False,0.0,True,2.0,False,-0.027184466019417448,False,False,False,False,False
MWI,Malawi,2023,31.381,633.214767978695,70.1500015258789,49.6,35.5,21104482.0,49.23687867184,True,3.0,False,0.0,False,0.0,True,3.0,True,-0.022852639873916402,False,False,False,False,False
MYS,Malaysia,2000,22.603,4083.52874483605,88.6900024414062,9.9,,22967816.0,93.0900303093071,False,,False,0.0,False,0.0,False,0.0,False,0.0,False,False,False,False,False
MYS,Malaysia,2001,21.401,3943.79943910239,88.6900024414062,9.3,,23526538.0,93.271833713747,False,,False,0.0,False,0.0,True,1.0,False,0.0,True,False,False,False,False
MYS,Malaysia,2002,20.089,4184.03163773539,88.6900024414062,8.8,,24102477.0,93.4499785457309,False,,False,0.0,False,0.0,True,2.0,False,0.0,True,False,False,False,False
MYS,Malaysia,2003,19.55,4465.32194567208,88.6900024414062,8.6,,24679602.0,93.6245544667529,False,,False,0.0,False,0.0,True,3.0,False,-0.07857142857142867,False,False,False,False,False
MYS,Malaysia,2004,18.682,4939.24851854427,88.6900024414062,8.4,,25256772.0,93.7956145310405,False,,False,0.0,False,0.0,True,4.0,False,-0.08196721311475409,False,False,False,False,False
MYS,Malaysia,2005,17.94,5555.58179951206,88.6900024414062,8.3,,25836071.0,93.9630919319295,False,,False,0.0,False,0.0,True,5.0,False,-0.0777777777777777,False,False,False,False,False
MYS,Malaysia,2006,17.395,6158.40785533236,88.6900024414062,8.3,17.5,26417909.0,94.1271404616595,False,0.0,False,0.0,False,0.0,True,6.0,False,-0.04377880184331805,False,False,False,False,False
MYS,Malaysia,2007,17.091,7168.93031942508,88.6900024414062,8.3,17.5,26998389.0,94.287803077426,True,1.0,False,0.0,False,0.0,True,7.0,False,-0.021226415094339587,False,False,False,False,False
MYS,Malaysia,2008,17.356,8371.82156086005,88.6900024414062,8.2,17.5,27570059.0,94.4451244256703,True,2.0,False,0.0,False,0.0,True,8.0,False,-0.02147971360381879,False,False,False,False,False
MYS,Malaysia,2009,17.29,7191.43287234626,88.6900024414062,8.2,17.5,28124778.0,94.5991098396151,True,3.0,False,0.0,False,0.0,True,9.0,False,-0.012048192771084508,False,False,False,False,False
MYS,Malaysia,2010,16.906,8899.34505544675,93.120002746582,8.1,17.5,28655776.0,94.7498776690501,True,4.0,False,0.0,False,0.0,False,0.0,False,-0.01937046004842638,False,False,False,False,False
MYS,Malaysia,2011,17.186,10217.1068585031,93.120002746582,8.1,17.5,29162039.0,94.8950271076726,True,5.0,False,0.0,False,0.0,True,1.0,False,-0.014598540145985309,False,False,False,False,False
MYS,Malaysia,2012,17.002,10600.5744240026,93.120002746582,8.0,17.5,29662831.0,95.0372152977718,True,6.0,False,0.0,False,0.0,True,2.0,False,-0.02200488997555009,False,False,False,False,False
MYS,Malaysia,2013,16.761,10713.6407638899,93.120002746582,8.0,17.5,30174265.0,95.1769234434239,True,7.0,False,0.0,False,0.0,True,3.0,False,-0.014778325123152615,False,False,False,False,False
MYS,Malaysia,2014,16.724,11013.3107334403,93.120002746582,8.1,17.5,30696137.0,95.314250824297,True,8.0,False,0.0,False,0.0,True,4.0,False,0.0024752475247524224,False,False,False,False,False
MYS,Malaysia,2015,16.336,9648.6797937523,93.120002746582,8.2,17.8,31232798.0,95.4491928177034,False,0.0,False,0.0,False,0.0,True,5.0,False,0.017369727047146476,False,False,False,False,False
MYS,Malaysia,2016,15.789,9476.53409809923,94.879997253418,8.2,20.8,31789685.0,95.5818387511704,False,0.0,False,0.0,False,0.0,False,0.0,False,0.014851485148514532,False,False,False,False,False
MYS,Malaysia,2017,15.329,9862.54806612235,95.0800018310547,8.2,20.8,32355644.0,95.7121393469454,True,1.0,False,0.0,False,0.0,False,0.0,False,0.012345679012345635,False,False,False,False,False
MYS,Malaysia,2018,14.808,10901.8019954421,94.8499984741211,8.2,20.8,32910967.0,95.8087179177358,True,2.0,False,0.0,False,0.0,False,0.0,False,0.007371007371007213,False,False,False,False,False
MYS,Malaysia,2019,14.233,10920.191763972,94.9700012207031,8.2,25.5,33440596.0,95.93567943551,False,0.0,False,0.0,False,0.0,False,0.0,False,0.0024449877750610726,False,False,False,False,False
MYS,Malaysia,2020,13.393,9957.52626697613,94.9700012207031,8.2,25.5,33889558.0,95.9966449391973,True,1.0,False,0.0,False,0.0,True,1.0,False,0.0,False,False,False,False,False
MYS,Malaysia,2021,12.385,10903.1037480772,94.9700012207031,8.2,25.5,34282399.0,96.0173467621383,True,2.0,False,0.0,False,0.0,True,2.0,False,0.0,False,False,False,False,False
MYS,Malaysia,2022,12.394,11754.5678336248,95.7699966430664,8.2,21.2,34695493.0,96.0182636272288,False,0.0,False,0.0,False,0.0,False,0.0,False,0.0,False,False,False,False,False
MYS,Malaysia,2023,12.412,11386.0395636528,95.7699966430664,8.3,21.2,35126298.0,96.0191440152349,True,1.0,False,0.0,False,0.0,True,1.0,True,0.012195121951219686,False,False,False,False,False
NAM,Namibia,2000,31.612,2156.67590512714,,78.2,29.3,1818647.0,27.1488440827973,False,0.0,False,0.0,False,0.0,False,,False,0.0,False,False,False,False,False
NAM,Namibia,2001,30.481,1915.58926594875,84.9400024414062,77.6,29.3,1857048.0,27.5998396163148,True,1.0,False,0.0,False,0.0,False,0.0,False,0.0,False,False,False,False,False
NAM,Namibia,2002,29.636,1772.07565537493,84.9400024414062,76.6,29.3,1889970.0,28.1968311809375,True,2.0,False,0.0,False,0.0,True,1.0,False,0.0,False,False,False,False,False
NAM,Namibia,2003,29.028,2569.24739317883,84.9400024414062,75.6,29.3,1917464.0,28.8122875122617,True,3.0,False,0.0,False,0.0,True,2.0,False,-0.024096385542168593,False,False,False,False,False
NAM,Namibia,2004,28.918,3403.15496192955,84.9400024414062,74.4,29.3,1942082.0,29.4178256763319,True,4.0,False,0.0,False,0.0,True,3.0,False,-0.033766233766233694,False,False,False,False,False
NAM,Namibia,2005,29.316,3685.77299991587,84.9400024414062,71.0,29.3,1966582.0,30.0109518702615,True,5.0,False,0.0,False,0.0,True,4.0,False,-0.07165271966527184,False,False,False,False,False
NAM,Namibia,2006,29.734,4017.1834716928,84.9400024414062,66.0,29.3,1991888.0,30.5926680157068,True,6.0,False,0.0,False,0.0,True,5.0,False,-0.12046908315565023,False,False,False,False,False
NAM,Namibia,2007,29.979,4379.04313682732,84.9400024414062,62.0,29.2,2018600.0,31.1618359120794,False,0.0,False,0.0,False,0.0,True,6.0,False,-0.1474147414741474,False,False,False,False,False
NAM,Namibia,2008,30.265,4204.78555422749,84.9400024414062,57.5,29.2,2047056.0,31.7185868742759,True,1.0,False,0.0,False,0.0,True,7.0,False,-0.1762177650429799,False,False,False,False,False
NAM,Namibia,2009,30.616,4302.91374148376,84.9400024414062,53.2,29.2,2077394.0,32.2603036353343,True,2.0,False,0.0,False,0.0,True,8.0,False,-0.19613176186158948,False,False,False,False,False
NAM,Namibia,2010,31.006,5418.21633365814,84.9400024414062,50.3,29.2,2109811.0,32.7891161090276,True,3.0,False,0.0,False,0.0,True,9.0,False,-0.18792379722311936,False,False,False,False,False
NAM,Namibia,2011,31.142,5834.7917675794,88.2699966430664,50.0,29.2,2146325.0,33.3028894118118,True,4.0,False,0.0,False,0.0,False,0.0,False,-0.1349480968858131,False,False,False,False,False
NAM,Namibia,2012,31.352,5942.64680978673,88.2699966430664,52.6,29.2,2194654.0,33.8118744896686,True,5.0,False,0.0,False,0.0,True,1.0,False,-0.03663003663003663,False,False,False,False,False
NAM,Namibia,2013,31.177,5346.62131149967,88.2699966430664,50.8,22.7,2252508.0,34.3053246503093,False,0.0,False,0.0,False,0.0,True,2.0,False,-0.036418816388467536,False,False,False,False,False
NAM,Namibia,2014,31.011,5378.32326241205,88.2699966430664,50.0,22.7,2312139.0,34.7830478360411,True,1.0,False,0.0,False,0.0,True,3.0,False,-0.026858699883223227,False,False,False,False,False
NAM,Namibia,2015,30.668,4774.10650865775,88.2699966430664,51.8,22.7,2374300.0,35.243867972916,True,2.0,False,0.0,False,0.0,True,4.0,False,0.02089081592432011,False,False,False,False,False
NAM,Namibia,2016,30.31,4395.68776162376,88.1304979203867,51.4,22.7,2439213.0,35.68218646148,True,3.0,False,0.0,False,0.0,False,0.0,False,0.007053291536050146,False,False,False,False,False
NAM,Namibia,2017,29.652,5143.96072323076,88.1304979203867,49.8,22.7,2506853.0,36.0971096744774,True,4.0,False,0.0,False,0.0,True,1.0,False,-0.02961808261886197,False,False,False,False,False
NAM,Namibia,2018,29.067,5308.60813408705,88.2832376600657,48.5,22.7,2577327.0,36.4891060185928,True,5.0,False,0.0,False,0.0,False,0.0,False,-0.044523246650906186,False,False,False,False,False
NAM,Namibia,2019,28.386,4731.9210318831,88.2832376600657,46.6,22.7,2650494.0,36.9123066913261,True,6.0,False,0.0,False,0.0,True,1.0,False,-0.07355864811133193,False,False,False,False,False
NAM,Namibia,2020,27.687,3878.58982993966,88.2832376600657,44.8,22.7,2728762.0,37.3147816708838,True,7.0,False,0.0,False,0.0,True,2.0,False,-0.09713825070536075,False,False,False,False,False
NAM,Namibia,2021,27.022,4412.8355693052,88.2832376600657,43.2,22.7,2810548.0,37.6969593429633,True,8.0,False,0.0,False,0.0,True,3.0,False,-0.10410618000829523,False,False,False,False,False
NAM,Namibia,2022,26.343,4349.79908493314,88.2832376600657,41.6,22.7,2889662.0,38.0587226800855,True,9.0,False,0.0,False,0.0,True,4.0,False,-0.10691283812795185,False,False,False,False,False
NAM,Namibia,2023,25.89,4225.99102418102,87.6399993896484,41.1,22.7,2963095.0,38.4005446833098,True,10.0,False,0.0,False,0.0,False,0.0,True,-0.0854472630173564,False,False,False,False,False
NCL,New Caledonia,2000,21.201,15329.7297200058,,,,223098.0,100.0,False,,False,0.0,False,0.0,False,,False,0.0,False,True,False,False,True
NCL,New Caledonia,2001,20.304,14482.3606263602,,,,227707.0,100.0,False,,False,0.0,False,0.0,False,,False,0.0,False,True,False,False,True
NCL,New Caledonia,2002,19.529,16104.5520406819,,,,232236.0,100.0,False,,False,0.0,False,0.0,False,,False,0.0,False,True,False,False,True
NCL,New Caledonia,2003,18.705,20768.1061488848,,,,236678.0,100.0,False,,False,0.0,False,0.0,False,,False,0.0,False,True,False,False,True
NCL,New Caledonia,2004,18.372,24475.6488547037,,,,240852.0,100.0,False,,False,0.0,False,0.0,False,,False,0.0,False,True,False,False,True
NCL,New Caledonia,2005,18.105,25528.2918353444,,,,244381.0,100.0,False,,False,0.0,False,0.0,False,,False,0.0,False,True,False,False,True
NCL,New Caledonia,2006,18.028,28193.2537573387,,,,247547.0,100.0,False,,False,0.0,False,0.0,False,,False,0.0,False,True,False,False,True
NCL,New Caledonia,2007,17.636,35177.6535261448,,,,250725.0,100.0,False,,False,0.0,False,0.0,False,,False,0.0,False,True,False,False,True
NCL,New Caledonia,2008,17.345,35723.9033194947,,,,253825.0,100.0,False,,False,0.0,False,0.0,False,,False,0.0,False,True,False,False,True
NCL,New Caledonia,2009,17.013,33836.494080472,,,,257250.0,100.0,False,,False,0.0,False,0.0,False,,False,0.0,False,True,False,False,True
NCL,New Caledonia,2010,16.774,35798.9084757829,,,,261582.0,100.0,False,,False,0.0,False,0.0,False,,False,0.0,False,True,False,False,True
NCL,New Caledonia,2011,16.834,38835.9401851385,,,,266543.0,100.0,False,,False,0.0,False,0.0,False,,False,0.0,False,True,False,False,True
NCL,New Caledonia,2012,16.788,35559.5672006157,,,,271633.0,100.0,False,,False,0.0,False,0.0,False,,False,0.0,False,True,False,False,True
NCL,New Caledonia,2013,16.442,36671.1566752621,,,,276822.0,100.0,False,,False,0.0,False,0.0,False,,False,0.0,False,True,False,False,True
NCL,New Caledonia,2014,16.031,37816.9558599295,,,,281224.0,100.0,False,,False,0.0,False,0.0,False,,False,0.0,False,True,False,False,True
NCL,New Caledonia,2015,15.735,30858.7237060533,,,,283168.0,100.0,False,,False,0.0,False,0.0,False,,False,0.0,False,True,False,False,True
NCL,New Caledonia,2016,15.672,30782.8544433514,,,,283423.0,100.0,False,,False,0.0,False,0.0,False,,False,0.0,False,True,False,False,True
NCL,New Caledonia,2017,15.327,32354.7102832901,,,,283546.0,100.0,False,,False,0.0,False,0.0,False,,False,0.0,False,True,False,False,True
NCL,New Caledonia,2018,15.228,34902.8968780031,,,,283541.0,100.0,False,,False,0.0,False,0.0,False,,False,0.0,False,True,False,False,True
NCL,New Caledonia,2019,15.183,33411.3358835672,,,,283606.0,100.0,False,,False,0.0,False,0.0,False,,False,0.0,False,True,False,False,True
NCL,New Caledonia,2020,14.903,33270.330597637,,,,284176.0,100.0,False,,False,0.0,False,0.0,False,,False,0.0,False,True,False,False,True
NCL,New Caledonia,2021,14.747,35311.5543551452,,,,285214.0,100.0,False,,False,0.0,False,0.0,False,,False,0.0,False,True,False,False,True
NCL,New Caledonia,2022,14.498,33516.363085906,,,,287123.0,100.0,False,,False,0.0,False,0.0,False,,False,0.0,False,True,False,False,True
NCL,New Caledonia,2023,14.262,33701.8923322781,,,,289870.0,100.0,False,,False,0.0,False,0.0,False,,True,0.0,False,True,False,False,True
NER,Niger,2000,53.39,194.771959898935,,227.9,53.5,11509630.0,6.49095998473198,False,0.0,False,0.0,False,0.0,False,,False,0.0,False,False,False,False,False
NER,Niger,2001,53.015,205.417936120931,14.3800001144409,217.4,53.5,11920647.0,6.90942898388813,True,1.0,False,0.0,False,0.0,False,0.0,False,0.0,False,False,False,False,False
NER,Niger,2002,52.581,225.294391147438,14.3800001144409,205.9,53.5,12349144.0,7.30986882133162,True,2.0,False,0.0,False,0.0,True,1.0,False,0.0,False,False,False,False,False
NER,Niger,2003,52.178,265.225363452469,14.3800001144409,194.1,53.5,12796984.0,7.71048737435581,True,3.0,False,0.0,False,0.0,True,2.0,False,-0.10580466830466843,False,False,False,False,False
NER,Niger,2004,51.776,283.468281798296,14.3800001144409,182.4,53.5,13265836.0,8.11105189403746,True,4.0,False,0.0,False,0.0,True,3.0,False,-0.1368744824322725,False,False,False,False,False
NER,Niger,2005,51.417,318.643121918273,28.6700000762939,171.4,53.5,13756192.0,8.51225299855436,True,5.0,False,0.0,False,0.0,False,0.0,False,-0.1660990561447894,False,False,False,False,False
NER,Niger,2006,50.967,333.345078419447,28.6700000762939,161.6,51.0,14268581.0,8.91225988238255,False,0.0,False,0.0,False,0.0,True,1.0,False,-0.16803953871499183,False,False,False,False,False
NER,Niger,2007,50.594,387.168065883301,28.6700000762939,153.1,49.2,14803610.0,9.3108172797856,False,0.0,False,0.0,False,0.0,True,2.0,False,-0.1637535503604981,False,False,False,False,False
NER,Niger,2008,50.172,475.044955398162,28.6700000762939,146.0,43.8,15361915.0,9.70763488348427,False,0.0,False,0.0,False,0.0,True,3.0,False,-0.15372130767447242,False,False,False,False,False
NER,Niger,2009,49.8,461.131533961487,28.6700000762939,140.3,45.5,15943675.0,10.1032794598234,False,0.0,False,0.0,False,0.0,True,4.0,False,-0.13873542050337626,False,False,False,False,False
NER,Niger,2010,49.353,474.425692340831,28.6700000762939,136.0,47.4,16548835.0,10.4974697713474,False,0.0,False,0.0,False,0.0,True,5.0,False,-0.11962713619886063,False,False,False,False,False
NER,Niger,2011,48.823,510.75956176268,28.6700000762939,132.7,50.9,17176283.0,10.8898889805879,False,0.0,False,0.0,False,0.0,True,6.0,False,-0.09972862957937596,False,False,False,False,False
NER,Niger,2012,48.217,528.510104469655,30.5599994659424,130.3,39.9,17836769.0,11.2811585980416,False,0.0,False,0.0,False,0.0,False,0.0,False,-0.07993221296427035,False,False,False,False,False
NER,Niger,2013,47.796,552.103334363117,30.5599994659424,128.3,42.5,18519898.0,11.6709689397012,False,0.0,False,0.0,False,0.0,True,1.0,False,-0.06391361447541216,False,False,False,False,False
NER,Niger,2014,47.2,565.30989731175,29.0437067944143,126.8,42.2,19215909.0,12.0644714438851,False,0.0,False,0.0,False,0.0,False,0.0,False,-0.050329538645895636,False,False,False,False,False
NER,Niger,2015,46.577,485.662574175279,29.0437067944143,125.4,46.4,19939498.0,12.4627973884211,False,0.0,False,0.0,False,0.0,True,1.0,False,-0.041430973857208286,False,False,False,False,False
NER,Niger,2016,45.881,499.910520068193,29.0437067944143,124.3,41.3,20685753.0,12.8657160959019,False,0.0,False,0.0,False,0.0,True,2.0,False,-0.03418803418803412,False,False,False,False,False
NER,Niger,2017,45.057,529.929418934868,29.0437067944143,123.1,41.3,21435446.0,13.2744201872419,True,1.0,False,0.0,False,0.0,True,3.0,False,-0.030861281687923285,False,False,False,False,False
NER,Niger,2018,44.181,576.927536415462,33.0499992370605,121.9,48.5,22188069.0,13.6886629942744,False,0.0,False,0.0,False,0.0,False,0.0,False,-0.029304029304029245,False,False,False,False,False
NER,Niger,2019,43.366,541.265819870273,33.0499992370605,120.8,47.1,22947757.0,14.10969749241,False,0.0,False,0.0,False,0.0,True,1.0,False,-0.028157683024939664,False,False,False,False,False
NER,Niger,2020,42.6,575.451340306915,33.0499992370605,119.5,45.3,23717613.0,14.5380631441061,False,0.0,False,0.0,False,0.0,True,2.0,False,-0.029244516653127495,False,False,False,False,False
NER,Niger,2021,41.932,609.585703670137,33.0499992370605,118.0,44.4,24502140.0,14.973899415173,False,0.0,False,0.0,False,0.0,True,3.0,False,-0.032152230971128626,False,False,False,False,False
NER,Niger,2022,41.95,613.614736429298,35.6100006103516,116.0,47.7,25311973.0,15.4185833482363,False,0.0,False,0.0,False,0.0,False,0.0,False,-0.03862091828277803,False,False,False,False,False
NER,Niger,2023,41.892,647.930108509567,35.6100006103516,113.5,47.7,26159867.0,15.8722896113192,True,1.0,False,0.0,False,0.0,True,1.0,True,-0.04813820865481366,False,False,False,False,False
NGA,Nigeria,2000,43.892,547.318298903379,,177.3,,126382494.0,27.9946368630353,False,,False,0.0,False,0.0,False,,False,0.0,False,False,False,False,False
NGA,Nigeria,2001,43.934,566.428231812933,,170.5,,129862595.0,28.0339074690086,False,,False,0.0,False,0.0,False,,False,0.0,False,False,False,False,False
NGA,Nigeria,2002,43.822,712.164852077686,,163.9,,133471989.0,28.6863485385753,False,,False,0.0,False,0.0,False,,False,0.0,False,False,False,False,False
NGA,Nigeria,2003,43.71,763.388745367223,54.7700004577637,157.4,42.5,137202644.0,29.3592592810807,False,0.0,False,0.0,False,0.0,False,0.0,False,-0.0771936681649405,False,False,False,False,False
NGA,Nigeria,2004,43.474,962.48104194733,54.7700004577637,151.4,42.5,141057045.0,30.053264298702,True,1.0,False,0.0,False,0.0,True,1.0,False,-0.09490360185323568,False,False,False,False,False
NGA,Nigeria,2005,43.37,1211.37703504386,54.7700004577637,145.8,42.5,145017253.0,30.7689136757313,True,2.0,False,0.0,False,0.0,True,2.0,False,-0.11151736745886645,False,False,False,False,False
NGA,Nigeria,2006,43.172,1599.53891556365,70.1999969482422,140.9,42.5,149077334.0,31.5068491941473,True,3.0,False,0.0,False,0.0,False,0.0,False,-0.10709759188846645,False,False,False,False,False
NGA,Nigeria,2007,42.897,1815.52697545827,70.1999969482422,136.5,42.5,153267261.0,32.2676921129548,True,4.0,False,0.0,False,0.0,True,1.0,False,-0.10126415591256252,False,False,False,False,False
NGA,Nigeria,2008,42.803,2154.10543545364,70.1999969482422,132.5,42.5,157595014.0,33.0520750926105,True,5.0,False,0.0,False,0.0,True,2.0,False,-0.09494535519125687,False,False,False,False,False
NGA,Nigeria,2009,42.497,1820.48633854782,70.1999969482422,129.2,42.5,162049464.0,33.8602860424374,True,6.0,False,0.0,False,0.0,True,3.0,False,-0.08640927732993937,False,False,False,False,False
NGA,Nigeria,2010,42.139,2202.25672957344,70.1999969482422,126.3,42.5,166642886.0,34.6931346813428,True,7.0,False,0.0,False,0.0,True,4.0,False,-0.07796758650897956,False,False,False,False,False
NGA,Nigeria,2011,41.793,2418.41316975875,70.1999969482422,123.8,35.8,171379598.0,35.5499413895312,False,0.0,False,0.0,False,0.0,True,5.0,False,-0.06973249173429508,False,False,False,False,False
NGA,Nigeria,2012,41.116,2633.19734671361,70.1999969482422,121.6,35.8,176200625.0,36.4309338253294,True,1.0,False,0.0,False,0.0,True,6.0,False,-0.062162579052907625,False,False,False,False,False
NGA,Nigeria,2013,40.441,2872.79083379398,70.1999969482422,119.9,35.8,181049443.0,37.3360751927047,True,2.0,False,0.0,False,0.0,True,7.0,False,-0.05352068203347006,False,False,False,False,False
NGA,Nigeria,2014,39.892,3088.72131316169,70.1999969482422,118.7,33.6,185896915.0,38.2655103767243,False,0.0,False,0.0,False,0.0,True,8.0,False,-0.043975515463917474,False,False,False,False,False
NGA,Nigeria,2015,38.951,2585.73360671797,70.1999969482422,117.8,33.0,190671878.0,39.2193808312227,False,0.0,False,0.0,False,0.0,True,9.0,False,-0.0349008684253645,False,False,False,False,False
NGA,Nigeria,2016,37.771,2070.4127339595,58.2200012207031,117.4,43.6,195443700.0,40.1973286058844,False,0.0,False,0.0,False,0.0,False,0.0,False,-0.024592888002658523,False,False,False,False,False
NGA,Nigeria,2017,36.693,1876.34027111773,58.2200012207031,117.2,43.6,200254579.0,41.1997192224782,True,1.0,False,0.0,False,0.0,True,1.0,False,-0.015787705744037702,False,False,False,False,False
NGA,Nigeria,2018,35.69,2057.87944554011,58.2200012207031,117.2,36.8,204938755.0,42.2262627362671,False,0.0,False,0.0,False,0.0,True,2.0,False,-0.008460236886632826,False,False,False,False,False
NGA,Nigeria,2019,34.685,3189.81286496183,58.2200012207031,117.4,36.8,209485641.0,43.2767522763627,True,1.0,False,0.0,False,0.0,True,3.0,False,-0.0022097569267381023,False,False,False,False,False
NGA,Nigeria,2020,33.732,2797.184580679,58.2200012207031,117.4,31.5,213996181.0,44.3511472247714,False,0.0,False,0.0,False,0.0,True,4.0,False,0.0,False,False,False,False,False
NGA,Nigeria,2021,33.546,2787.48779220991,63.1599998474121,117.6,33.8,218529286.0,45.4491559568794,False,0.0,False,0.0,False,0.0,False,0.0,False,0.0023866348448686233,False,False,False,False,False
NGA,Nigeria,2022,33.192,2899.16047469267,63.1599998474121,117.5,33.8,223150896.0,46.5706755484283,True,1.0,False,0.0,False,0.0,True,1.0,False,0.0011929107021132822,False,False,False,False,False
NGA,Nigeria,2023,32.954,2138.76383718757,63.1599998474121,116.8,33.8,227882945.0,47.7155813553496,True,2.0,False,0.0,False,0.0,True,2.0,True,-0.005280190768182631,False,False,False,False,False
NIC,Nicaragua,2000,27.885,1017.3124434882,,37.1,,5022633.0,,False,,False,,False,0.0,False,,False,0.0,False,False,True,False,False
NIC,Nicaragua,2001,27.034,1051.874235891,76.6800003051758,35.3,25.1,5087825.0,,False,0.0,False,,False,0.0,False,0.0,False,0.0,False,False,True,False,False
NIC,Nicaragua,2002,26.28,1014.3339042591,76.6800003051758,33.8,25.1,5149909.0,,True,1.0,False,,False,0.0,True,1.0,False,0.0,False,False,True,False,False
NIC,Nicaragua,2003,25.925,1021.35216668794,76.6800003051758,32.4,25.1,5210963.0,,True,2.0,False,,False,0.0,True,2.0,False,-0.08474576271186442,False,False,True,False,False
NIC,Nicaragua,2004,25.675,1098.62118662335,76.6800003051758,31.1,18.8,5272912.0,,False,0.0,False,,False,0.0,True,3.0,False,-0.10245310245310238,False,False,True,False,False
NIC,Nicaragua,2005,25.611,1183.30214010175,78.0,29.7,21.5,5342105.0,,False,0.0,False,,False,0.0,False,0.0,False,-0.12492634060106066,False,False,True,False,False
NIC,Nicaragua,2006,25.428,1248.17371577788,78.0,28.4,21.5,5418855.0,,True,1.0,False,,False,0.0,True,1.0,False,-0.12507701786814548,False,False,True,False,False
NIC,Nicaragua,2007,25.176,1350.38145753377,78.0,27.1,23.1,5497243.0,,False,0.0,False,,False,0.0,True,2.0,False,-0.12805662805662787,False,False,True,False,False
NIC,Nicaragua,2008,24.893,1523.68437086409,78.0,25.8,23.1,5576593.0,,True,1.0,False,,False,0.0,True,3.0,False,-0.13248150638870212,False,False,True,False,False
NIC,Nicaragua,2009,24.611,1467.08288052845,78.0,24.5,23.1,5656601.0,,True,2.0,False,,False,0.0,True,4.0,False,-0.13793103448275856,False,False,True,False,False
NIC,Nicaragua,2010,24.345,1526.56706951408,78.0,23.2,23.1,5737450.0,,True,3.0,False,,False,0.0,True,5.0,False,-0.14391143911439122,False,False,True,False,False
NIC,Nicaragua,2011,23.959,1679.71192084633,78.0,21.9,23.1,5819051.0,,True,4.0,False,,False,0.0,True,6.0,False,-0.1511627906976745,False,False,True,False,False
NIC,Nicaragua,2012,23.615,1784.69836017555,85.6105708963441,20.6,17.3,5901287.0,,False,0.0,False,,False,0.0,False,0.0,False,-0.1591836734693877,False,False,True,False,False
NIC,Nicaragua,2013,23.203,1835.43996363715,85.6105708963441,19.4,17.3,5983845.0,,True,1.0,False,,False,0.0,True,1.0,False,-0.16379310344827588,False,False,True,False,False
NIC,Nicaragua,2014,22.836,1958.37047579547,87.327180649097,18.3,17.3,6066492.0,,True,2.0,False,,False,0.0,False,0.0,False,-0.16514598540145975,False,False,True,False,False
NIC,Nicaragua,2015,22.449,2074.45620634731,87.327180649097,17.2,17.3,6149417.0,,True,3.0,False,,False,0.0,True,1.0,False,-0.16827852998065768,False,False,True,False,False
NIC,Nicaragua,2016,22.06,2131.68704828322,87.327180649097,16.1,17.3,6232666.0,,True,4.0,False,,False,0.0,True,2.0,False,-0.17351129363449685,False,False,True,False,False
NIC,Nicaragua,2017,21.647,2182.61380995674,87.327180649097,15.3,17.3,6316231.0,,True,5.0,False,,False,0.0,True,3.0,False,-0.16484716157205237,False,False,True,False,False
NIC,Nicaragua,2018,21.209,2035.16549390507,87.327180649097,14.6,17.3,6400080.0,,True,6.0,False,,False,0.0,True,4.0,False,-0.1541135573580534,False,False,True,False,False
NIC,Nicaragua,2019,20.808,1958.62051528095,87.327180649097,14.3,17.3,6483657.0,,True,7.0,False,,False,0.0,True,5.0,False,-0.12269938650306748,False,False,True,False,False
NIC,Nicaragua,2020,20.45,1938.44704754382,87.327180649097,14.2,17.3,6565267.0,,True,8.0,False,,False,0.0,True,6.0,False,-0.08387096774193553,False,False,True,False,False
NIC,Nicaragua,2021,20.044,2138.38573878237,87.327180649097,14.2,17.3,6644741.0,,True,9.0,False,,False,0.0,True,7.0,False,-0.04697986577181215,False,False,True,False,False
NIC,Nicaragua,2022,19.695,2322.89069619459,87.327180649097,14.3,17.3,6730654.0,,True,10.0,False,,False,0.0,True,8.0,False,-0.015151515151515194,False,False,True,False,False
NIC,Nicaragua,2023,19.376,2609.44491147975,87.327180649097,13.8,17.3,6823613.0,,True,11.0,False,,False,0.0,True,9.0,True,-0.036312849162011024,False,False,True,False,False
NLD,Netherlands,2000,13.0,26225.1697734149,,6.2,,15925513.0,98.056483719237,False,,False,0.0,False,0.0,False,,False,0.0,False,True,False,False,True
NLD,Netherlands,2001,12.6,26955.7128032278,,6.0,,16046180.0,98.0316592994205,False,,False,0.0,False,0.0,False,,False,0.0,False,True,False,False,True
NLD,Netherlands,2002,12.5,29446.5330872868,,5.9,,16148929.0,98.0008258449046,False,,False,0.0,False,0.0,False,,False,0.0,False,True,False,False,True
NLD,Netherlands,2003,12.3,35896.7504630706,,5.7,,16225302.0,97.971318587799,False,,False,0.0,False,0.0,False,,False,-0.055248618784530475,False,True,False,False,True
NLD,Netherlands,2004,11.9,40611.3414353091,,5.5,,16281779.0,97.9431344903827,False,,False,0.0,False,0.0,False,,False,-0.07563025210084036,False,True,False,False,True
NLD,Netherlands,2005,11.5,42165.396168388,,5.3,,16319868.0,97.9163269623659,False,,False,0.0,False,0.0,False,,False,-0.09556313993174069,False,True,False,False,True
NLD,Netherlands,2006,11.3,45123.5432406426,,5.1,,16346101.0,97.8921645573829,False,,False,0.0,False,0.0,False,,False,-0.10211267605633818,False,True,False,False,True
NLD,Netherlands,2007,11.1,52100.7996285947,,4.9,,16381696.0,97.8704752768738,False,,False,0.0,False,0.0,False,,False,-0.10909090909090903,False,True,False,False,True
NLD,Netherlands,2008,11.2,58246.7026905874,,4.7,,16445593.0,97.8497502030324,False,,False,0.0,False,0.0,False,,False,-0.11320754716981125,False,True,False,False,True
NLD,Netherlands,2009,11.2,53172.0261581418,,4.6,1.5,16530388.0,97.8284751819117,False,0.0,False,0.0,False,0.0,False,,False,-0.09803921568627452,False,True,False,False,True
NLD,Netherlands,2010,11.1,51305.7338533973,,4.4,1.5,16615394.0,97.808168937922,True,1.0,False,0.0,False,0.0,False,,False,-0.10569105691056901,False,True,False,False,True
NLD,Netherlands,2011,10.8,54701.7728030611,,4.3,1.5,16693074.0,97.7902878211501,True,2.0,False,0.0,False,0.0,False,,False,-0.09282700421940936,False,True,False,False,True
NLD,Netherlands,2012,10.5,50473.9442002689,,4.2,1.5,16754962.0,97.7732705537269,True,3.0,False,0.0,False,0.0,False,,False,-0.08296943231441045,False,True,False,False,True
NLD,Netherlands,2013,10.2,52602.2860520766,,4.2,1.5,16804432.0,97.7588931118417,True,4.0,False,0.0,False,0.0,False,,False,-0.05405405405405391,False,True,False,False,True
NLD,Netherlands,2014,10.4,53457.2234864322,,4.1,1.5,16865008.0,97.7468177052972,True,5.0,False,0.0,False,0.0,False,,False,-0.055299539170506964,False,True,False,False,True
NLD,Netherlands,2015,10.1,45793.8135434697,,4.1,1.5,16939923.0,97.7352192649865,True,6.0,False,0.0,False,0.0,False,,False,-0.03301886792452843,False,True,False,False,True
NLD,Netherlands,2016,10.1,46808.5291492503,,4.1,1.5,17030314.0,97.7241321475967,True,7.0,False,0.0,False,0.0,False,,False,-0.01913875598086126,False,True,False,False,True
NLD,Netherlands,2017,9.9,49513.6817346384,,4.0,1.5,17131296.0,97.7135252353783,True,8.0,False,0.0,False,0.0,False,,False,-0.033816425120772875,False,True,False,False,True
NLD,Netherlands,2018,9.8,53955.0770024266,,4.0,1.5,17231624.0,97.7036451274894,True,9.0,False,0.0,False,0.0,False,,False,-0.02439024390243894,False,True,False,False,True
NLD,Netherlands,2019,9.8,53554.9007491475,,4.0,1.5,17344874.0,97.6944050882075,True,10.0,False,0.0,False,0.0,False,,False,-0.01477832512315283,False,True,False,False,True
NLD,Netherlands,2020,9.7,53467.9277413737,,4.0,1.5,17441500.0,97.6857903463505,True,11.0,False,0.0,False,0.0,False,,False,-0.00990099009900991,False,True,False,False,True
NLD,Netherlands,2021,10.2,60141.9880911492,,4.0,1.5,17533044.0,97.6777500278997,True,12.0,False,0.0,False,0.0,False,,False,-0.004975124378109567,False,True,False,False,True
NLD,Netherlands,2022,9.5,59123.318556487,,4.0,1.5,17700982.0,97.6702396117146,True,13.0,False,0.0,False,0.0,False,,False,0.0,False,True,False,False,True
NLD,Netherlands,2023,9.2,63515.6030780019,,3.9,1.5,17877117.0,97.6632296431228,True,14.0,False,0.0,False,0.0,False,,True,-0.025000000000000022,False,True,False,False,True
NOR,Norway,2000,13.2,37991.8907576589,,4.9,,4490967.0,98.0719414200245,False,,False,0.0,False,0.0,False,,False,0.0,False,True,False,False,True
NOR,Norway,2001,12.6,38458.2530907659,,4.7,,4513751.0,98.0708656188717,False,,False,0.0,False,0.0,False,,False,0.0,False,True,False,False,True
NOR,Norway,2002,12.2,43048.288735011,,4.6,,4538159.0,98.0698018240546,False,,False,0.0,False,0.0,False,,False,0.0,False,True,False,False,True
NOR,Norway,2003,12.4,50208.0960234078,,4.4,,4564855.0,98.0687468260808,False,,False,0.0,False,0.0,False,,False,-0.07042253521126754,False,True,False,False,True
NOR,Norway,2004,12.4,57854.5698169407,,4.2,,4591910.0,98.0678039009157,False,,False,0.0,False,0.0,False,,False,-0.09677419354838712,False,True,False,False,True
NOR,Norway,2005,12.3,67358.3615969796,,4.1,,4623291.0,98.0669754884968,False,,False,0.0,False,0.0,False,,False,-0.10087719298245632,False,True,False,False,True
NOR,Norway,2006,12.6,75047.741700385,,3.9,,4660677.0,98.0661529563292,False,,False,0.0,False,0.0,False,,False,-0.11363636363636373,False,True,False,False,True
NOR,Norway,2007,12.4,86600.2387607877,,3.7,,4709153.0,98.0652982043914,False,,False,0.0,False,0.0,False,,False,-0.12735849056603774,False,True,False,False,True
NOR,Norway,2008,12.7,99001.5300678626,,3.6,,4768212.0,98.0644197562201,False,,False,0.0,False,0.0,False,,False,-0.11330049261083752,False,True,False,False,True
NOR,Norway,2009,12.8,81939.726548458,,3.4,,4828726.0,98.0635534703238,False,,False,0.0,False,0.0,False,,False,-0.12820512820512822,False,True,False,False,True
NOR,Norway,2010,12.6,90020.342257973,,3.3,,4889252.0,98.062693752149,False,,False,0.0,False,0.0,False,,False,-0.11764705882352941,False,True,False,False,True
NOR,Norway,2011,12.2,103545.218988177,,3.1,,4953088.0,98.0616329327885,False,,False,0.0,False,0.0,False,,False,-0.13407821229050268,False,True,False,False,True
NOR,Norway,2012,12.0,104627.93694681,,3.0,,5018573.0,98.060379335627,False,,False,0.0,False,0.0,False,,False,-0.12280701754385974,False,True,False,False,True
NOR,Norway,2013,11.6,106333.138368566,,2.9,,5079623.0,98.0591412687485,False,,False,0.0,False,0.0,False,,False,-0.11585365853658534,False,True,False,False,True
NOR,Norway,2014,11.5,100410.020200979,,2.8,,5137232.0,98.0579255402038,False,,False,0.0,False,0.0,False,,False,-0.10828025477707003,False,True,False,False,True
NOR,Norway,2015,11.3,77220.9524311414,,2.7,,5188607.0,98.0567246248415,False,,False,0.0,False,0.0,False,,False,-0.1059602649006622,False,True,False,False,True
NOR,Norway,2016,11.2,73222.4006864905,,2.6,,5234519.0,98.0555433258963,False,,False,0.0,False,0.0,False,,False,-0.10344827586206891,False,True,False,False,True
NOR,Norway,2017,10.7,78771.2151264554,,2.5,,5276968.0,98.0543904284695,False,,False,0.0,False,0.0,False,,False,-0.10714285714285708,False,True,False,False,True
NOR,Norway,2018,10.4,85579.0776455494,,2.5,,5311916.0,98.053258505645,False,,False,0.0,False,0.0,False,,False,-0.07407407407407414,False,True,False,False,True
NOR,Norway,2019,10.2,79329.3075190012,,2.4,,5347896.0,98.0521493999593,False,,False,0.0,False,0.0,False,,False,-0.08396946564885503,False,True,False,False,True
NOR,Norway,2020,9.8,71057.5879471399,,2.4,,5379475.0,98.0510810985992,False,,False,0.0,False,0.0,False,,False,-0.05511811023622052,False,True,False,False,True
NOR,Norway,2021,10.4,96442.5552173002,,2.4,,5408320.0,98.0500277378087,False,,False,0.0,False,0.0,False,,False,-0.032258064516128886,False,True,False,False,True
NOR,Norway,2022,9.4,113122.130765691,,2.4,,5457127.0,98.0490073611327,False,,False,0.0,False,0.0,False,,False,-0.016393442622950834,False,True,False,False,True
NOR,Norway,2023,9.4,90984.4087141111,,2.4,,5519601.0,98.0480105181421,False,,False,0.0,False,0.0,False,,True,-0.008264462809917363,False,True,False,False,True
NPL,Nepal,2000,30.959,223.830289183078,,78.7,,24546509.0,14.8948751074731,False,,False,0.0,False,0.0,False,,False,0.0,False,False,False,False,False
NPL,Nepal,2001,29.777,240.795114544664,48.6100006103516,74.3,56.1,24946748.0,17.3959627043357,False,0.0,False,0.0,False,0.0,False,0.0,False,0.0,False,False,False,False,False
NPL,Nepal,2002,28.641,238.89140296106,48.6100006103516,70.2,56.1,25328981.0,19.8888097263775,True,1.0,False,0.0,False,0.0,True,1.0,False,0.0,False,False,False,False,False
NPL,Nepal,2003,27.732,246.429706587633,48.6100006103516,66.5,56.1,25688758.0,22.4289482098159,True,2.0,False,0.0,False,0.0,True,2.0,False,-0.10618279569892462,False,False,False,False,False
NPL,Nepal,2004,26.837,279.587750044428,48.6100006103516,63.1,56.1,26016656.0,25.0160431336895,True,3.0,False,0.0,False,0.0,True,3.0,False,-0.1287538833275802,False,False,False,False,False
NPL,Nepal,2005,25.837,309.024168339372,48.6100006103516,60.0,56.1,26309458.0,27.6497562651801,True,4.0,False,0.0,False,0.0,True,4.0,False,-0.14965986394557826,False,False,False,False,False
NPL,Nepal,2006,24.936,340.431796437968,48.6100006103516,57.3,49.1,26565425.0,30.3297393254008,False,0.0,False,0.0,False,0.0,True,5.0,False,-0.1424723136785395,False,False,False,False,False
NPL,Nepal,2007,24.351,385.449767660642,48.6100006103516,54.7,49.1,26788492.0,33.0557887006794,True,1.0,False,0.0,False,0.0,True,6.0,False,-0.13749605802585932,False,False,False,False,False
NPL,Nepal,2008,23.729,464.817391891529,55.5600725155626,52.4,49.1,26990037.0,35.8273714281674,True,2.0,False,0.0,False,0.0,False,0.0,False,-0.13129973474801074,False,False,False,False,False
NPL,Nepal,2009,23.236,473.078751198621,55.5600725155626,50.1,49.1,27173035.0,38.6441196454107,True,3.0,False,0.0,False,0.0,True,1.0,False,-0.12869565217391302,False,False,False,False,False
NPL,Nepal,2010,22.851,585.278491984574,55.5600725155626,47.9,41.5,27341952.0,41.5056568805896,False,0.0,False,0.0,False,0.0,True,2.0,False,-0.12750455373406194,False,False,False,False,False
NPL,Nepal,2011,22.653,785.518656222132,59.6300010681152,45.8,40.1,27464494.0,44.4117125540755,False,0.0,False,0.0,False,0.0,False,0.0,False,-0.12728658536585366,False,False,False,False,False
NPL,Nepal,2012,22.651,788.202937148377,59.6300010681152,43.7,40.1,27534915.0,47.3622706946734,True,1.0,False,0.0,False,0.0,True,1.0,False,-0.12913511359107208,False,False,False,False,False
NPL,Nepal,2013,22.458,803.269595420477,59.6300010681152,41.7,40.1,27589996.0,50.3565022636622,True,2.0,False,0.0,False,0.0,True,2.0,False,-0.13088786994581064,False,False,False,False,False
NPL,Nepal,2014,22.39,821.455224911731,59.6300010681152,39.7,37.1,27672370.0,53.394175397633,False,0.0,False,0.0,False,0.0,True,3.0,False,-0.13394415357766143,False,False,False,False,False
NPL,Nepal,2015,22.141,875.543635474862,59.6300010681152,37.8,37.1,27823629.0,56.4745599225782,True,1.0,False,0.0,False,0.0,True,4.0,False,-0.1361974405850093,False,False,False,False,False
NPL,Nepal,2016,21.943,877.256454696737,65.5,36.0,35.8,27955462.0,59.5972467919298,False,0.0,False,0.0,False,0.0,False,0.0,False,-0.13751796837565888,False,False,False,False,False
NPL,Nepal,2017,21.572,1034.28374906846,66.8653947551556,34.2,35.8,28011258.0,62.7615781748289,True,1.0,False,0.0,False,0.0,False,0.0,False,-0.14027149321266963,False,False,False,False,False
NPL,Nepal,2018,21.122,1179.19843190389,66.8653947551556,32.6,35.8,28079689.0,65.966994107957,True,2.0,False,0.0,False,0.0,True,1.0,False,-0.1393875395987327,False,False,False,False,False
NPL,Nepal,2019,20.648,1203.14294706401,68.7099990844727,31.0,31.5,28414064.0,69.2128409973963,False,0.0,False,0.0,False,0.0,False,0.0,False,-0.14032168607875767,False,False,False,False,False
NPL,Nepal,2020,20.168,1154.21517578318,68.7099990844727,29.6,31.5,28966574.0,72.4985122908231,True,1.0,False,0.0,False,0.0,True,1.0,False,-0.13752913752913767,False,False,False,False,False
NPL,Nepal,2021,19.675,1252.75076731986,68.7099990844727,28.3,31.5,29475010.0,75.8233419830013,True,2.0,False,0.0,False,0.0,True,2.0,False,-0.1340269277845777,False,False,False,False,False
NPL,Nepal,2022,19.643,1385.91066002922,68.7099990844727,27.1,24.8,29715436.0,79.1866571655946,False,0.0,False,0.0,False,0.0,True,3.0,False,-0.1297366730892743,False,False,False,False,False
NPL,Nepal,2023,19.34,1382.38300895424,68.7099990844727,26.1,24.8,29694614.0,82.5877911140468,True,1.0,False,0.0,False,0.0,True,4.0,True,-0.12180349932705241,False,False,False,False,False
NRU,Naoero,2000,28.238,2648.60152860938,,41.1,,10168.0,64.6715903640463,False,,False,0.0,False,0.0,False,,False,0.0,False,False,False,False,False
NRU,Naoero,2001,27.945,2232.30874026726,,39.4,,10130.0,64.6701987454564,False,,False,0.0,False,0.0,False,,False,0.0,False,False,False,False,False
NRU,Naoero,2002,27.752,2084.64824520971,,37.9,,10082.0,64.6688071268665,False,,False,0.0,False,0.0,False,,False,0.0,False,False,False,False,False
NRU,Naoero,2003,27.884,2463.28259078079,,36.5,,10059.0,64.6674155082765,False,,False,0.0,False,0.0,False,,False,-0.07516891891891897,False,False,False,False,False
NRU,Naoero,2004,28.1,3040.51349889,,35.2,,10060.0,64.6660238896866,False,,False,0.0,False,0.0,False,,False,-0.09102646868947704,False,False,False,False,False
NRU,Naoero,2005,28.451,2992.40382776926,,34.0,,10049.0,64.6646322710967,False,,False,0.0,False,0.0,False,,False,-0.10573382430299832,False,False,False,False,False
NRU,Naoero,2006,29.076,2910.14145794684,,32.7,,10034.0,65.0151108339822,False,,False,0.0,False,0.0,False,,False,-0.10655737704918028,False,False,False,False,False
NRU,Naoero,2007,30.408,2272.15291307045,,31.4,24.0,10020.0,65.3655742516606,False,0.0,False,0.0,False,0.0,False,,False,-0.10947249007373812,False,False,False,False,False
NRU,Naoero,2008,32.27,3756.84531228766,,29.8,24.0,10009.0,65.7160225241319,True,1.0,False,0.0,False,0.0,False,,False,-0.12249705535924617,False,False,False,False,False
NRU,Naoero,2009,34.272,4410.56764668962,,28.2,24.0,10016.0,66.0664556513962,True,2.0,False,0.0,False,0.0,False,,False,-0.13549969343960755,False,False,False,False,False
NRU,Naoero,2010,36.097,4735.92000502092,,26.4,24.0,10043.0,66.4168736334532,True,3.0,False,0.0,False,0.0,False,,False,-0.15438821268417702,False,False,False,False,False
NRU,Naoero,2011,36.803,6444.03642094634,,24.6,24.0,10098.0,66.7672764703033,True,4.0,False,0.0,False,0.0,False,,False,-0.17171717171717166,False,False,False,False,False
NRU,Naoero,2012,36.144,9842.77032731856,,22.7,24.0,10267.0,67.1176641619461,True,5.0,False,0.0,False,0.0,False,,False,-0.19159544159544148,False,False,False,False,False
NRU,Naoero,2013,35.342,8974.51886874433,,20.9,24.0,10517.0,67.4680367083819,True,6.0,False,0.0,False,0.0,False,,False,-0.20652999240698552,False,False,False,False,False
NRU,Naoero,2014,34.687,9230.05440328927,,19.2,24.0,10742.0,67.8183941096107,True,7.0,False,0.0,False,0.0,False,,False,-0.21824104234527686,False,False,False,False,False
NRU,Naoero,2015,34.223,7747.25584993607,,17.5,24.0,10954.0,68.1687363656322,True,8.0,False,0.0,False,0.0,False,,False,-0.23110720562390152,False,False,False,False,False
NRU,Naoero,2016,33.578,8748.15632605428,,15.9,24.0,11150.0,68.5190634764467,True,9.0,False,0.0,False,0.0,False,,False,-0.24213536701620592,False,False,False,False,False
NRU,Naoero,2017,32.241,9656.97976571484,,14.4,24.0,11324.0,68.8693754420541,True,10.0,False,0.0,False,0.0,False,,False,-0.25155925155925163,False,False,False,False,False
NRU,Naoero,2018,30.66,11413.7463016389,,13.1,24.0,11477.0,69.2196722624544,True,11.0,False,0.0,False,0.0,False,,False,-0.2548350398179749,False,False,False,False,False
NRU,Naoero,2019,29.581,10801.7705659635,,12.0,24.0,11587.0,69.5699539376476,True,12.0,False,0.0,False,0.0,False,,False,-0.25093632958801515,False,False,False,False,False
NRU,Naoero,2020,28.662,10709.068810538,,10.9,24.0,11643.0,69.9202204676336,True,13.0,False,0.0,False,0.0,False,,False,-0.2524005486968451,False,False,False,False,False
NRU,Naoero,2021,27.787,12748.1701249353,94.6337926033357,10.0,24.0,11709.0,70.2704718524126,True,14.0,False,0.0,False,0.0,False,0.0,False,-0.2458521870286576,False,False,False,False,False
NRU,Naoero,2022,26.613,15309.8345351924,94.6337926033357,9.3,24.0,11801.0,70.6207080919845,True,15.0,False,0.0,False,0.0,True,1.0,False,-0.2301324503311259,False,False,False,False,False
NRU,Naoero,2023,25.505,13602.6372112893,96.5899963378906,8.7,15.7,11875.0,70.9709291863493,False,0.0,False,0.0,False,0.0,False,0.0,True,-0.21338155515370702,False,False,False,False,False
NZL,New Zealand,2000,14.66,13641.1027183822,,7.4,,3857700.0,99.9999993417981,False,,False,0.0,False,0.0,False,,False,0.0,False,True,False,False,True
NZL,New Zealand,2001,14.36,13882.8568268586,,7.2,,3880500.0,100.0,False,,False,0.0,False,0.0,False,,False,0.0,False,True,False,False,True
NZL,New Zealand,2002,13.67,16874.1874918196,,7.0,,3948500.0,100.0,False,,False,0.0,False,0.0,False,,False,0.0,False,True,False,False,True
NZL,New Zealand,2003,13.94,21913.7081719961,,6.9,,4027200.0,99.9999984462731,False,,False,0.0,False,0.0,False,,False,-0.041666666666666644,False,True,False,False,True
NZL,New Zealand,2004,14.2,25420.234882944,,6.7,,4087500.0,99.9999993424079,False,,False,0.0,False,0.0,False,,False,-0.05964912280701752,False,True,False,False,True
NZL,New Zealand,2005,13.96,27751.0654708859,,6.6,,4133900.0,99.9999975084119,False,,False,0.0,False,0.0,False,,False,-0.06250000000000017,False,True,False,False,True
NZL,New Zealand,2006,14.14,26654.5932018985,,6.5,,4184600.0,100.0,False,,False,0.0,False,0.0,False,,False,-0.05523255813953499,False,True,False,False,True
NZL,New Zealand,2007,15.15,32479.9817381467,,6.4,,4223800.0,99.999996901465,False,,False,0.0,False,0.0,False,,False,-0.050445103857566745,False,True,False,False,True
NZL,New Zealand,2008,15.1,31324.7397977102,,6.4,,4259800.0,100.0,False,,False,0.0,False,0.0,False,,False,-0.0332326283987915,False,True,False,False,True
NZL,New Zealand,2009,14.53,28276.7255416225,,6.3,,4302600.0,99.9999975383469,False,,False,0.0,False,0.0,False,,False,-0.033742331288343655,False,True,False,False,True
NZL,New Zealand,2010,14.68,33761.9009639947,,6.2,,4350700.0,100.0,False,,False,0.0,False,0.0,False,,False,-0.03726708074534151,False,True,False,False,True
NZL,New Zealand,2011,14.0,38425.829997974,,6.1,,4384000.0,99.9999988858894,False,,False,0.0,False,0.0,False,,False,-0.04088050314465419,False,True,False,False,True
NZL,New Zealand,2012,13.87,40041.7524816244,,6.0,,4408100.0,99.9999978085497,False,,False,0.0,False,0.0,False,,False,-0.0445859872611464,False,True,False,False,True
NZL,New Zealand,2013,13.2,42984.9571801167,,5.9,,4442100.0,100.0,False,,False,0.0,False,0.0,False,,False,-0.04838709677419352,False,True,False,False,True
NZL,New Zealand,2014,12.67,44599.8992733675,,5.8,,4516500.0,100.0,False,,False,0.0,False,0.0,False,,False,-0.04918032786885243,False,True,False,False,True
NZL,New Zealand,2015,13.23,38648.7302562109,,5.6,,4609400.0,100.0,False,,False,0.0,False,0.0,False,,False,-0.06666666666666672,False,True,False,False,True
NZL,New Zealand,2016,12.6,40088.3205470499,,5.5,,4714100.0,99.9999978251524,False,,False,0.0,False,0.0,False,,False,-0.06462585034013604,False,True,False,False,True
NZL,New Zealand,2017,12.38,42912.1537002148,,5.4,,4813600.0,99.9999952214353,False,,False,0.0,False,0.0,False,,False,-0.0624999999999999,False,True,False,False,True
NZL,New Zealand,2018,11.84,43204.1305124872,,5.3,,4900600.0,99.9999959549403,False,,False,0.0,False,0.0,False,,False,-0.06028368794326239,False,True,False,False,True
NZL,New Zealand,2019,11.98,42872.2681243427,,5.2,,4970300.0,99.9999954101942,False,,False,0.0,False,0.0,False,,False,-0.05797101449275367,False,True,False,False,True
NZL,New Zealand,2020,11.36,42054.6743136586,,5.1,,5072400.0,100.0,False,,False,0.0,False,0.0,False,,False,-0.055555555555555684,False,True,False,False,True
NZL,New Zealand,2021,11.54,49902.154346032,,5.0,,5084600.0,99.9999956407702,False,,False,0.0,False,0.0,False,,False,-0.05660377358490563,False,True,False,False,True
NZL,New Zealand,2022,11.57,49141.6316294227,,5.0,,5081700.0,100.0,False,,False,0.0,False,0.0,False,,False,-0.03846153846153849,False,True,False,False,True
NZL,New Zealand,2023,10.95,49302.341876493,,4.9,,5200000.0,99.999999971682,False,,False,0.0,False,0.0,False,,True,-0.042968749999999785,False,True,False,False,True
OMN,Oman,2000,23.841,9753.84755185404,,16.5,,2282131.0,89.1558441928925,False,,False,0.0,False,0.0,False,,False,0.0,False,False,False,False,False
OMN,Oman,2001,23.255,9611.96360191054,,15.5,,2310217.0,89.1527859645842,False,,False,0.0,False,0.0,False,,False,0.0,True,False,False,False,False
OMN,Oman,2002,22.832,9869.13050219438,,14.6,,2337140.0,89.9116284921649,False,,False,0.0,False,0.0,False,,False,0.0,False,False,False,False,False
OMN,Oman,2003,22.485,10463.5425832141,66.0999984741211,13.9,,2363796.0,90.6708884910228,False,,False,0.0,False,0.0,False,0.0,False,-0.10515021459227465,False,False,False,False,False
OMN,Oman,2004,21.785,11800.8507411171,66.0999984741211,13.3,,2404821.0,91.4715625397252,False,,False,0.0,False,0.0,True,1.0,False,-0.12066115702479334,False,False,False,False,False
OMN,Oman,2005,20.933,14434.8577924647,66.0999984741211,12.9,,2459802.0,92.2937638272692,False,,False,0.0,False,0.0,True,2.0,False,-0.1260162601626016,False,False,False,False,False
OMN,Oman,2006,20.211,16930.8565071853,66.0999984741211,12.5,,2514795.0,93.1032818281143,False,,False,0.0,False,0.0,True,3.0,False,-0.10968660968660975,False,False,False,False,False
OMN,Oman,2007,19.909,18792.653772482,66.0999984741211,12.2,,2570174.0,93.9002107979075,False,,False,0.0,False,0.0,True,4.0,False,-0.0922619047619049,False,False,False,False,False
OMN,Oman,2008,20.571,26576.779241509,86.620002746582,12.0,,2626529.0,94.6847837073689,False,,False,0.0,False,0.0,False,0.0,False,-0.07407407407407401,False,False,False,False,False
OMN,Oman,2009,21.921,20655.9180249218,86.620002746582,11.9,9.8,2684659.0,95.4570743657186,False,0.0,False,0.0,False,0.0,True,1.0,False,-0.05405405405405403,False,False,False,False,False
OMN,Oman,2010,23.352,23570.1798147325,86.9400024414062,11.7,9.8,2757446.0,96.2174842174493,True,1.0,False,0.0,False,0.0,False,0.0,False,-0.04878048780487816,False,False,False,False,False
OMN,Oman,2011,21.582,25188.0074151885,86.9400024414062,11.6,9.8,3076763.0,96.9895887554529,True,2.0,False,0.0,False,0.0,True,1.0,False,-0.0381426202321724,False,False,False,False,False
OMN,Oman,2012,20.686,24642.2978768596,86.9400024414062,11.4,9.8,3547106.0,97.7533977258664,True,3.0,False,0.0,False,0.0,True,2.0,False,-0.040404040404040296,False,False,False,False,False
OMN,Oman,2013,20.947,23458.0233840053,86.9400024414062,11.3,9.8,3833913.0,98.4864188461934,True,4.0,False,0.0,False,0.0,True,3.0,False,-0.03583617747440272,False,False,False,False,False
OMN,Oman,2014,21.166,23160.6502252547,86.9400024414062,11.2,14.1,4002439.0,99.0454609162921,False,0.0,False,0.0,False,0.0,True,4.0,False,-0.032815198618307645,False,False,False,False,False
OMN,Oman,2015,20.992,18808.3077921839,93.0400009155273,11.1,14.1,4184895.0,99.3190102957444,True,1.0,False,0.0,False,0.0,False,0.0,False,-0.02972027972027971,False,False,False,False,False
OMN,Oman,2016,20.544,17110.1897460545,93.0400009155273,11.0,14.1,4390877.0,99.3192950863755,True,2.0,False,0.0,False,0.0,True,1.0,False,-0.02826855123674914,False,False,False,False,False
OMN,Oman,2017,20.155,17820.0661809335,95.5800018310547,11.0,11.4,4537396.0,99.3195652935256,False,0.0,False,0.0,False,0.0,False,0.0,False,-0.017857142857142794,False,False,False,False,False
OMN,Oman,2018,19.269,19901.7615642016,95.6500015258789,10.9,11.4,4597877.0,99.3198091795186,True,1.0,False,0.0,False,0.0,False,0.0,False,-0.01978417266187056,False,False,False,False,False
OMN,Oman,2019,18.858,19180.1864152801,95.6500015258789,10.8,11.4,4591241.0,99.3200354455114,True,2.0,False,0.0,False,0.0,True,1.0,False,-0.02173913043478247,False,False,False,False,False
OMN,Oman,2020,18.856,16784.8630630058,96.9000015258789,10.7,11.4,4522497.0,99.320248468501,True,3.0,False,0.0,False,0.0,False,0.0,False,-0.02372262773722626,False,False,False,False,False
OMN,Oman,2021,18.337,19403.4600160211,96.9000015258789,10.6,11.4,4500424.0,99.3204402699812,True,4.0,False,0.0,False,0.0,True,1.0,False,-0.025735294117647002,False,False,False,False,False
OMN,Oman,2022,16.353,23223.5829405935,97.3399963378906,10.5,11.4,4730226.0,99.3206203708609,True,5.0,False,0.0,False,0.0,False,0.0,False,-0.027777777777777842,False,False,False,False,False
OMN,Oman,2023,16.847,21027.7384572657,97.3399963378906,10.4,11.4,5049269.0,99.3207794038753,True,6.0,False,0.0,False,0.0,True,1.0,True,-0.028037383177569996,False,False,False,False,False
PAK,Pakistan,2000,36.541,642.338346499898,,107.9,,154879127.0,36.3820444881262,False,,False,0.0,False,0.0,False,,False,0.0,False,False,False,False,False
PAK,Pakistan,2001,35.71,609.939506905073,,105.1,41.4,159270907.0,36.4704767337174,False,0.0,False,0.0,False,0.0,False,,False,0.0,False,False,False,False,False
PAK,Pakistan,2002,34.883,599.937345723927,,102.5,41.4,163222549.0,36.5597990039308,True,1.0,False,0.0,False,0.0,False,,False,0.0,False,False,False,False,False
PAK,Pakistan,2003,34.295,672.44178669894,,100.1,41.4,167110248.0,36.6491235332267,True,2.0,False,0.0,False,0.0,False,,False,-0.048177496038034964,False,False,False,False,False
PAK,Pakistan,2004,33.21,771.902247348954,,98.0,41.4,171286000.0,38.3533268350512,True,3.0,False,0.0,False,0.0,False,,False,-0.056785370548604476,False,False,False,False,False
PAK,Pakistan,2005,32.887,827.619861189926,49.8699989318848,96.0,41.4,175453212.0,40.051948707326,True,4.0,False,0.0,False,0.0,False,0.0,False,-0.06542056074766354,False,False,False,False,False
PAK,Pakistan,2006,33.162,900.873564984808,54.1500015258789,94.2,41.4,179682690.0,41.8712078550453,True,5.0,False,0.0,False,0.0,False,0.0,False,-0.061191947378911704,False,False,False,False,False
PAK,Pakistan,2007,33.262,998.090114197524,52.1399993896484,92.3,41.4,184493231.0,43.6965924516825,True,6.0,False,0.0,False,0.0,False,0.0,False,-0.05969845150774246,False,False,False,False,False
PAK,Pakistan,2008,33.583,1067.04324565284,55.5299987792969,90.5,41.4,189499113.0,45.5276108650431,True,7.0,False,0.0,False,0.0,False,0.0,False,-0.0584685809404911,False,False,False,False,False
PAK,Pakistan,2009,33.609,963.788066395225,54.8899993896484,88.5,41.4,194376534.0,47.3641982720808,True,8.0,False,0.0,False,0.0,False,0.0,False,-0.06050955414012742,False,False,False,False,False
PAK,Pakistan,2010,33.525,987.304571124485,55.3800010681152,86.5,41.4,199239047.0,49.2066353675779,True,9.0,False,0.0,False,0.0,False,0.0,False,-0.06283856988082337,False,False,False,False,False
PAK,Pakistan,2011,33.045,1131.73513834324,54.7400016784668,84.3,43.6,203746065.0,51.0548082670217,False,0.0,False,0.0,False,0.0,False,0.0,False,-0.06747787610619478,False,False,False,False,False
PAK,Pakistan,2012,32.48,1204.36475491585,56.7599983215332,82.0,43.6,207667125.0,52.9086096866619,True,1.0,False,0.0,False,0.0,False,0.0,False,-0.07260800723818128,False,False,False,False,False
PAK,Pakistan,2013,31.902,1225.4340119198,55.5900001525879,79.6,45.0,211073978.0,54.7673079838163,False,0.0,False,0.0,False,0.0,False,0.0,False,-0.07827698008337183,False,False,False,False,False
PAK,Pakistan,2014,31.303,1266.61340849959,56.9799995422363,77.2,45.0,214264647.0,56.6314636170423,True,1.0,False,0.0,False,0.0,False,0.0,False,-0.08291755761463519,False,False,False,False,False
PAK,Pakistan,2015,30.697,1380.47020838317,56.9799995422363,74.8,45.0,217290883.0,58.5009708232225,True,2.0,False,0.0,False,0.0,True,1.0,False,-0.08691406249999989,False,False,False,False,False
PAK,Pakistan,2016,29.956,1424.69161195897,56.9799995422363,72.4,45.0,220138869.0,60.3757049658476,True,3.0,False,0.0,False,0.0,True,2.0,False,-0.09022367429002269,False,False,False,False,False
PAK,Pakistan,2017,29.738,1519.23459514248,59.1300010681152,70.1,45.0,223273967.0,62.2553089946578,True,4.0,False,0.0,False,0.0,False,0.0,False,-0.09196891191709855,False,False,False,False,False
PAK,Pakistan,2018,29.343,1569.33814626355,57.0099983215332,67.9,37.6,226928892.0,64.1435342442995,False,0.0,False,0.0,False,0.0,False,0.0,False,-0.09248863940122963,False,False,False,False,False
PAK,Pakistan,2019,28.986,1390.41690981745,58.0,65.8,37.6,230800899.0,66.0398368746477,True,1.0,False,0.0,False,0.0,False,0.0,False,-0.09216335540838844,False,False,False,False,False
PAK,Pakistan,2020,28.625,1278.39735206896,58.0,63.7,37.6,235001746.0,67.9433820948755,True,2.0,False,0.0,False,0.0,True,1.0,False,-0.09259259259259259,False,False,False,False,False
PAK,Pakistan,2021,28.384,1455.31922370186,58.8600006103516,61.7,37.6,239477801.0,69.8533376726557,True,3.0,False,0.0,False,0.0,False,0.0,False,-0.09238011179758734,False,False,False,False,False
PAK,Pakistan,2022,28.13,1538.3228133171,58.8600006103516,59.7,37.6,243700667.0,71.7686736729802,True,4.0,False,0.0,False,0.0,True,1.0,False,-0.09325637910085055,False,False,False,False,False
PAK,Pakistan,2023,27.806,1360.32417758419,58.8600006103516,57.8,37.6,247504495.0,71.8243245387853,True,5.0,False,0.0,False,0.0,True,2.0,True,-0.09347553324968644,False,False,False,False,False
PAN,Panama,2000,23.51,3975.09308659503,91.9000015258789,25.7,,3010369.0,62.5612964932235,False,,False,0.0,False,0.0,False,0.0,False,0.0,False,False,False,False,False
PAN,Panama,2001,23.22,3991.7767076924,91.9000015258789,25.0,,3069537.0,63.300048397865,False,,False,0.0,False,0.0,True,1.0,False,0.0,False,False,False,False,False
PAN,Panama,2002,22.917,4090.58617397129,91.9000015258789,24.2,,3129344.0,64.3589021380052,False,,False,0.0,False,0.0,True,2.0,False,0.0,False,False,False,False,False
PAN,Panama,2003,22.65,4264.66428846636,91.9000015258789,23.4,23.7,3189807.0,65.4227494263176,False,0.0,False,0.0,False,0.0,True,3.0,False,-0.06275033377837129,False,False,False,False,False
PAN,Panama,2004,22.548,4644.56582353041,91.9000015258789,22.6,23.7,3251155.0,66.4912909784567,True,1.0,False,0.0,False,0.0,True,4.0,False,-0.08036622583926746,False,False,False,False,False
PAN,Panama,2005,22.1,5017.7410922824,91.9000015258789,21.9,23.7,3313026.0,67.5645305842362,True,2.0,False,0.0,False,0.0,True,5.0,False,-0.09429280397022337,False,False,False,False,False
PAN,Panama,2006,21.784,5528.76705469354,91.9000015258789,21.2,23.7,3375024.0,68.6424595699143,True,3.0,False,0.0,False,0.0,True,6.0,False,-0.0947907771135781,False,False,False,False,False
PAN,Panama,2007,21.591,6317.81730274124,91.9000015258789,20.5,23.7,3437490.0,69.7247974616696,True,4.0,False,0.0,False,0.0,True,7.0,False,-0.09532215357458076,False,False,False,False,False
PAN,Panama,2008,21.426,7347.59050324397,91.9000015258789,19.8,19.0,3500648.0,70.8121135731026,False,0.0,False,0.0,False,0.0,True,8.0,False,-0.09671532846715318,False,False,False,False,False
PAN,Panama,2009,21.177,7796.92617035048,91.9000015258789,19.2,19.0,3564381.0,71.9041216278813,True,1.0,False,0.0,False,0.0,True,9.0,False,-0.09433962264150944,False,False,False,False,False
PAN,Panama,2010,20.984,8331.46421351868,94.0899963378906,18.7,19.0,3628535.0,73.0005374055146,True,2.0,False,0.0,False,0.0,False,0.0,False,-0.08869395711500992,False,False,False,False,False
PAN,Panama,2011,20.98,9662.29592216607,94.0899963378906,18.3,19.0,3693505.0,74.1041771182907,True,3.0,False,0.0,False,0.0,True,1.0,False,-0.07947686116700209,False,False,False,False,False
PAN,Panama,2012,20.732,11064.8063606203,94.0899963378906,17.9,19.0,3759256.0,75.2147165198156,True,4.0,False,0.0,False,0.0,True,2.0,False,-0.07253886010362705,False,False,False,False,False
PAN,Panama,2013,20.42,12273.3225037637,94.0899963378906,17.5,19.0,3825329.0,76.3321222229942,True,5.0,False,0.0,False,0.0,True,3.0,False,-0.06815761448349296,False,False,False,False,False
PAN,Panama,2014,20.147,13213.1989637473,94.0899963378906,17.3,19.0,3892101.0,77.4566352300972,True,6.0,False,0.0,False,0.0,True,4.0,False,-0.055676855895196484,False,False,False,False,False
PAN,Panama,2015,19.839,14082.6548502728,94.0899963378906,17.1,19.0,3960035.0,78.5876693762409,True,7.0,False,0.0,False,0.0,True,5.0,False,-0.04682274247491619,False,False,False,False,False
PAN,Panama,2016,19.495,14832.3611608191,94.0899963378906,17.0,19.0,4029086.0,79.7251829235126,True,8.0,False,0.0,False,0.0,True,6.0,False,-0.03518728717366634,False,False,False,False,False
PAN,Panama,2017,19.081,15694.6297454295,94.0899963378906,16.7,19.0,4098707.0,80.8694181421993,True,9.0,False,0.0,False,0.0,True,7.0,False,-0.03801843317972351,False,False,False,False,False
PAN,Panama,2018,18.52,16151.3273478476,95.4100036621094,16.3,19.0,4167860.0,82.0200768210799,True,10.0,False,0.0,False,0.0,False,0.0,False,-0.047897196261682255,False,False,False,False,False
PAN,Panama,2019,17.57,16477.9066285687,95.7399978637695,15.9,15.9,4234700.0,83.1771159799322,False,0.0,False,0.0,False,0.0,False,0.0,False,-0.05805687203791481,False,False,False,False,False
PAN,Panama,2020,16.718,13290.5608347594,95.7399978637695,15.5,15.9,4293261.0,84.3402384762944,True,1.0,False,0.0,False,0.0,True,1.0,False,-0.06626506024096393,False,False,False,False,False
PAN,Panama,2021,16.401,15509.8069109784,96.2119100135584,15.2,15.9,4345405.0,85.5096832210543,True,2.0,False,0.0,False,0.0,False,0.0,False,-0.06633906633906644,False,False,False,False,False
PAN,Panama,2022,16.239,17378.6070083597,96.2119100135584,15.1,15.9,4400773.0,86.6851526856535,True,3.0,False,0.0,False,0.0,True,1.0,False,-0.05150753768844212,False,False,False,False,False
PAN,Panama,2023,16.029,18797.1933894611,96.0893871402691,15.1,15.9,4458759.0,87.8666162534578,True,4.0,False,0.0,False,0.0,False,0.0,True,-0.032051282051282055,False,False,False,False,False
PER,Peru,2000,23.836,1945.41338451698,,38.3,31.3,26598331.0,64.6899370720139,False,0.0,False,0.0,False,0.0,False,,False,0.0,False,False,False,False,False
PER,Peru,2001,23.028,1929.57273038846,,35.3,37.3,26964601.0,65.4068839269518,False,0.0,False,0.0,False,0.0,False,,False,0.0,False,False,False,False,False
PER,Peru,2002,22.599,2007.37019626753,,32.7,37.3,27288217.0,66.1134789664025,True,1.0,False,0.0,False,0.0,False,,False,0.0,False,False,False,False,False
PER,Peru,2003,22.33,2129.44114197634,,30.4,37.3,27580490.0,66.8103000461573,True,2.0,False,0.0,False,0.0,False,,False,-0.14205079962370645,False,False,False,False,False
PER,Peru,2004,22.392,2397.25147277714,87.6699981689453,28.4,37.3,27852190.0,67.4970575513904,True,3.0,False,0.0,False,0.0,False,0.0,False,-0.16898317483540598,False,False,False,False,False
PER,Peru,2005,22.089,2706.66947297608,87.9100036621094,26.6,29.2,28101180.0,68.1735152494759,False,0.0,False,0.0,False,0.0,False,0.0,False,-0.1944276196244699,False,False,False,False,False
PER,Peru,2006,21.821,3129.55996496982,88.6999969482422,25.0,29.2,28324491.0,68.8406174970812,True,1.0,False,0.0,False,0.0,False,0.0,False,-0.18513689700130379,False,False,False,False,False
PER,Peru,2007,21.446,3581.0893081917,89.5899963378906,23.6,28.0,28530699.0,69.4977421323012,False,0.0,False,0.0,False,0.0,False,0.0,False,-0.17540181691125076,False,False,False,False,False
PER,Peru,2008,20.908,4197.58444634142,89.5899963378906,22.3,28.0,28719041.0,70.0979718244948,True,1.0,False,0.0,False,0.0,True,1.0,False,-0.16791044776119401,False,False,False,False,False
PER,Peru,2009,20.444,4181.18755462253,89.5899963378906,21.2,23.9,28896811.0,70.6712078070281,False,0.0,False,0.0,False,0.0,True,2.0,False,-0.15806195393169184,False,False,False,False,False
PER,Peru,2010,19.884,5072.11494019615,89.5899963378906,20.2,23.3,29086019.0,71.2400990831427,False,0.0,False,0.0,False,0.0,True,3.0,False,-0.14911541701769176,False,False,False,False,False
PER,Peru,2011,19.75,5861.35793645245,89.5899963378906,19.3,19.5,29304086.0,71.803986474928,False,0.0,False,0.0,False,0.0,True,4.0,False,-0.14069456812110417,False,False,False,False,False
PER,Peru,2012,19.21,6519.37852981527,93.8399963378906,18.5,18.4,29550366.0,72.3636014252996,False,0.0,False,0.0,False,0.0,False,0.0,False,-0.13227016885553472,False,False,False,False,False
PER,Peru,2013,18.82,6746.80025696601,93.8399963378906,17.8,17.6,29817919.0,72.9183194169617,False,0.0,False,0.0,False,0.0,True,1.0,False,-0.12315270935960591,False,False,False,False,False
PER,Peru,2014,18.366,6667.13410360861,93.7099990844727,17.2,14.8,30115826.0,73.4685325137981,False,0.0,False,0.0,False,0.0,False,0.0,False,-0.11340206185567007,False,False,False,False,False
PER,Peru,2015,17.948,6231.71150338894,94.1600036621094,16.6,14.7,30457600.0,74.0145820909902,False,0.0,False,0.0,False,0.0,False,0.0,False,-0.1075268817204301,False,False,False,False,False
PER,Peru,2016,17.565,6217.03599995447,94.1699981689453,16.1,13.1,30866494.0,74.5559040876133,False,0.0,False,0.0,False,0.0,False,0.0,False,-0.09955257270693517,False,False,False,False,False
PER,Peru,2017,17.254,6736.16693725487,94.1500015258789,15.7,12.8,31324637.0,75.0928493726003,False,0.0,False,0.0,False,0.0,False,0.0,False,-0.08932714617169388,False,False,False,False,False
PER,Peru,2018,16.93,6978.49121548627,94.4100036621094,15.3,12.2,31897584.0,75.6274098296364,False,0.0,False,0.0,False,0.0,False,0.0,False,-0.08273381294964023,False,False,False,False,False
PER,Peru,2019,16.853,7037.00803692604,94.4100036621094,14.9,13.1,32449303.0,76.1591748496731,False,0.0,False,0.0,False,0.0,True,1.0,False,-0.0791100123609394,False,False,False,False,False
PER,Peru,2020,16.61,6133.32552410183,94.5,14.5,11.4,32838579.0,76.6882865431078,False,0.0,False,0.0,False,0.0,False,0.0,False,-0.07760814249363882,False,False,False,False,False
PER,Peru,2021,16.398,6828.53422535638,94.5,14.1,11.5,33155882.0,77.2143581209312,False,0.0,False,0.0,False,0.0,True,1.0,False,-0.07843137254901968,False,False,False,False,False
PER,Peru,2022,16.183,7353.74598721667,94.5,13.7,11.7,33475438.0,77.7372734420618,False,0.0,False,0.0,False,0.0,True,2.0,False,-0.08053691275167792,False,False,False,False,False
PER,Peru,2023,15.944,7919.04634828547,94.5,13.3,11.5,33845617.0,78.2571577701354,False,0.0,False,0.0,False,0.0,True,3.0,True,-0.08275862068965513,False,False,False,False,False
PHL,Philippines,2000,29.285,1050.79273107952,92.5999984741211,36.8,,79625397.0,64.5780150363269,False,,False,0.0,False,0.0,False,0.0,False,0.0,False,False,False,False,False
PHL,Philippines,2001,29.145,969.530611744453,92.5999984741211,36.0,,81401488.0,65.0101350604839,False,,False,0.0,False,0.0,True,1.0,False,0.0,False,False,False,False,False
PHL,Philippines,2002,28.534,1014.90879320106,92.5999984741211,35.2,,83068889.0,65.4430807592906,False,,False,0.0,False,0.0,True,2.0,False,0.0,False,False,False,False,False
PHL,Philippines,2003,28.101,1027.2301192843,92.5899963378906,34.4,33.4,84731835.0,65.8768513398554,False,0.0,False,0.0,False,0.0,False,0.0,False,-0.04444444444444448,False,False,False,False,False
PHL,Philippines,2004,27.629,1099.63013023758,92.5899963378906,33.6,33.4,86394504.0,66.311449594431,True,1.0,False,0.0,False,0.0,True,1.0,False,-0.056179775280898875,False,False,False,False,False
PHL,Philippines,2005,27.154,1220.46018559867,92.5899963378906,32.8,33.4,88015962.0,66.7468776426565,True,2.0,False,0.0,False,0.0,True,2.0,False,-0.06818181818181834,False,False,False,False,False
PHL,Philippines,2006,27.419,1426.14649179546,92.5899963378906,32.0,33.4,89508986.0,67.1831301872284,True,3.0,False,0.0,False,0.0,True,3.0,False,-0.06976744186046507,False,False,False,False,False
PHL,Philippines,2007,27.0,1712.65543282793,92.5899963378906,31.3,33.4,91075184.0,68.2064372279476,True,4.0,False,0.0,False,0.0,True,4.0,False,-0.06845238095238097,False,False,False,False,False
PHL,Philippines,2008,27.12,1959.29233534978,95.4199981689453,30.7,32.0,92699095.0,69.2399098229444,False,0.0,False,0.0,False,0.0,False,0.0,False,-0.06459475929311398,False,False,False,False,False
PHL,Philippines,2009,26.987,1864.45043406471,95.4199981689453,30.1,32.0,94384250.0,70.2836819040094,True,1.0,False,0.0,False,0.0,True,1.0,False,-0.06172069825436399,False,False,False,False,False
PHL,Philippines,2010,26.564,2162.91375885614,97.0899963378906,29.5,32.0,96337125.0,71.3424056654417,True,2.0,False,0.0,False,0.0,False,0.0,False,-0.059910771191842016,False,False,False,False,False
PHL,Philippines,2011,26.007,2383.91892522087,97.0899963378906,29.0,33.4,98248614.0,72.4331957075581,False,0.0,False,0.0,False,0.0,True,1.0,False,-0.0559895833333333,False,False,False,False,False
PHL,Philippines,2012,25.22,2614.61644401308,97.0899963378906,28.6,33.4,100175512.0,73.5302350229801,True,1.0,False,0.0,False,0.0,True,2.0,False,-0.05046480743691886,False,False,False,False,False
PHL,Philippines,2013,24.56,2781.27957677397,96.4000015258789,28.3,30.0,102076336.0,74.6335366418639,False,0.0,False,0.0,False,0.0,False,0.0,False,-0.04327248140635568,False,False,False,False,False
PHL,Philippines,2014,23.404,2866.83803761407,96.4000015258789,28.0,30.0,103767130.0,75.7428560199161,True,1.0,False,0.0,False,0.0,True,1.0,False,-0.037800687285223414,False,False,False,False,False
PHL,Philippines,2015,22.933,2909.85818010301,98.1800003051758,27.9,33.1,105312992.0,76.8582853974515,False,0.0,False,0.0,False,0.0,False,0.0,False,-0.02719665271966531,False,False,False,False,False
PHL,Philippines,2016,21.76,2985.19564024046,98.1800003051758,27.8,33.1,106735719.0,77.9796692916052,True,1.0,False,0.0,False,0.0,True,1.0,False,-0.019746121297602334,False,False,False,False,False
PHL,Philippines,2017,20.571,3038.12124959289,98.1800003051758,27.8,33.1,108119693.0,79.1077756692214,True,2.0,False,0.0,False,0.0,True,2.0,False,-0.011379800853485198,False,False,False,False,False
PHL,Philippines,2018,19.418,3168.51036609727,98.1800003051758,27.9,29.9,109465287.0,80.2422384212533,False,0.0,False,0.0,False,0.0,True,3.0,False,-0.002145922746781197,False,False,False,False,False
PHL,Philippines,2019,18.104,3400.78949767074,96.2799987792969,28.0,28.7,110804683.0,81.3825055793541,False,0.0,False,0.0,False,0.0,False,0.0,False,0.004304160688665618,False,False,False,False,False
PHL,Philippines,2020,17.017,3227.57910235199,98.4700012207031,28.0,28.7,112081264.0,82.5280655331601,True,1.0,False,0.0,False,0.0,False,0.0,False,0.004304160688665618,False,False,False,False,False
PHL,Philippines,2021,16.108,3484.38593882819,98.4700012207031,27.9,26.7,113100950.0,83.6784077055498,False,0.0,False,0.0,False,0.0,True,1.0,False,0.0,False,False,False,False,False
PHL,Philippines,2022,16.057,3548.06930572116,98.4700012207031,27.5,26.7,113964338.0,84.8329995746262,True,1.0,False,0.0,False,0.0,True,2.0,False,-0.015042979942693345,False,False,False,False,False
PHL,Philippines,2023,16.019,3804.08274131718,98.4700012207031,27.0,26.7,114891199.0,85.991294396015,True,2.0,False,0.0,False,0.0,True,3.0,True,-0.03086862885857871,False,False,False,False,False
PLW,Palau,2000,14.377,7798.07510558974,,26.5,,19178.0,92.3055211823769,False,,False,0.0,False,0.0,False,,False,0.0,False,True,False,False,False
PLW,Palau,2001,14.479,8239.26386807565,,25.5,,19352.0,92.5732732194194,False,,False,0.0,False,0.0,False,,False,0.0,False,True,False,False,False
PLW,Palau,2002,14.458,8340.18965031021,,24.6,,19503.0,92.8439227609951,False,,False,0.0,False,0.0,False,,False,0.0,False,True,False,False,False
PLW,Palau,2003,14.291,7862.39286077623,,23.7,,19659.0,93.1174953662245,False,,False,0.0,False,0.0,False,,False,-0.07180156657963442,False,True,False,False,False
PLW,Palau,2004,14.027,8393.73029137235,,22.9,,19820.0,93.5161878932532,False,,False,0.0,False,0.0,False,,False,-0.08673978065802596,False,True,False,False,False
PLW,Palau,2005,13.94,9367.68615343862,,22.1,,19819.0,93.9036183333376,False,,False,0.0,False,0.0,False,,False,-0.10308441558441554,False,True,False,False,False
PLW,Palau,2006,13.81,9737.01943934058,,21.3,,19593.0,94.2803727715843,False,,False,0.0,False,0.0,False,,False,-0.10353535353535342,False,True,False,False,False
PLW,Palau,2007,13.741,10155.0470806134,,20.6,,19302.0,94.6464571391492,False,,False,0.0,False,0.0,False,,False,-0.10122164048865606,False,True,False,False,False
PLW,Palau,2008,13.676,10471.1510008417,,20.1,,19009.0,95.0022925220304,False,,False,0.0,False,0.0,False,,False,-0.09132007233273054,False,True,False,False,False
PLW,Palau,2009,13.649,9837.49883077663,,19.7,,18709.0,95.3478284028423,False,,False,0.0,False,0.0,False,,False,-0.07943925233644857,False,True,False,False,False
PLW,Palau,2010,13.65,10018.065238367,,19.5,,18396.0,95.6834729135313,False,,False,0.0,False,0.0,False,,False,-0.06069364161849702,False,True,False,False,False
PLW,Palau,2011,13.8,10795.639900708,,19.5,,18078.0,96.0093169387409,False,,False,0.0,False,0.0,False,,False,-0.03656126482213448,False,True,False,False,False
PLW,Palau,2012,13.99,12098.4124331551,,19.7,,17765.0,96.3258137255761,False,,False,0.0,False,0.0,False,,False,-0.00905432595573457,False,True,False,False,False
PLW,Palau,2013,14.024,12820.5931621147,99.5,20.1,,17648.0,96.6329212315953,False,,False,0.0,False,0.0,False,0.0,False,0.02030456852791889,False,True,False,False,False
PLW,Palau,2014,13.362,13854.730278013,99.5,20.6,,17715.0,96.931030387653,False,,False,0.0,False,0.0,True,1.0,False,0.04568527918781737,False,True,False,False,False
PLW,Palau,2015,12.582,15938.3652222848,96.5899963378906,21.3,,17770.0,97.2203841305645,False,,False,0.0,False,0.0,False,0.0,False,0.07142857142857133,False,True,False,False,False
PLW,Palau,2016,12.741,17043.6660673147,96.5899963378906,21.9,,17797.0,97.5006428774559,False,,False,0.0,False,0.0,True,1.0,False,0.08201581027667966,False,True,False,False,False
PLW,Palau,2017,12.437,16280.241199753,96.5899963378906,22.5,,17812.0,97.7722965190515,False,,False,0.0,False,0.0,True,2.0,False,0.08590733590733578,False,True,False,False,False
PLW,Palau,2018,12.004,16179.877834849,96.5899963378906,22.9,,17814.0,98.0358496591014,False,,False,0.0,False,0.0,True,3.0,False,0.07612781954887206,False,True,False,False,False
PLW,Palau,2019,11.921,15841.8923474548,96.5899963378906,23.0,,17798.0,98.2917742819101,False,,False,0.0,False,0.0,True,4.0,False,0.05311355311355312,False,True,False,False,False
PLW,Palau,2020,11.624,14556.30954221,99.8448081264108,22.9,,17792.0,98.5405897338691,False,,False,0.0,False,0.0,False,0.0,False,0.0259856630824372,False,True,False,False,False
PLW,Palau,2021,11.377,13267.4877340719,99.8448081264108,22.7,,17783.0,98.7826866864938,False,,False,0.0,False,0.0,True,1.0,False,0.002650176678445173,False,True,False,False,False
PLW,Palau,2022,11.115,13934.951996171,99.8448081264108,22.4,,17759.0,99.0185052265638,False,,False,0.0,False,0.0,True,2.0,False,-0.0175438596491229,False,True,False,False,False
PLW,Palau,2023,10.897,15578.3497630733,99.8448081264108,21.9,,17727.0,99.0217636084131,False,,False,0.0,False,0.0,True,3.0,True,-0.038630377524143944,False,True,False,False,False
PNG,Papua New Guinea,2000,34.423,635.957919047725,57.3400001525879,72.0,,5537064.0,16.2164700300816,False,,False,0.0,False,0.0,False,0.0,False,0.0,False,False,False,False,False
PNG,Papua New Guinea,2001,34.214,537.847459634131,57.3400001525879,70.8,,5728435.0,16.2062854132542,False,,False,0.0,False,0.0,True,1.0,False,0.0,False,False,False,False,False
PNG,Papua New Guinea,2002,33.983,506.331789534482,57.3400001525879,69.6,,5924003.0,16.197953472063,False,,False,0.0,False,0.0,True,2.0,False,0.0,False,False,False,False,False
PNG,Papua New Guinea,2003,33.675,577.467922387259,57.3400001525879,68.4,,6123997.0,16.1896215101361,False,,False,0.0,False,0.0,True,3.0,False,-0.033898305084745645,False,False,False,False,False
PNG,Papua New Guinea,2004,33.206,620.596147680561,57.3400001525879,67.2,,6328041.0,16.1808266451098,False,,False,0.0,False,0.0,True,4.0,False,-0.042735042735042736,False,False,False,False,False
PNG,Papua New Guinea,2005,32.813,744.486489977433,57.3400001525879,65.9,43.9,6535905.0,16.6059135071294,False,0.0,False,0.0,False,0.0,True,5.0,False,-0.05316091954022972,False,False,False,False,False
PNG,Papua New Guinea,2006,32.362,1238.18282926706,57.3400001525879,64.6,43.9,6747720.0,17.0313208013981,True,1.0,False,0.0,False,0.0,True,6.0,False,-0.05527932143901728,False,False,False,False,False
PNG,Papua New Guinea,2007,31.921,1370.753415829,57.3400001525879,63.2,43.9,6963345.0,17.4570499950418,True,2.0,False,0.0,False,0.0,True,7.0,False,-0.05868334822758412,False,False,False,False,False
PNG,Papua New Guinea,2008,31.549,1624.79319935188,57.3400001525879,61.8,43.9,7183002.0,17.8830999336479,True,3.0,False,0.0,False,0.0,True,8.0,False,-0.06164591557849988,False,False,False,False,False
PNG,Papua New Guinea,2009,31.074,1568.83193368607,57.3400001525879,60.3,43.9,7406438.0,18.2486172804539,True,4.0,False,0.0,False,0.0,True,9.0,False,-0.06569569259374025,False,False,False,False,False
PNG,Papua New Guinea,2010,30.734,1866.86889851208,68.9689096424639,58.9,49.5,7633523.0,18.6101507749501,False,0.0,False,0.0,False,0.0,False,0.0,False,-0.06744775174160869,False,False,False,False,False
PNG,Papua New Guinea,2011,30.304,2288.37591141234,68.9689096424639,57.5,49.5,7859346.0,18.9672978280348,True,1.0,False,0.0,False,0.0,True,1.0,False,-0.06897668393782391,False,False,False,False,False
PNG,Papua New Guinea,2012,29.802,2635.0873631547,68.9689096424639,56.1,49.5,8081390.0,19.3208666166654,True,2.0,False,0.0,False,0.0,True,2.0,False,-0.07026847862114675,False,False,False,False,False
PNG,Papua New Guinea,2013,29.354,2560.77458976327,68.9689096424639,54.7,49.5,8302698.0,19.6757982283776,True,3.0,False,0.0,False,0.0,True,3.0,False,-0.07162253903598097,False,False,False,False,False
PNG,Papua New Guinea,2014,28.899,2723.17529825196,68.9689096424639,53.3,49.5,8523441.0,20.0317273970696,True,4.0,False,0.0,False,0.0,True,4.0,False,-0.07304347826086961,False,False,False,False,False
PNG,Papua New Guinea,2015,28.375,2484.5963398603,68.9689096424639,57.3,49.5,8743246.0,20.3882856738352,True,5.0,False,0.0,False,0.0,True,5.0,False,0.021390374331550725,True,False,False,False,False
PNG,Papua New Guinea,2016,27.865,2316.39479758492,68.9689096424639,50.4,49.5,8961718.0,20.745116008719,True,6.0,False,0.0,False,0.0,True,6.0,False,-0.09645034062387946,True,False,False,False,False
PNG,Papua New Guinea,2017,27.361,2477.76530986323,70.0599975585938,48.9,49.5,9178714.0,21.1018609699395,True,7.0,False,0.0,False,0.0,False,0.0,False,-0.10044150110375277,False,False,False,False,False
PNG,Papua New Guinea,2018,26.956,2566.36833735041,70.0599975585938,47.5,49.5,9394513.0,21.4585108450562,True,8.0,False,0.0,False,0.0,True,1.0,False,-0.10241874527588804,False,False,False,False,False
PNG,Papua New Guinea,2019,26.466,2575.77274140393,70.0599975585938,46.1,49.5,9609010.0,21.8143659983838,True,9.0,False,0.0,False,0.0,True,2.0,False,-0.10450660450660443,False,False,False,False,False
PNG,Papua New Guinea,2020,26.092,2429.61134585269,70.0599975585938,44.7,49.5,9815746.0,22.169086312378,True,10.0,False,0.0,False,0.0,True,3.0,False,-0.10671462829736204,False,False,False,False,False
PNG,Papua New Guinea,2021,25.582,2607.97769973161,70.0599975585938,43.2,49.5,10012896.0,22.5229636359759,True,11.0,False,0.0,False,0.0,True,4.0,False,-0.09090909090909077,False,False,False,False,False
PNG,Papua New Guinea,2022,25.16,3102.29409730005,87.0046890533686,41.9,49.5,10203169.0,22.8753163799614,True,12.0,False,0.0,False,0.0,False,0.0,False,-0.09071180555555555,False,False,False,False,False
PNG,Papua New Guinea,2023,24.576,2966.06455045333,87.0046890533686,40.6,49.5,10389635.0,23.2257913219562,True,13.0,False,0.0,False,0.0,True,1.0,True,-0.09131602506714395,False,False,False,False,False
POL,Poland,2000,9.9,4520.64100449111,,9.3,,38258629.0,87.5745482145907,False,,False,0.0,False,0.0,False,,False,0.0,False,False,False,False,True
POL,Poland,2001,9.6,5015.23790036613,,8.8,,38248076.0,88.2568300626224,False,,False,0.0,False,0.0,False,,False,0.0,False,False,False,False,True
POL,Poland,2002,9.3,5223.45178967082,,8.4,,38230364.0,88.9353545903738,False,,False,0.0,False,0.0,False,,False,0.0,False,False,False,False,True
POL,Poland,2003,9.2,5720.81366178104,,8.1,,38204570.0,89.5946791670526,False,,False,0.0,False,0.0,False,,False,-0.08301886792452841,False,False,False,False,True
POL,Poland,2004,9.3,6711.72715262967,,7.8,,38182222.0,90.2562618468016,False,,False,0.0,False,0.0,False,,False,-0.09826589595375729,False,False,False,False,True
POL,Poland,2005,9.5,8043.92332253757,,7.6,,38165445.0,90.9202465624261,False,,False,0.0,False,0.0,False,,False,-0.10377358490566047,False,False,False,False,True
POL,Poland,2006,9.8,9068.85528307627,,7.3,,38141267.0,91.5867449958382,False,,False,0.0,False,0.0,False,,False,-0.10319410319410308,False,False,False,False,True
POL,Poland,2007,10.2,11272.5293683383,,7.0,,38120560.0,92.2555378641252,False,,False,0.0,False,0.0,False,,False,-0.10714285714285723,False,False,False,False,True
POL,Poland,2008,10.9,14048.5604672654,,6.7,,38125759.0,92.9266483730048,False,,False,0.0,False,0.0,False,,False,-0.11375661375661368,False,False,False,False,True
POL,Poland,2009,10.9,11556.3026866026,,6.3,2.9,38151603.0,93.6002677787451,False,0.0,False,0.0,False,0.0,False,,False,-0.13461538461538455,False,False,False,False,True
POL,Poland,2010,10.9,12567.7317676382,,6.0,2.9,38042794.0,94.2762845397447,True,1.0,False,0.0,False,0.0,False,,False,-0.1404011461318051,False,False,False,False,True
POL,Poland,2011,10.2,13867.6669408192,,5.7,0.8,38063255.0,94.9547125941391,False,0.0,False,0.0,False,0.0,False,,False,-0.14414414414414403,False,False,False,False,True
POL,Poland,2012,10.1,13087.420943321,,5.4,0.8,38063164.0,95.6349971602727,True,1.0,False,0.0,False,0.0,False,,False,-0.14826498422712928,False,False,False,False,True
POL,Poland,2013,9.7,13621.9023794031,,5.2,0.8,38040196.0,96.3180175161036,True,2.0,False,0.0,False,0.0,False,,False,-0.13621262458471764,False,False,False,False,True
POL,Poland,2014,9.9,14262.2841914116,,5.0,2.6,38011735.0,97.0037037873813,False,0.0,False,0.0,False,0.0,False,,False,-0.12587412587412597,False,False,False,False,True
POL,Poland,2015,9.7,12637.5220324406,,4.9,2.6,37986412.0,97.6921036491612,True,1.0,False,0.0,False,0.0,False,,False,-0.10256410256410249,False,False,False,False,True
POL,Poland,2016,10.1,12464.0121044827,,4.8,2.6,37970087.0,98.3831051859455,True,2.0,False,0.0,False,0.0,False,,False,-0.08396946564885503,False,False,False,False,True
POL,Poland,2017,10.6,13913.3415190124,,4.6,2.6,37974826.0,98.7966126825203,True,3.0,False,0.0,False,0.0,False,,False,-0.09090909090909106,False,False,False,False,True
POL,Poland,2018,10.2,15658.210586693,,4.5,1.0,37974750.0,98.9554251030336,False,0.0,False,0.0,False,0.0,False,,False,-0.08163265306122455,False,False,False,False,True
POL,Poland,2019,9.9,15874.5220531254,,4.5,1.0,37965475.0,98.9575340330854,True,1.0,False,0.0,False,0.0,False,,False,-0.05462184873949576,False,False,False,False,True
POL,Poland,2020,9.5,16150.9304813473,,4.4,1.0,37515748.0,98.9575085375078,True,2.0,False,0.0,False,0.0,False,,False,-0.05579399141630897,False,False,False,False,True
POL,Poland,2021,9.0,18635.5104895754,,4.4,1.0,36981559.0,98.9573598717452,True,3.0,False,0.0,False,0.0,False,,False,-0.03508771929824545,False,False,False,False,True
POL,Poland,2022,8.3,18891.2121169279,,4.3,1.0,36821749.0,98.9570843478037,True,4.0,False,0.0,False,0.0,False,,False,-0.040178571428571556,False,False,False,False,True
POL,Poland,2023,7.4,22145.2660647429,,4.3,1.0,36687353.0,98.9566925447355,True,5.0,False,0.0,False,0.0,False,,True,-0.02714932126696835,False,False,False,False,True
PRI,Puerto Rico (US),2000,15.59,16192.1269719638,,,,3810605.0,97.6257622005571,False,,False,0.0,False,0.0,False,,False,0.0,False,True,False,False,False
PRI,Puerto Rico (US),2001,14.59,18123.1987019918,,,,3818774.0,97.8050783983287,False,,False,0.0,False,0.0,False,,False,0.0,False,True,False,False,False
PRI,Puerto Rico (US),2002,13.7,18731.4593897378,,,,3823701.0,97.9843945961003,False,,False,0.0,False,0.0,False,,False,0.0,False,True,False,False,False
PRI,Puerto Rico (US),2003,13.1,19557.1202492358,,,,3826095.0,98.1637107938719,False,,False,0.0,False,0.0,False,,False,0.0,False,True,False,False,False
PRI,Puerto Rico (US),2004,13.16,20988.9923326534,,,,3826878.0,98.3430269916435,False,,False,0.0,False,0.0,False,,False,0.0,False,True,False,False,False
PRI,Puerto Rico (US),2005,12.96,21959.322696986,,,,3821362.0,98.522343189415,False,,False,0.0,False,0.0,False,,False,0.0,False,True,False,False,False
PRI,Puerto Rico (US),2006,12.41,22935.9411586313,,,,3805214.0,98.7016593871866,False,,False,0.0,False,0.0,False,,False,0.0,False,True,False,False,False
PRI,Puerto Rico (US),2007,11.86,23664.8823485096,,,,3782995.0,98.8809755849582,False,,False,0.0,False,0.0,False,,False,0.0,False,True,False,False,False
PRI,Puerto Rico (US),2008,11.79,24898.3345857045,,,,3760866.0,99.0602917827298,False,,False,0.0,False,0.0,False,,False,0.0,False,True,False,False,False
PRI,Puerto Rico (US),2009,11.72,25768.7258883384,,,,3740410.0,99.2396079805014,False,,False,0.0,False,0.0,False,,False,0.0,False,True,False,False,False
PRI,Puerto Rico (US),2010,11.3,26414.8810634548,91.9700012207031,,,3724465.0,99.418924178273,False,,False,0.0,False,0.0,False,0.0,False,0.0,False,True,False,False,False
PRI,Puerto Rico (US),2011,11.1,27170.0766543278,91.9700012207031,,,3693464.0,99.5982403760446,False,,False,0.0,False,0.0,True,1.0,False,0.0,False,True,False,False,False
PRI,Puerto Rico (US),2012,10.6,27742.024476618,91.9700012207031,,,3661045.0,99.7775565738162,False,,False,0.0,False,0.0,True,2.0,False,0.0,False,True,False,False,False
PRI,Puerto Rico (US),2013,10.1,28212.0499737431,91.9700012207031,,,3631427.0,99.9568727715878,False,,False,0.0,False,0.0,True,3.0,False,0.0,False,True,False,False,False
PRI,Puerto Rico (US),2014,9.7,28576.0988023209,91.9700012207031,,,3585017.0,100.0,False,,False,0.0,False,0.0,True,4.0,False,0.0,False,True,False,False,False
PRI,Puerto Rico (US),2015,9.0,29242.041465085,91.9700012207031,,,3535167.0,100.0,False,,False,0.0,False,0.0,True,5.0,False,0.0,False,True,False,False,False
PRI,Puerto Rico (US),2016,8.3,29978.0889268918,91.9700012207031,,,3480432.0,100.0,False,,False,0.0,False,0.0,True,6.0,False,0.0,False,True,False,False,False
PRI,Puerto Rico (US),2017,7.3,30328.479490518,92.3899993896484,,,3410837.0,100.0,False,,False,0.0,False,0.0,False,0.0,False,0.0,False,True,False,False,False
PRI,Puerto Rico (US),2018,6.7,30679.9181934488,92.3899993896484,,,3290690.0,100.0,False,,False,0.0,False,0.0,True,1.0,False,0.0,False,True,False,False,False
PRI,Puerto Rico (US),2019,6.4,31830.5284993358,92.3899993896484,,,3302691.0,100.0,False,,False,0.0,False,0.0,True,2.0,False,0.0,False,True,False,False,False
PRI,Puerto Rico (US),2020,6.0,31427.1034994916,92.3899993896484,,,3281591.0,100.0,False,,False,0.0,False,0.0,True,3.0,False,0.0,False,True,False,False,False
PRI,Puerto Rico (US),2021,5.9,32618.8705106244,92.3899993896484,,,3262731.0,100.0,False,,False,0.0,False,0.0,True,4.0,False,0.0,False,True,False,False,False
PRI,Puerto Rico (US),2022,5.9,35353.5613891039,92.3899993896484,,,3220148.0,100.0,False,,False,0.0,False,0.0,True,5.0,False,0.0,False,True,False,False,False
PRI,Puerto Rico (US),2023,5.8,36980.7653928068,92.3899993896484,,,3203794.0,100.0,False,,False,0.0,False,0.0,True,6.0,True,0.0,False,True,False,False,False
PRK,"Korea, Dem. People's Rep.",2000,17.521,,,100.2,51.0,23665910.0,,False,0.0,False,,False,,False,,False,0.0,False,False,False,True,True
PRK,"Korea, Dem. People's Rep.",2001,16.894,,,99.0,51.0,23815358.0,,True,1.0,False,,False,,False,,False,0.0,False,False,False,True,True
PRK,"Korea, Dem. People's Rep.",2002,16.05,,,97.8,44.7,23943973.0,75.1954267554782,False,0.0,False,0.0,False,,False,,False,0.0,False,False,False,True,True
PRK,"Korea, Dem. People's Rep.",2003,15.318,,,34.5,44.7,24090380.0,75.2058209642884,True,1.0,False,0.0,False,,False,,False,-0.6515151515151515,True,False,False,True,True
PRK,"Korea, Dem. People's Rep.",2004,14.599,,,33.8,43.1,24254943.0,75.2163527896403,False,0.0,False,0.0,False,,False,,False,-0.592156862745098,False,False,False,True,True
PRK,"Korea, Dem. People's Rep.",2005,13.903,,,33.3,43.1,24396433.0,75.2267505195982,True,1.0,False,0.0,False,,False,,False,-0.5442102381604161,False,False,False,True,True
PRK,"Korea, Dem. People's Rep.",2006,14.021,,,32.8,43.1,24524507.0,75.2372785852435,True,2.0,False,0.0,False,,False,,False,-0.45040214477211793,False,False,False,True,True
PRK,"Korea, Dem. People's Rep.",2007,13.856,,,32.4,43.1,24646383.0,75.9237809171583,True,3.0,False,0.0,False,,False,,False,-0.3023255813953488,False,False,False,True,True
PRK,"Korea, Dem. People's Rep.",2008,13.923,,100.0,31.0,43.1,24764618.0,76.6139843400435,True,4.0,False,0.0,False,,False,0.0,False,-0.07074340527577937,False,False,False,True,True
PRK,"Korea, Dem. People's Rep.",2009,13.403,,100.0,30.0,32.4,24878332.0,77.3190361028758,False,0.0,False,0.0,False,,True,1.0,False,-0.0814451928965094,False,False,False,True,True
PRK,"Korea, Dem. People's Rep.",2010,13.294,,100.0,28.7,32.4,24987258.0,78.0324089256356,True,1.0,False,0.0,False,,True,2.0,False,-0.10031347962382443,False,False,False,True,True
PRK,"Korea, Dem. People's Rep.",2011,13.273,,100.0,27.2,32.4,25097874.0,78.7499982089361,True,2.0,False,0.0,False,,True,3.0,False,-0.12201420271142677,False,False,False,True,True
PRK,"Korea, Dem. People's Rep.",2012,13.316,,100.0,25.7,27.9,25211728.0,79.4722787144222,False,0.0,False,0.0,False,,True,4.0,False,-0.13931681178834573,False,False,False,True,True
PRK,"Korea, Dem. People's Rep.",2013,13.357,,100.0,24.1,27.9,25329451.0,80.1989508804153,True,1.0,False,0.0,False,,True,5.0,False,-0.15497896213183723,False,False,False,True,True
PRK,"Korea, Dem. People's Rep.",2014,13.411,,100.0,22.6,27.9,25451262.0,80.9301775081677,True,2.0,False,0.0,False,,True,6.0,False,-0.16728076639646264,False,False,False,True,True
PRK,"Korea, Dem. People's Rep.",2015,13.423,,100.0,21.4,27.9,25575350.0,81.6658106218557,True,3.0,False,0.0,False,,True,7.0,False,-0.16601714731098982,False,False,False,True,True
PRK,"Korea, Dem. People's Rep.",2016,13.458,,100.0,20.6,27.9,25698326.0,82.4086074475707,True,4.0,False,0.0,False,,True,8.0,False,-0.14876033057851232,False,False,False,True,True
PRK,"Korea, Dem. People's Rep.",2017,13.474,,100.0,19.1,19.1,25817709.0,83.1584097748592,False,0.0,False,0.0,False,,True,9.0,False,-0.16520979020979024,False,False,False,True,True
PRK,"Korea, Dem. People's Rep.",2018,13.427,,100.0,18.4,19.1,25931147.0,83.9155776338149,True,1.0,False,0.0,False,,True,10.0,False,-0.14656771799628945,False,False,False,True,True
PRK,"Korea, Dem. People's Rep.",2019,13.405,,100.0,17.7,19.1,26037632.0,84.6194920966635,True,2.0,False,0.0,False,,True,11.0,False,-0.13320274240940266,False,False,False,True,True
PRK,"Korea, Dem. People's Rep.",2020,13.391,,100.0,17.4,19.1,26136312.0,84.6654650844227,True,3.0,False,0.0,False,,True,12.0,False,-0.10493827160493824,False,False,False,True,True
PRK,"Korea, Dem. People's Rep.",2021,13.267,,100.0,17.4,19.1,26232534.0,84.7140378530296,True,4.0,False,0.0,False,,True,13.0,False,-0.0665236051502147,False,False,False,True,True
PRK,"Korea, Dem. People's Rep.",2022,13.149,,100.0,17.7,19.1,26328845.0,84.7650382260713,True,5.0,False,0.0,False,,True,14.0,False,-0.016666666666666705,False,False,False,True,True
PRK,"Korea, Dem. People's Rep.",2023,12.947,,100.0,18.0,19.1,26418204.0,84.8184516885649,True,6.0,False,0.0,False,,True,15.0,True,0.015801354401805936,False,False,False,True,True
PRT,Portugal,2000,11.7,11526.3720667968,,7.2,,10289898.0,97.6509233684472,False,,False,0.0,False,0.0,False,,False,0.0,False,True,False,False,True
PRT,Portugal,2001,10.9,11734.7649743954,,6.6,,10362722.0,97.7681484102338,False,,False,0.0,False,0.0,False,,False,0.0,False,True,False,False,True
PRT,Portugal,2002,11.0,12936.6928204482,,6.0,,10419631.0,97.8834679572702,False,,False,0.0,False,0.0,False,,False,0.0,False,True,False,False,True
PRT,Portugal,2003,10.8,15797.7821340276,,5.5,,10458821.0,97.9973101774028,False,,False,0.0,False,0.0,False,,False,-0.16666666666666674,False,True,False,False,True
PRT,Portugal,2004,10.4,18064.1580932987,,5.0,,10483861.0,98.1096749031417,False,,False,0.0,False,0.0,False,,False,-0.20948616600790515,False,True,False,False,True
PRT,Portugal,2005,10.4,18780.12751241,,4.7,,10503330.0,98.2205201292001,False,,False,0.0,False,0.0,False,,False,-0.22442244224422445,False,True,False,False,True
PRT,Portugal,2006,10.0,19839.4540499032,,4.4,,10522288.0,98.3299181904217,False,,False,0.0,False,0.0,False,,False,-0.20863309352517986,False,True,False,False,True
PRT,Portugal,2007,9.7,22811.0564844365,,4.2,,10542964.0,98.4378342320443,False,,False,0.0,False,0.0,False,,False,-0.17968749999999997,False,True,False,False,True
PRT,Portugal,2008,9.9,24949.0413566739,,4.0,,10558177.0,98.5442996404821,False,,False,0.0,False,0.0,False,,False,-0.15966386554621845,False,True,False,False,True
PRT,Portugal,2009,9.4,23151.2154130712,,3.9,,10568247.0,98.649279909145,False,,False,0.0,False,0.0,False,,False,-0.12556053811659193,False,True,False,False,True
PRT,Portugal,2010,9.6,22551.935098809,,3.8,,10573100.0,98.7528330142709,False,,False,0.0,False,0.0,False,,False,-0.10377358490566047,False,True,False,False,True
PRT,Portugal,2011,9.2,23246.5425416481,94.4800033569336,3.7,,10557560.0,98.8549411407512,False,,False,0.0,False,0.0,False,0.0,False,-0.08866995073891633,False,True,False,False,True
PRT,Portugal,2012,8.5,20593.4274224109,94.4800033569336,3.7,,10514844.0,98.9556231886088,False,,False,0.0,False,0.0,True,1.0,False,-0.05612244897959188,False,True,False,False,True
PRT,Portugal,2013,7.9,21676.4859642714,94.4800033569336,3.6,,10457295.0,99.0548734178937,False,,False,0.0,False,0.0,True,2.0,False,-0.05759162303664926,False,True,False,False,True
PRT,Portugal,2014,7.9,22120.6850127107,94.4800033569336,3.6,,10401062.0,99.1527262690652,False,,False,0.0,False,0.0,True,3.0,False,-0.037433155080214046,False,True,False,False,True
PRT,Portugal,2015,8.2,19215.7813014347,94.4800033569336,3.6,,10358076.0,99.2491933162673,False,,False,0.0,False,0.0,True,4.0,False,-0.021739130434782743,False,True,False,False,True
PRT,Portugal,2016,8.4,19980.2808866516,94.4800033569336,3.6,3.2,10325452.0,99.3443014964216,False,0.0,False,0.0,False,0.0,True,5.0,False,-0.010989010989010877,False,True,False,False,True
PRT,Portugal,2017,8.3,21442.3842768879,94.4800033569336,3.6,3.2,10300300.0,99.43806801438,True,1.0,False,0.0,False,0.0,True,6.0,False,-0.005524861878453044,False,True,False,False,True
PRT,Portugal,2018,8.4,23541.1401075289,94.4800033569336,3.5,3.2,10283822.0,99.5305100855018,True,2.0,False,0.0,False,0.0,True,7.0,False,-0.0277777777777778,False,True,False,False,True
PRT,Portugal,2019,8.4,23343.3628970034,94.4800033569336,3.5,3.2,10286263.0,99.6200248701138,True,3.0,False,0.0,False,0.0,True,8.0,False,-0.022346368715083696,False,True,False,False,True
PRT,Portugal,2020,8.1,22299.4044062173,94.4800033569336,3.4,3.2,10297081.0,99.6529221881304,True,4.0,False,0.0,False,0.0,True,9.0,False,-0.04494382022471914,False,True,False,False,True
PRT,Portugal,2021,7.6,24711.4510062111,94.4800033569336,3.3,3.2,10361831.0,99.6623109186367,True,5.0,False,0.0,False,0.0,True,10.0,False,-0.06249999999999994,False,True,False,False,True
PRT,Portugal,2022,8.0,24620.5197587181,94.4800033569336,3.3,3.2,10434332.0,99.6612544387821,True,6.0,False,0.0,False,0.0,True,11.0,False,-0.04624277456647403,False,True,False,False,True
PRT,Portugal,2023,8.1,27634.6183139773,94.4800033569336,3.2,3.2,10578174.0,99.6602104639564,True,7.0,False,0.0,False,0.0,True,12.0,True,-0.05882352941176463,False,True,False,False,True
PRY,Paraguay,2000,26.885,1736.11729210765,,33.6,,5100868.0,70.767087190756,False,,False,0.0,False,0.0,False,,False,0.0,False,False,False,False,False
PRY,Paraguay,2001,25.933,1637.68615122932,,32.8,,5187689.0,72.0502385165428,False,,False,0.0,False,0.0,False,,False,0.0,False,False,False,False,False
PRY,Paraguay,2002,25.109,1367.76506935997,,32.0,,5261328.0,73.3060100380697,False,,False,0.0,False,0.0,False,,False,0.0,False,False,False,False,False
PRY,Paraguay,2003,24.412,1443.99885236205,,31.3,,5326436.0,74.4672620916261,False,,False,0.0,False,0.0,False,,False,-0.045731707317073274,False,False,False,False,False
PRY,Paraguay,2004,24.089,1786.21533938543,,30.5,,5388175.0,75.6031403142363,False,,False,0.0,False,0.0,False,,False,-0.05936777178103307,False,False,False,False,False
PRY,Paraguay,2005,23.72,1970.87169852378,,29.7,17.1,5448097.0,76.728771501701,False,0.0,False,0.0,False,0.0,False,,False,-0.07303370786516854,False,False,False,False,False
PRY,Paraguay,2006,23.301,2439.43124694576,,28.9,17.1,5505148.0,77.8439277858393,True,1.0,False,0.0,False,0.0,False,,False,-0.07549584133077425,False,False,False,False,False
PRY,Paraguay,2007,23.019,3211.93621659546,94.5599975585938,28.2,17.1,5559386.0,78.9486876932809,True,2.0,False,0.0,False,0.0,False,0.0,False,-0.07480314960629914,False,False,False,False,False
PRY,Paraguay,2008,22.989,4384.9546943793,93.2900009155273,27.3,17.1,5613574.0,80.0433396656403,True,3.0,False,0.0,False,0.0,False,0.0,False,-0.08142664872139967,False,False,False,False,False
PRY,Paraguay,2009,22.907,3941.84815479271,93.75,26.5,17.1,5671236.0,81.1277039466521,True,4.0,False,0.0,False,0.0,False,0.0,False,-0.08367911479944669,False,False,False,False,False
PRY,Paraguay,2010,22.544,4750.96273669322,93.870002746582,25.7,17.1,5737971.0,82.2018433166323,True,5.0,False,0.0,False,0.0,False,0.0,False,-0.08605974395448074,False,False,False,False,False
PRY,Paraguay,2011,22.483,5805.40154543044,93.870002746582,24.9,17.1,5814626.0,83.2658343869198,True,6.0,False,0.0,False,0.0,True,1.0,False,-0.08857979502196199,False,False,False,False,False
PRY,Paraguay,2012,22.559,5642.1699167298,94.1999969482422,24.2,10.7,5897008.0,84.3199132953919,False,0.0,False,0.0,False,0.0,False,0.0,False,-0.08748114630467572,False,False,False,False,False
PRY,Paraguay,2013,22.474,6435.68342733182,95.0599975585938,23.4,10.7,5982445.0,85.3589778746888,True,1.0,False,0.0,False,0.0,False,0.0,False,-0.09020217729393469,False,False,False,False,False
PRY,Paraguay,2014,22.635,6652.25478942291,95.0299987792969,22.7,10.7,6069811.0,86.387257170265,True,2.0,False,0.0,False,0.0,False,0.0,False,-0.08981555733761021,False,False,False,False,False
PRY,Paraguay,2015,22.662,5879.33792308671,95.5500030517578,21.9,10.7,6159103.0,87.4068345992566,True,3.0,False,0.0,False,0.0,False,0.0,False,-0.09429280397022337,False,False,False,False,False
PRY,Paraguay,2016,22.487,5775.1596339946,94.6500015258789,21.2,5.6,6249126.0,88.4178947324525,False,0.0,False,0.0,False,0.0,False,0.0,False,-0.0947907771135781,False,False,False,False,False
PRY,Paraguay,2017,22.166,6152.26711537703,94.6500015258789,20.5,5.6,6338660.0,89.4202504452198,True,1.0,False,0.0,False,0.0,True,1.0,False,-0.09611992945326278,False,False,False,False,False
PRY,Paraguay,2018,21.836,6258.44991640954,94.0199966430664,19.9,5.6,6427382.0,90.415146711899,True,2.0,False,0.0,False,0.0,False,0.0,False,-0.09298085688240654,False,False,False,False,False
PRY,Paraguay,2019,21.421,5821.18199548637,93.2099990844727,19.2,5.6,6515058.0,91.4154881056866,True,3.0,False,0.0,False,0.0,False,0.0,False,-0.09604519774011296,False,False,False,False,False
PRY,Paraguay,2020,21.036,5365.47220721191,94.5400009155273,18.6,5.6,6603739.0,92.4079453626308,True,4.0,False,0.0,False,0.0,False,0.0,False,-0.09444985394352472,False,False,False,False,False
PRY,Paraguay,2021,20.689,5974.9057185863,94.5400009155273,18.0,5.6,6684182.0,93.3920477799252,True,5.0,False,0.0,False,0.0,True,1.0,False,-0.09456740442655931,False,False,False,False,False
PRY,Paraguay,2022,20.356,6189.10205375331,94.5400009155273,17.5,5.6,6760464.0,94.2434679233291,True,6.0,False,0.0,False,0.0,True,2.0,False,-0.09043659043659036,False,False,False,False,False
PRY,Paraguay,2023,19.985,6303.26495017292,94.5400009155273,16.9,5.6,6844146.0,95.2491802778514,True,7.0,False,0.0,False,0.0,True,3.0,True,-0.09334763948497847,False,False,False,False,False
PSE,West Bank and Gaza,2000,40.9,1476.17185000238,,30.3,10.7,2922153.0,90.2843720055734,False,0.0,False,0.0,False,0.0,False,,False,0.0,False,False,False,False,False
PSE,West Bank and Gaza,2001,40.2,1335.55319529359,,29.4,10.7,2997784.0,90.3396200979111,True,1.0,False,0.0,False,0.0,False,,False,0.0,False,False,False,False,False
PSE,West Bank and Gaza,2002,39.6,1156.21747345769,,28.5,11.4,3075373.0,90.3948305962946,False,0.0,False,0.0,False,0.0,False,,False,0.0,False,False,False,False,False
PSE,West Bank and Gaza,2003,38.8,1257.69857009689,,27.7,11.4,3154969.0,90.4499080847933,True,1.0,False,0.0,False,0.0,False,,False,-0.05782312925170077,False,False,False,False,False
PSE,West Bank and Gaza,2004,38.1,1422.19088643544,92.4800033569336,26.8,10.5,3236626.0,90.935395618891,False,0.0,False,0.0,False,0.0,False,0.0,False,-0.0750647109577222,False,False,False,False,False
PSE,West Bank and Gaza,2005,37.3,1543.70141392774,92.4800033569336,26.0,10.5,3320396.0,91.4202595193558,True,1.0,False,0.0,False,0.0,True,1.0,False,-0.08899789768745617,False,False,False,False,False
PSE,West Bank and Gaza,2006,36.7,1570.10439962728,93.4499969482422,25.1,13.6,3406334.0,91.9045563015934,False,0.0,False,0.0,False,0.0,False,0.0,False,-0.09320809248554907,False,False,False,False,False
PSE,West Bank and Gaza,2007,35.855,1664.24571669276,93.7600021362305,24.3,13.6,3494496.0,92.3883325224338,True,1.0,False,0.0,False,0.0,False,0.0,False,-0.09395973154362415,False,False,False,False,False
PSE,West Bank and Gaza,2008,33.887,2035.20234121766,94.0100021362305,23.5,13.6,3591977.0,92.8715067384258,True,2.0,False,0.0,False,0.0,False,0.0,False,-0.09545804464973058,False,False,False,False,False
PSE,West Bank and Gaza,2009,34.019,2191.78178736868,94.4300003051758,22.7,13.6,3689099.0,93.3543676724512,True,3.0,False,0.0,False,0.0,False,0.0,False,-0.09705648369132874,False,False,False,False,False
PSE,West Bank and Gaza,2010,34.543,2557.07562356699,94.7200012207031,21.9,10.9,3786161.0,93.8369024914522,False,0.0,False,0.0,False,0.0,False,0.0,False,-0.09950657894736849,False,False,False,False,False
PSE,West Bank and Gaza,2011,34.083,2880.79843707909,95.0299987792969,21.1,10.9,3882986.0,94.3190277945478,True,1.0,False,0.0,False,0.0,False,0.0,False,-0.10212765957446802,False,False,False,False,False
PSE,West Bank and Gaza,2012,33.371,3067.43872735614,95.6699981689453,20.3,10.9,3979998.0,94.800706660906,True,2.0,False,0.0,False,0.0,False,0.0,False,-0.10572687224669598,False,False,False,False,False
PSE,West Bank and Gaza,2013,32.9,3315.29753909282,96.0500030517578,19.6,10.9,4076708.0,95.2818879253375,True,3.0,False,0.0,False,0.0,False,0.0,False,-0.1050228310502282,False,False,False,False,False
PSE,West Bank and Gaza,2014,32.782,3352.11259506043,96.2099990844727,21.9,7.4,4173398.0,95.7625423734235,False,0.0,False,0.0,False,0.0,False,0.0,False,0.03693181818181824,False,False,False,False,False
PSE,West Bank and Gaza,2015,32.87,3272.15432360708,96.4800033569336,18.2,7.4,4270092.0,96.2425962734405,True,1.0,False,0.0,False,0.0,False,0.0,False,-0.13167938931297718,False,False,False,False,False
PSE,West Bank and Gaza,2016,32.274,3527.61382413178,96.7200012207031,17.5,7.4,4367088.0,96.7220200053128,True,2.0,False,0.0,False,0.0,False,0.0,False,-0.13452027695351132,False,False,False,False,False
PSE,West Bank and Gaza,2017,31.432,3620.36048715937,96.9199981689453,16.9,7.4,4454805.0,97.2007822905197,True,3.0,False,0.0,False,0.0,False,0.0,False,-0.13333333333333341,False,False,False,False,False
PSE,West Bank and Gaza,2018,30.529,3562.33094270256,97.2200012207031,16.3,7.4,4569087.0,97.6788204548577,True,4.0,False,0.0,False,0.0,False,0.0,False,-0.13390010626992557,False,False,False,False,False
PSE,West Bank and Gaza,2019,29.708,3656.85827137011,97.379997253418,15.7,7.4,4685306.0,98.156123198693,True,5.0,False,0.0,False,0.0,False,0.0,False,-0.13546255506607935,False,False,False,False,False
PSE,West Bank and Gaza,2020,28.877,3233.56863835858,97.5100021362305,15.2,8.7,4803269.0,98.6215954059263,False,0.0,False,0.0,False,0.0,False,0.0,False,-0.10165484633569753,False,False,False,False,False
PSE,West Bank and Gaza,2021,28.225,3678.63565662194,97.6840000894857,14.6,8.7,4922749.0,99.0621470403227,True,1.0,False,0.0,False,0.0,False,0.0,False,-0.10539215686274514,False,False,False,False,False
PSE,West Bank and Gaza,2022,27.575,3799.95527015163,97.8399963378906,14.1,8.7,5043612.0,99.3771389277401,True,2.0,False,0.0,False,0.0,False,0.0,False,-0.10419313850063536,False,False,False,False,False
PSE,West Bank and Gaza,2023,27.062,3607.41611858821,97.8399963378906,41.9,8.7,5165775.0,99.3925426491979,True,3.0,False,0.0,False,0.0,True,1.0,True,1.7602108036890647,True,False,False,False,False
PYF,French Polynesia,2000,21.396,14978.324104668,,,,240337.0,97.7746162663413,False,,False,0.0,False,0.0,False,,False,0.0,False,True,False,False,True
PYF,French Polynesia,2001,20.782,14640.9360062298,,,,244097.0,97.763585986455,False,,False,0.0,False,0.0,False,,False,0.0,False,True,False,False,True
PYF,French Polynesia,2002,19.973,16004.0583292112,,,,247775.0,97.7525557065687,False,,False,0.0,False,0.0,False,,False,0.0,False,True,False,False,True
PYF,French Polynesia,2003,18.605,19582.8936395312,,,,251637.0,97.7415254266824,False,,False,0.0,False,0.0,False,,False,0.0,False,True,False,False,True
PYF,French Polynesia,2004,18.075,21764.2203208782,,,,255654.0,97.7304951467961,False,,False,0.0,False,0.0,False,,False,0.0,False,True,False,False,True
PYF,French Polynesia,2005,17.925,21984.1936230719,,,,259507.0,97.7194648669098,False,,False,0.0,False,0.0,False,,False,0.0,False,True,False,False,True
PYF,French Polynesia,2006,18.184,22330.8676659055,,,,263223.0,97.7084345870236,False,,False,0.0,False,0.0,False,,False,0.0,False,True,False,False,True
PYF,French Polynesia,2007,17.391,24888.1781337361,,,,266438.0,97.6974043071373,False,,False,0.0,False,0.0,False,,False,0.0,False,True,False,False,True
PYF,French Polynesia,2008,18.028,26592.0262835732,,,,268379.0,97.686374027251,False,,False,0.0,False,0.0,False,,False,0.0,False,True,False,False,True
PYF,French Polynesia,2009,17.662,24434.2197555208,,,,269481.0,97.6753437473647,False,,False,0.0,False,0.0,False,,False,0.0,False,True,False,False,True
PYF,French Polynesia,2010,17.823,22494.806706186,,,,270580.0,97.6643134674784,False,,False,0.0,False,0.0,False,,False,0.0,False,True,False,False,True
PYF,French Polynesia,2011,16.92,22831.5185348524,,,,271727.0,97.6532831875921,False,,False,0.0,False,0.0,False,,False,0.0,False,True,False,False,True
PYF,French Polynesia,2012,16.532,20846.5457478364,,,,273084.0,97.6422529077059,False,,False,0.0,False,0.0,False,,False,0.0,False,True,False,False,True
PYF,French Polynesia,2013,15.713,21955.6329264095,,,,274728.0,97.6312226278196,False,,False,0.0,False,0.0,False,,False,0.0,False,True,False,False,True
PYF,French Polynesia,2014,15.799,22258.6321384251,,,,276387.0,97.6201923479333,False,,False,0.0,False,0.0,False,,False,0.0,False,True,False,False,True
PYF,French Polynesia,2015,15.001,19166.9594761931,,,,277866.0,97.609162068047,False,,False,0.0,False,0.0,False,,False,0.0,False,True,False,False,True
PYF,French Polynesia,2016,13.999,19690.0775734589,,,,279178.0,97.5981317881607,False,,False,0.0,False,0.0,False,,False,0.0,False,True,False,False,True
PYF,French Polynesia,2017,13.146,20826.9312492172,,,,280087.0,97.5871015082744,False,,False,0.0,False,0.0,False,,False,0.0,False,True,False,False,True
PYF,French Polynesia,2018,12.812,21925.616043938,,,,279815.0,97.5760712283881,False,,False,0.0,False,0.0,False,,False,0.0,False,True,False,False,True
PYF,French Polynesia,2019,11.938,21582.5892046801,,,,279034.0,97.5650409485018,False,,False,0.0,False,0.0,False,,False,0.0,False,True,False,False,True
PYF,French Polynesia,2020,11.782,19966.4838503859,,,,279209.0,97.5540106686156,False,,False,0.0,False,0.0,False,,False,0.0,False,True,False,False,True
PYF,French Polynesia,2021,11.424,21426.3854449835,,,,279792.0,97.5429803887293,False,,False,0.0,False,0.0,False,,False,0.0,False,True,False,False,True
PYF,French Polynesia,2022,11.156,20053.9569369322,,,,280378.0,97.531950108843,False,,False,0.0,False,0.0,False,,False,0.0,False,True,False,False,True
PYF,French Polynesia,2023,10.907,21832.2831795569,,,,281118.0,97.5209198289567,False,,False,0.0,False,0.0,False,,True,0.0,False,True,False,False,True
QAT,Qatar,2000,17.318,27535.182940934,,12.5,,644989.0,99.9365492602027,False,,False,0.0,False,0.0,False,,False,0.0,False,False,False,False,False
QAT,Qatar,2001,17.59,25870.7991864314,,12.0,,677925.0,99.9365492602027,False,,False,0.0,False,0.0,False,,False,0.0,False,False,False,False,False
QAT,Qatar,2002,17.352,27226.6593510117,,11.6,,711205.0,99.9365492602027,False,,False,0.0,False,0.0,False,,False,0.0,False,False,False,False,False
QAT,Qatar,2003,16.921,31602.470865136,,11.2,,744682.0,99.9365492602027,False,,False,0.0,False,0.0,False,,False,-0.06925207756232692,False,False,False,False,False
QAT,Qatar,2004,16.259,41035.5008380177,88.9599990844727,10.8,,773332.0,99.9365492602027,False,,False,0.0,False,0.0,False,0.0,False,-0.08668076109936564,False,False,False,False,False
QAT,Qatar,2005,15.436,53949.6764091147,88.9599990844727,10.4,,825408.0,99.9365492602027,False,,False,0.0,False,0.0,True,1.0,False,-0.1049913941480207,False,False,False,False,False
QAT,Qatar,2006,11.972,62582.4453138755,88.9599990844727,10.1,,972831.0,99.9365492602027,False,,False,0.0,False,0.0,True,2.0,False,-0.09821428571428568,False,False,False,False,False
QAT,Qatar,2007,10.783,65954.1146428814,93.0800018310547,9.8,,1208595.0,99.9365489991929,False,,False,0.0,False,0.0,False,0.0,False,-0.09426987060998147,False,False,False,False,False
QAT,Qatar,2008,11.226,80781.2113909506,93.9899978637695,9.6,,1426938.0,99.9365487381809,False,,False,0.0,False,0.0,False,0.0,False,-0.0822179732313575,False,False,False,False,False
QAT,Qatar,2009,10.98,60785.7351551657,94.7200012207031,9.3,,1608903.0,99.9365484771668,False,,False,0.0,False,0.0,False,0.0,False,-0.08284023668639051,False,False,False,False,False
QAT,Qatar,2010,11.223,77387.2936379616,96.2799987792969,9.1,,1616832.0,99.9365482161506,False,,False,0.0,False,0.0,False,0.0,False,-0.07520325203252035,False,False,False,False,False
QAT,Qatar,2011,11.33,103261.510293068,96.4100036621094,8.9,,1624761.0,99.9365479551322,False,,False,0.0,False,0.0,False,0.0,False,-0.07098121085594987,False,False,False,False,False
QAT,Qatar,2012,11.397,108470.378825036,96.6800003051758,8.7,,1722438.0,99.9365476941116,False,,False,0.0,False,0.0,False,0.0,False,-0.06852248394004289,False,False,False,False,False
QAT,Qatar,2013,11.367,103697.008372373,97.4800033569336,8.4,,1916426.0,99.9365474330889,False,,False,0.0,False,0.0,False,0.0,False,-0.0789473684210527,False,False,False,False,False
QAT,Qatar,2014,11.131,95840.6310094498,97.75,8.1,,2151745.0,99.9365471720641,False,,False,0.0,False,0.0,False,0.0,False,-0.08783783783783777,False,False,False,False,False
QAT,Qatar,2015,10.596,68985.2946961507,97.75,7.8,,2344557.0,99.9365469110371,False,,False,0.0,False,0.0,True,1.0,False,-0.09722222222222211,False,False,False,False,False
QAT,Qatar,2016,9.969,61253.6375482797,97.75,7.5,,2477113.0,99.936546650008,False,,False,0.0,False,0.0,True,2.0,False,-0.10501193317422423,False,False,False,False,False
QAT,Qatar,2017,10.031,63279.8556949332,97.75,7.1,,2545820.0,99.9365463889767,False,,False,0.0,False,0.0,True,3.0,False,-0.1234567901234568,False,False,False,False,False
QAT,Qatar,2018,9.921,71039.8490579352,97.75,6.8,,2580734.0,99.9365461279432,False,,False,0.0,False,0.0,True,4.0,False,-0.1259640102827763,False,False,False,False,False
QAT,Qatar,2019,9.979,66841.3013484919,97.75,6.6,,2638657.0,99.9365458669077,False,,False,0.0,False,0.0,True,5.0,False,-0.11528150134048251,False,False,False,False,False
QAT,Qatar,2020,10.046,51683.5054376677,97.75,6.3,,2794148.0,99.9365456058699,False,,False,0.0,False,0.0,True,6.0,False,-0.12011173184357535,False,False,False,False,False
QAT,Qatar,2021,9.555,71751.8831257169,97.75,6.2,5.4,2504910.0,99.9365453448301,False,0.0,False,0.0,False,0.0,True,7.0,False,-0.09620991253644305,False,False,False,False,False
QAT,Qatar,2022,10.099,88701.463352273,97.75,6.1,6.3,2657333.0,99.936545083788,False,0.0,False,0.0,False,0.0,True,8.0,False,-0.07575757575757576,False,False,False,False,False
QAT,Qatar,2023,9.908,80195.8746508549,97.75,6.0,6.2,2656032.0,99.936545083788,False,0.0,False,0.0,False,0.0,True,9.0,True,-0.06250000000000006,False,False,False,False,False
ROU,Romania,2000,10.4,1659.92904910528,,21.4,12.8,22442971.0,,False,0.0,False,,False,0.0,False,,False,0.0,False,False,False,False,False
ROU,Romania,2001,10.0,1825.19299373184,,20.6,14.0,22131970.0,74.1221850215514,False,0.0,False,0.0,False,0.0,False,,False,0.0,False,False,False,False,False
ROU,Romania,2002,9.7,2119.85509684554,97.3000030517578,20.2,12.8,21730496.0,74.0945506298244,False,0.0,False,0.0,False,0.0,False,0.0,False,0.0,False,False,False,False,False
ROU,Romania,2003,9.8,2679.40626016154,97.3000030517578,19.9,12.8,21574326.0,74.1452194428032,True,1.0,False,0.0,False,0.0,True,1.0,False,-0.04019292604501619,False,False,False,False,False
ROU,Romania,2004,10.1,3494.99056448955,97.3000030517578,19.3,12.8,21451748.0,74.1955058645708,True,2.0,False,0.0,False,0.0,True,2.0,False,-0.059683313032886626,False,False,False,False,False
ROU,Romania,2005,10.4,4618.00350802913,97.3000030517578,18.2,12.8,21319685.0,74.2457870285484,True,3.0,False,0.0,False,0.0,True,3.0,False,-0.10256410256410264,False,False,False,False,False
ROU,Romania,2006,10.4,5757.53127301178,97.3000030517578,16.7,12.8,21193760.0,75.1835159880533,True,4.0,False,0.0,False,0.0,True,4.0,False,-0.14969450101832985,False,False,False,False,False
ROU,Romania,2007,10.3,8360.33775916596,97.3000030517578,15.2,12.8,20882982.0,76.118166846837,True,5.0,False,0.0,False,0.0,True,5.0,False,-0.19406150583244963,False,False,False,False,False
ROU,Romania,2008,10.8,10435.1561230787,97.3000030517578,13.9,12.8,20537875.0,77.0497373536879,True,6.0,False,0.0,False,0.0,True,6.0,False,-0.22172452407614776,False,False,False,False,False
ROU,Romania,2009,10.9,8548.4543409242,97.3000030517578,13.0,12.8,20367487.0,77.9782248834449,True,7.0,False,0.0,False,0.0,True,7.0,False,-0.21968787515006002,False,False,False,False,False
ROU,Romania,2010,10.5,8399.5374234284,97.3000030517578,12.4,12.8,20246871.0,78.9036342216492,True,8.0,False,0.0,False,0.0,True,8.0,False,-0.19480519480519481,False,False,False,False,False
ROU,Romania,2011,9.7,9560.6755277458,98.5999984741211,11.8,12.8,20147528.0,79.8259688450856,True,9.0,False,0.0,False,0.0,False,0.0,False,-0.17134831460674144,False,False,False,False,False
ROU,Romania,2012,10.0,8929.95366231474,98.5999984741211,11.2,12.8,20058035.0,80.7099325881725,True,10.0,False,0.0,False,0.0,True,1.0,False,-0.15535444947209656,False,False,False,False,False
ROU,Romania,2013,9.4,9497.67411615237,98.5999984741211,10.6,12.8,19983693.0,81.5787881318127,True,11.0,False,0.0,False,0.0,True,2.0,False,-0.14927768860353127,False,False,False,False,False
ROU,Romania,2014,10.0,10031.7710755404,98.5999984741211,9.9,12.8,19908979.0,82.4485173692872,True,12.0,False,0.0,False,0.0,True,3.0,False,-0.1610169491525424,False,False,False,False,False
ROU,Romania,2015,10.2,8977.01748158196,98.5999984741211,9.2,12.8,19815616.0,83.3255001952095,True,13.0,False,0.0,False,0.0,True,4.0,False,-0.17710196779964227,False,False,False,False,False
ROU,Romania,2016,10.4,9404.54005870715,98.5999984741211,8.5,12.8,19702267.0,84.2094124497179,True,14.0,False,0.0,False,0.0,True,5.0,False,-0.19354838709677427,False,False,False,False,False
ROU,Romania,2017,10.8,10727.9822007426,98.5999984741211,7.9,12.8,19588715.0,85.0986005989272,True,15.0,False,0.0,False,0.0,True,6.0,False,-0.20040485829959517,False,False,False,False,False
ROU,Romania,2018,10.4,12416.134317959,98.5999984741211,7.3,12.8,19473970.0,85.9929537766502,True,16.0,False,0.0,False,0.0,True,7.0,False,-0.20824295010845995,False,False,False,False,False
ROU,Romania,2019,10.3,12909.6104013244,98.5999984741211,6.8,12.8,19371648.0,86.8911090946585,True,17.0,False,0.0,False,0.0,True,8.0,False,-0.20560747663551393,False,False,False,False,False
ROU,Romania,2020,10.3,13009.1525348396,98.5999984741211,6.5,12.8,19265250.0,87.7922191507809,True,18.0,False,0.0,False,0.0,True,9.0,False,-0.18136020151133506,False,False,False,False,False
ROU,Romania,2021,10.1,14908.0412813921,99.1600036621094,6.4,12.8,19122059.0,88.6956428751098,True,19.0,False,0.0,False,0.0,False,0.0,False,-0.13513513513513511,False,False,False,False,False
ROU,Romania,2022,9.4,15503.4691366242,99.1600036621094,6.6,12.8,19048502.0,89.6004899502368,True,20.0,False,0.0,False,0.0,True,1.0,False,-0.05444126074498566,False,False,False,False,False
ROU,Romania,2023,8.4,18244.4186876321,99.1600036621094,6.9,12.8,19061062.0,90.505532492932,True,21.0,False,0.0,False,0.0,True,2.0,True,0.026785714285714243,False,False,False,False,False
RUS,Russian Federation,2000,8.7,1771.59411621094,,19.4,,146596869.0,,False,,False,,False,0.0,False,,False,0.0,False,True,False,False,False
RUS,Russian Federation,2001,9.0,2100.3525390625,,18.4,,145976482.0,,False,,False,,False,0.0,False,,False,0.0,False,True,False,False,False
RUS,Russian Federation,2002,9.7,2377.52954101563,99.4400024414062,17.3,,145306497.0,81.6606940878558,False,,False,0.0,False,0.0,False,0.0,False,0.0,False,True,False,False,False
RUS,Russian Federation,2003,10.2,2975.123046875,99.4400024414062,16.1,,144648618.0,81.6655198787968,False,,False,0.0,False,0.0,True,1.0,False,-0.12341197822141538,False,True,False,False,False
RUS,Russian Federation,2004,10.4,4102.36474609375,99.4400024414062,15.0,,144067316.0,81.6723116501913,False,,False,0.0,False,0.0,True,2.0,False,-0.15730337078651688,False,True,False,False,False
RUS,Russian Federation,2005,10.2,5323.455078125,99.4400024414062,13.9,,143518814.0,81.6791040024383,False,,False,0.0,False,0.0,True,3.0,False,-0.19373549883990726,False,True,False,False,False
RUS,Russian Federation,2006,10.3,6920.19970703125,99.4400024414062,12.8,,143049637.0,81.6858939304323,False,,False,0.0,False,0.0,True,4.0,False,-0.20693928128872366,False,True,False,False,False
RUS,Russian Federation,2007,11.3,9101.2392578125,99.4400024414062,12.0,,142805114.0,82.2454451048795,False,,False,0.0,False,0.0,True,5.0,False,-0.2010652463382158,False,True,False,False,False
RUS,Russian Federation,2008,12.0,11635.2841796875,99.4400024414062,11.3,,142742366.0,82.8056855793495,False,,False,0.0,False,0.0,True,6.0,False,-0.19054441260744995,False,True,False,False,False
RUS,Russian Federation,2009,12.3,8562.82421875,99.4400024414062,10.7,,142785348.0,83.3664393165315,False,,False,0.0,False,0.0,True,7.0,False,-0.176923076923077,False,True,False,False,False
RUS,Russian Federation,2010,12.5,10674.990234375,99.6800003051758,10.4,,142849468.0,83.92804330417,False,,False,0.0,False,0.0,False,0.0,False,-0.14332784184513991,False,True,False,False,False
RUS,Russian Federation,2011,12.6,14305.33203125,99.6800003051758,10.2,,143018195.0,84.4903383941057,False,,False,0.0,False,0.0,True,1.0,False,-0.10839160839160855,False,True,False,False,False
RUS,Russian Federation,2012,13.3,15401.8515625,99.6800003051758,9.9,,143378447.0,85.0560724272836,False,,False,0.0,False,0.0,True,2.0,False,-0.09340659340659337,False,True,False,False,False
RUS,Russian Federation,2013,13.2,15941.4482421875,99.6800003051758,9.5,,143805638.0,85.6253629696735,False,,False,0.0,False,0.0,True,3.0,False,-0.09523809523809523,False,True,False,False,False
RUS,Russian Federation,2014,13.3,14055.47265625,99.6800003051758,8.9,,144237223.0,86.1989352053169,False,,False,0.0,False,0.0,True,4.0,False,-0.12228796844181446,False,True,False,False,False
RUS,Russian Federation,2015,13.3,9277.7138671875,99.6800003051758,8.2,,144640716.0,86.7766922089747,False,,False,0.0,False,0.0,True,5.0,False,-0.16155419222903902,False,True,False,False,False
RUS,Russian Federation,2016,12.9,8663.158203125,99.6800003051758,7.5,,145015460.0,87.3591528902794,False,,False,0.0,False,0.0,True,6.0,False,-0.19700214132762311,False,True,False,False,False
RUS,Russian Federation,2017,11.5,10658.9130859375,99.6800003051758,6.9,,145293260.0,87.9466409875352,False,,False,0.0,False,0.0,True,7.0,False,-0.21590909090909094,False,True,False,False,False
RUS,Russian Federation,2018,10.9,11211.8876953125,99.6800003051758,6.4,,145398106.0,88.5392414303968,False,,False,0.0,False,0.0,True,8.0,False,-0.2195121951219511,False,True,False,False,False
RUS,Russian Federation,2019,10.1,11447.701171875,99.6800003051758,6.0,,145453291.0,89.1372417555839,False,,False,0.0,False,0.0,True,9.0,False,-0.20844327176781013,False,True,False,False,False
RUS,Russian Federation,2020,9.8,10108.3271484375,99.6800003051758,5.7,,145245148.0,89.7409453652069,False,,False,0.0,False,0.0,True,10.0,False,-0.1857142857142857,False,True,False,False,False
RUS,Russian Federation,2021,9.6,12425.029296875,99.9300003051758,5.5,,144746762.0,90.3506542509722,False,,False,0.0,False,0.0,False,0.0,False,-0.15384615384615385,False,True,False,False,False
RUS,Russian Federation,2022,8.9,15625.6328125,99.9300003051758,5.4,,144236933.0,90.9663797021895,False,,False,0.0,False,0.0,True,1.0,False,-0.11475409836065563,False,True,False,False,False
RUS,Russian Federation,2023,8.6,13986.9951171875,99.9300003051758,5.3,,143826130.0,91.5886930920727,False,,False,0.0,False,0.0,True,2.0,True,-0.08620689655172428,False,True,False,False,False
RWA,Rwanda,2000,42.112,251.86926386091,64.8899993896484,184.2,47.9,8213931.0,43.8876413678193,False,0.0,False,0.0,False,0.0,False,0.0,False,0.0,False,False,False,False,False
RWA,Rwanda,2001,42.113,237.308846200901,64.8899993896484,166.5,47.9,8287094.0,45.6902028796929,True,1.0,False,0.0,False,0.0,True,1.0,False,0.0,False,False,False,False,False
RWA,Rwanda,2002,41.784,234.043016755733,64.8899993896484,149.1,47.9,8400180.0,47.4611936352188,True,2.0,False,0.0,False,0.0,True,2.0,False,0.0,False,False,False,False,False
RWA,Rwanda,2003,41.402,249.012274982252,64.8899993896484,132.7,47.9,8586875.0,49.0827278042719,True,3.0,False,0.0,False,0.0,True,3.0,False,-0.20348139255702286,False,False,False,False,False
RWA,Rwanda,2004,41.145,269.540446333402,64.8899993896484,117.5,47.9,8816844.0,50.6829486597842,True,4.0,False,0.0,False,0.0,True,4.0,False,-0.25691699604743085,False,False,False,False,False
RWA,Rwanda,2005,40.638,324.016863847189,64.8899993896484,104.5,51.4,9054528.0,52.2806585813749,False,0.0,False,0.0,False,0.0,True,5.0,False,-0.30333333333333334,False,False,False,False,False
RWA,Rwanda,2006,39.861,352.093916578347,64.8899993896484,93.4,51.4,9299246.0,53.8759294452882,True,1.0,False,0.0,False,0.0,True,6.0,False,-0.3032970311800686,False,False,False,False,False
RWA,Rwanda,2007,38.833,420.733580702508,64.8899993896484,84.1,51.4,9549933.0,55.4685962150806,True,2.0,False,0.0,False,0.0,True,7.0,False,-0.2958807769591428,False,False,False,False,False
RWA,Rwanda,2008,37.643,522.288339420679,64.8899993896484,76.0,51.4,9804269.0,57.0587484402126,True,3.0,False,0.0,False,0.0,True,8.0,False,-0.28598271326568947,False,False,False,False,False
RWA,Rwanda,2009,36.315,556.97399621739,64.8899993896484,69.1,46.6,10060432.0,58.6463993130751,False,0.0,False,0.0,False,0.0,True,9.0,False,-0.2733964248159832,False,False,False,False,False
RWA,Rwanda,2010,35.149,586.599950359877,64.8899993896484,63.3,44.3,10317553.0,60.2315011971765,False,0.0,False,0.0,False,0.0,True,10.0,False,-0.25895574806836813,False,False,False,False,False
RWA,Rwanda,2011,33.8,643.356138618166,64.8899993896484,58.1,44.3,10573733.0,61.8140834716847,True,1.0,False,0.0,False,0.0,True,11.0,False,-0.24721430422389226,False,False,False,False,False
RWA,Rwanda,2012,32.852,697.760143509565,68.3300018310547,54.2,43.8,10829901.0,63.3941024387453,False,0.0,False,0.0,False,0.0,False,0.0,False,-0.22703936109526512,False,False,False,False,False
RWA,Rwanda,2013,32.409,695.397140963607,68.3300018310547,51.4,43.8,11093340.0,64.9716279211285,True,1.0,False,0.0,False,0.0,True,1.0,False,-0.1986280012472718,False,False,False,False,False
RWA,Rwanda,2014,32.24,715.36808783393,70.8000030517578,49.2,43.8,11364757.0,66.5451269597636,True,2.0,False,0.0,False,0.0,False,0.0,False,-0.16919959473150967,False,False,False,False,False
RWA,Rwanda,2015,32.098,725.691418696952,70.8000030517578,47.3,38.3,11640022.0,68.1134578237063,False,0.0,False,0.0,False,0.0,True,1.0,False,-0.14373642288196956,False,False,False,False,False
RWA,Rwanda,2016,31.971,721.258515833094,70.8000030517578,45.8,38.3,11919183.0,69.6758086260828,True,1.0,False,0.0,False,0.0,True,2.0,False,-0.11990776325903156,False,False,False,False,False
RWA,Rwanda,2017,31.666,751.049039527547,70.8000030517578,44.7,38.3,12202060.0,71.2308954690674,True,2.0,False,0.0,False,0.0,True,3.0,False,-0.09842678499394908,False,False,False,False,False
RWA,Rwanda,2018,31.231,772.754982959354,73.2200012207031,43.7,34.8,12487996.0,72.7776126104957,False,0.0,False,0.0,False,0.0,False,0.0,False,-0.08347315436241604,False,False,False,False,False
RWA,Rwanda,2019,30.672,823.355304065304,73.2200012207031,42.7,34.8,12776103.0,74.3150494792337,True,1.0,False,0.0,False,0.0,True,1.0,False,-0.07455570004334629,False,False,False,False,False
RWA,Rwanda,2020,30.021,802.638686936204,80.0500030517578,41.6,33.1,13065837.0,75.8419280137536,False,0.0,False,0.0,False,0.0,False,0.0,False,-0.07225691347011601,False,False,False,False,False
RWA,Rwanda,2021,29.389,842.581492947672,80.0500030517578,40.6,33.1,13355260.0,77.3571126484404,True,1.0,False,0.0,False,0.0,True,1.0,False,-0.07093821510297485,False,False,False,False,False
RWA,Rwanda,2022,28.859,1007.05989322914,78.7600021362305,39.7,33.1,13651030.0,78.8594683891809,True,2.0,False,0.0,False,0.0,False,0.0,False,-0.06938584153774029,False,False,False,False,False
RWA,Rwanda,2023,28.348,1061.05788154076,78.7600021362305,38.8,33.1,13954471.0,80.3475631851087,True,3.0,False,0.0,False,0.0,True,1.0,True,-0.06865098415746534,False,False,False,False,False
SAU,Saudi Arabia,2000,27.49,11714.5623675159,79.3499984741211,21.9,,16177722.0,,False,,False,,False,0.0,False,0.0,False,0.0,False,False,False,False,False
SAU,Saudi Arabia,2001,25.528,10805.311325122,79.3499984741211,20.6,,17041397.0,,False,,False,,False,0.0,True,1.0,False,0.0,False,False,False,False,False
SAU,Saudi Arabia,2002,23.767,10586.0543471363,79.3499984741211,19.4,,17910910.0,,False,,False,,False,0.0,True,2.0,False,0.0,False,False,False,False,False
SAU,Saudi Arabia,2003,22.302,11487.220410693,79.3499984741211,18.4,,18786767.0,,False,,False,,False,0.0,True,3.0,False,-0.10823909531502428,False,False,False,False,False
SAU,Saudi Arabia,2004,21.274,13154.4978989446,82.8600006103516,17.3,9.3,19669480.0,,False,0.0,False,,False,0.0,False,0.0,False,-0.13823163138231626,False,False,False,False,False
SAU,Saudi Arabia,2005,21.062,15975.7473782258,82.8600006103516,16.3,9.3,20559890.0,,True,1.0,False,,False,0.0,True,1.0,False,-0.16495901639344257,False,False,False,False,False
SAU,Saudi Arabia,2006,21.35,17563.6145370639,82.8600006103516,15.4,9.3,21459144.0,,True,2.0,False,,False,0.0,True,2.0,False,-0.16304347826086948,False,False,False,False,False
SAU,Saudi Arabia,2007,21.73,18596.1502627898,82.8600006103516,14.5,9.3,22368313.0,,True,3.0,False,,False,0.0,True,3.0,False,-0.16474654377880182,False,False,False,False,False
SAU,Saudi Arabia,2008,21.314,22320.4888964331,82.8600006103516,13.7,9.3,23287877.0,,True,4.0,False,,False,0.0,True,4.0,False,-0.16361416361416378,False,False,False,False,False
SAU,Saudi Arabia,2009,20.802,17718.3911648365,82.8600006103516,12.9,9.3,24217654.0,,True,5.0,False,,False,0.0,True,5.0,False,-0.16450777202072545,False,False,False,False,False
SAU,Saudi Arabia,2010,20.127,22028.3901426586,82.8600006103516,12.1,9.3,23978487.0,,True,6.0,False,,False,0.0,True,6.0,False,-0.1689560439560441,False,False,False,False,False
SAU,Saudi Arabia,2011,20.324,27126.7498747702,82.8600006103516,11.4,9.3,25091867.0,,True,7.0,False,,False,0.0,True,7.0,False,-0.16909620991253635,False,False,False,False,False
SAU,Saudi Arabia,2012,20.387,28733.4375513452,82.8600006103516,10.8,9.3,26168861.0,,True,8.0,False,,False,0.0,True,8.0,False,-0.16408668730650136,False,False,False,False,False
SAU,Saudi Arabia,2013,19.712,27865.465604962,94.4300003051758,10.1,9.3,27624004.0,97.5515166629486,True,9.0,False,0.0,False,0.0,False,0.0,False,-0.17077175697865365,False,False,False,False,False
SAU,Saudi Arabia,2014,19.822,27805.4850319422,94.4300003051758,9.6,9.3,28309273.0,97.5565788684819,True,10.0,False,0.0,False,0.0,True,1.0,False,-0.16230366492146595,False,False,False,False,False
SAU,Saudi Arabia,2015,19.405,23256.1549553531,94.4300003051758,9.0,13.7,29816382.0,97.5616457387732,False,0.0,False,0.0,False,0.0,True,2.0,False,-0.1666666666666667,False,False,False,False,False
SAU,Saudi Arabia,2016,19.553,22267.7217050387,94.4300003051758,8.5,17.1,30954198.0,97.5667358551859,False,0.0,False,0.0,False,0.0,True,3.0,False,-0.16502946954813358,False,False,False,False,False
SAU,Saudi Arabia,2017,19.824,23929.2907135982,95.3300018310547,8.0,17.2,30977355.0,97.5718278390654,False,0.0,False,0.0,False,0.0,False,0.0,False,-0.16666666666666663,False,False,False,False,False
SAU,Saudi Arabia,2018,19.739,29360.0658968566,95.3300018310547,7.6,11.6,30196281.0,97.5769396449473,False,0.0,False,0.0,False,0.0,True,1.0,False,-0.15929203539823023,False,False,False,False,False
SAU,Saudi Arabia,2019,18.075,29566.7933827436,95.3300018310547,7.2,13.2,30063799.0,97.5820275772784,False,0.0,False,0.0,False,0.0,True,2.0,False,-0.15690866510538648,False,False,False,False,False
SAU,Saudi Arabia,2020,16.628,24338.8307301067,97.5899963378906,6.9,10.8,31552510.0,97.5871417429561,False,0.0,False,0.0,False,0.0,False,0.0,False,-0.1439205955334986,False,False,False,False,False
SAU,Saudi Arabia,2021,15.902,31920.7653655643,97.5899963378906,6.7,10.8,30784383.0,97.5922328659359,True,1.0,False,0.0,False,0.0,True,1.0,False,-0.12303664921465973,False,False,False,False,False
SAU,Saudi Arabia,2022,15.217,38510.2276211037,97.5899963378906,6.4,10.8,32175224.0,97.5973210358859,True,2.0,False,0.0,False,0.0,True,2.0,False,-0.12087912087912075,False,False,False,False,False
SAU,Saudi Arabia,2023,16.415,36156.8562500172,97.5899963378906,6.2,10.8,33702731.0,97.6024090977173,True,3.0,False,0.0,False,0.0,True,3.0,True,-0.10919540229885043,False,False,False,False,False
SDN,Sudan,2000,40.836,362.116882324219,61.3499984741211,102.0,,27816745.0,17.3575354903131,False,,False,0.0,False,0.0,False,0.0,False,0.0,False,False,False,False,False
SDN,Sudan,2001,40.65,451.293304443359,61.3499984741211,98.6,,28516770.0,17.374607093096,False,,False,0.0,False,0.0,True,1.0,False,0.0,False,False,False,False,False
SDN,Sudan,2002,40.439,506.262634277344,61.3499984741211,95.2,,29228727.0,17.3916786977486,False,,False,0.0,False,0.0,True,2.0,False,0.0,False,False,False,False,False
SDN,Sudan,2003,40.206,580.320251464844,61.3499984741211,91.9,,29896035.0,17.4087500196024,False,,False,0.0,False,0.0,True,3.0,False,-0.06795131845841787,False,False,False,False,False
SDN,Sudan,2004,39.967,705.113342285156,61.3499984741211,101.1,,30556637.0,17.4258224608883,False,,False,0.0,False,0.0,True,4.0,False,0.043074542171782276,False,False,False,False,False
SDN,Sudan,2005,39.612,905.543640136719,61.3499984741211,98.8,,31262444.0,19.1365769047278,False,,False,0.0,False,0.0,True,5.0,False,0.010638297872340344,False,False,False,False,False
SDN,Sudan,2006,39.187,1132.474609375,61.3499984741211,83.0,38.3,31992435.0,20.8471551509776,False,0.0,False,0.0,False,0.0,True,6.0,False,-0.14538714991762772,True,False,False,False,False
SDN,Sudan,2007,38.871,1444.37219238281,61.3499984741211,80.4,38.3,32764135.0,22.8360801058185,True,1.0,False,0.0,False,0.0,True,7.0,False,-0.14468085106382972,False,False,False,False,False
SDN,Sudan,2008,38.392,1527.58239746094,53.5200004577637,77.9,38.3,33623980.0,24.8798414748603,True,2.0,False,0.0,False,0.0,False,0.0,False,-0.14433216168717034,False,False,False,False,False
SDN,Sudan,2009,38.084,1178.22180175781,53.5200004577637,75.5,38.3,34569113.0,26.985005939161,True,3.0,False,0.0,False,0.0,True,1.0,False,-0.1443789664551225,False,False,False,False,False
SDN,Sudan,2010,37.987,1305.63598632813,53.5200004577637,73.4,34.1,35414399.0,29.1517069072564,False,0.0,False,0.0,False,0.0,True,2.0,False,-0.11693936477382096,False,False,False,False,False
SDN,Sudan,2011,37.317,1332.6572265625,53.5200004577637,71.3,34.1,36140806.0,31.3797006029968,True,1.0,False,0.0,False,0.0,True,3.0,False,-0.08636596617119437,False,False,False,False,False
SDN,Sudan,2012,36.59,1019.22210693359,53.5200004577637,69.3,34.1,36923178.0,33.6683780592082,True,2.0,False,0.0,False,0.0,True,4.0,False,-0.08454425363276115,False,False,False,False,False
SDN,Sudan,2013,36.015,1138.62780761719,53.5200004577637,67.3,34.1,37785849.0,36.0176959149453,True,3.0,False,0.0,False,0.0,True,5.0,False,-0.08410451823625467,False,False,False,False,False
SDN,Sudan,2014,35.491,1275.43835449219,53.5200004577637,65.4,38.2,38823318.0,38.4269401247106,False,0.0,False,0.0,False,0.0,True,6.0,False,-0.08352017937219722,False,False,False,False,False
SDN,Sudan,2015,35.683,1292.37963867188,53.5200004577637,63.5,38.2,40024431.0,40.8962454458167,True,1.0,False,0.0,False,0.0,True,7.0,False,-0.08422267089702917,False,False,False,False,False
SDN,Sudan,2016,35.412,1033.21594238281,53.5200004577637,61.6,38.2,41259892.0,43.424779800547,True,2.0,False,0.0,False,0.0,True,8.0,False,-0.08551068883610448,False,False,False,False,False
SDN,Sudan,2017,35.023,966.505676269531,53.5200004577637,59.7,38.2,42714306.0,46.0119565679027,True,3.0,False,0.0,False,0.0,True,9.0,False,-0.08743503515744398,False,False,False,False,False
SDN,Sudan,2018,35.074,731.027465820313,53.5200004577637,57.8,38.2,44230596.0,48.6574194730533,True,4.0,False,0.0,False,0.0,True,10.0,False,-0.0897637795275591,False,False,False,False,False
SDN,Sudan,2019,34.909,709.975280761719,53.5200004577637,56.1,38.2,45548175.0,51.3601722607621,True,5.0,False,0.0,False,0.0,True,11.0,False,-0.08928571428571429,False,False,False,False,False
SDN,Sudan,2020,34.48,577.795227050781,53.5200004577637,54.3,38.2,46789231.0,54.1197261681039,True,6.0,False,0.0,False,0.0,True,12.0,False,-0.09106126548376295,False,False,False,False,False
SDN,Sudan,2021,33.913,712.122009277344,53.5200004577637,52.7,38.2,48066924.0,56.9352476681987,True,7.0,False,0.0,False,0.0,True,13.0,False,-0.0898100172711571,False,False,False,False,False
SDN,Sudan,2022,33.535,1046.24084472656,53.5200004577637,51.0,38.2,49383346.0,59.8058415120202,True,8.0,False,0.0,False,0.0,True,14.0,False,-0.09123307198859594,False,False,False,False,False
SDN,Sudan,2023,33.612,797.283447265625,53.5200004577637,63.1,38.2,50042791.0,62.7305457858252,True,9.0,False,0.0,False,0.0,True,15.0,True,0.1603530709819788,True,False,False,False,False
SEN,Senegal,2000,39.3,603.233162455158,,128.9,26.0,9968260.0,36.6397850159843,False,0.0,False,0.0,False,0.0,False,,False,0.0,False,False,False,False,False
SEN,Senegal,2001,38.858,637.213530563724,,121.7,26.0,10212942.0,37.6230679917559,True,1.0,False,0.0,False,0.0,False,,False,0.0,False,False,False,False,False
SEN,Senegal,2002,38.624,669.430447319209,39.2799987792969,113.2,26.0,10466214.0,38.6343782520626,True,2.0,False,0.0,False,0.0,False,0.0,False,0.0,False,False,False,False,False
SEN,Senegal,2003,38.675,817.888034221442,39.2799987792969,104.2,26.0,10721176.0,39.7038070707232,True,3.0,False,0.0,False,0.0,True,1.0,False,-0.14073666849917535,False,False,False,False,False
SEN,Senegal,2004,38.381,918.102079522155,39.2799987792969,95.5,26.0,10975704.0,40.8160197921212,True,4.0,False,0.0,False,0.0,True,2.0,False,-0.18376068376068377,False,False,False,False,False
SEN,Senegal,2005,37.984,979.846101520171,39.2799987792969,87.6,19.9,11235472.0,41.9259089969181,False,0.0,False,0.0,False,0.0,True,3.0,False,-0.2227151730257321,False,False,False,False,False
SEN,Senegal,2006,37.583,1017.20196747987,41.8899993896484,80.8,19.9,11500094.0,43.0340621400577,True,1.0,False,0.0,False,0.0,False,0.0,False,-0.22635005744925327,False,False,False,False,False
SEN,Senegal,2007,37.272,1188.93877808175,41.8899993896484,75.0,19.9,11770344.0,44.1399592498468,True,2.0,False,0.0,False,0.0,True,1.0,False,-0.22086017037190933,False,False,False,False,False
SEN,Senegal,2008,37.344,1398.79218010021,41.8899993896484,70.1,19.9,12048959.0,45.2434542159987,True,3.0,False,0.0,False,0.0,True,2.0,False,-0.20898217106747924,False,False,False,False,False
SEN,Senegal,2009,37.29,1308.69404336205,48.0400009155273,66.1,19.9,12337389.0,46.3440817777614,True,4.0,False,0.0,False,0.0,False,0.0,False,-0.19193154034229834,False,False,False,False,False
SEN,Senegal,2010,37.254,1275.88357492357,48.0400009155273,62.8,19.9,12635413.0,47.4423428976999,True,5.0,False,0.0,False,0.0,True,1.0,False,-0.1728134878819811,False,False,False,False,False
SEN,Senegal,2011,37.391,1374.67591873844,51.810001373291,60.0,26.7,12958897.0,48.5377592186689,False,0.0,False,0.0,False,0.0,False,0.0,False,-0.15445321307779022,False,False,False,False,False
SEN,Senegal,2012,37.536,1326.83798848379,51.810001373291,57.6,15.5,13310495.0,49.6298898995035,False,0.0,False,0.0,False,0.0,True,1.0,False,-0.13772455089820354,False,False,False,False,False
SEN,Senegal,2013,36.748,1379.83196553924,43.5299987792969,55.5,16.5,13710849.0,50.7188973203129,False,0.0,False,0.0,False,0.0,False,0.0,False,-0.12349968414403042,False,False,False,False,False
SEN,Senegal,2014,35.48,1398.89137601382,43.5299987792969,53.7,14.2,14152102.0,51.8046299171747,False,0.0,False,0.0,False,0.0,True,1.0,False,-0.11092715231788072,False,False,False,False,False
SEN,Senegal,2015,34.505,1218.00613555438,43.5900001525879,52.2,17.5,14593331.0,52.8890432398602,False,0.0,False,0.0,False,0.0,False,0.0,False,-0.09875690607734805,False,False,False,False,False
SEN,Senegal,2016,33.828,1266.43957151587,46.0999984741211,50.8,17.1,15034521.0,53.9714940731355,False,0.0,False,0.0,False,0.0,False,0.0,False,-0.08960573476702509,False,False,False,False,False
SEN,Senegal,2017,32.801,1354.77007193387,51.9000015258789,49.4,16.5,15475002.0,55.0521038030032,False,0.0,False,0.0,False,0.0,False,0.0,False,-0.08450704225352117,False,False,False,False,False
SEN,Senegal,2018,31.596,1452.55612562445,46.6100006103516,47.9,18.8,15914498.0,56.1299701818744,False,0.0,False,0.0,False,0.0,False,0.0,False,-0.08448012232415918,False,False,False,False,False
SEN,Senegal,2019,30.405,1431.18128932159,46.8300018310547,46.2,17.9,16352922.0,57.204943845452,False,0.0,False,0.0,False,0.0,False,0.0,False,-0.0905511811023621,False,False,False,False,False
SEN,Senegal,2020,29.931,1461.08720350553,46.8300018310547,44.2,17.9,16789219.0,58.276399086684,True,1.0,False,0.0,False,0.0,True,1.0,False,-0.10344827586206885,False,False,False,False,False
SEN,Senegal,2021,29.71,1598.10676952274,46.8300018310547,42.2,17.9,17220867.0,59.3441523766207,True,2.0,False,0.0,False,0.0,True,2.0,False,-0.11530398322851153,False,False,False,False,False
SEN,Senegal,2022,29.46,1574.0281059306,46.8300018310547,40.1,17.9,17651103.0,60.407587055533,True,3.0,False,0.0,False,0.0,True,3.0,False,-0.12788168769030017,False,False,False,False,False
SEN,Senegal,2023,29.423,1698.03387300843,50.3600006103516,38.2,17.5,18077573.0,61.4661335345473,False,0.0,False,0.0,False,0.0,False,0.0,True,-0.13417951042611062,False,False,False,False,False
SGP,Singapore,2000,13.7,23852.8389514753,92.5500030517578,3.9,4.5,4027887.0,100.0,False,0.0,False,0.0,False,0.0,False,0.0,False,0.0,False,True,False,False,False
SGP,Singapore,2001,11.8,21699.7414868907,92.5500030517578,3.6,4.5,4138012.0,100.0,True,1.0,False,0.0,False,0.0,True,1.0,False,0.0,True,True,False,False,False
SGP,Singapore,2002,11.4,22159.8373710639,92.5500030517578,3.4,4.5,4175950.0,100.0,True,2.0,False,0.0,False,0.0,True,2.0,False,0.0,False,True,False,False,False
SGP,Singapore,2003,10.5,23730.3840054566,92.5500030517578,3.2,4.5,4114826.0,100.0,True,3.0,False,0.0,False,0.0,True,3.0,False,-0.1192660550458715,False,True,False,False,False
SGP,Singapore,2004,10.3,27608.080013423,92.5500030517578,3.1,4.5,4166664.0,100.0,True,4.0,False,0.0,False,0.0,True,4.0,False,-0.12056737588652477,False,True,False,False,False
SGP,Singapore,2005,10.2,29961.3172812732,92.5500030517578,3.0,4.5,4265762.0,100.0,True,5.0,False,0.0,False,0.0,True,5.0,False,-0.12790697674418602,False,True,False,False,False
SGP,Singapore,2006,10.3,33768.4528234651,92.5500030517578,2.9,4.5,4401365.0,100.0,True,6.0,False,0.0,False,0.0,True,6.0,False,-0.11042944785276082,False,True,False,False,False
SGP,Singapore,2007,10.3,39432.8860198877,92.5500030517578,2.9,4.5,4588599.0,100.0,True,7.0,False,0.0,False,0.0,True,7.0,False,-0.07051282051282057,False,True,False,False,False
SGP,Singapore,2008,10.2,40008.5720489092,92.5500030517578,2.8,4.5,4839396.0,100.0,True,8.0,False,0.0,False,0.0,True,8.0,False,-0.07284768211920536,False,True,False,False,False
SGP,Singapore,2009,9.9,38926.8054365453,92.5500030517578,2.8,4.5,4987573.0,100.0,True,9.0,False,0.0,False,0.0,True,9.0,False,-0.047619047619047665,False,True,False,False,False
SGP,Singapore,2010,9.3,47236.683084953,95.8600006103516,2.8,4.5,5076732.0,100.0,True,10.0,False,0.0,False,0.0,False,0.0,False,-0.027777777777777804,False,True,False,False,False
SGP,Singapore,2011,9.5,53891.4570264372,96.1900024414062,2.8,4.5,5183688.0,100.0,True,11.0,False,0.0,False,0.0,False,0.0,False,-0.014084507042253534,False,True,False,False,False
SGP,Singapore,2012,10.1,55547.5553077786,96.370002746582,2.8,4.5,5312437.0,100.0,True,12.0,False,0.0,False,0.0,False,0.0,False,-0.0070921985815602905,False,True,False,False,False
SGP,Singapore,2013,9.3,56967.4257940383,96.5500030517578,2.8,4.5,5399162.0,100.0,True,13.0,False,0.0,False,0.0,False,0.0,False,0.0,False,True,False,False,False
SGP,Singapore,2014,9.8,57564.8023114977,96.7200012207031,2.7,4.5,5469724.0,100.0,True,14.0,False,0.0,False,0.0,False,0.0,False,-0.03571428571428559,False,True,False,False,False
SGP,Singapore,2015,9.7,55645.6068614606,96.8300018310547,2.7,4.5,5535002.0,100.0,True,15.0,False,0.0,False,0.0,False,0.0,False,-0.028776978417266053,False,True,False,False,False
SGP,Singapore,2016,9.4,57204.0340105222,97.0500030517578,2.6,4.5,5607283.0,100.0,True,16.0,False,0.0,False,0.0,False,0.0,False,-0.05797101449275352,False,True,False,False,False
SGP,Singapore,2017,8.9,61436.1325502558,97.1999969482422,2.6,4.5,5612253.0,100.0,True,17.0,False,0.0,False,0.0,False,0.0,False,-0.04411764705882341,False,True,False,False,False
SGP,Singapore,2018,8.8,67032.8225769734,97.3399963378906,2.5,4.5,5638676.0,100.0,True,18.0,False,0.0,False,0.0,False,0.0,False,-0.06716417910447782,False,True,False,False,False
SGP,Singapore,2019,8.8,66068.7003106378,97.4800033569336,2.5,4.5,5703569.0,100.0,True,19.0,False,0.0,False,0.0,False,0.0,False,-0.045801526717557293,False,True,False,False,False
SGP,Singapore,2020,8.5,61772.5036492256,97.129997253418,2.4,4.5,5685807.0,100.0,True,20.0,False,0.0,False,0.0,False,0.0,False,-0.06976744186046534,False,True,False,False,False
SGP,Singapore,2021,8.6,80884.8565369236,97.6500015258789,2.4,4.5,5453566.0,100.0,True,21.0,False,0.0,False,0.0,False,0.0,False,-0.04761904761904766,False,True,False,False,False
SGP,Singapore,2022,7.9,91227.6970426492,97.6500015258789,2.5,4.5,5637022.0,100.0,True,22.0,False,0.0,False,0.0,True,1.0,False,0.008064516129032265,False,True,False,False,False
SGP,Singapore,2023,7.4,86382.5900499252,97.6500015258789,2.6,4.5,5917648.0,100.0,True,23.0,False,0.0,False,0.0,True,2.0,True,0.05691056910569111,False,True,False,False,False
SLB,Solomon Islands,2000,35.445,953.17190137706,,30.5,,440469.0,21.8188257252679,False,,False,0.0,False,0.0,False,,False,0.0,False,False,False,False,True
SLB,Solomon Islands,2001,35.116,911.791935385411,,30.2,,449125.0,22.0200324772691,False,,False,0.0,False,0.0,False,,False,0.0,False,False,False,False,True
SLB,Solomon Islands,2002,34.841,756.890296490792,,29.8,,457671.0,22.2253869365298,False,,False,0.0,False,0.0,False,,False,0.0,False,False,False,False,True
SLB,Solomon Islands,2003,34.612,895.984242546501,,29.6,,466154.0,22.4348909969671,False,,False,0.0,False,0.0,False,,False,-0.018784530386740324,False,False,False,False,True
SLB,Solomon Islands,2004,34.288,986.070953503889,,29.3,,474611.0,22.6485431199764,False,,False,0.0,False,0.0,False,,False,-0.024146544546211422,False,False,False,False,True
SLB,Solomon Islands,2005,34.027,1144.49233397681,,29.1,,483080.0,23.2806567827526,False,,False,0.0,False,0.0,False,,False,-0.026104417670682768,False,False,False,False,True
SLB,Solomon Islands,2006,33.993,1255.62447417684,,28.8,,491594.0,23.9183247473617,False,,False,0.0,False,0.0,False,,False,-0.02702702702702705,False,False,False,False,True
SLB,Solomon Islands,2007,33.944,1390.14870956707,,28.4,32.8,500156.0,24.5615868836554,False,0.0,False,0.0,False,0.0,False,,False,-0.03137789904502052,False,False,False,False,True
SLB,Solomon Islands,2008,33.847,1525.84666261203,,28.0,32.8,508790.0,25.2110099133869,True,1.0,False,0.0,False,0.0,False,,False,-0.03581267217630851,False,False,False,False,True
SLB,Solomon Islands,2009,33.678,1554.70671006386,,27.6,32.8,518141.0,25.8655809274752,True,2.0,False,0.0,False,0.0,False,,False,-0.03899721448467982,False,False,False,False,True
SLB,Solomon Islands,2010,33.203,1685.14535823757,,27.2,32.8,532968.0,26.5258667445609,True,3.0,False,0.0,False,0.0,False,,False,-0.041578576462297505,False,False,False,False,True
SLB,Solomon Islands,2011,32.962,1924.05795643133,,26.7,32.8,552945.0,27.1881944910187,True,4.0,False,0.0,False,0.0,False,,False,-0.04642857142857145,False,False,False,False,True
SLB,Solomon Islands,2012,32.734,2066.25738638356,,26.2,32.8,573606.0,27.8531008197691,True,5.0,False,0.0,False,0.0,False,,False,-0.05003625815808541,False,False,False,False,True
SLB,Solomon Islands,2013,32.486,2161.38627543917,,25.8,32.8,594945.0,28.5200623498988,True,6.0,False,0.0,False,0.0,False,,False,-0.04937361827560783,False,False,False,False,True
SLB,Solomon Islands,2014,32.554,2164.95289873002,,25.4,32.8,616908.0,29.1885477185461,True,7.0,False,0.0,False,0.0,False,,False,-0.048689138576779055,False,False,False,False,True
SLB,Solomon Islands,2015,31.895,2045.47721526649,,25.0,31.7,639415.0,29.8590956039926,False,0.0,False,0.0,False,0.0,False,,False,-0.04798172124904804,False,False,False,False,True
SLB,Solomon Islands,2016,31.137,2082.62383124213,,24.6,31.7,662379.0,30.5306345641,True,1.0,False,0.0,False,0.0,False,,False,-0.047250193648334576,False,False,False,False,True
SLB,Solomon Islands,2017,30.083,2143.57670489272,,24.1,31.7,685672.0,31.2036978531695,True,2.0,False,0.0,False,0.0,False,,False,-0.05118110236220461,False,False,False,False,True
SLB,Solomon Islands,2018,29.147,2278.19908624102,,23.6,31.7,709101.0,31.8782846169849,True,3.0,False,0.0,False,0.0,False,,False,-0.05524419535628499,False,False,False,False,True
SLB,Solomon Islands,2019,28.413,2223.65890942466,,23.1,31.7,728147.0,32.5533129184691,True,4.0,False,0.0,False,0.0,False,,False,-0.0586797066014669,False,False,False,False,True
SLB,Solomon Islands,2020,27.966,2063.32780991967,,22.5,31.7,744498.0,33.2293129783629,True,5.0,False,0.0,False,0.0,False,,False,-0.0656146179401994,False,False,False,False,True
SLB,Solomon Islands,2021,27.699,2043.44413170658,,21.9,31.7,762591.0,33.9057348441726,True,6.0,False,0.0,False,0.0,False,,False,-0.07124681933842253,False,False,False,False,True
SLB,Solomon Islands,2022,27.283,1877.78104490956,,21.3,31.7,781066.0,34.1549727598984,True,7.0,False,0.0,False,0.0,False,,False,-0.07552083333333327,False,False,False,False,True
SLB,Solomon Islands,2023,26.935,1882.64394148042,,20.6,31.7,800005.0,34.4025678319385,True,8.0,False,0.0,False,0.0,False,,True,-0.08362989323843398,False,False,False,False,True
SLE,Sierra Leone,2000,45.045,143.743743239644,,222.8,35.5,4423611.0,7.69468734199492,False,0.0,False,0.0,False,0.0,False,,False,0.0,False,False,False,False,False
SLE,Sierra Leone,2001,44.013,358.315716051546,,217.3,35.5,4692716.0,7.92617092793216,True,1.0,False,0.0,False,0.0,False,,False,0.0,False,False,False,False,False
SLE,Sierra Leone,2002,44.281,388.995111216836,,211.6,35.5,4971435.0,8.15825825383365,True,2.0,False,0.0,False,0.0,False,,False,0.0,False,False,False,False,False
SLE,Sierra Leone,2003,43.473,413.817607346927,,205.7,35.5,5177687.0,8.39095201927437,True,3.0,False,0.0,False,0.0,False,,False,-0.05309191345711229,False,False,False,False,False
SLE,Sierra Leone,2004,42.465,417.749983329227,34.8300018310547,199.6,35.5,5355717.0,8.94954704248469,True,4.0,False,0.0,False,0.0,False,0.0,False,-0.06881268952647539,False,False,False,False,False
SLE,Sierra Leone,2005,41.97,462.633324427945,34.8300018310547,193.2,45.0,5501712.0,9.53865069026283,False,0.0,False,0.0,False,0.0,True,1.0,False,-0.08609271523178816,False,False,False,False,False
SLE,Sierra Leone,2006,41.807,580.26796974773,34.8300018310547,186.5,45.0,5624466.0,10.156650697941,True,1.0,False,0.0,False,0.0,True,2.0,False,-0.09236908701576804,False,False,False,False,False
SLE,Sierra Leone,2007,41.058,631.889926264998,34.8300018310547,179.6,45.0,5749352.0,10.7956031143398,True,2.0,False,0.0,False,0.0,True,3.0,False,-0.09893638370459562,False,False,False,False,False
SLE,Sierra Leone,2008,40.589,705.359014080005,34.8300018310547,172.4,45.0,5894722.0,11.4555098785818,True,3.0,False,0.0,False,0.0,True,4.0,False,-0.10636533278042704,False,False,False,False,False
SLE,Sierra Leone,2009,39.853,652.845806767943,34.8300018310547,165.2,45.0,6055646.0,12.1362206469185,True,4.0,False,0.0,False,0.0,True,5.0,False,-0.11306775475142276,False,False,False,False,False
SLE,Sierra Leone,2010,39.115,685.039673490948,34.8300018310547,157.9,32.7,6222714.0,12.837725625722,False,0.0,False,0.0,False,0.0,True,6.0,False,-0.11974579105808891,False,False,False,False,False
SLE,Sierra Leone,2011,38.518,761.146365577281,34.8300018310547,150.8,32.7,6387251.0,13.5601796070667,True,1.0,False,0.0,False,0.0,True,7.0,False,-0.12488393686165264,False,False,False,False,False
SLE,Sierra Leone,2012,37.775,937.504428180231,34.8300018310547,144.1,32.7,6551080.0,14.3035861709667,True,2.0,False,0.0,False,0.0,True,8.0,False,-0.12761835573313968,False,False,False,False,False
SLE,Sierra Leone,2013,36.6,1117.47183075115,34.8300018310547,137.9,32.7,6714051.0,15.0676033654272,True,3.0,False,0.0,False,0.0,True,9.0,False,-0.12765688259109315,False,False,False,False,False
SLE,Sierra Leone,2014,35.62,1117.7586465721,44.3698913332904,135.9,29.1,6876385.0,15.8525627081666,False,0.0,False,0.0,False,0.0,False,0.0,False,-0.10107157031353355,False,False,False,False,False
SLE,Sierra Leone,2015,34.658,964.575980888989,49.4000015258789,136.8,29.1,7037655.0,16.6582857856538,True,1.0,False,0.0,False,0.0,False,0.0,False,-0.05862923203963654,False,False,False,False,False
SLE,Sierra Leone,2016,34.194,844.416411175476,49.4000015258789,121.8,29.1,7205328.0,17.4849469878374,True,2.0,False,0.0,False,0.0,True,1.0,False,-0.13678242381289865,True,False,False,False,False
SLE,Sierra Leone,2017,33.808,779.186007841728,44.8300018310547,117.0,31.0,7379299.0,18.3338579581936,False,0.0,False,0.0,False,0.0,False,0.0,False,-0.13525498891352558,False,False,False,False,False
SLE,Sierra Leone,2018,33.34,845.914540460932,48.8143667728528,112.4,31.0,7554563.0,19.205484723374,True,1.0,False,0.0,False,0.0,False,0.0,False,-0.13458577148136752,False,False,False,False,False
SLE,Sierra Leone,2019,32.808,843.71251730417,43.5800018310547,108.3,29.5,7731991.0,20.0997388519849,False,0.0,False,0.0,False,0.0,False,0.0,False,-0.13207244750761343,False,False,False,False,False
SLE,Sierra Leone,2020,32.196,845.277558236182,43.5800018310547,104.4,29.5,7912558.0,21.0167123808123,True,1.0,False,0.0,False,0.0,True,1.0,False,-0.12460171054838157,False,False,False,False,False
SLE,Sierra Leone,2021,31.644,885.396401613729,43.5800018310547,100.6,26.3,8094602.0,21.9564987659226,False,0.0,False,0.0,False,0.0,True,2.0,False,-0.10799787196311408,False,False,False,False,False
SLE,Sierra Leone,2022,31.071,860.371067874555,43.5800018310547,97.1,26.3,8276807.0,22.9191878036943,True,1.0,False,0.0,False,0.0,True,3.0,False,-0.10539893126957814,False,False,False,False,False
SLE,Sierra Leone,2023,30.601,758.329137301888,43.5800018310547,93.8,26.3,8460512.0,23.9048711595784,True,2.0,False,0.0,False,0.0,True,4.0,True,-0.10290742157612846,False,False,False,False,False
SLV,El Salvador,2000,27.132,1982.87093542615,,32.2,,5943366.0,80.6037786224969,False,,False,0.0,False,0.0,False,,False,0.0,False,False,False,False,False
SLV,El Salvador,2001,25.826,2058.04459070452,,30.3,,5968060.0,80.6919918345083,False,,False,0.0,False,0.0,False,,False,0.0,False,False,False,False,False
SLV,El Salvador,2002,24.406,2115.41187355626,,28.6,,5986631.0,80.7798862617498,False,,False,0.0,False,0.0,False,,False,0.0,False,False,False,False,False
SLV,El Salvador,2003,23.144,2207.83089518069,,26.9,24.6,5998599.0,81.1318629459244,False,0.0,False,0.0,False,0.0,False,,False,-0.11416026344676196,False,False,False,False,False
SLV,El Salvador,2004,22.065,2285.68907438892,,25.4,24.6,6004671.0,81.4794904202867,True,1.0,False,0.0,False,0.0,False,,False,-0.13898305084745768,False,False,False,False,False
SLV,El Salvador,2005,21.373,2447.39140845394,,24.0,24.6,6005578.0,81.8222708575253,True,2.0,False,0.0,False,0.0,False,,False,-0.1631799163179916,False,False,False,False,False
SLV,El Salvador,2006,20.972,2665.61807194853,83.5599975585938,22.7,24.6,6002319.0,82.160813551355,True,3.0,False,0.0,False,0.0,False,0.0,False,-0.16050295857988164,False,False,False,False,False
SLV,El Salvador,2007,20.566,2830.65693770733,82.0299987792969,21.5,24.6,6009824.0,82.5029332594397,True,4.0,False,0.0,False,0.0,False,0.0,False,-0.15752351097178682,False,False,False,False,False
SLV,El Salvador,2008,20.045,2983.24829577976,83.9499969482422,20.4,20.8,6029297.0,82.8897095830639,False,0.0,False,0.0,False,0.0,False,0.0,False,-0.15352697095435697,False,False,False,False,False
SLV,El Salvador,2009,19.835,2910.18651752011,84.0999984741211,19.4,20.8,6048279.0,83.2704470759254,True,1.0,False,0.0,False,0.0,False,0.0,False,-0.14912280701754393,False,False,False,False,False
SLV,El Salvador,2010,19.69,3040.07300952878,84.4899978637695,18.4,20.8,6068249.0,83.6456953805782,True,2.0,False,0.0,False,0.0,False,0.0,False,-0.14814814814814828,False,False,False,False,False
SLV,El Salvador,2011,19.618,3330.60049486653,85.4899978637695,17.6,20.8,6090127.0,84.015819833389,True,3.0,False,0.0,False,0.0,False,0.0,False,-0.1406249999999998,False,False,False,False,False
SLV,El Salvador,2012,19.39,3497.91256915509,85.4624559924635,16.7,20.8,6113975.0,84.3807461910215,True,4.0,False,0.0,False,0.0,False,0.0,False,-0.1418293936279547,False,False,False,False,False
SLV,El Salvador,2013,19.185,3582.26694005169,86.7699966430664,16.0,20.8,6138839.0,84.7403911391232,True,5.0,False,0.0,False,0.0,False,0.0,False,-0.13513513513513498,False,False,False,False,False
SLV,El Salvador,2014,19.014,3666.01248913873,87.4125334516516,15.3,13.6,6162955.0,85.0952739178549,False,0.0,False,0.0,False,0.0,False,0.0,False,-0.1316685584562995,False,False,False,False,False
SLV,El Salvador,2015,18.579,3790.34089108162,87.9700012207031,14.6,13.6,6183676.0,85.445452477435,True,1.0,False,0.0,False,0.0,False,0.0,False,-0.13095238095238101,False,False,False,False,False
SLV,El Salvador,2016,17.73,3901.34014965811,88.1399993896484,13.9,13.6,6200800.0,85.789208776824,True,2.0,False,0.0,False,0.0,False,0.0,False,-0.13341645885286776,False,False,False,False,False
SLV,El Salvador,2017,17.122,4020.12671373919,88.4800033569336,13.3,13.6,6213533.0,86.1264645689972,True,3.0,False,0.0,False,0.0,False,0.0,False,-0.13071895424836602,False,False,False,False,False
SLV,El Salvador,2018,16.683,4183.54620971358,89.0100021362305,12.7,13.6,6219807.0,86.456582332616,True,4.0,False,0.0,False,0.0,False,0.0,False,-0.13132694938440492,False,False,False,False,False
SLV,El Salvador,2019,16.57,4320.11671534627,89.1399993896484,12.2,13.6,6222318.0,86.7364561760088,True,5.0,False,0.0,False,0.0,False,0.0,False,-0.12607449856733524,False,False,False,False,False
SLV,El Salvador,2020,16.303,3997.19279583709,89.9800033569336,11.7,13.6,6234673.0,87.0096574927862,True,6.0,False,0.0,False,0.0,False,0.0,False,-0.12293853073463273,False,False,False,False,False
SLV,El Salvador,2021,16.15,4642.60743101342,89.0586486323527,11.2,10.0,6255782.0,87.2765374387919,False,0.0,False,0.0,False,0.0,False,0.0,False,-0.12225705329153609,False,False,False,False,False
SLV,El Salvador,2022,15.92,5074.60050994225,89.3537151570456,10.8,10.0,6280319.0,87.5371472547157,True,1.0,False,0.0,False,0.0,False,0.0,False,-0.1162029459901799,False,False,False,False,False
SLV,El Salvador,2023,15.758,5319.7195268688,89.8499984741211,10.4,10.0,6309624.0,87.7919676704677,True,2.0,False,0.0,False,0.0,False,0.0,True,-0.11262798634812289,False,False,False,False,False
SMR,San Marino,2000,12.004,37600.7049136309,,5.2,,26799.0,100.0,False,,False,0.0,False,0.0,False,,False,0.0,False,True,False,False,True
SMR,San Marino,2001,12.82,39035.1004348216,,4.8,,27143.0,100.0,False,,False,0.0,False,0.0,False,,False,0.0,False,True,False,False,True
SMR,San Marino,2002,11.935,41790.8434204136,,4.5,,27491.0,100.0,False,,False,0.0,False,0.0,False,,False,0.0,False,True,False,False,True
SMR,San Marino,2003,10.661,52529.9136967576,,4.1,,27843.0,100.0,False,,False,0.0,False,0.0,False,,False,-0.1517241379310345,False,True,False,False,True
SMR,San Marino,2004,10.4,58232.0431338765,,3.8,,29457.0,100.0,False,,False,0.0,False,0.0,False,,False,-0.18279569892473127,False,True,False,False,True
SMR,San Marino,2005,9.5,59877.7862692185,,3.6,,29836.0,100.0,False,,False,0.0,False,0.0,False,,False,-0.1964285714285713,False,True,False,False,True
SMR,San Marino,2006,10.0,63270.7994496499,,3.3,,30184.0,100.0,False,,False,0.0,False,0.0,False,,False,-0.2067307692307693,False,True,False,False,True
SMR,San Marino,2007,9.4,70124.4249984768,,3.1,,31211.0,100.0,False,,False,0.0,False,0.0,False,,False,-0.1968911917098446,False,True,False,False,True
SMR,San Marino,2008,11.0,75902.1677701187,,2.9,,31662.0,100.0,False,,False,0.0,False,0.0,False,,False,-0.18994413407821223,False,True,False,False,True
SMR,San Marino,2009,10.7,62429.0202738462,,2.7,,33066.0,100.0,False,,False,0.0,False,0.0,False,,False,-0.19161676646706577,False,True,False,False,True
SMR,San Marino,2010,10.3,56543.190562068,,2.6,,33270.0,100.0,False,,False,0.0,False,0.0,False,,False,-0.16666666666666666,False,True,False,False,True
SMR,San Marino,2011,10.0,55601.4008139955,,2.4,,32620.0,100.0,False,,False,0.0,False,0.0,False,,False,-0.17808219178082194,False,True,False,False,True
SMR,San Marino,2012,8.7,47945.8917557105,,2.3,,33469.0,100.0,False,,False,0.0,False,0.0,False,,False,-0.16058394160583955,False,True,False,False,True
SMR,San Marino,2013,9.7,50807.8206340193,,2.1,,33041.0,100.0,False,,False,0.0,False,0.0,False,,False,-0.18604651162790697,False,True,False,False,True
SMR,San Marino,2014,9.1,51260.4804236805,,2.0,,32655.0,100.0,False,,False,0.0,False,0.0,False,,False,-0.17355371900826458,False,True,False,False,True
SMR,San Marino,2015,8.2,43146.8035302005,,1.9,,32897.0,100.0,False,,False,0.0,False,0.0,False,,False,-0.16666666666666663,False,True,False,False,True
SMR,San Marino,2016,7.9,44359.4574206971,,1.8,,33101.0,100.0,False,,False,0.0,False,0.0,False,,False,-0.15887850467289705,False,True,False,False,True
SMR,San Marino,2017,6.7,45192.0530047599,,1.7,,33825.0,100.0,False,,False,0.0,False,0.0,False,,False,-0.15841584158415845,False,True,False,False,True
SMR,San Marino,2018,6.8,47950.7076296808,,1.6,,34522.0,100.0,False,,False,0.0,False,0.0,False,,False,-0.15789473684210517,False,True,False,False,True
SMR,San Marino,2019,6.7,46626.9998571568,,1.5,,34663.0,100.0,False,,False,0.0,False,0.0,False,,False,-0.16666666666666669,False,True,False,False,True
SMR,San Marino,2020,6.4,44426.6259613672,,1.5,,34770.0,100.0,False,,False,0.0,False,0.0,False,,False,-0.11764705882352938,False,True,False,False,True
SMR,San Marino,2021,6.2,54168.9744311193,,1.4,,34252.0,100.0,False,,False,0.0,False,0.0,False,,False,-0.13580246913580246,False,True,False,False,True
SMR,San Marino,2022,6.1,54264.5837022908,99.9100036621094,1.4,,33755.0,100.0,False,,False,0.0,False,0.0,False,0.0,False,-0.09090909090909086,False,True,False,False,True
SMR,San Marino,2023,5.6,59871.3288101478,99.9100036621094,1.3,,33860.0,100.0,False,,False,0.0,False,0.0,True,1.0,True,-0.12162162162162159,False,True,False,False,True
SOM,"Somalia, Fed. Rep.",2000,50.443,386.119274401275,,173.2,,8838713.0,20.1837885796287,False,,False,0.0,False,0.0,False,,False,0.0,False,False,False,False,False
SOM,"Somalia, Fed. Rep.",2001,50.374,244.914842538455,,173.2,,9198493.0,20.9631310018359,False,,False,0.0,False,0.0,False,,False,0.0,False,False,False,False,False
SOM,"Somalia, Fed. Rep.",2002,50.373,229.598918310039,,173.2,,9550063.0,21.7385524325851,False,,False,0.0,False,0.0,False,,False,0.0,False,False,False,False,False
SOM,"Somalia, Fed. Rep.",2003,50.123,286.273025198975,,173.2,,9909157.0,22.6666436152902,False,,False,0.0,False,0.0,False,,False,0.0,False,False,False,False,False
SOM,"Somalia, Fed. Rep.",2004,49.904,375.410326225387,,173.2,,10280998.0,23.5876311312832,False,,False,0.0,False,0.0,False,,False,0.0,False,False,False,False,False
SOM,"Somalia, Fed. Rep.",2005,49.615,439.979907805478,,173.2,,10644228.0,24.6385730237392,False,,False,0.0,False,0.0,False,,False,0.0,False,False,False,False,False
SOM,"Somalia, Fed. Rep.",2006,49.391,457.996662206659,,172.6,42.0,10975502.0,25.6985522654712,False,0.0,False,0.0,False,0.0,False,,False,-0.0034642032332563182,False,False,False,False,False
SOM,"Somalia, Fed. Rep.",2007,48.908,479.635628065289,,170.5,42.0,11322582.0,25.4724809628705,True,1.0,False,0.0,False,0.0,False,,False,-0.014906401663970328,False,False,False,False,False
SOM,"Somalia, Fed. Rep.",2008,48.763,507.03744334738,,166.7,42.0,11663084.0,26.8675518309153,True,2.0,False,0.0,False,0.0,False,,False,-0.03384722383215504,False,False,False,False,False
SOM,"Somalia, Fed. Rep.",2009,48.426,246.513251675105,,162.4,25.3,11961201.0,28.2620333243978,False,0.0,False,0.0,False,0.0,False,,False,-0.05162345246437734,False,False,False,False,False
SOM,"Somalia, Fed. Rep.",2010,48.062,219.202453852397,,186.7,25.3,12261756.0,29.6552314134568,True,1.0,False,0.0,False,0.0,False,,False,0.10421102436716333,False,False,False,False,False
SOM,"Somalia, Fed. Rep.",2011,48.58,235.325945610434,,363.1,25.3,12348830.0,31.0429095384234,True,2.0,False,0.0,False,0.0,False,,False,1.1137501455349867,True,False,False,False,False
SOM,"Somalia, Fed. Rep.",2012,48.159,350.261946720512,,185.4,25.3,12461160.0,32.0476374113968,True,3.0,False,0.0,False,0.0,False,,False,-0.11663807890222992,True,False,False,False,False
SOM,"Somalia, Fed. Rep.",2013,47.744,393.398703952979,,143.2,25.3,12869594.0,33.058251557305,True,4.0,False,0.0,False,0.0,False,,False,-0.3272573522503054,False,False,False,False,False
SOM,"Somalia, Fed. Rep.",2014,47.457,429.431656725102,,138.6,25.3,13339491.0,34.0748734228162,True,5.0,False,0.0,False,0.0,False,,False,-0.3341660261337433,False,False,False,False,False
SOM,"Somalia, Fed. Rep.",2015,47.171,445.583080073396,,134.3,25.3,13806963.0,35.0972405875154,True,6.0,False,0.0,False,0.0,False,,False,-0.339724680432645,False,False,False,False,False
SOM,"Somalia, Fed. Rep.",2016,46.561,460.928490585175,,130.2,25.3,14348740.0,36.1250378584049,True,7.0,False,0.0,False,0.0,False,,False,-0.3251088534107403,False,False,False,False,False
SOM,"Somalia, Fed. Rep.",2017,46.155,510.939952317726,,156.4,25.3,14916629.0,37.1573619625344,True,8.0,False,0.0,False,0.0,False,,False,0.06874402077354108,False,False,False,False,False
SOM,"Somalia, Fed. Rep.",2018,45.67,509.497273804534,,136.4,25.3,15452487.0,38.1938671112932,True,9.0,False,0.0,False,0.0,False,,False,-0.029457805606944745,False,False,False,False,False
SOM,"Somalia, Fed. Rep.",2019,45.139,539.954816211694,63.6579378279423,118.4,25.3,16030971.0,39.2334053088705,True,10.0,False,0.0,False,0.0,False,0.0,False,-0.1493030607845955,False,False,False,False,False
SOM,"Somalia, Fed. Rep.",2020,44.544,518.16113333875,63.6579378279423,114.7,25.3,16651191.0,40.2756265135548,True,11.0,False,0.0,False,0.0,True,1.0,False,-0.1512505549800206,False,False,False,False,False
SOM,"Somalia, Fed. Rep.",2021,44.094,549.056994756254,63.6579378279423,111.0,25.3,17271431.0,41.3196817201459,True,12.0,False,0.0,False,0.0,True,2.0,False,-0.15409236396890716,False,False,False,False,False
SOM,"Somalia, Fed. Rep.",2022,43.789,573.141165798229,54.1199989318848,143.1,25.3,17801897.0,42.3649691614571,True,13.0,False,0.0,False,0.0,False,0.0,False,0.12341026848798844,False,False,False,False,False
SOM,"Somalia, Fed. Rep.",2023,42.964,596.885985135589,54.1199989318848,104.3,25.3,18358615.0,43.4108945004739,True,14.0,False,0.0,False,0.0,True,1.0,True,-0.16372674791533026,False,False,False,False,False
SRB,Serbia,2000,9.8,974.725469278615,,12.7,,7516346.0,95.5039510992611,False,,False,0.0,False,0.0,False,,False,0.0,False,False,False,False,False
SRB,Serbia,2001,10.5,1812.42088281393,,12.1,,7503433.0,95.5024770214585,False,,False,0.0,False,0.0,False,,False,0.0,False,False,False,False,False
SRB,Serbia,2002,10.4,2390.73459447107,,11.4,,7500031.0,95.5013470819749,False,,False,0.0,False,0.0,False,,False,0.0,False,False,False,False,False
SRB,Serbia,2003,10.6,3153.9011312754,96.4000015258789,10.6,,7480591.0,95.5005404334771,False,,False,0.0,False,0.0,False,0.0,False,-0.121546961325967,False,False,False,False,False
SRB,Serbia,2004,10.5,3597.08798057009,96.4000015258789,9.7,,7463157.0,95.5001274109086,False,,False,0.0,False,0.0,True,1.0,False,-0.17094017094017094,False,False,False,False,False
SRB,Serbia,2005,9.7,3807.97417321786,96.4000015258789,9.0,8.1,7440769.0,95.6679289682349,False,0.0,False,0.0,False,0.0,True,2.0,False,-0.2035398230088496,False,False,False,False,False
SRB,Serbia,2006,9.58,4492.7136699046,96.4000015258789,8.5,8.1,7411569.0,95.836103340787,True,1.0,False,0.0,False,0.0,True,3.0,False,-0.19507575757575749,False,False,False,False,False
SRB,Serbia,2007,9.22,6081.08765700202,96.4000015258789,8.1,8.1,7381579.0,96.0046710847047,True,2.0,False,0.0,False,0.0,True,4.0,False,-0.17682926829268295,False,False,False,False,False
SRB,Serbia,2008,9.4,7376.73517910716,96.4000015258789,7.9,8.1,7350222.0,96.1735822880127,True,3.0,False,0.0,False,0.0,True,5.0,False,-0.13943355119825684,False,False,False,False,False
SRB,Serbia,2009,9.6,6414.0448463847,96.4000015258789,7.8,8.1,7320807.0,96.3428666633317,True,4.0,False,0.0,False,0.0,True,6.0,False,-0.09722222222222231,False,False,False,False,False
SRB,Serbia,2010,9.4,5970.92660940072,96.4000015258789,7.6,6.6,7291436.0,96.5124901506423,False,0.0,False,0.0,False,0.0,True,7.0,False,-0.07990314769975788,False,False,False,False,False
SRB,Serbia,2011,9.1,7082.2861666075,97.9599990844727,7.4,6.6,7236519.0,96.6825231290354,True,1.0,False,0.0,False,0.0,False,0.0,False,-0.07268170426065153,False,False,False,False,False
SRB,Serbia,2012,9.3,6263.04086072815,97.9599990844727,7.1,6.6,7201497.0,96.8502790858125,True,2.0,False,0.0,False,0.0,True,1.0,False,-0.0850515463917526,False,False,False,False,False
SRB,Serbia,2013,9.2,7040.41812068781,97.9599990844727,6.8,6.6,7166553.0,97.0173317364733,True,3.0,False,0.0,False,0.0,True,2.0,False,-0.10052910052910051,False,False,False,False,False
SRB,Serbia,2014,9.3,6886.67809068704,97.9599990844727,6.6,6.0,7131787.0,97.1845998620671,False,0.0,False,0.0,False,0.0,True,3.0,False,-0.10081743869209824,False,False,False,False,False
SRB,Serbia,2015,9.3,5820.3215576888,97.9599990844727,6.3,6.0,7095383.0,97.3520264197285,True,1.0,False,0.0,False,0.0,True,4.0,False,-0.11267605633802814,False,False,False,False,False
SRB,Serbia,2016,9.2,5982.37030126471,98.8399963378906,6.1,6.0,7058322.0,97.519678308202,True,2.0,False,0.0,False,0.0,False,0.0,False,-0.10818713450292389,False,False,False,False,False
SRB,Serbia,2017,9.2,6548.03653824187,98.8399963378906,5.9,6.0,7020858.0,97.6881908970258,True,3.0,False,0.0,False,0.0,True,1.0,False,-0.10334346504559266,False,False,False,False,False
SRB,Serbia,2018,9.2,7559.86165747394,98.8399963378906,5.8,6.0,6982604.0,97.8576090639596,True,4.0,False,0.0,False,0.0,True,2.0,False,-0.08517350157728708,False,False,False,False,False
SRB,Serbia,2019,9.3,7755.632986437,99.4800033569336,5.6,5.4,6945235.0,97.9156406613819,False,0.0,False,0.0,False,0.0,False,0.0,False,-0.08794788273615622,False,False,False,False,False
SRB,Serbia,2020,8.9,8098.70955668849,99.4800033569336,5.5,5.4,6899126.0,97.9188486059038,True,1.0,False,0.0,False,0.0,True,1.0,False,-0.074074074074074,False,False,False,False,False
SRB,Serbia,2021,9.1,9680.52798074468,99.4800033569336,5.4,5.4,6834326.0,97.9231088276216,True,2.0,False,0.0,False,0.0,True,2.0,False,-0.06574394463667804,False,False,False,False,False
SRB,Serbia,2022,9.3,10024.8191112596,99.3399963378906,5.4,5.4,6664449.0,97.9283883905418,True,3.0,False,0.0,False,0.0,False,0.0,False,-0.042553191489361736,False,False,False,False,False
SRB,Serbia,2023,9.2,12281.707946167,99.3399963378906,5.4,5.4,6623183.0,97.9347704722446,True,4.0,False,0.0,False,0.0,True,1.0,True,-0.025270758122743625,False,False,False,False,False
SSD,South Sudan,2000,49.816,,,180.1,,6032267.0,,False,,False,,False,,False,,False,0.0,False,False,False,False,True
SSD,South Sudan,2001,48.921,,,171.1,,6308391.0,,False,,False,,False,,False,,False,0.0,False,False,False,False,True
SSD,South Sudan,2002,48.029,,,162.2,,6596806.0,,False,,False,,False,,False,,False,0.0,False,False,False,False,True
SSD,South Sudan,2003,46.77,,,153.7,,6903127.0,,False,,False,,False,,False,,False,-0.10186988702765877,False,False,False,False,True
SSD,South Sudan,2004,45.513,,,145.8,,7233041.0,,False,,False,,False,,False,,False,-0.12576825063708572,False,False,False,False,True
SSD,South Sudan,2005,44.3,,,138.4,,7590143.0,,False,,False,,False,,False,,False,-0.1487267806618279,False,False,False,False,True
SSD,South Sudan,2006,43.183,,,131.5,36.2,7976526.0,,False,0.0,False,,False,,False,,False,-0.14743257261410778,False,False,False,False,True
SSD,South Sudan,2007,42.307,,,124.9,36.2,8388788.0,,True,1.0,False,,False,,False,,False,-0.1463914707490431,False,False,False,False,True
SSD,South Sudan,2008,41.624,1654.21153546555,26.8299999237061,118.7,36.2,8817647.0,,True,2.0,False,,False,0.0,False,0.0,False,-0.1451821978971625,False,False,False,False,True
SSD,South Sudan,2009,41.025,1323.22068747862,26.8299999237061,112.7,36.2,9243556.0,,True,3.0,False,,False,0.0,True,1.0,False,-0.14530562718034268,False,False,False,False,True
SSD,South Sudan,2010,39.878,1498.27034985194,26.8299999237061,107.2,31.3,9745953.0,,False,0.0,False,,False,0.0,True,2.0,False,-0.14404343660172472,False,False,False,False,True
SSD,South Sudan,2011,39.791,1448.98435006408,26.8299999237061,102.3,31.3,10288109.0,6.98593579388276,True,1.0,False,0.0,False,0.0,True,3.0,False,-0.14033613445378154,False,False,False,False,True
SSD,South Sudan,2012,39.141,1109.26050083408,26.8299999237061,98.9,31.3,10756240.0,7.58007556158214,True,2.0,False,0.0,False,0.0,True,4.0,False,-0.12601626016260165,False,False,False,False,True
SSD,South Sudan,2013,38.295,1650.18943353528,26.8299999237061,97.2,31.3,11166275.0,8.20089254501599,True,3.0,False,0.0,False,0.0,True,5.0,False,-0.09966654316413479,False,False,False,False,True
SSD,South Sudan,2014,38.191,1242.73450181032,26.8299999237061,182.6,31.3,11235073.0,8.84915620851998,True,4.0,False,0.0,False,0.0,True,6.0,False,0.761528072544858,False,False,False,False,True
SSD,South Sudan,2015,35.407,1080.14718624765,26.8299999237061,240.8,31.3,11107561.0,9.52607939004663,True,5.0,False,0.0,False,0.0,True,7.0,False,1.046922815368922,False,False,False,False,True
SSD,South Sudan,2016,35.052,1080.14718624765,26.8299999237061,272.9,31.3,10830102.0,10.2323689883362,True,6.0,False,0.0,True,1.0,True,8.0,False,0.8904128567470214,False,False,False,False,True
SSD,South Sudan,2017,32.802,1080.14718624765,26.8299999237061,292.0,31.3,10259154.0,10.968942628146,True,7.0,False,0.0,True,2.0,True,9.0,False,0.6360376512774539,False,False,False,False,True
SSD,South Sudan,2018,29.068,1080.14718624765,26.8299999237061,133.7,31.3,10122977.0,11.737005779493,True,8.0,False,0.0,True,3.0,True,10.0,False,-0.38415476738830034,True,False,False,False,True
SSD,South Sudan,2019,29.421,1080.14718624765,26.8299999237061,96.7,31.3,10423384.0,12.5375975656084,True,9.0,False,0.0,True,4.0,True,11.0,False,-0.5690730837789661,False,False,False,False,True
SSD,South Sudan,2020,29.441,1080.14718624765,26.8299999237061,96.7,31.3,10698467.0,13.0864589618101,True,10.0,False,0.0,True,5.0,True,12.0,False,-0.5333462021040439,False,False,False,False,True
SSD,South Sudan,2021,29.693,1080.14718624765,26.8299999237061,96.7,31.3,10865780.0,13.6458281034803,True,11.0,False,0.0,True,6.0,True,13.0,False,-0.4579596412556054,False,False,False,False,True
SSD,South Sudan,2022,29.066,1080.14718624765,26.8299999237061,96.7,31.3,11021177.0,14.2167630894524,True,12.0,False,0.0,True,7.0,True,14.0,False,-0.3245319921765856,False,False,False,False,True
SSD,South Sudan,2023,28.59,1080.14718624765,26.8299999237061,96.7,31.3,11483374.0,14.3201319980044,True,13.0,False,0.0,True,8.0,True,15.0,True,-0.07108549471661856,False,False,False,False,True
STP,Sao Tome and Principe,2000,39.748,529.089383412262,,82.2,,144018.0,20.7903937086521,False,,False,0.0,False,0.0,False,,False,0.0,False,False,False,False,False
STP,Sao Tome and Principe,2001,39.965,518.88050130005,84.9100036621094,76.7,,146375.0,21.9474707249804,False,,False,0.0,False,0.0,False,0.0,False,0.0,False,False,False,False,False
STP,Sao Tome and Principe,2002,39.841,568.10257252271,84.9100036621094,71.1,,149922.0,23.1391737283234,False,,False,0.0,False,0.0,True,1.0,False,0.0,False,False,False,False,False
STP,Sao Tome and Principe,2003,39.551,663.696211810494,84.9100036621094,65.7,,153814.0,24.3386290849609,False,,False,0.0,False,0.0,True,2.0,False,-0.14304347826086958,False,False,False,False,False
STP,Sao Tome and Principe,2004,39.206,726.560882130444,84.9100036621094,60.5,,157705.0,25.5404255353565,False,,False,0.0,False,0.0,True,3.0,False,-0.18160297598917818,False,False,False,False,False
STP,Sao Tome and Principe,2005,38.979,844.169181884274,84.9100036621094,55.7,,161639.0,26.8577839135173,False,,False,0.0,False,0.0,True,4.0,False,-0.21813587871982024,False,False,False,False,False
STP,Sao Tome and Principe,2006,38.851,861.970707697664,84.9100036621094,51.1,,165638.0,28.1835957707981,False,,False,0.0,False,0.0,True,5.0,False,-0.2250530785562634,False,False,False,False,False
STP,Sao Tome and Principe,2007,38.915,878.885791918745,84.9100036621094,46.9,,169700.0,29.5170578703442,False,,False,0.0,False,0.0,True,6.0,False,-0.22887208155212113,False,False,False,False,False
STP,Sao Tome and Principe,2008,38.468,1081.8684584729,84.9100036621094,43.1,,173793.0,30.857384929578,False,,False,0.0,False,0.0,True,7.0,False,-0.23008217220435864,False,False,False,False,False
STP,Sao Tome and Principe,2009,37.892,1128.28046213305,84.9100036621094,39.5,,177853.0,32.2032374350904,False,,False,0.0,False,0.0,True,8.0,False,-0.232413525068014,False,False,False,False,False
STP,Sao Tome and Principe,2010,37.323,1045.20958234528,84.9100036621094,36.2,,181802.0,33.5544418305556,False,,False,0.0,False,0.0,True,9.0,False,-0.2340245450698265,False,False,False,False,False
STP,Sao Tome and Principe,2011,36.847,1219.80189089671,84.9100036621094,33.2,,185649.0,34.9099928554753,False,,False,0.0,False,0.0,True,10.0,False,-0.23431734317343167,False,False,False,False,False
STP,Sao Tome and Principe,2012,36.364,1210.7926479817,90.1399993896484,30.4,,189439.0,36.2694678517073,False,,False,0.0,False,0.0,False,0.0,False,-0.23579688285570644,False,False,False,False,False
STP,Sao Tome and Principe,2013,35.361,1382.5757842916,90.1399993896484,27.9,,193148.0,37.6279828671376,False,,False,0.0,False,0.0,True,1.0,False,-0.23519736842105277,False,False,False,False,False
STP,Sao Tome and Principe,2014,34.27,1489.67633417608,90.1399993896484,25.5,17.2,196767.0,38.9858756147002,False,0.0,False,0.0,False,0.0,True,2.0,False,-0.23744019138755992,False,False,False,False,False
STP,Sao Tome and Principe,2015,33.025,1298.10946596396,90.1399993896484,23.3,17.2,200291.0,40.3427054934035,True,1.0,False,0.0,False,0.0,True,3.0,False,-0.23955613577023507,False,False,False,False,False
STP,Sao Tome and Principe,2016,31.691,1434.87018050521,90.1399993896484,21.3,17.2,203689.0,41.6983508891345,True,2.0,False,0.0,False,0.0,True,4.0,False,-0.2409123307198858,False,False,False,False,False
STP,Sao Tome and Principe,2017,30.564,1555.79477812888,90.1399993896484,19.6,17.2,206970.0,43.0527347494608,True,3.0,False,0.0,False,0.0,True,5.0,False,-0.23676012461059184,False,False,False,False,False
STP,Sao Tome and Principe,2018,29.804,1825.59971753966,90.1399993896484,18.2,17.2,210187.0,44.4058041526004,True,4.0,False,0.0,False,0.0,True,6.0,False,-0.22619047619047622,False,False,False,False,False
STP,Sao Tome and Principe,2019,29.229,1935.2931816596,87.4400024414062,17.1,11.7,213392.0,45.7575570286583,False,0.0,False,0.0,False,0.0,False,0.0,False,-0.20759962928637615,False,False,False,False,False
STP,Sao Tome and Principe,2020,28.643,2167.22001796925,87.4400024414062,16.1,11.7,217435.0,47.1080132831109,True,1.0,False,0.0,False,0.0,True,1.0,False,-0.19095477386934676,False,False,False,False,False
STP,Sao Tome and Principe,2021,28.518,2362.58827248102,87.4400024414062,15.3,11.7,221961.0,48.4573502739393,True,2.0,False,0.0,False,0.0,True,2.0,False,-0.17118093174431204,False,False,False,False,False
STP,Sao Tome and Principe,2022,28.277,2389.73729784737,87.4400024414062,14.7,11.7,226305.0,48.5350542796998,True,3.0,False,0.0,False,0.0,True,3.0,False,-0.14831981460023186,False,False,False,False,False
STP,Sao Tome and Principe,2023,28.185,2990.6606143535,87.4400024414062,14.1,11.7,230871.0,48.6086612768342,True,4.0,False,0.0,False,0.0,True,4.0,True,-0.133906633906634,False,False,False,False,False
SUR,Suriname,2000,25.518,1988.22172925433,,31.0,14.1,476643.0,78.0261256777533,False,0.0,False,0.0,False,0.0,False,,False,0.0,False,False,False,False,False
SUR,Suriname,2001,25.357,1714.64846637242,,30.0,14.1,486560.0,78.3498083783454,True,1.0,False,0.0,False,0.0,False,,False,0.0,False,False,False,False,False
SUR,Suriname,2002,24.254,2202.340682196,,29.0,14.1,496551.0,78.6724770234777,True,2.0,False,0.0,False,0.0,False,,False,0.0,False,False,False,False,False
SUR,Suriname,2003,23.021,2516.10404020956,,28.1,14.1,506414.0,78.9935674670335,True,3.0,False,0.0,False,0.0,False,,False,-0.06333333333333328,False,False,False,False,False
SUR,Suriname,2004,22.053,2887.7721728844,89.5999984741211,27.2,14.1,513923.0,79.3133628506981,True,4.0,False,0.0,False,0.0,False,0.0,False,-0.07874682472480947,False,False,False,False,False
SUR,Suriname,2005,21.701,3453.42865937765,89.5999984741211,26.5,14.1,519313.0,79.9454355206116,True,5.0,False,0.0,False,0.0,True,1.0,False,-0.08809359944941507,False,False,False,False,False
SUR,Suriname,2006,21.673,5002.65798695759,89.5999984741211,25.7,10.6,524997.0,80.5786141828713,False,0.0,False,0.0,False,0.0,True,2.0,False,-0.0873579545454547,False,False,False,False,False
SUR,Suriname,2007,21.569,5530.17615638309,89.5999984741211,25.1,10.6,531016.0,81.2158259074575,True,1.0,False,0.0,False,0.0,True,3.0,False,-0.08058608058608056,False,False,False,False,False
SUR,Suriname,2008,21.338,6576.08546307249,94.620002746582,24.4,10.6,537245.0,81.8573477450076,True,2.0,False,0.0,False,0.0,False,0.0,False,-0.07993966817496233,False,False,False,False,False
SUR,Suriname,2009,21.053,7129.5768626291,94.620002746582,23.8,10.6,543568.0,82.5034153738866,True,3.0,False,0.0,False,0.0,True,1.0,False,-0.07680372381691235,False,False,False,False,False
SUR,Suriname,2010,20.718,7943.60482816915,94.6800003051758,23.2,8.8,549923.0,83.1536012115357,False,0.0,False,0.0,False,0.0,False,0.0,False,-0.07569721115537857,False,False,False,False,False
SUR,Suriname,2011,20.423,7949.88867218383,94.6800003051758,22.7,8.8,556269.0,83.8081495753945,True,1.0,False,0.0,False,0.0,True,1.0,False,-0.07119476268412446,False,False,False,False,False
SUR,Suriname,2012,20.332,8851.24050668908,92.870002746582,22.2,8.8,562633.0,84.4670825315891,True,2.0,False,0.0,False,0.0,False,0.0,False,-0.06879194630872486,False,False,False,False,False
SUR,Suriname,2013,20.123,9043.19281529222,92.870002746582,21.6,8.8,569020.0,85.1304175026747,True,3.0,False,0.0,False,0.0,True,1.0,False,-0.07136715391229564,False,False,False,False,False
SUR,Suriname,2014,19.859,9108.18905406764,92.870002746582,21.1,8.8,575373.0,85.8011033502861,True,4.0,False,0.0,False,0.0,True,2.0,False,-0.07048458149779727,False,False,False,False,False
SUR,Suriname,2015,19.479,8813.61705392067,92.870002746582,20.6,8.8,581627.0,86.4788537727956,True,5.0,False,0.0,False,0.0,True,3.0,False,-0.07039711191335749,False,False,False,False,False
SUR,Suriname,2016,18.942,5644.2061057532,92.870002746582,20.1,8.8,587757.0,87.1630073725614,True,6.0,False,0.0,False,0.0,True,4.0,False,-0.07116451016635855,False,False,False,False,False
SUR,Suriname,2017,18.448,6049.52128553675,92.870002746582,19.5,8.8,593713.0,87.8530834622316,True,7.0,False,0.0,False,0.0,True,5.0,False,-0.07670454545454534,False,False,False,False,False
SUR,Suriname,2018,18.092,6665.74180472239,92.870002746582,18.9,8.3,599513.0,88.5487221622628,False,0.0,False,0.0,False,0.0,True,6.0,False,-0.08163265306122464,False,False,False,False,False
SUR,Suriname,2019,17.869,6629.66775248603,92.870002746582,18.4,8.3,605768.0,89.2491417475009,True,1.0,False,0.0,False,0.0,True,7.0,False,-0.0818363273453094,False,False,False,False,False
SUR,Suriname,2020,17.692,4755.39221710693,92.870002746582,17.9,8.3,612317.0,89.9542117560027,True,2.0,False,0.0,False,0.0,True,8.0,False,-0.08205128205128212,False,False,False,False,False
SUR,Suriname,2021,17.577,5029.84838543953,92.870002746582,17.4,8.3,617896.0,89.9622405684379,True,3.0,False,0.0,False,0.0,True,9.0,False,-0.08227848101265835,False,False,False,False,False
SUR,Suriname,2022,17.47,6084.43876736445,92.870002746582,16.8,8.3,623164.0,89.9723387364091,True,4.0,False,0.0,False,0.0,True,10.0,False,-0.08794788273615622,False,False,False,False,False
SUR,Suriname,2023,17.298,5521.97602122638,92.870002746582,16.3,8.3,628886.0,89.9842718946213,True,5.0,False,0.0,False,0.0,True,11.0,True,-0.0883668903803131,False,False,False,False,False
SVK,Slovak Republic,2000,10.2,3827.72506501314,,9.6,,5388720.0,99.8249510243293,False,,False,0.0,False,0.0,False,,False,0.0,False,True,False,False,True
SVK,Slovak Republic,2001,9.5,3974.36802854653,,9.3,,5378867.0,99.8323941977163,False,,False,0.0,False,0.0,False,,False,0.0,False,True,False,False,True
SVK,Slovak Republic,2002,9.5,4606.38793538107,,9.1,,5376912.0,99.8348565220667,False,,False,0.0,False,0.0,False,,False,0.0,False,True,False,False,True
SVK,Slovak Republic,2003,9.6,6283.15169311309,,8.8,,5373374.0,99.6609124436808,False,,False,0.0,False,0.0,False,,False,-0.05714285714285713,False,True,False,False,True
SVK,Slovak Republic,2004,10.0,7996.74076556872,,8.6,,5372280.0,99.4697212161582,False,,False,0.0,False,0.0,False,,False,-0.0652173913043478,False,True,False,False,True
SVK,Slovak Republic,2005,10.1,9087.20357002472,,8.3,,5372807.0,99.2778705224537,False,,False,0.0,False,0.0,False,,False,-0.08590308370044046,False,True,False,False,True
SVK,Slovak Republic,2006,10.0,10629.1782325838,,8.0,,5373054.0,99.085354726035,False,,False,0.0,False,0.0,False,,False,-0.09297052154195014,False,True,False,False,True
SVK,Slovak Republic,2007,10.1,14330.2064943926,,7.7,,5374622.0,98.8921747745398,False,,False,0.0,False,0.0,False,,False,-0.1004672897196262,False,True,False,False,True
SVK,Slovak Republic,2008,10.7,17973.8436435514,,7.4,,5379233.0,98.6983446411072,False,,False,0.0,False,0.0,False,,False,-0.10628019323671486,False,True,False,False,True
SVK,Slovak Republic,2009,11.4,16586.7527805228,,7.1,,5386406.0,98.5038356202912,False,,False,0.0,False,0.0,False,,False,-0.11250000000000004,False,True,False,False,True
SVK,Slovak Republic,2010,11.2,16899.448680529,,6.9,,5391428.0,98.3065426945289,False,,False,0.0,False,0.0,False,,False,-0.10389610389610388,False,True,False,False,True
SVK,Slovak Republic,2011,11.3,18469.4354316836,,6.7,,5398384.0,98.1082605200532,False,,False,0.0,False,0.0,False,,False,-0.09703504043126682,False,True,False,False,True
SVK,Slovak Republic,2012,10.3,17516.9691054078,,6.6,,5407579.0,97.9115016184272,False,,False,0.0,False,0.0,False,,False,-0.07821229050279326,False,True,False,False,True
SVK,Slovak Republic,2013,10.1,18312.7805149823,,6.4,,5413393.0,97.7141281271847,False,,False,0.0,False,0.0,False,,False,-0.07780979827089338,False,True,False,False,True
SVK,Slovak Republic,2014,10.2,18770.9289896545,,6.3,,5418649.0,97.516126759043,False,,False,0.0,False,0.0,False,,False,-0.06528189910979235,False,True,False,False,True
SVK,Slovak Republic,2015,10.3,16442.0760860018,,6.2,,5423801.0,97.5208284449085,False,,False,0.0,False,0.0,False,,False,-0.05775075987841943,False,True,False,False,True
SVK,Slovak Republic,2016,10.6,16636.0769133073,,6.1,,5430798.0,97.526250341086,False,,False,0.0,False,0.0,False,,False,-0.052795031055900735,False,True,False,False,True
SVK,Slovak Republic,2017,10.7,17645.5298716761,,6.0,,5439232.0,97.532398820711,False,,False,0.0,False,0.0,False,,False,-0.05063291139240497,False,True,False,False,True
SVK,Slovak Republic,2018,10.6,19573.3717031314,,5.9,,5446771.0,97.5317758845703,False,,False,0.0,False,0.0,False,,False,-0.04838709677419352,False,True,False,False,True
SVK,Slovak Republic,2019,10.5,19406.0589683582,,5.9,,5454147.0,97.5318474506964,False,,False,0.0,False,0.0,False,,False,-0.03278688524590152,False,True,False,False,True
SVK,Slovak Republic,2020,10.4,19735.4858280801,,5.9,,5458827.0,97.5326284865492,False,,False,0.0,False,0.0,False,,False,-0.019933554817275764,False,True,False,False,True
SVK,Slovak Republic,2021,10.4,22123.3342114545,,6.0,,5447247.0,97.5341310938748,False,,False,0.0,False,0.0,False,,False,0.00671140939597331,False,True,False,False,True
SVK,Slovak Republic,2022,9.7,21317.7943982363,,6.1,,5431752.0,97.5363631509113,False,,False,0.0,False,0.0,False,,False,0.02693602693602681,False,True,False,False,True
SVK,Slovak Republic,2023,9.0,24614.8734642794,,6.2,,5426740.0,97.5393256080188,False,,False,0.0,False,0.0,False,,True,0.040268456375838965,False,True,False,False,True
SVN,Slovenia,2000,9.1,10135.7219109212,,5.4,,1988925.0,99.1116751269035,False,,False,0.0,False,0.0,False,,False,0.0,False,True,False,False,True
SVN,Slovenia,2001,8.8,10375.6255869861,,5.2,,1992060.0,99.1116751269035,False,,False,0.0,False,0.0,False,,False,0.0,False,True,False,False,True
SVN,Slovenia,2002,8.8,11639.1297780477,,4.9,,1994530.0,99.1116751269035,False,,False,0.0,False,0.0,False,,False,0.0,False,True,False,False,True
SVN,Slovenia,2003,8.7,14711.674874253,,4.7,,1995733.0,99.1116751269035,False,,False,0.0,False,0.0,False,,False,-0.09032258064516131,False,True,False,False,True
SVN,Slovenia,2004,9.0,17103.8297783905,,4.4,,1997012.0,99.1116751269035,False,,False,0.0,False,0.0,False,,False,-0.12871287128712877,False,True,False,False,True
SVN,Slovenia,2005,9.1,17969.7095907161,,4.2,,2000474.0,99.1116751269035,False,,False,0.0,False,0.0,False,,False,-0.1463414634146341,False,True,False,False,True
SVN,Slovenia,2006,9.4,19563.005059144,,4.0,,2006868.0,99.1116751269035,False,,False,0.0,False,0.0,False,,False,-0.14529914529914542,False,True,False,False,True
SVN,Slovenia,2007,9.8,23725.1596001515,,3.8,,2018122.0,99.0583073018352,False,,False,0.0,False,0.0,False,,False,-0.1441441441441441,False,True,False,False,True
SVN,Slovenia,2008,10.8,27461.9764165315,,3.6,,2021316.0,99.0049394767669,False,,False,0.0,False,0.0,False,,False,-0.14691943127962095,False,True,False,False,True
SVN,Slovenia,2009,10.7,24501.7897290425,,3.4,,2039669.0,98.9515716516986,False,,False,0.0,False,0.0,False,,False,-0.15000000000000002,False,True,False,False,True
SVN,Slovenia,2010,10.9,23329.8417691156,,3.2,,2048583.0,98.8982038266302,False,,False,0.0,False,0.0,False,,False,-0.15789473684210517,False,True,False,False,True
SVN,Slovenia,2011,10.7,24940.6284841605,,3.1,,2052843.0,98.8448360015619,False,,False,0.0,False,0.0,False,,False,-0.1388888888888889,False,True,False,False,True
SVN,Slovenia,2012,10.7,22442.1417859955,,2.9,,2057159.0,98.7914681764936,False,,False,0.0,False,0.0,False,,False,-0.15204678362573112,False,True,False,False,True
SVN,Slovenia,2013,10.2,23236.9655321695,,2.8,,2059953.0,98.7381003514252,False,,False,0.0,False,0.0,False,,False,-0.13580246913580246,False,True,False,False,True
SVN,Slovenia,2014,10.3,24013.0682060959,,2.7,,2061980.0,98.6847325263569,False,,False,0.0,False,0.0,False,,False,-0.12337662337662333,False,True,False,False,True
SVN,Slovenia,2015,10.0,20697.2748530619,,2.6,,2063531.0,98.6313647012886,False,,False,0.0,False,0.0,False,,False,-0.11564625850340131,False,True,False,False,True
SVN,Slovenia,2016,9.9,21447.8377796036,,2.5,,2065042.0,98.5779968762202,False,,False,0.0,False,0.0,False,,False,-0.11347517730496463,False,True,False,False,True
SVN,Slovenia,2017,9.8,23303.077705959,,2.5,,2066388.0,98.5246290511519,False,,False,0.0,False,0.0,False,,False,-0.07407407407407414,False,True,False,False,True
SVN,Slovenia,2018,9.4,25888.0481065655,,2.4,,2073894.0,98.4712612260836,False,,False,0.0,False,0.0,False,,False,-0.08396946564885503,False,True,False,False,True
SVN,Slovenia,2019,9.3,25814.1687167572,,2.4,,2088385.0,98.4178934010152,False,,False,0.0,False,0.0,False,,False,-0.05511811023622052,False,True,False,False,True
SVN,Slovenia,2020,8.9,25392.0651093612,,2.4,,2102419.0,98.3645255759469,False,,False,0.0,False,0.0,False,,False,-0.03225806451612906,False,True,False,False,True
SVN,Slovenia,2021,9.0,29192.8401933019,,2.3,,2108079.0,98.3111577508786,False,,False,0.0,False,0.0,False,,False,-0.05737704918032792,False,True,False,False,True
SVN,Slovenia,2022,8.3,28360.3041467268,,2.3,,2112076.0,98.3111577508786,False,,False,0.0,False,0.0,False,,False,-0.041666666666666706,False,True,False,False,True
SVN,Slovenia,2023,8.0,32660.4753581346,,2.3,,2120461.0,98.3111577508786,False,,False,0.0,False,0.0,False,,True,-0.025423728813559344,False,True,False,False,True
SWE,Sweden,2000,10.2,29632.5890811623,,4.1,,8872109.0,99.2347634124279,False,,False,0.0,False,0.0,False,,False,0.0,False,True,False,False,True
SWE,Sweden,2001,10.3,27259.3174300217,,4.0,,8895960.0,99.2332384165328,False,,False,0.0,False,0.0,False,,False,0.0,False,True,False,False,True
SWE,Sweden,2002,10.7,29957.7776664916,,4.0,,8924958.0,99.2277089490057,False,,False,0.0,False,0.0,False,,False,0.0,False,True,False,False,True
SWE,Sweden,2003,11.1,37292.2419727801,,3.9,,8958229.0,99.2051754500928,False,,False,0.0,False,0.0,False,,False,-0.033057851239669415,False,True,False,False,True
SWE,Sweden,2004,11.2,42758.0048564929,,3.7,,8993531.0,99.182623862092,False,,False,0.0,False,0.0,False,,False,-0.07499999999999996,False,True,False,False,True
SWE,Sweden,2005,11.2,43378.4077394363,,3.6,,9029572.0,99.1600494494,False,,False,0.0,False,0.0,False,,False,-0.08629441624365479,False,True,False,False,True
SWE,Sweden,2006,11.7,46531.3762240485,,3.5,,9080505.0,99.1374844622195,False,,False,0.0,False,0.0,False,,False,-0.08854166666666663,False,True,False,False,True
SWE,Sweden,2007,11.7,53568.3057787832,,3.3,,9148092.0,99.1149041183548,False,,False,0.0,False,0.0,False,,False,-0.11764705882352941,False,True,False,False,True
SWE,Sweden,2008,11.9,55817.1759726485,,3.2,,9219637.0,99.0922716215488,False,,False,0.0,False,0.0,False,,False,-0.11111111111111108,False,True,False,False,True
SWE,Sweden,2009,12.0,46707.6425044751,,3.1,,9298515.0,99.0695949437167,False,,False,0.0,False,0.0,False,,False,-0.10404624277456644,False,True,False,False,True
SWE,Sweden,2010,12.3,52542.5759090299,,3.1,,9378126.0,99.0468670356081,False,,False,0.0,False,0.0,False,,False,-0.07185628742514963,False,True,False,False,True
SWE,Sweden,2011,11.8,60379.4814599322,,3.0,,9449213.0,99.0240725950998,False,,False,0.0,False,0.0,False,,False,-0.07407407407407401,False,True,False,False,True
SWE,Sweden,2012,11.9,57749.5615420853,,3.0,,9519374.0,99.0011691334878,False,,False,0.0,False,0.0,False,,False,-0.0445859872611464,False,True,False,False,True
SWE,Sweden,2013,11.8,60843.9888799369,,2.9,,9600379.0,98.9781745144205,False,,False,0.0,False,0.0,False,,False,-0.05844155844155849,False,True,False,False,True
SWE,Sweden,2014,11.9,59583.4584491714,,2.9,,9696110.0,98.9550794456992,False,,False,0.0,False,0.0,False,,False,-0.03973509933774838,False,True,False,False,True
SWE,Sweden,2015,11.7,51188.1652120493,,2.9,,9799186.0,98.9319079494218,False,,False,0.0,False,0.0,False,,False,-0.026845637583892495,False,True,False,False,True
SWE,Sweden,2016,11.8,51703.5088332851,,2.8,,9923085.0,98.9086418804905,False,,False,0.0,False,0.0,False,,False,-0.047619047619047665,False,True,False,False,True
SWE,Sweden,2017,11.5,53210.2233318965,,2.8,,10057698.0,98.8852906425608,False,,False,0.0,False,0.0,False,,False,-0.03448275862068969,False,True,False,False,True
SWE,Sweden,2018,11.4,54018.4554391861,,2.7,,10175214.0,98.8618710894005,False,,False,0.0,False,0.0,False,,False,-0.05594405594405584,False,True,False,False,True
SWE,Sweden,2019,11.1,51648.9892820514,,2.6,,10278887.0,98.8383650468889,False,,False,0.0,False,0.0,False,,False,-0.07801418439716304,False,True,False,False,True
SWE,Sweden,2020,10.9,52568.5726980146,,2.6,,10353442.0,98.8147945547194,False,,False,0.0,False,0.0,False,,False,-0.05797101449275352,False,True,False,False,True
SWE,Sweden,2021,11.0,60647.5416365347,,2.5,,10415811.0,98.7911500544417,False,,False,0.0,False,0.0,False,,False,-0.07407407407407414,False,True,False,False,True
SWE,Sweden,2022,10.0,54836.8907235124,,2.5,,10486941.0,98.767447686991,False,,False,0.0,False,0.0,False,,False,-0.053030303030302914,False,True,False,False,True
SWE,Sweden,2023,9.5,54950.2834725622,,2.4,,10536632.0,98.7436812461122,False,,False,0.0,False,0.0,False,,True,-0.06976744186046517,False,True,False,False,True
SWZ,Eswatini,2000,32.59,1629.67038842815,81.6600036621094,112.5,36.5,1041414.0,50.2519164138463,False,0.0,False,0.0,False,0.0,False,0.0,False,0.0,False,False,False,False,False
SWZ,Eswatini,2001,32.44,1429.85630359447,81.6600036621094,115.7,36.5,1051064.0,50.7480641733809,True,1.0,False,0.0,False,0.0,True,1.0,False,0.0,False,False,False,False,False
SWZ,Eswatini,2002,32.247,1315.73634647994,81.6600036621094,117.0,36.5,1059441.0,51.2776269086054,True,2.0,False,0.0,False,0.0,True,2.0,False,0.0,False,False,False,False,False
SWZ,Eswatini,2003,32.333,2015.21743065251,81.6600036621094,117.9,36.5,1066700.0,51.8180236273176,True,3.0,False,0.0,False,0.0,True,3.0,False,0.024623406720741682,False,False,False,False,False
SWZ,Eswatini,2004,32.557,2525.5640452625,81.6600036621094,118.0,36.5,1073159.0,52.3689358798259,True,4.0,False,0.0,False,0.0,True,4.0,False,0.01921831137983152,False,False,False,False,False
SWZ,Eswatini,2005,32.535,2871.06877437449,81.6600036621094,117.0,36.5,1079022.0,52.9308437622057,True,5.0,False,0.0,False,0.0,True,5.0,False,0.006711409395973165,False,False,False,False,False
SWZ,Eswatini,2006,32.232,2964.95865200682,81.6600036621094,106.4,29.2,1084436.0,53.5034552326693,False,0.0,False,0.0,False,0.0,True,6.0,False,-0.09153005464480873,False,False,False,False,False
SWZ,Eswatini,2007,32.163,3109.11097608864,81.6600036621094,100.3,29.2,1090705.0,54.091290182986,True,1.0,False,0.0,False,0.0,True,7.0,False,-0.12979351032448394,False,False,False,False,False
SWZ,Eswatini,2008,32.28,2946.8606613746,81.6600036621094,97.9,40.4,1098091.0,54.7111665894608,False,0.0,False,0.0,False,0.0,True,8.0,False,-0.1252680486061472,False,False,False,False,False
SWZ,Eswatini,2009,31.889,3189.79679956637,81.6600036621094,92.4,40.4,1105153.0,55.3293473329565,True,1.0,False,0.0,False,0.0,True,9.0,False,-0.1438102297998517,False,False,False,False,False
SWZ,Eswatini,2010,30.867,3922.74039390733,81.6600036621094,82.1,30.9,1111650.0,55.9457205621273,False,0.0,False,0.0,False,0.0,True,10.0,False,-0.2013618677042802,False,False,False,False,False
SWZ,Eswatini,2011,30.402,4225.06049411911,81.6600036621094,67.6,30.9,1117833.0,56.5601896645653,True,1.0,False,0.0,False,0.0,True,11.0,False,-0.29451054059695275,True,False,False,False,False
SWZ,Eswatini,2012,29.952,4224.54789174487,81.6600036621094,62.7,30.9,1123863.0,57.1723082291424,True,2.0,False,0.0,False,0.0,True,12.0,False,-0.28798546445605266,False,False,False,False,False
SWZ,Eswatini,2013,29.646,3949.94310039907,81.6600036621094,59.7,30.9,1129990.0,57.7849166217817,True,3.0,False,0.0,False,0.0,True,13.0,False,-0.2587534144524459,False,False,False,False,False
SWZ,Eswatini,2014,29.02,3771.07228381938,81.6600036621094,60.0,25.5,1136299.0,58.3979502299524,False,0.0,False,0.0,False,0.0,True,14.0,False,-0.17695473251028812,False,False,False,False,False
SWZ,Eswatini,2015,28.308,3419.82276559528,81.6600036621094,57.5,25.5,1142813.0,59.0113147479488,True,1.0,False,0.0,False,0.0,True,15.0,False,-0.13429689852454083,False,False,False,False,False
SWZ,Eswatini,2016,27.623,3238.17611961364,81.6600036621094,54.4,25.5,1149507.0,59.6244143156364,True,2.0,False,0.0,False,0.0,True,16.0,False,-0.11544715447154474,False,False,False,False,False
SWZ,Eswatini,2017,26.926,3853.09956569679,81.6600036621094,53.6,25.5,1158195.0,60.236840423133,True,3.0,False,0.0,False,0.0,True,17.0,False,-0.08936459395174988,False,False,False,False,False
SWZ,Eswatini,2018,26.412,3972.65450620357,81.6600036621094,50.4,25.5,1168929.0,60.8480464368627,True,4.0,False,0.0,False,0.0,True,18.0,False,-0.11640953716690054,False,False,False,False,False
SWZ,Eswatini,2019,25.889,3913.14577547336,81.6600036621094,51.5,25.5,1179874.0,61.4575194811054,True,5.0,False,0.0,False,0.0,True,19.0,False,-0.06669083001087338,False,False,False,False,False
SWZ,Eswatini,2020,25.39,3466.56936278145,81.6600036621094,50.5,25.5,1192729.0,62.0647533053702,True,6.0,False,0.0,False,0.0,True,20.0,False,-0.05572176514584886,False,False,False,False,False
SWZ,Eswatini,2021,24.957,3984.00229174306,81.6600036621094,47.9,20.0,1206593.0,62.6692355268683,False,0.0,False,0.0,False,0.0,True,21.0,False,-0.08026113671274962,False,False,False,False,False
SWZ,Eswatini,2022,24.611,3894.1620089869,90.75,47.3,20.0,1218917.0,63.2702587161203,True,1.0,False,0.0,False,0.0,False,0.0,False,-0.06853091768412756,False,False,False,False,False
SWZ,Eswatini,2023,24.073,3755.52111232464,90.75,46.2,20.0,1230506.0,63.8676533294277,True,2.0,False,0.0,False,0.0,True,1.0,True,-0.06704361873990294,False,False,False,False,False
SXM,Sint Maarten (Dutch part),2000,17.552,,,,,30773.0,98.3844236135577,False,,False,0.0,False,,False,,False,0.0,False,True,False,False,True
SXM,Sint Maarten (Dutch part),2001,16.315,,,,,30726.0,98.4149315325455,False,,False,0.0,False,,False,,False,0.0,False,True,False,False,True
SXM,Sint Maarten (Dutch part),2002,15.176,,,,,30960.0,98.4454394515333,False,,False,0.0,False,,False,,False,0.0,False,True,False,False,True
SXM,Sint Maarten (Dutch part),2003,14.29,,,,,31327.0,98.4759473705211,False,,False,0.0,False,,False,,False,0.0,False,True,False,False,True
SXM,Sint Maarten (Dutch part),2004,13.698,,,,,31690.0,98.5064552895088,False,,False,0.0,False,,False,,False,0.0,False,True,False,False,True
SXM,Sint Maarten (Dutch part),2005,13.505,,,,,32057.0,98.5369632084966,False,,False,0.0,False,,False,,False,0.0,False,True,False,False,True
SXM,Sint Maarten (Dutch part),2006,13.688,,,,,32428.0,98.5674711274844,False,,False,0.0,False,,False,,False,0.0,False,True,False,False,True
SXM,Sint Maarten (Dutch part),2007,12.112,,,,,32791.0,98.5979790464721,False,,False,0.0,False,,False,,False,0.0,False,True,False,False,True
SXM,Sint Maarten (Dutch part),2008,13.124,,,,,33145.0,98.6284869654599,False,,False,0.0,False,,False,,False,0.0,False,True,False,False,True
SXM,Sint Maarten (Dutch part),2009,12.844,25528.412619483,,,,33491.0,98.6589948844477,False,,False,0.0,False,0.0,False,,False,0.0,False,True,False,False,True
SXM,Sint Maarten (Dutch part),2010,13.666,26403.8143692163,,,,33794.0,98.6895028034355,False,,False,0.0,False,0.0,False,,False,0.0,False,True,False,False,True
SXM,Sint Maarten (Dutch part),2011,14.445,27317.5178881974,,,,34267.0,98.7200107224233,False,,False,0.0,False,0.0,False,,False,0.0,False,True,False,False,True
SXM,Sint Maarten (Dutch part),2012,14.085,28149.0997855041,,,,35023.0,98.750518641411,False,,False,0.0,False,0.0,False,,False,0.0,False,True,False,False,True
SXM,Sint Maarten (Dutch part),2013,13.544,28529.7324687053,,,,35854.0,98.7810265603988,False,,False,0.0,False,0.0,False,,False,0.0,False,True,False,False,True
SXM,Sint Maarten (Dutch part),2014,12.925,37134.912423099,,,,36672.0,98.7810265603988,False,,False,0.0,False,0.0,False,,False,0.0,False,True,False,False,True
SXM,Sint Maarten (Dutch part),2015,12.247,37839.6283815163,,,,37471.0,98.7810265603988,False,,False,0.0,False,0.0,False,,False,0.0,False,True,False,False,True
SXM,Sint Maarten (Dutch part),2016,11.523,37308.6147795736,,,,38249.0,98.7810265603988,False,,False,0.0,False,0.0,False,,False,0.0,False,True,False,False,True
SXM,Sint Maarten (Dutch part),2017,10.919,34701.3058494468,,,,38996.0,98.7810265603988,False,,False,0.0,False,0.0,False,,False,0.0,False,True,False,False,True
SXM,Sint Maarten (Dutch part),2018,10.456,31708.3110124742,,,,39712.0,98.7810265603988,False,,True,1.0,False,0.0,False,,False,0.0,False,True,False,False,True
SXM,Sint Maarten (Dutch part),2019,10.024,34861.469528968,,,,40385.0,98.7810265603988,False,,True,2.0,False,0.0,False,,False,0.0,False,True,False,False,True
SXM,Sint Maarten (Dutch part),2020,9.745,30150.8998380477,,,,41008.0,98.7810265603988,False,,True,3.0,False,0.0,False,,False,0.0,False,True,False,False,True
SXM,Sint Maarten (Dutch part),2021,9.47,32548.4366854902,,,,41571.0,98.7810265603988,False,,True,4.0,False,0.0,False,,False,0.0,False,True,False,False,True
SXM,Sint Maarten (Dutch part),2022,9.198,37793.1283815826,,,,42139.0,98.7810265603988,False,,True,5.0,False,0.0,False,,False,0.0,False,True,False,False,True
SXM,Sint Maarten (Dutch part),2023,9.126,39451.822911732,,,,42749.0,98.7810265603988,False,,True,6.0,False,0.0,False,,True,0.0,False,True,False,False,True
SYC,Seychelles,2000,18.6,8063.65500575169,,13.8,,81131.0,95.4940997507991,False,,False,0.0,False,0.0,False,,False,0.0,False,True,False,False,False
SYC,Seychelles,2001,17.7,8153.2986369879,,13.8,,81202.0,95.6912191218088,False,,False,0.0,False,0.0,False,,False,0.0,False,True,False,False,False
SYC,Seychelles,2002,17.7,8864.16919495467,91.8399963378906,13.7,,83723.0,95.8883384928185,False,,False,0.0,False,0.0,False,0.0,False,0.0,False,True,False,False,False
SYC,Seychelles,2003,18.1,9070.28460757013,91.8399963378906,13.8,,82781.0,96.0854578638281,False,,False,0.0,False,0.0,True,1.0,False,0.0024213075060533894,False,True,False,False,False
SYC,Seychelles,2004,17.4,10827.671636033,91.8399963378906,13.8,,82475.0,96.2825772348378,False,,False,0.0,False,0.0,True,2.0,False,0.0018148820326679023,False,True,False,False,False
SYC,Seychelles,2005,18.5,11802.1118276833,91.8399963378906,13.8,,82858.0,96.4796966058475,False,,False,0.0,False,0.0,True,3.0,False,0.001451378809869345,False,True,False,False,False
SYC,Seychelles,2006,17.3,12782.9938926475,91.8399963378906,13.8,,84600.0,96.6768159768572,False,,False,0.0,False,0.0,True,4.0,False,0.001451378809869345,False,True,False,False,False
SYC,Seychelles,2007,17.6,12669.3026687222,91.8399963378906,13.9,,85033.0,96.8739353478668,False,,False,0.0,False,0.0,True,5.0,False,0.008708272859216198,False,True,False,False,False
SYC,Seychelles,2008,17.8,11265.4376270005,91.8399963378906,13.9,,86956.0,97.0710547188765,False,,False,0.0,False,0.0,True,6.0,False,0.005788712011577558,False,True,False,False,False
SYC,Seychelles,2009,18.1,9747.09180546291,91.8399963378906,14.0,,87298.0,97.2681740898861,False,,False,0.0,False,0.0,True,7.0,False,0.011560693641618507,False,True,False,False,False
SYC,Seychelles,2010,16.8,10934.79494629,93.9499969482422,14.1,,89770.0,97.4652934608958,False,,False,0.0,False,0.0,False,0.0,False,0.015850144092218937,False,True,False,False,False
SYC,Seychelles,2011,18.6,12110.0937461973,93.9499969482422,14.2,,87441.0,97.6624128319055,False,,False,0.0,False,0.0,True,1.0,False,0.018651362984217934,False,True,False,False,False
SYC,Seychelles,2012,18.6,12337.1554669388,93.9499969482422,14.3,7.9,88303.0,97.8595322029151,False,0.0,False,0.0,False,0.0,True,2.0,False,0.019971469329529198,False,True,False,False,False
SYC,Seychelles,2013,17.4,14821.2921476077,93.9499969482422,14.4,7.9,89949.0,98.0566515739248,True,1.0,False,0.0,False,0.0,True,3.0,False,0.021276595744680903,False,True,False,False,False
SYC,Seychelles,2014,17.0,15188.1902175113,93.9499969482422,14.5,7.9,91359.0,98.2537709449345,True,2.0,False,0.0,False,0.0,True,4.0,False,0.021126760563380333,False,True,False,False,False
SYC,Seychelles,2015,17.0,15333.1051727105,93.9499969482422,14.6,7.9,93419.0,98.4508903159442,True,3.0,False,0.0,False,0.0,True,5.0,False,0.020979020979020904,False,True,False,False,False
SYC,Seychelles,2016,17.4,16566.9946042294,93.9499969482422,14.7,7.9,94677.0,98.6480096869539,True,4.0,False,0.0,False,0.0,True,6.0,False,0.02083333333333326,False,True,False,False,False
SYC,Seychelles,2017,17.2,17480.3651911372,93.9499969482422,14.7,7.9,95843.0,98.8451290579635,True,5.0,False,0.0,False,0.0,True,7.0,False,0.013793103448275813,False,True,False,False,False
SYC,Seychelles,2018,17.1,18440.2340460932,93.9499969482422,14.8,7.9,96762.0,98.8746286644801,True,6.0,False,0.0,False,0.0,True,8.0,False,0.015089163237311553,False,True,False,False,False
SYC,Seychelles,2019,16.4,19141.5118743615,93.9499969482422,14.8,7.9,97625.0,98.885830584073,True,7.0,False,0.0,False,0.0,True,9.0,False,0.009549795361528005,False,True,False,False,False
SYC,Seychelles,2020,15.8,14041.4754074575,93.9499969482422,14.8,7.9,98462.0,98.8969906145227,True,8.0,False,0.0,False,0.0,True,10.0,False,0.005434782608695778,False,True,False,False,False
SYC,Seychelles,2021,16.8,14982.9111487767,93.9499969482422,14.7,7.9,99258.0,98.8985665517452,True,9.0,False,0.0,False,0.0,True,11.0,False,-0.0040650406504065375,False,True,False,False,False
SYC,Seychelles,2022,13.1,16682.6990711785,93.9499969482422,14.5,7.9,119878.0,99.7,True,10.0,False,0.0,False,0.0,True,12.0,False,-0.017615176151761502,False,True,False,False,False
SYC,Seychelles,2023,13.0,18130.5297135548,93.9499969482422,14.3,7.9,119773.0,99.7,True,11.0,False,0.0,False,0.0,True,13.0,True,-0.02853260869565205,False,True,False,False,False
SYR,Syrian Arab Republic,2000,31.204,1138.18722723683,,23.1,24.3,16637888.0,88.4362434436707,False,0.0,False,0.0,False,0.0,False,,False,0.0,False,False,False,False,False
SYR,Syrian Arab Republic,2001,30.744,1177.53806921268,,22.2,31.7,17051338.0,88.5934283502185,False,0.0,False,0.0,False,0.0,False,,False,0.0,False,False,False,False,False
SYR,Syrian Arab Republic,2002,30.133,1189.98119453595,82.8899993896484,21.4,31.7,17468332.0,88.7492874257757,True,1.0,False,0.0,False,0.0,False,0.0,False,0.0,False,False,False,False,False
SYR,Syrian Arab Republic,2003,29.577,1220.179077256,82.8899993896484,20.8,31.7,17889296.0,88.9036732275118,True,2.0,False,0.0,False,0.0,True,1.0,False,-0.06446776611694154,False,False,False,False,False
SYR,Syrian Arab Republic,2004,29.117,1368.11263904001,80.8399963378906,20.2,31.7,18336875.0,89.0567218578073,True,3.0,False,0.0,False,0.0,False,0.0,False,-0.07657142857142861,False,False,False,False,False
SYR,Syrian Arab Republic,2005,28.828,1533.90017615946,80.8399963378906,19.8,31.7,18814091.0,89.4008999377627,True,4.0,False,0.0,False,0.0,True,1.0,False,-0.08077994428969353,False,False,False,False,False
SYR,Syrian Arab Republic,2006,28.273,1718.78469956591,80.8399963378906,19.4,28.7,19637022.0,89.7438154668414,False,0.0,False,0.0,False,0.0,True,2.0,False,-0.07088122605363988,False,False,False,False,False
SYR,Syrian Arab Republic,2007,29.074,1937.61199094087,80.8399963378906,19.1,28.7,20884125.0,90.0855961151044,True,1.0,False,0.0,False,0.0,True,3.0,False,-0.0600393700787401,False,False,False,False,False
SYR,Syrian Arab Republic,2008,30.464,2429.1247629459,80.8399963378906,18.9,28.7,21636564.0,90.4260958959399,True,2.0,False,0.0,False,0.0,True,4.0,False,-0.048338368580060465,False,False,False,False,False
SYR,Syrian Arab Republic,2009,29.249,2462.20127278738,80.8399963378906,18.8,28.7,21976969.0,90.765252574693,True,3.0,False,0.0,False,0.0,True,5.0,False,-0.034907597535934275,False,False,False,False,False
SYR,Syrian Arab Republic,2010,28.673,2730.61487784917,80.8399963378906,18.8,27.9,22482421.0,91.1032333325641,False,0.0,False,0.0,False,0.0,True,6.0,False,-0.02083333333333326,False,False,False,False,False
SYR,Syrian Arab Republic,2011,28.11,2952.14372909443,80.8399963378906,21.6,27.9,22878098.0,91.3661532755884,True,1.0,False,0.0,False,0.0,True,7.0,False,0.13684210526315796,False,False,False,False,False
SYR,Syrian Arab Republic,2012,27.722,1897.66115018696,80.8399963378906,34.2,27.9,22759763.0,91.6346537137352,True,2.0,False,0.0,False,0.0,True,8.0,False,0.7592592592592596,True,False,False,False,False
SYR,Syrian Arab Republic,2013,26.868,985.892669221634,80.8399963378906,36.9,27.9,21666917.0,91.9089982459699,True,3.0,False,0.0,False,0.0,True,9.0,False,0.642920747996438,False,False,False,False,False
SYR,Syrian Arab Republic,2014,23.784,1060.59105887433,80.8399963378906,35.5,27.9,20273659.0,92.1891347366773,True,4.0,False,0.0,False,0.0,True,10.0,False,0.3622409823484266,False,False,False,False,False
SYR,Syrian Arab Republic,2015,21.298,847.731545352582,80.8399963378906,37.1,27.9,19424618.0,92.5483239351902,True,5.0,False,0.0,False,0.0,True,11.0,False,0.26190476190476203,False,False,False,False,False
SYR,Syrian Arab Republic,2016,19.619,656.349017520952,80.8399963378906,32.2,27.9,19193834.0,92.9046403526053,True,6.0,False,0.0,False,0.0,True,12.0,False,-0.026013309134906,False,False,False,False,False
SYR,Syrian Arab Republic,2017,19.585,851.501972646386,80.8399963378906,32.9,27.9,19224668.0,93.258034132691,True,7.0,False,0.0,False,0.0,True,13.0,False,-0.06480955088118252,False,False,False,False,False
SYR,Syrian Arab Republic,2018,18.932,1098.06667935023,80.8399963378906,32.5,27.9,19577845.0,93.6084625778636,True,8.0,False,0.0,False,0.0,True,14.0,False,-0.06930126002290955,False,False,False,False,False
SYR,Syrian Arab Republic,2019,19.717,1109.53933821464,80.8399963378906,24.6,27.9,20353534.0,93.9559328365603,True,9.0,False,0.0,False,0.0,True,15.0,False,-0.27732079905992946,False,False,False,False,False
SYR,Syrian Arab Republic,2020,20.64,593.911771822527,80.8399963378906,21.9,27.9,21049429.0,94.3003801258049,True,10.0,False,0.0,False,0.0,True,16.0,False,-0.312617702448211,False,False,False,False,False
SYR,Syrian Arab Republic,2021,21.172,688.566109726934,94.4199981689453,20.5,27.9,21628839.0,94.6418305675614,True,11.0,False,0.0,False,0.0,False,0.0,False,-0.2886884108258155,False,False,False,False,False
SYR,Syrian Arab Republic,2022,21.234,1056.78264718197,94.4199981689453,20.7,27.9,22462173.0,94.980328483975,True,12.0,False,0.0,False,0.0,True,1.0,False,-0.21827794561933528,False,False,False,False,False
SYR,Syrian Arab Republic,2023,22.107,1056.78264718197,94.4199981689453,20.1,27.9,23594623.0,95.3158526472943,True,13.0,False,0.0,True,1.0,True,2.0,True,-0.16389351081530773,False,False,False,False,False
TCA,Turks and Caicos Islands,2000,22.632,,,11.7,,18730.0,,False,,False,,False,,False,,False,0.0,False,True,False,False,True
TCA,Turks and Caicos Islands,2001,21.896,18325.7458111974,,11.1,,19576.0,,False,,False,,False,0.0,False,,False,0.0,False,True,False,False,True
TCA,Turks and Caicos Islands,2002,20.631,17803.9471767733,,10.5,,20597.0,,False,,False,,False,0.0,False,,False,0.0,False,True,False,False,True
TCA,Turks and Caicos Islands,2003,19.616,18859.1890274773,,9.9,,21727.0,,False,,False,,False,0.0,False,,False,-0.10810810810810804,False,True,False,False,True
TCA,Turks and Caicos Islands,2004,18.882,21246.00980049,,9.4,,22856.0,,False,,False,,False,0.0,False,,False,-0.12962962962962965,False,True,False,False,True
TCA,Turks and Caicos Islands,2005,18.287,24122.3028180757,,8.9,,23988.0,,False,,False,,False,0.0,False,,False,-0.15399239543726229,False,True,False,False,True
TCA,Turks and Caicos Islands,2006,17.721,28734.2873064523,,8.5,,25123.0,,False,,False,,False,0.0,False,,False,-0.14658634538152618,False,True,False,False,True
TCA,Turks and Caicos Islands,2007,17.155,29443.8523030072,,8.1,,26270.0,,False,,False,,False,0.0,False,,False,-0.14194915254237303,False,True,False,False,True
TCA,Turks and Caicos Islands,2008,16.434,31453.8228752689,,7.8,,27427.0,,False,,False,,False,0.0,False,,False,-0.1294642857142858,False,True,False,False,True
TCA,Turks and Caicos Islands,2009,15.671,24596.8938015951,,7.5,,28588.0,,False,,False,,False,0.0,False,,False,-0.12177985948477761,False,True,False,False,True
TCA,Turks and Caicos Islands,2010,14.898,23093.8498268267,,7.3,,29739.0,,False,,False,,False,0.0,False,,False,-0.10539215686274514,False,True,False,False,True
TCA,Turks and Caicos Islands,2011,14.192,27327.4006354146,,7.0,,30846.0,,False,,False,,False,0.0,False,,False,-0.10714285714285723,False,True,False,False,True
TCA,Turks and Caicos Islands,2012,13.443,25923.6156503875,,6.8,,32127.0,,False,,False,,False,0.0,False,,False,-0.0981432360742707,False,True,False,False,True
TCA,Turks and Caicos Islands,2013,13.001,25653.819867471,,6.6,,33653.0,,False,,False,,False,0.0,False,,False,-0.09340659340659338,False,True,False,False,True
TCA,Turks and Caicos Islands,2014,12.905,27292.5820256776,,6.4,,35050.0,,False,,False,,False,0.0,False,,False,-0.09090909090909098,False,True,False,False,True
TCA,Turks and Caicos Islands,2015,12.665,29457.0140691162,,6.2,,36605.0,,False,,False,,False,0.0,False,,False,-0.09090909090909093,False,True,False,False,True
TCA,Turks and Caicos Islands,2016,12.785,31373.5612684327,,6.0,,38315.0,93.1209288772918,False,,False,0.0,False,0.0,False,,False,-0.09090909090909086,False,True,False,False,True
TCA,Turks and Caicos Islands,2017,12.692,30014.2309523213,,5.8,,39913.0,93.1258920918043,False,,False,0.0,False,0.0,False,,False,-0.09375000000000008,False,True,False,False,True
TCA,Turks and Caicos Islands,2018,12.511,31625.616593277,,5.6,,41559.0,93.1305309193473,False,,False,0.0,False,0.0,False,,False,-0.09677419354838718,False,True,False,False,True
TCA,Turks and Caicos Islands,2019,12.066,31780.5217068989,,5.5,,43166.0,93.1348642536176,False,,False,0.0,False,0.0,False,,False,-0.08333333333333333,False,True,False,False,True
TCA,Turks and Caicos Islands,2020,11.671,20690.9160546118,,5.3,4.6,44386.0,93.1389142647071,False,0.0,False,0.0,False,0.0,False,,False,-0.08934707903780062,False,True,False,False,True
TCA,Turks and Caicos Islands,2021,11.198,27329.2885087196,,5.1,4.6,45243.0,93.1426950995276,True,1.0,False,0.0,False,0.0,False,,False,-0.09574468085106384,False,True,False,False,True
TCA,Turks and Caicos Islands,2022,10.981,31280.5418020808,,5.0,4.6,45847.0,93.1462139429881,True,2.0,False,0.0,False,0.0,False,,False,-0.08424908424908409,False,True,False,False,True
TCA,Turks and Caicos Islands,2023,10.738,35470.2151608295,,4.8,4.6,46198.0,93.1495232967179,True,3.0,False,0.0,False,0.0,False,,True,-0.09433962264150944,False,True,False,False,True
TCD,Chad,2000,51.589,163.121663683369,25.6499996185303,182.4,38.9,8512093.0,9.69267435850219,False,0.0,False,0.0,False,0.0,False,0.0,False,0.0,False,False,False,False,False
TCD,Chad,2001,51.241,194.32295331156,25.6499996185303,179.0,38.9,8804124.0,9.7751135418566,True,1.0,False,0.0,False,0.0,True,1.0,False,0.0,False,False,False,False,False
TCD,Chad,2002,50.473,219.061391951349,25.6499996185303,175.6,38.9,9116192.0,9.85770983495689,True,2.0,False,0.0,False,0.0,True,2.0,False,0.0,False,False,False,False,False
TCD,Chad,2003,50.028,289.087621122168,25.6499996185303,172.3,38.9,9487833.0,9.94081082830359,True,3.0,False,0.0,False,0.0,True,3.0,False,-0.0374301675977653,False,False,False,False,False
TCD,Chad,2004,50.375,445.850767157087,28.3799991607666,168.8,44.4,9920036.0,10.0242446229249,False,0.0,False,0.0,False,0.0,False,0.0,False,-0.048075567460876795,False,False,False,False,False
TCD,Chad,2005,50.672,838.092107712557,28.3799991607666,165.4,44.4,10328092.0,10.1080110721991,True,1.0,False,0.0,False,0.0,True,1.0,False,-0.058193827582279915,False,False,False,False,False
TCD,Chad,2006,50.303,906.897260572747,28.3799991607666,161.8,44.4,10706424.0,10.1921113947544,True,2.0,False,0.0,False,0.0,True,2.0,False,-0.06050400650330965,False,False,False,False,False
TCD,Chad,2007,50.107,980.483531485103,28.3799991607666,158.1,44.4,11081660.0,10.2767459840374,True,3.0,False,0.0,False,0.0,True,3.0,False,-0.06327763953075029,False,False,False,False,False
TCD,Chad,2008,49.53,1166.36883453841,28.3799991607666,154.3,44.4,11476296.0,10.3615175647599,True,4.0,False,0.0,False,0.0,True,4.0,False,-0.06643272023233311,False,False,False,False,False
TCD,Chad,2009,49.257,1035.63719694254,28.3799991607666,150.5,44.4,11893754.0,10.4835847980319,True,5.0,False,0.0,False,0.0,True,5.0,False,-0.06914893617021281,False,False,False,False,False
TCD,Chad,2010,48.979,1141.80069268412,28.3799991607666,146.7,38.7,12312575.0,10.6144013332631,False,0.0,False,0.0,False,0.0,True,6.0,False,-0.0716365017086446,False,False,False,False,False
TCD,Chad,2011,48.49,1308.1421872538,28.3799991607666,142.9,38.7,12754997.0,10.7545443393763,True,1.0,False,0.0,False,0.0,True,7.0,False,-0.07376199118485884,False,False,False,False,False
TCD,Chad,2012,48.177,1354.34344701937,28.3799991607666,139.3,38.7,13210998.0,10.9048548883194,True,2.0,False,0.0,False,0.0,True,8.0,False,-0.07441860465116272,False,False,False,False,False
TCD,Chad,2013,47.429,1304.88742971475,28.3799991607666,135.8,38.7,13691079.0,11.0657152698931,True,3.0,False,0.0,False,0.0,True,9.0,False,-0.07455363227477169,False,False,False,False,False
TCD,Chad,2014,47.052,1278.78981422494,28.3799991607666,132.3,38.7,14188678.0,11.2377495765285,True,4.0,False,0.0,False,0.0,True,10.0,False,-0.07508389261744972,False,False,False,False,False
TCD,Chad,2015,46.51,993.990730610869,28.3799991607666,128.7,31.9,14647621.0,11.421878644262,False,0.0,False,0.0,False,0.0,True,11.0,False,-0.07675753228120528,False,False,False,False,False
TCD,Chad,2016,45.533,861.831767630746,22.3099994659424,125.0,31.9,15114655.0,11.6187911677525,True,1.0,False,0.0,False,0.0,False,0.0,False,-0.07952871870397651,False,False,False,False,False
TCD,Chad,2017,44.917,854.46120040098,22.3099994659424,121.4,32.1,15622759.0,11.8291930674672,False,0.0,False,0.0,False,0.0,True,1.0,False,-0.08183330812282555,False,False,False,False,False
TCD,Chad,2018,44.401,948.656629871231,22.3099994659424,117.6,31.9,16156531.0,12.0541194503815,False,0.0,False,0.0,False,0.0,True,2.0,False,-0.08582089552238821,False,False,False,False,False
TCD,Chad,2019,44.316,893.336441643325,30.6299991607666,114.0,37.8,16685223.0,12.2940184363217,False,0.0,False,0.0,False,0.0,False,0.0,False,-0.088,False,False,False,False,False
TCD,Chad,2020,43.75,866.947814890409,30.6299991607666,110.6,30.5,17224679.0,12.5503209104072,False,0.0,False,0.0,False,0.0,True,1.0,False,-0.0885116202406462,False,False,False,False,False
TCD,Chad,2021,43.284,946.358500208374,30.6299991607666,107.3,31.1,17828273.0,12.823518442494,False,0.0,False,0.0,False,0.0,True,2.0,False,-0.08851512062521227,False,False,False,False,False
TCD,Chad,2022,43.35,966.036468278568,30.6299991607666,103.9,31.9,18455316.0,12.9220668166821,False,0.0,False,0.0,False,0.0,True,3.0,False,-0.09003328078472576,False,False,False,False,False
TCD,Chad,2023,42.396,949.991054236266,30.6299991607666,100.6,31.9,19319064.0,13.0279538007946,True,1.0,False,0.0,False,0.0,True,4.0,True,-0.09107336465486085,False,False,False,False,False
TGO,Togo,2000,37.719,440.420399069497,53.1800003051758,119.2,,4783722.0,8.03359662210635,False,,False,0.0,False,0.0,False,0.0,False,0.0,False,False,False,False,False
TGO,Togo,2001,37.818,426.883605884489,53.1800003051758,115.7,,4904144.0,8.26404186167869,False,,False,0.0,False,0.0,True,1.0,False,0.0,False,False,False,False,False
TGO,Togo,2002,37.873,479.438373869587,53.1800003051758,112.2,,5027130.0,8.49612982372265,False,,False,0.0,False,0.0,True,2.0,False,0.0,False,False,False,False,False
TGO,Togo,2003,37.849,579.728195854724,53.1800003051758,108.8,,5154112.0,8.7296739646634,False,,False,0.0,False,0.0,True,3.0,False,-0.05963699222126193,False,False,False,False,False
TGO,Togo,2004,37.692,604.311329116751,53.1800003051758,105.5,,5281320.0,8.96468393915561,False,,False,0.0,False,0.0,True,4.0,False,-0.07435841193244128,False,False,False,False,False
TGO,Togo,2005,38.169,595.200212014134,53.1800003051758,102.4,,5413154.0,9.61445795262473,False,,False,0.0,False,0.0,True,5.0,False,-0.08799429996437473,False,False,False,False,False
TGO,Togo,2006,38.741,596.249203137762,56.8899993896484,99.3,29.9,5569664.0,10.2925202802465,False,0.0,False,0.0,False,0.0,False,0.0,False,-0.08832170400293797,False,False,False,False,False
TGO,Togo,2007,39.184,654.083697666439,56.8899993896484,96.5,29.9,5748443.0,10.9986369472506,True,1.0,False,0.0,False,0.0,True,1.0,False,-0.08652025747822782,False,False,False,False,False
TGO,Togo,2008,39.326,771.351190404751,56.8899993896484,93.7,26.9,5936138.0,11.7327806563873,False,0.0,False,0.0,False,0.0,True,2.0,False,-0.08585365853658534,False,False,False,False,False
TGO,Togo,2009,39.397,770.172869777254,57.0900001525879,90.9,27.0,6130946.0,12.493855912589,False,0.0,False,0.0,False,0.0,False,0.0,False,-0.08624849215922796,False,False,False,False,False
TGO,Togo,2010,39.292,750.323421086121,57.2000007629395,88.3,27.0,6325788.0,13.2824677060048,False,0.0,False,0.0,False,0.0,False,0.0,False,-0.0855426677713338,False,False,False,False,False
TGO,Togo,2011,38.525,834.14671980279,60.4099998474121,85.6,27.0,6500582.0,14.1028173218821,True,1.0,False,0.0,False,0.0,False,0.0,False,-0.08683592916577769,False,False,False,False,False
TGO,Togo,2012,37.494,813.611525037432,60.4099998474121,82.9,26.2,6653718.0,14.9528006713975,False,0.0,False,0.0,False,0.0,True,1.0,False,-0.08901098901098894,False,False,False,False,False
TGO,Togo,2013,36.722,885.698522723929,60.4099998474121,80.2,26.2,6798848.0,15.8290583040509,True,1.0,False,0.0,False,0.0,True,2.0,False,-0.09152695967376527,False,False,False,False,False
TGO,Togo,2014,36.337,921.539748631461,60.4099998474121,77.7,27.6,6937644.0,16.7317561082878,False,0.0,False,0.0,False,0.0,True,3.0,False,-0.09207758822154703,False,False,False,False,False
TGO,Togo,2015,36.098,813.894676975085,63.75,75.2,27.6,7071502.0,17.6606158910418,True,1.0,False,0.0,False,0.0,False,0.0,False,-0.09332047263081755,False,False,False,False,False
TGO,Togo,2016,36.002,843.114204338675,63.75,72.8,27.6,7200884.0,18.6162879264339,True,2.0,False,0.0,False,0.0,True,1.0,False,-0.09362549800796825,False,False,False,False,False
TGO,Togo,2017,35.738,872.076408845752,60.9537021917226,70.4,23.8,7324386.0,19.5982705218929,False,0.0,False,0.0,False,0.0,False,0.0,False,-0.09465020576131686,False,False,False,False,False
TGO,Togo,2018,35.431,942.480774393154,60.9537021917226,68.1,23.8,7458206.0,20.6062840876452,True,1.0,False,0.0,False,0.0,True,1.0,False,-0.0951368588891843,False,False,False,False,False
TGO,Togo,2019,34.907,917.718016777619,66.5400009155273,66.0,23.8,7619925.0,21.6400439153227,True,2.0,False,0.0,False,0.0,False,0.0,False,-0.09390444810543662,False,False,False,False,False
TGO,Togo,2020,34.251,961.219781201934,66.5400009155273,63.9,23.8,7788054.0,22.6992561746885,True,3.0,False,0.0,False,0.0,True,1.0,False,-0.09361702127659577,False,False,False,False,False
TGO,Togo,2021,33.695,1076.29520076949,66.5400009155273,62.0,23.8,7936176.0,23.7836212231427,True,4.0,False,0.0,False,0.0,True,2.0,False,-0.09144196951934343,False,False,False,False,False
TGO,Togo,2022,33.129,1071.61539220759,72.5999984741211,60.0,23.8,8068616.0,24.8925910881783,True,5.0,False,0.0,False,0.0,False,0.0,False,-0.09200968523002419,False,False,False,False,False
TGO,Togo,2023,32.643,1182.32951436696,72.5999984741211,58.1,23.8,8223850.0,25.0297462105085,True,6.0,False,0.0,False,0.0,True,1.0,True,-0.09218749999999998,False,False,False,False,False
THA,Thailand,2000,15.027,2005.97694514234,92.6500015258789,21.7,,63007815.0,92.1750602372757,False,,False,0.0,False,0.0,False,0.0,False,0.0,False,False,False,False,False
THA,Thailand,2001,14.665,1889.93432467144,92.6500015258789,20.7,,63651141.0,92.4269815292223,False,,False,0.0,False,0.0,True,1.0,False,0.0,False,False,False,False,False
THA,Thailand,2002,14.335,2089.75183111554,92.6500015258789,19.7,,64266437.0,92.6825085503493,False,,False,0.0,False,0.0,True,2.0,False,0.0,False,False,False,False,False
THA,Thailand,2003,14.053,2347.54001286066,92.6500015258789,18.9,,64868166.0,92.9418411854686,False,,False,0.0,False,0.0,True,3.0,False,-0.08695652173913047,False,False,False,False,False
THA,Thailand,2004,13.82,2641.56268717857,92.6500015258789,18.0,,65452047.0,93.2050846909476,False,,False,0.0,False,0.0,True,4.0,False,-0.1111111111111111,False,False,False,False,False
THA,Thailand,2005,13.488,2867.70383436062,93.5100021362305,17.2,,66017420.0,93.4725323543909,False,,False,0.0,False,0.0,False,0.0,False,-0.13131313131313138,False,False,False,False,False
THA,Thailand,2006,13.208,3331.32043511773,93.5100021362305,16.5,15.7,66567687.0,93.7441160220544,False,0.0,False,0.0,False,0.0,True,1.0,False,-0.12698412698412692,False,False,False,False,False
THA,Thailand,2007,12.926,3918.52817434581,93.5100021362305,15.9,15.7,67102394.0,94.0200504764456,True,1.0,False,0.0,False,0.0,True,2.0,False,-0.11960132890365457,False,False,False,False,False
THA,Thailand,2008,12.525,4309.13509292986,93.5100021362305,15.2,15.7,67619830.0,94.3003992134307,True,2.0,False,0.0,False,0.0,True,3.0,False,-0.1213872832369943,False,False,False,False,False
THA,Thailand,2009,12.188,4135.43986952819,93.5100021362305,14.7,15.7,68121080.0,94.5853633004337,True,3.0,False,0.0,False,0.0,True,4.0,False,-0.11231884057971012,False,False,False,False,False
THA,Thailand,2010,12.009,4973.86288823778,96.4300003051758,14.1,15.7,68579447.0,94.8749317339833,True,4.0,False,0.0,False,0.0,False,0.0,False,-0.11320754716981137,False,False,False,False,False
THA,Thailand,2011,11.943,5373.6232832898,96.4300003051758,13.6,15.7,69007208.0,95.1764985756383,True,5.0,False,0.0,False,0.0,True,1.0,False,-0.10994764397905768,False,False,False,False,False
THA,Thailand,2012,11.758,5725.52802835463,96.4300003051758,13.1,16.4,69436098.0,95.4825472825224,False,0.0,False,0.0,False,0.0,True,2.0,False,-0.10884353741496597,False,False,False,False,False
THA,Thailand,2013,11.367,6018.08244729255,93.6999969482422,12.7,16.4,69845114.0,95.7914583178376,True,1.0,False,0.0,False,0.0,False,0.0,False,-0.10183875530410193,False,False,False,False,False
THA,Thailand,2014,10.95,5801.1978916205,93.6999969482422,12.3,16.4,70216367.0,96.1032346574694,True,2.0,False,0.0,False,0.0,True,1.0,False,-0.09824046920821089,False,False,False,False,False
THA,Thailand,2015,10.594,5688.85335397884,92.870002746582,11.9,16.4,70540795.0,96.417885275126,True,3.0,False,0.0,False,0.0,False,0.0,False,-0.09574468085106382,False,False,False,False,False
THA,Thailand,2016,10.111,5833.57715617098,91.9800033569336,11.5,10.5,70859841.0,96.7354102291453,False,0.0,False,0.0,False,0.0,False,0.0,False,-0.09591194968553464,False,False,False,False,False
THA,Thailand,2017,9.765,6413.09182530343,91.9800033569336,11.1,10.5,71160187.0,97.0558447818026,True,1.0,False,0.0,False,0.0,True,1.0,False,-0.09756097560975618,False,False,False,False,False
THA,Thailand,2018,9.4,7099.77650081458,93.7699966430664,10.8,10.5,71376079.0,97.3791754669481,True,2.0,False,0.0,False,0.0,False,0.0,False,-0.09243697478991593,False,False,False,False,False
THA,Thailand,2019,9.056,7605.69657797759,91.2699966430664,10.4,13.4,71522271.0,97.705394777576,False,0.0,False,0.0,False,0.0,False,0.0,False,-0.09722222222222215,False,False,False,False,False
THA,Thailand,2020,8.792,6983.03412836245,91.2699966430664,10.1,13.4,71641484.0,98.0344733663979,True,1.0,False,0.0,False,0.0,True,1.0,False,-0.09335727109515253,False,False,False,False,False
THA,Thailand,2021,8.544,7055.18760721422,91.2699966430664,9.8,13.4,71727332.0,98.3663780543942,True,2.0,False,0.0,False,0.0,True,2.0,False,-0.09090909090909079,False,False,False,False,False
THA,Thailand,2022,8.38,6910.00995211206,91.0999984741211,9.5,12.4,71735329.0,98.7010762721829,False,0.0,False,0.0,False,0.0,False,0.0,False,-0.09003831417624532,False,False,False,False,False
THA,Thailand,2023,8.245,7210.54130832685,91.0999984741211,9.2,12.4,71702435.0,99.0385374392322,True,1.0,False,0.0,False,0.0,True,1.0,True,-0.09090909090909106,False,False,False,False,False
TJK,Tajikistan,2000,29.109,136.925716400723,99.4499969482422,78.4,42.1,6284735.0,91.5699996065089,False,0.0,False,0.0,False,0.0,False,0.0,False,0.0,False,False,False,False,False
TJK,Tajikistan,2001,29.267,168.676285365186,99.4499969482422,71.8,43.2,6407377.0,91.8092789104417,False,0.0,False,0.0,False,0.0,True,1.0,False,0.0,False,False,False,False,False
TJK,Tajikistan,2002,29.183,186.951638285222,99.4499969482422,65.6,37.1,6531669.0,92.048248339145,False,0.0,False,0.0,False,0.0,True,2.0,False,0.0,False,False,False,False,False
TJK,Tajikistan,2003,28.951,233.58124845289,97.3502368564513,59.8,42.4,6658575.0,92.2869078236657,False,0.0,False,0.0,False,0.0,False,0.0,False,-0.1686746987951808,False,False,False,False,False
TJK,Tajikistan,2004,29.889,305.745158587502,97.3502368564513,54.6,42.4,6790547.0,92.5252394619312,True,1.0,False,0.0,False,0.0,True,1.0,False,-0.2075471698113208,False,False,False,False,False
TJK,Tajikistan,2005,29.27,333.927150941684,97.3502368564513,50.3,33.1,6924720.0,92.7632910189712,False,0.0,False,0.0,False,0.0,True,2.0,False,-0.23834039975772253,False,False,False,False,False
TJK,Tajikistan,2006,29.227,401.018403316427,97.3502368564513,46.6,33.1,7057566.0,93.0010371753061,True,1.0,False,0.0,False,0.0,True,3.0,False,-0.22873220787818593,False,False,False,False,False
TJK,Tajikistan,2007,29.927,516.997210618914,98.0293057466938,43.6,39.3,7194477.0,93.2384821622591,False,0.0,False,0.0,False,0.0,False,0.0,False,-0.21271217045864924,False,False,False,False,False
TJK,Tajikistan,2008,30.57,703.327375898643,98.0293057466938,41.2,39.3,7338403.0,93.4756158486128,True,1.0,False,0.0,False,0.0,True,1.0,False,-0.1918399372302864,False,False,False,False,False
TJK,Tajikistan,2009,31.411,664.795655734657,99.7298704511844,39.3,28.8,7490230.0,93.7124382355308,False,0.0,False,0.0,False,0.0,False,0.0,False,-0.16842996191282283,False,False,False,False,False
TJK,Tajikistan,2010,31.984,737.338883219356,99.7298704511844,37.6,28.8,7652141.0,93.9489613656333,True,1.0,False,0.0,False,0.0,True,1.0,False,-0.14932126696832582,False,False,False,False,False
TJK,Tajikistan,2011,32.205,833.601978202852,99.7298704511844,36.2,28.8,7824785.0,94.185174547708,True,2.0,False,0.0,False,0.0,True,2.0,False,-0.13106096975516082,False,False,False,False,False
TJK,Tajikistan,2012,32.012,952.452819695469,99.7298704511844,35.0,26.9,8014084.0,94.4209455801784,False,0.0,False,0.0,False,0.0,True,3.0,False,-0.11571500757958561,False,False,False,False,False
TJK,Tajikistan,2013,32.145,1028.19704279396,99.7298704511844,34.0,26.9,8216724.0,94.6560052528961,True,1.0,False,0.0,False,0.0,True,4.0,False,-0.10195456946645534,False,False,False,False,False
TJK,Tajikistan,2014,32.233,1081.54402932039,99.7298704511844,33.0,26.9,8425552.0,94.8900877135893,True,2.0,False,0.0,False,0.0,True,5.0,False,-0.09390444810543662,False,False,False,False,False
TJK,Tajikistan,2015,31.994,956.916310930656,99.7298704511844,32.2,26.9,8643840.0,95.1229285632346,True,3.0,False,0.0,False,0.0,True,6.0,False,-0.08418657565415247,False,False,False,False,False
TJK,Tajikistan,2016,30.941,788.710481734485,99.7298704511844,31.5,19.6,8865631.0,95.3542477429458,False,0.0,False,0.0,False,0.0,True,7.0,False,-0.07570422535211263,False,False,False,False,False
TJK,Tajikistan,2017,29.65,829.45714764957,99.7298704511844,31.0,17.5,9085946.0,95.5837707483272,False,0.0,False,0.0,False,0.0,True,8.0,False,-0.06457453228726616,False,False,False,False,False
TJK,Tajikistan,2018,29.459,834.288404578801,99.7298704511844,30.7,17.5,9307333.0,95.8112529374464,True,1.0,False,0.0,False,0.0,True,9.0,False,-0.05071119356833634,False,False,False,False,False
TJK,Tajikistan,2019,29.168,871.022372934846,99.7298704511844,30.4,17.5,9529966.0,95.9706194331764,True,2.0,False,0.0,False,0.0,True,10.0,False,-0.04040404040404044,False,False,False,False,False
TJK,Tajikistan,2020,28.361,834.311715460625,99.7298704511844,30.1,17.5,9749310.0,95.9796685499025,True,3.0,False,0.0,False,0.0,True,11.0,False,-0.03401797175866502,False,False,False,False,False
TJK,Tajikistan,2021,27.744,896.748053372182,99.7298704511844,29.8,17.5,9966908.0,95.98782600032,True,4.0,False,0.0,False,0.0,True,12.0,False,-0.030579050097592642,False,False,False,False,False
TJK,Tajikistan,2022,27.043,1052.17949484894,99.7298704511844,29.4,17.5,10182222.0,95.9951184722517,True,5.0,False,0.0,False,0.0,True,13.0,False,-0.03289473684210526,False,False,False,False,False
TJK,Tajikistan,2023,26.124,1178.47990060249,99.7298704511844,28.8,13.7,10389799.0,95.9857039731115,False,0.0,False,0.0,False,0.0,True,14.0,True,-0.042553191489361736,False,False,False,False,False
TKM,Turkmenistan,2000,23.717,633.835487638011,,68.7,27.2,4582677.0,93.3187665874563,False,0.0,False,0.0,False,0.0,False,,False,0.0,False,False,False,False,True
TKM,Turkmenistan,2001,23.207,756.034976276398,,65.4,27.2,4675409.0,93.3098698647818,True,1.0,False,0.0,False,0.0,False,,False,0.0,False,False,False,False,True
TKM,Turkmenistan,2002,22.582,935.540801478466,,61.9,27.2,4769465.0,93.3009582565221,True,2.0,False,0.0,False,0.0,False,,False,0.0,False,False,False,False,True
TKM,Turkmenistan,2003,22.445,1228.94870289404,,58.6,27.2,4863865.0,93.2921017323084,True,3.0,False,0.0,False,0.0,False,,False,-0.10306122448979584,False,False,False,False,True
TKM,Turkmenistan,2004,22.76,1379.23009682692,,55.4,27.2,4958093.0,93.283297506944,True,4.0,False,0.0,False,0.0,False,,False,-0.1296150824823253,False,False,False,False,True
TKM,Turkmenistan,2005,23.264,1604.01618452312,,52.6,27.2,5052257.0,93.6603556052315,True,5.0,False,0.0,False,0.0,False,,False,-0.15161290322580642,False,False,False,False,True
TKM,Turkmenistan,2006,23.663,1996.59310717308,,50.1,18.9,5147105.0,94.0385120989703,False,0.0,False,0.0,False,0.0,False,,False,-0.14766927526369522,False,False,False,False,True
TKM,Turkmenistan,2007,24.038,2414.96071986964,,48.1,18.9,5244046.0,94.4179027341964,True,1.0,False,0.0,False,0.0,False,,False,-0.1367552045944004,False,False,False,False,True
TKM,Turkmenistan,2008,24.442,3605.50395120549,,46.4,18.9,5345029.0,94.7888881171857,True,2.0,False,0.0,False,0.0,False,,False,-0.12386706948640487,False,False,False,False,True
TKM,Turkmenistan,2009,25.055,3707.97850699617,,45.0,18.9,5451592.0,95.1582461913449,True,3.0,False,0.0,False,0.0,False,,False,-0.10926365795724459,False,False,False,False,True
TKM,Turkmenistan,2010,25.713,4058.53937000739,,44.0,18.9,5564356.0,95.5291246544019,True,4.0,False,0.0,False,0.0,False,,False,-0.0916597853014039,False,False,False,False,True
TKM,Turkmenistan,2011,26.298,5143.61929334647,,43.4,18.9,5683417.0,95.901679888436,True,5.0,False,0.0,False,0.0,False,,False,-0.07106164383561658,False,False,False,False,True
TKM,Turkmenistan,2012,26.876,6053.8748468749,,42.9,18.9,5808546.0,96.2760286614644,True,6.0,False,0.0,False,0.0,False,,False,-0.054649625385632374,False,False,False,False,True
TKM,Turkmenistan,2013,27.351,6599.64529055481,,42.8,18.9,5939341.0,96.6523278427633,True,7.0,False,0.0,False,0.0,False,,False,-0.0347316193053676,False,False,False,False,True
TKM,Turkmenistan,2014,27.466,7164.14536184006,,42.9,18.9,6075283.0,97.0307986182985,True,8.0,False,0.0,False,0.0,False,,False,-0.016506189821182918,False,False,False,False,True
TKM,Turkmenistan,2015,27.466,5759.497903834,,43.2,11.5,6215770.0,97.4115357683835,False,0.0,False,0.0,False,0.0,False,,False,0.0,False,False,False,False,True
TKM,Turkmenistan,2016,26.941,5238.00827202546,,43.5,11.5,6360041.0,97.7947178741168,True,1.0,False,0.0,False,0.0,False,,False,0.010687732342007455,False,False,False,False,True
TKM,Turkmenistan,2017,26.272,5125.54920055808,,43.8,11.5,6507061.0,98.1805141094557,True,2.0,False,0.0,False,0.0,False,,False,0.01718532280538771,False,False,False,False,True
TKM,Turkmenistan,2018,25.502,3911.98557297865,,43.8,11.5,6655524.0,98.5690477632557,True,3.0,False,0.0,False,0.0,False,,False,0.012950971322849269,False,False,False,False,True
TKM,Turkmenistan,2019,24.839,4365.1152919542,,43.5,7.2,6803944.0,98.960474453072,False,0.0,False,0.0,False,0.0,False,,False,0.001381215469613312,False,False,False,False,True
TKM,Turkmenistan,2020,24.12,3935.37749365223,,42.9,7.2,6949912.0,99.3549516187618,True,1.0,False,0.0,False,0.0,False,,False,-0.015151515151515235,False,False,False,False,True
TKM,Turkmenistan,2021,23.348,3713.20113171765,,42.1,7.2,7092043.0,99.7409287319658,True,2.0,False,0.0,False,0.0,False,,False,-0.032183908045976976,False,False,False,False,True
TKM,Turkmenistan,2022,22.635,5198.18947409551,99.9000015258789,41.1,7.2,7230193.0,99.7391494278379,True,3.0,False,0.0,False,0.0,False,0.0,False,-0.049051365108745894,False,False,False,False,True
TKM,Turkmenistan,2023,21.74,5298.46421949276,99.9000015258789,40.2,7.2,7364438.0,99.7373196526799,True,4.0,False,0.0,False,0.0,True,1.0,True,-0.058106841611996175,False,False,False,False,True
TLS,Timor-Leste,2000,38.642,492.457669429651,,111.5,,745088.0,,False,,False,,False,0.0,False,,False,0.0,False,False,False,False,False
TLS,Timor-Leste,2001,38.039,587.700692767858,37.5999984741211,106.4,,812249.0,,False,,False,,False,0.0,False,0.0,False,0.0,False,False,False,False,False
TLS,Timor-Leste,2002,37.998,533.982476434866,37.5999984741211,101.5,55.7,879159.0,18.7862054534433,False,0.0,False,0.0,False,0.0,True,1.0,False,0.0,False,False,False,False,False
TLS,Timor-Leste,2003,38.365,534.901153697657,37.5999984741211,96.8,54.8,916878.0,21.2656644837503,False,0.0,False,0.0,False,0.0,True,2.0,False,-0.09079524107701933,False,False,False,False,False
TLS,Timor-Leste,2004,37.526,474.420767344689,37.5999984741211,92.3,54.8,929074.0,23.7373821027999,True,1.0,False,0.0,False,0.0,True,3.0,False,-0.11292647765497357,False,False,False,False,False
TLS,Timor-Leste,2005,36.236,487.464555404292,37.5999984741211,88.0,54.8,948311.0,26.1851944213066,True,2.0,False,0.0,False,0.0,True,4.0,False,-0.13470993117010818,False,False,False,False,False
TLS,Timor-Leste,2006,35.061,464.667001844159,37.5999984741211,84.0,54.8,976597.0,28.6397241043122,True,3.0,False,0.0,False,0.0,True,5.0,False,-0.13402061855670103,False,False,False,False,False
TLS,Timor-Leste,2007,34.046,540.154584237662,50.5999984741211,80.4,57.2,1004889.0,31.0966445042485,False,0.0,False,0.0,False,0.0,False,0.0,False,-0.13099870298313882,False,False,False,False,False
TLS,Timor-Leste,2008,33.097,628.153219252849,50.5999984741211,76.9,57.2,1032429.0,33.5563864330636,True,1.0,False,0.0,False,0.0,True,1.0,False,-0.12910532276330683,False,False,False,False,False
TLS,Timor-Leste,2009,32.25,686.579295832381,50.5999984741211,73.9,57.5,1058782.0,36.0178392685678,False,0.0,False,0.0,False,0.0,True,2.0,False,-0.12357685009487666,False,False,False,False,False
TLS,Timor-Leste,2010,31.488,813.060177250597,58.310001373291,71.0,57.5,1084679.0,38.4806929868607,True,1.0,False,0.0,False,0.0,False,0.0,False,-0.11954365079365095,False,False,False,False,False
TLS,Timor-Leste,2011,30.679,939.045241112693,58.310001373291,68.4,57.5,1110207.0,40.9452765286363,True,2.0,False,0.0,False,0.0,True,1.0,False,-0.11444847229414815,False,False,False,False,False
TLS,Timor-Leste,2012,29.794,1022.61903188429,58.310001373291,65.9,57.5,1134885.0,43.41056257646,True,3.0,False,0.0,False,0.0,True,2.0,False,-0.11090124123043711,False,False,False,False,False
TLS,Timor-Leste,2013,28.962,1204.56841532931,58.310001373291,63.9,51.7,1158695.0,45.8762265623181,False,0.0,False,0.0,False,0.0,True,3.0,False,-0.10278011794439765,False,False,False,False,False
TLS,Timor-Leste,2014,28.055,1224.74957758801,58.310001373291,61.9,49.2,1181903.0,48.3422173517987,False,0.0,False,0.0,False,0.0,True,4.0,False,-0.09793063246866811,False,False,False,False,False
TLS,Timor-Leste,2015,27.06,1319.59297370991,64.4499969482422,60.2,49.2,1205131.0,50.808161320469,True,1.0,False,0.0,False,0.0,False,0.0,False,-0.09090909090909086,False,False,False,False,False
TLS,Timor-Leste,2016,26.15,1335.54390089814,65.7799987792969,58.7,49.2,1228312.0,53.273678577949,True,2.0,False,0.0,False,0.0,False,0.0,False,-0.0836715579144554,False,False,False,False,False
TLS,Timor-Leste,2017,25.251,1266.17767952941,65.7799987792969,57.3,49.2,1251703.0,55.7381542550198,True,3.0,False,0.0,False,0.0,True,1.0,False,-0.0775917578879589,False,False,False,False,False
TLS,Timor-Leste,2018,24.481,1219.46598597604,65.7799987792969,56.0,49.2,1275959.0,58.2016694124243,True,4.0,False,0.0,False,0.0,True,2.0,False,-0.07284768211920528,False,False,False,False,False
TLS,Timor-Leste,2019,23.855,1562.36458881813,65.7799987792969,54.8,49.2,1300945.0,60.663593946828,True,5.0,False,0.0,False,0.0,True,3.0,False,-0.06834410064603892,False,False,False,False,False
TLS,Timor-Leste,2020,23.352,1630.86935439232,65.7799987792969,53.4,46.7,1326053.0,63.1237035257288,False,0.0,False,0.0,False,0.0,True,4.0,False,-0.06968641114982578,False,False,False,False,False
TLS,Timor-Leste,2021,22.73,2684.92673717299,65.7799987792969,52.0,46.7,1350139.0,65.5812259785817,True,1.0,False,0.0,False,0.0,True,5.0,False,-0.07209136331192004,False,False,False,False,False
TLS,Timor-Leste,2022,22.424,2343.24955542816,69.4000015258789,50.7,46.7,1369295.0,68.0360936203576,True,2.0,False,0.0,False,0.0,False,0.0,False,-0.07312614259597806,False,False,False,False,False
TLS,Timor-Leste,2023,22.077,1502.4114958903,69.4000015258789,49.2,46.7,1384286.0,70.4877207394957,True,3.0,False,0.0,False,0.0,True,1.0,True,-0.07830648182840001,False,False,False,False,False
TON,Tonga,2000,29.396,1995.07667546271,,16.9,,102677.0,89.1918092232378,False,,False,0.0,False,0.0,False,,False,0.0,False,False,False,False,False
TON,Tonga,2001,29.364,1753.51667576626,,16.5,,103288.0,89.1948394556071,False,,False,0.0,False,0.0,False,,False,0.0,False,False,False,False,False
TON,Tonga,2002,29.549,1759.4805324576,,16.0,,103874.0,89.1977672693598,False,,False,0.0,False,0.0,False,,False,0.0,False,False,False,False,False
TON,Tonga,2003,29.887,1936.04104012389,,15.6,,104464.0,89.200794074455,False,,False,0.0,False,0.0,False,,False,-0.05263157894736835,False,False,False,False,False
TON,Tonga,2004,29.997,2195.44890047673,,15.2,,105071.0,89.2038246506717,False,,False,0.0,False,0.0,False,,False,-0.06461538461538466,False,False,False,False,False
TON,Tonga,2005,30.013,2477.72620144825,,14.8,,105671.0,89.6551557415148,False,,False,0.0,False,0.0,False,,False,-0.0773067331670822,False,False,False,False,False
TON,Tonga,2006,29.519,2750.34778600857,99.0199966430664,14.4,,106253.0,90.1063131747226,False,,False,0.0,False,0.0,False,0.0,False,-0.07810499359795127,False,False,False,False,False
TON,Tonga,2007,29.038,2797.06560109144,99.0199966430664,14.0,,106726.0,90.558457375061,False,,False,0.0,False,0.0,True,1.0,False,-0.07894736842105259,False,False,False,False,False
TON,Tonga,2008,28.717,3218.45303993196,99.0199966430664,13.7,,107020.0,91.0111252112613,False,,False,0.0,False,0.0,True,2.0,False,-0.07432432432432441,False,False,False,False,False
TON,Tonga,2009,28.398,2914.23774004564,99.0199966430664,13.4,,107203.0,91.4632691263774,False,,False,0.0,False,0.0,True,3.0,False,-0.07073509015256574,False,False,False,False,False
TON,Tonga,2010,28.008,3416.08356601207,99.0199966430664,13.1,,107400.0,91.914895774654,False,,False,0.0,False,0.0,True,4.0,False,-0.06827880512091032,False,False,False,False,False
TON,Tonga,2011,27.656,3849.99375750134,99.3899993896484,12.8,,107570.0,92.0921967178499,False,,False,0.0,False,0.0,False,0.0,False,-0.06705539358600571,False,False,False,False,False
TON,Tonga,2012,27.277,4384.17058724217,99.3899993896484,12.6,8.1,107460.0,92.2619222236095,False,0.0,False,0.0,False,0.0,True,1.0,False,-0.05970149253731349,False,False,False,False,False
TON,Tonga,2013,26.866,4219.24670113014,99.3899993896484,12.3,8.1,107078.0,92.4258220900949,True,1.0,False,0.0,False,0.0,True,2.0,False,-0.06249999999999989,False,False,False,False,False
TON,Tonga,2014,26.391,4136.59010898445,99.3899993896484,12.1,8.1,106609.0,92.587068935407,True,2.0,False,0.0,False,0.0,True,3.0,False,-0.0576323987538941,False,False,False,False,False
TON,Tonga,2015,25.834,4123.90347238813,99.3899993896484,11.9,8.1,106095.0,92.7457956111317,True,3.0,False,0.0,False,0.0,True,4.0,False,-0.05405405405405403,False,False,False,False,False
TON,Tonga,2016,25.229,3987.98618837043,97.1500015258789,11.6,8.1,105524.0,92.9019205295168,True,4.0,False,0.0,False,0.0,False,0.0,False,-0.059967585089141025,False,False,False,False,False
TON,Tonga,2017,24.514,4365.92929788648,97.1500015258789,11.4,8.1,105356.0,93.0554424910355,True,5.0,False,0.0,False,0.0,True,1.0,False,-0.057851239669421434,False,False,False,False,False
TON,Tonga,2018,24.144,4675.04776047973,97.1500015258789,11.1,8.1,105567.0,93.2070910925577,True,6.0,False,0.0,False,0.0,True,2.0,False,-0.06408094435075884,False,False,False,False,False
TON,Tonga,2019,23.849,4788.83350468584,91.0500030517578,10.9,2.2,105669.0,93.3566618540617,False,0.0,False,0.0,False,0.0,False,0.0,False,-0.06196213425129093,False,False,False,False,False
TON,Tonga,2020,23.634,4792.35872413906,91.0500030517578,10.6,2.2,105704.0,93.5041088737025,True,1.0,False,0.0,False,0.0,True,1.0,False,-0.06854130052724072,False,False,False,False,False
TON,Tonga,2021,23.507,4922.8015864044,91.0500030517578,10.4,2.2,105490.0,93.6491554246251,True,2.0,False,0.0,False,0.0,True,2.0,False,-0.06474820143884898,False,False,False,False,False
TON,Tonga,2022,23.35,5298.01942454298,91.0500030517578,10.1,2.2,105042.0,93.7917923415777,True,3.0,False,0.0,False,0.0,True,3.0,False,-0.07169117647058819,False,False,False,False,False
TON,Tonga,2023,23.117,5651.59357939286,99.4800033569336,9.8,2.2,104597.0,93.9318098810781,True,4.0,False,0.0,False,0.0,False,0.0,True,-0.07721280602636536,False,False,False,False,False
TTO,Trinidad and Tobago,2000,14.869,6178.58975559687,,28.8,5.3,1319774.0,,False,0.0,False,,False,0.0,False,,False,0.0,False,False,False,False,True
TTO,Trinidad and Tobago,2001,14.731,6657.41466937221,,28.5,5.3,1325567.0,,True,1.0,False,,False,0.0,False,,False,0.0,False,False,False,False,True
TTO,Trinidad and Tobago,2002,14.528,6762.93080808096,,28.1,5.3,1332011.0,,True,2.0,False,,False,0.0,False,,False,0.0,False,False,False,False,True
TTO,Trinidad and Tobago,2003,14.407,8445.04653518298,,27.7,5.3,1338709.0,,True,3.0,False,,False,0.0,False,,False,-0.02693208430913358,False,False,False,False,True
TTO,Trinidad and Tobago,2004,14.286,9871.03419820086,,27.3,5.3,1345380.0,,True,4.0,False,,False,0.0,False,,False,-0.03448275862068958,False,False,False,False,True
TTO,Trinidad and Tobago,2005,14.33,12346.4373094075,,26.9,5.3,1294494.0,94.3756517863125,True,5.0,False,0.0,False,0.0,False,,False,-0.04202279202279214,False,False,False,False,True
TTO,Trinidad and Tobago,2006,14.39,14152.6607422113,,26.5,5.3,1297944.0,94.3805673799329,True,6.0,False,0.0,False,0.0,False,,False,-0.04332129963898915,False,False,False,False,True
TTO,Trinidad and Tobago,2007,14.372,16606.675360681,,26.1,5.3,1303188.0,94.3855102571565,True,7.0,False,0.0,False,0.0,False,,False,-0.04395604395604393,False,False,False,False,True
TTO,Trinidad and Tobago,2008,14.287,21298.9945258063,,25.7,5.3,1308587.0,94.3904280017838,True,8.0,False,0.0,False,0.0,False,,False,-0.04460966542750927,False,False,False,False,True
TTO,Trinidad and Tobago,2009,14.221,14634.0565003912,,25.3,5.3,1310106.0,94.3953687318109,True,9.0,False,0.0,False,0.0,False,,False,-0.045283018867924504,False,False,False,False,True
TTO,Trinidad and Tobago,2010,14.087,16815.424737361,,24.8,5.3,1317714.0,94.3852371604895,True,10.0,False,0.0,False,0.0,False,,False,-0.04980842911877397,False,False,False,False,True
TTO,Trinidad and Tobago,2011,13.928,19151.0870229722,,24.4,9.2,1328019.0,94.3740852058431,False,0.0,False,0.0,False,0.0,False,,False,-0.04984423676012466,False,False,False,False,True
TTO,Trinidad and Tobago,2012,13.749,20332.1389531925,,23.9,9.2,1335194.0,94.3614743999076,True,1.0,False,0.0,False,0.0,False,,False,-0.053840063341251104,False,False,False,False,True
TTO,Trinidad and Tobago,2013,13.51,21304.9777496628,,23.5,9.2,1340557.0,94.3476328778078,True,2.0,False,0.0,False,0.0,False,,False,-0.05318291700241742,False,False,False,False,True
TTO,Trinidad and Tobago,2014,13.289,21908.3014555644,,23.1,9.2,1345343.0,94.3327824248919,True,3.0,False,0.0,False,0.0,False,,False,-0.05250205086136181,False,False,False,False,True
TTO,Trinidad and Tobago,2015,13.031,19887.2327716498,,22.7,9.2,1349667.0,94.317158860963,True,4.0,False,0.0,False,0.0,False,,False,-0.051796157059314896,False,False,False,False,True
TTO,Trinidad and Tobago,2016,12.804,17449.1538801956,,22.3,9.2,1353895.0,94.3009655351862,True,5.0,False,0.0,False,0.0,False,,False,-0.05187074829931968,False,False,False,False,True
TTO,Trinidad and Tobago,2017,12.491,17566.0999700656,,22.0,9.2,1356633.0,94.2844344672468,True,6.0,False,0.0,False,0.0,False,,False,-0.04761904761904768,False,False,False,False,True
TTO,Trinidad and Tobago,2018,12.06,17571.498737278,,21.6,9.2,1359193.0,94.2677930697495,True,7.0,False,0.0,False,0.0,False,,False,-0.04929577464788722,False,False,False,False,True
TTO,Trinidad and Tobago,2019,12.088,17212.6128892163,,21.2,9.2,1363985.0,94.251259726399,True,8.0,False,0.0,False,0.0,False,,False,-0.05102954341987469,False,False,False,False,True
TTO,Trinidad and Tobago,2020,11.647,15283.6270531554,,20.8,9.2,1366725.0,94.2350621411755,True,9.0,False,0.0,False,0.0,False,,False,-0.05282331511839709,False,False,False,False,True
TTO,Trinidad and Tobago,2021,11.291,17712.5674104655,,20.4,9.2,1367558.0,94.2194207686008,True,10.0,False,0.0,False,0.0,False,,False,-0.054680259499536754,False,False,False,False,True
TTO,Trinidad and Tobago,2022,10.987,20750.5202434652,,19.9,9.2,1365805.0,94.204562265161,True,11.0,False,0.0,False,0.0,False,,False,-0.06132075471698117,False,False,False,False,True
TTO,Trinidad and Tobago,2023,10.708,18308.4536298575,,19.3,9.2,1367510.0,94.1907029265778,True,12.0,False,0.0,False,0.0,False,,True,-0.07122232916265626,True,False,False,False,True
TUN,Tunisia,2000,16.549,2199.04465936314,,29.2,16.8,9764935.0,77.6805623507761,False,0.0,False,0.0,False,0.0,False,,False,0.0,False,False,False,False,False
TUN,Tunisia,2001,16.227,2235.71981624751,,27.2,16.8,9869677.0,78.3012933034024,True,1.0,False,0.0,False,0.0,False,,False,0.0,False,False,False,False,False
TUN,Tunisia,2002,16.036,2320.7723805785,,25.5,16.8,9971515.0,79.2381759455373,True,2.0,False,0.0,False,0.0,False,,False,0.0,False,False,False,False,False
TUN,Tunisia,2003,16.249,2725.8643148859,,24.0,16.8,10071632.0,80.1731149302556,True,3.0,False,0.0,False,0.0,False,,False,-0.12087912087912091,False,False,False,False,False
TUN,Tunisia,2004,16.333,3067.41936376975,74.3000030517578,22.7,16.8,10166163.0,81.0995386424089,True,4.0,False,0.0,False,0.0,False,0.0,False,-0.14258734655335228,False,False,False,False,False
TUN,Tunisia,2005,16.496,3146.8260743927,74.3000030517578,21.6,16.8,10255472.0,81.9968796979531,True,5.0,False,0.0,False,0.0,True,1.0,False,-0.16018662519440116,False,False,False,False,False
TUN,Tunisia,2006,16.612,3322.56933570096,74.3000030517578,20.7,9.0,10346410.0,82.8949793127084,False,0.0,False,0.0,False,0.0,True,2.0,False,-0.14462809917355374,False,False,False,False,False
TUN,Tunisia,2007,16.769,3726.91672935667,77.1900024414062,20.0,9.0,10441702.0,83.7929328669292,True,1.0,False,0.0,False,0.0,False,0.0,False,-0.12663755458515277,False,False,False,False,False
TUN,Tunisia,2008,17.008,4255.05008019523,77.7099990844727,19.4,9.0,10542635.0,84.6908993579876,True,2.0,False,0.0,False,0.0,False,0.0,False,-0.11009174311926614,False,False,False,False,False
TUN,Tunisia,2009,17.303,4080.09032448781,77.7099990844727,19.0,9.0,10650681.0,85.5886831809273,True,3.0,False,0.0,False,0.0,True,1.0,False,-0.09003831417624532,False,False,False,False,False
TUN,Tunisia,2010,17.94,4291.86120891575,79.129997253418,18.7,9.0,10765980.0,86.4858177057762,True,4.0,False,0.0,False,0.0,False,0.0,False,-0.07149950347567037,False,False,False,False,False
TUN,Tunisia,2011,18.892,4420.64772206537,79.6500015258789,18.5,9.0,10886035.0,87.3826542238521,True,5.0,False,0.0,False,0.0,False,0.0,False,-0.05419222903885475,False,False,False,False,False
TUN,Tunisia,2012,19.58,4297.26782454273,80.2200012207031,18.4,10.1,11009647.0,88.2787188281284,False,0.0,False,0.0,False,0.0,False,0.0,False,-0.03765690376569032,False,False,False,False,False
TUN,Tunisia,2013,19.755,4369.79345826358,80.2200012207031,18.3,10.1,11141361.0,89.1734065275524,True,1.0,False,0.0,False,0.0,True,1.0,False,-0.02659574468085088,False,False,False,False,False
TUN,Tunisia,2014,19.658,4458.97895464547,79.0400009155273,18.3,10.1,11274288.0,90.0672030566408,True,2.0,False,0.0,False,0.0,False,0.0,False,-0.015069967707212115,False,False,False,False,False
TUN,Tunisia,2015,19.415,4014.94773686432,79.0400009155273,18.2,10.1,11402264.0,90.9610365626904,True,3.0,False,0.0,False,0.0,True,1.0,False,-0.013015184381778849,False,False,False,False,False
TUN,Tunisia,2016,18.954,3847.80354448809,79.0400009155273,18.1,10.1,11528674.0,91.8540914293083,True,4.0,False,0.0,False,0.0,True,2.0,False,-0.013086150490730367,False,False,False,False,False
TUN,Tunisia,2017,18.168,3619.03247319953,79.0400009155273,17.9,10.1,11650498.0,92.7457440160073,True,5.0,False,0.0,False,0.0,True,3.0,False,-0.019715224534501613,False,False,False,False,False
TUN,Tunisia,2018,17.344,3628.10366464236,79.4800033569336,17.5,8.4,11765514.0,93.6354735142668,False,0.0,False,0.0,False,0.0,False,0.0,False,-0.03634361233480196,False,False,False,False,False
TUN,Tunisia,2019,16.82,3528.87213306798,80.5500030517578,16.9,8.4,11875081.0,94.5224940632681,True,1.0,False,0.0,False,0.0,False,0.0,False,-0.06111111111111119,False,False,False,False,False
TUN,Tunisia,2020,15.787,3548.65363663803,80.5500030517578,16.0,8.4,11974057.0,95.4060813673203,True,2.0,False,0.0,False,0.0,True,1.0,False,-0.09706546275395028,False,False,False,False,False
TUN,Tunisia,2021,13.999,3906.93926319391,83.6800003051758,15.0,8.4,12048622.0,96.2856817943005,True,3.0,False,0.0,False,0.0,False,0.0,False,-0.1319444444444445,False,False,False,False,False
TUN,Tunisia,2022,14.124,3707.29283414381,83.6800003051758,13.9,8.4,12119334.0,97.1606271679566,True,4.0,False,0.0,False,0.0,True,1.0,False,-0.16566626650660263,False,False,False,False,False
TUN,Tunisia,2023,13.748,3951.11683376921,86.25,12.9,8.4,12200431.0,97.9849156132874,True,5.0,False,0.0,False,0.0,False,0.0,True,-0.1866330390920556,False,False,False,False,False
TUR,Turkiye,2000,21.42,4199.3798635759,,37.2,,65425961.0,86.5326055844195,False,,False,0.0,False,0.0,False,,False,0.0,False,False,False,False,False
TUR,Turkiye,2001,20.593,3052.2256706793,,34.5,,66245128.0,86.6924044195484,False,,False,0.0,False,0.0,False,,False,0.0,False,False,False,False,False
TUR,Turkiye,2002,19.531,3591.08628982587,,32.0,,67048795.0,87.4876884090788,False,,False,0.0,False,0.0,False,,False,0.0,False,False,False,False,False
TUR,Turkiye,2003,18.949,4649.63668068586,,29.6,,67831730.0,88.2670291386027,False,,False,0.0,False,0.0,False,,False,-0.1436837029893925,False,False,False,False,False
TUR,Turkiye,2004,18.857,5979.6054216148,87.370002746582,27.4,15.2,68592617.0,89.0308156718015,False,0.0,False,0.0,False,0.0,False,0.0,False,-0.17779444861215316,False,False,False,False,False
TUR,Turkiye,2005,18.794,7331.85429430255,88.2300033569336,25.3,15.2,69329557.0,89.7785316915136,True,1.0,False,0.0,False,0.0,False,0.0,False,-0.21281891723708773,False,False,False,False,False
TUR,Turkiye,2006,18.686,7990.08251407245,88.120002746582,23.5,15.2,70045349.0,90.5110315275318,True,2.0,False,0.0,False,0.0,False,0.0,False,-0.21034946236559143,False,False,False,False,False
TUR,Turkiye,2007,18.4,9766.91734545294,88.6600036621094,21.8,15.2,70158112.0,91.2280737248533,True,3.0,False,0.0,False,0.0,False,0.0,False,-0.20899854862119016,False,False,False,False,False
TUR,Turkiye,2008,18.2,10913.4079047769,88.6600036621094,20.3,12.5,71051678.0,91.9302207848415,False,0.0,False,0.0,False,0.0,True,1.0,False,-0.2045454545454545,False,False,False,False,False
TUR,Turkiye,2009,17.6,9076.92472236977,90.8199996948242,18.9,12.5,72039206.0,92.6170977664848,True,1.0,False,0.0,False,0.0,False,0.0,False,-0.20118343195266292,False,False,False,False,False
TUR,Turkiye,2010,17.2,10698.9699409757,92.6600036621094,17.6,12.5,73142150.0,93.2892782391218,True,2.0,False,0.0,False,0.0,False,0.0,False,-0.19854280510018213,False,False,False,False,False
TUR,Turkiye,2011,16.9,11373.6355760885,94.1100006103516,16.6,12.5,74223629.0,93.9467893956226,True,3.0,False,0.0,False,0.0,False,0.0,False,-0.18707149853085211,False,False,False,False,False
TUR,Turkiye,2012,17.2,11776.7593362033,94.9199981689453,15.6,12.5,75175827.0,94.5901003264673,True,4.0,False,0.0,False,0.0,False,0.0,False,-0.180672268907563,False,False,False,False,False
TUR,Turkiye,2013,17.0,12635.5570016068,95.2600021362305,14.7,10.0,76147624.0,95.2181862351683,False,0.0,False,0.0,False,0.0,False,0.0,False,-0.17415730337078675,False,False,False,False,False
TUR,Turkiye,2014,17.5,12209.3862327674,95.4400024414062,14.0,10.0,77181884.0,95.8319919153338,True,1.0,False,0.0,False,0.0,False,0.0,False,-0.16067146282973618,False,False,False,False,False
TUR,Turkiye,2015,17.1,11064.6494504662,95.5999984741211,13.3,10.0,78218479.0,96.4317908505569,True,2.0,False,0.0,False,0.0,False,0.0,False,-0.15286624203821647,False,False,False,False,False
TUR,Turkiye,2016,16.6,10984.3643169061,95.8600006103516,12.7,10.0,79277962.0,97.0180744384543,True,3.0,False,0.0,False,0.0,False,0.0,False,-0.1442048517520216,False,False,False,False,False
TUR,Turkiye,2017,16.2,10756.3877677883,96.1500015258789,12.2,10.0,80312698.0,97.5910900486757,True,4.0,False,0.0,False,0.0,False,0.0,False,-0.13229018492176384,False,False,False,False,False
TUR,Turkiye,2018,15.4,9684.11819884721,96.1500015258789,11.7,6.0,81407204.0,98.1513969936455,False,0.0,False,0.0,False,0.0,True,1.0,False,-0.12556053811659204,False,False,False,False,False
TUR,Turkiye,2019,14.4,9395.23378001368,96.7399978637695,11.3,6.0,82579440.0,98.6993304992011,True,1.0,False,0.0,False,0.0,False,0.0,False,-0.11580594679186218,False,False,False,False,False
TUR,Turkiye,2020,13.4,8798.11791709313,96.7399978637695,10.9,6.0,83384680.0,99.2307423449242,True,2.0,False,0.0,False,0.0,True,1.0,False,-0.1094771241830064,False,False,False,False,False
TUR,Turkiye,2021,12.9,9981.76398411336,97.2600021362305,10.6,6.0,84147318.0,99.2429248259355,True,3.0,False,0.0,False,0.0,False,0.0,False,-0.09863945578231294,False,False,False,False,False
TUR,Turkiye,2022,12.2,10897.8397861365,97.2600021362305,10.2,6.0,84979913.0,99.2548217497769,True,4.0,False,0.0,False,0.0,True,1.0,False,-0.10052910052910058,False,False,False,False,False
TUR,Turkiye,2023,11.2,13375.0947282864,97.2600021362305,13.8,6.0,85325965.0,99.2664132586442,True,5.0,False,0.0,False,0.0,True,2.0,True,0.2614259597806215,True,False,False,False,False
TUV,Tuvalu,2000,26.641,1559.22072281826,,42.8,,9544.0,78.9362425407756,False,,False,0.0,False,0.0,False,,False,0.0,False,False,False,False,True
TUV,Tuvalu,2001,25.597,1475.03705936258,,41.8,,9586.0,79.3657428797952,False,,False,0.0,False,0.0,False,,False,0.0,False,False,False,False,True
TUV,Tuvalu,2002,24.464,1729.16968588975,,40.8,,9623.0,79.792403408127,False,,False,0.0,False,0.0,False,,False,0.0,False,False,False,False,True
TUV,Tuvalu,2003,23.632,2020.10103886055,,40.0,,9695.0,80.2316998514364,False,,False,0.0,False,0.0,False,,False,-0.04306220095693773,False,False,False,False,True
TUV,Tuvalu,2004,23.09,2330.77403351989,,39.1,,9816.0,80.6725239368512,False,,False,0.0,False,0.0,False,,False,-0.054413542926239254,False,False,False,False,True
TUV,Tuvalu,2005,22.746,2298.44257265761,,38.1,,9940.0,81.1061453638606,False,,False,0.0,False,0.0,False,,False,-0.06845965770171142,False,False,False,False,True
TUV,Tuvalu,2006,22.438,2413.97836453913,,36.9,,10056.0,81.6022136044618,False,,False,0.0,False,0.0,False,,False,-0.07657657657657647,False,False,False,False,True
TUV,Tuvalu,2007,21.859,2803.75365477849,,35.6,10.0,10182.0,82.0929697634575,False,0.0,False,0.0,False,0.0,False,,False,-0.08671113391482817,False,False,False,False,True
TUV,Tuvalu,2008,21.685,3062.00125965971,,34.2,10.0,10321.0,82.5784281170616,True,1.0,False,0.0,False,0.0,False,,False,-0.09857670005271485,False,False,False,False,True
TUV,Tuvalu,2009,21.876,2662.42865634448,,32.8,10.0,10461.0,83.0584767783353,True,2.0,False,0.0,False,0.0,False,,False,-0.10821098423056003,False,False,False,False,True
TUV,Tuvalu,2010,22.175,3054.96154183353,,31.4,10.0,10614.0,83.5331982349857,True,3.0,False,0.0,False,0.0,False,,False,-0.11599099099099093,False,False,False,False,True
TUV,Tuvalu,2011,22.54,3679.5325726267,,30.2,10.0,10780.0,84.0026188953189,True,4.0,False,0.0,False,0.0,False,,False,-0.11644236395552957,False,False,False,False,True
TUV,Tuvalu,2012,22.887,3558.89749224226,,29.0,10.0,10934.0,84.4667679679391,True,5.0,False,0.0,False,0.0,False,,False,-0.1169305724725943,False,False,False,False,True
TUV,Tuvalu,2013,22.831,3524.00277634143,,28.0,10.0,11001.0,84.9256140127628,True,6.0,False,0.0,False,0.0,False,,False,-0.11167512690355329,False,False,False,False,True
TUV,Tuvalu,2014,22.975,3518.13249227107,,26.9,10.0,10984.0,85.3791357361949,True,7.0,False,0.0,False,0.0,False,,False,-0.1116248348745047,False,False,False,False,True
TUV,Tuvalu,2015,23.339,3352.66722400181,,26.0,10.0,10963.0,85.8275541717816,True,8.0,False,0.0,False,0.0,False,,False,-0.10652920962199317,False,False,False,False,True
TUV,Tuvalu,2016,23.76,3779.15293916285,,25.2,10.0,10930.0,86.2711177988143,True,9.0,False,0.0,False,0.0,False,,False,-0.10064239828693791,False,False,False,False,True
TUV,Tuvalu,2017,24.284,4166.79162422818,,24.3,10.0,10869.0,86.7100762257543,True,10.0,False,0.0,False,0.0,False,,False,-0.10066617320503327,False,False,False,False,True
TUV,Tuvalu,2018,24.927,4467.21144027065,,23.5,10.0,10751.0,87.1446773088525,True,11.0,False,0.0,False,0.0,False,,False,-0.09892638036809823,False,False,False,False,True
TUV,Tuvalu,2019,24.867,5058.85266607659,,22.7,5.7,10581.0,87.5751591368596,False,0.0,False,0.0,False,0.0,False,,False,-0.09849086576648135,False,False,False,False,True
TUV,Tuvalu,2020,24.632,5029.57159284173,,21.9,5.7,10399.0,88.0017857400393,True,1.0,False,0.0,False,0.0,False,,False,-0.10024650780608045,False,False,False,False,True
TUV,Tuvalu,2021,24.35,6042.51983141155,,21.2,5.7,10194.0,88.424780639943,True,2.0,False,0.0,False,0.0,False,,False,-0.09863945578231294,False,False,False,False,True
TUV,Tuvalu,2022,24.084,5414.74642912412,100.0,20.5,5.7,9992.0,88.8444072299231,True,3.0,False,0.0,False,0.0,False,0.0,False,-0.0977112676056339,False,False,False,False,True
TUV,Tuvalu,2023,23.075,5143.8397437226,100.0,19.8,5.7,9816.0,89.2608901052421,True,4.0,False,0.0,False,0.0,True,1.0,True,-0.09836065573770492,False,False,False,False,True
TZA,Tanzania,2000,41.528,401.698150634766,,128.0,,34260139.0,3.44646184127631,False,,False,0.0,False,0.0,False,,False,0.0,False,False,False,False,False
TZA,Tanzania,2001,41.398,396.638732910156,,120.3,,35198299.0,4.73290413603406,False,,False,0.0,False,0.0,False,,False,0.0,False,False,False,False,False
TZA,Tanzania,2002,41.171,402.649047851563,69.4300003051758,112.4,,36121304.0,6.02169752992319,False,,False,0.0,False,0.0,False,0.0,False,0.0,False,False,False,False,False
TZA,Tanzania,2003,41.335,422.18359375,69.4300003051758,105.0,,37089555.0,7.3420470245643,False,,False,0.0,False,0.0,True,1.0,False,-0.1266980870529526,False,False,False,False,False
TZA,Tanzania,2004,41.527,450.385284423828,69.4300003051758,98.3,44.4,38109668.0,8.68990145112376,False,0.0,False,0.0,False,0.0,True,2.0,False,-0.15567962207429675,False,False,False,False,False
TZA,Tanzania,2005,41.465,483.334869384766,69.4300003051758,92.2,44.4,39182076.0,10.0407875300945,True,1.0,False,0.0,False,0.0,True,3.0,False,-0.18262411347517726,False,False,False,False,False
TZA,Tanzania,2006,40.973,475.746734619141,69.4300003051758,86.7,44.4,40294902.0,11.3955838103187,True,2.0,False,0.0,False,0.0,True,4.0,False,-0.17928814842862562,False,False,False,False,False
TZA,Tanzania,2007,40.168,543.198303222656,69.4300003051758,81.3,44.4,41435512.0,12.7548704063114,True,3.0,False,0.0,False,0.0,True,5.0,False,-0.1781237363526082,False,False,False,False,False
TZA,Tanzania,2008,39.579,675.977233886719,69.4300003051758,76.6,44.4,42570728.0,14.1197491698762,True,4.0,False,0.0,False,0.0,True,6.0,False,-0.17367853290183397,False,False,False,False,False
TZA,Tanzania,2009,39.162,693.823547363281,69.4300003051758,72.0,43.2,43633982.0,15.4903054261921,False,0.0,False,0.0,False,0.0,True,7.0,False,-0.1726039990806712,False,False,False,False,False
TZA,Tanzania,2010,38.756,736.530151367188,69.4300003051758,68.2,42.1,44758488.0,16.8680409613497,False,0.0,False,0.0,False,0.0,True,8.0,False,-0.16585127201565558,False,False,False,False,False
TZA,Tanzania,2011,38.108,775.392761230469,69.4300003051758,64.6,35.0,46029367.0,18.2532282424589,False,0.0,False,0.0,False,0.0,True,9.0,False,-0.16060291060291076,False,False,False,False,False
TZA,Tanzania,2012,38.102,861.969909667969,78.0999984741211,61.7,35.0,47374260.0,19.6470733482155,True,1.0,False,0.0,False,0.0,False,0.0,False,-0.14943479459608494,False,False,False,False,False
TZA,Tanzania,2013,38.408,963.05712890625,78.0999984741211,59.0,37.4,48824128.0,21.049832968174,False,0.0,False,0.0,False,0.0,True,1.0,False,-0.14019236374234922,False,False,False,False,False
TZA,Tanzania,2014,38.355,1022.74841308594,79.8949432291161,56.3,34.7,50351512.0,22.4616949820223,False,0.0,False,0.0,False,0.0,False,0.0,False,-0.13517665130568354,False,False,False,False,False
TZA,Tanzania,2015,37.622,939.127319335938,77.8899993896484,54.3,34.5,52020962.0,23.8834363913571,False,0.0,False,0.0,False,0.0,False,0.0,False,-0.12362814719173656,False,False,False,False,False
TZA,Tanzania,2016,37.632,953.0107421875,77.8899993896484,52.0,34.5,53824013.0,25.3153858621226,True,1.0,False,0.0,False,0.0,True,1.0,False,-0.12132477188239259,False,False,False,False,False
TZA,Tanzania,2017,37.611,986.674011230469,77.8899993896484,49.8,34.5,55652890.0,26.7585271322434,True,2.0,False,0.0,False,0.0,True,2.0,False,-0.12107306741969655,False,False,False,False,False
TZA,Tanzania,2018,37.335,1023.10626220703,77.8899993896484,47.6,31.8,57437145.0,28.2133927251419,False,0.0,False,0.0,False,0.0,True,3.0,False,-0.1230655858511421,False,False,False,False,False
TZA,Tanzania,2019,36.883,1063.32250976563,77.8899993896484,45.6,31.8,59174891.0,29.6802357492442,True,1.0,False,0.0,False,0.0,True,4.0,False,-0.12307692307692306,False,False,False,False,False
TZA,Tanzania,2020,36.437,1117.41528320313,82.2361019196766,43.8,31.8,60972798.0,31.1602899873696,True,2.0,False,0.0,False,0.0,False,0.0,False,-0.12154031287605299,False,False,False,False,False
TZA,Tanzania,2021,36.015,1159.85656738281,82.2361019196766,41.7,32.7,62830412.0,32.6535108479798,False,0.0,False,0.0,False,0.0,True,1.0,False,-0.12688442211055267,False,False,False,False,False
TZA,Tanzania,2022,35.637,1207.52062988281,78.2099990844727,40.1,30.0,64711821.0,34.1608687863697,False,0.0,False,0.0,False,0.0,False,0.0,False,-0.12253829321663022,False,False,False,False,False
TZA,Tanzania,2023,35.222,1224.00219726563,78.2099990844727,38.5,30.0,66617606.0,35.6824982712263,True,1.0,False,0.0,False,0.0,True,1.0,True,-0.12020109689213904,False,False,False,False,False
UGA,Uganda,2000,48.247,258.050338731086,,143.9,44.9,24000150.0,14.7116633613524,False,0.0,False,0.0,False,0.0,False,,False,0.0,False,False,False,False,False
UGA,Uganda,2001,47.915,236.021188853993,,137.2,44.9,24745676.0,15.1044104366213,True,1.0,False,0.0,False,0.0,False,,False,0.0,False,False,False,False,False
UGA,Uganda,2002,47.446,241.984688408335,68.1399993896484,129.9,44.9,25532870.0,15.4966529446954,True,2.0,False,0.0,False,0.0,False,0.0,False,0.0,False,False,False,False,False
UGA,Uganda,2003,46.962,250.71543664681,68.1399993896484,122.1,44.9,26352124.0,15.8883472908915,True,3.0,False,0.0,False,0.0,True,1.0,False,-0.10875912408759128,False,False,False,False,False
UGA,Uganda,2004,46.508,292.38185796262,68.1399993896484,114.2,44.9,27154515.0,16.2795981231902,True,4.0,False,0.0,False,0.0,True,2.0,False,-0.14312511723879198,False,False,False,False,False
UGA,Uganda,2005,45.833,330.405402707025,68.1399993896484,106.5,44.9,27963289.0,16.6697698999299,True,5.0,False,0.0,False,0.0,True,3.0,False,-0.17735207786188772,False,False,False,False,False
UGA,Uganda,2006,45.184,346.518255310647,71.370002746582,99.2,38.4,28794003.0,17.0595600245412,False,0.0,False,0.0,False,0.0,False,0.0,False,-0.1867519265453352,False,False,False,False,False
UGA,Uganda,2007,44.524,401.389130865581,71.370002746582,92.5,38.4,29653430.0,17.4484827686049,True,1.0,False,0.0,False,0.0,True,1.0,False,-0.19129218394824266,False,False,False,False,False
UGA,Uganda,2008,43.784,472.842681495852,71.370002746582,86.4,38.4,30539553.0,17.8367866196346,True,2.0,False,0.0,False,0.0,True,2.0,False,-0.19176800748362954,False,False,False,False,False
UGA,Uganda,2009,43.381,798.947089938247,71.370002746582,81.2,38.2,31451151.0,18.2241387733923,False,0.0,False,0.0,False,0.0,True,3.0,False,-0.18604651162790686,False,False,False,False,False
UGA,Uganda,2010,42.889,823.488144282,73.2099990844727,76.0,38.2,32390802.0,18.6107811745522,True,1.0,False,0.0,False,0.0,False,0.0,False,-0.1841992271361099,False,False,False,False,False
UGA,Uganda,2011,42.22,835.620060555838,73.2099990844727,70.9,33.5,33354543.0,18.9965285314938,False,0.0,False,0.0,False,0.0,True,1.0,False,-0.18561911325522623,False,False,False,False,False
UGA,Uganda,2012,41.419,795.222867553127,70.1999969482422,66.5,33.7,34337438.0,19.3814718588075,False,0.0,False,0.0,False,0.0,False,0.0,False,-0.18304668304668312,False,False,False,False,False
UGA,Uganda,2013,40.551,818.285427416713,70.1999969482422,62.8,33.7,35337042.0,19.7651604775123,True,1.0,False,0.0,False,0.0,True,1.0,False,-0.17585301837270348,False,False,False,False,False
UGA,Uganda,2014,39.714,896.054795546394,68.5100021362305,60.2,34.0,36395539.0,20.1480923027985,False,0.0,False,0.0,False,0.0,False,0.0,False,-0.1578063794068271,False,False,False,False,False
UGA,Uganda,2015,39.007,862.934610355811,68.5100021362305,57.9,30.4,37531446.0,20.5299518497404,False,0.0,False,0.0,False,0.0,True,1.0,False,-0.1394173602853746,False,False,False,False,False
UGA,Uganda,2016,38.279,752.696571725656,69.0999984741211,55.6,28.9,38799152.0,20.9104342628765,False,0.0,False,0.0,False,0.0,False,0.0,False,-0.1266101162425385,False,False,False,False,False
UGA,Uganda,2017,37.944,765.218332297361,69.0999984741211,54.0,28.9,40177388.0,21.2895047336164,True,1.0,False,0.0,False,0.0,True,1.0,False,-0.10891089108910894,False,False,False,False,False
UGA,Uganda,2018,37.673,792.16570022814,69.0999984741211,52.7,23.9,41565831.0,21.6668720905552,False,0.0,False,0.0,False,0.0,True,2.0,False,-0.09294320137693629,False,False,False,False,False
UGA,Uganda,2019,37.212,822.171150036357,69.0999984741211,51.6,23.9,42999637.0,22.0428914452572,True,1.0,False,0.0,False,0.0,True,3.0,False,-0.07988587731811692,False,False,False,False,False
UGA,Uganda,2020,36.803,845.766463890124,69.0999984741211,50.9,25.4,44457152.0,22.4171466106688,False,0.0,False,0.0,False,0.0,True,4.0,False,-0.06364974245768949,False,False,False,False,False
UGA,Uganda,2021,36.342,882.791717542504,79.0476540680567,50.2,25.4,45910930.0,22.789614286416,True,1.0,False,0.0,False,0.0,False,0.0,False,-0.052114803625377605,False,False,False,False,False
UGA,Uganda,2022,35.8,963.067314117178,79.0476540680567,50.0,24.4,47312719.0,23.1603896161507,False,0.0,False,0.0,False,0.0,True,1.0,False,-0.03623747108712405,False,False,False,False,False
UGA,Uganda,2023,35.201,1002.30913917142,80.5100021362305,49.4,24.4,48656601.0,23.5293222340079,True,1.0,False,0.0,False,0.0,False,0.0,True,-0.03288958496476115,False,False,False,False,False
UKR,Ukraine,2000,7.823,653.294311523438,,18.2,22.9,49556660.0,94.3966034938473,False,0.0,False,0.0,False,0.0,False,,False,0.0,False,True,False,False,True
UKR,Ukraine,2001,7.779,800.49072265625,99.4300003051758,17.4,22.9,49106855.0,94.5175683409695,True,1.0,False,0.0,False,0.0,False,0.0,False,0.0,False,True,False,False,True
UKR,Ukraine,2002,8.113,903.011901855469,99.4300003051758,16.6,22.9,48677281.0,94.6431371878903,True,2.0,False,0.0,False,0.0,True,1.0,False,0.0,False,True,False,False,True
UKR,Ukraine,2003,8.546,1076.48156738281,99.4300003051758,15.8,22.9,48315136.0,94.771552584454,True,3.0,False,0.0,False,0.0,True,2.0,False,-0.09195402298850582,False,True,False,False,True
UKR,Ukraine,2004,8.959,1401.01806640625,99.4300003051758,15.1,22.9,47979507.0,94.9541705931486,True,4.0,False,0.0,False,0.0,True,3.0,False,-0.11176470588235296,False,True,False,False,True
UKR,Ukraine,2005,9.12,1875.33508300781,99.4300003051758,14.5,22.9,47585556.0,95.1373679572065,True,5.0,False,0.0,False,0.0,True,4.0,False,-0.12755716004813464,False,True,False,False,True
UKR,Ukraine,2006,9.787,2366.494140625,99.4300003051758,14.0,22.9,47278694.0,95.3185357936314,True,6.0,False,0.0,False,0.0,True,5.0,False,-0.11838790931989919,False,True,False,False,True
UKR,Ukraine,2007,10.202,3160.32763671875,99.4300003051758,13.4,22.9,47062798.0,95.4986097698596,True,7.0,False,0.0,False,0.0,True,6.0,False,-0.11842105263157889,False,True,False,False,True
UKR,Ukraine,2008,11.014,4017.806640625,99.4300003051758,12.9,22.9,46819175.0,95.6776417950995,True,8.0,False,0.0,False,0.0,True,7.0,False,-0.11401098901098891,False,True,False,False,True
UKR,Ukraine,2009,11.201,2607.08764648438,99.4300003051758,12.3,22.9,46623731.0,95.8555810343647,True,9.0,False,0.0,False,0.0,True,8.0,False,-0.12017167381974246,False,True,False,False,True
UKR,Ukraine,2010,10.915,3039.63232421875,99.4300003051758,11.7,22.9,46456003.0,96.0284615654647,True,10.0,False,0.0,False,0.0,True,9.0,False,-0.12816691505216088,False,True,False,False,True
UKR,Ukraine,2011,11.054,3656.69799804688,99.4300003051758,11.2,22.9,46307853.0,96.2008848286648,True,11.0,False,0.0,False,0.0,True,10.0,False,-0.12908242612752724,False,True,False,False,True
UKR,Ukraine,2012,11.419,3951.34228515625,99.4300003051758,10.7,22.9,46210056.0,96.3728907161999,True,12.0,False,0.0,False,0.0,True,11.0,False,-0.13008130081300823,False,True,False,False,True
UKR,Ukraine,2013,11.172,4129.89697265625,99.4300003051758,10.2,22.9,46126770.0,96.5444853667447,True,13.0,False,0.0,False,0.0,True,12.0,False,-0.13265306122448983,False,True,False,False,True
UKR,Ukraine,2014,10.632,3054.908203125,99.4300003051758,9.8,22.9,45972380.0,96.7156593530627,True,14.0,False,0.0,False,0.0,True,13.0,False,-0.1265597147950089,False,True,False,False,True
UKR,Ukraine,2015,9.802,2094.47387695313,99.4300003051758,9.5,22.9,45784896.0,96.8342062972295,True,15.0,False,0.0,False,0.0,True,14.0,False,-0.11380597014925364,False,True,False,False,True
UKR,Ukraine,2016,9.614,2158.46118164063,99.4300003051758,9.1,22.9,45616832.0,96.9523458246156,True,16.0,False,0.0,False,0.0,True,15.0,False,-0.11478599221789881,False,True,False,False,True
UKR,Ukraine,2017,8.779,2604.28759765625,99.4300003051758,8.9,22.9,45436041.0,97.0700543014006,True,17.0,False,0.0,False,0.0,True,16.0,False,-0.09736308316430012,False,True,False,False,True
UKR,Ukraine,2018,8.125,3059.0517578125,99.4300003051758,8.7,22.9,45208907.0,97.1876990557354,True,18.0,False,0.0,False,0.0,True,17.0,False,-0.08421052631578956,False,True,False,False,True
UKR,Ukraine,2019,7.823,3619.86157226563,99.4300003051758,8.5,22.9,44957458.0,97.3052193099168,True,19.0,False,0.0,False,0.0,True,18.0,False,-0.07608695652173907,False,True,False,False,True
UKR,Ukraine,2020,7.555,3709.76928710938,99.4300003051758,8.4,22.9,44680014.0,97.3954990991366,True,20.0,False,0.0,False,0.0,True,19.0,False,-0.06040268456375848,False,True,False,False,True
UKR,Ukraine,2021,6.977,4775.94580078125,99.4300003051758,8.2,22.9,44298640.0,97.4790947349818,True,21.0,False,0.0,False,0.0,True,20.0,False,-0.05963302752293593,False,True,False,False,True
UKR,Ukraine,2022,5.679,4199.6708984375,99.4300003051758,8.5,22.9,41048766.0,97.5620782552435,True,22.0,False,0.0,False,0.0,True,21.0,False,-0.0046838407494146275,True,True,False,False,True
UKR,Ukraine,2023,5.625,5139.59814453125,99.4300003051758,8.0,22.9,37732836.0,97.6443648371652,True,23.0,False,0.0,False,0.0,True,22.0,True,-0.05437352245862874,False,True,False,False,True
URY,Uruguay,2000,15.952,6987.70098766257,,17.0,,3266206.0,93.4676984029791,False,,False,0.0,False,0.0,False,,False,0.0,False,False,False,False,False
URY,Uruguay,2001,15.695,6382.76104740859,,16.6,,3274251.0,93.4893466298161,False,,False,0.0,False,0.0,False,,False,0.0,False,False,False,False,False
URY,Uruguay,2002,15.644,4149.76140312687,,16.2,14.7,3278867.0,93.5102862936807,False,0.0,False,0.0,False,0.0,False,,False,0.0,False,False,False,False,False
URY,Uruguay,2003,15.275,3671.12329256883,,15.7,17.2,3281186.0,93.5306773335471,False,0.0,False,0.0,False,0.0,False,,False,-0.05421686746987944,False,False,False,False,False
URY,Uruguay,2004,15.078,4168.66065438387,,15.2,13.9,3283148.0,93.5503547896714,False,0.0,False,0.0,False,0.0,False,,False,-0.07175572519083974,False,False,False,False,False
URY,Uruguay,2005,15.096,5284.25677987129,,14.4,13.9,3285771.0,93.6843491795697,True,1.0,False,0.0,False,0.0,False,,False,-0.10780669144981414,False,False,False,False,False
URY,Uruguay,2006,14.829,6001.33294783172,97.7900009155273,13.6,13.9,3289506.0,93.9897585152977,True,2.0,False,0.0,False,0.0,False,0.0,False,-0.12932138284250957,False,False,False,False,False
URY,Uruguay,2007,14.613,7222.05403645877,97.8600006103516,12.7,11.8,3295153.0,94.2928439253095,False,0.0,False,0.0,False,0.0,False,0.0,False,-0.1544607190412783,False,False,False,False,False
URY,Uruguay,2008,14.449,9423.96562595893,98.1600036621094,11.9,11.8,3302177.0,94.5937831802879,True,1.0,False,0.0,False,0.0,False,0.0,False,-0.16899441340782112,False,False,False,False,False
URY,Uruguay,2009,14.328,9881.39573127081,98.2600021362305,11.3,11.8,3310091.0,94.8926045747565,True,2.0,False,0.0,False,0.0,False,0.0,False,-0.16666666666666655,False,False,False,False,False
URY,Uruguay,2010,14.246,12641.0576849008,98.0699996948242,10.8,11.8,3318580.0,95.1895101700608,True,3.0,False,0.0,False,0.0,False,0.0,False,-0.15492957746478864,False,False,False,False,False
URY,Uruguay,2011,14.052,15132.2675725587,98.3399963378906,10.4,11.7,3326825.0,95.4845379432559,False,0.0,False,0.0,False,0.0,False,0.0,False,-0.1376451077943614,False,False,False,False,False
URY,Uruguay,2012,14.208,16259.5940814256,98.4000015258789,10.0,11.7,3335401.0,95.7751867461269,True,1.0,False,0.0,False,0.0,False,0.0,False,-0.12434325744308244,False,False,False,False,False
URY,Uruguay,2013,14.336,18335.2594772322,98.3600006103516,9.7,5.0,3345337.0,96.0641764624979,False,0.0,False,0.0,False,0.0,False,0.0,False,-0.1084558823529413,False,False,False,False,False
URY,Uruguay,2014,14.235,18322.4276767157,98.4400024414062,9.3,5.0,3356334.0,96.352485578308,True,1.0,False,0.0,False,0.0,False,0.0,False,-0.10919540229885062,False,False,False,False,False
URY,Uruguay,2015,14.302,17125.9016800298,98.5199966430664,8.9,5.0,3368017.0,96.6401328300575,True,2.0,False,0.0,False,0.0,False,0.0,False,-0.11354581673306778,False,False,False,False,False
URY,Uruguay,2016,13.726,17009.7584207276,98.5599975585938,8.4,10.8,3379283.0,96.9271658776364,False,0.0,False,0.0,False,0.0,False,0.0,False,-0.13043478260869562,False,False,False,False,False
URY,Uruguay,2017,12.707,19184.6626114272,98.620002746582,8.0,10.8,3388438.0,97.2135571051318,True,1.0,False,0.0,False,0.0,False,0.0,False,-0.13606911447084247,False,False,False,False,False
URY,Uruguay,2018,11.687,19249.9404677501,98.6999969482422,7.7,6.9,3394534.0,97.4993671618489,False,0.0,False,0.0,False,0.0,False,0.0,False,-0.1309255079006771,False,False,False,False,False
URY,Uruguay,2019,10.894,18315.7350377437,98.7699966430664,7.5,6.9,3397206.0,97.784620083579,True,1.0,False,0.0,False,0.0,False,0.0,False,-0.11347517730496463,False,False,False,False,False
URY,Uruguay,2020,10.41,15757.5341990356,98.9596198051761,7.3,6.9,3398968.0,98.0693333151527,True,2.0,False,0.0,False,0.0,False,0.0,False,-0.09876543209876541,False,False,False,False,False
URY,Uruguay,2021,10.071,17881.8119616753,98.9596198051761,7.3,6.9,3396695.0,98.3535399904896,True,3.0,False,0.0,False,0.0,True,1.0,False,-0.06169665809768632,False,False,False,False,False
URY,Uruguay,2022,9.958,21009.2883798725,98.8499984741211,7.3,6.9,3390913.0,98.6365121038307,True,4.0,False,0.0,False,0.0,False,0.0,False,-0.03439153439153436,False,False,False,False,False
URY,Uruguay,2023,9.871,23378.6399733516,98.8254937778285,7.4,6.9,3388081.0,98.8933870836172,True,5.0,False,0.0,False,0.0,False,0.0,True,-0.002695417789757355,False,False,False,False,False
USA,United States,2000,14.4,36329.9702595751,,8.4,3.2,282162411.0,99.872730795484,False,0.0,False,0.0,False,0.0,False,,False,0.0,False,False,False,False,True
USA,United States,2001,14.1,37133.6203973517,,8.3,3.2,284968955.0,99.8724443985302,True,1.0,False,0.0,False,0.0,False,,False,0.0,False,False,False,False,True
USA,United States,2002,14.0,37997.7424300242,,8.2,3.1,287625193.0,99.8721627429703,False,0.0,False,0.0,False,0.0,False,,False,0.0,False,False,False,False,True
USA,United States,2003,14.1,39490.3023903176,,8.1,3.1,290107933.0,99.8718811730402,True,1.0,False,0.0,False,0.0,False,,False,-0.024096385542168593,False,False,False,False,True
USA,United States,2004,14.0,41724.6411982614,,8.1,2.9,292805298.0,99.871602174116,False,0.0,False,0.0,False,0.0,False,,False,-0.018181818181818226,False,False,False,False,True
USA,United States,2005,14.0,44123.3996470026,,8.0,2.9,295516599.0,99.8713252821496,True,1.0,False,0.0,False,0.0,False,,False,-0.026763990267639978,False,False,False,False,True
USA,United States,2006,14.3,46301.9876485519,,7.9,3.1,298379912.0,99.8710519405417,False,0.0,False,0.0,False,0.0,False,,False,-0.02948402948402951,False,False,False,False,True
USA,United States,2007,14.3,48050.227412195,,7.7,3.1,301231207.0,99.8707752095931,True,1.0,False,0.0,False,0.0,False,,False,-0.044665012406947716,False,False,False,False,True
USA,United States,2008,14.0,48570.0594269601,,7.6,2.3,304093966.0,99.8705039493181,False,0.0,False,0.0,False,0.0,False,,False,-0.04522613065326648,False,False,False,False,True
USA,United States,2009,13.5,47194.9500893872,,7.5,2.3,306771529.0,99.8702348006488,True,1.0,False,0.0,False,0.0,False,,False,-0.04580152671755718,False,False,False,False,True
USA,United States,2010,13.0,48642.6312088213,,7.3,2.8,309378227.0,99.8705368602466,False,0.0,False,0.0,False,0.0,False,,False,-0.05684754521963818,False,False,False,False,True
USA,United States,2011,12.7,50024.8812320773,,7.2,2.8,311839461.0,99.8480037254906,True,1.0,False,0.0,False,0.0,False,,False,-0.052631578947368356,False,False,False,False,True
USA,United States,2012,12.6,51708.3940614082,,7.0,2.2,314339099.0,99.8259022136233,False,0.0,False,0.0,False,0.0,False,,False,-0.06166219839142079,False,False,False,False,True
USA,United States,2013,12.4,53297.3862901595,,6.9,2.2,316726282.0,99.8042412350329,True,1.0,False,0.0,False,0.0,False,,False,-0.057377049180327856,False,False,False,False,True
USA,United States,2014,12.5,55153.3940182967,,6.8,2.4,319257560.0,99.7830418254313,False,0.0,False,0.0,False,0.0,False,,False,-0.05292479108635096,False,False,False,False,True
USA,United States,2015,12.4,56849.4697923159,,6.8,2.4,321815121.0,99.7623251311093,True,1.0,False,0.0,False,0.0,False,,False,-0.03409090909090924,False,False,False,False,True
USA,United States,2016,12.2,57976.628204291,,6.7,3.5,324353340.0,99.7420835602062,False,0.0,False,0.0,False,0.0,False,,False,-0.03458213256484153,False,False,False,False,True
USA,United States,2017,11.8,60047.7190728307,,6.6,3.5,326608609.0,99.7223530086904,True,1.0,False,0.0,False,0.0,False,,False,-0.03508771929824577,False,False,False,False,True
USA,United States,2018,11.6,62875.6661382728,,6.5,3.4,328529577.0,99.7031223122571,False,0.0,False,0.0,False,0.0,False,,False,-0.03846153846153843,False,False,False,False,True
USA,United States,2019,11.4,65227.9565911038,,6.5,3.4,330226227.0,99.6844358089122,True,1.0,False,0.0,False,0.0,False,,False,-0.026946107784431097,False,False,False,False,True
USA,United States,2020,10.9,64465.2971415748,,6.5,3.4,331578104.0,99.6662725669219,True,2.0,False,0.0,False,0.0,False,,False,-0.018126888217522674,False,False,False,False,True
USA,United States,2021,11.0,71441.2319805947,,6.5,3.4,332100166.0,99.6486733885848,True,3.0,False,0.0,False,0.0,False,,False,-0.009146341463414575,False,False,False,False,True
USA,United States,2022,11.0,78008.6895811877,,6.5,3.8,333996304.0,99.6316127279868,False,0.0,False,0.0,False,0.0,False,,False,-0.003067484662576758,False,False,False,False,True
USA,United States,2023,10.7,82586.7847707894,,6.5,3.8,336755052.0,99.6151178147694,True,1.0,False,0.0,False,0.0,False,,True,0.0,False,False,False,False,True
UZB,Uzbekistan,2000,21.737,555.149231099186,98.6399993896484,60.7,,24787054.0,93.3766111569877,False,,False,0.0,False,0.0,False,0.0,False,0.0,False,False,False,False,False
UZB,Uzbekistan,2001,21.097,454.415812256778,98.6399993896484,58.0,,25090283.0,93.5376880221384,False,,False,0.0,False,0.0,True,1.0,False,0.0,False,False,False,False,False
UZB,Uzbekistan,2002,20.901,381.409296889283,98.6399993896484,55.0,24.9,25399980.0,93.6957052425144,False,0.0,False,0.0,False,0.0,True,2.0,False,0.0,False,False,False,False,False
UZB,Uzbekistan,2003,20.464,394.164028897235,98.6399993896484,51.9,24.9,25711259.0,93.8505894484885,True,1.0,False,0.0,False,0.0,True,3.0,False,-0.10362694300518135,False,False,False,False,False
UZB,Uzbekistan,2004,20.605,462.171492867885,98.6399993896484,48.6,24.9,26029350.0,94.0022883501432,True,2.0,False,0.0,False,0.0,True,4.0,False,-0.13829787234042548,False,False,False,False,False
UZB,Uzbekistan,2005,20.404,542.835808692209,98.6399993896484,45.2,24.9,26356975.0,94.1508115621162,True,3.0,False,0.0,False,0.0,True,5.0,False,-0.17578409919766583,False,False,False,False,False
UZB,Uzbekistan,2006,20.919,649.118167003925,98.6399993896484,41.9,19.6,26699043.0,94.2961900036945,False,0.0,False,0.0,False,0.0,True,6.0,False,-0.19018167761886373,False,False,False,False,False
UZB,Uzbekistan,2007,22.233,824.028192334768,98.6399993896484,38.6,19.6,27076008.0,94.4383835544442,True,1.0,False,0.0,False,0.0,True,7.0,False,-0.20445177246496293,False,False,False,False,False
UZB,Uzbekistan,2008,23.155,1074.72928796701,98.6399993896484,35.5,19.6,27494774.0,94.5773829040307,True,2.0,False,0.0,False,0.0,True,8.0,False,-0.21529619805481878,False,False,False,False,False
UZB,Uzbekistan,2009,23.144,1205.7993547038,98.6399993896484,32.6,19.6,27939328.0,94.7131786514005,True,3.0,False,0.0,False,0.0,True,9.0,False,-0.22306959008579597,False,False,False,False,False
UZB,Uzbekistan,2010,22.449,1956.78127255673,98.6399993896484,29.8,19.6,28385506.0,94.8458120621379,True,4.0,False,0.0,False,0.0,True,10.0,False,-0.23116615067079457,False,False,False,False,False
UZB,Uzbekistan,2011,21.929,2338.55462817306,98.6399993896484,27.3,19.6,28823196.0,94.9701820730614,True,5.0,False,0.0,False,0.0,True,11.0,False,-0.23486547085201792,False,False,False,False,False
UZB,Uzbekistan,2012,21.959,2573.95586785056,98.6399993896484,25.0,19.6,29261903.0,95.0891018078637,True,6.0,False,0.0,False,0.0,True,12.0,False,-0.236874236874237,False,False,False,False,False
UZB,Uzbekistan,2013,22.989,2781.38869470315,99.9899978637695,23.0,19.6,29724065.0,95.2086769326238,True,7.0,False,0.0,False,0.0,False,0.0,False,-0.2343541944074567,False,False,False,False,False
UZB,Uzbekistan,2014,23.846,3021.00331668049,99.9800033569336,21.3,19.6,30222994.0,95.3289091117186,True,8.0,False,0.0,False,0.0,False,0.0,False,-0.22657952069716772,False,False,False,False,False
UZB,Uzbekistan,2015,23.982,3172.89899391083,99.9800033569336,19.7,19.6,30749346.0,95.4497993116875,True,9.0,False,0.0,False,0.0,False,0.0,False,-0.2207278481012659,False,False,False,False,False
UZB,Uzbekistan,2016,23.513,3128.42307170099,99.9899978637695,18.4,19.6,31284568.0,95.5713512500574,True,10.0,False,0.0,False,0.0,False,0.0,False,-0.20894239036973344,False,False,False,False,False
UZB,Uzbekistan,2017,23.196,2271.4730109511,99.9899978637695,17.3,10.8,31819178.0,95.6935576486234,False,0.0,False,0.0,False,0.0,True,1.0,False,-0.1945996275605214,False,False,False,False,False
UZB,Uzbekistan,2018,24.007,1894.09088741408,99.9899978637695,16.4,10.8,32373490.0,95.8162707017891,True,1.0,False,0.0,False,0.0,False,0.0,False,-0.17753259779338026,False,False,False,False,False
UZB,Uzbekistan,2019,24.722,2128.66067138334,100.0,15.7,10.8,32964701.0,95.9392204824787,True,2.0,False,0.0,False,0.0,False,0.0,False,-0.15682062298603644,False,False,False,False,False
UZB,Uzbekistan,2020,25.634,2087.96374711792,100.0,15.1,10.8,33586372.0,96.0621184881157,True,3.0,False,0.0,False,0.0,True,1.0,False,-0.13714285714285715,False,False,False,False,False
UZB,Uzbekistan,2021,26.45,2370.36480555669,100.0,14.6,6.5,34243696.0,96.1847033375418,False,0.0,False,0.0,False,0.0,False,0.0,False,-0.11942098914354637,False,False,False,False,False
UZB,Uzbekistan,2022,26.524,2698.60262953369,100.0,14.1,6.5,34938955.0,96.30669347504,True,1.0,False,0.0,False,0.0,False,0.0,False,-0.10872313527180798,False,False,False,False,False
UZB,Uzbekistan,2023,26.465,3015.97705069457,100.0,13.7,6.5,35652307.0,96.4278294703949,True,2.0,False,0.0,False,0.0,True,1.0,True,-0.09749670619235828,False,False,False,False,False
VCT,St. Vincent and the Grenadines,2000,19.18,3768.95536604022,,22.6,,113545.0,66.7294523137454,False,,False,0.0,False,0.0,False,,False,0.0,False,True,False,False,True
VCT,St. Vincent and the Grenadines,2001,18.91,4071.08601098962,,22.6,,113501.0,68.2932876455311,False,,False,0.0,False,0.0,False,,False,0.0,False,True,False,False,True
VCT,St. Vincent and the Grenadines,2002,18.236,4303.27976789727,,22.6,,113347.0,69.8685930812809,False,,False,0.0,False,0.0,False,,False,0.0,False,True,False,False,True
VCT,St. Vincent and the Grenadines,2003,17.622,4499.61454193342,,22.6,,113141.0,71.4550338353597,False,,False,0.0,False,0.0,False,,False,0.0,False,True,False,False,True
VCT,St. Vincent and the Grenadines,2004,17.113,4873.48947742443,,22.7,,112835.0,73.0525457928112,False,,False,0.0,False,0.0,False,,False,0.004424778761061852,False,True,False,False,True
VCT,St. Vincent and the Grenadines,2005,16.883,5157.39373878102,,22.8,,112450.0,74.6608057101443,False,,False,0.0,False,0.0,False,,False,0.0079575596816976,False,True,False,False,True
VCT,St. Vincent and the Grenadines,2006,16.483,5744.8278621257,,22.8,,112014.0,76.2797356313722,False,,False,0.0,False,0.0,False,,False,0.0061782877316858146,False,True,False,False,True
VCT,St. Vincent and the Grenadines,2007,16.589,6398.19123532172,,22.7,,111531.0,77.9089003654313,False,,False,0.0,False,0.0,False,,False,0.0,False,True,False,False,True
VCT,St. Vincent and the Grenadines,2008,17.126,6598.90531450859,,22.4,,111028.0,79.5483293300492,False,,False,0.0,False,0.0,False,,False,-0.014084507042253688,False,True,False,False,True
VCT,St. Vincent and the Grenadines,2009,17.181,6463.78777336717,,22.0,,110508.0,81.1977080162168,False,,False,0.0,False,0.0,False,,False,-0.029982363315696637,False,True,False,False,True
VCT,St. Vincent and the Grenadines,2010,16.783,6551.96835992405,,21.4,,109959.0,82.8568333078063,False,,False,0.0,False,0.0,False,,False,-0.0505767524401065,False,True,False,False,True
VCT,St. Vincent and the Grenadines,2011,16.093,6527.68996854448,,20.7,,109349.0,84.5254997766492,False,,False,0.0,False,0.0,False,,False,-0.07008086253369267,False,True,False,False,True
VCT,St. Vincent and the Grenadines,2012,16.2,6713.80768643865,,19.9,,108736.0,86.2035023550135,False,,False,0.0,False,0.0,False,,False,-0.08882783882783889,False,True,False,False,True
VCT,St. Vincent and the Grenadines,2013,16.021,7072.46737188939,,19.1,,108135.0,87.8905519339678,False,,False,0.0,False,0.0,False,,False,-0.10244360902255623,False,True,False,False,True
VCT,St. Vincent and the Grenadines,2014,16.119,7168.82875342911,,18.2,,107535.0,89.586601063137,False,,False,0.0,False,0.0,False,,False,-0.11736178467507283,False,True,False,False,True
VCT,St. Vincent and the Grenadines,2015,15.888,7353.73556054184,,17.4,,106960.0,89.6149399647848,False,,False,0.0,False,0.0,False,,False,-0.12386706948640472,False,True,False,False,True
VCT,St. Vincent and the Grenadines,2016,15.141,7656.90042881178,,16.6,,106349.0,89.6434827883976,False,,False,0.0,False,0.0,False,,False,-0.1290661070304301,False,True,False,False,True
VCT,St. Vincent and the Grenadines,2017,14.13,7988.04445019298,,15.8,,105663.0,89.6721678912107,False,,False,0.0,False,0.0,False,,False,-0.1337719298245613,False,True,False,False,True
VCT,St. Vincent and the Grenadines,2018,13.678,8428.12677153069,,15.0,,104926.0,89.7010629819102,False,,False,0.0,False,0.0,False,,False,-0.13892078071182556,False,True,False,False,True
VCT,St. Vincent and the Grenadines,2019,13.26,8740.59425232061,,14.3,,104167.0,89.7010629819102,False,,True,1.0,False,0.0,False,,False,-0.1385542168674699,False,True,False,False,True
VCT,St. Vincent and the Grenadines,2020,12.835,8351.20324040982,,13.6,,103526.0,89.7010629819102,False,,True,2.0,False,0.0,False,,False,-0.1403286978508219,False,True,False,False,True
VCT,St. Vincent and the Grenadines,2021,12.638,8641.27904024443,,12.9,,102841.0,89.7010629819102,False,,True,3.0,False,0.0,False,,False,-0.14342629482071703,False,True,False,False,True
VCT,St. Vincent and the Grenadines,2022,12.393,9693.55867833025,,12.3,,102046.0,89.7010629819102,False,,True,4.0,False,0.0,False,,False,-0.14106145251396635,False,True,False,False,True
VCT,St. Vincent and the Grenadines,2023,12.158,10582.3656725229,,11.8,,101323.0,89.7010629819102,False,,True,5.0,False,0.0,False,,True,-0.13362701908957417,False,True,False,False,True
VEN,"Venezuela, RB",2000,23.681,4776.2816763938,,21.5,17.4,24526708.0,86.3991591939645,False,0.0,False,0.0,False,0.0,False,,False,0.0,False,False,False,False,False
VEN,"Venezuela, RB",2001,23.599,4920.39313600453,92.9800033569336,20.9,17.3,24979922.0,86.9444513205468,False,0.0,False,0.0,False,0.0,False,0.0,False,0.0,False,False,False,False,False
VEN,"Venezuela, RB",2002,23.282,3652.09896501865,92.9800033569336,20.3,17.6,25435671.0,87.4897434471292,False,0.0,False,0.0,False,0.0,True,1.0,False,0.0,False,False,False,False,False
VEN,"Venezuela, RB",2003,22.939,3229.50557082079,92.9800033569336,19.8,17.7,25892703.0,88.0350355737115,False,0.0,False,0.0,False,0.0,True,2.0,False,-0.05263157894736848,False,False,False,False,False
VEN,"Venezuela, RB",2004,22.42,4269.08970872392,92.9800033569336,19.2,17.1,26340838.0,88.5803277002941,False,0.0,False,0.0,False,0.0,True,3.0,False,-0.06909090909090912,False,False,False,False,False
VEN,"Venezuela, RB",2005,22.373,5432.4854184654,94.3707013803128,18.5,16.2,26785804.0,89.1256198268765,False,0.0,False,0.0,False,0.0,False,0.0,False,-0.09046214355948869,False,False,False,False,False
VEN,"Venezuela, RB",2006,22.104,6739.38065342218,94.6620701964151,17.9,16.2,27224686.0,89.6709119534588,False,0.0,False,0.0,False,0.0,False,0.0,False,-0.09321175278622104,False,False,False,False,False
VEN,"Venezuela, RB",2007,21.512,8331.62096991844,95.1500015258789,17.4,15.6,27649363.0,90.2162040800412,False,0.0,False,0.0,False,0.0,False,0.0,False,-0.09090909090909101,False,False,False,False,False
VEN,"Venezuela, RB",2008,21.058,11262.4514256759,95.3116995541662,17.2,14.6,28053696.0,90.7614962066235,False,0.0,False,0.0,False,0.0,False,0.0,False,-0.0732758620689655,False,False,False,False,False
VEN,"Venezuela, RB",2009,20.555,11596.6021921731,95.5100021362305,17.1,13.4,28438298.0,91.3067883332061,False,0.0,False,0.0,False,0.0,False,0.0,False,-0.05210643015521052,False,False,False,False,False
VEN,"Venezuela, RB",2010,20.276,13646.3046622664,95.3924213233743,17.2,13.4,28813101.0,91.8520804597885,True,1.0,False,0.0,False,0.0,False,0.0,False,-0.02383654937570932,False,False,False,False,False
VEN,"Venezuela, RB",2011,20.197,10843.9229703167,94.7699966430664,17.4,13.4,29185212.0,92.3973725863708,True,2.0,False,0.0,False,0.0,False,0.0,False,0.002304147465437739,False,False,False,False,False
VEN,"Venezuela, RB",2012,19.94,12582.0125686037,95.9871889937429,17.6,13.4,29553826.0,92.9426647129532,True,3.0,False,0.0,False,0.0,False,0.0,False,0.01969872537659348,False,False,False,False,False
VEN,"Venezuela, RB",2013,19.475,8642.37380007027,95.9871889937429,17.9,13.4,29912198.0,93.4879568395357,True,4.0,False,0.0,False,0.0,True,1.0,False,0.03468208092485537,False,False,False,False,False
VEN,"Venezuela, RB",2014,19.055,7101.15006382986,95.9871889937429,18.3,13.4,30254079.0,94.0332489661181,True,5.0,False,0.0,False,0.0,True,2.0,False,0.04931192660550455,False,False,False,False,False
VEN,"Venezuela, RB",2015,18.604,4096.61989137473,96.6100006103516,19.1,13.4,30573972.0,94.5785410927004,True,6.0,False,0.0,False,0.0,False,0.0,False,0.08031674208144807,False,False,False,False,False
VEN,"Venezuela, RB",2016,18.262,3671.23004093383,97.129997253418,24.2,13.4,30765720.0,95.1238332192828,True,7.0,False,0.0,False,0.0,False,0.0,False,0.33997785160575866,True,False,False,False,False
VEN,"Venezuela, RB",2017,17.931,3791.63262049576,97.1837183128414,24.2,13.4,30565323.0,95.6691253458652,True,8.0,False,0.0,False,0.0,False,0.0,False,0.24613800205973208,False,False,False,False,False
VEN,"Venezuela, RB",2018,17.33,3421.51341607593,97.1837183128414,24.2,13.4,29807592.0,96.2144174724477,True,9.0,False,0.0,False,0.0,True,1.0,False,0.16682738669238192,False,False,False,False,False
VEN,"Venezuela, RB",2019,16.299,2523.11527549578,97.1837183128414,24.2,13.4,28938098.0,96.7597095990301,True,10.0,False,0.0,False,0.0,True,2.0,False,0.09999999999999996,False,False,False,False,False
VEN,"Venezuela, RB",2020,15.542,1506.04169391285,97.1837183128414,24.2,13.4,28444077.0,96.9860648116858,True,11.0,False,0.0,False,0.0,True,3.0,False,0.0440034512510785,False,False,False,False,False
VEN,"Venezuela, RB",2021,15.219,2004.93572921136,97.1837183128414,24.2,13.4,28237826.0,97.0023571451138,True,12.0,False,0.0,False,0.0,True,4.0,False,0.0,False,False,False,False,False
VEN,"Venezuela, RB",2022,15.025,3155.04190923584,97.1837183128414,24.2,13.4,28213017.0,98.3955859787771,True,13.0,False,0.0,False,0.0,True,5.0,False,0.0,False,False,False,False,False
VEN,"Venezuela, RB",2023,15.087,3617.47038396528,97.1837183128414,24.2,13.4,28300854.0,98.3955859787771,True,14.0,False,0.0,False,0.0,True,6.0,True,0.0,False,False,False,False,False
VGB,British Virgin Islands,2000,14.539,,,16.8,,20241.0,96.7851983961345,False,,False,0.0,False,,False,,False,0.0,False,True,False,True,True
VGB,British Virgin Islands,2001,11.724,,,16.6,,20796.0,96.791263486763,False,,False,0.0,False,,False,,False,0.0,False,True,False,True,True
VGB,British Virgin Islands,2002,9.746,,,16.4,,21430.0,96.7973285773916,False,,False,0.0,False,,False,,False,0.0,False,True,False,True,True
VGB,British Virgin Islands,2003,10.472,,,16.1,,22134.0,96.8033936680201,False,,False,0.0,False,,False,,False,-0.03012048192771063,False,True,False,True,True
VGB,British Virgin Islands,2004,12.245,,,16.0,,22881.0,96.8094587586486,False,,False,0.0,False,,False,,False,-0.02883156297420342,False,True,False,True,True
VGB,British Virgin Islands,2005,11.138,,,15.9,,23665.0,96.8155238492771,False,,False,0.0,False,,False,,False,-0.029304029304029432,False,True,False,True,True
VGB,British Virgin Islands,2006,10.389,,,15.8,,24493.0,96.8215889399056,False,,False,0.0,False,,False,,False,-0.02469135802469127,False,True,False,True,True
VGB,British Virgin Islands,2007,11.059,,,15.7,,25366.0,96.8276540305341,False,,False,0.0,False,,False,,False,-0.02119700748129675,False,True,False,True,True
VGB,British Virgin Islands,2008,10.7,,,15.7,,26288.0,96.8337191211627,False,,False,0.0,False,,False,,False,-0.012578616352201324,False,True,False,True,True
VGB,British Virgin Islands,2009,10.273,,,15.6,,27218.0,96.8397842117912,False,,False,0.0,False,,False,,False,-0.013906447534766048,False,True,False,True,True
VGB,British Virgin Islands,2010,9.93,,,15.6,,27675.0,96.8458493024197,False,,False,0.0,False,,False,,False,-0.008894536213468793,False,True,False,True,True
VGB,British Virgin Islands,2011,9.929,,,15.6,,28710.0,96.8519143930482,False,,False,0.0,False,,False,,False,-0.005102040816326423,False,True,False,True,True
VGB,British Virgin Islands,2012,9.322,,,15.6,,30345.0,96.8579794836767,False,,False,0.0,False,,False,,False,-0.002557544757033307,False,True,False,True,True
VGB,British Virgin Islands,2013,9.313,,,15.6,,31703.0,96.8579794836767,False,,False,0.0,False,,False,,False,-0.0012804097311139293,False,True,False,True,True
VGB,British Virgin Islands,2014,10.821,,,15.6,,32962.0,96.8579794836767,False,,False,0.0,False,,False,,False,0.0,False,True,False,True,True
VGB,British Virgin Islands,2015,10.234,,,15.5,,34498.0,96.8579794836767,False,,False,0.0,False,,False,,False,-0.0064102564102563875,False,True,False,True,True
VGB,British Virgin Islands,2016,9.545,,,15.2,,33878.0,96.8579794836767,False,,False,0.0,False,,False,,False,-0.024390243902438963,False,True,False,True,True
VGB,British Virgin Islands,2017,6.925,,,14.9,,32699.0,96.8579794836767,False,,True,1.0,False,,False,,False,-0.03870967741935481,False,True,False,True,True
VGB,British Virgin Islands,2018,6.982,,,14.6,,34657.0,96.8579794836767,False,,True,2.0,False,,False,,False,-0.04947916666666666,False,True,False,True,True
VGB,British Virgin Islands,2019,8.071,,,14.2,,36395.0,96.8579794836767,False,,True,3.0,False,,False,,False,-0.06332453825857526,False,True,False,True,True
VGB,British Virgin Islands,2020,8.174,,,13.8,,37135.0,96.8579794836767,False,,True,4.0,False,,False,,False,-0.07258064516129022,False,True,False,True,True
VGB,British Virgin Islands,2021,8.397,,,13.5,,37809.0,96.8579794836767,False,,True,5.0,False,,False,,False,-0.07152682255845948,False,True,False,True,True
VGB,British Virgin Islands,2022,8.416,,,13.1,,38319.0,96.8579794836767,False,,True,6.0,False,,False,,False,-0.07746478873239435,False,True,False,True,True
VGB,British Virgin Islands,2023,8.332,,,12.7,,38985.0,96.8579794836767,False,,True,7.0,False,,False,,True,-0.08236994219653171,False,True,False,True,True
VIR,Virgin Islands (U.S.),2000,14.4,,,,,108642.0,99.0395649488659,False,,False,0.0,False,,False,,False,0.0,False,True,False,False,True
VIR,Virgin Islands (U.S.),2001,13.1,,,,,108549.0,99.0495339073909,False,,False,0.0,False,,False,,False,0.0,False,True,False,False,True
VIR,Virgin Islands (U.S.),2002,15.1,30062.0225050457,,,,108509.0,99.0595028659159,False,,False,0.0,False,0.0,False,,False,0.0,False,True,False,False,True
VIR,Virgin Islands (U.S.),2003,14.0,31731.2566241187,,,,108505.0,99.0694718244409,False,,False,0.0,False,0.0,False,,False,0.0,False,True,False,False,True
VIR,Virgin Islands (U.S.),2004,14.5,35006.3614404514,,,,108466.0,99.079440782966,False,,False,0.0,False,0.0,False,,False,0.0,False,True,False,False,True
VIR,Virgin Islands (U.S.),2005,14.8,40828.7460927775,,,,108453.0,99.089409741491,False,,False,0.0,False,0.0,False,,False,0.0,False,True,False,False,True
VIR,Virgin Islands (U.S.),2006,13.2,41377.1466009652,,,,108369.0,99.099378700016,False,,False,0.0,False,0.0,False,,False,0.0,False,True,False,False,True
VIR,Virgin Islands (U.S.),2007,16.4,44158.5054044325,,,,108337.0,99.109347658541,False,,False,0.0,False,0.0,False,,False,0.0,False,True,False,False,True
VIR,Virgin Islands (U.S.),2008,15.8,39152.3750657306,,,,108397.0,99.119316617066,False,,False,0.0,False,0.0,False,,False,0.0,False,True,False,False,True
VIR,Virgin Islands (U.S.),2009,15.3,38753.1825393897,,,,108404.0,99.129285575591,False,,False,0.0,False,0.0,False,,False,0.0,False,True,False,False,True
VIR,Virgin Islands (U.S.),2010,14.8,39905.1284180994,,,,108357.0,99.1392545341161,False,,False,0.0,False,0.0,False,,False,0.0,False,True,False,False,True
VIR,Virgin Islands (U.S.),2011,13.8,38997.1373164651,,,,108290.0,99.1492234926411,False,,False,0.0,False,0.0,False,,False,0.0,False,True,False,False,True
VIR,Virgin Islands (U.S.),2012,13.1,37795.3192590675,,,,108188.0,99.1591924511661,False,,False,0.0,False,0.0,False,,False,0.0,False,True,False,False,True
VIR,Virgin Islands (U.S.),2013,13.1,34597.9766940328,,,,108041.0,99.1691614096911,False,,False,0.0,False,0.0,False,,False,0.0,False,True,False,False,True
VIR,Virgin Islands (U.S.),2014,13.2,33045.3643795999,,,,107882.0,99.1791303682161,False,,False,0.0,False,0.0,False,,False,0.0,False,True,False,False,True
VIR,Virgin Islands (U.S.),2015,13.2,34007.3529411765,,,,107712.0,99.1890993267411,False,,False,0.0,False,0.0,False,,False,0.0,False,True,False,False,True
VIR,Virgin Islands (U.S.),2016,13.0,35324.9748874586,,,,107516.0,99.1990682852662,False,,False,0.0,False,0.0,False,,False,0.0,False,True,False,False,True
VIR,Virgin Islands (U.S.),2017,12.8,35365.0693039774,,,,107281.0,99.2090372437912,False,,False,0.0,False,0.0,False,,False,0.0,False,True,False,False,True
VIR,Virgin Islands (U.S.),2018,12.6,36663.2087550584,,,,107001.0,99.2190062023162,False,,False,0.0,False,0.0,False,,False,0.0,False,True,False,False,True
VIR,Virgin Islands (U.S.),2019,12.3,38633.5298915336,,,,106669.0,99.2289751608412,False,,False,0.0,False,0.0,False,,False,0.0,False,True,False,False,True
VIR,Virgin Islands (U.S.),2020,12.1,39787.3741650202,,,,106290.0,99.2389441193662,False,,False,0.0,False,0.0,False,,False,0.0,False,True,False,False,True
VIR,Virgin Islands (U.S.),2021,11.8,42571.0777368471,,,,105870.0,99.2489130778912,False,,False,0.0,False,0.0,False,,False,0.0,False,True,False,False,True
VIR,Virgin Islands (U.S.),2022,11.6,44320.909185774,,,,105413.0,99.2588820364163,False,,False,0.0,False,0.0,False,,False,0.0,False,True,False,False,True
VIR,Virgin Islands (U.S.),2023,11.4,44320.909185774,,,,104917.0,99.2588820364163,False,,False,0.0,True,1.0,False,,True,0.0,False,True,False,False,True
VNM,Viet Nam,2000,18.018,404.029784055118,90.1600036621094,30.3,42.9,77154011.0,49.1489172818795,False,0.0,False,0.0,False,0.0,False,0.0,False,0.0,False,False,False,False,False
VNM,Viet Nam,2001,18.123,419.205677580901,90.1600036621094,29.0,42.9,77969361.0,51.1126663714229,True,1.0,False,0.0,False,0.0,True,1.0,False,0.0,True,False,False,False,False
VNM,Viet Nam,2002,18.095,445.132861817313,90.1600036621094,27.9,37.5,78772224.0,53.0643186028264,False,0.0,False,0.0,False,0.0,True,2.0,False,0.0,False,False,False,False,False
VNM,Viet Nam,2003,18.151,497.117089249256,90.1600036621094,26.9,35.4,79563777.0,55.0019694498601,False,0.0,False,0.0,False,0.0,True,3.0,False,-0.07454128440366976,False,False,False,False,False
VNM,Viet Nam,2004,17.996,565.452284586212,90.1600036621094,26.1,33.7,80338971.0,56.9263485038899,False,0.0,False,0.0,False,0.0,True,4.0,False,-0.08501314636283952,False,False,False,False,False
VNM,Viet Nam,2005,17.369,710.746759994861,90.1600036621094,25.4,33.3,81088313.0,58.966321324654,False,0.0,False,0.0,False,0.0,True,5.0,False,-0.09415121255349503,False,False,False,False,False
VNM,Viet Nam,2006,17.249,807.756645117054,90.1600036621094,24.8,31.7,82167897.0,61.0003176611455,False,0.0,False,0.0,False,0.0,True,6.0,False,-0.08351810790835186,False,False,False,False,False
VNM,Viet Nam,2007,17.537,925.640338348717,90.1600036621094,24.3,31.7,83633375.0,63.0278584517406,False,0.0,False,0.0,False,0.0,True,7.0,False,-0.07322654462242556,False,False,False,False,False
VNM,Viet Nam,2008,17.664,1163.83195772873,90.1600036621094,23.8,30.8,85175788.0,65.0481671536166,False,0.0,False,0.0,False,0.0,True,8.0,False,-0.06666666666666664,False,False,False,False,False
VNM,Viet Nam,2009,17.528,1226.16976051536,93.5199966430664,23.4,29.3,86460018.0,67.0613483120441,False,0.0,False,0.0,False,0.0,False,0.0,False,-0.05948553054662395,False,False,False,False,False
VNM,Viet Nam,2010,17.409,1683.16182443979,93.5199966430664,23.1,22.7,87455152.0,69.0697259411946,False,0.0,False,0.0,False,0.0,True,1.0,False,-0.05094494658997515,False,False,False,False,False
VNM,Viet Nam,2011,17.588,1950.92504174913,93.5199966430664,22.8,27.5,88468314.0,71.0691084361626,False,0.0,False,0.0,False,0.0,True,2.0,False,-0.0452261306532664,False,False,False,False,False
VNM,Viet Nam,2012,17.892,2185.11767654291,93.5199966430664,22.5,26.7,89510356.0,73.0592696760739,False,0.0,False,0.0,False,0.0,True,3.0,False,-0.04173764906303224,False,False,False,False,False
VNM,Viet Nam,2013,17.888,2359.51736472828,93.5199966430664,22.3,25.9,90573104.0,75.0388383321338,False,0.0,False,0.0,False,0.0,True,4.0,False,-0.035467128027681524,False,False,False,False,False
VNM,Viet Nam,2014,18.671,2546.38464459903,93.5199966430664,22.0,24.9,91679578.0,77.008286684504,False,0.0,False,0.0,False,0.0,True,5.0,False,-0.03593339176161263,False,False,False,False,False
VNM,Viet Nam,2015,18.498,2577.56885340113,93.5199966430664,21.6,24.6,92823254.0,78.9669212576084,False,0.0,False,0.0,False,0.0,True,6.0,False,-0.0417036379769298,False,False,False,False,False
VNM,Viet Nam,2016,17.313,2735.0604380416,93.5199966430664,21.3,24.3,94000117.0,80.9140981082283,False,0.0,False,0.0,False,0.0,True,7.0,False,-0.04226618705035977,False,False,False,False,False
VNM,Viet Nam,2017,16.764,2956.10992127753,93.5199966430664,20.9,23.8,95176977.0,82.8485783033642,False,0.0,False,0.0,False,0.0,True,8.0,False,-0.04740200546946229,False,False,False,False,False
VNM,Viet Nam,2018,15.438,3222.31003125366,93.5199966430664,20.5,23.2,96237319.0,84.7702960974693,False,0.0,False,0.0,False,0.0,True,9.0,False,-0.0518038852913969,False,False,False,False,False
VNM,Viet Nam,2019,15.513,3440.90025375434,95.75,20.0,22.4,97173776.0,86.6789932516384,False,0.0,False,0.0,False,0.0,False,0.0,False,-0.05926622765757297,False,False,False,False,False
VNM,Viet Nam,2020,15.234,3534.03953482647,95.75,19.5,19.5,98079191.0,88.5744092568809,False,0.0,False,0.0,False,0.0,True,1.0,False,-0.06519654841802507,False,False,False,False,False
VNM,Viet Nam,2021,14.735,3704.1935590038,95.75,18.9,19.5,98935098.0,90.4559668368841,True,1.0,False,0.0,False,0.0,True,2.0,False,-0.07534246575342478,False,False,False,False,False
VNM,Viet Nam,2022,14.272,4147.69777213621,96.129997253418,18.4,18.9,99680655.0,92.3237168322338,False,0.0,False,0.0,False,0.0,False,0.0,False,-0.0781563126252506,False,False,False,False,False
VNM,Viet Nam,2023,13.831,4322.82572261566,96.129997253418,17.8,18.2,100352192.0,94.0898634431677,False,0.0,False,0.0,False,0.0,True,1.0,True,-0.08530318602261049,False,False,False,False,False
VUT,Vanuatu,2000,32.312,1460.23817692229,,26.6,,186281.0,54.7109808046722,False,,False,0.0,False,0.0,False,,False,0.0,False,False,False,False,False
VUT,Vanuatu,2001,32.279,1350.18338238522,,26.1,,191031.0,54.7648829566551,False,,False,0.0,False,0.0,False,,False,0.0,False,False,False,False,False
VUT,Vanuatu,2002,31.808,1340.71537528287,,25.7,,195863.0,54.8191733536334,False,,False,0.0,False,0.0,False,,False,0.0,False,False,False,False,False
VUT,Vanuatu,2003,31.554,1566.51396790858,,25.3,,200746.0,54.8742326769124,False,,False,0.0,False,0.0,False,,False,-0.0318877551020409,False,False,False,False,False
VUT,Vanuatu,2004,31.408,1774.31867585894,,25.0,,205711.0,54.9296762921394,False,,False,0.0,False,0.0,False,,False,-0.03567984570877534,False,False,False,False,False
VUT,Vanuatu,2005,31.235,1873.99142640619,,24.5,,210760.0,54.6248564154339,False,,False,0.0,False,0.0,False,,False,-0.04817404817404811,False,False,False,False,False
VUT,Vanuatu,2006,31.373,2034.79289624351,,24.1,,215923.0,54.315607363214,False,,False,0.0,False,0.0,False,,False,-0.04818325434439174,False,False,False,False,False
VUT,Vanuatu,2007,31.851,2333.70506748914,,23.5,,221276.0,54.001715264459,False,,False,0.0,False,0.0,False,,False,-0.05698234349919736,False,False,False,False,False
VUT,Vanuatu,2008,32.495,2603.60883136724,,22.7,25.7,226896.0,53.6833095586201,False,0.0,False,0.0,False,0.0,False,,False,-0.07271241830065364,False,False,False,False,False
VUT,Vanuatu,2009,32.777,2546.38324565986,,21.9,25.7,232731.0,53.3603409473561,True,1.0,False,0.0,False,0.0,False,,False,-0.08597662771285484,False,False,False,False,False
VUT,Vanuatu,2010,32.951,2815.18828985779,,21.1,25.7,238248.0,53.0140862870426,True,2.0,False,0.0,False,0.0,False,,False,-0.09597257926306763,False,False,False,False,False
VUT,Vanuatu,2011,33.094,3163.1861645138,,20.3,25.7,243474.0,52.6540863123359,True,3.0,False,0.0,False,0.0,False,,False,-0.10414827890556043,False,False,False,False,False
VUT,Vanuatu,2012,33.172,3004.78416664293,,19.7,25.7,248883.0,52.2923051836702,True,4.0,False,0.0,False,0.0,False,,False,-0.10045662100456619,False,False,False,False,False
VUT,Vanuatu,2013,33.235,3392.56675091682,,19.2,28.9,254482.0,51.9285986324004,False,0.0,False,0.0,False,0.0,False,,False,-0.09176915799432346,False,False,False,False,False
VUT,Vanuatu,2014,33.085,3378.36411965135,,18.8,28.9,260240.0,51.5629765041894,True,1.0,False,0.0,False,0.0,False,,False,-0.08023483365949122,False,False,False,False,False
VUT,Vanuatu,2015,32.788,3214.41948587141,,18.6,28.9,266101.0,51.1954457861803,True,2.0,False,0.0,False,0.0,False,,False,-0.06155398587285564,False,False,False,False,False
VUT,Vanuatu,2016,32.506,3339.83436471043,,18.4,28.9,272087.0,50.826109673151,True,3.0,False,0.0,False,0.0,False,,False,-0.04761904761904771,False,False,False,False,False
VUT,Vanuatu,2017,32.083,3585.31798081216,,18.3,28.9,278507.0,50.4548604763526,True,4.0,False,0.0,False,0.0,False,,False,-0.033790918690601926,False,False,False,False,False
VUT,Vanuatu,2018,31.429,3626.18862522473,,18.2,28.9,285259.0,50.0825530456951,True,5.0,False,0.0,False,0.0,False,,False,-0.024651661307610092,False,False,False,False,False
VUT,Vanuatu,2019,30.717,3635.62344878185,92.4744486976738,18.1,28.9,291985.0,49.7088902543103,True,6.0,False,0.0,False,0.0,False,0.0,False,-0.01950162513542792,False,False,False,False,False
VUT,Vanuatu,2020,29.941,3404.30359167624,89.7930993872856,18.1,28.9,298858.0,49.3338166328635,True,7.0,False,0.0,False,0.0,False,0.0,False,-0.012008733624454086,False,False,False,False,False
VUT,Vanuatu,2021,29.334,3576.13770954363,89.7930993872856,18.0,28.9,305868.0,48.9569658031251,True,8.0,False,0.0,False,0.0,True,1.0,False,-0.012074643249176667,False,False,False,False,False
VUT,Vanuatu,2022,28.673,3679.53524327491,89.7930993872856,17.8,28.9,313046.0,48.5782563163716,True,9.0,False,0.0,False,0.0,True,2.0,False,-0.0187431091510474,False,False,False,False,False
VUT,Vanuatu,2023,28.05,3708.18942411253,87.9599990844727,17.5,28.9,320409.0,48.197355856503,True,10.0,False,0.0,False,0.0,False,0.0,True,-0.029933481152993494,False,False,False,False,False
WSM,Samoa,2000,32.057,1424.75240002471,,21.0,,181685.0,91.9576951837593,False,,False,0.0,False,0.0,False,,False,0.0,False,False,False,False,False
WSM,Samoa,2001,31.254,1453.87021324606,,20.3,,183166.0,91.9588441153795,False,,False,0.0,False,0.0,False,,False,0.0,False,False,False,False,False
WSM,Samoa,2002,30.558,1527.55790455937,,19.8,,184471.0,91.9572397043017,False,,False,0.0,False,0.0,False,,False,0.0,False,False,False,False,False
WSM,Samoa,2003,30.172,1798.12429714048,,19.4,,185430.0,91.9541841185767,False,,False,0.0,False,0.0,False,,False,-0.04746317512274968,False,False,False,False,False
WSM,Samoa,2004,29.774,2189.26042607992,,19.1,,186249.0,91.9511483539237,False,,False,0.0,False,0.0,False,,False,-0.05093167701863347,False,False,False,False,False
WSM,Samoa,2005,29.522,2550.04221437511,,19.0,,186978.0,92.2057450024926,False,,False,0.0,False,0.0,False,,False,-0.0461847389558232,False,False,False,False,False
WSM,Samoa,2006,29.326,2663.29135939532,,19.0,,187709.0,92.4608198651495,False,,False,0.0,False,0.0,False,,False,-0.02663934426229506,False,False,False,False,False
WSM,Samoa,2007,29.329,3038.61904093377,,19.0,,188753.0,92.7164186931518,False,,False,0.0,False,0.0,False,,False,-0.013499480789200496,False,False,False,False,False
WSM,Samoa,2008,29.769,3373.60639884263,,19.0,,190107.0,92.9725367356222,False,,False,0.0,False,0.0,False,,False,-0.005235602094240912,False,False,False,False,False
WSM,Samoa,2009,30.135,3279.18269477295,,25.3,,191513.0,93.2291209433411,False,,False,0.0,False,0.0,False,,False,0.3301787592008413,True,False,False,False,False
WSM,Samoa,2010,30.537,3524.2479246203,,19.1,,193023.0,93.4861794457482,False,,False,0.0,False,0.0,False,,False,-0.05725567620927937,True,False,False,False,False
WSM,Samoa,2011,30.785,3821.50678264479,98.9700012207031,19.0,,194713.0,93.7437084843245,False,,False,0.0,False,0.0,False,0.0,False,-0.06311637080867856,False,False,False,False,False
WSM,Samoa,2012,30.69,3934.60320799981,98.9700012207031,18.8,,196498.0,94.0015585083901,False,,False,0.0,False,0.0,True,1.0,False,-0.07297830374753453,False,False,False,False,False
WSM,Samoa,2013,30.533,4023.5254013825,98.9700012207031,18.7,,198268.0,94.2598072441115,False,,False,0.0,False,0.0,True,2.0,False,-0.07608695652173926,False,False,False,False,False
WSM,Samoa,2014,30.248,3982.68080202084,98.9700012207031,18.5,4.9,200037.0,94.5185492730746,False,0.0,False,0.0,False,0.0,True,3.0,False,-0.08325074331020811,False,False,False,False,False
WSM,Samoa,2015,29.816,4084.36083819933,98.9700012207031,18.3,4.9,201782.0,94.7777698879904,True,1.0,False,0.0,False,0.0,True,4.0,False,-0.027630180658873515,False,False,False,False,False
WSM,Samoa,2016,29.279,4147.07097674888,99.4000015258789,18.1,4.9,203499.0,95.0374675364972,True,2.0,False,0.0,False,0.0,False,0.0,False,-0.030010718113612122,False,False,False,False,False
WSM,Samoa,2017,28.795,4307.59381964907,99.7071903264793,17.8,4.9,205415.0,95.2976717259871,True,3.0,False,0.0,False,0.0,False,0.0,False,-0.03679653679653678,False,False,False,False,False
WSM,Samoa,2018,28.488,4231.81409469194,99.7071903264793,17.5,4.9,207582.0,95.5585181223598,True,4.0,False,0.0,False,0.0,True,1.0,False,-0.04266958424507646,False,False,False,False,False
WSM,Samoa,2019,27.957,4351.94234943706,97.9899978637695,20.0,7.3,209780.0,95.8200173728915,False,0.0,False,0.0,False,0.0,False,0.0,False,0.1086474501108648,False,False,False,False,False
WSM,Samoa,2020,27.453,4099.59660548583,97.9899978637695,16.7,7.3,211944.0,96.0821241161349,True,1.0,False,0.0,False,0.0,True,1.0,False,-0.08942202835332609,False,False,False,False,False
WSM,Samoa,2021,26.891,4021.55934894283,97.9899978637695,16.2,7.3,213779.0,96.3448273060741,True,2.0,False,0.0,False,0.0,True,2.0,False,-0.10099889012208677,False,False,False,False,False
WSM,Samoa,2022,26.101,4132.44717734444,97.9899978637695,15.8,7.3,215261.0,96.5989544610645,True,3.0,False,0.0,False,0.0,True,3.0,False,-0.10430839002267572,False,False,False,False,False
WSM,Samoa,2023,25.401,4822.74084650019,97.9899978637695,15.3,7.3,216663.0,96.8487142072358,True,4.0,False,0.0,False,0.0,True,4.0,True,-0.11252900232018567,False,False,False,False,False
XKX,Kosovo,2000,18.117,,,48.4,,1802493.0,,False,,False,,False,,False,,False,0.0,False,True,True,False,True
XKX,Kosovo,2001,18.58,,,44.2,,1820009.0,,False,,False,,False,,False,,False,0.0,False,True,True,False,True
XKX,Kosovo,2002,19.037,,,40.3,,1829462.0,,False,,False,,False,,False,,False,0.0,False,True,True,False,True
XKX,Kosovo,2003,18.83,,,36.7,,1826434.0,,False,,False,,False,,False,,False,-0.17155756207674946,False,True,True,False,True
XKX,Kosovo,2004,19.519,,,33.5,,1822773.0,,False,,False,,False,,False,,False,-0.20990566037735847,False,True,True,False,True
XKX,Kosovo,2005,20.077,,,30.6,,1818354.0,,False,,False,,False,,False,,False,-0.2466765140324962,False,True,True,False,True
XKX,Kosovo,2006,19.688,,,28.0,,1813079.0,,False,,False,,False,,False,,False,-0.24446842957366438,False,True,True,False,True
XKX,Kosovo,2007,19.453,,,25.7,,1807094.0,,False,,False,,False,,False,,False,-0.24009461856889433,False,True,True,False,True
XKX,Kosovo,2008,19.733,2889.14677086951,,23.6,,1800858.0,,False,,False,,False,0.0,False,,False,-0.23624595469255655,False,True,True,False,True
XKX,Kosovo,2009,19.623,2805.94692985371,,21.7,,1794681.0,,False,,False,,False,0.0,False,,False,-0.23267326732673274,False,True,True,False,True
XKX,Kosovo,2010,18.83,2987.54523493128,,20.1,,1788743.0,,False,,False,,False,0.0,False,,False,-0.22453703703703715,False,True,True,False,True
XKX,Kosovo,2011,17.137,3538.94809762524,,18.7,,1791949.0,,False,,False,,False,0.0,False,,False,-0.21494542401343414,False,True,True,False,True
XKX,Kosovo,2012,16.516,3410.65497983011,,17.4,,1807126.0,,False,,False,,False,0.0,False,,False,-0.2076502732240438,False,True,True,False,True
XKX,Kosovo,2013,16.453,3704.55812411167,,16.3,,1818119.0,,False,,False,,False,0.0,False,,False,-0.19704433497536944,False,True,True,False,True
XKX,Kosovo,2014,15.797,3902.49322261901,,15.2,,1812788.0,,False,,False,,False,0.0,False,,False,-0.19320594479830153,False,True,True,False,True
XKX,Kosovo,2015,14.723,3520.62685324451,,14.3,,1788274.0,,False,,False,,False,0.0,False,,False,-0.18472063854047882,False,True,True,False,True
XKX,Kosovo,2016,13.172,3759.44777525332,,13.4,,1777568.0,,False,,False,,False,0.0,False,,False,-0.18192918192918187,False,True,True,False,True
XKX,Kosovo,2017,12.962,4009.32022064732,,12.6,,1791019.0,,False,,False,,False,0.0,False,,False,-0.17754569190600536,False,True,True,False,True
XKX,Kosovo,2018,12.736,4384.18796440547,,11.9,,1797086.0,,False,,False,,False,0.0,False,,False,-0.17130919220055704,False,True,True,False,True
XKX,Kosovo,2019,12.618,4415.6992744623,,11.2,,1788891.0,,False,,False,,False,0.0,False,,False,-0.169139465875371,False,True,True,False,True
XKX,Kosovo,2020,12.335,4320.58382547288,,10.5,,1790151.0,,False,,False,,False,0.0,False,,False,-0.17192429022082018,False,True,True,False,True
XKX,Kosovo,2021,12.546,5269.69946181439,,10.0,,1786079.0,,False,,False,,False,0.0,False,,False,-0.1610738255033557,False,True,True,False,True
XKX,Kosovo,2022,12.275,5298.1473871027,,9.5,,1768096.0,,False,,False,,False,0.0,False,,False,-0.15480427046263348,False,True,True,False,True
XKX,Kosovo,2023,12.067,6220.33213919344,,9.1,,1682668.0,,False,,False,,False,0.0,False,,True,-0.14312617702448222,False,True,True,False,True
YEM,"Yemen, Rep.",2000,40.859,493.235182634814,,92.9,,19624141.0,43.4185272650508,False,,False,0.0,False,0.0,False,,False,0.0,False,False,False,False,True
YEM,"Yemen, Rep.",2001,40.164,487.141257946318,,88.2,,20226147.0,43.7166842861444,False,,False,0.0,False,0.0,False,,False,0.0,False,False,False,False,True
YEM,"Yemen, Rep.",2002,39.579,513.241486570603,,83.5,,20835086.0,44.0194283654926,False,,False,0.0,False,0.0,False,,False,0.0,False,False,False,False,True
YEM,"Yemen, Rep.",2003,39.37,548.905883049973,,79.0,57.3,21456379.0,44.9249753275396,False,0.0,False,0.0,False,0.0,False,,False,-0.10430839002267576,False,False,False,False,True
YEM,"Yemen, Rep.",2004,38.911,627.632023395762,,74.7,57.3,22095167.0,45.8273231512099,True,1.0,False,0.0,False,0.0,False,,False,-0.13038416763678698,False,False,False,False,True
YEM,"Yemen, Rep.",2005,38.39,734.159908450927,,70.6,57.0,22790085.0,46.737084522042,False,0.0,False,0.0,False,0.0,False,,False,-0.15610805641883818,False,False,False,False,True
YEM,"Yemen, Rep.",2006,38.152,809.713127624703,,66.9,57.0,23543083.0,47.6441864752994,True,1.0,False,0.0,False,0.0,False,,False,-0.15530303030303025,False,False,False,False,True
YEM,"Yemen, Rep.",2007,37.529,890.305768114988,,63.4,57.0,24318082.0,48.5478342567652,True,2.0,False,0.0,False,0.0,False,,False,-0.15398985855350947,False,False,False,False,True
YEM,"Yemen, Rep.",2008,36.918,1071.63583282105,,60.2,57.0,25111941.0,49.4478001068261,True,3.0,False,0.0,False,0.0,False,,False,-0.1511562323745063,False,False,False,False,True
YEM,"Yemen, Rep.",2009,36.561,969.243509864478,,57.5,57.0,25927724.0,50.3438521211975,True,4.0,False,0.0,False,0.0,False,,False,-0.14383561643835613,False,False,False,False,True
YEM,"Yemen, Rep.",2010,35.609,1155.20305261418,,55.0,57.0,26754387.0,51.235755853278,True,5.0,False,0.0,False,0.0,False,,False,-0.13684871311989963,False,False,False,False,True
YEM,"Yemen, Rep.",2011,34.708,1186.47500581215,,53.1,46.6,27582897.0,52.1227789441392,False,0.0,False,0.0,False,0.0,False,,False,-0.12376237623762376,False,False,False,False,True
YEM,"Yemen, Rep.",2012,35.166,1245.05068272078,,51.6,46.6,28433647.0,53.0047122525844,True,1.0,False,0.0,False,0.0,False,,False,-0.10788381742738581,False,False,False,False,True
YEM,"Yemen, Rep.",2013,35.483,1378.75002954928,,49.6,46.4,29312952.0,53.8818214244113,False,0.0,False,0.0,False,0.0,False,,False,-0.10598413842826236,False,False,False,False,True
YEM,"Yemen, Rep.",2014,35.738,1430.16420964026,,48.7,46.4,30226309.0,54.7529231819499,True,1.0,False,0.0,False,0.0,False,,False,-0.08733133433283352,False,False,False,False,True
YEM,"Yemen, Rep.",2015,35.938,1362.1738120601,,49.3,46.4,31159379.0,55.6182996414083,True,2.0,False,0.0,False,0.0,False,,False,-0.04457364341085279,False,False,False,False,True
YEM,"Yemen, Rep.",2016,36.034,975.359417003225,,47.9,46.4,32109010.0,56.4772672906306,True,3.0,False,0.0,False,0.0,False,,False,-0.050733254062623905,False,False,False,False,True
YEM,"Yemen, Rep.",2017,36.067,811.165970405745,,47.5,46.4,33090921.0,57.3296474501288,True,4.0,False,0.0,False,0.0,False,,False,-0.03885066774585191,False,False,False,False,True
YEM,"Yemen, Rep.",2018,36.046,633.887202451545,,47.3,46.4,34085182.0,58.1748003487901,True,5.0,False,0.0,False,0.0,False,,False,-0.026748971193415724,False,False,False,False,True
YEM,"Yemen, Rep.",2019,35.947,633.887202451545,,46.1,46.4,35111408.0,59.0129962088495,True,6.0,False,0.0,True,1.0,False,,False,-0.04237640216036558,False,False,False,False,True
YEM,"Yemen, Rep.",2020,35.895,633.887202451545,,43.4,46.4,36134863.0,59.8436190728003,True,7.0,False,0.0,True,2.0,False,,False,-0.08861822763544741,False,False,False,False,True
YEM,"Yemen, Rep.",2021,35.668,633.887202451545,,42.6,45.1,37140230.0,60.6660832932611,False,0.0,False,0.0,True,3.0,False,,False,-0.08268733850129191,False,False,False,False,True
YEM,"Yemen, Rep.",2022,35.407,633.887202451545,,41.1,48.5,38222876.0,61.480658139543,False,0.0,False,0.0,True,4.0,False,,False,-0.09431467606875263,False,False,False,False,True
YEM,"Yemen, Rep.",2023,35.209,633.887202451545,,39.5,48.5,39390799.0,62.2859746985692,True,1.0,False,0.0,True,5.0,False,,True,-0.10430839002267576,False,False,False,False,True
ZAF,South Africa,2000,21.567,3217.84693448467,,71.4,,47159719.0,60.4973716866815,False,,False,0.0,False,0.0,False,,False,0.0,False,False,False,False,False
ZAF,South Africa,2001,21.266,2847.15191945908,,74.5,,47566800.0,61.2759508701069,False,,False,0.0,False,0.0,False,,False,0.0,False,False,False,False,False
ZAF,South Africa,2002,20.928,2688.23676032806,,77.0,,48019415.0,62.0623724472109,False,,False,0.0,False,0.0,False,,False,0.0,False,False,False,False,False
ZAF,South Africa,2003,21.388,4062.21755993786,,79.2,,48500348.0,62.8465144848753,False,,False,0.0,False,0.0,False,,False,0.06594885598923292,False,False,False,False,False
ZAF,South Africa,2004,22.136,5221.46333731721,,80.7,,48991421.0,63.6233578866547,False,,False,0.0,False,0.0,False,,False,0.06852035749751734,False,False,False,False,False
ZAF,South Africa,2005,22.718,5836.87663325127,,79.8,,49490033.0,64.3920939153514,False,,False,0.0,False,0.0,False,,False,0.04231974921630087,False,False,False,False,False
ZAF,South Africa,2006,23.144,6077.38293388876,,76.9,,49998277.0,65.1530628772458,False,,False,0.0,False,0.0,False,,False,-0.01712678936605303,False,False,False,False,False
ZAF,South Africa,2007,23.088,6591.85535960564,88.7200012207031,71.2,,50528584.0,65.9061304060194,False,,False,0.0,False,0.0,False,0.0,False,-0.0955284552845528,False,False,False,False,False
ZAF,South Africa,2008,24.33,6184.75474328399,88.7200012207031,63.7,25.0,51114599.0,66.6513463502515,False,0.0,False,0.0,False,0.0,True,1.0,False,-0.17870036101083045,False,False,False,False,False
ZAF,South Africa,2009,22.779,6374.70560042992,92.8899993896484,56.9,25.0,51728516.0,67.3878839823923,True,1.0,False,0.0,False,0.0,False,0.0,False,-0.23583131882890151,False,False,False,False,False
ZAF,South Africa,2010,22.178,7973.47195771517,92.879997253418,50.3,25.0,52344051.0,68.1161861329021,True,2.0,False,0.0,False,0.0,False,0.0,False,-0.278335724533716,False,False,False,False,False
ZAF,South Africa,2011,22.075,8646.05571071635,93.0999984741211,45.6,25.0,52995205.0,68.8359875393952,True,3.0,False,0.0,False,0.0,False,0.0,False,-0.2852664576802507,False,False,False,False,False
ZAF,South Africa,2012,22.118,8076.97678479741,93.7300033569336,43.1,25.0,53782567.0,69.5473276761195,True,4.0,False,0.0,False,0.0,False,0.0,False,-0.25095585679527294,False,False,False,False,False
ZAF,South Africa,2013,21.894,7331.65467384919,93.7300033569336,41.4,25.0,54678791.0,70.2497373907273,True,5.0,False,0.0,False,0.0,True,1.0,False,-0.20261941448382131,False,False,False,False,False
ZAF,South Africa,2014,21.784,6856.73137092522,94.1399993896484,39.7,25.0,55594838.0,70.9435261806792,True,6.0,False,0.0,False,0.0,False,0.0,False,-0.16350611040876523,False,False,False,False,False
ZAF,South Africa,2015,21.007,6112.27382485974,94.370002746582,38.2,21.2,56723537.0,71.6284763129344,False,0.0,False,0.0,False,0.0,False,0.0,False,-0.13221263062244434,False,False,False,False,False
ZAF,South Africa,2016,20.27,5651.20585165749,91.7399978637695,36.8,27.4,57259551.0,72.3045193020221,False,0.0,False,0.0,False,0.0,False,0.0,False,-0.11538461538461549,False,False,False,False,False
ZAF,South Africa,2017,20.038,6618.33508255701,91.7399978637695,35.7,21.3,57635162.0,72.9715054204693,False,0.0,False,0.0,False,0.0,True,1.0,False,-0.10391566265060226,False,False,False,False,False
ZAF,South Africa,2018,19.85,6914.1780318076,91.7399978637695,34.9,21.3,58613001.0,73.6294078282668,True,1.0,False,0.0,False,0.0,True,2.0,False,-0.0901981230448384,False,False,False,False,False
ZAF,South Africa,2019,19.694,6533.71121032856,95.0199966430664,34.3,21.3,59587885.0,74.2781920666219,True,2.0,False,0.0,False,0.0,False,0.0,False,-0.07447382622773893,False,False,False,False,False
ZAF,South Africa,2020,19.522,5580.60383075189,95.0199966430664,33.9,21.3,60562381.0,74.917857781457,True,3.0,False,0.0,False,0.0,True,1.0,False,-0.057809894385770014,False,False,False,False,False
ZAF,South Africa,2021,19.354,6828.75624590017,90.0,34.0,21.3,61502603.0,75.5483071505453,True,4.0,False,0.0,False,0.0,False,0.0,False,-0.03189066059225505,False,False,False,False,False
ZAF,South Africa,2022,19.079,6534.24867783397,90.0,34.3,21.3,62378410.0,76.169562634684,True,5.0,False,0.0,False,0.0,True,1.0,False,-0.007523148148148296,False,False,False,False,False
ZAF,South Africa,2023,18.775,6034.27208964673,90.0,34.8,21.3,63212384.0,76.7816295496925,True,6.0,False,0.0,False,0.0,True,2.0,True,0.015169194865811062,False,False,False,False,False
ZMB,Zambia,2000,45.465,359.429500988221,,151.8,,10017631.0,21.0415384052929,False,,False,0.0,False,0.0,False,,False,0.0,False,False,False,False,False
ZMB,Zambia,2001,44.774,396.548952993504,,143.2,,10325185.0,21.6786889419233,False,,False,0.0,False,0.0,False,,False,0.0,False,False,False,False,False
ZMB,Zambia,2002,44.332,393.864625518616,69.1500015258789,132.9,52.5,10647949.0,22.413804959209,False,0.0,False,0.0,False,0.0,False,0.0,False,0.0,False,False,False,False,False
ZMB,Zambia,2003,43.945,446.290104839041,69.1500015258789,122.1,52.5,10983595.0,23.1443864562221,True,1.0,False,0.0,False,0.0,True,1.0,False,-0.14395886889460155,False,False,False,False,False
ZMB,Zambia,2004,43.921,548.685974566277,69.1500015258789,111.7,52.5,11338198.0,23.8700357388516,True,2.0,False,0.0,False,0.0,True,2.0,False,-0.18763636363636363,False,False,False,False,False
ZMB,Zambia,2005,43.838,710.982068171696,69.1500015258789,102.7,52.5,11718819.0,24.5900224977226,True,3.0,False,0.0,False,0.0,True,3.0,False,-0.22396856581532415,False,False,False,False,False
ZMB,Zambia,2006,43.681,1051.71714895686,69.1500015258789,94.8,52.5,12129553.0,25.3042918374618,True,4.0,False,0.0,False,0.0,True,4.0,False,-0.22624877571008822,False,False,False,False,False
ZMB,Zambia,2007,43.178,1118.73162626953,69.1500015258789,89.1,45.8,12565085.0,26.0121310175446,False,0.0,False,0.0,False,0.0,True,5.0,False,-0.21038638780574273,False,False,False,False,False
ZMB,Zambia,2008,42.632,1375.50211006997,69.1500015258789,84.2,45.8,13021324.0,26.7137426857946,True,1.0,False,0.0,False,0.0,True,6.0,False,-0.1910069177555726,False,False,False,False,False
ZMB,Zambia,2009,42.034,1136.24168316848,69.1500015258789,78.4,45.8,13490389.0,27.4075582632773,True,2.0,False,0.0,False,0.0,True,7.0,False,-0.18756476683937817,False,False,False,False,False
ZMB,Zambia,2010,41.393,1451.10616017155,83.1399993896484,74.3,45.8,13965594.0,28.094335855896,True,3.0,False,0.0,False,0.0,False,0.0,False,-0.1729741763134462,False,False,False,False,False
ZMB,Zambia,2011,40.661,1624.86817763443,83.1399993896484,71.8,45.8,14437796.0,28.7731031923329,True,4.0,False,0.0,False,0.0,True,1.0,False,-0.14686311787072243,False,False,False,False,False
ZMB,Zambia,2012,39.864,1710.05061343728,83.1399993896484,69.2,45.8,14913629.0,29.4446855204494,True,5.0,False,0.0,False,0.0,True,2.0,False,-0.13021618903971843,False,False,False,False,False
ZMB,Zambia,2013,38.983,1820.71854827391,83.1399993896484,66.0,40.0,15398997.0,30.1087309769234,False,0.0,False,0.0,False,0.0,True,3.0,False,-0.12675310928817146,False,False,False,False,False
ZMB,Zambia,2014,38.114,1707.48573136694,83.1399993896484,62.6,40.0,15895315.0,30.7641759274322,True,1.0,False,0.0,False,0.0,True,4.0,False,-0.12983041423408392,False,False,False,False,False
ZMB,Zambia,2015,37.344,1295.87788680068,83.1399993896484,60.2,40.0,16399089.0,31.4108659962422,True,2.0,False,0.0,False,0.0,True,5.0,False,-0.12474556557138701,False,False,False,False,False
ZMB,Zambia,2016,36.617,1239.08527877713,83.1399993896484,57.1,40.0,16914423.0,32.0477720583314,True,3.0,False,0.0,False,0.0,True,6.0,False,-0.13432383262583392,False,False,False,False,False
ZMB,Zambia,2017,35.938,1483.46577328065,83.1399993896484,55.2,40.0,17441320.0,32.674491350081,True,4.0,False,0.0,False,0.0,True,7.0,False,-0.12408759124087591,False,False,False,False,False
ZMB,Zambia,2018,35.464,1463.89997855593,71.129997253418,54.7,34.6,17973569.0,33.2903966380539,False,0.0,False,0.0,False,0.0,False,0.0,False,-0.09166389903686487,False,False,False,False,False
ZMB,Zambia,2019,35.006,1258.98619844462,71.129997253418,53.5,34.6,18513839.0,33.8947045843208,True,1.0,False,0.0,False,0.0,True,1.0,False,-0.07694962042788131,False,False,False,False,False
ZMB,Zambia,2020,34.408,951.644316655957,81.7530087399265,52.5,34.6,19059395.0,34.4868129715486,True,2.0,False,0.0,False,0.0,False,0.0,False,-0.06483790523690774,False,False,False,False,False
ZMB,Zambia,2021,33.93,1127.16077872857,79.9494621864846,50.4,34.6,19603607.0,35.2442051458646,True,3.0,False,0.0,False,0.0,False,0.0,False,-0.07692307692307697,False,False,False,False,False
ZMB,Zambia,2022,33.542,1447.12310138035,79.9841479741156,49.5,34.6,20152938.0,35.9950584575439,True,4.0,False,0.0,False,0.0,False,0.0,False,-0.0705970709725874,False,False,False,False,False
ZMB,Zambia,2023,33.081,1330.72780576709,79.9841479741156,49.1,34.6,20723965.0,36.7391328457853,True,5.0,False,0.0,False,0.0,True,1.0,True,-0.05794320798158102,False,False,False,False,False
ZWE,Zimbabwe,2000,36.128,562.833757496076,,99.4,,11892055.0,44.5170067494269,False,,False,0.0,False,0.0,False,,False,0.0,False,False,False,False,True
ZWE,Zimbabwe,2001,36.463,566.388746448872,,96.3,,11971901.0,44.632782507168,False,,False,0.0,False,0.0,False,,False,0.0,False,False,False,False,True
ZWE,Zimbabwe,2002,36.539,524.936478570323,,93.8,,12087653.0,44.8209715461033,False,,False,0.0,False,0.0,False,,False,0.0,False,False,False,False,True
ZWE,Zimbabwe,2003,36.613,468.471932927213,,91.9,,12232323.0,44.8625993105655,False,,False,0.0,False,0.0,False,,False,-0.04766839378238336,False,False,False,False,True
ZWE,Zimbabwe,2004,36.326,469.719298949304,,91.2,,12365896.0,44.881689855498,False,,False,0.0,False,0.0,False,,False,-0.043523859465128385,False,False,False,False,True
ZWE,Zimbabwe,2005,35.803,461.271387547912,,91.6,35.3,12483432.0,44.2555884952354,False,0.0,False,0.0,False,0.0,False,,False,-0.030892932712653573,False,False,False,False,True
ZWE,Zimbabwe,2006,35.203,431.034994414964,,87.6,35.3,12636445.0,43.6313729086374,True,1.0,False,0.0,False,0.0,False,,False,-0.05765920826161804,False,False,False,False,True
ZWE,Zimbabwe,2007,35.651,413.521244592925,,90.6,35.3,12804058.0,43.0093163519356,True,2.0,False,0.0,False,0.0,False,,False,-0.006796755097566373,False,False,False,False,True
ZWE,Zimbabwe,2008,36.361,340.917447588572,,91.1,35.3,12959149.0,42.3891736287953,True,3.0,False,0.0,False,0.0,False,,False,0.005740781629498742,False,False,False,False,True
ZWE,Zimbabwe,2009,37.518,735.821693871697,,89.8,35.1,13142790.0,41.771197354799,False,0.0,False,0.0,False,0.0,False,,False,-0.006856890068568951,False,False,False,False,True
ZWE,Zimbabwe,2010,37.869,902.010759067388,,85.2,32.2,13356548.0,41.1551654585239,False,0.0,False,0.0,False,0.0,False,,False,-0.05480363878411343,False,False,False,False,True
ZWE,Zimbabwe,2011,38.142,1037.77565157218,,77.2,32.2,13595424.0,40.5413099103148,True,1.0,False,0.0,False,0.0,False,,False,-0.1312176457348638,False,False,False,False,True
ZWE,Zimbabwe,2012,37.805,1239.22709745709,,68.0,30.5,13817887.0,39.929425197268,False,0.0,False,0.0,False,0.0,False,,False,-0.2164093109011293,False,False,False,False,True
ZWE,Zimbabwe,2013,36.975,1362.99498323368,,62.6,30.5,14013808.0,39.3197220289687,True,1.0,False,0.0,False,0.0,False,,False,-0.2389982980792609,False,False,False,False,True
ZWE,Zimbabwe,2014,35.407,1372.91526173161,,59.8,27.6,14207359.0,38.7170842481052,False,0.0,False,0.0,False,0.0,False,,False,-0.21891327063740862,False,False,False,False,True
ZWE,Zimbabwe,2015,33.918,1387.12632595026,,59.2,27.1,14399013.0,38.1206484665361,False,0.0,False,0.0,False,0.0,False,,False,-0.16099773242630366,False,False,False,False,True
ZWE,Zimbabwe,2016,32.704,1408.13945253431,,57.5,27.1,14600294.0,37.5291927779865,True,1.0,False,0.0,False,0.0,False,,False,-0.12025703794369644,False,False,False,False,True
ZWE,Zimbabwe,2017,31.813,3445.44941020134,,56.7,27.1,14812482.0,36.9416715486173,True,2.0,False,0.0,False,0.0,False,,False,-0.076847932269619,False,False,False,False,True
ZWE,Zimbabwe,2018,31.327,2270.89531874302,,56.3,27.1,15034452.0,36.3571595127659,True,3.0,False,0.0,False,0.0,False,,False,-0.04834347532116306,False,False,False,False,True
ZWE,Zimbabwe,2019,31.121,2184.52155388801,93.2300033569336,58.6,23.5,15271368.0,35.7743353702206,False,0.0,False,0.0,False,0.0,False,0.0,False,0.012089810017271206,False,False,False,False,True
ZWE,Zimbabwe,2020,30.988,2059.63704025274,93.2300033569336,61.7,23.5,15526888.0,35.1923620543494,True,1.0,False,0.0,False,0.0,True,1.0,False,0.07006590357266734,False,False,False,False,True
ZWE,Zimbabwe,2021,30.932,2613.6167414057,93.2300033569336,62.4,23.5,15797210.0,34.6099501611517,True,2.0,False,0.0,False,0.0,True,2.0,False,0.07290233837689124,False,False,False,False,True
ZWE,Zimbabwe,2022,30.882,2536.40197087505,93.2300033569336,64.0,23.5,16069056.0,34.6178594063559,True,3.0,False,0.0,False,0.0,True,3.0,False,0.0821778829895164,False,False,False,False,True
ZWE,Zimbabwe,2023,30.41,2195.22502010174,93.2300033569336,64.2,23.5,16340822.0,34.6283464803415,True,4.0,False,0.0,False,0.0,True,4.0,True,0.05940594059405943,False,False,False,False,True
