country_code,country_name,year,indicator_name,value,source,retrieved_date
AFG,Afghanistan,2023,cbr,35.437,World Bank WDI (Crude Birth Rate),2026-09-02
AFG,Afghanistan,2022,cbr,36.045,World Bank WDI (Crude Birth Rate),2026-09-02
AFG,Afghanistan,2021,cbr,36.342,World Bank WDI (Crude Birth Rate),2026-09-02
AFG,Afghanistan,2020,cbr,36.601,World Bank WDI (Crude Birth Rate),2026-09-02
AFG,Afghanistan,2019,cbr,37.138,World Bank WDI (Crude Birth Rate),2026-09-02
AFG,Afghanistan,2018,cbr,37.624,World Bank WDI (Crude Birth Rate),2026-09-02
AFG,Afghanistan,2017,cbr,38.171,World Bank WDI (Crude Birth Rate),2026-09-02
AFG,Afghanistan,2016,cbr,38.732,World Bank WDI (Crude Birth Rate),2026-09-02
AFG,Afghanistan,2015,cbr,39.364,World Bank WDI (Crude Birth Rate),2026-09-02
AFG,Afghanistan,2014,cbr,39.646,World Bank WDI (Crude Birth Rate),2026-09-02
AFG,Afghanistan,2013,cbr,40.288,World Bank WDI (Crude Birth Rate),2026-09-02
AFG,Afghanistan,2012,cbr,40.702,World Bank WDI (Crude Birth Rate),2026-09-02
AFG,Afghanistan,2011,cbr,40.973,World Bank WDI (Crude Birth Rate),2026-09-02
AFG,Afghanistan,2010,cbr,41.759,World Bank WDI (Crude Birth Rate),2026-09-02
AFG,Afghanistan,2009,cbr,42.162,World Bank WDI (Crude Birth Rate),2026-09-02
AFG,Afghanistan,2008,cbr,42.538,World Bank WDI (Crude Birth Rate),2026-09-02
AFG,Afghanistan,2007,cbr,43.831,World Bank WDI (Crude Birth Rate),2026-09-02
AFG,Afghanistan,2006,cbr,44.087,World Bank WDI (Crude Birth Rate),2026-09-02
AFG,Afghanistan,2005,cbr,44.952,World Bank WDI (Crude Birth Rate),2026-09-02
AFG,Afghanistan,2004,cbr,46.492,World Bank WDI (Crude Birth Rate),2026-09-02
AFG,Afghanistan,2003,cbr,47.056,World Bank WDI (Crude Birth Rate),2026-09-02
AFG,Afghanistan,2002,cbr,47.488,World Bank WDI (Crude Birth Rate),2026-09-02
AFG,Afghanistan,2001,cbr,49.623,World Bank WDI (Crude Birth Rate),2026-09-02
AFG,Afghanistan,2000,cbr,51.491,World Bank WDI (Crude Birth Rate),2026-09-02
ALB,Albania,2023,cbr,10.244,World Bank WDI (Crude Birth Rate),2026-09-02
ALB,Albania,2022,cbr,10.305,World Bank WDI (Crude Birth Rate),2026-09-02
ALB,Albania,2021,cbr,10.512,World Bank WDI (Crude Birth Rate),2026-09-02
ALB,Albania,2020,cbr,10.536,World Bank WDI (Crude Birth Rate),2026-09-02
ALB,Albania,2019,cbr,10.757,World Bank WDI (Crude Birth Rate),2026-09-02
ALB,Albania,2018,cbr,10.898,World Bank WDI (Crude Birth Rate),2026-09-02
ALB,Albania,2017,cbr,11.416,World Bank WDI (Crude Birth Rate),2026-09-02
ALB,Albania,2016,cbr,11.873,World Bank WDI (Crude Birth Rate),2026-09-02
ALB,Albania,2015,cbr,12.431,World Bank WDI (Crude Birth Rate),2026-09-02
ALB,Albania,2014,cbr,13.071,World Bank WDI (Crude Birth Rate),2026-09-02
ALB,Albania,2013,cbr,13.137,World Bank WDI (Crude Birth Rate),2026-09-02
ALB,Albania,2012,cbr,12.868,World Bank WDI (Crude Birth Rate),2026-09-02
ALB,Albania,2011,cbr,12.406,World Bank WDI (Crude Birth Rate),2026-09-02
ALB,Albania,2010,cbr,12.373,World Bank WDI (Crude Birth Rate),2026-09-02
ALB,Albania,2009,cbr,12.326,World Bank WDI (Crude Birth Rate),2026-09-02
ALB,Albania,2008,cbr,12.209,World Bank WDI (Crude Birth Rate),2026-09-02
ALB,Albania,2007,cbr,12.439,World Bank WDI (Crude Birth Rate),2026-09-02
ALB,Albania,2006,cbr,12.977,World Bank WDI (Crude Birth Rate),2026-09-02
ALB,Albania,2005,cbr,13.862,World Bank WDI (Crude Birth Rate),2026-09-02
ALB,Albania,2004,cbr,14.7,World Bank WDI (Crude Birth Rate),2026-09-02
ALB,Albania,2003,cbr,15.616,World Bank WDI (Crude Birth Rate),2026-09-02
ALB,Albania,2002,cbr,15.585,World Bank WDI (Crude Birth Rate),2026-09-02
ALB,Albania,2001,cbr,16.596,World Bank WDI (Crude Birth Rate),2026-09-02
ALB,Albania,2000,cbr,17.513,World Bank WDI (Crude Birth Rate),2026-09-02
DZA,Algeria,2023,cbr,19.625,World Bank WDI (Crude Birth Rate),2026-09-02
DZA,Algeria,2022,cbr,20.491,World Bank WDI (Crude Birth Rate),2026-09-02
DZA,Algeria,2021,cbr,21.392,World Bank WDI (Crude Birth Rate),2026-09-02
DZA,Algeria,2020,cbr,22.43,World Bank WDI (Crude Birth Rate),2026-09-02
DZA,Algeria,2019,cbr,23.379,World Bank WDI (Crude Birth Rate),2026-09-02
DZA,Algeria,2018,cbr,24.063,World Bank WDI (Crude Birth Rate),2026-09-02
DZA,Algeria,2017,cbr,25.015,World Bank WDI (Crude Birth Rate),2026-09-02
DZA,Algeria,2016,cbr,25.439,World Bank WDI (Crude Birth Rate),2026-09-02
DZA,Algeria,2015,cbr,25.811,World Bank WDI (Crude Birth Rate),2026-09-02
DZA,Algeria,2014,cbr,26.063,World Bank WDI (Crude Birth Rate),2026-09-02
DZA,Algeria,2013,cbr,25.524,World Bank WDI (Crude Birth Rate),2026-09-02
DZA,Algeria,2012,cbr,25.656,World Bank WDI (Crude Birth Rate),2026-09-02
DZA,Algeria,2011,cbr,24.76,World Bank WDI (Crude Birth Rate),2026-09-02
DZA,Algeria,2010,cbr,24.556,World Bank WDI (Crude Birth Rate),2026-09-02
DZA,Algeria,2009,cbr,24.189,World Bank WDI (Crude Birth Rate),2026-09-02
DZA,Algeria,2008,cbr,23.735,World Bank WDI (Crude Birth Rate),2026-09-02
DZA,Algeria,2007,cbr,22.873,World Bank WDI (Crude Birth Rate),2026-09-02
DZA,Algeria,2006,cbr,21.998,World Bank WDI (Crude Birth Rate),2026-09-02
DZA,Algeria,2005,cbr,21.136,World Bank WDI (Crude Birth Rate),2026-09-02
DZA,Algeria,2004,cbr,20.337,World Bank WDI (Crude Birth Rate),2026-09-02
DZA,Algeria,2003,cbr,19.614,World Bank WDI (Crude Birth Rate),2026-09-02
DZA,Algeria,2002,cbr,19.096,World Bank WDI (Crude Birth Rate),2026-09-02
DZA,Algeria,2001,cbr,19.405,World Bank WDI (Crude Birth Rate),2026-09-02
DZA,Algeria,2000,cbr,19.574,World Bank WDI (Crude Birth Rate),2026-09-02
ASM,American Samoa,2023,cbr,15.388,World Bank WDI (Crude Birth Rate),2026-09-02
ASM,American Samoa,2022,cbr,15.522,World Bank WDI (Crude Birth Rate),2026-09-02
ASM,American Samoa,2021,cbr,15.649,World Bank WDI (Crude Birth Rate),2026-09-02
ASM,American Samoa,2020,cbr,15.658,World Bank WDI (Crude Birth Rate),2026-09-02
ASM,American Samoa,2019,cbr,16.304,World Bank WDI (Crude Birth Rate),2026-09-02
ASM,American Samoa,2018,cbr,17.204,World Bank WDI (Crude Birth Rate),2026-09-02
ASM,American Samoa,2017,cbr,18.206,World Bank WDI (Crude Birth Rate),2026-09-02
ASM,American Samoa,2016,cbr,19.141,World Bank WDI (Crude Birth Rate),2026-09-02
ASM,American Samoa,2015,cbr,19.821,World Bank WDI (Crude Birth Rate),2026-09-02
ASM,American Samoa,2014,cbr,20.317,World Bank WDI (Crude Birth Rate),2026-09-02
ASM,American Samoa,2013,cbr,20.73,World Bank WDI (Crude Birth Rate),2026-09-02
ASM,American Samoa,2012,cbr,21.266,World Bank WDI (Crude Birth Rate),2026-09-02
ASM,American Samoa,2011,cbr,21.784,World Bank WDI (Crude Birth Rate),2026-09-02
ASM,American Samoa,2010,cbr,22.361,World Bank WDI (Crude Birth Rate),2026-09-02
ASM,American Samoa,2009,cbr,22.976,World Bank WDI (Crude Birth Rate),2026-09-02
ASM,American Samoa,2008,cbr,23.625,World Bank WDI (Crude Birth Rate),2026-09-02
ASM,American Samoa,2007,cbr,24.482,World Bank WDI (Crude Birth Rate),2026-09-02
ASM,American Samoa,2006,cbr,26.017,World Bank WDI (Crude Birth Rate),2026-09-02
ASM,American Samoa,2005,cbr,27.578,World Bank WDI (Crude Birth Rate),2026-09-02
ASM,American Samoa,2004,cbr,28.479,World Bank WDI (Crude Birth Rate),2026-09-02
ASM,American Samoa,2003,cbr,28.502,World Bank WDI (Crude Birth Rate),2026-09-02
ASM,American Samoa,2002,cbr,28.465,World Bank WDI (Crude Birth Rate),2026-09-02
ASM,American Samoa,2001,cbr,28.79,World Bank WDI (Crude Birth Rate),2026-09-02
ASM,American Samoa,2000,cbr,29.234,World Bank WDI (Crude Birth Rate),2026-09-02
AND,Andorra,2023,cbr,6.859,World Bank WDI (Crude Birth Rate),2026-09-02
AND,Andorra,2022,cbr,6.85,World Bank WDI (Crude Birth Rate),2026-09-02
AND,Andorra,2021,cbr,6.828,World Bank WDI (Crude Birth Rate),2026-09-02
AND,Andorra,2020,cbr,6.831,World Bank WDI (Crude Birth Rate),2026-09-02
AND,Andorra,2019,cbr,6.993,World Bank WDI (Crude Birth Rate),2026-09-02
AND,Andorra,2018,cbr,7.159,World Bank WDI (Crude Birth Rate),2026-09-02
AND,Andorra,2017,cbr,7.831,World Bank WDI (Crude Birth Rate),2026-09-02
AND,Andorra,2016,cbr,8.432,World Bank WDI (Crude Birth Rate),2026-09-02
AND,Andorra,2015,cbr,9.132,World Bank WDI (Crude Birth Rate),2026-09-02
AND,Andorra,2014,cbr,8.973,World Bank WDI (Crude Birth Rate),2026-09-02
AND,Andorra,2013,cbr,9.03,World Bank WDI (Crude Birth Rate),2026-09-02
AND,Andorra,2012,cbr,10.172,World Bank WDI (Crude Birth Rate),2026-09-02
AND,Andorra,2011,cbr,10.469,World Bank WDI (Crude Birth Rate),2026-09-02
AND,Andorra,2010,cbr,10.742,World Bank WDI (Crude Birth Rate),2026-09-02
AND,Andorra,2009,cbr,10.101,World Bank WDI (Crude Birth Rate),2026-09-02
AND,Andorra,2008,cbr,10.46,World Bank WDI (Crude Birth Rate),2026-09-02
AND,Andorra,2007,cbr,10.04,World Bank WDI (Crude Birth Rate),2026-09-02
AND,Andorra,2006,cbr,10.498,World Bank WDI (Crude Birth Rate),2026-09-02
AND,Andorra,2005,cbr,10.502,World Bank WDI (Crude Birth Rate),2026-09-02
AND,Andorra,2004,cbr,10.253,World Bank WDI (Crude Birth Rate),2026-09-02
AND,Andorra,2003,cbr,9.537,World Bank WDI (Crude Birth Rate),2026-09-02
AND,Andorra,2002,cbr,10.728,World Bank WDI (Crude Birth Rate),2026-09-02
AND,Andorra,2001,cbr,11.405,World Bank WDI (Crude Birth Rate),2026-09-02
AND,Andorra,2000,cbr,11.54,World Bank WDI (Crude Birth Rate),2026-09-02
AGO,Angola,2023,cbr,37.588,World Bank WDI (Crude Birth Rate),2026-09-02
AGO,Angola,2022,cbr,38.102,World Bank WDI (Crude Birth Rate),2026-09-02
AGO,Angola,2021,cbr,38.67,World Bank WDI (Crude Birth Rate),2026-09-02
AGO,Angola,2020,cbr,39.127,World Bank WDI (Crude Birth Rate),2026-09-02
AGO,Angola,2019,cbr,39.539,World Bank WDI (Crude Birth Rate),2026-09-02
AGO,Angola,2018,cbr,40.057,World Bank WDI (Crude Birth Rate),2026-09-02
AGO,Angola,2017,cbr,40.595,World Bank WDI (Crude Birth Rate),2026-09-02
AGO,Angola,2016,cbr,41.183,World Bank WDI (Crude Birth Rate),2026-09-02
AGO,Angola,2015,cbr,41.847,World Bank WDI (Crude Birth Rate),2026-09-02
AGO,Angola,2014,cbr,42.503,World Bank WDI (Crude Birth Rate),2026-09-02
AGO,Angola,2013,cbr,43.065,World Bank WDI (Crude Birth Rate),2026-09-02
AGO,Angola,2012,cbr,43.61,World Bank WDI (Crude Birth Rate),2026-09-02
AGO,Angola,2011,cbr,44.136,World Bank WDI (Crude Birth Rate),2026-09-02
AGO,Angola,2010,cbr,44.661,World Bank WDI (Crude Birth Rate),2026-09-02
AGO,Angola,2009,cbr,45.175,World Bank WDI (Crude Birth Rate),2026-09-02
AGO,Angola,2008,cbr,45.507,World Bank WDI (Crude Birth Rate),2026-09-02
AGO,Angola,2007,cbr,45.838,World Bank WDI (Crude Birth Rate),2026-09-02
AGO,Angola,2006,cbr,46.123,World Bank WDI (Crude Birth Rate),2026-09-02
AGO,Angola,2005,cbr,46.342,World Bank WDI (Crude Birth Rate),2026-09-02
AGO,Angola,2004,cbr,46.46,World Bank WDI (Crude Birth Rate),2026-09-02
AGO,Angola,2003,cbr,46.551,World Bank WDI (Crude Birth Rate),2026-09-02
AGO,Angola,2002,cbr,46.666,World Bank WDI (Crude Birth Rate),2026-09-02
AGO,Angola,2001,cbr,46.771,World Bank WDI (Crude Birth Rate),2026-09-02
AGO,Angola,2000,cbr,46.853,World Bank WDI (Crude Birth Rate),2026-09-02
ATG,Antigua and Barbuda,2023,cbr,11.848,World Bank WDI (Crude Birth Rate),2026-09-02
ATG,Antigua and Barbuda,2022,cbr,12.001,World Bank WDI (Crude Birth Rate),2026-09-02
ATG,Antigua and Barbuda,2021,cbr,12.135,World Bank WDI (Crude Birth Rate),2026-09-02
ATG,Antigua and Barbuda,2020,cbr,12.18,World Bank WDI (Crude Birth Rate),2026-09-02
ATG,Antigua and Barbuda,2019,cbr,11.5,World Bank WDI (Crude Birth Rate),2026-09-02
ATG,Antigua and Barbuda,2018,cbr,10.822,World Bank WDI (Crude Birth Rate),2026-09-02
ATG,Antigua and Barbuda,2017,cbr,11.796,World Bank WDI (Crude Birth Rate),2026-09-02
ATG,Antigua and Barbuda,2016,cbr,11.657,World Bank WDI (Crude Birth Rate),2026-09-02
ATG,Antigua and Barbuda,2015,cbr,12.587,World Bank WDI (Crude Birth Rate),2026-09-02
ATG,Antigua and Barbuda,2014,cbr,12.31,World Bank WDI (Crude Birth Rate),2026-09-02
ATG,Antigua and Barbuda,2013,cbr,12.436,World Bank WDI (Crude Birth Rate),2026-09-02
ATG,Antigua and Barbuda,2012,cbr,13.456,World Bank WDI (Crude Birth Rate),2026-09-02
ATG,Antigua and Barbuda,2011,cbr,14.259,World Bank WDI (Crude Birth Rate),2026-09-02
ATG,Antigua and Barbuda,2010,cbr,14.66,World Bank WDI (Crude Birth Rate),2026-09-02
ATG,Antigua and Barbuda,2009,cbr,16.578,World Bank WDI (Crude Birth Rate),2026-09-02
ATG,Antigua and Barbuda,2008,cbr,16.994,World Bank WDI (Crude Birth Rate),2026-09-02
ATG,Antigua and Barbuda,2007,cbr,15.59,World Bank WDI (Crude Birth Rate),2026-09-02
ATG,Antigua and Barbuda,2006,cbr,15.461,World Bank WDI (Crude Birth Rate),2026-09-02
ATG,Antigua and Barbuda,2005,cbr,15.613,World Bank WDI (Crude Birth Rate),2026-09-02
ATG,Antigua and Barbuda,2004,cbr,15.947,World Bank WDI (Crude Birth Rate),2026-09-02
ATG,Antigua and Barbuda,2003,cbr,16.443,World Bank WDI (Crude Birth Rate),2026-09-02
ATG,Antigua and Barbuda,2002,cbr,17.106,World Bank WDI (Crude Birth Rate),2026-09-02
ATG,Antigua and Barbuda,2001,cbr,17.973,World Bank WDI (Crude Birth Rate),2026-09-02
ATG,Antigua and Barbuda,2000,cbr,19.72,World Bank WDI (Crude Birth Rate),2026-09-02
ARG,Argentina,2023,cbr,11.064,World Bank WDI (Crude Birth Rate),2026-09-02
ARG,Argentina,2022,cbr,10.926,World Bank WDI (Crude Birth Rate),2026-09-02
ARG,Argentina,2021,cbr,11.682,World Bank WDI (Crude Birth Rate),2026-09-02
ARG,Argentina,2020,cbr,11.799,World Bank WDI (Crude Birth Rate),2026-09-02
ARG,Argentina,2019,cbr,13.902,World Bank WDI (Crude Birth Rate),2026-09-02
ARG,Argentina,2018,cbr,15.332,World Bank WDI (Crude Birth Rate),2026-09-02
ARG,Argentina,2017,cbr,16.155,World Bank WDI (Crude Birth Rate),2026-09-02
ARG,Argentina,2016,cbr,16.789,World Bank WDI (Crude Birth Rate),2026-09-02
ARG,Argentina,2015,cbr,17.665,World Bank WDI (Crude Birth Rate),2026-09-02
ARG,Argentina,2014,cbr,18.019,World Bank WDI (Crude Birth Rate),2026-09-02
ARG,Argentina,2013,cbr,17.683,World Bank WDI (Crude Birth Rate),2026-09-02
ARG,Argentina,2012,cbr,17.48,World Bank WDI (Crude Birth Rate),2026-09-02
ARG,Argentina,2011,cbr,18.172,World Bank WDI (Crude Birth Rate),2026-09-02
ARG,Argentina,2010,cbr,18.314,World Bank WDI (Crude Birth Rate),2026-09-02
ARG,Argentina,2009,cbr,18.231,World Bank WDI (Crude Birth Rate),2026-09-02
ARG,Argentina,2008,cbr,18.462,World Bank WDI (Crude Birth Rate),2026-09-02
ARG,Argentina,2007,cbr,17.967,World Bank WDI (Crude Birth Rate),2026-09-02
ARG,Argentina,2006,cbr,18.161,World Bank WDI (Crude Birth Rate),2026-09-02
ARG,Argentina,2005,cbr,18.306,World Bank WDI (Crude Birth Rate),2026-09-02
ARG,Argentina,2004,cbr,18.295,World Bank WDI (Crude Birth Rate),2026-09-02
ARG,Argentina,2003,cbr,18.41,World Bank WDI (Crude Birth Rate),2026-09-02
ARG,Argentina,2002,cbr,18.702,World Bank WDI (Crude Birth Rate),2026-09-02
ARG,Argentina,2001,cbr,18.94,World Bank WDI (Crude Birth Rate),2026-09-02
ARG,Argentina,2000,cbr,19.328,World Bank WDI (Crude Birth Rate),2026-09-02
ARM,Armenia,2023,cbr,12.3,World Bank WDI (Crude Birth Rate),2026-09-02
ARM,Armenia,2022,cbr,12.3,World Bank WDI (Crude Birth Rate),2026-09-02
ARM,Armenia,2021,cbr,12.4,World Bank WDI (Crude Birth Rate),2026-09-02
ARM,Armenia,2020,cbr,12.3,World Bank WDI (Crude Birth Rate),2026-09-02
ARM,Armenia,2019,cbr,12.2,World Bank WDI (Crude Birth Rate),2026-09-02
ARM,Armenia,2018,cbr,12.3,World Bank WDI (Crude Birth Rate),2026-09-02
ARM,Armenia,2017,cbr,12.6,World Bank WDI (Crude Birth Rate),2026-09-02
ARM,Armenia,2016,cbr,13.5,World Bank WDI (Crude Birth Rate),2026-09-02
ARM,Armenia,2015,cbr,13.9,World Bank WDI (Crude Birth Rate),2026-09-02
ARM,Armenia,2014,cbr,14.3,World Bank WDI (Crude Birth Rate),2026-09-02
ARM,Armenia,2013,cbr,13.8,World Bank WDI (Crude Birth Rate),2026-09-02
ARM,Armenia,2012,cbr,14.0,World Bank WDI (Crude Birth Rate),2026-09-02
ARM,Armenia,2011,cbr,14.3,World Bank WDI (Crude Birth Rate),2026-09-02
ARM,Armenia,2010,cbr,14.7,World Bank WDI (Crude Birth Rate),2026-09-02
ARM,Armenia,2009,cbr,14.5,World Bank WDI (Crude Birth Rate),2026-09-02
ARM,Armenia,2008,cbr,13.3,World Bank WDI (Crude Birth Rate),2026-09-02
ARM,Armenia,2007,cbr,12.9,World Bank WDI (Crude Birth Rate),2026-09-02
ARM,Armenia,2006,cbr,12.0,World Bank WDI (Crude Birth Rate),2026-09-02
ARM,Armenia,2005,cbr,11.9,World Bank WDI (Crude Birth Rate),2026-09-02
ARM,Armenia,2004,cbr,11.8,World Bank WDI (Crude Birth Rate),2026-09-02
ARM,Armenia,2003,cbr,11.3,World Bank WDI (Crude Birth Rate),2026-09-02
ARM,Armenia,2002,cbr,10.1,World Bank WDI (Crude Birth Rate),2026-09-02
ARM,Armenia,2001,cbr,10.0,World Bank WDI (Crude Birth Rate),2026-09-02
ARM,Armenia,2000,cbr,10.6,World Bank WDI (Crude Birth Rate),2026-09-02
ABW,Aruba,2023,cbr,7.973,World Bank WDI (Crude Birth Rate),2026-09-02
ABW,Aruba,2022,cbr,8.527,World Bank WDI (Crude Birth Rate),2026-09-02
ABW,Aruba,2021,cbr,9.461,World Bank WDI (Crude Birth Rate),2026-09-02
ABW,Aruba,2020,cbr,9.688,World Bank WDI (Crude Birth Rate),2026-09-02
ABW,Aruba,2019,cbr,10.842,World Bank WDI (Crude Birth Rate),2026-09-02
ABW,Aruba,2018,cbr,10.807,World Bank WDI (Crude Birth Rate),2026-09-02
ABW,Aruba,2017,cbr,11.477,World Bank WDI (Crude Birth Rate),2026-09-02
ABW,Aruba,2016,cbr,11.625,World Bank WDI (Crude Birth Rate),2026-09-02
ABW,Aruba,2015,cbr,11.556,World Bank WDI (Crude Birth Rate),2026-09-02
ABW,Aruba,2014,cbr,12.864,World Bank WDI (Crude Birth Rate),2026-09-02
ABW,Aruba,2013,cbr,12.548,World Bank WDI (Crude Birth Rate),2026-09-02
ABW,Aruba,2012,cbr,12.592,World Bank WDI (Crude Birth Rate),2026-09-02
ABW,Aruba,2011,cbr,12.175,World Bank WDI (Crude Birth Rate),2026-09-02
ABW,Aruba,2010,cbr,11.941,World Bank WDI (Crude Birth Rate),2026-09-02
ABW,Aruba,2009,cbr,12.332,World Bank WDI (Crude Birth Rate),2026-09-02
ABW,Aruba,2008,cbr,13.07,World Bank WDI (Crude Birth Rate),2026-09-02
ABW,Aruba,2007,cbr,13.38,World Bank WDI (Crude Birth Rate),2026-09-02
ABW,Aruba,2006,cbr,13.681,World Bank WDI (Crude Birth Rate),2026-09-02
ABW,Aruba,2005,cbr,12.936,World Bank WDI (Crude Birth Rate),2026-09-02
ABW,Aruba,2004,cbr,12.54,World Bank WDI (Crude Birth Rate),2026-09-02
ABW,Aruba,2003,cbr,13.358,World Bank WDI (Crude Birth Rate),2026-09-02
ABW,Aruba,2002,cbr,13.337,World Bank WDI (Crude Birth Rate),2026-09-02
ABW,Aruba,2001,cbr,13.813,World Bank WDI (Crude Birth Rate),2026-09-02
ABW,Aruba,2000,cbr,14.26,World Bank WDI (Crude Birth Rate),2026-09-02
AUS,Australia,2023,cbr,10.8,World Bank WDI (Crude Birth Rate),2026-09-02
AUS,Australia,2022,cbr,11.6,World Bank WDI (Crude Birth Rate),2026-09-02
AUS,Australia,2021,cbr,12.1,World Bank WDI (Crude Birth Rate),2026-09-02
AUS,Australia,2020,cbr,11.5,World Bank WDI (Crude Birth Rate),2026-09-02
AUS,Australia,2019,cbr,12.1,World Bank WDI (Crude Birth Rate),2026-09-02
AUS,Australia,2018,cbr,12.6,World Bank WDI (Crude Birth Rate),2026-09-02
AUS,Australia,2017,cbr,12.6,World Bank WDI (Crude Birth Rate),2026-09-02
AUS,Australia,2016,cbr,12.9,World Bank WDI (Crude Birth Rate),2026-09-02
AUS,Australia,2015,cbr,12.9,World Bank WDI (Crude Birth Rate),2026-09-02
AUS,Australia,2014,cbr,13.2,World Bank WDI (Crude Birth Rate),2026-09-02
AUS,Australia,2013,cbr,13.3,World Bank WDI (Crude Birth Rate),2026-09-02
AUS,Australia,2012,cbr,13.7,World Bank WDI (Crude Birth Rate),2026-09-02
AUS,Australia,2011,cbr,13.6,World Bank WDI (Crude Birth Rate),2026-09-02
AUS,Australia,2010,cbr,13.7,World Bank WDI (Crude Birth Rate),2026-09-02
AUS,Australia,2009,cbr,13.9,World Bank WDI (Crude Birth Rate),2026-09-02
AUS,Australia,2008,cbr,14.0,World Bank WDI (Crude Birth Rate),2026-09-02
AUS,Australia,2007,cbr,14.1,World Bank WDI (Crude Birth Rate),2026-09-02
AUS,Australia,2006,cbr,12.9,World Bank WDI (Crude Birth Rate),2026-09-02
AUS,Australia,2005,cbr,12.8,World Bank WDI (Crude Birth Rate),2026-09-02
AUS,Australia,2004,cbr,12.3,World Bank WDI (Crude Birth Rate),2026-09-02
AUS,Australia,2003,cbr,12.6,World Bank WDI (Crude Birth Rate),2026-09-02
AUS,Australia,2002,cbr,12.8,World Bank WDI (Crude Birth Rate),2026-09-02
AUS,Australia,2001,cbr,12.7,World Bank WDI (Crude Birth Rate),2026-09-02
AUS,Australia,2000,cbr,13.0,World Bank WDI (Crude Birth Rate),2026-09-02
AUT,Austria,2023,cbr,8.5,World Bank WDI (Crude Birth Rate),2026-09-02
AUT,Austria,2022,cbr,9.1,World Bank WDI (Crude Birth Rate),2026-09-02
AUT,Austria,2021,cbr,9.6,World Bank WDI (Crude Birth Rate),2026-09-02
AUT,Austria,2020,cbr,9.4,World Bank WDI (Crude Birth Rate),2026-09-02
AUT,Austria,2019,cbr,9.6,World Bank WDI (Crude Birth Rate),2026-09-02
AUT,Austria,2018,cbr,9.7,World Bank WDI (Crude Birth Rate),2026-09-02
AUT,Austria,2017,cbr,10.0,World Bank WDI (Crude Birth Rate),2026-09-02
AUT,Austria,2016,cbr,10.0,World Bank WDI (Crude Birth Rate),2026-09-02
AUT,Austria,2015,cbr,9.8,World Bank WDI (Crude Birth Rate),2026-09-02
AUT,Austria,2014,cbr,9.6,World Bank WDI (Crude Birth Rate),2026-09-02
AUT,Austria,2013,cbr,9.4,World Bank WDI (Crude Birth Rate),2026-09-02
AUT,Austria,2012,cbr,9.4,World Bank WDI (Crude Birth Rate),2026-09-02
AUT,Austria,2011,cbr,9.3,World Bank WDI (Crude Birth Rate),2026-09-02
AUT,Austria,2010,cbr,9.4,World Bank WDI (Crude Birth Rate),2026-09-02
AUT,Austria,2009,cbr,9.2,World Bank WDI (Crude Birth Rate),2026-09-02
AUT,Austria,2008,cbr,9.3,World Bank WDI (Crude Birth Rate),2026-09-02
AUT,Austria,2007,cbr,9.2,World Bank WDI (Crude Birth Rate),2026-09-02
AUT,Austria,2006,cbr,9.4,World Bank WDI (Crude Birth Rate),2026-09-02
AUT,Austria,2005,cbr,9.5,World Bank WDI (Crude Birth Rate),2026-09-02
AUT,Austria,2004,cbr,9.7,World Bank WDI (Crude Birth Rate),2026-09-02
AUT,Austria,2003,cbr,9.5,World Bank WDI (Crude Birth Rate),2026-09-02
AUT,Austria,2002,cbr,9.7,World Bank WDI (Crude Birth Rate),2026-09-02
AUT,Austria,2001,cbr,9.4,World Bank WDI (Crude Birth Rate),2026-09-02
AUT,Austria,2000,cbr,9.8,World Bank WDI (Crude Birth Rate),2026-09-02
AZE,Azerbaijan,2023,cbr,11.1,World Bank WDI (Crude Birth Rate),2026-09-02
AZE,Azerbaijan,2022,cbr,12.1,World Bank WDI (Crude Birth Rate),2026-09-02
AZE,Azerbaijan,2021,cbr,11.1,World Bank WDI (Crude Birth Rate),2026-09-02
AZE,Azerbaijan,2020,cbr,12.5,World Bank WDI (Crude Birth Rate),2026-09-02
AZE,Azerbaijan,2019,cbr,14.1,World Bank WDI (Crude Birth Rate),2026-09-02
AZE,Azerbaijan,2018,cbr,14.0,World Bank WDI (Crude Birth Rate),2026-09-02
AZE,Azerbaijan,2017,cbr,14.6,World Bank WDI (Crude Birth Rate),2026-09-02
AZE,Azerbaijan,2016,cbr,16.3,World Bank WDI (Crude Birth Rate),2026-09-02
AZE,Azerbaijan,2015,cbr,17.2,World Bank WDI (Crude Birth Rate),2026-09-02
AZE,Azerbaijan,2014,cbr,17.9,World Bank WDI (Crude Birth Rate),2026-09-02
AZE,Azerbaijan,2013,cbr,18.3,World Bank WDI (Crude Birth Rate),2026-09-02
AZE,Azerbaijan,2012,cbr,18.8,World Bank WDI (Crude Birth Rate),2026-09-02
AZE,Azerbaijan,2011,cbr,19.2,World Bank WDI (Crude Birth Rate),2026-09-02
AZE,Azerbaijan,2010,cbr,18.3,World Bank WDI (Crude Birth Rate),2026-09-02
AZE,Azerbaijan,2009,cbr,17.0,World Bank WDI (Crude Birth Rate),2026-09-02
AZE,Azerbaijan,2008,cbr,17.4,World Bank WDI (Crude Birth Rate),2026-09-02
AZE,Azerbaijan,2007,cbr,17.7,World Bank WDI (Crude Birth Rate),2026-09-02
AZE,Azerbaijan,2006,cbr,17.6,World Bank WDI (Crude Birth Rate),2026-09-02
AZE,Azerbaijan,2005,cbr,16.9,World Bank WDI (Crude Birth Rate),2026-09-02
AZE,Azerbaijan,2004,cbr,15.8,World Bank WDI (Crude Birth Rate),2026-09-02
AZE,Azerbaijan,2003,cbr,13.8,World Bank WDI (Crude Birth Rate),2026-09-02
AZE,Azerbaijan,2002,cbr,13.5,World Bank WDI (Crude Birth Rate),2026-09-02
AZE,Azerbaijan,2001,cbr,13.6,World Bank WDI (Crude Birth Rate),2026-09-02
AZE,Azerbaijan,2000,cbr,14.5,World Bank WDI (Crude Birth Rate),2026-09-02
BHS,"Bahamas, The",2023,cbr,10.852,World Bank WDI (Crude Birth Rate),2026-09-02
BHS,"Bahamas, The",2022,cbr,10.942,World Bank WDI (Crude Birth Rate),2026-09-02
BHS,"Bahamas, The",2021,cbr,11.023,World Bank WDI (Crude Birth Rate),2026-09-02
BHS,"Bahamas, The",2020,cbr,11.115,World Bank WDI (Crude Birth Rate),2026-09-02
BHS,"Bahamas, The",2019,cbr,11.195,World Bank WDI (Crude Birth Rate),2026-09-02
BHS,"Bahamas, The",2018,cbr,11.263,World Bank WDI (Crude Birth Rate),2026-09-02
BHS,"Bahamas, The",2017,cbr,11.421,World Bank WDI (Crude Birth Rate),2026-09-02
BHS,"Bahamas, The",2016,cbr,11.983,World Bank WDI (Crude Birth Rate),2026-09-02
BHS,"Bahamas, The",2015,cbr,12.607,World Bank WDI (Crude Birth Rate),2026-09-02
BHS,"Bahamas, The",2014,cbr,13.503,World Bank WDI (Crude Birth Rate),2026-09-02
BHS,"Bahamas, The",2013,cbr,13.902,World Bank WDI (Crude Birth Rate),2026-09-02
BHS,"Bahamas, The",2012,cbr,14.075,World Bank WDI (Crude Birth Rate),2026-09-02
BHS,"Bahamas, The",2011,cbr,14.273,World Bank WDI (Crude Birth Rate),2026-09-02
BHS,"Bahamas, The",2010,cbr,14.565,World Bank WDI (Crude Birth Rate),2026-09-02
BHS,"Bahamas, The",2009,cbr,15.918,World Bank WDI (Crude Birth Rate),2026-09-02
BHS,"Bahamas, The",2008,cbr,15.831,World Bank WDI (Crude Birth Rate),2026-09-02
BHS,"Bahamas, The",2007,cbr,16.125,World Bank WDI (Crude Birth Rate),2026-09-02
BHS,"Bahamas, The",2006,cbr,16.028,World Bank WDI (Crude Birth Rate),2026-09-02
BHS,"Bahamas, The",2005,cbr,16.086,World Bank WDI (Crude Birth Rate),2026-09-02
BHS,"Bahamas, The",2004,cbr,15.967,World Bank WDI (Crude Birth Rate),2026-09-02
BHS,"Bahamas, The",2003,cbr,16.024,World Bank WDI (Crude Birth Rate),2026-09-02
BHS,"Bahamas, The",2002,cbr,16.299,World Bank WDI (Crude Birth Rate),2026-09-02
BHS,"Bahamas, The",2001,cbr,16.787,World Bank WDI (Crude Birth Rate),2026-09-02
BHS,"Bahamas, The",2000,cbr,17.254,World Bank WDI (Crude Birth Rate),2026-09-02
BHR,Bahrain,2023,cbr,12.46,World Bank WDI (Crude Birth Rate),2026-09-02
BHR,Bahrain,2022,cbr,13.282,World Bank WDI (Crude Birth Rate),2026-09-02
BHR,Bahrain,2021,cbr,13.042,World Bank WDI (Crude Birth Rate),2026-09-02
BHR,Bahrain,2020,cbr,12.813,World Bank WDI (Crude Birth Rate),2026-09-02
BHR,Bahrain,2019,cbr,13.318,World Bank WDI (Crude Birth Rate),2026-09-02
BHR,Bahrain,2018,cbr,13.641,World Bank WDI (Crude Birth Rate),2026-09-02
BHR,Bahrain,2017,cbr,14.071,World Bank WDI (Crude Birth Rate),2026-09-02
BHR,Bahrain,2016,cbr,14.623,World Bank WDI (Crude Birth Rate),2026-09-02
BHR,Bahrain,2015,cbr,15.36,World Bank WDI (Crude Birth Rate),2026-09-02
BHR,Bahrain,2014,cbr,15.625,World Bank WDI (Crude Birth Rate),2026-09-02
BHR,Bahrain,2013,cbr,15.585,World Bank WDI (Crude Birth Rate),2026-09-02
BHR,Bahrain,2012,cbr,15.438,World Bank WDI (Crude Birth Rate),2026-09-02
BHR,Bahrain,2011,cbr,15.441,World Bank WDI (Crude Birth Rate),2026-09-02
BHR,Bahrain,2010,cbr,15.486,World Bank WDI (Crude Birth Rate),2026-09-02
BHR,Bahrain,2009,cbr,15.462,World Bank WDI (Crude Birth Rate),2026-09-02
BHR,Bahrain,2008,cbr,16.186,World Bank WDI (Crude Birth Rate),2026-09-02
BHR,Bahrain,2007,cbr,16.962,World Bank WDI (Crude Birth Rate),2026-09-02
BHR,Bahrain,2006,cbr,18.079,World Bank WDI (Crude Birth Rate),2026-09-02
BHR,Bahrain,2005,cbr,19.354,World Bank WDI (Crude Birth Rate),2026-09-02
BHR,Bahrain,2004,cbr,19.86,World Bank WDI (Crude Birth Rate),2026-09-02
BHR,Bahrain,2003,cbr,19.692,World Bank WDI (Crude Birth Rate),2026-09-02
BHR,Bahrain,2002,cbr,19.147,World Bank WDI (Crude Birth Rate),2026-09-02
BHR,Bahrain,2001,cbr,19.082,World Bank WDI (Crude Birth Rate),2026-09-02
BHR,Bahrain,2000,cbr,20.431,World Bank WDI (Crude Birth Rate),2026-09-02
BGD,Bangladesh,2023,cbr,20.353,World Bank WDI (Crude Birth Rate),2026-09-02
BGD,Bangladesh,2022,cbr,20.583,World Bank WDI (Crude Birth Rate),2026-09-02
BGD,Bangladesh,2021,cbr,20.414,World Bank WDI (Crude Birth Rate),2026-09-02
BGD,Bangladesh,2020,cbr,20.289,World Bank WDI (Crude Birth Rate),2026-09-02
BGD,Bangladesh,2019,cbr,20.131,World Bank WDI (Crude Birth Rate),2026-09-02
BGD,Bangladesh,2018,cbr,20.069,World Bank WDI (Crude Birth Rate),2026-09-02
BGD,Bangladesh,2017,cbr,19.991,World Bank WDI (Crude Birth Rate),2026-09-02
BGD,Bangladesh,2016,cbr,20.226,World Bank WDI (Crude Birth Rate),2026-09-02
BGD,Bangladesh,2015,cbr,20.254,World Bank WDI (Crude Birth Rate),2026-09-02
BGD,Bangladesh,2014,cbr,20.298,World Bank WDI (Crude Birth Rate),2026-09-02
BGD,Bangladesh,2013,cbr,20.55,World Bank WDI (Crude Birth Rate),2026-09-02
BGD,Bangladesh,2012,cbr,20.709,World Bank WDI (Crude Birth Rate),2026-09-02
BGD,Bangladesh,2011,cbr,21.114,World Bank WDI (Crude Birth Rate),2026-09-02
BGD,Bangladesh,2010,cbr,21.874,World Bank WDI (Crude Birth Rate),2026-09-02
BGD,Bangladesh,2009,cbr,22.829,World Bank WDI (Crude Birth Rate),2026-09-02
BGD,Bangladesh,2008,cbr,23.685,World Bank WDI (Crude Birth Rate),2026-09-02
BGD,Bangladesh,2007,cbr,24.526,World Bank WDI (Crude Birth Rate),2026-09-02
BGD,Bangladesh,2006,cbr,25.252,World Bank WDI (Crude Birth Rate),2026-09-02
BGD,Bangladesh,2005,cbr,26.055,World Bank WDI (Crude Birth Rate),2026-09-02
BGD,Bangladesh,2004,cbr,26.994,World Bank WDI (Crude Birth Rate),2026-09-02
BGD,Bangladesh,2003,cbr,27.745,World Bank WDI (Crude Birth Rate),2026-09-02
BGD,Bangladesh,2002,cbr,28.526,World Bank WDI (Crude Birth Rate),2026-09-02
BGD,Bangladesh,2001,cbr,29.174,World Bank WDI (Crude Birth Rate),2026-09-02
BGD,Bangladesh,2000,cbr,29.589,World Bank WDI (Crude Birth Rate),2026-09-02
BRB,Barbados,2023,cbr,11.173,World Bank WDI (Crude Birth Rate),2026-09-02
BRB,Barbados,2022,cbr,11.249,World Bank WDI (Crude Birth Rate),2026-09-02
BRB,Barbados,2021,cbr,11.287,World Bank WDI (Crude Birth Rate),2026-09-02
BRB,Barbados,2020,cbr,11.334,World Bank WDI (Crude Birth Rate),2026-09-02
BRB,Barbados,2019,cbr,11.446,World Bank WDI (Crude Birth Rate),2026-09-02
BRB,Barbados,2018,cbr,11.539,World Bank WDI (Crude Birth Rate),2026-09-02
BRB,Barbados,2017,cbr,11.628,World Bank WDI (Crude Birth Rate),2026-09-02
BRB,Barbados,2016,cbr,11.706,World Bank WDI (Crude Birth Rate),2026-09-02
BRB,Barbados,2015,cbr,11.798,World Bank WDI (Crude Birth Rate),2026-09-02
BRB,Barbados,2014,cbr,11.905,World Bank WDI (Crude Birth Rate),2026-09-02
BRB,Barbados,2013,cbr,12.029,World Bank WDI (Crude Birth Rate),2026-09-02
BRB,Barbados,2012,cbr,12.153,World Bank WDI (Crude Birth Rate),2026-09-02
BRB,Barbados,2011,cbr,12.46,World Bank WDI (Crude Birth Rate),2026-09-02
BRB,Barbados,2010,cbr,12.768,World Bank WDI (Crude Birth Rate),2026-09-02
BRB,Barbados,2009,cbr,12.756,World Bank WDI (Crude Birth Rate),2026-09-02
BRB,Barbados,2008,cbr,12.756,World Bank WDI (Crude Birth Rate),2026-09-02
BRB,Barbados,2007,cbr,12.85,World Bank WDI (Crude Birth Rate),2026-09-02
BRB,Barbados,2006,cbr,12.553,World Bank WDI (Crude Birth Rate),2026-09-02
BRB,Barbados,2005,cbr,12.913,World Bank WDI (Crude Birth Rate),2026-09-02
BRB,Barbados,2004,cbr,13.472,World Bank WDI (Crude Birth Rate),2026-09-02
BRB,Barbados,2003,cbr,14.044,World Bank WDI (Crude Birth Rate),2026-09-02
BRB,Barbados,2002,cbr,14.219,World Bank WDI (Crude Birth Rate),2026-09-02
BRB,Barbados,2001,cbr,15.053,World Bank WDI (Crude Birth Rate),2026-09-02
BRB,Barbados,2000,cbr,15.147,World Bank WDI (Crude Birth Rate),2026-09-02
BLR,Belarus,2023,cbr,7.136,World Bank WDI (Crude Birth Rate),2026-09-02
BLR,Belarus,2022,cbr,8.062,World Bank WDI (Crude Birth Rate),2026-09-02
BLR,Belarus,2021,cbr,8.624,World Bank WDI (Crude Birth Rate),2026-09-02
BLR,Belarus,2020,cbr,8.886,World Bank WDI (Crude Birth Rate),2026-09-02
BLR,Belarus,2019,cbr,9.3,World Bank WDI (Crude Birth Rate),2026-09-02
BLR,Belarus,2018,cbr,9.9,World Bank WDI (Crude Birth Rate),2026-09-02
BLR,Belarus,2017,cbr,10.8,World Bank WDI (Crude Birth Rate),2026-09-02
BLR,Belarus,2016,cbr,12.4,World Bank WDI (Crude Birth Rate),2026-09-02
BLR,Belarus,2015,cbr,12.5,World Bank WDI (Crude Birth Rate),2026-09-02
BLR,Belarus,2014,cbr,12.5,World Bank WDI (Crude Birth Rate),2026-09-02
BLR,Belarus,2013,cbr,12.5,World Bank WDI (Crude Birth Rate),2026-09-02
BLR,Belarus,2012,cbr,12.2,World Bank WDI (Crude Birth Rate),2026-09-02
BLR,Belarus,2011,cbr,11.5,World Bank WDI (Crude Birth Rate),2026-09-02
BLR,Belarus,2010,cbr,11.4,World Bank WDI (Crude Birth Rate),2026-09-02
BLR,Belarus,2009,cbr,11.4,World Bank WDI (Crude Birth Rate),2026-09-02
BLR,Belarus,2008,cbr,11.1,World Bank WDI (Crude Birth Rate),2026-09-02
BLR,Belarus,2007,cbr,10.7,World Bank WDI (Crude Birth Rate),2026-09-02
BLR,Belarus,2006,cbr,9.9,World Bank WDI (Crude Birth Rate),2026-09-02
BLR,Belarus,2005,cbr,9.3,World Bank WDI (Crude Birth Rate),2026-09-02
BLR,Belarus,2004,cbr,9.1,World Bank WDI (Crude Birth Rate),2026-09-02
BLR,Belarus,2003,cbr,9.0,World Bank WDI (Crude Birth Rate),2026-09-02
BLR,Belarus,2002,cbr,8.9,World Bank WDI (Crude Birth Rate),2026-09-02
BLR,Belarus,2001,cbr,9.2,World Bank WDI (Crude Birth Rate),2026-09-02
BLR,Belarus,2000,cbr,9.4,World Bank WDI (Crude Birth Rate),2026-09-02
BEL,Belgium,2023,cbr,9.4,World Bank WDI (Crude Birth Rate),2026-09-02
BEL,Belgium,2022,cbr,9.8,World Bank WDI (Crude Birth Rate),2026-09-02
BEL,Belgium,2021,cbr,10.2,World Bank WDI (Crude Birth Rate),2026-09-02
BEL,Belgium,2020,cbr,9.9,World Bank WDI (Crude Birth Rate),2026-09-02
BEL,Belgium,2019,cbr,10.2,World Bank WDI (Crude Birth Rate),2026-09-02
BEL,Belgium,2018,cbr,10.4,World Bank WDI (Crude Birth Rate),2026-09-02
BEL,Belgium,2017,cbr,10.5,World Bank WDI (Crude Birth Rate),2026-09-02
BEL,Belgium,2016,cbr,10.8,World Bank WDI (Crude Birth Rate),2026-09-02
BEL,Belgium,2015,cbr,10.8,World Bank WDI (Crude Birth Rate),2026-09-02
BEL,Belgium,2014,cbr,11.2,World Bank WDI (Crude Birth Rate),2026-09-02
BEL,Belgium,2013,cbr,11.3,World Bank WDI (Crude Birth Rate),2026-09-02
BEL,Belgium,2012,cbr,11.5,World Bank WDI (Crude Birth Rate),2026-09-02
BEL,Belgium,2011,cbr,11.7,World Bank WDI (Crude Birth Rate),2026-09-02
BEL,Belgium,2010,cbr,11.9,World Bank WDI (Crude Birth Rate),2026-09-02
BEL,Belgium,2009,cbr,11.8,World Bank WDI (Crude Birth Rate),2026-09-02
BEL,Belgium,2008,cbr,11.9,World Bank WDI (Crude Birth Rate),2026-09-02
BEL,Belgium,2007,cbr,11.7,World Bank WDI (Crude Birth Rate),2026-09-02
BEL,Belgium,2006,cbr,11.6,World Bank WDI (Crude Birth Rate),2026-09-02
BEL,Belgium,2005,cbr,11.4,World Bank WDI (Crude Birth Rate),2026-09-02
BEL,Belgium,2004,cbr,11.3,World Bank WDI (Crude Birth Rate),2026-09-02
BEL,Belgium,2003,cbr,11.0,World Bank WDI (Crude Birth Rate),2026-09-02
BEL,Belgium,2002,cbr,10.9,World Bank WDI (Crude Birth Rate),2026-09-02
BEL,Belgium,2001,cbr,11.2,World Bank WDI (Crude Birth Rate),2026-09-02
BEL,Belgium,2000,cbr,11.4,World Bank WDI (Crude Birth Rate),2026-09-02
BLZ,Belize,2023,cbr,18.025,World Bank WDI (Crude Birth Rate),2026-09-02
BLZ,Belize,2022,cbr,17.391,World Bank WDI (Crude Birth Rate),2026-09-02
BLZ,Belize,2021,cbr,16.539,World Bank WDI (Crude Birth Rate),2026-09-02
BLZ,Belize,2020,cbr,18.353,World Bank WDI (Crude Birth Rate),2026-09-02
BLZ,Belize,2019,cbr,19.335,World Bank WDI (Crude Birth Rate),2026-09-02
BLZ,Belize,2018,cbr,21.144,World Bank WDI (Crude Birth Rate),2026-09-02
BLZ,Belize,2017,cbr,21.286,World Bank WDI (Crude Birth Rate),2026-09-02
BLZ,Belize,2016,cbr,21.374,World Bank WDI (Crude Birth Rate),2026-09-02
BLZ,Belize,2015,cbr,21.698,World Bank WDI (Crude Birth Rate),2026-09-02
BLZ,Belize,2014,cbr,21.972,World Bank WDI (Crude Birth Rate),2026-09-02
BLZ,Belize,2013,cbr,22.055,World Bank WDI (Crude Birth Rate),2026-09-02
BLZ,Belize,2012,cbr,22.002,World Bank WDI (Crude Birth Rate),2026-09-02
BLZ,Belize,2011,cbr,22.011,World Bank WDI (Crude Birth Rate),2026-09-02
BLZ,Belize,2010,cbr,21.974,World Bank WDI (Crude Birth Rate),2026-09-02
BLZ,Belize,2009,cbr,22.749,World Bank WDI (Crude Birth Rate),2026-09-02
BLZ,Belize,2008,cbr,23.683,World Bank WDI (Crude Birth Rate),2026-09-02
BLZ,Belize,2007,cbr,24.448,World Bank WDI (Crude Birth Rate),2026-09-02
BLZ,Belize,2006,cbr,25.52,World Bank WDI (Crude Birth Rate),2026-09-02
BLZ,Belize,2005,cbr,26.722,World Bank WDI (Crude Birth Rate),2026-09-02
BLZ,Belize,2004,cbr,27.272,World Bank WDI (Crude Birth Rate),2026-09-02
BLZ,Belize,2003,cbr,27.92,World Bank WDI (Crude Birth Rate),2026-09-02
BLZ,Belize,2002,cbr,28.691,World Bank WDI (Crude Birth Rate),2026-09-02
BLZ,Belize,2001,cbr,29.412,World Bank WDI (Crude Birth Rate),2026-09-02
BLZ,Belize,2000,cbr,30.213,World Bank WDI (Crude Birth Rate),2026-09-02
BEN,Benin,2023,cbr,33.879,World Bank WDI (Crude Birth Rate),2026-09-02
BEN,Benin,2022,cbr,34.35,World Bank WDI (Crude Birth Rate),2026-09-02
BEN,Benin,2021,cbr,34.779,World Bank WDI (Crude Birth Rate),2026-09-02
BEN,Benin,2020,cbr,35.331,World Bank WDI (Crude Birth Rate),2026-09-02
BEN,Benin,2019,cbr,36.036,World Bank WDI (Crude Birth Rate),2026-09-02
BEN,Benin,2018,cbr,36.955,World Bank WDI (Crude Birth Rate),2026-09-02
BEN,Benin,2017,cbr,37.84,World Bank WDI (Crude Birth Rate),2026-09-02
BEN,Benin,2016,cbr,38.554,World Bank WDI (Crude Birth Rate),2026-09-02
BEN,Benin,2015,cbr,38.996,World Bank WDI (Crude Birth Rate),2026-09-02
BEN,Benin,2014,cbr,39.342,World Bank WDI (Crude Birth Rate),2026-09-02
BEN,Benin,2013,cbr,39.582,World Bank WDI (Crude Birth Rate),2026-09-02
BEN,Benin,2012,cbr,39.706,World Bank WDI (Crude Birth Rate),2026-09-02
BEN,Benin,2011,cbr,39.691,World Bank WDI (Crude Birth Rate),2026-09-02
BEN,Benin,2010,cbr,39.77,World Bank WDI (Crude Birth Rate),2026-09-02
BEN,Benin,2009,cbr,39.982,World Bank WDI (Crude Birth Rate),2026-09-02
BEN,Benin,2008,cbr,40.371,World Bank WDI (Crude Birth Rate),2026-09-02
BEN,Benin,2007,cbr,40.961,World Bank WDI (Crude Birth Rate),2026-09-02
BEN,Benin,2006,cbr,41.341,World Bank WDI (Crude Birth Rate),2026-09-02
BEN,Benin,2005,cbr,41.087,World Bank WDI (Crude Birth Rate),2026-09-02
BEN,Benin,2004,cbr,41.329,World Bank WDI (Crude Birth Rate),2026-09-02
BEN,Benin,2003,cbr,41.475,World Bank WDI (Crude Birth Rate),2026-09-02
BEN,Benin,2002,cbr,41.48,World Bank WDI (Crude Birth Rate),2026-09-02
BEN,Benin,2001,cbr,41.695,World Bank WDI (Crude Birth Rate),2026-09-02
BEN,Benin,2000,cbr,42.079,World Bank WDI (Crude Birth Rate),2026-09-02
BMU,Bermuda,2023,cbr,8.046,World Bank WDI (Crude Birth Rate),2026-09-02
BMU,Bermuda,2022,cbr,8.183,World Bank WDI (Crude Birth Rate),2026-09-02
BMU,Bermuda,2021,cbr,8.21,World Bank WDI (Crude Birth Rate),2026-09-02
BMU,Bermuda,2020,cbr,8.678,World Bank WDI (Crude Birth Rate),2026-09-02
BMU,Bermuda,2019,cbr,8.375,World Bank WDI (Crude Birth Rate),2026-09-02
BMU,Bermuda,2018,cbr,8.407,World Bank WDI (Crude Birth Rate),2026-09-02
BMU,Bermuda,2017,cbr,8.81,World Bank WDI (Crude Birth Rate),2026-09-02
BMU,Bermuda,2016,cbr,9.171,World Bank WDI (Crude Birth Rate),2026-09-02
BMU,Bermuda,2015,cbr,9.055,World Bank WDI (Crude Birth Rate),2026-09-02
BMU,Bermuda,2014,cbr,8.844,World Bank WDI (Crude Birth Rate),2026-09-02
BMU,Bermuda,2013,cbr,9.393,World Bank WDI (Crude Birth Rate),2026-09-02
BMU,Bermuda,2012,cbr,9.632,World Bank WDI (Crude Birth Rate),2026-09-02
BMU,Bermuda,2011,cbr,10.082,World Bank WDI (Crude Birth Rate),2026-09-02
BMU,Bermuda,2010,cbr,11.579,World Bank WDI (Crude Birth Rate),2026-09-02
BMU,Bermuda,2009,cbr,11.768,World Bank WDI (Crude Birth Rate),2026-09-02
BMU,Bermuda,2008,cbr,11.469,World Bank WDI (Crude Birth Rate),2026-09-02
BMU,Bermuda,2007,cbr,11.608,World Bank WDI (Crude Birth Rate),2026-09-02
BMU,Bermuda,2006,cbr,11.128,World Bank WDI (Crude Birth Rate),2026-09-02
BMU,Bermuda,2005,cbr,11.379,World Bank WDI (Crude Birth Rate),2026-09-02
BMU,Bermuda,2004,cbr,11.583,World Bank WDI (Crude Birth Rate),2026-09-02
BMU,Bermuda,2003,cbr,12.096,World Bank WDI (Crude Birth Rate),2026-09-02
BMU,Bermuda,2002,cbr,12.635,World Bank WDI (Crude Birth Rate),2026-09-02
BMU,Bermuda,2001,cbr,13.356,World Bank WDI (Crude Birth Rate),2026-09-02
BMU,Bermuda,2000,cbr,12.86,World Bank WDI (Crude Birth Rate),2026-09-02
BTN,Bhutan,2023,cbr,12.663,World Bank WDI (Crude Birth Rate),2026-09-02
BTN,Bhutan,2022,cbr,12.807,World Bank WDI (Crude Birth Rate),2026-09-02
BTN,Bhutan,2021,cbr,12.892,World Bank WDI (Crude Birth Rate),2026-09-02
BTN,Bhutan,2020,cbr,12.952,World Bank WDI (Crude Birth Rate),2026-09-02
BTN,Bhutan,2019,cbr,12.421,World Bank WDI (Crude Birth Rate),2026-09-02
BTN,Bhutan,2018,cbr,12.941,World Bank WDI (Crude Birth Rate),2026-09-02
BTN,Bhutan,2017,cbr,13.759,World Bank WDI (Crude Birth Rate),2026-09-02
BTN,Bhutan,2016,cbr,14.81,World Bank WDI (Crude Birth Rate),2026-09-02
BTN,Bhutan,2015,cbr,15.656,World Bank WDI (Crude Birth Rate),2026-09-02
BTN,Bhutan,2014,cbr,16.422,World Bank WDI (Crude Birth Rate),2026-09-02
BTN,Bhutan,2013,cbr,17.065,World Bank WDI (Crude Birth Rate),2026-09-02
BTN,Bhutan,2012,cbr,17.589,World Bank WDI (Crude Birth Rate),2026-09-02
BTN,Bhutan,2011,cbr,18.224,World Bank WDI (Crude Birth Rate),2026-09-02
BTN,Bhutan,2010,cbr,18.901,World Bank WDI (Crude Birth Rate),2026-09-02
BTN,Bhutan,2009,cbr,19.641,World Bank WDI (Crude Birth Rate),2026-09-02
BTN,Bhutan,2008,cbr,20.293,World Bank WDI (Crude Birth Rate),2026-09-02
BTN,Bhutan,2007,cbr,20.795,World Bank WDI (Crude Birth Rate),2026-09-02
BTN,Bhutan,2006,cbr,20.971,World Bank WDI (Crude Birth Rate),2026-09-02
BTN,Bhutan,2005,cbr,21.114,World Bank WDI (Crude Birth Rate),2026-09-02
BTN,Bhutan,2004,cbr,21.261,World Bank WDI (Crude Birth Rate),2026-09-02
BTN,Bhutan,2003,cbr,21.706,World Bank WDI (Crude Birth Rate),2026-09-02
BTN,Bhutan,2002,cbr,22.657,World Bank WDI (Crude Birth Rate),2026-09-02
BTN,Bhutan,2001,cbr,23.865,World Bank WDI (Crude Birth Rate),2026-09-02
BTN,Bhutan,2000,cbr,25.18,World Bank WDI (Crude Birth Rate),2026-09-02
BOL,Bolivia,2023,cbr,21.247,World Bank WDI (Crude Birth Rate),2026-09-02
BOL,Bolivia,2022,cbr,21.566,World Bank WDI (Crude Birth Rate),2026-09-02
BOL,Bolivia,2021,cbr,21.808,World Bank WDI (Crude Birth Rate),2026-09-02
BOL,Bolivia,2020,cbr,21.996,World Bank WDI (Crude Birth Rate),2026-09-02
BOL,Bolivia,2019,cbr,22.257,World Bank WDI (Crude Birth Rate),2026-09-02
BOL,Bolivia,2018,cbr,22.574,World Bank WDI (Crude Birth Rate),2026-09-02
BOL,Bolivia,2017,cbr,22.911,World Bank WDI (Crude Birth Rate),2026-09-02
BOL,Bolivia,2016,cbr,23.272,World Bank WDI (Crude Birth Rate),2026-09-02
BOL,Bolivia,2015,cbr,23.653,World Bank WDI (Crude Birth Rate),2026-09-02
BOL,Bolivia,2014,cbr,24.041,World Bank WDI (Crude Birth Rate),2026-09-02
BOL,Bolivia,2013,cbr,24.437,World Bank WDI (Crude Birth Rate),2026-09-02
BOL,Bolivia,2012,cbr,24.83,World Bank WDI (Crude Birth Rate),2026-09-02
BOL,Bolivia,2011,cbr,25.221,World Bank WDI (Crude Birth Rate),2026-09-02
BOL,Bolivia,2010,cbr,25.619,World Bank WDI (Crude Birth Rate),2026-09-02
BOL,Bolivia,2009,cbr,26.017,World Bank WDI (Crude Birth Rate),2026-09-02
BOL,Bolivia,2008,cbr,26.441,World Bank WDI (Crude Birth Rate),2026-09-02
BOL,Bolivia,2007,cbr,26.874,World Bank WDI (Crude Birth Rate),2026-09-02
BOL,Bolivia,2006,cbr,27.342,World Bank WDI (Crude Birth Rate),2026-09-02
BOL,Bolivia,2005,cbr,27.332,World Bank WDI (Crude Birth Rate),2026-09-02
BOL,Bolivia,2004,cbr,27.689,World Bank WDI (Crude Birth Rate),2026-09-02
BOL,Bolivia,2003,cbr,28.135,World Bank WDI (Crude Birth Rate),2026-09-02
BOL,Bolivia,2002,cbr,28.53,World Bank WDI (Crude Birth Rate),2026-09-02
BOL,Bolivia,2001,cbr,29.12,World Bank WDI (Crude Birth Rate),2026-09-02
BOL,Bolivia,2000,cbr,29.846,World Bank WDI (Crude Birth Rate),2026-09-02
BIH,Bosnia and Herzegovina,2023,cbr,7.714,World Bank WDI (Crude Birth Rate),2026-09-02
BIH,Bosnia and Herzegovina,2022,cbr,7.748,World Bank WDI (Crude Birth Rate),2026-09-02
BIH,Bosnia and Herzegovina,2021,cbr,8.011,World Bank WDI (Crude Birth Rate),2026-09-02
BIH,Bosnia and Herzegovina,2020,cbr,8.353,World Bank WDI (Crude Birth Rate),2026-09-02
BIH,Bosnia and Herzegovina,2019,cbr,8.561,World Bank WDI (Crude Birth Rate),2026-09-02
BIH,Bosnia and Herzegovina,2018,cbr,8.803,World Bank WDI (Crude Birth Rate),2026-09-02
BIH,Bosnia and Herzegovina,2017,cbr,8.568,World Bank WDI (Crude Birth Rate),2026-09-02
BIH,Bosnia and Herzegovina,2016,cbr,8.482,World Bank WDI (Crude Birth Rate),2026-09-02
BIH,Bosnia and Herzegovina,2015,cbr,8.515,World Bank WDI (Crude Birth Rate),2026-09-02
BIH,Bosnia and Herzegovina,2014,cbr,8.399,World Bank WDI (Crude Birth Rate),2026-09-02
BIH,Bosnia and Herzegovina,2013,cbr,8.735,World Bank WDI (Crude Birth Rate),2026-09-02
BIH,Bosnia and Herzegovina,2012,cbr,8.87,World Bank WDI (Crude Birth Rate),2026-09-02
BIH,Bosnia and Herzegovina,2011,cbr,8.865,World Bank WDI (Crude Birth Rate),2026-09-02
BIH,Bosnia and Herzegovina,2010,cbr,9.464,World Bank WDI (Crude Birth Rate),2026-09-02
BIH,Bosnia and Herzegovina,2009,cbr,9.761,World Bank WDI (Crude Birth Rate),2026-09-02
BIH,Bosnia and Herzegovina,2008,cbr,9.533,World Bank WDI (Crude Birth Rate),2026-09-02
BIH,Bosnia and Herzegovina,2007,cbr,9.555,World Bank WDI (Crude Birth Rate),2026-09-02
BIH,Bosnia and Herzegovina,2006,cbr,9.551,World Bank WDI (Crude Birth Rate),2026-09-02
BIH,Bosnia and Herzegovina,2005,cbr,9.81,World Bank WDI (Crude Birth Rate),2026-09-02
BIH,Bosnia and Herzegovina,2004,cbr,10.125,World Bank WDI (Crude Birth Rate),2026-09-02
BIH,Bosnia and Herzegovina,2003,cbr,10.068,World Bank WDI (Crude Birth Rate),2026-09-02
BIH,Bosnia and Herzegovina,2002,cbr,10.11,World Bank WDI (Crude Birth Rate),2026-09-02
BIH,Bosnia and Herzegovina,2001,cbr,9.977,World Bank WDI (Crude Birth Rate),2026-09-02
BIH,Bosnia and Herzegovina,2000,cbr,10.231,World Bank WDI (Crude Birth Rate),2026-09-02
BWA,Botswana,2023,cbr,24.713,World Bank WDI (Crude Birth Rate),2026-09-02
BWA,Botswana,2022,cbr,25.253,World Bank WDI (Crude Birth Rate),2026-09-02
BWA,Botswana,2021,cbr,25.422,World Bank WDI (Crude Birth Rate),2026-09-02
BWA,Botswana,2020,cbr,25.532,World Bank WDI (Crude Birth Rate),2026-09-02
BWA,Botswana,2019,cbr,25.751,World Bank WDI (Crude Birth Rate),2026-09-02
BWA,Botswana,2018,cbr,25.897,World Bank WDI (Crude Birth Rate),2026-09-02
BWA,Botswana,2017,cbr,26.073,World Bank WDI (Crude Birth Rate),2026-09-02
BWA,Botswana,2016,cbr,26.254,World Bank WDI (Crude Birth Rate),2026-09-02
BWA,Botswana,2015,cbr,26.475,World Bank WDI (Crude Birth Rate),2026-09-02
BWA,Botswana,2014,cbr,26.795,World Bank WDI (Crude Birth Rate),2026-09-02
BWA,Botswana,2013,cbr,27.183,World Bank WDI (Crude Birth Rate),2026-09-02
BWA,Botswana,2012,cbr,27.742,World Bank WDI (Crude Birth Rate),2026-09-02
BWA,Botswana,2011,cbr,28.038,World Bank WDI (Crude Birth Rate),2026-09-02
BWA,Botswana,2010,cbr,28.365,World Bank WDI (Crude Birth Rate),2026-09-02
BWA,Botswana,2009,cbr,28.396,World Bank WDI (Crude Birth Rate),2026-09-02
BWA,Botswana,2008,cbr,28.396,World Bank WDI (Crude Birth Rate),2026-09-02
BWA,Botswana,2007,cbr,28.335,World Bank WDI (Crude Birth Rate),2026-09-02
BWA,Botswana,2006,cbr,28.141,World Bank WDI (Crude Birth Rate),2026-09-02
BWA,Botswana,2005,cbr,27.706,World Bank WDI (Crude Birth Rate),2026-09-02
BWA,Botswana,2004,cbr,27.309,World Bank WDI (Crude Birth Rate),2026-09-02
BWA,Botswana,2003,cbr,27.393,World Bank WDI (Crude Birth Rate),2026-09-02
BWA,Botswana,2002,cbr,27.647,World Bank WDI (Crude Birth Rate),2026-09-02
BWA,Botswana,2001,cbr,27.907,World Bank WDI (Crude Birth Rate),2026-09-02
BWA,Botswana,2000,cbr,27.936,World Bank WDI (Crude Birth Rate),2026-09-02
BRA,Brazil,2023,cbr,12.322,World Bank WDI (Crude Birth Rate),2026-09-02
BRA,Brazil,2022,cbr,12.555,World Bank WDI (Crude Birth Rate),2026-09-02
BRA,Brazil,2021,cbr,12.754,World Bank WDI (Crude Birth Rate),2026-09-02
BRA,Brazil,2020,cbr,12.995,World Bank WDI (Crude Birth Rate),2026-09-02
BRA,Brazil,2019,cbr,13.548,World Bank WDI (Crude Birth Rate),2026-09-02
BRA,Brazil,2018,cbr,14.022,World Bank WDI (Crude Birth Rate),2026-09-02
BRA,Brazil,2017,cbr,14.123,World Bank WDI (Crude Birth Rate),2026-09-02
BRA,Brazil,2016,cbr,14.146,World Bank WDI (Crude Birth Rate),2026-09-02
BRA,Brazil,2015,cbr,14.684,World Bank WDI (Crude Birth Rate),2026-09-02
BRA,Brazil,2014,cbr,14.784,World Bank WDI (Crude Birth Rate),2026-09-02
BRA,Brazil,2013,cbr,14.785,World Bank WDI (Crude Birth Rate),2026-09-02
BRA,Brazil,2012,cbr,14.935,World Bank WDI (Crude Birth Rate),2026-09-02
BRA,Brazil,2011,cbr,15.141,World Bank WDI (Crude Birth Rate),2026-09-02
BRA,Brazil,2010,cbr,15.338,World Bank WDI (Crude Birth Rate),2026-09-02
BRA,Brazil,2009,cbr,15.564,World Bank WDI (Crude Birth Rate),2026-09-02
BRA,Brazil,2008,cbr,15.801,World Bank WDI (Crude Birth Rate),2026-09-02
BRA,Brazil,2007,cbr,16.243,World Bank WDI (Crude Birth Rate),2026-09-02
BRA,Brazil,2006,cbr,16.691,World Bank WDI (Crude Birth Rate),2026-09-02
BRA,Brazil,2005,cbr,17.176,World Bank WDI (Crude Birth Rate),2026-09-02
BRA,Brazil,2004,cbr,17.5,World Bank WDI (Crude Birth Rate),2026-09-02
BRA,Brazil,2003,cbr,17.819,World Bank WDI (Crude Birth Rate),2026-09-02
BRA,Brazil,2002,cbr,18.49,World Bank WDI (Crude Birth Rate),2026-09-02
BRA,Brazil,2001,cbr,19.185,World Bank WDI (Crude Birth Rate),2026-09-02
BRA,Brazil,2000,cbr,19.879,World Bank WDI (Crude Birth Rate),2026-09-02
VGB,British Virgin Islands,2023,cbr,8.332,World Bank WDI (Crude Birth Rate),2026-09-02
VGB,British Virgin Islands,2022,cbr,8.416,World Bank WDI (Crude Birth Rate),2026-09-02
VGB,British Virgin Islands,2021,cbr,8.397,World Bank WDI (Crude Birth Rate),2026-09-02
VGB,British Virgin Islands,2020,cbr,8.174,World Bank WDI (Crude Birth Rate),2026-09-02
VGB,British Virgin Islands,2019,cbr,8.071,World Bank WDI (Crude Birth Rate),2026-09-02
VGB,British Virgin Islands,2018,cbr,6.982,World Bank WDI (Crude Birth Rate),2026-09-02
VGB,British Virgin Islands,2017,cbr,6.925,World Bank WDI (Crude Birth Rate),2026-09-02
VGB,British Virgin Islands,2016,cbr,9.545,World Bank WDI (Crude Birth Rate),2026-09-02
VGB,British Virgin Islands,2015,cbr,10.234,World Bank WDI (Crude Birth Rate),2026-09-02
VGB,British Virgin Islands,2014,cbr,10.821,World Bank WDI (Crude Birth Rate),2026-09-02
VGB,British Virgin Islands,2013,cbr,9.313,World Bank WDI (Crude Birth Rate),2026-09-02
VGB,British Virgin Islands,2012,cbr,9.322,World Bank WDI (Crude Birth Rate),2026-09-02
VGB,British Virgin Islands,2011,cbr,9.929,World Bank WDI (Crude Birth Rate),2026-09-02
VGB,British Virgin Islands,2010,cbr,9.93,World Bank WDI (Crude Birth Rate),2026-09-02
VGB,British Virgin Islands,2009,cbr,10.273,World Bank WDI (Crude Birth Rate),2026-09-02
VGB,British Virgin Islands,2008,cbr,10.7,World Bank WDI (Crude Birth Rate),2026-09-02
VGB,British Virgin Islands,2007,cbr,11.059,World Bank WDI (Crude Birth Rate),2026-09-02
VGB,British Virgin Islands,2006,cbr,10.389,World Bank WDI (Crude Birth Rate),2026-09-02
VGB,British Virgin Islands,2005,cbr,11.138,World Bank WDI (Crude Birth Rate),2026-09-02
VGB,British Virgin Islands,2004,cbr,12.245,World Bank WDI (Crude Birth Rate),2026-09-02
VGB,British Virgin Islands,2003,cbr,10.472,World Bank WDI (Crude Birth Rate),2026-09-02
VGB,British Virgin Islands,2002,cbr,9.746,World Bank WDI (Crude Birth Rate),2026-09-02
VGB,British Virgin Islands,2001,cbr,11.724,World Bank WDI (Crude Birth Rate),2026-09-02
VGB,British Virgin Islands,2000,cbr,14.539,World Bank WDI (Crude Birth Rate),2026-09-02
BRN,Brunei Darussalam,2023,cbr,13.59,World Bank WDI (Crude Birth Rate),2026-09-02
BRN,Brunei Darussalam,2022,cbr,13.847,World Bank WDI (Crude Birth Rate),2026-09-02
BRN,Brunei Darussalam,2021,cbr,14.06,World Bank WDI (Crude Birth Rate),2026-09-02
BRN,Brunei Darussalam,2020,cbr,14.284,World Bank WDI (Crude Birth Rate),2026-09-02
BRN,Brunei Darussalam,2019,cbr,14.572,World Bank WDI (Crude Birth Rate),2026-09-02
BRN,Brunei Darussalam,2018,cbr,14.924,World Bank WDI (Crude Birth Rate),2026-09-02
BRN,Brunei Darussalam,2017,cbr,15.334,World Bank WDI (Crude Birth Rate),2026-09-02
BRN,Brunei Darussalam,2016,cbr,15.785,World Bank WDI (Crude Birth Rate),2026-09-02
BRN,Brunei Darussalam,2015,cbr,16.239,World Bank WDI (Crude Birth Rate),2026-09-02
BRN,Brunei Darussalam,2014,cbr,16.627,World Bank WDI (Crude Birth Rate),2026-09-02
BRN,Brunei Darussalam,2013,cbr,16.913,World Bank WDI (Crude Birth Rate),2026-09-02
BRN,Brunei Darussalam,2012,cbr,17.096,World Bank WDI (Crude Birth Rate),2026-09-02
BRN,Brunei Darussalam,2011,cbr,16.966,World Bank WDI (Crude Birth Rate),2026-09-02
BRN,Brunei Darussalam,2010,cbr,16.577,World Bank WDI (Crude Birth Rate),2026-09-02
BRN,Brunei Darussalam,2009,cbr,16.241,World Bank WDI (Crude Birth Rate),2026-09-02
BRN,Brunei Darussalam,2008,cbr,16.015,World Bank WDI (Crude Birth Rate),2026-09-02
BRN,Brunei Darussalam,2007,cbr,15.943,World Bank WDI (Crude Birth Rate),2026-09-02
BRN,Brunei Darussalam,2006,cbr,16.262,World Bank WDI (Crude Birth Rate),2026-09-02
BRN,Brunei Darussalam,2005,cbr,16.713,World Bank WDI (Crude Birth Rate),2026-09-02
BRN,Brunei Darussalam,2004,cbr,17.365,World Bank WDI (Crude Birth Rate),2026-09-02
BRN,Brunei Darussalam,2003,cbr,18.036,World Bank WDI (Crude Birth Rate),2026-09-02
BRN,Brunei Darussalam,2002,cbr,18.685,World Bank WDI (Crude Birth Rate),2026-09-02
BRN,Brunei Darussalam,2001,cbr,19.298,World Bank WDI (Crude Birth Rate),2026-09-02
BRN,Brunei Darussalam,2000,cbr,19.803,World Bank WDI (Crude Birth Rate),2026-09-02
BGR,Bulgaria,2023,cbr,8.9,World Bank WDI (Crude Birth Rate),2026-09-02
BGR,Bulgaria,2022,cbr,8.8,World Bank WDI (Crude Birth Rate),2026-09-02
BGR,Bulgaria,2021,cbr,9.0,World Bank WDI (Crude Birth Rate),2026-09-02
BGR,Bulgaria,2020,cbr,9.0,World Bank WDI (Crude Birth Rate),2026-09-02
BGR,Bulgaria,2019,cbr,9.3,World Bank WDI (Crude Birth Rate),2026-09-02
BGR,Bulgaria,2018,cbr,9.3,World Bank WDI (Crude Birth Rate),2026-09-02
BGR,Bulgaria,2017,cbr,9.4,World Bank WDI (Crude Birth Rate),2026-09-02
BGR,Bulgaria,2016,cbr,9.4,World Bank WDI (Crude Birth Rate),2026-09-02
BGR,Bulgaria,2015,cbr,9.4,World Bank WDI (Crude Birth Rate),2026-09-02
BGR,Bulgaria,2014,cbr,9.6,World Bank WDI (Crude Birth Rate),2026-09-02
BGR,Bulgaria,2013,cbr,9.3,World Bank WDI (Crude Birth Rate),2026-09-02
BGR,Bulgaria,2012,cbr,9.5,World Bank WDI (Crude Birth Rate),2026-09-02
BGR,Bulgaria,2011,cbr,9.6,World Bank WDI (Crude Birth Rate),2026-09-02
BGR,Bulgaria,2010,cbr,10.2,World Bank WDI (Crude Birth Rate),2026-09-02
BGR,Bulgaria,2009,cbr,10.9,World Bank WDI (Crude Birth Rate),2026-09-02
BGR,Bulgaria,2008,cbr,10.4,World Bank WDI (Crude Birth Rate),2026-09-02
BGR,Bulgaria,2007,cbr,10.0,World Bank WDI (Crude Birth Rate),2026-09-02
BGR,Bulgaria,2006,cbr,9.7,World Bank WDI (Crude Birth Rate),2026-09-02
BGR,Bulgaria,2005,cbr,9.3,World Bank WDI (Crude Birth Rate),2026-09-02
BGR,Bulgaria,2004,cbr,9.1,World Bank WDI (Crude Birth Rate),2026-09-02
BGR,Bulgaria,2003,cbr,8.7,World Bank WDI (Crude Birth Rate),2026-09-02
BGR,Bulgaria,2002,cbr,8.5,World Bank WDI (Crude Birth Rate),2026-09-02
BGR,Bulgaria,2001,cbr,8.5,World Bank WDI (Crude Birth Rate),2026-09-02
BGR,Bulgaria,2000,cbr,9.0,World Bank WDI (Crude Birth Rate),2026-09-02
BFA,Burkina Faso,2023,cbr,31.643,World Bank WDI (Crude Birth Rate),2026-09-02
BFA,Burkina Faso,2022,cbr,32.043,World Bank WDI (Crude Birth Rate),2026-09-02
BFA,Burkina Faso,2021,cbr,32.416,World Bank WDI (Crude Birth Rate),2026-09-02
BFA,Burkina Faso,2020,cbr,32.738,World Bank WDI (Crude Birth Rate),2026-09-02
BFA,Burkina Faso,2019,cbr,34.325,World Bank WDI (Crude Birth Rate),2026-09-02
BFA,Burkina Faso,2018,cbr,36.006,World Bank WDI (Crude Birth Rate),2026-09-02
BFA,Burkina Faso,2017,cbr,37.727,World Bank WDI (Crude Birth Rate),2026-09-02
BFA,Burkina Faso,2016,cbr,38.925,World Bank WDI (Crude Birth Rate),2026-09-02
BFA,Burkina Faso,2015,cbr,40.043,World Bank WDI (Crude Birth Rate),2026-09-02
BFA,Burkina Faso,2014,cbr,40.862,World Bank WDI (Crude Birth Rate),2026-09-02
BFA,Burkina Faso,2013,cbr,41.703,World Bank WDI (Crude Birth Rate),2026-09-02
BFA,Burkina Faso,2012,cbr,42.28,World Bank WDI (Crude Birth Rate),2026-09-02
BFA,Burkina Faso,2011,cbr,42.76,World Bank WDI (Crude Birth Rate),2026-09-02
BFA,Burkina Faso,2010,cbr,43.2,World Bank WDI (Crude Birth Rate),2026-09-02
BFA,Burkina Faso,2009,cbr,43.511,World Bank WDI (Crude Birth Rate),2026-09-02
BFA,Burkina Faso,2008,cbr,43.923,World Bank WDI (Crude Birth Rate),2026-09-02
BFA,Burkina Faso,2007,cbr,44.191,World Bank WDI (Crude Birth Rate),2026-09-02
BFA,Burkina Faso,2006,cbr,44.381,World Bank WDI (Crude Birth Rate),2026-09-02
BFA,Burkina Faso,2005,cbr,44.058,World Bank WDI (Crude Birth Rate),2026-09-02
BFA,Burkina Faso,2004,cbr,44.124,World Bank WDI (Crude Birth Rate),2026-09-02
BFA,Burkina Faso,2003,cbr,44.491,World Bank WDI (Crude Birth Rate),2026-09-02
BFA,Burkina Faso,2002,cbr,44.483,World Bank WDI (Crude Birth Rate),2026-09-02
BFA,Burkina Faso,2001,cbr,44.907,World Bank WDI (Crude Birth Rate),2026-09-02
BFA,Burkina Faso,2000,cbr,45.239,World Bank WDI (Crude Birth Rate),2026-09-02
BDI,Burundi,2023,cbr,33.667,World Bank WDI (Crude Birth Rate),2026-09-02
BDI,Burundi,2022,cbr,34.306,World Bank WDI (Crude Birth Rate),2026-09-02
BDI,Burundi,2021,cbr,35.06,World Bank WDI (Crude Birth Rate),2026-09-02
BDI,Burundi,2020,cbr,35.855,World Bank WDI (Crude Birth Rate),2026-09-02
BDI,Burundi,2019,cbr,36.579,World Bank WDI (Crude Birth Rate),2026-09-02
BDI,Burundi,2018,cbr,37.215,World Bank WDI (Crude Birth Rate),2026-09-02
BDI,Burundi,2017,cbr,38.618,World Bank WDI (Crude Birth Rate),2026-09-02
BDI,Burundi,2016,cbr,40.096,World Bank WDI (Crude Birth Rate),2026-09-02
BDI,Burundi,2015,cbr,42.257,World Bank WDI (Crude Birth Rate),2026-09-02
BDI,Burundi,2014,cbr,42.901,World Bank WDI (Crude Birth Rate),2026-09-02
BDI,Burundi,2013,cbr,43.899,World Bank WDI (Crude Birth Rate),2026-09-02
BDI,Burundi,2012,cbr,44.758,World Bank WDI (Crude Birth Rate),2026-09-02
BDI,Burundi,2011,cbr,45.978,World Bank WDI (Crude Birth Rate),2026-09-02
BDI,Burundi,2010,cbr,46.963,World Bank WDI (Crude Birth Rate),2026-09-02
BDI,Burundi,2009,cbr,46.489,World Bank WDI (Crude Birth Rate),2026-09-02
BDI,Burundi,2008,cbr,46.656,World Bank WDI (Crude Birth Rate),2026-09-02
BDI,Burundi,2007,cbr,46.726,World Bank WDI (Crude Birth Rate),2026-09-02
BDI,Burundi,2006,cbr,46.575,World Bank WDI (Crude Birth Rate),2026-09-02
BDI,Burundi,2005,cbr,46.154,World Bank WDI (Crude Birth Rate),2026-09-02
BDI,Burundi,2004,cbr,45.29,World Bank WDI (Crude Birth Rate),2026-09-02
BDI,Burundi,2003,cbr,44.528,World Bank WDI (Crude Birth Rate),2026-09-02
BDI,Burundi,2002,cbr,44.042,World Bank WDI (Crude Birth Rate),2026-09-02
BDI,Burundi,2001,cbr,43.035,World Bank WDI (Crude Birth Rate),2026-09-02
BDI,Burundi,2000,cbr,42.726,World Bank WDI (Crude Birth Rate),2026-09-02
CPV,Cabo Verde,2023,cbr,12.33,World Bank WDI (Crude Birth Rate),2026-09-02
CPV,Cabo Verde,2022,cbr,12.438,World Bank WDI (Crude Birth Rate),2026-09-02
CPV,Cabo Verde,2021,cbr,12.569,World Bank WDI (Crude Birth Rate),2026-09-02
CPV,Cabo Verde,2020,cbr,13.142,World Bank WDI (Crude Birth Rate),2026-09-02
CPV,Cabo Verde,2019,cbr,14.288,World Bank WDI (Crude Birth Rate),2026-09-02
CPV,Cabo Verde,2018,cbr,15.451,World Bank WDI (Crude Birth Rate),2026-09-02
CPV,Cabo Verde,2017,cbr,16.8,World Bank WDI (Crude Birth Rate),2026-09-02
CPV,Cabo Verde,2016,cbr,17.32,World Bank WDI (Crude Birth Rate),2026-09-02
CPV,Cabo Verde,2015,cbr,17.459,World Bank WDI (Crude Birth Rate),2026-09-02
CPV,Cabo Verde,2014,cbr,18.079,World Bank WDI (Crude Birth Rate),2026-09-02
CPV,Cabo Verde,2013,cbr,18.401,World Bank WDI (Crude Birth Rate),2026-09-02
CPV,Cabo Verde,2012,cbr,19.108,World Bank WDI (Crude Birth Rate),2026-09-02
CPV,Cabo Verde,2011,cbr,20.578,World Bank WDI (Crude Birth Rate),2026-09-02
CPV,Cabo Verde,2010,cbr,20.42,World Bank WDI (Crude Birth Rate),2026-09-02
CPV,Cabo Verde,2009,cbr,19.504,World Bank WDI (Crude Birth Rate),2026-09-02
CPV,Cabo Verde,2008,cbr,19.857,World Bank WDI (Crude Birth Rate),2026-09-02
CPV,Cabo Verde,2007,cbr,20.583,World Bank WDI (Crude Birth Rate),2026-09-02
CPV,Cabo Verde,2006,cbr,21.612,World Bank WDI (Crude Birth Rate),2026-09-02
CPV,Cabo Verde,2005,cbr,22.797,World Bank WDI (Crude Birth Rate),2026-09-02
CPV,Cabo Verde,2004,cbr,23.943,World Bank WDI (Crude Birth Rate),2026-09-02
CPV,Cabo Verde,2003,cbr,24.746,World Bank WDI (Crude Birth Rate),2026-09-02
CPV,Cabo Verde,2002,cbr,25.701,World Bank WDI (Crude Birth Rate),2026-09-02
CPV,Cabo Verde,2001,cbr,26.762,World Bank WDI (Crude Birth Rate),2026-09-02
CPV,Cabo Verde,2000,cbr,27.862,World Bank WDI (Crude Birth Rate),2026-09-02
KHM,Cambodia,2023,cbr,20.752,World Bank WDI (Crude Birth Rate),2026-09-02
KHM,Cambodia,2022,cbr,21.279,World Bank WDI (Crude Birth Rate),2026-09-02
KHM,Cambodia,2021,cbr,21.905,World Bank WDI (Crude Birth Rate),2026-09-02
KHM,Cambodia,2020,cbr,22.409,World Bank WDI (Crude Birth Rate),2026-09-02
KHM,Cambodia,2019,cbr,22.988,World Bank WDI (Crude Birth Rate),2026-09-02
KHM,Cambodia,2018,cbr,23.372,World Bank WDI (Crude Birth Rate),2026-09-02
KHM,Cambodia,2017,cbr,23.655,World Bank WDI (Crude Birth Rate),2026-09-02
KHM,Cambodia,2016,cbr,23.956,World Bank WDI (Crude Birth Rate),2026-09-02
KHM,Cambodia,2015,cbr,24.218,World Bank WDI (Crude Birth Rate),2026-09-02
KHM,Cambodia,2014,cbr,24.403,World Bank WDI (Crude Birth Rate),2026-09-02
KHM,Cambodia,2013,cbr,24.56,World Bank WDI (Crude Birth Rate),2026-09-02
KHM,Cambodia,2012,cbr,24.578,World Bank WDI (Crude Birth Rate),2026-09-02
KHM,Cambodia,2011,cbr,24.631,World Bank WDI (Crude Birth Rate),2026-09-02
KHM,Cambodia,2010,cbr,25.036,World Bank WDI (Crude Birth Rate),2026-09-02
KHM,Cambodia,2009,cbr,25.625,World Bank WDI (Crude Birth Rate),2026-09-02
KHM,Cambodia,2008,cbr,25.88,World Bank WDI (Crude Birth Rate),2026-09-02
KHM,Cambodia,2007,cbr,26.209,World Bank WDI (Crude Birth Rate),2026-09-02
KHM,Cambodia,2006,cbr,26.127,World Bank WDI (Crude Birth Rate),2026-09-02
KHM,Cambodia,2005,cbr,26.104,World Bank WDI (Crude Birth Rate),2026-09-02
KHM,Cambodia,2004,cbr,26.261,World Bank WDI (Crude Birth Rate),2026-09-02
KHM,Cambodia,2003,cbr,26.88,World Bank WDI (Crude Birth Rate),2026-09-02
KHM,Cambodia,2002,cbr,27.528,World Bank WDI (Crude Birth Rate),2026-09-02
KHM,Cambodia,2001,cbr,28.11,World Bank WDI (Crude Birth Rate),2026-09-02
KHM,Cambodia,2000,cbr,28.466,World Bank WDI (Crude Birth Rate),2026-09-02
CMR,Cameroon,2023,cbr,33.743,World Bank WDI (Crude Birth Rate),2026-09-02
CMR,Cameroon,2022,cbr,34.268,World Bank WDI (Crude Birth Rate),2026-09-02
CMR,Cameroon,2021,cbr,34.778,World Bank WDI (Crude Birth Rate),2026-09-02
CMR,Cameroon,2020,cbr,35.438,World Bank WDI (Crude Birth Rate),2026-09-02
CMR,Cameroon,2019,cbr,36.183,World Bank WDI (Crude Birth Rate),2026-09-02
CMR,Cameroon,2018,cbr,36.899,World Bank WDI (Crude Birth Rate),2026-09-02
CMR,Cameroon,2017,cbr,37.516,World Bank WDI (Crude Birth Rate),2026-09-02
CMR,Cameroon,2016,cbr,37.775,World Bank WDI (Crude Birth Rate),2026-09-02
CMR,Cameroon,2015,cbr,37.719,World Bank WDI (Crude Birth Rate),2026-09-02
CMR,Cameroon,2014,cbr,37.548,World Bank WDI (Crude Birth Rate),2026-09-02
CMR,Cameroon,2013,cbr,38.076,World Bank WDI (Crude Birth Rate),2026-09-02
CMR,Cameroon,2012,cbr,38.651,World Bank WDI (Crude Birth Rate),2026-09-02
CMR,Cameroon,2011,cbr,39.217,World Bank WDI (Crude Birth Rate),2026-09-02
CMR,Cameroon,2010,cbr,39.837,World Bank WDI (Crude Birth Rate),2026-09-02
CMR,Cameroon,2009,cbr,40.359,World Bank WDI (Crude Birth Rate),2026-09-02
CMR,Cameroon,2008,cbr,40.665,World Bank WDI (Crude Birth Rate),2026-09-02
CMR,Cameroon,2007,cbr,40.897,World Bank WDI (Crude Birth Rate),2026-09-02
CMR,Cameroon,2006,cbr,41.115,World Bank WDI (Crude Birth Rate),2026-09-02
CMR,Cameroon,2005,cbr,41.319,World Bank WDI (Crude Birth Rate),2026-09-02
CMR,Cameroon,2004,cbr,41.275,World Bank WDI (Crude Birth Rate),2026-09-02
CMR,Cameroon,2003,cbr,41.074,World Bank WDI (Crude Birth Rate),2026-09-02
CMR,Cameroon,2002,cbr,40.8,World Bank WDI (Crude Birth Rate),2026-09-02
CMR,Cameroon,2001,cbr,40.669,World Bank WDI (Crude Birth Rate),2026-09-02
CMR,Cameroon,2000,cbr,40.878,World Bank WDI (Crude Birth Rate),2026-09-02
CAN,Canada,2023,cbr,8.8,World Bank WDI (Crude Birth Rate),2026-09-02
CAN,Canada,2022,cbr,9.1,World Bank WDI (Crude Birth Rate),2026-09-02
CAN,Canada,2021,cbr,9.8,World Bank WDI (Crude Birth Rate),2026-09-02
CAN,Canada,2020,cbr,9.5,World Bank WDI (Crude Birth Rate),2026-09-02
CAN,Canada,2019,cbr,9.9,World Bank WDI (Crude Birth Rate),2026-09-02
CAN,Canada,2018,cbr,10.1,World Bank WDI (Crude Birth Rate),2026-09-02
CAN,Canada,2017,cbr,10.3,World Bank WDI (Crude Birth Rate),2026-09-02
CAN,Canada,2016,cbr,10.6,World Bank WDI (Crude Birth Rate),2026-09-02
CAN,Canada,2015,cbr,10.7,World Bank WDI (Crude Birth Rate),2026-09-02
CAN,Canada,2014,cbr,10.9,World Bank WDI (Crude Birth Rate),2026-09-02
CAN,Canada,2013,cbr,10.9,World Bank WDI (Crude Birth Rate),2026-09-02
CAN,Canada,2012,cbr,11.0,World Bank WDI (Crude Birth Rate),2026-09-02
CAN,Canada,2011,cbr,11.0,World Bank WDI (Crude Birth Rate),2026-09-02
CAN,Canada,2010,cbr,11.2,World Bank WDI (Crude Birth Rate),2026-09-02
CAN,Canada,2009,cbr,11.4,World Bank WDI (Crude Birth Rate),2026-09-02
CAN,Canada,2008,cbr,11.5,World Bank WDI (Crude Birth Rate),2026-09-02
CAN,Canada,2007,cbr,11.3,World Bank WDI (Crude Birth Rate),2026-09-02
CAN,Canada,2006,cbr,11.0,World Bank WDI (Crude Birth Rate),2026-09-02
CAN,Canada,2005,cbr,10.7,World Bank WDI (Crude Birth Rate),2026-09-02
CAN,Canada,2004,cbr,10.6,World Bank WDI (Crude Birth Rate),2026-09-02
CAN,Canada,2003,cbr,10.6,World Bank WDI (Crude Birth Rate),2026-09-02
CAN,Canada,2002,cbr,10.5,World Bank WDI (Crude Birth Rate),2026-09-02
CAN,Canada,2001,cbr,10.8,World Bank WDI (Crude Birth Rate),2026-09-02
CAN,Canada,2000,cbr,10.7,World Bank WDI (Crude Birth Rate),2026-09-02
CYM,Cayman Islands,2023,cbr,11.838,World Bank WDI (Crude Birth Rate),2026-09-02
CYM,Cayman Islands,2022,cbr,12.192,World Bank WDI (Crude Birth Rate),2026-09-02
CYM,Cayman Islands,2021,cbr,12.581,World Bank WDI (Crude Birth Rate),2026-09-02
CYM,Cayman Islands,2020,cbr,12.716,World Bank WDI (Crude Birth Rate),2026-09-02
CYM,Cayman Islands,2019,cbr,12.435,World Bank WDI (Crude Birth Rate),2026-09-02
CYM,Cayman Islands,2018,cbr,10.584,World Bank WDI (Crude Birth Rate),2026-09-02
CYM,Cayman Islands,2017,cbr,10.175,World Bank WDI (Crude Birth Rate),2026-09-02
CYM,Cayman Islands,2016,cbr,10.296,World Bank WDI (Crude Birth Rate),2026-09-02
CYM,Cayman Islands,2015,cbr,10.64,World Bank WDI (Crude Birth Rate),2026-09-02
CYM,Cayman Islands,2014,cbr,11.241,World Bank WDI (Crude Birth Rate),2026-09-02
CYM,Cayman Islands,2013,cbr,12.215,World Bank WDI (Crude Birth Rate),2026-09-02
CYM,Cayman Islands,2012,cbr,13.072,World Bank WDI (Crude Birth Rate),2026-09-02
CYM,Cayman Islands,2011,cbr,14.099,World Bank WDI (Crude Birth Rate),2026-09-02
CYM,Cayman Islands,2010,cbr,14.69,World Bank WDI (Crude Birth Rate),2026-09-02
CYM,Cayman Islands,2009,cbr,15.015,World Bank WDI (Crude Birth Rate),2026-09-02
CYM,Cayman Islands,2008,cbr,14.915,World Bank WDI (Crude Birth Rate),2026-09-02
CYM,Cayman Islands,2007,cbr,14.803,World Bank WDI (Crude Birth Rate),2026-09-02
CYM,Cayman Islands,2006,cbr,14.739,World Bank WDI (Crude Birth Rate),2026-09-02
CYM,Cayman Islands,2005,cbr,14.777,World Bank WDI (Crude Birth Rate),2026-09-02
CYM,Cayman Islands,2004,cbr,14.875,World Bank WDI (Crude Birth Rate),2026-09-02
CYM,Cayman Islands,2003,cbr,14.916,World Bank WDI (Crude Birth Rate),2026-09-02
CYM,Cayman Islands,2002,cbr,15.025,World Bank WDI (Crude Birth Rate),2026-09-02
CYM,Cayman Islands,2001,cbr,15.211,World Bank WDI (Crude Birth Rate),2026-09-02
CYM,Cayman Islands,2000,cbr,15.444,World Bank WDI (Crude Birth Rate),2026-09-02
CAF,Central African Republic,2023,cbr,46.358,World Bank WDI (Crude Birth Rate),2026-09-02
CAF,Central African Republic,2022,cbr,45.425,World Bank WDI (Crude Birth Rate),2026-09-02
CAF,Central African Republic,2021,cbr,45.226,World Bank WDI (Crude Birth Rate),2026-09-02
CAF,Central African Republic,2020,cbr,44.475,World Bank WDI (Crude Birth Rate),2026-09-02
CAF,Central African Republic,2019,cbr,44.108,World Bank WDI (Crude Birth Rate),2026-09-02
CAF,Central African Republic,2018,cbr,43.838,World Bank WDI (Crude Birth Rate),2026-09-02
CAF,Central African Republic,2017,cbr,43.742,World Bank WDI (Crude Birth Rate),2026-09-02
CAF,Central African Republic,2016,cbr,43.391,World Bank WDI (Crude Birth Rate),2026-09-02
CAF,Central African Republic,2015,cbr,43.338,World Bank WDI (Crude Birth Rate),2026-09-02
CAF,Central African Republic,2014,cbr,44.647,World Bank WDI (Crude Birth Rate),2026-09-02
CAF,Central African Republic,2013,cbr,44.657,World Bank WDI (Crude Birth Rate),2026-09-02
CAF,Central African Republic,2012,cbr,45.147,World Bank WDI (Crude Birth Rate),2026-09-02
CAF,Central African Republic,2011,cbr,45.314,World Bank WDI (Crude Birth Rate),2026-09-02
CAF,Central African Republic,2010,cbr,44.961,World Bank WDI (Crude Birth Rate),2026-09-02
CAF,Central African Republic,2009,cbr,43.644,World Bank WDI (Crude Birth Rate),2026-09-02
CAF,Central African Republic,2008,cbr,42.457,World Bank WDI (Crude Birth Rate),2026-09-02
CAF,Central African Republic,2007,cbr,42.192,World Bank WDI (Crude Birth Rate),2026-09-02
CAF,Central African Republic,2006,cbr,42.193,World Bank WDI (Crude Birth Rate),2026-09-02
CAF,Central African Republic,2005,cbr,41.775,World Bank WDI (Crude Birth Rate),2026-09-02
CAF,Central African Republic,2004,cbr,41.558,World Bank WDI (Crude Birth Rate),2026-09-02
CAF,Central African Republic,2003,cbr,41.704,World Bank WDI (Crude Birth Rate),2026-09-02
CAF,Central African Republic,2002,cbr,41.407,World Bank WDI (Crude Birth Rate),2026-09-02
CAF,Central African Republic,2001,cbr,41.95,World Bank WDI (Crude Birth Rate),2026-09-02
CAF,Central African Republic,2000,cbr,42.058,World Bank WDI (Crude Birth Rate),2026-09-02
TCD,Chad,2023,cbr,42.396,World Bank WDI (Crude Birth Rate),2026-09-02
TCD,Chad,2022,cbr,43.35,World Bank WDI (Crude Birth Rate),2026-09-02
TCD,Chad,2021,cbr,43.284,World Bank WDI (Crude Birth Rate),2026-09-02
TCD,Chad,2020,cbr,43.75,World Bank WDI (Crude Birth Rate),2026-09-02
TCD,Chad,2019,cbr,44.316,World Bank WDI (Crude Birth Rate),2026-09-02
TCD,Chad,2018,cbr,44.401,World Bank WDI (Crude Birth Rate),2026-09-02
TCD,Chad,2017,cbr,44.917,World Bank WDI (Crude Birth Rate),2026-09-02
TCD,Chad,2016,cbr,45.533,World Bank WDI (Crude Birth Rate),2026-09-02
TCD,Chad,2015,cbr,46.51,World Bank WDI (Crude Birth Rate),2026-09-02
TCD,Chad,2014,cbr,47.052,World Bank WDI (Crude Birth Rate),2026-09-02
TCD,Chad,2013,cbr,47.429,World Bank WDI (Crude Birth Rate),2026-09-02
TCD,Chad,2012,cbr,48.177,World Bank WDI (Crude Birth Rate),2026-09-02
TCD,Chad,2011,cbr,48.49,World Bank WDI (Crude Birth Rate),2026-09-02
TCD,Chad,2010,cbr,48.979,World Bank WDI (Crude Birth Rate),2026-09-02
TCD,Chad,2009,cbr,49.257,World Bank WDI (Crude Birth Rate),2026-09-02
TCD,Chad,2008,cbr,49.53,World Bank WDI (Crude Birth Rate),2026-09-02
TCD,Chad,2007,cbr,50.107,World Bank WDI (Crude Birth Rate),2026-09-02
TCD,Chad,2006,cbr,50.303,World Bank WDI (Crude Birth Rate),2026-09-02
TCD,Chad,2005,cbr,50.672,World Bank WDI (Crude Birth Rate),2026-09-02
TCD,Chad,2004,cbr,50.375,World Bank WDI (Crude Birth Rate),2026-09-02
TCD,Chad,2003,cbr,50.028,World Bank WDI (Crude Birth Rate),2026-09-02
TCD,Chad,2002,cbr,50.473,World Bank WDI (Crude Birth Rate),2026-09-02
TCD,Chad,2001,cbr,51.241,World Bank WDI (Crude Birth Rate),2026-09-02
TCD,Chad,2000,cbr,51.589,World Bank WDI (Crude Birth Rate),2026-09-02
CHI,Channel Islands,2023,cbr,8.2,World Bank WDI (Crude Birth Rate),2026-09-02
CHI,Channel Islands,2022,cbr,8.2,World Bank WDI (Crude Birth Rate),2026-09-02
CHI,Channel Islands,2021,cbr,8.2,World Bank WDI (Crude Birth Rate),2026-09-02
CHI,Channel Islands,2020,cbr,8.2,World Bank WDI (Crude Birth Rate),2026-09-02
CHI,Channel Islands,2019,cbr,8.3,World Bank WDI (Crude Birth Rate),2026-09-02
CHI,Channel Islands,2018,cbr,8.5,World Bank WDI (Crude Birth Rate),2026-09-02
CHI,Channel Islands,2017,cbr,8.8,World Bank WDI (Crude Birth Rate),2026-09-02
CHI,Channel Islands,2016,cbr,9.2,World Bank WDI (Crude Birth Rate),2026-09-02
CHI,Channel Islands,2015,cbr,9.5,World Bank WDI (Crude Birth Rate),2026-09-02
CHI,Channel Islands,2014,cbr,9.8,World Bank WDI (Crude Birth Rate),2026-09-02
CHI,Channel Islands,2013,cbr,10.1,World Bank WDI (Crude Birth Rate),2026-09-02
CHI,Channel Islands,2012,cbr,10.3,World Bank WDI (Crude Birth Rate),2026-09-02
CHI,Channel Islands,2011,cbr,10.5,World Bank WDI (Crude Birth Rate),2026-09-02
CHI,Channel Islands,2010,cbr,10.5,World Bank WDI (Crude Birth Rate),2026-09-02
CHI,Channel Islands,2009,cbr,10.5,World Bank WDI (Crude Birth Rate),2026-09-02
CHI,Channel Islands,2008,cbr,10.5,World Bank WDI (Crude Birth Rate),2026-09-02
CHI,Channel Islands,2007,cbr,10.5,World Bank WDI (Crude Birth Rate),2026-09-02
CHI,Channel Islands,2006,cbr,10.2,World Bank WDI (Crude Birth Rate),2026-09-02
CHI,Channel Islands,2005,cbr,10.2,World Bank WDI (Crude Birth Rate),2026-09-02
CHI,Channel Islands,2004,cbr,10.7,World Bank WDI (Crude Birth Rate),2026-09-02
CHI,Channel Islands,2003,cbr,10.9,World Bank WDI (Crude Birth Rate),2026-09-02
CHI,Channel Islands,2002,cbr,10.8,World Bank WDI (Crude Birth Rate),2026-09-02
CHI,Channel Islands,2001,cbr,11.1,World Bank WDI (Crude Birth Rate),2026-09-02
CHI,Channel Islands,2000,cbr,11.4,World Bank WDI (Crude Birth Rate),2026-09-02
CHL,Chile,2023,cbr,8.963,World Bank WDI (Crude Birth Rate),2026-09-02
CHL,Chile,2022,cbr,9.672,World Bank WDI (Crude Birth Rate),2026-09-02
CHL,Chile,2021,cbr,9.07,World Bank WDI (Crude Birth Rate),2026-09-02
CHL,Chile,2020,cbr,10.097,World Bank WDI (Crude Birth Rate),2026-09-02
CHL,Chile,2019,cbr,10.94,World Bank WDI (Crude Birth Rate),2026-09-02
CHL,Chile,2018,cbr,11.698,World Bank WDI (Crude Birth Rate),2026-09-02
CHL,Chile,2017,cbr,11.763,World Bank WDI (Crude Birth Rate),2026-09-02
CHL,Chile,2016,cbr,12.685,World Bank WDI (Crude Birth Rate),2026-09-02
CHL,Chile,2015,cbr,13.147,World Bank WDI (Crude Birth Rate),2026-09-02
CHL,Chile,2014,cbr,13.473,World Bank WDI (Crude Birth Rate),2026-09-02
CHL,Chile,2013,cbr,13.622,World Bank WDI (Crude Birth Rate),2026-09-02
CHL,Chile,2012,cbr,13.776,World Bank WDI (Crude Birth Rate),2026-09-02
CHL,Chile,2011,cbr,14.017,World Bank WDI (Crude Birth Rate),2026-09-02
CHL,Chile,2010,cbr,14.23,World Bank WDI (Crude Birth Rate),2026-09-02
CHL,Chile,2009,cbr,14.363,World Bank WDI (Crude Birth Rate),2026-09-02
CHL,Chile,2008,cbr,14.353,World Bank WDI (Crude Birth Rate),2026-09-02
CHL,Chile,2007,cbr,14.194,World Bank WDI (Crude Birth Rate),2026-09-02
CHL,Chile,2006,cbr,13.995,World Bank WDI (Crude Birth Rate),2026-09-02
CHL,Chile,2005,cbr,14.23,World Bank WDI (Crude Birth Rate),2026-09-02
CHL,Chile,2004,cbr,14.415,World Bank WDI (Crude Birth Rate),2026-09-02
CHL,Chile,2003,cbr,14.789,World Bank WDI (Crude Birth Rate),2026-09-02
CHL,Chile,2002,cbr,15.249,World Bank WDI (Crude Birth Rate),2026-09-02
CHL,Chile,2001,cbr,15.914,World Bank WDI (Crude Birth Rate),2026-09-02
CHL,Chile,2000,cbr,16.322,World Bank WDI (Crude Birth Rate),2026-09-02
CHN,China,2023,cbr,6.39,World Bank WDI (Crude Birth Rate),2026-09-02
CHN,China,2022,cbr,6.77,World Bank WDI (Crude Birth Rate),2026-09-02
CHN,China,2021,cbr,7.52,World Bank WDI (Crude Birth Rate),2026-09-02
CHN,China,2020,cbr,8.52,World Bank WDI (Crude Birth Rate),2026-09-02
CHN,China,2019,cbr,10.41,World Bank WDI (Crude Birth Rate),2026-09-02
CHN,China,2018,cbr,10.86,World Bank WDI (Crude Birth Rate),2026-09-02
CHN,China,2017,cbr,12.64,World Bank WDI (Crude Birth Rate),2026-09-02
CHN,China,2016,cbr,13.57,World Bank WDI (Crude Birth Rate),2026-09-02
CHN,China,2015,cbr,11.99,World Bank WDI (Crude Birth Rate),2026-09-02
CHN,China,2014,cbr,13.83,World Bank WDI (Crude Birth Rate),2026-09-02
CHN,China,2013,cbr,13.03,World Bank WDI (Crude Birth Rate),2026-09-02
CHN,China,2012,cbr,14.57,World Bank WDI (Crude Birth Rate),2026-09-02
CHN,China,2011,cbr,13.27,World Bank WDI (Crude Birth Rate),2026-09-02
CHN,China,2010,cbr,11.9,World Bank WDI (Crude Birth Rate),2026-09-02
CHN,China,2009,cbr,11.95,World Bank WDI (Crude Birth Rate),2026-09-02
CHN,China,2008,cbr,12.14,World Bank WDI (Crude Birth Rate),2026-09-02
CHN,China,2007,cbr,12.1,World Bank WDI (Crude Birth Rate),2026-09-02
CHN,China,2006,cbr,12.09,World Bank WDI (Crude Birth Rate),2026-09-02
CHN,China,2005,cbr,12.4,World Bank WDI (Crude Birth Rate),2026-09-02
CHN,China,2004,cbr,12.29,World Bank WDI (Crude Birth Rate),2026-09-02
CHN,China,2003,cbr,12.41,World Bank WDI (Crude Birth Rate),2026-09-02
CHN,China,2002,cbr,12.86,World Bank WDI (Crude Birth Rate),2026-09-02
CHN,China,2001,cbr,13.38,World Bank WDI (Crude Birth Rate),2026-09-02
CHN,China,2000,cbr,14.03,World Bank WDI (Crude Birth Rate),2026-09-02
COL,Colombia,2023,cbr,13.475,World Bank WDI (Crude Birth Rate),2026-09-02
COL,Colombia,2022,cbr,13.731,World Bank WDI (Crude Birth Rate),2026-09-02
COL,Colombia,2021,cbr,13.947,World Bank WDI (Crude Birth Rate),2026-09-02
COL,Colombia,2020,cbr,14.106,World Bank WDI (Crude Birth Rate),2026-09-02
COL,Colombia,2019,cbr,14.218,World Bank WDI (Crude Birth Rate),2026-09-02
COL,Colombia,2018,cbr,14.195,World Bank WDI (Crude Birth Rate),2026-09-02
COL,Colombia,2017,cbr,14.177,World Bank WDI (Crude Birth Rate),2026-09-02
COL,Colombia,2016,cbr,14.271,World Bank WDI (Crude Birth Rate),2026-09-02
COL,Colombia,2015,cbr,14.764,World Bank WDI (Crude Birth Rate),2026-09-02
COL,Colombia,2014,cbr,15.258,World Bank WDI (Crude Birth Rate),2026-09-02
COL,Colombia,2013,cbr,15.63,World Bank WDI (Crude Birth Rate),2026-09-02
COL,Colombia,2012,cbr,15.986,World Bank WDI (Crude Birth Rate),2026-09-02
COL,Colombia,2011,cbr,16.321,World Bank WDI (Crude Birth Rate),2026-09-02
COL,Colombia,2010,cbr,16.93,World Bank WDI (Crude Birth Rate),2026-09-02
COL,Colombia,2009,cbr,17.656,World Bank WDI (Crude Birth Rate),2026-09-02
COL,Colombia,2008,cbr,18.191,World Bank WDI (Crude Birth Rate),2026-09-02
COL,Colombia,2007,cbr,18.552,World Bank WDI (Crude Birth Rate),2026-09-02
COL,Colombia,2006,cbr,18.965,World Bank WDI (Crude Birth Rate),2026-09-02
COL,Colombia,2005,cbr,19.579,World Bank WDI (Crude Birth Rate),2026-09-02
COL,Colombia,2004,cbr,20.278,World Bank WDI (Crude Birth Rate),2026-09-02
COL,Colombia,2003,cbr,20.928,World Bank WDI (Crude Birth Rate),2026-09-02
COL,Colombia,2002,cbr,21.352,World Bank WDI (Crude Birth Rate),2026-09-02
COL,Colombia,2001,cbr,21.722,World Bank WDI (Crude Birth Rate),2026-09-02
COL,Colombia,2000,cbr,22.258,World Bank WDI (Crude Birth Rate),2026-09-02
COM,Comoros,2023,cbr,28.653,World Bank WDI (Crude Birth Rate),2026-09-02
COM,Comoros,2022,cbr,29.062,World Bank WDI (Crude Birth Rate),2026-09-02
COM,Comoros,2021,cbr,29.498,World Bank WDI (Crude Birth Rate),2026-09-02
COM,Comoros,2020,cbr,29.985,World Bank WDI (Crude Birth Rate),2026-09-02
COM,Comoros,2019,cbr,30.447,World Bank WDI (Crude Birth Rate),2026-09-02
COM,Comoros,2018,cbr,30.91,World Bank WDI (Crude Birth Rate),2026-09-02
COM,Comoros,2017,cbr,31.35,World Bank WDI (Crude Birth Rate),2026-09-02
COM,Comoros,2016,cbr,32.093,World Bank WDI (Crude Birth Rate),2026-09-02
COM,Comoros,2015,cbr,32.78,World Bank WDI (Crude Birth Rate),2026-09-02
COM,Comoros,2014,cbr,33.322,World Bank WDI (Crude Birth Rate),2026-09-02
COM,Comoros,2013,cbr,33.856,World Bank WDI (Crude Birth Rate),2026-09-02
COM,Comoros,2012,cbr,34.241,World Bank WDI (Crude Birth Rate),2026-09-02
COM,Comoros,2011,cbr,34.512,World Bank WDI (Crude Birth Rate),2026-09-02
COM,Comoros,2010,cbr,34.437,World Bank WDI (Crude Birth Rate),2026-09-02
COM,Comoros,2009,cbr,34.279,World Bank WDI (Crude Birth Rate),2026-09-02
COM,Comoros,2008,cbr,34.099,World Bank WDI (Crude Birth Rate),2026-09-02
COM,Comoros,2007,cbr,34.137,World Bank WDI (Crude Birth Rate),2026-09-02
COM,Comoros,2006,cbr,34.3,World Bank WDI (Crude Birth Rate),2026-09-02
COM,Comoros,2005,cbr,34.445,World Bank WDI (Crude Birth Rate),2026-09-02
COM,Comoros,2004,cbr,34.333,World Bank WDI (Crude Birth Rate),2026-09-02
COM,Comoros,2003,cbr,34.459,World Bank WDI (Crude Birth Rate),2026-09-02
COM,Comoros,2002,cbr,34.744,World Bank WDI (Crude Birth Rate),2026-09-02
COM,Comoros,2001,cbr,35.089,World Bank WDI (Crude Birth Rate),2026-09-02
COM,Comoros,2000,cbr,35.359,World Bank WDI (Crude Birth Rate),2026-09-02
COD,"Congo, Dem. Rep.",2023,cbr,41.305,World Bank WDI (Crude Birth Rate),2026-09-02
COD,"Congo, Dem. Rep.",2022,cbr,41.623,World Bank WDI (Crude Birth Rate),2026-09-02
COD,"Congo, Dem. Rep.",2021,cbr,41.937,World Bank WDI (Crude Birth Rate),2026-09-02
COD,"Congo, Dem. Rep.",2020,cbr,42.19,World Bank WDI (Crude Birth Rate),2026-09-02
COD,"Congo, Dem. Rep.",2019,cbr,42.549,World Bank WDI (Crude Birth Rate),2026-09-02
COD,"Congo, Dem. Rep.",2018,cbr,42.887,World Bank WDI (Crude Birth Rate),2026-09-02
COD,"Congo, Dem. Rep.",2017,cbr,42.976,World Bank WDI (Crude Birth Rate),2026-09-02
COD,"Congo, Dem. Rep.",2016,cbr,42.875,World Bank WDI (Crude Birth Rate),2026-09-02
COD,"Congo, Dem. Rep.",2015,cbr,43.236,World Bank WDI (Crude Birth Rate),2026-09-02
COD,"Congo, Dem. Rep.",2014,cbr,43.505,World Bank WDI (Crude Birth Rate),2026-09-02
COD,"Congo, Dem. Rep.",2013,cbr,43.69,World Bank WDI (Crude Birth Rate),2026-09-02
COD,"Congo, Dem. Rep.",2012,cbr,43.95,World Bank WDI (Crude Birth Rate),2026-09-02
COD,"Congo, Dem. Rep.",2011,cbr,43.981,World Bank WDI (Crude Birth Rate),2026-09-02
COD,"Congo, Dem. Rep.",2010,cbr,43.92,World Bank WDI (Crude Birth Rate),2026-09-02
COD,"Congo, Dem. Rep.",2009,cbr,44.032,World Bank WDI (Crude Birth Rate),2026-09-02
COD,"Congo, Dem. Rep.",2008,cbr,44.011,World Bank WDI (Crude Birth Rate),2026-09-02
COD,"Congo, Dem. Rep.",2007,cbr,43.961,World Bank WDI (Crude Birth Rate),2026-09-02
COD,"Congo, Dem. Rep.",2006,cbr,43.973,World Bank WDI (Crude Birth Rate),2026-09-02
COD,"Congo, Dem. Rep.",2005,cbr,43.728,World Bank WDI (Crude Birth Rate),2026-09-02
COD,"Congo, Dem. Rep.",2004,cbr,43.781,World Bank WDI (Crude Birth Rate),2026-09-02
COD,"Congo, Dem. Rep.",2003,cbr,44.155,World Bank WDI (Crude Birth Rate),2026-09-02
COD,"Congo, Dem. Rep.",2002,cbr,44.559,World Bank WDI (Crude Birth Rate),2026-09-02
COD,"Congo, Dem. Rep.",2001,cbr,44.977,World Bank WDI (Crude Birth Rate),2026-09-02
COD,"Congo, Dem. Rep.",2000,cbr,45.298,World Bank WDI (Crude Birth Rate),2026-09-02
COG,"Congo, Rep.",2023,cbr,30.627,World Bank WDI (Crude Birth Rate),2026-09-02
COG,"Congo, Rep.",2022,cbr,30.941,World Bank WDI (Crude Birth Rate),2026-09-02
COG,"Congo, Rep.",2021,cbr,31.377,World Bank WDI (Crude Birth Rate),2026-09-02
COG,"Congo, Rep.",2020,cbr,31.741,World Bank WDI (Crude Birth Rate),2026-09-02
COG,"Congo, Rep.",2019,cbr,32.183,World Bank WDI (Crude Birth Rate),2026-09-02
COG,"Congo, Rep.",2018,cbr,32.784,World Bank WDI (Crude Birth Rate),2026-09-02
COG,"Congo, Rep.",2017,cbr,33.413,World Bank WDI (Crude Birth Rate),2026-09-02
COG,"Congo, Rep.",2016,cbr,34.093,World Bank WDI (Crude Birth Rate),2026-09-02
COG,"Congo, Rep.",2015,cbr,34.932,World Bank WDI (Crude Birth Rate),2026-09-02
COG,"Congo, Rep.",2014,cbr,35.819,World Bank WDI (Crude Birth Rate),2026-09-02
COG,"Congo, Rep.",2013,cbr,36.824,World Bank WDI (Crude Birth Rate),2026-09-02
COG,"Congo, Rep.",2012,cbr,37.82,World Bank WDI (Crude Birth Rate),2026-09-02
COG,"Congo, Rep.",2011,cbr,38.403,World Bank WDI (Crude Birth Rate),2026-09-02
COG,"Congo, Rep.",2010,cbr,38.911,World Bank WDI (Crude Birth Rate),2026-09-02
COG,"Congo, Rep.",2009,cbr,38.009,World Bank WDI (Crude Birth Rate),2026-09-02
COG,"Congo, Rep.",2008,cbr,38.0,World Bank WDI (Crude Birth Rate),2026-09-02
COG,"Congo, Rep.",2007,cbr,37.217,World Bank WDI (Crude Birth Rate),2026-09-02
COG,"Congo, Rep.",2006,cbr,37.097,World Bank WDI (Crude Birth Rate),2026-09-02
COG,"Congo, Rep.",2005,cbr,37.033,World Bank WDI (Crude Birth Rate),2026-09-02
COG,"Congo, Rep.",2004,cbr,37.113,World Bank WDI (Crude Birth Rate),2026-09-02
COG,"Congo, Rep.",2003,cbr,36.955,World Bank WDI (Crude Birth Rate),2026-09-02
COG,"Congo, Rep.",2002,cbr,37.316,World Bank WDI (Crude Birth Rate),2026-09-02
COG,"Congo, Rep.",2001,cbr,37.087,World Bank WDI (Crude Birth Rate),2026-09-02
COG,"Congo, Rep.",2000,cbr,36.164,World Bank WDI (Crude Birth Rate),2026-09-02
CRI,Costa Rica,2023,cbr,10.179,World Bank WDI (Crude Birth Rate),2026-09-02
CRI,Costa Rica,2022,cbr,10.319,World Bank WDI (Crude Birth Rate),2026-09-02
CRI,Costa Rica,2021,cbr,10.543,World Bank WDI (Crude Birth Rate),2026-09-02
CRI,Costa Rica,2020,cbr,11.366,World Bank WDI (Crude Birth Rate),2026-09-02
CRI,Costa Rica,2019,cbr,12.661,World Bank WDI (Crude Birth Rate),2026-09-02
CRI,Costa Rica,2018,cbr,13.622,World Bank WDI (Crude Birth Rate),2026-09-02
CRI,Costa Rica,2017,cbr,13.812,World Bank WDI (Crude Birth Rate),2026-09-02
CRI,Costa Rica,2016,cbr,14.184,World Bank WDI (Crude Birth Rate),2026-09-02
CRI,Costa Rica,2015,cbr,14.704,World Bank WDI (Crude Birth Rate),2026-09-02
CRI,Costa Rica,2014,cbr,14.848,World Bank WDI (Crude Birth Rate),2026-09-02
CRI,Costa Rica,2013,cbr,14.77,World Bank WDI (Crude Birth Rate),2026-09-02
CRI,Costa Rica,2012,cbr,15.461,World Bank WDI (Crude Birth Rate),2026-09-02
CRI,Costa Rica,2011,cbr,15.759,World Bank WDI (Crude Birth Rate),2026-09-02
CRI,Costa Rica,2010,cbr,15.407,World Bank WDI (Crude Birth Rate),2026-09-02
CRI,Costa Rica,2009,cbr,16.525,World Bank WDI (Crude Birth Rate),2026-09-02
CRI,Costa Rica,2008,cbr,16.806,World Bank WDI (Crude Birth Rate),2026-09-02
CRI,Costa Rica,2007,cbr,16.604,World Bank WDI (Crude Birth Rate),2026-09-02
CRI,Costa Rica,2006,cbr,16.429,World Bank WDI (Crude Birth Rate),2026-09-02
CRI,Costa Rica,2005,cbr,17.253,World Bank WDI (Crude Birth Rate),2026-09-02
CRI,Costa Rica,2004,cbr,17.136,World Bank WDI (Crude Birth Rate),2026-09-02
CRI,Costa Rica,2003,cbr,17.572,World Bank WDI (Crude Birth Rate),2026-09-02
CRI,Costa Rica,2002,cbr,18.188,World Bank WDI (Crude Birth Rate),2026-09-02
CRI,Costa Rica,2001,cbr,19.408,World Bank WDI (Crude Birth Rate),2026-09-02
CRI,Costa Rica,2000,cbr,20.237,World Bank WDI (Crude Birth Rate),2026-09-02
CIV,Cote d'Ivoire,2023,cbr,31.99,World Bank WDI (Crude Birth Rate),2026-09-02
CIV,Cote d'Ivoire,2022,cbr,32.5,World Bank WDI (Crude Birth Rate),2026-09-02
CIV,Cote d'Ivoire,2021,cbr,33.081,World Bank WDI (Crude Birth Rate),2026-09-02
CIV,Cote d'Ivoire,2020,cbr,33.651,World Bank WDI (Crude Birth Rate),2026-09-02
CIV,Cote d'Ivoire,2019,cbr,34.306,World Bank WDI (Crude Birth Rate),2026-09-02
CIV,Cote d'Ivoire,2018,cbr,35.081,World Bank WDI (Crude Birth Rate),2026-09-02
CIV,Cote d'Ivoire,2017,cbr,36.58,World Bank WDI (Crude Birth Rate),2026-09-02
CIV,Cote d'Ivoire,2016,cbr,37.742,World Bank WDI (Crude Birth Rate),2026-09-02
CIV,Cote d'Ivoire,2015,cbr,38.768,World Bank WDI (Crude Birth Rate),2026-09-02
CIV,Cote d'Ivoire,2014,cbr,39.841,World Bank WDI (Crude Birth Rate),2026-09-02
CIV,Cote d'Ivoire,2013,cbr,40.451,World Bank WDI (Crude Birth Rate),2026-09-02
CIV,Cote d'Ivoire,2012,cbr,40.688,World Bank WDI (Crude Birth Rate),2026-09-02
CIV,Cote d'Ivoire,2011,cbr,40.846,World Bank WDI (Crude Birth Rate),2026-09-02
CIV,Cote d'Ivoire,2010,cbr,40.936,World Bank WDI (Crude Birth Rate),2026-09-02
CIV,Cote d'Ivoire,2009,cbr,40.745,World Bank WDI (Crude Birth Rate),2026-09-02
CIV,Cote d'Ivoire,2008,cbr,40.474,World Bank WDI (Crude Birth Rate),2026-09-02
CIV,Cote d'Ivoire,2007,cbr,40.961,World Bank WDI (Crude Birth Rate),2026-09-02
CIV,Cote d'Ivoire,2006,cbr,41.441,World Bank WDI (Crude Birth Rate),2026-09-02
CIV,Cote d'Ivoire,2005,cbr,41.927,World Bank WDI (Crude Birth Rate),2026-09-02
CIV,Cote d'Ivoire,2004,cbr,42.276,World Bank WDI (Crude Birth Rate),2026-09-02
CIV,Cote d'Ivoire,2003,cbr,42.802,World Bank WDI (Crude Birth Rate),2026-09-02
CIV,Cote d'Ivoire,2002,cbr,43.4,World Bank WDI (Crude Birth Rate),2026-09-02
CIV,Cote d'Ivoire,2001,cbr,43.902,World Bank WDI (Crude Birth Rate),2026-09-02
CIV,Cote d'Ivoire,2000,cbr,44.278,World Bank WDI (Crude Birth Rate),2026-09-02
HRV,Croatia,2023,cbr,8.3,World Bank WDI (Crude Birth Rate),2026-09-02
HRV,Croatia,2022,cbr,8.8,World Bank WDI (Crude Birth Rate),2026-09-02
HRV,Croatia,2021,cbr,9.4,World Bank WDI (Crude Birth Rate),2026-09-02
HRV,Croatia,2020,cbr,9.2,World Bank WDI (Crude Birth Rate),2026-09-02
HRV,Croatia,2019,cbr,9.1,World Bank WDI (Crude Birth Rate),2026-09-02
HRV,Croatia,2018,cbr,9.3,World Bank WDI (Crude Birth Rate),2026-09-02
HRV,Croatia,2017,cbr,9.0,World Bank WDI (Crude Birth Rate),2026-09-02
HRV,Croatia,2016,cbr,9.1,World Bank WDI (Crude Birth Rate),2026-09-02
HRV,Croatia,2015,cbr,9.0,World Bank WDI (Crude Birth Rate),2026-09-02
HRV,Croatia,2014,cbr,9.4,World Bank WDI (Crude Birth Rate),2026-09-02
HRV,Croatia,2013,cbr,9.4,World Bank WDI (Crude Birth Rate),2026-09-02
HRV,Croatia,2012,cbr,9.8,World Bank WDI (Crude Birth Rate),2026-09-02
HRV,Croatia,2011,cbr,9.6,World Bank WDI (Crude Birth Rate),2026-09-02
HRV,Croatia,2010,cbr,9.8,World Bank WDI (Crude Birth Rate),2026-09-02
HRV,Croatia,2009,cbr,10.1,World Bank WDI (Crude Birth Rate),2026-09-02
HRV,Croatia,2008,cbr,9.9,World Bank WDI (Crude Birth Rate),2026-09-02
HRV,Croatia,2007,cbr,9.4,World Bank WDI (Crude Birth Rate),2026-09-02
HRV,Croatia,2006,cbr,9.33,World Bank WDI (Crude Birth Rate),2026-09-02
HRV,Croatia,2005,cbr,9.563,World Bank WDI (Crude Birth Rate),2026-09-02
HRV,Croatia,2004,cbr,9.1,World Bank WDI (Crude Birth Rate),2026-09-02
HRV,Croatia,2003,cbr,8.9,World Bank WDI (Crude Birth Rate),2026-09-02
HRV,Croatia,2002,cbr,9.0,World Bank WDI (Crude Birth Rate),2026-09-02
HRV,Croatia,2001,cbr,9.2,World Bank WDI (Crude Birth Rate),2026-09-02
HRV,Croatia,2000,cbr,9.8,World Bank WDI (Crude Birth Rate),2026-09-02
CUB,Cuba,2023,cbr,8.706,World Bank WDI (Crude Birth Rate),2026-09-02
CUB,Cuba,2022,cbr,8.662,World Bank WDI (Crude Birth Rate),2026-09-02
CUB,Cuba,2021,cbr,8.814,World Bank WDI (Crude Birth Rate),2026-09-02
CUB,Cuba,2020,cbr,9.257,World Bank WDI (Crude Birth Rate),2026-09-02
CUB,Cuba,2019,cbr,9.668,World Bank WDI (Crude Birth Rate),2026-09-02
CUB,Cuba,2018,cbr,10.172,World Bank WDI (Crude Birth Rate),2026-09-02
CUB,Cuba,2017,cbr,10.115,World Bank WDI (Crude Birth Rate),2026-09-02
CUB,Cuba,2016,cbr,10.299,World Bank WDI (Crude Birth Rate),2026-09-02
CUB,Cuba,2015,cbr,10.938,World Bank WDI (Crude Birth Rate),2026-09-02
CUB,Cuba,2014,cbr,10.873,World Bank WDI (Crude Birth Rate),2026-09-02
CUB,Cuba,2013,cbr,11.156,World Bank WDI (Crude Birth Rate),2026-09-02
CUB,Cuba,2012,cbr,11.241,World Bank WDI (Crude Birth Rate),2026-09-02
CUB,Cuba,2011,cbr,11.771,World Bank WDI (Crude Birth Rate),2026-09-02
CUB,Cuba,2010,cbr,11.428,World Bank WDI (Crude Birth Rate),2026-09-02
CUB,Cuba,2009,cbr,11.536,World Bank WDI (Crude Birth Rate),2026-09-02
CUB,Cuba,2008,cbr,10.911,World Bank WDI (Crude Birth Rate),2026-09-02
CUB,Cuba,2007,cbr,10.021,World Bank WDI (Crude Birth Rate),2026-09-02
CUB,Cuba,2006,cbr,9.874,World Bank WDI (Crude Birth Rate),2026-09-02
CUB,Cuba,2005,cbr,10.619,World Bank WDI (Crude Birth Rate),2026-09-02
CUB,Cuba,2004,cbr,11.262,World Bank WDI (Crude Birth Rate),2026-09-02
CUB,Cuba,2003,cbr,12.114,World Bank WDI (Crude Birth Rate),2026-09-02
CUB,Cuba,2002,cbr,12.534,World Bank WDI (Crude Birth Rate),2026-09-02
CUB,Cuba,2001,cbr,12.424,World Bank WDI (Crude Birth Rate),2026-09-02
CUB,Cuba,2000,cbr,12.857,World Bank WDI (Crude Birth Rate),2026-09-02
CUW,Curacao,2023,cbr,7.6,World Bank WDI (Crude Birth Rate),2026-09-02
CUW,Curacao,2022,cbr,8.0,World Bank WDI (Crude Birth Rate),2026-09-02
CUW,Curacao,2021,cbr,8.5,World Bank WDI (Crude Birth Rate),2026-09-02
CUW,Curacao,2020,cbr,8.7,World Bank WDI (Crude Birth Rate),2026-09-02
CUW,Curacao,2019,cbr,10.1,World Bank WDI (Crude Birth Rate),2026-09-02
CUW,Curacao,2018,cbr,10.5,World Bank WDI (Crude Birth Rate),2026-09-02
CUW,Curacao,2017,cbr,9.7,World Bank WDI (Crude Birth Rate),2026-09-02
CUW,Curacao,2016,cbr,11.2,World Bank WDI (Crude Birth Rate),2026-09-02
CUW,Curacao,2015,cbr,11.9,World Bank WDI (Crude Birth Rate),2026-09-02
CUW,Curacao,2014,cbr,12.6,World Bank WDI (Crude Birth Rate),2026-09-02
CUW,Curacao,2013,cbr,12.7,World Bank WDI (Crude Birth Rate),2026-09-02
CUW,Curacao,2012,cbr,13.4,World Bank WDI (Crude Birth Rate),2026-09-02
CUW,Curacao,2011,cbr,13.1,World Bank WDI (Crude Birth Rate),2026-09-02
CUW,Curacao,2010,cbr,13.6,World Bank WDI (Crude Birth Rate),2026-09-02
CUW,Curacao,2009,cbr,13.0,World Bank WDI (Crude Birth Rate),2026-09-02
CUW,Curacao,2008,cbr,13.8,World Bank WDI (Crude Birth Rate),2026-09-02
CUW,Curacao,2007,cbr,13.4,World Bank WDI (Crude Birth Rate),2026-09-02
CUW,Curacao,2006,cbr,13.6,World Bank WDI (Crude Birth Rate),2026-09-02
CUW,Curacao,2005,cbr,13.391,World Bank WDI (Crude Birth Rate),2026-09-02
CUW,Curacao,2004,cbr,13.791,World Bank WDI (Crude Birth Rate),2026-09-02
CUW,Curacao,2003,cbr,14.452,World Bank WDI (Crude Birth Rate),2026-09-02
CUW,Curacao,2002,cbr,15.248,World Bank WDI (Crude Birth Rate),2026-09-02
CUW,Curacao,2001,cbr,16.374,World Bank WDI (Crude Birth Rate),2026-09-02
CUW,Curacao,2000,cbr,16.479,World Bank WDI (Crude Birth Rate),2026-09-02
CYP,Cyprus,2023,cbr,10.799,World Bank WDI (Crude Birth Rate),2026-09-02
CYP,Cyprus,2022,cbr,11.048,World Bank WDI (Crude Birth Rate),2026-09-02
CYP,Cyprus,2021,cbr,11.236,World Bank WDI (Crude Birth Rate),2026-09-02
CYP,Cyprus,2020,cbr,11.142,World Bank WDI (Crude Birth Rate),2026-09-02
CYP,Cyprus,2019,cbr,11.014,World Bank WDI (Crude Birth Rate),2026-09-02
CYP,Cyprus,2018,cbr,11.029,World Bank WDI (Crude Birth Rate),2026-09-02
CYP,Cyprus,2017,cbr,11.158,World Bank WDI (Crude Birth Rate),2026-09-02
CYP,Cyprus,2016,cbr,11.505,World Bank WDI (Crude Birth Rate),2026-09-02
CYP,Cyprus,2015,cbr,11.242,World Bank WDI (Crude Birth Rate),2026-09-02
CYP,Cyprus,2014,cbr,11.141,World Bank WDI (Crude Birth Rate),2026-09-02
CYP,Cyprus,2013,cbr,11.027,World Bank WDI (Crude Birth Rate),2026-09-02
CYP,Cyprus,2012,cbr,11.609,World Bank WDI (Crude Birth Rate),2026-09-02
CYP,Cyprus,2011,cbr,11.344,World Bank WDI (Crude Birth Rate),2026-09-02
CYP,Cyprus,2010,cbr,11.844,World Bank WDI (Crude Birth Rate),2026-09-02
CYP,Cyprus,2009,cbr,12.07,World Bank WDI (Crude Birth Rate),2026-09-02
CYP,Cyprus,2008,cbr,11.987,World Bank WDI (Crude Birth Rate),2026-09-02
CYP,Cyprus,2007,cbr,11.633,World Bank WDI (Crude Birth Rate),2026-09-02
CYP,Cyprus,2006,cbr,12.023,World Bank WDI (Crude Birth Rate),2026-09-02
CYP,Cyprus,2005,cbr,11.702,World Bank WDI (Crude Birth Rate),2026-09-02
CYP,Cyprus,2004,cbr,11.894,World Bank WDI (Crude Birth Rate),2026-09-02
CYP,Cyprus,2003,cbr,11.751,World Bank WDI (Crude Birth Rate),2026-09-02
CYP,Cyprus,2002,cbr,11.611,World Bank WDI (Crude Birth Rate),2026-09-02
CYP,Cyprus,2001,cbr,12.045,World Bank WDI (Crude Birth Rate),2026-09-02
CYP,Cyprus,2000,cbr,12.493,World Bank WDI (Crude Birth Rate),2026-09-02
CZE,Czechia,2023,cbr,8.4,World Bank WDI (Crude Birth Rate),2026-09-02
CZE,Czechia,2022,cbr,9.5,World Bank WDI (Crude Birth Rate),2026-09-02
CZE,Czechia,2021,cbr,10.6,World Bank WDI (Crude Birth Rate),2026-09-02
CZE,Czechia,2020,cbr,10.3,World Bank WDI (Crude Birth Rate),2026-09-02
CZE,Czechia,2019,cbr,10.5,World Bank WDI (Crude Birth Rate),2026-09-02
CZE,Czechia,2018,cbr,10.7,World Bank WDI (Crude Birth Rate),2026-09-02
CZE,Czechia,2017,cbr,10.8,World Bank WDI (Crude Birth Rate),2026-09-02
CZE,Czechia,2016,cbr,10.7,World Bank WDI (Crude Birth Rate),2026-09-02
CZE,Czechia,2015,cbr,10.5,World Bank WDI (Crude Birth Rate),2026-09-02
CZE,Czechia,2014,cbr,10.4,World Bank WDI (Crude Birth Rate),2026-09-02
CZE,Czechia,2013,cbr,10.2,World Bank WDI (Crude Birth Rate),2026-09-02
CZE,Czechia,2012,cbr,10.3,World Bank WDI (Crude Birth Rate),2026-09-02
CZE,Czechia,2011,cbr,10.4,World Bank WDI (Crude Birth Rate),2026-09-02
CZE,Czechia,2010,cbr,11.2,World Bank WDI (Crude Birth Rate),2026-09-02
CZE,Czechia,2009,cbr,11.3,World Bank WDI (Crude Birth Rate),2026-09-02
CZE,Czechia,2008,cbr,11.5,World Bank WDI (Crude Birth Rate),2026-09-02
CZE,Czechia,2007,cbr,11.1,World Bank WDI (Crude Birth Rate),2026-09-02
CZE,Czechia,2006,cbr,10.3,World Bank WDI (Crude Birth Rate),2026-09-02
CZE,Czechia,2005,cbr,10.0,World Bank WDI (Crude Birth Rate),2026-09-02
CZE,Czechia,2004,cbr,9.6,World Bank WDI (Crude Birth Rate),2026-09-02
CZE,Czechia,2003,cbr,9.2,World Bank WDI (Crude Birth Rate),2026-09-02
CZE,Czechia,2002,cbr,9.1,World Bank WDI (Crude Birth Rate),2026-09-02
CZE,Czechia,2001,cbr,8.9,World Bank WDI (Crude Birth Rate),2026-09-02
CZE,Czechia,2000,cbr,8.9,World Bank WDI (Crude Birth Rate),2026-09-02
DNK,Denmark,2023,cbr,9.7,World Bank WDI (Crude Birth Rate),2026-09-02
DNK,Denmark,2022,cbr,9.9,World Bank WDI (Crude Birth Rate),2026-09-02
DNK,Denmark,2021,cbr,10.8,World Bank WDI (Crude Birth Rate),2026-09-02
DNK,Denmark,2020,cbr,10.4,World Bank WDI (Crude Birth Rate),2026-09-02
DNK,Denmark,2019,cbr,10.5,World Bank WDI (Crude Birth Rate),2026-09-02
DNK,Denmark,2018,cbr,10.6,World Bank WDI (Crude Birth Rate),2026-09-02
DNK,Denmark,2017,cbr,10.6,World Bank WDI (Crude Birth Rate),2026-09-02
DNK,Denmark,2016,cbr,10.8,World Bank WDI (Crude Birth Rate),2026-09-02
DNK,Denmark,2015,cbr,10.2,World Bank WDI (Crude Birth Rate),2026-09-02
DNK,Denmark,2014,cbr,10.1,World Bank WDI (Crude Birth Rate),2026-09-02
DNK,Denmark,2013,cbr,10.0,World Bank WDI (Crude Birth Rate),2026-09-02
DNK,Denmark,2012,cbr,10.4,World Bank WDI (Crude Birth Rate),2026-09-02
DNK,Denmark,2011,cbr,10.6,World Bank WDI (Crude Birth Rate),2026-09-02
DNK,Denmark,2010,cbr,11.4,World Bank WDI (Crude Birth Rate),2026-09-02
DNK,Denmark,2009,cbr,11.4,World Bank WDI (Crude Birth Rate),2026-09-02
DNK,Denmark,2008,cbr,11.8,World Bank WDI (Crude Birth Rate),2026-09-02
DNK,Denmark,2007,cbr,11.7,World Bank WDI (Crude Birth Rate),2026-09-02
DNK,Denmark,2006,cbr,12.0,World Bank WDI (Crude Birth Rate),2026-09-02
DNK,Denmark,2005,cbr,11.9,World Bank WDI (Crude Birth Rate),2026-09-02
DNK,Denmark,2004,cbr,12.0,World Bank WDI (Crude Birth Rate),2026-09-02
DNK,Denmark,2003,cbr,12.0,World Bank WDI (Crude Birth Rate),2026-09-02
DNK,Denmark,2002,cbr,11.9,World Bank WDI (Crude Birth Rate),2026-09-02
DNK,Denmark,2001,cbr,12.2,World Bank WDI (Crude Birth Rate),2026-09-02
DNK,Denmark,2000,cbr,12.6,World Bank WDI (Crude Birth Rate),2026-09-02
DJI,Djibouti,2023,cbr,20.769,World Bank WDI (Crude Birth Rate),2026-09-02
DJI,Djibouti,2022,cbr,21.032,World Bank WDI (Crude Birth Rate),2026-09-02
DJI,Djibouti,2021,cbr,21.308,World Bank WDI (Crude Birth Rate),2026-09-02
DJI,Djibouti,2020,cbr,21.578,World Bank WDI (Crude Birth Rate),2026-09-02
DJI,Djibouti,2019,cbr,21.913,World Bank WDI (Crude Birth Rate),2026-09-02
DJI,Djibouti,2018,cbr,22.313,World Bank WDI (Crude Birth Rate),2026-09-02
DJI,Djibouti,2017,cbr,22.703,World Bank WDI (Crude Birth Rate),2026-09-02
DJI,Djibouti,2016,cbr,23.061,World Bank WDI (Crude Birth Rate),2026-09-02
DJI,Djibouti,2015,cbr,23.567,World Bank WDI (Crude Birth Rate),2026-09-02
DJI,Djibouti,2014,cbr,24.094,World Bank WDI (Crude Birth Rate),2026-09-02
DJI,Djibouti,2013,cbr,24.592,World Bank WDI (Crude Birth Rate),2026-09-02
DJI,Djibouti,2012,cbr,25.061,World Bank WDI (Crude Birth Rate),2026-09-02
DJI,Djibouti,2011,cbr,25.657,World Bank WDI (Crude Birth Rate),2026-09-02
DJI,Djibouti,2010,cbr,26.291,World Bank WDI (Crude Birth Rate),2026-09-02
DJI,Djibouti,2009,cbr,26.905,World Bank WDI (Crude Birth Rate),2026-09-02
DJI,Djibouti,2008,cbr,27.554,World Bank WDI (Crude Birth Rate),2026-09-02
DJI,Djibouti,2007,cbr,28.485,World Bank WDI (Crude Birth Rate),2026-09-02
DJI,Djibouti,2006,cbr,29.391,World Bank WDI (Crude Birth Rate),2026-09-02
DJI,Djibouti,2005,cbr,30.568,World Bank WDI (Crude Birth Rate),2026-09-02
DJI,Djibouti,2004,cbr,31.601,World Bank WDI (Crude Birth Rate),2026-09-02
DJI,Djibouti,2003,cbr,32.678,World Bank WDI (Crude Birth Rate),2026-09-02
DJI,Djibouti,2002,cbr,33.006,World Bank WDI (Crude Birth Rate),2026-09-02
DJI,Djibouti,2001,cbr,33.267,World Bank WDI (Crude Birth Rate),2026-09-02
DJI,Djibouti,2000,cbr,33.459,World Bank WDI (Crude Birth Rate),2026-09-02
DMA,Dominica,2023,cbr,11.09,World Bank WDI (Crude Birth Rate),2026-09-02
DMA,Dominica,2022,cbr,11.146,World Bank WDI (Crude Birth Rate),2026-09-02
DMA,Dominica,2021,cbr,11.251,World Bank WDI (Crude Birth Rate),2026-09-02
DMA,Dominica,2020,cbr,11.404,World Bank WDI (Crude Birth Rate),2026-09-02
DMA,Dominica,2019,cbr,11.512,World Bank WDI (Crude Birth Rate),2026-09-02
DMA,Dominica,2018,cbr,11.636,World Bank WDI (Crude Birth Rate),2026-09-02
DMA,Dominica,2017,cbr,11.813,World Bank WDI (Crude Birth Rate),2026-09-02
DMA,Dominica,2016,cbr,12.922,World Bank WDI (Crude Birth Rate),2026-09-02
DMA,Dominica,2015,cbr,13.106,World Bank WDI (Crude Birth Rate),2026-09-02
DMA,Dominica,2014,cbr,13.684,World Bank WDI (Crude Birth Rate),2026-09-02
DMA,Dominica,2013,cbr,13.294,World Bank WDI (Crude Birth Rate),2026-09-02
DMA,Dominica,2012,cbr,13.87,World Bank WDI (Crude Birth Rate),2026-09-02
DMA,Dominica,2011,cbr,13.719,World Bank WDI (Crude Birth Rate),2026-09-02
DMA,Dominica,2010,cbr,13.986,World Bank WDI (Crude Birth Rate),2026-09-02
DMA,Dominica,2009,cbr,14.252,World Bank WDI (Crude Birth Rate),2026-09-02
DMA,Dominica,2008,cbr,14.668,World Bank WDI (Crude Birth Rate),2026-09-02
DMA,Dominica,2007,cbr,15.12,World Bank WDI (Crude Birth Rate),2026-09-02
DMA,Dominica,2006,cbr,15.546,World Bank WDI (Crude Birth Rate),2026-09-02
DMA,Dominica,2005,cbr,15.019,World Bank WDI (Crude Birth Rate),2026-09-02
DMA,Dominica,2004,cbr,15.239,World Bank WDI (Crude Birth Rate),2026-09-02
DMA,Dominica,2003,cbr,15.605,World Bank WDI (Crude Birth Rate),2026-09-02
DMA,Dominica,2002,cbr,16.187,World Bank WDI (Crude Birth Rate),2026-09-02
DMA,Dominica,2001,cbr,18.017,World Bank WDI (Crude Birth Rate),2026-09-02
DMA,Dominica,2000,cbr,17.923,World Bank WDI (Crude Birth Rate),2026-09-02
DOM,Dominican Republic,2023,cbr,17.931,World Bank WDI (Crude Birth Rate),2026-09-02
DOM,Dominican Republic,2022,cbr,18.255,World Bank WDI (Crude Birth Rate),2026-09-02
DOM,Dominican Republic,2021,cbr,18.571,World Bank WDI (Crude Birth Rate),2026-09-02
DOM,Dominican Republic,2020,cbr,18.957,World Bank WDI (Crude Birth Rate),2026-09-02
DOM,Dominican Republic,2019,cbr,19.43,World Bank WDI (Crude Birth Rate),2026-09-02
DOM,Dominican Republic,2018,cbr,19.848,World Bank WDI (Crude Birth Rate),2026-09-02
DOM,Dominican Republic,2017,cbr,20.009,World Bank WDI (Crude Birth Rate),2026-09-02
DOM,Dominican Republic,2016,cbr,20.239,World Bank WDI (Crude Birth Rate),2026-09-02
DOM,Dominican Republic,2015,cbr,20.538,World Bank WDI (Crude Birth Rate),2026-09-02
DOM,Dominican Republic,2014,cbr,20.844,World Bank WDI (Crude Birth Rate),2026-09-02
DOM,Dominican Republic,2013,cbr,21.179,World Bank WDI (Crude Birth Rate),2026-09-02
DOM,Dominican Republic,2012,cbr,21.522,World Bank WDI (Crude Birth Rate),2026-09-02
DOM,Dominican Republic,2011,cbr,21.871,World Bank WDI (Crude Birth Rate),2026-09-02
DOM,Dominican Republic,2010,cbr,22.167,World Bank WDI (Crude Birth Rate),2026-09-02
DOM,Dominican Republic,2009,cbr,22.344,World Bank WDI (Crude Birth Rate),2026-09-02
DOM,Dominican Republic,2008,cbr,22.12,World Bank WDI (Crude Birth Rate),2026-09-02
DOM,Dominican Republic,2007,cbr,21.829,World Bank WDI (Crude Birth Rate),2026-09-02
DOM,Dominican Republic,2006,cbr,21.86,World Bank WDI (Crude Birth Rate),2026-09-02
DOM,Dominican Republic,2005,cbr,22.464,World Bank WDI (Crude Birth Rate),2026-09-02
DOM,Dominican Republic,2004,cbr,23.103,World Bank WDI (Crude Birth Rate),2026-09-02
DOM,Dominican Republic,2003,cbr,23.738,World Bank WDI (Crude Birth Rate),2026-09-02
DOM,Dominican Republic,2002,cbr,24.385,World Bank WDI (Crude Birth Rate),2026-09-02
DOM,Dominican Republic,2001,cbr,25.069,World Bank WDI (Crude Birth Rate),2026-09-02
DOM,Dominican Republic,2000,cbr,25.557,World Bank WDI (Crude Birth Rate),2026-09-02
ECU,Ecuador,2023,cbr,15.033,World Bank WDI (Crude Birth Rate),2026-09-02
ECU,Ecuador,2022,cbr,15.423,World Bank WDI (Crude Birth Rate),2026-09-02
ECU,Ecuador,2021,cbr,15.882,World Bank WDI (Crude Birth Rate),2026-09-02
ECU,Ecuador,2020,cbr,16.391,World Bank WDI (Crude Birth Rate),2026-09-02
ECU,Ecuador,2019,cbr,16.924,World Bank WDI (Crude Birth Rate),2026-09-02
ECU,Ecuador,2018,cbr,17.523,World Bank WDI (Crude Birth Rate),2026-09-02
ECU,Ecuador,2017,cbr,17.677,World Bank WDI (Crude Birth Rate),2026-09-02
ECU,Ecuador,2016,cbr,17.622,World Bank WDI (Crude Birth Rate),2026-09-02
ECU,Ecuador,2015,cbr,18.357,World Bank WDI (Crude Birth Rate),2026-09-02
ECU,Ecuador,2014,cbr,18.896,World Bank WDI (Crude Birth Rate),2026-09-02
ECU,Ecuador,2013,cbr,19.656,World Bank WDI (Crude Birth Rate),2026-09-02
ECU,Ecuador,2012,cbr,20.944,World Bank WDI (Crude Birth Rate),2026-09-02
ECU,Ecuador,2011,cbr,21.78,World Bank WDI (Crude Birth Rate),2026-09-02
ECU,Ecuador,2010,cbr,21.887,World Bank WDI (Crude Birth Rate),2026-09-02
ECU,Ecuador,2009,cbr,22.427,World Bank WDI (Crude Birth Rate),2026-09-02
ECU,Ecuador,2008,cbr,22.501,World Bank WDI (Crude Birth Rate),2026-09-02
ECU,Ecuador,2007,cbr,22.604,World Bank WDI (Crude Birth Rate),2026-09-02
ECU,Ecuador,2006,cbr,22.968,World Bank WDI (Crude Birth Rate),2026-09-02
ECU,Ecuador,2005,cbr,23.317,World Bank WDI (Crude Birth Rate),2026-09-02
ECU,Ecuador,2004,cbr,23.73,World Bank WDI (Crude Birth Rate),2026-09-02
ECU,Ecuador,2003,cbr,24.18,World Bank WDI (Crude Birth Rate),2026-09-02
ECU,Ecuador,2002,cbr,24.655,World Bank WDI (Crude Birth Rate),2026-09-02
ECU,Ecuador,2001,cbr,25.142,World Bank WDI (Crude Birth Rate),2026-09-02
ECU,Ecuador,2000,cbr,25.645,World Bank WDI (Crude Birth Rate),2026-09-02
EGY,"Egypt, Arab Rep.",2023,cbr,21.004,World Bank WDI (Crude Birth Rate),2026-09-02
EGY,"Egypt, Arab Rep.",2022,cbr,21.091,World Bank WDI (Crude Birth Rate),2026-09-02
EGY,"Egypt, Arab Rep.",2021,cbr,21.154,World Bank WDI (Crude Birth Rate),2026-09-02
EGY,"Egypt, Arab Rep.",2020,cbr,22.004,World Bank WDI (Crude Birth Rate),2026-09-02
EGY,"Egypt, Arab Rep.",2019,cbr,22.267,World Bank WDI (Crude Birth Rate),2026-09-02
EGY,"Egypt, Arab Rep.",2018,cbr,23.592,World Bank WDI (Crude Birth Rate),2026-09-02
EGY,"Egypt, Arab Rep.",2017,cbr,26.1,World Bank WDI (Crude Birth Rate),2026-09-02
EGY,"Egypt, Arab Rep.",2016,cbr,26.679,World Bank WDI (Crude Birth Rate),2026-09-02
EGY,"Egypt, Arab Rep.",2015,cbr,28.184,World Bank WDI (Crude Birth Rate),2026-09-02
EGY,"Egypt, Arab Rep.",2014,cbr,28.393,World Bank WDI (Crude Birth Rate),2026-09-02
EGY,"Egypt, Arab Rep.",2013,cbr,28.591,World Bank WDI (Crude Birth Rate),2026-09-02
EGY,"Egypt, Arab Rep.",2012,cbr,28.117,World Bank WDI (Crude Birth Rate),2026-09-02
EGY,"Egypt, Arab Rep.",2011,cbr,27.476,World Bank WDI (Crude Birth Rate),2026-09-02
EGY,"Egypt, Arab Rep.",2010,cbr,27.491,World Bank WDI (Crude Birth Rate),2026-09-02
EGY,"Egypt, Arab Rep.",2009,cbr,27.209,World Bank WDI (Crude Birth Rate),2026-09-02
EGY,"Egypt, Arab Rep.",2008,cbr,26.976,World Bank WDI (Crude Birth Rate),2026-09-02
EGY,"Egypt, Arab Rep.",2007,cbr,26.849,World Bank WDI (Crude Birth Rate),2026-09-02
EGY,"Egypt, Arab Rep.",2006,cbr,26.562,World Bank WDI (Crude Birth Rate),2026-09-02
EGY,"Egypt, Arab Rep.",2005,cbr,26.566,World Bank WDI (Crude Birth Rate),2026-09-02
EGY,"Egypt, Arab Rep.",2004,cbr,26.569,World Bank WDI (Crude Birth Rate),2026-09-02
EGY,"Egypt, Arab Rep.",2003,cbr,26.866,World Bank WDI (Crude Birth Rate),2026-09-02
EGY,"Egypt, Arab Rep.",2002,cbr,27.076,World Bank WDI (Crude Birth Rate),2026-09-02
EGY,"Egypt, Arab Rep.",2001,cbr,27.252,World Bank WDI (Crude Birth Rate),2026-09-02
EGY,"Egypt, Arab Rep.",2000,cbr,27.392,World Bank WDI (Crude Birth Rate),2026-09-02
SLV,El Salvador,2023,cbr,15.758,World Bank WDI (Crude Birth Rate),2026-09-02
SLV,El Salvador,2022,cbr,15.92,World Bank WDI (Crude Birth Rate),2026-09-02
SLV,El Salvador,2021,cbr,16.15,World Bank WDI (Crude Birth Rate),2026-09-02
SLV,El Salvador,2020,cbr,16.303,World Bank WDI (Crude Birth Rate),2026-09-02
SLV,El Salvador,2019,cbr,16.57,World Bank WDI (Crude Birth Rate),2026-09-02
SLV,El Salvador,2018,cbr,16.683,World Bank WDI (Crude Birth Rate),2026-09-02
SLV,El Salvador,2017,cbr,17.122,World Bank WDI (Crude Birth Rate),2026-09-02
SLV,El Salvador,2016,cbr,17.73,World Bank WDI (Crude Birth Rate),2026-09-02
SLV,El Salvador,2015,cbr,18.579,World Bank WDI (Crude Birth Rate),2026-09-02
SLV,El Salvador,2014,cbr,19.014,World Bank WDI (Crude Birth Rate),2026-09-02
SLV,El Salvador,2013,cbr,19.185,World Bank WDI (Crude Birth Rate),2026-09-02
SLV,El Salvador,2012,cbr,19.39,World Bank WDI (Crude Birth Rate),2026-09-02
SLV,El Salvador,2011,cbr,19.618,World Bank WDI (Crude Birth Rate),2026-09-02
SLV,El Salvador,2010,cbr,19.69,World Bank WDI (Crude Birth Rate),2026-09-02
SLV,El Salvador,2009,cbr,19.835,World Bank WDI (Crude Birth Rate),2026-09-02
SLV,El Salvador,2008,cbr,20.045,World Bank WDI (Crude Birth Rate),2026-09-02
SLV,El Salvador,2007,cbr,20.566,World Bank WDI (Crude Birth Rate),2026-09-02
SLV,El Salvador,2006,cbr,20.972,World Bank WDI (Crude Birth Rate),2026-09-02
SLV,El Salvador,2005,cbr,21.373,World Bank WDI (Crude Birth Rate),2026-09-02
SLV,El Salvador,2004,cbr,22.065,World Bank WDI (Crude Birth Rate),2026-09-02
SLV,El Salvador,2003,cbr,23.144,World Bank WDI (Crude Birth Rate),2026-09-02
SLV,El Salvador,2002,cbr,24.406,World Bank WDI (Crude Birth Rate),2026-09-02
SLV,El Salvador,2001,cbr,25.826,World Bank WDI (Crude Birth Rate),2026-09-02
SLV,El Salvador,2000,cbr,27.132,World Bank WDI (Crude Birth Rate),2026-09-02
GNQ,Equatorial Guinea,2023,cbr,29.604,World Bank WDI (Crude Birth Rate),2026-09-02
GNQ,Equatorial Guinea,2022,cbr,30.123,World Bank WDI (Crude Birth Rate),2026-09-02
GNQ,Equatorial Guinea,2021,cbr,30.703,World Bank WDI (Crude Birth Rate),2026-09-02
GNQ,Equatorial Guinea,2020,cbr,31.351,World Bank WDI (Crude Birth Rate),2026-09-02
GNQ,Equatorial Guinea,2019,cbr,31.783,World Bank WDI (Crude Birth Rate),2026-09-02
GNQ,Equatorial Guinea,2018,cbr,32.4,World Bank WDI (Crude Birth Rate),2026-09-02
GNQ,Equatorial Guinea,2017,cbr,33.07,World Bank WDI (Crude Birth Rate),2026-09-02
GNQ,Equatorial Guinea,2016,cbr,33.792,World Bank WDI (Crude Birth Rate),2026-09-02
GNQ,Equatorial Guinea,2015,cbr,34.531,World Bank WDI (Crude Birth Rate),2026-09-02
GNQ,Equatorial Guinea,2014,cbr,35.282,World Bank WDI (Crude Birth Rate),2026-09-02
GNQ,Equatorial Guinea,2013,cbr,36.034,World Bank WDI (Crude Birth Rate),2026-09-02
GNQ,Equatorial Guinea,2012,cbr,36.773,World Bank WDI (Crude Birth Rate),2026-09-02
GNQ,Equatorial Guinea,2011,cbr,37.495,World Bank WDI (Crude Birth Rate),2026-09-02
GNQ,Equatorial Guinea,2010,cbr,38.018,World Bank WDI (Crude Birth Rate),2026-09-02
GNQ,Equatorial Guinea,2009,cbr,38.548,World Bank WDI (Crude Birth Rate),2026-09-02
GNQ,Equatorial Guinea,2008,cbr,39.005,World Bank WDI (Crude Birth Rate),2026-09-02
GNQ,Equatorial Guinea,2007,cbr,39.388,World Bank WDI (Crude Birth Rate),2026-09-02
GNQ,Equatorial Guinea,2006,cbr,39.682,World Bank WDI (Crude Birth Rate),2026-09-02
GNQ,Equatorial Guinea,2005,cbr,39.915,World Bank WDI (Crude Birth Rate),2026-09-02
GNQ,Equatorial Guinea,2004,cbr,39.832,World Bank WDI (Crude Birth Rate),2026-09-02
GNQ,Equatorial Guinea,2003,cbr,39.991,World Bank WDI (Crude Birth Rate),2026-09-02
GNQ,Equatorial Guinea,2002,cbr,40.174,World Bank WDI (Crude Birth Rate),2026-09-02
GNQ,Equatorial Guinea,2001,cbr,40.426,World Bank WDI (Crude Birth Rate),2026-09-02
GNQ,Equatorial Guinea,2000,cbr,40.795,World Bank WDI (Crude Birth Rate),2026-09-02
ERI,Eritrea,2023,cbr,28.544,World Bank WDI (Crude Birth Rate),2026-09-02
ERI,Eritrea,2022,cbr,28.675,World Bank WDI (Crude Birth Rate),2026-09-02
ERI,Eritrea,2021,cbr,28.818,World Bank WDI (Crude Birth Rate),2026-09-02
ERI,Eritrea,2020,cbr,28.872,World Bank WDI (Crude Birth Rate),2026-09-02
ERI,Eritrea,2019,cbr,29.119,World Bank WDI (Crude Birth Rate),2026-09-02
ERI,Eritrea,2018,cbr,29.195,World Bank WDI (Crude Birth Rate),2026-09-02
ERI,Eritrea,2017,cbr,29.551,World Bank WDI (Crude Birth Rate),2026-09-02
ERI,Eritrea,2016,cbr,30.092,World Bank WDI (Crude Birth Rate),2026-09-02
ERI,Eritrea,2015,cbr,30.554,World Bank WDI (Crude Birth Rate),2026-09-02
ERI,Eritrea,2014,cbr,31.456,World Bank WDI (Crude Birth Rate),2026-09-02
ERI,Eritrea,2013,cbr,31.702,World Bank WDI (Crude Birth Rate),2026-09-02
ERI,Eritrea,2012,cbr,32.41,World Bank WDI (Crude Birth Rate),2026-09-02
ERI,Eritrea,2011,cbr,33.032,World Bank WDI (Crude Birth Rate),2026-09-02
ERI,Eritrea,2010,cbr,33.453,World Bank WDI (Crude Birth Rate),2026-09-02
ERI,Eritrea,2009,cbr,34.213,World Bank WDI (Crude Birth Rate),2026-09-02
ERI,Eritrea,2008,cbr,34.136,World Bank WDI (Crude Birth Rate),2026-09-02
ERI,Eritrea,2007,cbr,34.965,World Bank WDI (Crude Birth Rate),2026-09-02
ERI,Eritrea,2006,cbr,36.179,World Bank WDI (Crude Birth Rate),2026-09-02
ERI,Eritrea,2005,cbr,36.369,World Bank WDI (Crude Birth Rate),2026-09-02
ERI,Eritrea,2004,cbr,37.0,World Bank WDI (Crude Birth Rate),2026-09-02
ERI,Eritrea,2003,cbr,35.894,World Bank WDI (Crude Birth Rate),2026-09-02
ERI,Eritrea,2002,cbr,37.081,World Bank WDI (Crude Birth Rate),2026-09-02
ERI,Eritrea,2001,cbr,36.353,World Bank WDI (Crude Birth Rate),2026-09-02
ERI,Eritrea,2000,cbr,37.969,World Bank WDI (Crude Birth Rate),2026-09-02
EST,Estonia,2023,cbr,8.0,World Bank WDI (Crude Birth Rate),2026-09-02
EST,Estonia,2022,cbr,8.6,World Bank WDI (Crude Birth Rate),2026-09-02
EST,Estonia,2021,cbr,10.0,World Bank WDI (Crude Birth Rate),2026-09-02
EST,Estonia,2020,cbr,9.9,World Bank WDI (Crude Birth Rate),2026-09-02
EST,Estonia,2019,cbr,10.6,World Bank WDI (Crude Birth Rate),2026-09-02
EST,Estonia,2018,cbr,10.9,World Bank WDI (Crude Birth Rate),2026-09-02
EST,Estonia,2017,cbr,10.5,World Bank WDI (Crude Birth Rate),2026-09-02
EST,Estonia,2016,cbr,10.7,World Bank WDI (Crude Birth Rate),2026-09-02
EST,Estonia,2015,cbr,10.6,World Bank WDI (Crude Birth Rate),2026-09-02
EST,Estonia,2014,cbr,10.3,World Bank WDI (Crude Birth Rate),2026-09-02
EST,Estonia,2013,cbr,10.3,World Bank WDI (Crude Birth Rate),2026-09-02
EST,Estonia,2012,cbr,10.6,World Bank WDI (Crude Birth Rate),2026-09-02
EST,Estonia,2011,cbr,11.1,World Bank WDI (Crude Birth Rate),2026-09-02
EST,Estonia,2010,cbr,11.9,World Bank WDI (Crude Birth Rate),2026-09-02
EST,Estonia,2009,cbr,11.8,World Bank WDI (Crude Birth Rate),2026-09-02
EST,Estonia,2008,cbr,12.0,World Bank WDI (Crude Birth Rate),2026-09-02
EST,Estonia,2007,cbr,11.8,World Bank WDI (Crude Birth Rate),2026-09-02
EST,Estonia,2006,cbr,11.0,World Bank WDI (Crude Birth Rate),2026-09-02
EST,Estonia,2005,cbr,10.6,World Bank WDI (Crude Birth Rate),2026-09-02
EST,Estonia,2004,cbr,10.3,World Bank WDI (Crude Birth Rate),2026-09-02
EST,Estonia,2003,cbr,9.5,World Bank WDI (Crude Birth Rate),2026-09-02
EST,Estonia,2002,cbr,9.4,World Bank WDI (Crude Birth Rate),2026-09-02
EST,Estonia,2001,cbr,9.1,World Bank WDI (Crude Birth Rate),2026-09-02
EST,Estonia,2000,cbr,9.4,World Bank WDI (Crude Birth Rate),2026-09-02
SWZ,Eswatini,2023,cbr,24.073,World Bank WDI (Crude Birth Rate),2026-09-02
SWZ,Eswatini,2022,cbr,24.611,World Bank WDI (Crude Birth Rate),2026-09-02
SWZ,Eswatini,2021,cbr,24.957,World Bank WDI (Crude Birth Rate),2026-09-02
SWZ,Eswatini,2020,cbr,25.39,World Bank WDI (Crude Birth Rate),2026-09-02
SWZ,Eswatini,2019,cbr,25.889,World Bank WDI (Crude Birth Rate),2026-09-02
SWZ,Eswatini,2018,cbr,26.412,World Bank WDI (Crude Birth Rate),2026-09-02
SWZ,Eswatini,2017,cbr,26.926,World Bank WDI (Crude Birth Rate),2026-09-02
SWZ,Eswatini,2016,cbr,27.623,World Bank WDI (Crude Birth Rate),2026-09-02
SWZ,Eswatini,2015,cbr,28.308,World Bank WDI (Crude Birth Rate),2026-09-02
SWZ,Eswatini,2014,cbr,29.02,World Bank WDI (Crude Birth Rate),2026-09-02
SWZ,Eswatini,2013,cbr,29.646,World Bank WDI (Crude Birth Rate),2026-09-02
SWZ,Eswatini,2012,cbr,29.952,World Bank WDI (Crude Birth Rate),2026-09-02
SWZ,Eswatini,2011,cbr,30.402,World Bank WDI (Crude Birth Rate),2026-09-02
SWZ,Eswatini,2010,cbr,30.867,World Bank WDI (Crude Birth Rate),2026-09-02
SWZ,Eswatini,2009,cbr,31.889,World Bank WDI (Crude Birth Rate),2026-09-02
SWZ,Eswatini,2008,cbr,32.28,World Bank WDI (Crude Birth Rate),2026-09-02
SWZ,Eswatini,2007,cbr,32.163,World Bank WDI (Crude Birth Rate),2026-09-02
SWZ,Eswatini,2006,cbr,32.232,World Bank WDI (Crude Birth Rate),2026-09-02
SWZ,Eswatini,2005,cbr,32.535,World Bank WDI (Crude Birth Rate),2026-09-02
SWZ,Eswatini,2004,cbr,32.557,World Bank WDI (Crude Birth Rate),2026-09-02
SWZ,Eswatini,2003,cbr,32.333,World Bank WDI (Crude Birth Rate),2026-09-02
SWZ,Eswatini,2002,cbr,32.247,World Bank WDI (Crude Birth Rate),2026-09-02
SWZ,Eswatini,2001,cbr,32.44,World Bank WDI (Crude Birth Rate),2026-09-02
SWZ,Eswatini,2000,cbr,32.59,World Bank WDI (Crude Birth Rate),2026-09-02
ETH,Ethiopia,2023,cbr,31.903,World Bank WDI (Crude Birth Rate),2026-09-02
ETH,Ethiopia,2022,cbr,32.413,World Bank WDI (Crude Birth Rate),2026-09-02
ETH,Ethiopia,2021,cbr,32.876,World Bank WDI (Crude Birth Rate),2026-09-02
ETH,Ethiopia,2020,cbr,33.31,World Bank WDI (Crude Birth Rate),2026-09-02
ETH,Ethiopia,2019,cbr,33.549,World Bank WDI (Crude Birth Rate),2026-09-02
ETH,Ethiopia,2018,cbr,33.394,World Bank WDI (Crude Birth Rate),2026-09-02
ETH,Ethiopia,2017,cbr,33.222,World Bank WDI (Crude Birth Rate),2026-09-02
ETH,Ethiopia,2016,cbr,33.329,World Bank WDI (Crude Birth Rate),2026-09-02
ETH,Ethiopia,2015,cbr,33.331,World Bank WDI (Crude Birth Rate),2026-09-02
ETH,Ethiopia,2014,cbr,33.408,World Bank WDI (Crude Birth Rate),2026-09-02
ETH,Ethiopia,2013,cbr,33.644,World Bank WDI (Crude Birth Rate),2026-09-02
ETH,Ethiopia,2012,cbr,34.563,World Bank WDI (Crude Birth Rate),2026-09-02
ETH,Ethiopia,2011,cbr,35.671,World Bank WDI (Crude Birth Rate),2026-09-02
ETH,Ethiopia,2010,cbr,36.571,World Bank WDI (Crude Birth Rate),2026-09-02
ETH,Ethiopia,2009,cbr,37.538,World Bank WDI (Crude Birth Rate),2026-09-02
ETH,Ethiopia,2008,cbr,38.886,World Bank WDI (Crude Birth Rate),2026-09-02
ETH,Ethiopia,2007,cbr,40.054,World Bank WDI (Crude Birth Rate),2026-09-02
ETH,Ethiopia,2006,cbr,41.086,World Bank WDI (Crude Birth Rate),2026-09-02
ETH,Ethiopia,2005,cbr,42.104,World Bank WDI (Crude Birth Rate),2026-09-02
ETH,Ethiopia,2004,cbr,42.712,World Bank WDI (Crude Birth Rate),2026-09-02
ETH,Ethiopia,2003,cbr,43.334,World Bank WDI (Crude Birth Rate),2026-09-02
ETH,Ethiopia,2002,cbr,44.264,World Bank WDI (Crude Birth Rate),2026-09-02
ETH,Ethiopia,2001,cbr,44.987,World Bank WDI (Crude Birth Rate),2026-09-02
ETH,Ethiopia,2000,cbr,45.59,World Bank WDI (Crude Birth Rate),2026-09-02
FRO,Faroe Islands,2023,cbr,10.6,World Bank WDI (Crude Birth Rate),2026-09-02
FRO,Faroe Islands,2022,cbr,11.8,World Bank WDI (Crude Birth Rate),2026-09-02
FRO,Faroe Islands,2021,cbr,13.0,World Bank WDI (Crude Birth Rate),2026-09-02
FRO,Faroe Islands,2020,cbr,13.1,World Bank WDI (Crude Birth Rate),2026-09-02
FRO,Faroe Islands,2019,cbr,13.3,World Bank WDI (Crude Birth Rate),2026-09-02
FRO,Faroe Islands,2018,cbr,13.6,World Bank WDI (Crude Birth Rate),2026-09-02
FRO,Faroe Islands,2017,cbr,13.2,World Bank WDI (Crude Birth Rate),2026-09-02
FRO,Faroe Islands,2016,cbr,13.8,World Bank WDI (Crude Birth Rate),2026-09-02
FRO,Faroe Islands,2015,cbr,12.5,World Bank WDI (Crude Birth Rate),2026-09-02
FRO,Faroe Islands,2014,cbr,13.3,World Bank WDI (Crude Birth Rate),2026-09-02
FRO,Faroe Islands,2013,cbr,13.0,World Bank WDI (Crude Birth Rate),2026-09-02
FRO,Faroe Islands,2012,cbr,12.8,World Bank WDI (Crude Birth Rate),2026-09-02
FRO,Faroe Islands,2011,cbr,12.0,World Bank WDI (Crude Birth Rate),2026-09-02
FRO,Faroe Islands,2010,cbr,13.2,World Bank WDI (Crude Birth Rate),2026-09-02
FRO,Faroe Islands,2009,cbr,12.7,World Bank WDI (Crude Birth Rate),2026-09-02
FRO,Faroe Islands,2008,cbr,13.8,World Bank WDI (Crude Birth Rate),2026-09-02
FRO,Faroe Islands,2007,cbr,14.0,World Bank WDI (Crude Birth Rate),2026-09-02
FRO,Faroe Islands,2006,cbr,13.8,World Bank WDI (Crude Birth Rate),2026-09-02
FRO,Faroe Islands,2005,cbr,14.7,World Bank WDI (Crude Birth Rate),2026-09-02
FRO,Faroe Islands,2004,cbr,14.8,World Bank WDI (Crude Birth Rate),2026-09-02
FRO,Faroe Islands,2003,cbr,14.8,World Bank WDI (Crude Birth Rate),2026-09-02
FRO,Faroe Islands,2002,cbr,15.1,World Bank WDI (Crude Birth Rate),2026-09-02
FRO,Faroe Islands,2001,cbr,13.7,World Bank WDI (Crude Birth Rate),2026-09-02
FRO,Faroe Islands,2000,cbr,15.3,World Bank WDI (Crude Birth Rate),2026-09-02
FJI,Fiji,2023,cbr,17.996,World Bank WDI (Crude Birth Rate),2026-09-02
FJI,Fiji,2022,cbr,18.242,World Bank WDI (Crude Birth Rate),2026-09-02
FJI,Fiji,2021,cbr,18.55,World Bank WDI (Crude Birth Rate),2026-09-02
FJI,Fiji,2020,cbr,18.828,World Bank WDI (Crude Birth Rate),2026-09-02
FJI,Fiji,2019,cbr,19.226,World Bank WDI (Crude Birth Rate),2026-09-02
FJI,Fiji,2018,cbr,19.601,World Bank WDI (Crude Birth Rate),2026-09-02
FJI,Fiji,2017,cbr,20.029,World Bank WDI (Crude Birth Rate),2026-09-02
FJI,Fiji,2016,cbr,20.55,World Bank WDI (Crude Birth Rate),2026-09-02
FJI,Fiji,2015,cbr,20.998,World Bank WDI (Crude Birth Rate),2026-09-02
FJI,Fiji,2014,cbr,21.291,World Bank WDI (Crude Birth Rate),2026-09-02
FJI,Fiji,2013,cbr,21.495,World Bank WDI (Crude Birth Rate),2026-09-02
FJI,Fiji,2012,cbr,21.583,World Bank WDI (Crude Birth Rate),2026-09-02
FJI,Fiji,2011,cbr,21.76,World Bank WDI (Crude Birth Rate),2026-09-02
FJI,Fiji,2010,cbr,22.328,World Bank WDI (Crude Birth Rate),2026-09-02
FJI,Fiji,2009,cbr,22.839,World Bank WDI (Crude Birth Rate),2026-09-02
FJI,Fiji,2008,cbr,23.293,World Bank WDI (Crude Birth Rate),2026-09-02
FJI,Fiji,2007,cbr,23.716,World Bank WDI (Crude Birth Rate),2026-09-02
FJI,Fiji,2006,cbr,23.964,World Bank WDI (Crude Birth Rate),2026-09-02
FJI,Fiji,2005,cbr,24.003,World Bank WDI (Crude Birth Rate),2026-09-02
FJI,Fiji,2004,cbr,24.128,World Bank WDI (Crude Birth Rate),2026-09-02
FJI,Fiji,2003,cbr,24.265,World Bank WDI (Crude Birth Rate),2026-09-02
FJI,Fiji,2002,cbr,24.339,World Bank WDI (Crude Birth Rate),2026-09-02
FJI,Fiji,2001,cbr,24.272,World Bank WDI (Crude Birth Rate),2026-09-02
FJI,Fiji,2000,cbr,24.328,World Bank WDI (Crude Birth Rate),2026-09-02
FIN,Finland,2023,cbr,7.8,World Bank WDI (Crude Birth Rate),2026-09-02
FIN,Finland,2022,cbr,8.1,World Bank WDI (Crude Birth Rate),2026-09-02
FIN,Finland,2021,cbr,9.0,World Bank WDI (Crude Birth Rate),2026-09-02
FIN,Finland,2020,cbr,8.4,World Bank WDI (Crude Birth Rate),2026-09-02
FIN,Finland,2019,cbr,8.3,World Bank WDI (Crude Birth Rate),2026-09-02
FIN,Finland,2018,cbr,8.6,World Bank WDI (Crude Birth Rate),2026-09-02
FIN,Finland,2017,cbr,9.1,World Bank WDI (Crude Birth Rate),2026-09-02
FIN,Finland,2016,cbr,9.6,World Bank WDI (Crude Birth Rate),2026-09-02
FIN,Finland,2015,cbr,10.1,World Bank WDI (Crude Birth Rate),2026-09-02
FIN,Finland,2014,cbr,10.5,World Bank WDI (Crude Birth Rate),2026-09-02
FIN,Finland,2013,cbr,10.7,World Bank WDI (Crude Birth Rate),2026-09-02
FIN,Finland,2012,cbr,11.0,World Bank WDI (Crude Birth Rate),2026-09-02
FIN,Finland,2011,cbr,11.1,World Bank WDI (Crude Birth Rate),2026-09-02
FIN,Finland,2010,cbr,11.4,World Bank WDI (Crude Birth Rate),2026-09-02
FIN,Finland,2009,cbr,11.3,World Bank WDI (Crude Birth Rate),2026-09-02
FIN,Finland,2008,cbr,11.2,World Bank WDI (Crude Birth Rate),2026-09-02
FIN,Finland,2007,cbr,11.1,World Bank WDI (Crude Birth Rate),2026-09-02
FIN,Finland,2006,cbr,11.2,World Bank WDI (Crude Birth Rate),2026-09-02
FIN,Finland,2005,cbr,11.0,World Bank WDI (Crude Birth Rate),2026-09-02
FIN,Finland,2004,cbr,11.0,World Bank WDI (Crude Birth Rate),2026-09-02
FIN,Finland,2003,cbr,10.9,World Bank WDI (Crude Birth Rate),2026-09-02
FIN,Finland,2002,cbr,10.7,World Bank WDI (Crude Birth Rate),2026-09-02
FIN,Finland,2001,cbr,10.8,World Bank WDI (Crude Birth Rate),2026-09-02
FIN,Finland,2000,cbr,11.0,World Bank WDI (Crude Birth Rate),2026-09-02
FRA,France,2023,cbr,9.9,World Bank WDI (Crude Birth Rate),2026-09-02
FRA,France,2022,cbr,10.7,World Bank WDI (Crude Birth Rate),2026-09-02
FRA,France,2021,cbr,10.9,World Bank WDI (Crude Birth Rate),2026-09-02
FRA,France,2020,cbr,10.9,World Bank WDI (Crude Birth Rate),2026-09-02
FRA,France,2019,cbr,11.2,World Bank WDI (Crude Birth Rate),2026-09-02
FRA,France,2018,cbr,11.3,World Bank WDI (Crude Birth Rate),2026-09-02
FRA,France,2017,cbr,11.5,World Bank WDI (Crude Birth Rate),2026-09-02
FRA,France,2016,cbr,11.8,World Bank WDI (Crude Birth Rate),2026-09-02
FRA,France,2015,cbr,12.0,World Bank WDI (Crude Birth Rate),2026-09-02
FRA,France,2014,cbr,12.4,World Bank WDI (Crude Birth Rate),2026-09-02
FRA,France,2013,cbr,12.4,World Bank WDI (Crude Birth Rate),2026-09-02
FRA,France,2012,cbr,12.6,World Bank WDI (Crude Birth Rate),2026-09-02
FRA,France,2011,cbr,12.7,World Bank WDI (Crude Birth Rate),2026-09-02
FRA,France,2010,cbr,12.9,World Bank WDI (Crude Birth Rate),2026-09-02
FRA,France,2009,cbr,12.8,World Bank WDI (Crude Birth Rate),2026-09-02
FRA,France,2008,cbr,12.9,World Bank WDI (Crude Birth Rate),2026-09-02
FRA,France,2007,cbr,12.8,World Bank WDI (Crude Birth Rate),2026-09-02
FRA,France,2006,cbr,13.1,World Bank WDI (Crude Birth Rate),2026-09-02
FRA,France,2005,cbr,12.8,World Bank WDI (Crude Birth Rate),2026-09-02
FRA,France,2004,cbr,12.8,World Bank WDI (Crude Birth Rate),2026-09-02
FRA,France,2003,cbr,12.8,World Bank WDI (Crude Birth Rate),2026-09-02
FRA,France,2002,cbr,12.9,World Bank WDI (Crude Birth Rate),2026-09-02
FRA,France,2001,cbr,13.1,World Bank WDI (Crude Birth Rate),2026-09-02
FRA,France,2000,cbr,13.3,World Bank WDI (Crude Birth Rate),2026-09-02
PYF,French Polynesia,2023,cbr,10.907,World Bank WDI (Crude Birth Rate),2026-09-02
PYF,French Polynesia,2022,cbr,11.156,World Bank WDI (Crude Birth Rate),2026-09-02
PYF,French Polynesia,2021,cbr,11.424,World Bank WDI (Crude Birth Rate),2026-09-02
PYF,French Polynesia,2020,cbr,11.782,World Bank WDI (Crude Birth Rate),2026-09-02
PYF,French Polynesia,2019,cbr,11.938,World Bank WDI (Crude Birth Rate),2026-09-02
PYF,French Polynesia,2018,cbr,12.812,World Bank WDI (Crude Birth Rate),2026-09-02
PYF,French Polynesia,2017,cbr,13.146,World Bank WDI (Crude Birth Rate),2026-09-02
PYF,French Polynesia,2016,cbr,13.999,World Bank WDI (Crude Birth Rate),2026-09-02
PYF,French Polynesia,2015,cbr,15.001,World Bank WDI (Crude Birth Rate),2026-09-02
PYF,French Polynesia,2014,cbr,15.799,World Bank WDI (Crude Birth Rate),2026-09-02
PYF,French Polynesia,2013,cbr,15.713,World Bank WDI (Crude Birth Rate),2026-09-02
PYF,French Polynesia,2012,cbr,16.532,World Bank WDI (Crude Birth Rate),2026-09-02
PYF,French Polynesia,2011,cbr,16.92,World Bank WDI (Crude Birth Rate),2026-09-02
PYF,French Polynesia,2010,cbr,17.823,World Bank WDI (Crude Birth Rate),2026-09-02
PYF,French Polynesia,2009,cbr,17.662,World Bank WDI (Crude Birth Rate),2026-09-02
PYF,French Polynesia,2008,cbr,18.028,World Bank WDI (Crude Birth Rate),2026-09-02
PYF,French Polynesia,2007,cbr,17.391,World Bank WDI (Crude Birth Rate),2026-09-02
PYF,French Polynesia,2006,cbr,18.184,World Bank WDI (Crude Birth Rate),2026-09-02
PYF,French Polynesia,2005,cbr,17.925,World Bank WDI (Crude Birth Rate),2026-09-02
PYF,French Polynesia,2004,cbr,18.075,World Bank WDI (Crude Birth Rate),2026-09-02
PYF,French Polynesia,2003,cbr,18.605,World Bank WDI (Crude Birth Rate),2026-09-02
PYF,French Polynesia,2002,cbr,19.973,World Bank WDI (Crude Birth Rate),2026-09-02
PYF,French Polynesia,2001,cbr,20.782,World Bank WDI (Crude Birth Rate),2026-09-02
PYF,French Polynesia,2000,cbr,21.396,World Bank WDI (Crude Birth Rate),2026-09-02
GAB,Gabon,2023,cbr,27.666,World Bank WDI (Crude Birth Rate),2026-09-02
GAB,Gabon,2022,cbr,28.3,World Bank WDI (Crude Birth Rate),2026-09-02
GAB,Gabon,2021,cbr,28.938,World Bank WDI (Crude Birth Rate),2026-09-02
GAB,Gabon,2020,cbr,29.541,World Bank WDI (Crude Birth Rate),2026-09-02
GAB,Gabon,2019,cbr,30.146,World Bank WDI (Crude Birth Rate),2026-09-02
GAB,Gabon,2018,cbr,30.537,World Bank WDI (Crude Birth Rate),2026-09-02
GAB,Gabon,2017,cbr,30.774,World Bank WDI (Crude Birth Rate),2026-09-02
GAB,Gabon,2016,cbr,30.983,World Bank WDI (Crude Birth Rate),2026-09-02
GAB,Gabon,2015,cbr,31.085,World Bank WDI (Crude Birth Rate),2026-09-02
GAB,Gabon,2014,cbr,31.384,World Bank WDI (Crude Birth Rate),2026-09-02
GAB,Gabon,2013,cbr,31.919,World Bank WDI (Crude Birth Rate),2026-09-02
GAB,Gabon,2012,cbr,32.49,World Bank WDI (Crude Birth Rate),2026-09-02
GAB,Gabon,2011,cbr,33.011,World Bank WDI (Crude Birth Rate),2026-09-02
GAB,Gabon,2010,cbr,33.031,World Bank WDI (Crude Birth Rate),2026-09-02
GAB,Gabon,2009,cbr,32.869,World Bank WDI (Crude Birth Rate),2026-09-02
GAB,Gabon,2008,cbr,32.617,World Bank WDI (Crude Birth Rate),2026-09-02
GAB,Gabon,2007,cbr,32.585,World Bank WDI (Crude Birth Rate),2026-09-02
GAB,Gabon,2006,cbr,32.612,World Bank WDI (Crude Birth Rate),2026-09-02
GAB,Gabon,2005,cbr,32.682,World Bank WDI (Crude Birth Rate),2026-09-02
GAB,Gabon,2004,cbr,32.748,World Bank WDI (Crude Birth Rate),2026-09-02
GAB,Gabon,2003,cbr,32.869,World Bank WDI (Crude Birth Rate),2026-09-02
GAB,Gabon,2002,cbr,33.076,World Bank WDI (Crude Birth Rate),2026-09-02
GAB,Gabon,2001,cbr,33.228,World Bank WDI (Crude Birth Rate),2026-09-02
GAB,Gabon,2000,cbr,33.429,World Bank WDI (Crude Birth Rate),2026-09-02
GMB,"Gambia, The",2023,cbr,30.429,World Bank WDI (Crude Birth Rate),2026-09-02
GMB,"Gambia, The",2022,cbr,30.771,World Bank WDI (Crude Birth Rate),2026-09-02
GMB,"Gambia, The",2021,cbr,31.171,World Bank WDI (Crude Birth Rate),2026-09-02
GMB,"Gambia, The",2020,cbr,31.525,World Bank WDI (Crude Birth Rate),2026-09-02
GMB,"Gambia, The",2019,cbr,31.921,World Bank WDI (Crude Birth Rate),2026-09-02
GMB,"Gambia, The",2018,cbr,32.324,World Bank WDI (Crude Birth Rate),2026-09-02
GMB,"Gambia, The",2017,cbr,33.451,World Bank WDI (Crude Birth Rate),2026-09-02
GMB,"Gambia, The",2016,cbr,34.593,World Bank WDI (Crude Birth Rate),2026-09-02
GMB,"Gambia, The",2015,cbr,35.746,World Bank WDI (Crude Birth Rate),2026-09-02
GMB,"Gambia, The",2014,cbr,36.907,World Bank WDI (Crude Birth Rate),2026-09-02
GMB,"Gambia, The",2013,cbr,38.097,World Bank WDI (Crude Birth Rate),2026-09-02
GMB,"Gambia, The",2012,cbr,38.814,World Bank WDI (Crude Birth Rate),2026-09-02
GMB,"Gambia, The",2011,cbr,38.808,World Bank WDI (Crude Birth Rate),2026-09-02
GMB,"Gambia, The",2010,cbr,38.872,World Bank WDI (Crude Birth Rate),2026-09-02
GMB,"Gambia, The",2009,cbr,38.941,World Bank WDI (Crude Birth Rate),2026-09-02
GMB,"Gambia, The",2008,cbr,39.151,World Bank WDI (Crude Birth Rate),2026-09-02
GMB,"Gambia, The",2007,cbr,39.537,World Bank WDI (Crude Birth Rate),2026-09-02
GMB,"Gambia, The",2006,cbr,39.884,World Bank WDI (Crude Birth Rate),2026-09-02
GMB,"Gambia, The",2005,cbr,39.686,World Bank WDI (Crude Birth Rate),2026-09-02
GMB,"Gambia, The",2004,cbr,39.709,World Bank WDI (Crude Birth Rate),2026-09-02
GMB,"Gambia, The",2003,cbr,39.728,World Bank WDI (Crude Birth Rate),2026-09-02
GMB,"Gambia, The",2002,cbr,40.027,World Bank WDI (Crude Birth Rate),2026-09-02
GMB,"Gambia, The",2001,cbr,40.517,World Bank WDI (Crude Birth Rate),2026-09-02
GMB,"Gambia, The",2000,cbr,41.055,World Bank WDI (Crude Birth Rate),2026-09-02
GEO,Georgia,2023,cbr,11.494,World Bank WDI (Crude Birth Rate),2026-09-02
GEO,Georgia,2022,cbr,11.612,World Bank WDI (Crude Birth Rate),2026-09-02
GEO,Georgia,2021,cbr,12.881,World Bank WDI (Crude Birth Rate),2026-09-02
GEO,Georgia,2020,cbr,13.053,World Bank WDI (Crude Birth Rate),2026-09-02
GEO,Georgia,2019,cbr,13.588,World Bank WDI (Crude Birth Rate),2026-09-02
GEO,Georgia,2018,cbr,14.334,World Bank WDI (Crude Birth Rate),2026-09-02
GEO,Georgia,2017,cbr,14.905,World Bank WDI (Crude Birth Rate),2026-09-02
GEO,Georgia,2016,cbr,15.818,World Bank WDI (Crude Birth Rate),2026-09-02
GEO,Georgia,2015,cbr,16.021,World Bank WDI (Crude Birth Rate),2026-09-02
GEO,Georgia,2014,cbr,16.09,World Bank WDI (Crude Birth Rate),2026-09-02
GEO,Georgia,2013,cbr,15.065,World Bank WDI (Crude Birth Rate),2026-09-02
GEO,Georgia,2012,cbr,14.856,World Bank WDI (Crude Birth Rate),2026-09-02
GEO,Georgia,2011,cbr,14.987,World Bank WDI (Crude Birth Rate),2026-09-02
GEO,Georgia,2010,cbr,15.638,World Bank WDI (Crude Birth Rate),2026-09-02
GEO,Georgia,2009,cbr,15.939,World Bank WDI (Crude Birth Rate),2026-09-02
GEO,Georgia,2008,cbr,14.697,World Bank WDI (Crude Birth Rate),2026-09-02
GEO,Georgia,2007,cbr,13.591,World Bank WDI (Crude Birth Rate),2026-09-02
GEO,Georgia,2006,cbr,12.906,World Bank WDI (Crude Birth Rate),2026-09-02
GEO,Georgia,2005,cbr,12.563,World Bank WDI (Crude Birth Rate),2026-09-02
GEO,Georgia,2004,cbr,12.326,World Bank WDI (Crude Birth Rate),2026-09-02
GEO,Georgia,2003,cbr,12.132,World Bank WDI (Crude Birth Rate),2026-09-02
GEO,Georgia,2002,cbr,12.206,World Bank WDI (Crude Birth Rate),2026-09-02
GEO,Georgia,2001,cbr,12.248,World Bank WDI (Crude Birth Rate),2026-09-02
GEO,Georgia,2000,cbr,12.452,World Bank WDI (Crude Birth Rate),2026-09-02
DEU,Germany,2023,cbr,8.3,World Bank WDI (Crude Birth Rate),2026-09-02
DEU,Germany,2022,cbr,8.9,World Bank WDI (Crude Birth Rate),2026-09-02
DEU,Germany,2021,cbr,9.6,World Bank WDI (Crude Birth Rate),2026-09-02
DEU,Germany,2020,cbr,9.3,World Bank WDI (Crude Birth Rate),2026-09-02
DEU,Germany,2019,cbr,9.4,World Bank WDI (Crude Birth Rate),2026-09-02
DEU,Germany,2018,cbr,9.5,World Bank WDI (Crude Birth Rate),2026-09-02
DEU,Germany,2017,cbr,9.5,World Bank WDI (Crude Birth Rate),2026-09-02
DEU,Germany,2016,cbr,9.6,World Bank WDI (Crude Birth Rate),2026-09-02
DEU,Germany,2015,cbr,9.0,World Bank WDI (Crude Birth Rate),2026-09-02
DEU,Germany,2014,cbr,8.8,World Bank WDI (Crude Birth Rate),2026-09-02
DEU,Germany,2013,cbr,8.5,World Bank WDI (Crude Birth Rate),2026-09-02
DEU,Germany,2012,cbr,8.4,World Bank WDI (Crude Birth Rate),2026-09-02
DEU,Germany,2011,cbr,8.3,World Bank WDI (Crude Birth Rate),2026-09-02
DEU,Germany,2010,cbr,8.3,World Bank WDI (Crude Birth Rate),2026-09-02
DEU,Germany,2009,cbr,8.1,World Bank WDI (Crude Birth Rate),2026-09-02
DEU,Germany,2008,cbr,8.3,World Bank WDI (Crude Birth Rate),2026-09-02
DEU,Germany,2007,cbr,8.3,World Bank WDI (Crude Birth Rate),2026-09-02
DEU,Germany,2006,cbr,8.2,World Bank WDI (Crude Birth Rate),2026-09-02
DEU,Germany,2005,cbr,8.3,World Bank WDI (Crude Birth Rate),2026-09-02
DEU,Germany,2004,cbr,8.6,World Bank WDI (Crude Birth Rate),2026-09-02
DEU,Germany,2003,cbr,8.6,World Bank WDI (Crude Birth Rate),2026-09-02
DEU,Germany,2002,cbr,8.7,World Bank WDI (Crude Birth Rate),2026-09-02
DEU,Germany,2001,cbr,8.9,World Bank WDI (Crude Birth Rate),2026-09-02
DEU,Germany,2000,cbr,9.3,World Bank WDI (Crude Birth Rate),2026-09-02
GHA,Ghana,2023,cbr,26.31,World Bank WDI (Crude Birth Rate),2026-09-02
GHA,Ghana,2022,cbr,26.596,World Bank WDI (Crude Birth Rate),2026-09-02
GHA,Ghana,2021,cbr,27.034,World Bank WDI (Crude Birth Rate),2026-09-02
GHA,Ghana,2020,cbr,27.43,World Bank WDI (Crude Birth Rate),2026-09-02
GHA,Ghana,2019,cbr,27.891,World Bank WDI (Crude Birth Rate),2026-09-02
GHA,Ghana,2018,cbr,28.388,World Bank WDI (Crude Birth Rate),2026-09-02
GHA,Ghana,2017,cbr,28.926,World Bank WDI (Crude Birth Rate),2026-09-02
GHA,Ghana,2016,cbr,30.172,World Bank WDI (Crude Birth Rate),2026-09-02
GHA,Ghana,2015,cbr,31.114,World Bank WDI (Crude Birth Rate),2026-09-02
GHA,Ghana,2014,cbr,31.547,World Bank WDI (Crude Birth Rate),2026-09-02
GHA,Ghana,2013,cbr,32.219,World Bank WDI (Crude Birth Rate),2026-09-02
GHA,Ghana,2012,cbr,32.519,World Bank WDI (Crude Birth Rate),2026-09-02
GHA,Ghana,2011,cbr,32.685,World Bank WDI (Crude Birth Rate),2026-09-02
GHA,Ghana,2010,cbr,32.672,World Bank WDI (Crude Birth Rate),2026-09-02
GHA,Ghana,2009,cbr,32.585,World Bank WDI (Crude Birth Rate),2026-09-02
GHA,Ghana,2008,cbr,32.789,World Bank WDI (Crude Birth Rate),2026-09-02
GHA,Ghana,2007,cbr,33.223,World Bank WDI (Crude Birth Rate),2026-09-02
GHA,Ghana,2006,cbr,33.877,World Bank WDI (Crude Birth Rate),2026-09-02
GHA,Ghana,2005,cbr,34.403,World Bank WDI (Crude Birth Rate),2026-09-02
GHA,Ghana,2004,cbr,34.282,World Bank WDI (Crude Birth Rate),2026-09-02
GHA,Ghana,2003,cbr,34.779,World Bank WDI (Crude Birth Rate),2026-09-02
GHA,Ghana,2002,cbr,35.223,World Bank WDI (Crude Birth Rate),2026-09-02
GHA,Ghana,2001,cbr,35.62,World Bank WDI (Crude Birth Rate),2026-09-02
GHA,Ghana,2000,cbr,35.898,World Bank WDI (Crude Birth Rate),2026-09-02
GIB,Gibraltar,2023,cbr,12.07,World Bank WDI (Crude Birth Rate),2026-09-02
GIB,Gibraltar,2022,cbr,12.026,World Bank WDI (Crude Birth Rate),2026-09-02
GIB,Gibraltar,2021,cbr,12.0,World Bank WDI (Crude Birth Rate),2026-09-02
GIB,Gibraltar,2020,cbr,11.984,World Bank WDI (Crude Birth Rate),2026-09-02
GIB,Gibraltar,2019,cbr,11.975,World Bank WDI (Crude Birth Rate),2026-09-02
GIB,Gibraltar,2018,cbr,12.0,World Bank WDI (Crude Birth Rate),2026-09-02
GIB,Gibraltar,2017,cbr,12.023,World Bank WDI (Crude Birth Rate),2026-09-02
GIB,Gibraltar,2016,cbr,12.042,World Bank WDI (Crude Birth Rate),2026-09-02
GIB,Gibraltar,2015,cbr,12.993,World Bank WDI (Crude Birth Rate),2026-09-02
GIB,Gibraltar,2014,cbr,13.127,World Bank WDI (Crude Birth Rate),2026-09-02
GIB,Gibraltar,2013,cbr,13.284,World Bank WDI (Crude Birth Rate),2026-09-02
GIB,Gibraltar,2012,cbr,12.734,World Bank WDI (Crude Birth Rate),2026-09-02
GIB,Gibraltar,2011,cbr,12.629,World Bank WDI (Crude Birth Rate),2026-09-02
GIB,Gibraltar,2010,cbr,12.551,World Bank WDI (Crude Birth Rate),2026-09-02
GIB,Gibraltar,2009,cbr,12.428,World Bank WDI (Crude Birth Rate),2026-09-02
GIB,Gibraltar,2008,cbr,12.322,World Bank WDI (Crude Birth Rate),2026-09-02
GIB,Gibraltar,2007,cbr,12.024,World Bank WDI (Crude Birth Rate),2026-09-02
GIB,Gibraltar,2006,cbr,11.733,World Bank WDI (Crude Birth Rate),2026-09-02
GIB,Gibraltar,2005,cbr,11.462,World Bank WDI (Crude Birth Rate),2026-09-02
GIB,Gibraltar,2004,cbr,11.086,World Bank WDI (Crude Birth Rate),2026-09-02
GIB,Gibraltar,2003,cbr,10.776,World Bank WDI (Crude Birth Rate),2026-09-02
GIB,Gibraltar,2002,cbr,11.162,World Bank WDI (Crude Birth Rate),2026-09-02
GIB,Gibraltar,2001,cbr,14.107,World Bank WDI (Crude Birth Rate),2026-09-02
GIB,Gibraltar,2000,cbr,14.723,World Bank WDI (Crude Birth Rate),2026-09-02
GRC,Greece,2023,cbr,6.8,World Bank WDI (Crude Birth Rate),2026-09-02
GRC,Greece,2022,cbr,7.3,World Bank WDI (Crude Birth Rate),2026-09-02
GRC,Greece,2021,cbr,8.1,World Bank WDI (Crude Birth Rate),2026-09-02
GRC,Greece,2020,cbr,7.9,World Bank WDI (Crude Birth Rate),2026-09-02
GRC,Greece,2019,cbr,7.8,World Bank WDI (Crude Birth Rate),2026-09-02
GRC,Greece,2018,cbr,8.1,World Bank WDI (Crude Birth Rate),2026-09-02
GRC,Greece,2017,cbr,8.2,World Bank WDI (Crude Birth Rate),2026-09-02
GRC,Greece,2016,cbr,8.6,World Bank WDI (Crude Birth Rate),2026-09-02
GRC,Greece,2015,cbr,8.5,World Bank WDI (Crude Birth Rate),2026-09-02
GRC,Greece,2014,cbr,8.5,World Bank WDI (Crude Birth Rate),2026-09-02
GRC,Greece,2013,cbr,8.6,World Bank WDI (Crude Birth Rate),2026-09-02
GRC,Greece,2012,cbr,9.1,World Bank WDI (Crude Birth Rate),2026-09-02
GRC,Greece,2011,cbr,9.6,World Bank WDI (Crude Birth Rate),2026-09-02
GRC,Greece,2010,cbr,10.3,World Bank WDI (Crude Birth Rate),2026-09-02
GRC,Greece,2009,cbr,10.6,World Bank WDI (Crude Birth Rate),2026-09-02
GRC,Greece,2008,cbr,10.7,World Bank WDI (Crude Birth Rate),2026-09-02
GRC,Greece,2007,cbr,10.1,World Bank WDI (Crude Birth Rate),2026-09-02
GRC,Greece,2006,cbr,10.2,World Bank WDI (Crude Birth Rate),2026-09-02
GRC,Greece,2005,cbr,9.8,World Bank WDI (Crude Birth Rate),2026-09-02
GRC,Greece,2004,cbr,9.6,World Bank WDI (Crude Birth Rate),2026-09-02
GRC,Greece,2003,cbr,9.6,World Bank WDI (Crude Birth Rate),2026-09-02
GRC,Greece,2002,cbr,9.5,World Bank WDI (Crude Birth Rate),2026-09-02
GRC,Greece,2001,cbr,9.4,World Bank WDI (Crude Birth Rate),2026-09-02
GRC,Greece,2000,cbr,9.6,World Bank WDI (Crude Birth Rate),2026-09-02
GRL,Greenland,2023,cbr,12.6,World Bank WDI (Crude Birth Rate),2026-09-02
GRL,Greenland,2022,cbr,13.2,World Bank WDI (Crude Birth Rate),2026-09-02
GRL,Greenland,2021,cbr,13.4,World Bank WDI (Crude Birth Rate),2026-09-02
GRL,Greenland,2020,cbr,14.8,World Bank WDI (Crude Birth Rate),2026-09-02
GRL,Greenland,2019,cbr,15.1,World Bank WDI (Crude Birth Rate),2026-09-02
GRL,Greenland,2018,cbr,14.6,World Bank WDI (Crude Birth Rate),2026-09-02
GRL,Greenland,2017,cbr,15.2,World Bank WDI (Crude Birth Rate),2026-09-02
GRL,Greenland,2016,cbr,14.8,World Bank WDI (Crude Birth Rate),2026-09-02
GRL,Greenland,2015,cbr,15.2,World Bank WDI (Crude Birth Rate),2026-09-02
GRL,Greenland,2014,cbr,14.3,World Bank WDI (Crude Birth Rate),2026-09-02
GRL,Greenland,2013,cbr,14.5,World Bank WDI (Crude Birth Rate),2026-09-02
GRL,Greenland,2012,cbr,13.8,World Bank WDI (Crude Birth Rate),2026-09-02
GRL,Greenland,2011,cbr,14.4,World Bank WDI (Crude Birth Rate),2026-09-02
GRL,Greenland,2010,cbr,15.4,World Bank WDI (Crude Birth Rate),2026-09-02
GRL,Greenland,2009,cbr,15.9,World Bank WDI (Crude Birth Rate),2026-09-02
GRL,Greenland,2008,cbr,14.8,World Bank WDI (Crude Birth Rate),2026-09-02
GRL,Greenland,2007,cbr,15.1,World Bank WDI (Crude Birth Rate),2026-09-02
GRL,Greenland,2006,cbr,14.8,World Bank WDI (Crude Birth Rate),2026-09-02
GRL,Greenland,2005,cbr,15.6,World Bank WDI (Crude Birth Rate),2026-09-02
GRL,Greenland,2004,cbr,15.7,World Bank WDI (Crude Birth Rate),2026-09-02
GRL,Greenland,2003,cbr,15.5,World Bank WDI (Crude Birth Rate),2026-09-02
GRL,Greenland,2002,cbr,16.9,World Bank WDI (Crude Birth Rate),2026-09-02
GRL,Greenland,2001,cbr,16.7,World Bank WDI (Crude Birth Rate),2026-09-02
GRL,Greenland,2000,cbr,15.6,World Bank WDI (Crude Birth Rate),2026-09-02
GRD,Grenada,2023,cbr,11.711,World Bank WDI (Crude Birth Rate),2026-09-02
GRD,Grenada,2022,cbr,11.935,World Bank WDI (Crude Birth Rate),2026-09-02
GRD,Grenada,2021,cbr,12.14,World Bank WDI (Crude Birth Rate),2026-09-02
GRD,Grenada,2020,cbr,12.324,World Bank WDI (Crude Birth Rate),2026-09-02
GRD,Grenada,2019,cbr,12.466,World Bank WDI (Crude Birth Rate),2026-09-02
GRD,Grenada,2018,cbr,12.395,World Bank WDI (Crude Birth Rate),2026-09-02
GRD,Grenada,2017,cbr,11.645,World Bank WDI (Crude Birth Rate),2026-09-02
GRD,Grenada,2016,cbr,13.052,World Bank WDI (Crude Birth Rate),2026-09-02
GRD,Grenada,2015,cbr,13.855,World Bank WDI (Crude Birth Rate),2026-09-02
GRD,Grenada,2014,cbr,14.529,World Bank WDI (Crude Birth Rate),2026-09-02
GRD,Grenada,2013,cbr,15.401,World Bank WDI (Crude Birth Rate),2026-09-02
GRD,Grenada,2012,cbr,15.78,World Bank WDI (Crude Birth Rate),2026-09-02
GRD,Grenada,2011,cbr,16.012,World Bank WDI (Crude Birth Rate),2026-09-02
GRD,Grenada,2010,cbr,16.263,World Bank WDI (Crude Birth Rate),2026-09-02
GRD,Grenada,2009,cbr,16.505,World Bank WDI (Crude Birth Rate),2026-09-02
GRD,Grenada,2008,cbr,16.674,World Bank WDI (Crude Birth Rate),2026-09-02
GRD,Grenada,2007,cbr,16.802,World Bank WDI (Crude Birth Rate),2026-09-02
GRD,Grenada,2006,cbr,16.903,World Bank WDI (Crude Birth Rate),2026-09-02
GRD,Grenada,2005,cbr,17.02,World Bank WDI (Crude Birth Rate),2026-09-02
GRD,Grenada,2004,cbr,17.07,World Bank WDI (Crude Birth Rate),2026-09-02
GRD,Grenada,2003,cbr,17.143,World Bank WDI (Crude Birth Rate),2026-09-02
GRD,Grenada,2002,cbr,17.207,World Bank WDI (Crude Birth Rate),2026-09-02
GRD,Grenada,2001,cbr,17.283,World Bank WDI (Crude Birth Rate),2026-09-02
GRD,Grenada,2000,cbr,17.503,World Bank WDI (Crude Birth Rate),2026-09-02
GUM,Guam,2023,cbr,17.662,World Bank WDI (Crude Birth Rate),2026-09-02
GUM,Guam,2022,cbr,18.008,World Bank WDI (Crude Birth Rate),2026-09-02
GUM,Guam,2021,cbr,18.296,World Bank WDI (Crude Birth Rate),2026-09-02
GUM,Guam,2020,cbr,18.613,World Bank WDI (Crude Birth Rate),2026-09-02
GUM,Guam,2019,cbr,19.256,World Bank WDI (Crude Birth Rate),2026-09-02
GUM,Guam,2018,cbr,19.818,World Bank WDI (Crude Birth Rate),2026-09-02
GUM,Guam,2017,cbr,20.622,World Bank WDI (Crude Birth Rate),2026-09-02
GUM,Guam,2016,cbr,21.377,World Bank WDI (Crude Birth Rate),2026-09-02
GUM,Guam,2015,cbr,19.936,World Bank WDI (Crude Birth Rate),2026-09-02
GUM,Guam,2014,cbr,20.228,World Bank WDI (Crude Birth Rate),2026-09-02
GUM,Guam,2013,cbr,19.939,World Bank WDI (Crude Birth Rate),2026-09-02
GUM,Guam,2012,cbr,21.7,World Bank WDI (Crude Birth Rate),2026-09-02
GUM,Guam,2011,cbr,20.152,World Bank WDI (Crude Birth Rate),2026-09-02
GUM,Guam,2010,cbr,20.939,World Bank WDI (Crude Birth Rate),2026-09-02
GUM,Guam,2009,cbr,20.497,World Bank WDI (Crude Birth Rate),2026-09-02
GUM,Guam,2008,cbr,20.771,World Bank WDI (Crude Birth Rate),2026-09-02
GUM,Guam,2007,cbr,20.961,World Bank WDI (Crude Birth Rate),2026-09-02
GUM,Guam,2006,cbr,20.461,World Bank WDI (Crude Birth Rate),2026-09-02
GUM,Guam,2005,cbr,19.442,World Bank WDI (Crude Birth Rate),2026-09-02
GUM,Guam,2004,cbr,20.678,World Bank WDI (Crude Birth Rate),2026-09-02
GUM,Guam,2003,cbr,20.092,World Bank WDI (Crude Birth Rate),2026-09-02
GUM,Guam,2002,cbr,19.807,World Bank WDI (Crude Birth Rate),2026-09-02
GUM,Guam,2001,cbr,21.96,World Bank WDI (Crude Birth Rate),2026-09-02
GUM,Guam,2000,cbr,23.039,World Bank WDI (Crude Birth Rate),2026-09-02
GTM,Guatemala,2023,cbr,20.809,World Bank WDI (Crude Birth Rate),2026-09-02
GTM,Guatemala,2022,cbr,21.063,World Bank WDI (Crude Birth Rate),2026-09-02
GTM,Guatemala,2021,cbr,21.407,World Bank WDI (Crude Birth Rate),2026-09-02
GTM,Guatemala,2020,cbr,22.043,World Bank WDI (Crude Birth Rate),2026-09-02
GTM,Guatemala,2019,cbr,23.089,World Bank WDI (Crude Birth Rate),2026-09-02
GTM,Guatemala,2018,cbr,24.315,World Bank WDI (Crude Birth Rate),2026-09-02
GTM,Guatemala,2017,cbr,25.171,World Bank WDI (Crude Birth Rate),2026-09-02
GTM,Guatemala,2016,cbr,25.957,World Bank WDI (Crude Birth Rate),2026-09-02
GTM,Guatemala,2015,cbr,26.222,World Bank WDI (Crude Birth Rate),2026-09-02
GTM,Guatemala,2014,cbr,26.467,World Bank WDI (Crude Birth Rate),2026-09-02
GTM,Guatemala,2013,cbr,26.716,World Bank WDI (Crude Birth Rate),2026-09-02
GTM,Guatemala,2012,cbr,27.231,World Bank WDI (Crude Birth Rate),2026-09-02
GTM,Guatemala,2011,cbr,27.516,World Bank WDI (Crude Birth Rate),2026-09-02
GTM,Guatemala,2010,cbr,27.821,World Bank WDI (Crude Birth Rate),2026-09-02
GTM,Guatemala,2009,cbr,28.199,World Bank WDI (Crude Birth Rate),2026-09-02
GTM,Guatemala,2008,cbr,28.678,World Bank WDI (Crude Birth Rate),2026-09-02
GTM,Guatemala,2007,cbr,29.422,World Bank WDI (Crude Birth Rate),2026-09-02
GTM,Guatemala,2006,cbr,30.024,World Bank WDI (Crude Birth Rate),2026-09-02
GTM,Guatemala,2005,cbr,30.777,World Bank WDI (Crude Birth Rate),2026-09-02
GTM,Guatemala,2004,cbr,31.726,World Bank WDI (Crude Birth Rate),2026-09-02
GTM,Guatemala,2003,cbr,32.47,World Bank WDI (Crude Birth Rate),2026-09-02
GTM,Guatemala,2002,cbr,33.267,World Bank WDI (Crude Birth Rate),2026-09-02
GTM,Guatemala,2001,cbr,34.156,World Bank WDI (Crude Birth Rate),2026-09-02
GTM,Guatemala,2000,cbr,34.708,World Bank WDI (Crude Birth Rate),2026-09-02
GIN,Guinea,2023,cbr,33.848,World Bank WDI (Crude Birth Rate),2026-09-02
GIN,Guinea,2022,cbr,34.381,World Bank WDI (Crude Birth Rate),2026-09-02
GIN,Guinea,2021,cbr,34.983,World Bank WDI (Crude Birth Rate),2026-09-02
GIN,Guinea,2020,cbr,35.518,World Bank WDI (Crude Birth Rate),2026-09-02
GIN,Guinea,2019,cbr,35.952,World Bank WDI (Crude Birth Rate),2026-09-02
GIN,Guinea,2018,cbr,36.329,World Bank WDI (Crude Birth Rate),2026-09-02
GIN,Guinea,2017,cbr,36.891,World Bank WDI (Crude Birth Rate),2026-09-02
GIN,Guinea,2016,cbr,37.414,World Bank WDI (Crude Birth Rate),2026-09-02
GIN,Guinea,2015,cbr,37.767,World Bank WDI (Crude Birth Rate),2026-09-02
GIN,Guinea,2014,cbr,38.046,World Bank WDI (Crude Birth Rate),2026-09-02
GIN,Guinea,2013,cbr,38.379,World Bank WDI (Crude Birth Rate),2026-09-02
GIN,Guinea,2012,cbr,38.7,World Bank WDI (Crude Birth Rate),2026-09-02
GIN,Guinea,2011,cbr,39.165,World Bank WDI (Crude Birth Rate),2026-09-02
GIN,Guinea,2010,cbr,39.635,World Bank WDI (Crude Birth Rate),2026-09-02
GIN,Guinea,2009,cbr,39.928,World Bank WDI (Crude Birth Rate),2026-09-02
GIN,Guinea,2008,cbr,40.08,World Bank WDI (Crude Birth Rate),2026-09-02
GIN,Guinea,2007,cbr,40.207,World Bank WDI (Crude Birth Rate),2026-09-02
GIN,Guinea,2006,cbr,40.307,World Bank WDI (Crude Birth Rate),2026-09-02
GIN,Guinea,2005,cbr,40.411,World Bank WDI (Crude Birth Rate),2026-09-02
GIN,Guinea,2004,cbr,40.244,World Bank WDI (Crude Birth Rate),2026-09-02
GIN,Guinea,2003,cbr,40.284,World Bank WDI (Crude Birth Rate),2026-09-02
GIN,Guinea,2002,cbr,40.56,World Bank WDI (Crude Birth Rate),2026-09-02
GIN,Guinea,2001,cbr,41.318,World Bank WDI (Crude Birth Rate),2026-09-02
GIN,Guinea,2000,cbr,41.833,World Bank WDI (Crude Birth Rate),2026-09-02
GNB,Guinea-Bissau,2023,cbr,30.037,World Bank WDI (Crude Birth Rate),2026-09-02
GNB,Guinea-Bissau,2022,cbr,30.458,World Bank WDI (Crude Birth Rate),2026-09-02
GNB,Guinea-Bissau,2021,cbr,30.969,World Bank WDI (Crude Birth Rate),2026-09-02
GNB,Guinea-Bissau,2020,cbr,31.406,World Bank WDI (Crude Birth Rate),2026-09-02
GNB,Guinea-Bissau,2019,cbr,31.848,World Bank WDI (Crude Birth Rate),2026-09-02
GNB,Guinea-Bissau,2018,cbr,32.374,World Bank WDI (Crude Birth Rate),2026-09-02
GNB,Guinea-Bissau,2017,cbr,33.036,World Bank WDI (Crude Birth Rate),2026-09-02
GNB,Guinea-Bissau,2016,cbr,34.217,World Bank WDI (Crude Birth Rate),2026-09-02
GNB,Guinea-Bissau,2015,cbr,35.199,World Bank WDI (Crude Birth Rate),2026-09-02
GNB,Guinea-Bissau,2014,cbr,36.096,World Bank WDI (Crude Birth Rate),2026-09-02
GNB,Guinea-Bissau,2013,cbr,37.082,World Bank WDI (Crude Birth Rate),2026-09-02
GNB,Guinea-Bissau,2012,cbr,37.577,World Bank WDI (Crude Birth Rate),2026-09-02
GNB,Guinea-Bissau,2011,cbr,38.019,World Bank WDI (Crude Birth Rate),2026-09-02
GNB,Guinea-Bissau,2010,cbr,38.308,World Bank WDI (Crude Birth Rate),2026-09-02
GNB,Guinea-Bissau,2009,cbr,38.748,World Bank WDI (Crude Birth Rate),2026-09-02
GNB,Guinea-Bissau,2008,cbr,39.348,World Bank WDI (Crude Birth Rate),2026-09-02
GNB,Guinea-Bissau,2007,cbr,40.016,World Bank WDI (Crude Birth Rate),2026-09-02
GNB,Guinea-Bissau,2006,cbr,40.253,World Bank WDI (Crude Birth Rate),2026-09-02
GNB,Guinea-Bissau,2005,cbr,40.571,World Bank WDI (Crude Birth Rate),2026-09-02
GNB,Guinea-Bissau,2004,cbr,40.801,World Bank WDI (Crude Birth Rate),2026-09-02
GNB,Guinea-Bissau,2003,cbr,41.296,World Bank WDI (Crude Birth Rate),2026-09-02
GNB,Guinea-Bissau,2002,cbr,41.564,World Bank WDI (Crude Birth Rate),2026-09-02
GNB,Guinea-Bissau,2001,cbr,41.794,World Bank WDI (Crude Birth Rate),2026-09-02
GNB,Guinea-Bissau,2000,cbr,42.346,World Bank WDI (Crude Birth Rate),2026-09-02
GUY,Guyana,2023,cbr,20.287,World Bank WDI (Crude Birth Rate),2026-09-02
GUY,Guyana,2022,cbr,20.748,World Bank WDI (Crude Birth Rate),2026-09-02
GUY,Guyana,2021,cbr,20.961,World Bank WDI (Crude Birth Rate),2026-09-02
GUY,Guyana,2020,cbr,21.254,World Bank WDI (Crude Birth Rate),2026-09-02
GUY,Guyana,2019,cbr,21.945,World Bank WDI (Crude Birth Rate),2026-09-02
GUY,Guyana,2018,cbr,21.236,World Bank WDI (Crude Birth Rate),2026-09-02
GUY,Guyana,2017,cbr,22.044,World Bank WDI (Crude Birth Rate),2026-09-02
GUY,Guyana,2016,cbr,22.332,World Bank WDI (Crude Birth Rate),2026-09-02
GUY,Guyana,2015,cbr,22.516,World Bank WDI (Crude Birth Rate),2026-09-02
GUY,Guyana,2014,cbr,22.606,World Bank WDI (Crude Birth Rate),2026-09-02
GUY,Guyana,2013,cbr,22.562,World Bank WDI (Crude Birth Rate),2026-09-02
GUY,Guyana,2012,cbr,22.318,World Bank WDI (Crude Birth Rate),2026-09-02
GUY,Guyana,2011,cbr,22.252,World Bank WDI (Crude Birth Rate),2026-09-02
GUY,Guyana,2010,cbr,22.058,World Bank WDI (Crude Birth Rate),2026-09-02
GUY,Guyana,2009,cbr,22.055,World Bank WDI (Crude Birth Rate),2026-09-02
GUY,Guyana,2008,cbr,22.028,World Bank WDI (Crude Birth Rate),2026-09-02
GUY,Guyana,2007,cbr,21.887,World Bank WDI (Crude Birth Rate),2026-09-02
GUY,Guyana,2006,cbr,21.72,World Bank WDI (Crude Birth Rate),2026-09-02
GUY,Guyana,2005,cbr,21.664,World Bank WDI (Crude Birth Rate),2026-09-02
GUY,Guyana,2004,cbr,22.02,World Bank WDI (Crude Birth Rate),2026-09-02
GUY,Guyana,2003,cbr,22.703,World Bank WDI (Crude Birth Rate),2026-09-02
GUY,Guyana,2002,cbr,23.763,World Bank WDI (Crude Birth Rate),2026-09-02
GUY,Guyana,2001,cbr,25.039,World Bank WDI (Crude Birth Rate),2026-09-02
GUY,Guyana,2000,cbr,26.231,World Bank WDI (Crude Birth Rate),2026-09-02
HTI,Haiti,2023,cbr,22.2,World Bank WDI (Crude Birth Rate),2026-09-02
HTI,Haiti,2022,cbr,22.547,World Bank WDI (Crude Birth Rate),2026-09-02
HTI,Haiti,2021,cbr,22.919,World Bank WDI (Crude Birth Rate),2026-09-02
HTI,Haiti,2020,cbr,23.338,World Bank WDI (Crude Birth Rate),2026-09-02
HTI,Haiti,2019,cbr,23.774,World Bank WDI (Crude Birth Rate),2026-09-02
HTI,Haiti,2018,cbr,24.222,World Bank WDI (Crude Birth Rate),2026-09-02
HTI,Haiti,2017,cbr,24.645,World Bank WDI (Crude Birth Rate),2026-09-02
HTI,Haiti,2016,cbr,25.102,World Bank WDI (Crude Birth Rate),2026-09-02
HTI,Haiti,2015,cbr,25.444,World Bank WDI (Crude Birth Rate),2026-09-02
HTI,Haiti,2014,cbr,25.751,World Bank WDI (Crude Birth Rate),2026-09-02
HTI,Haiti,2013,cbr,26.065,World Bank WDI (Crude Birth Rate),2026-09-02
HTI,Haiti,2012,cbr,26.685,World Bank WDI (Crude Birth Rate),2026-09-02
HTI,Haiti,2011,cbr,27.356,World Bank WDI (Crude Birth Rate),2026-09-02
HTI,Haiti,2010,cbr,27.72,World Bank WDI (Crude Birth Rate),2026-09-02
HTI,Haiti,2009,cbr,28.061,World Bank WDI (Crude Birth Rate),2026-09-02
HTI,Haiti,2008,cbr,28.283,World Bank WDI (Crude Birth Rate),2026-09-02
HTI,Haiti,2007,cbr,28.55,World Bank WDI (Crude Birth Rate),2026-09-02
HTI,Haiti,2006,cbr,28.881,World Bank WDI (Crude Birth Rate),2026-09-02
HTI,Haiti,2005,cbr,29.158,World Bank WDI (Crude Birth Rate),2026-09-02
HTI,Haiti,2004,cbr,29.642,World Bank WDI (Crude Birth Rate),2026-09-02
HTI,Haiti,2003,cbr,30.164,World Bank WDI (Crude Birth Rate),2026-09-02
HTI,Haiti,2002,cbr,30.572,World Bank WDI (Crude Birth Rate),2026-09-02
HTI,Haiti,2001,cbr,31.278,World Bank WDI (Crude Birth Rate),2026-09-02
HTI,Haiti,2000,cbr,32.153,World Bank WDI (Crude Birth Rate),2026-09-02
HND,Honduras,2023,cbr,21.963,World Bank WDI (Crude Birth Rate),2026-09-02
HND,Honduras,2022,cbr,22.242,World Bank WDI (Crude Birth Rate),2026-09-02
HND,Honduras,2021,cbr,22.529,World Bank WDI (Crude Birth Rate),2026-09-02
HND,Honduras,2020,cbr,22.803,World Bank WDI (Crude Birth Rate),2026-09-02
HND,Honduras,2019,cbr,23.111,World Bank WDI (Crude Birth Rate),2026-09-02
HND,Honduras,2018,cbr,23.392,World Bank WDI (Crude Birth Rate),2026-09-02
HND,Honduras,2017,cbr,23.504,World Bank WDI (Crude Birth Rate),2026-09-02
HND,Honduras,2016,cbr,23.804,World Bank WDI (Crude Birth Rate),2026-09-02
HND,Honduras,2015,cbr,24.084,World Bank WDI (Crude Birth Rate),2026-09-02
HND,Honduras,2014,cbr,24.388,World Bank WDI (Crude Birth Rate),2026-09-02
HND,Honduras,2013,cbr,24.803,World Bank WDI (Crude Birth Rate),2026-09-02
HND,Honduras,2012,cbr,25.306,World Bank WDI (Crude Birth Rate),2026-09-02
HND,Honduras,2011,cbr,25.776,World Bank WDI (Crude Birth Rate),2026-09-02
HND,Honduras,2010,cbr,26.316,World Bank WDI (Crude Birth Rate),2026-09-02
HND,Honduras,2009,cbr,26.96,World Bank WDI (Crude Birth Rate),2026-09-02
HND,Honduras,2008,cbr,27.525,World Bank WDI (Crude Birth Rate),2026-09-02
HND,Honduras,2007,cbr,28.114,World Bank WDI (Crude Birth Rate),2026-09-02
HND,Honduras,2006,cbr,28.743,World Bank WDI (Crude Birth Rate),2026-09-02
HND,Honduras,2005,cbr,29.613,World Bank WDI (Crude Birth Rate),2026-09-02
HND,Honduras,2004,cbr,30.487,World Bank WDI (Crude Birth Rate),2026-09-02
HND,Honduras,2003,cbr,31.355,World Bank WDI (Crude Birth Rate),2026-09-02
HND,Honduras,2002,cbr,32.375,World Bank WDI (Crude Birth Rate),2026-09-02
HND,Honduras,2001,cbr,33.357,World Bank WDI (Crude Birth Rate),2026-09-02
HND,Honduras,2000,cbr,34.175,World Bank WDI (Crude Birth Rate),2026-09-02
HKG,"Hong Kong SAR, China",2023,cbr,4.4,World Bank WDI (Crude Birth Rate),2026-09-02
HKG,"Hong Kong SAR, China",2022,cbr,4.4,World Bank WDI (Crude Birth Rate),2026-09-02
HKG,"Hong Kong SAR, China",2021,cbr,5.0,World Bank WDI (Crude Birth Rate),2026-09-02
HKG,"Hong Kong SAR, China",2020,cbr,5.8,World Bank WDI (Crude Birth Rate),2026-09-02
HKG,"Hong Kong SAR, China",2019,cbr,7.0,World Bank WDI (Crude Birth Rate),2026-09-02
HKG,"Hong Kong SAR, China",2018,cbr,7.2,World Bank WDI (Crude Birth Rate),2026-09-02
HKG,"Hong Kong SAR, China",2017,cbr,7.6,World Bank WDI (Crude Birth Rate),2026-09-02
HKG,"Hong Kong SAR, China",2016,cbr,8.3,World Bank WDI (Crude Birth Rate),2026-09-02
HKG,"Hong Kong SAR, China",2015,cbr,8.2,World Bank WDI (Crude Birth Rate),2026-09-02
HKG,"Hong Kong SAR, China",2014,cbr,8.6,World Bank WDI (Crude Birth Rate),2026-09-02
HKG,"Hong Kong SAR, China",2013,cbr,8.0,World Bank WDI (Crude Birth Rate),2026-09-02
HKG,"Hong Kong SAR, China",2012,cbr,12.8,World Bank WDI (Crude Birth Rate),2026-09-02
HKG,"Hong Kong SAR, China",2011,cbr,13.5,World Bank WDI (Crude Birth Rate),2026-09-02
HKG,"Hong Kong SAR, China",2010,cbr,12.6,World Bank WDI (Crude Birth Rate),2026-09-02
HKG,"Hong Kong SAR, China",2009,cbr,11.8,World Bank WDI (Crude Birth Rate),2026-09-02
HKG,"Hong Kong SAR, China",2008,cbr,11.3,World Bank WDI (Crude Birth Rate),2026-09-02
HKG,"Hong Kong SAR, China",2007,cbr,10.2,World Bank WDI (Crude Birth Rate),2026-09-02
HKG,"Hong Kong SAR, China",2006,cbr,9.6,World Bank WDI (Crude Birth Rate),2026-09-02
HKG,"Hong Kong SAR, China",2005,cbr,8.4,World Bank WDI (Crude Birth Rate),2026-09-02
HKG,"Hong Kong SAR, China",2004,cbr,7.2,World Bank WDI (Crude Birth Rate),2026-09-02
HKG,"Hong Kong SAR, China",2003,cbr,6.9,World Bank WDI (Crude Birth Rate),2026-09-02
HKG,"Hong Kong SAR, China",2002,cbr,7.1,World Bank WDI (Crude Birth Rate),2026-09-02
HKG,"Hong Kong SAR, China",2001,cbr,7.2,World Bank WDI (Crude Birth Rate),2026-09-02
HKG,"Hong Kong SAR, China",2000,cbr,8.1,World Bank WDI (Crude Birth Rate),2026-09-02
HUN,Hungary,2023,cbr,9.1,World Bank WDI (Crude Birth Rate),2026-09-02
HUN,Hungary,2022,cbr,9.3,World Bank WDI (Crude Birth Rate),2026-09-02
HUN,Hungary,2021,cbr,9.8,World Bank WDI (Crude Birth Rate),2026-09-02
HUN,Hungary,2020,cbr,9.7,World Bank WDI (Crude Birth Rate),2026-09-02
HUN,Hungary,2019,cbr,9.6,World Bank WDI (Crude Birth Rate),2026-09-02
HUN,Hungary,2018,cbr,9.6,World Bank WDI (Crude Birth Rate),2026-09-02
HUN,Hungary,2017,cbr,9.7,World Bank WDI (Crude Birth Rate),2026-09-02
HUN,Hungary,2016,cbr,9.8,World Bank WDI (Crude Birth Rate),2026-09-02
HUN,Hungary,2015,cbr,9.4,World Bank WDI (Crude Birth Rate),2026-09-02
HUN,Hungary,2014,cbr,9.5,World Bank WDI (Crude Birth Rate),2026-09-02
HUN,Hungary,2013,cbr,9.1,World Bank WDI (Crude Birth Rate),2026-09-02
HUN,Hungary,2012,cbr,9.1,World Bank WDI (Crude Birth Rate),2026-09-02
HUN,Hungary,2011,cbr,8.8,World Bank WDI (Crude Birth Rate),2026-09-02
HUN,Hungary,2010,cbr,9.0,World Bank WDI (Crude Birth Rate),2026-09-02
HUN,Hungary,2009,cbr,9.6,World Bank WDI (Crude Birth Rate),2026-09-02
HUN,Hungary,2008,cbr,9.9,World Bank WDI (Crude Birth Rate),2026-09-02
HUN,Hungary,2007,cbr,9.7,World Bank WDI (Crude Birth Rate),2026-09-02
HUN,Hungary,2006,cbr,9.9,World Bank WDI (Crude Birth Rate),2026-09-02
HUN,Hungary,2005,cbr,9.7,World Bank WDI (Crude Birth Rate),2026-09-02
HUN,Hungary,2004,cbr,9.4,World Bank WDI (Crude Birth Rate),2026-09-02
HUN,Hungary,2003,cbr,9.3,World Bank WDI (Crude Birth Rate),2026-09-02
HUN,Hungary,2002,cbr,9.5,World Bank WDI (Crude Birth Rate),2026-09-02
HUN,Hungary,2001,cbr,9.5,World Bank WDI (Crude Birth Rate),2026-09-02
HUN,Hungary,2000,cbr,9.6,World Bank WDI (Crude Birth Rate),2026-09-02
ISL,Iceland,2023,cbr,11.2,World Bank WDI (Crude Birth Rate),2026-09-02
ISL,Iceland,2022,cbr,11.5,World Bank WDI (Crude Birth Rate),2026-09-02
ISL,Iceland,2021,cbr,13.1,World Bank WDI (Crude Birth Rate),2026-09-02
ISL,Iceland,2020,cbr,12.3,World Bank WDI (Crude Birth Rate),2026-09-02
ISL,Iceland,2019,cbr,12.3,World Bank WDI (Crude Birth Rate),2026-09-02
ISL,Iceland,2018,cbr,12.0,World Bank WDI (Crude Birth Rate),2026-09-02
ISL,Iceland,2017,cbr,11.9,World Bank WDI (Crude Birth Rate),2026-09-02
ISL,Iceland,2016,cbr,12.0,World Bank WDI (Crude Birth Rate),2026-09-02
ISL,Iceland,2015,cbr,12.5,World Bank WDI (Crude Birth Rate),2026-09-02
ISL,Iceland,2014,cbr,13.4,World Bank WDI (Crude Birth Rate),2026-09-02
ISL,Iceland,2013,cbr,13.4,World Bank WDI (Crude Birth Rate),2026-09-02
ISL,Iceland,2012,cbr,14.1,World Bank WDI (Crude Birth Rate),2026-09-02
ISL,Iceland,2011,cbr,14.1,World Bank WDI (Crude Birth Rate),2026-09-02
ISL,Iceland,2010,cbr,15.4,World Bank WDI (Crude Birth Rate),2026-09-02
ISL,Iceland,2009,cbr,15.8,World Bank WDI (Crude Birth Rate),2026-09-02
ISL,Iceland,2008,cbr,15.2,World Bank WDI (Crude Birth Rate),2026-09-02
ISL,Iceland,2007,cbr,14.6,World Bank WDI (Crude Birth Rate),2026-09-02
ISL,Iceland,2006,cbr,14.5,World Bank WDI (Crude Birth Rate),2026-09-02
ISL,Iceland,2005,cbr,14.4,World Bank WDI (Crude Birth Rate),2026-09-02
ISL,Iceland,2004,cbr,14.5,World Bank WDI (Crude Birth Rate),2026-09-02
ISL,Iceland,2003,cbr,14.3,World Bank WDI (Crude Birth Rate),2026-09-02
ISL,Iceland,2002,cbr,14.1,World Bank WDI (Crude Birth Rate),2026-09-02
ISL,Iceland,2001,cbr,14.4,World Bank WDI (Crude Birth Rate),2026-09-02
ISL,Iceland,2000,cbr,15.3,World Bank WDI (Crude Birth Rate),2026-09-02
IND,India,2023,cbr,16.146,World Bank WDI (Crude Birth Rate),2026-09-02
IND,India,2022,cbr,16.336,World Bank WDI (Crude Birth Rate),2026-09-02
IND,India,2021,cbr,16.491,World Bank WDI (Crude Birth Rate),2026-09-02
IND,India,2020,cbr,16.744,World Bank WDI (Crude Birth Rate),2026-09-02
IND,India,2019,cbr,17.368,World Bank WDI (Crude Birth Rate),2026-09-02
IND,India,2018,cbr,17.91,World Bank WDI (Crude Birth Rate),2026-09-02
IND,India,2017,cbr,17.995,World Bank WDI (Crude Birth Rate),2026-09-02
IND,India,2016,cbr,18.756,World Bank WDI (Crude Birth Rate),2026-09-02
IND,India,2015,cbr,18.936,World Bank WDI (Crude Birth Rate),2026-09-02
IND,India,2014,cbr,19.089,World Bank WDI (Crude Birth Rate),2026-09-02
IND,India,2013,cbr,20.061,World Bank WDI (Crude Birth Rate),2026-09-02
IND,India,2012,cbr,20.672,World Bank WDI (Crude Birth Rate),2026-09-02
IND,India,2011,cbr,21.156,World Bank WDI (Crude Birth Rate),2026-09-02
IND,India,2010,cbr,21.633,World Bank WDI (Crude Birth Rate),2026-09-02
IND,India,2009,cbr,22.211,World Bank WDI (Crude Birth Rate),2026-09-02
IND,India,2008,cbr,22.506,World Bank WDI (Crude Birth Rate),2026-09-02
IND,India,2007,cbr,22.932,World Bank WDI (Crude Birth Rate),2026-09-02
IND,India,2006,cbr,23.564,World Bank WDI (Crude Birth Rate),2026-09-02
IND,India,2005,cbr,24.304,World Bank WDI (Crude Birth Rate),2026-09-02
IND,India,2004,cbr,25.121,World Bank WDI (Crude Birth Rate),2026-09-02
IND,India,2003,cbr,25.783,World Bank WDI (Crude Birth Rate),2026-09-02
IND,India,2002,cbr,26.538,World Bank WDI (Crude Birth Rate),2026-09-02
IND,India,2001,cbr,27.206,World Bank WDI (Crude Birth Rate),2026-09-02
IND,India,2000,cbr,27.518,World Bank WDI (Crude Birth Rate),2026-09-02
IDN,Indonesia,2023,cbr,15.941,World Bank WDI (Crude Birth Rate),2026-09-02
IDN,Indonesia,2022,cbr,16.204,World Bank WDI (Crude Birth Rate),2026-09-02
IDN,Indonesia,2021,cbr,16.417,World Bank WDI (Crude Birth Rate),2026-09-02
IDN,Indonesia,2020,cbr,16.674,World Bank WDI (Crude Birth Rate),2026-09-02
IDN,Indonesia,2019,cbr,16.909,World Bank WDI (Crude Birth Rate),2026-09-02
IDN,Indonesia,2018,cbr,17.146,World Bank WDI (Crude Birth Rate),2026-09-02
IDN,Indonesia,2017,cbr,17.54,World Bank WDI (Crude Birth Rate),2026-09-02
IDN,Indonesia,2016,cbr,18.138,World Bank WDI (Crude Birth Rate),2026-09-02
IDN,Indonesia,2015,cbr,18.569,World Bank WDI (Crude Birth Rate),2026-09-02
IDN,Indonesia,2014,cbr,19.091,World Bank WDI (Crude Birth Rate),2026-09-02
IDN,Indonesia,2013,cbr,19.643,World Bank WDI (Crude Birth Rate),2026-09-02
IDN,Indonesia,2012,cbr,20.41,World Bank WDI (Crude Birth Rate),2026-09-02
IDN,Indonesia,2011,cbr,20.611,World Bank WDI (Crude Birth Rate),2026-09-02
IDN,Indonesia,2010,cbr,20.362,World Bank WDI (Crude Birth Rate),2026-09-02
IDN,Indonesia,2009,cbr,20.375,World Bank WDI (Crude Birth Rate),2026-09-02
IDN,Indonesia,2008,cbr,20.511,World Bank WDI (Crude Birth Rate),2026-09-02
IDN,Indonesia,2007,cbr,20.968,World Bank WDI (Crude Birth Rate),2026-09-02
IDN,Indonesia,2006,cbr,20.943,World Bank WDI (Crude Birth Rate),2026-09-02
IDN,Indonesia,2005,cbr,21.018,World Bank WDI (Crude Birth Rate),2026-09-02
IDN,Indonesia,2004,cbr,20.796,World Bank WDI (Crude Birth Rate),2026-09-02
IDN,Indonesia,2003,cbr,20.834,World Bank WDI (Crude Birth Rate),2026-09-02
IDN,Indonesia,2002,cbr,21.107,World Bank WDI (Crude Birth Rate),2026-09-02
IDN,Indonesia,2001,cbr,21.386,World Bank WDI (Crude Birth Rate),2026-09-02
IDN,Indonesia,2000,cbr,21.688,World Bank WDI (Crude Birth Rate),2026-09-02
IRN,"Iran, Islamic Rep.",2023,cbr,12.951,World Bank WDI (Crude Birth Rate),2026-09-02
IRN,"Iran, Islamic Rep.",2022,cbr,13.314,World Bank WDI (Crude Birth Rate),2026-09-02
IRN,"Iran, Islamic Rep.",2021,cbr,13.687,World Bank WDI (Crude Birth Rate),2026-09-02
IRN,"Iran, Islamic Rep.",2020,cbr,14.008,World Bank WDI (Crude Birth Rate),2026-09-02
IRN,"Iran, Islamic Rep.",2019,cbr,14.918,World Bank WDI (Crude Birth Rate),2026-09-02
IRN,"Iran, Islamic Rep.",2018,cbr,16.664,World Bank WDI (Crude Birth Rate),2026-09-02
IRN,"Iran, Islamic Rep.",2017,cbr,18.045,World Bank WDI (Crude Birth Rate),2026-09-02
IRN,"Iran, Islamic Rep.",2016,cbr,18.787,World Bank WDI (Crude Birth Rate),2026-09-02
IRN,"Iran, Islamic Rep.",2015,cbr,18.879,World Bank WDI (Crude Birth Rate),2026-09-02
IRN,"Iran, Islamic Rep.",2014,cbr,18.828,World Bank WDI (Crude Birth Rate),2026-09-02
IRN,"Iran, Islamic Rep.",2013,cbr,18.531,World Bank WDI (Crude Birth Rate),2026-09-02
IRN,"Iran, Islamic Rep.",2012,cbr,18.138,World Bank WDI (Crude Birth Rate),2026-09-02
IRN,"Iran, Islamic Rep.",2011,cbr,17.673,World Bank WDI (Crude Birth Rate),2026-09-02
IRN,"Iran, Islamic Rep.",2010,cbr,17.276,World Bank WDI (Crude Birth Rate),2026-09-02
IRN,"Iran, Islamic Rep.",2009,cbr,17.157,World Bank WDI (Crude Birth Rate),2026-09-02
IRN,"Iran, Islamic Rep.",2008,cbr,17.095,World Bank WDI (Crude Birth Rate),2026-09-02
IRN,"Iran, Islamic Rep.",2007,cbr,16.971,World Bank WDI (Crude Birth Rate),2026-09-02
IRN,"Iran, Islamic Rep.",2006,cbr,16.725,World Bank WDI (Crude Birth Rate),2026-09-02
IRN,"Iran, Islamic Rep.",2005,cbr,16.385,World Bank WDI (Crude Birth Rate),2026-09-02
IRN,"Iran, Islamic Rep.",2004,cbr,16.176,World Bank WDI (Crude Birth Rate),2026-09-02
IRN,"Iran, Islamic Rep.",2003,cbr,15.878,World Bank WDI (Crude Birth Rate),2026-09-02
IRN,"Iran, Islamic Rep.",2002,cbr,15.947,World Bank WDI (Crude Birth Rate),2026-09-02
IRN,"Iran, Islamic Rep.",2001,cbr,15.935,World Bank WDI (Crude Birth Rate),2026-09-02
IRN,"Iran, Islamic Rep.",2000,cbr,15.966,World Bank WDI (Crude Birth Rate),2026-09-02
IRQ,Iraq,2023,cbr,25.728,World Bank WDI (Crude Birth Rate),2026-09-02
IRQ,Iraq,2022,cbr,26.004,World Bank WDI (Crude Birth Rate),2026-09-02
IRQ,Iraq,2021,cbr,26.448,World Bank WDI (Crude Birth Rate),2026-09-02
IRQ,Iraq,2020,cbr,26.84,World Bank WDI (Crude Birth Rate),2026-09-02
IRQ,Iraq,2019,cbr,27.252,World Bank WDI (Crude Birth Rate),2026-09-02
IRQ,Iraq,2018,cbr,27.664,World Bank WDI (Crude Birth Rate),2026-09-02
IRQ,Iraq,2017,cbr,28.304,World Bank WDI (Crude Birth Rate),2026-09-02
IRQ,Iraq,2016,cbr,29.816,World Bank WDI (Crude Birth Rate),2026-09-02
IRQ,Iraq,2015,cbr,31.562,World Bank WDI (Crude Birth Rate),2026-09-02
IRQ,Iraq,2014,cbr,33.329,World Bank WDI (Crude Birth Rate),2026-09-02
IRQ,Iraq,2013,cbr,34.14,World Bank WDI (Crude Birth Rate),2026-09-02
IRQ,Iraq,2012,cbr,34.833,World Bank WDI (Crude Birth Rate),2026-09-02
IRQ,Iraq,2011,cbr,35.493,World Bank WDI (Crude Birth Rate),2026-09-02
IRQ,Iraq,2010,cbr,34.604,World Bank WDI (Crude Birth Rate),2026-09-02
IRQ,Iraq,2009,cbr,33.928,World Bank WDI (Crude Birth Rate),2026-09-02
IRQ,Iraq,2008,cbr,33.649,World Bank WDI (Crude Birth Rate),2026-09-02
IRQ,Iraq,2007,cbr,34.503,World Bank WDI (Crude Birth Rate),2026-09-02
IRQ,Iraq,2006,cbr,34.964,World Bank WDI (Crude Birth Rate),2026-09-02
IRQ,Iraq,2005,cbr,33.944,World Bank WDI (Crude Birth Rate),2026-09-02
IRQ,Iraq,2004,cbr,34.344,World Bank WDI (Crude Birth Rate),2026-09-02
IRQ,Iraq,2003,cbr,34.524,World Bank WDI (Crude Birth Rate),2026-09-02
IRQ,Iraq,2002,cbr,34.791,World Bank WDI (Crude Birth Rate),2026-09-02
IRQ,Iraq,2001,cbr,35.547,World Bank WDI (Crude Birth Rate),2026-09-02
IRQ,Iraq,2000,cbr,36.107,World Bank WDI (Crude Birth Rate),2026-09-02
IRL,Ireland,2023,cbr,10.3,World Bank WDI (Crude Birth Rate),2026-09-02
IRL,Ireland,2022,cbr,10.4,World Bank WDI (Crude Birth Rate),2026-09-02
IRL,Ireland,2021,cbr,11.8,World Bank WDI (Crude Birth Rate),2026-09-02
IRL,Ireland,2020,cbr,11.1,World Bank WDI (Crude Birth Rate),2026-09-02
IRL,Ireland,2019,cbr,11.9,World Bank WDI (Crude Birth Rate),2026-09-02
IRL,Ireland,2018,cbr,12.5,World Bank WDI (Crude Birth Rate),2026-09-02
IRL,Ireland,2017,cbr,12.8,World Bank WDI (Crude Birth Rate),2026-09-02
IRL,Ireland,2016,cbr,13.4,World Bank WDI (Crude Birth Rate),2026-09-02
IRL,Ireland,2015,cbr,13.9,World Bank WDI (Crude Birth Rate),2026-09-02
IRL,Ireland,2014,cbr,14.4,World Bank WDI (Crude Birth Rate),2026-09-02
IRL,Ireland,2013,cbr,14.9,World Bank WDI (Crude Birth Rate),2026-09-02
IRL,Ireland,2012,cbr,15.6,World Bank WDI (Crude Birth Rate),2026-09-02
IRL,Ireland,2011,cbr,16.2,World Bank WDI (Crude Birth Rate),2026-09-02
IRL,Ireland,2010,cbr,16.5,World Bank WDI (Crude Birth Rate),2026-09-02
IRL,Ireland,2009,cbr,16.7,World Bank WDI (Crude Birth Rate),2026-09-02
IRL,Ireland,2008,cbr,16.7,World Bank WDI (Crude Birth Rate),2026-09-02
IRL,Ireland,2007,cbr,16.2,World Bank WDI (Crude Birth Rate),2026-09-02
IRL,Ireland,2006,cbr,15.3,World Bank WDI (Crude Birth Rate),2026-09-02
IRL,Ireland,2005,cbr,14.8,World Bank WDI (Crude Birth Rate),2026-09-02
IRL,Ireland,2004,cbr,15.2,World Bank WDI (Crude Birth Rate),2026-09-02
IRL,Ireland,2003,cbr,15.4,World Bank WDI (Crude Birth Rate),2026-09-02
IRL,Ireland,2002,cbr,15.4,World Bank WDI (Crude Birth Rate),2026-09-02
IRL,Ireland,2001,cbr,15.0,World Bank WDI (Crude Birth Rate),2026-09-02
IRL,Ireland,2000,cbr,14.4,World Bank WDI (Crude Birth Rate),2026-09-02
IMN,Isle of Man,2023,cbr,8.34,World Bank WDI (Crude Birth Rate),2026-09-02
IMN,Isle of Man,2022,cbr,8.437,World Bank WDI (Crude Birth Rate),2026-09-02
IMN,Isle of Man,2021,cbr,8.54,World Bank WDI (Crude Birth Rate),2026-09-02
IMN,Isle of Man,2020,cbr,8.683,World Bank WDI (Crude Birth Rate),2026-09-02
IMN,Isle of Man,2019,cbr,8.826,World Bank WDI (Crude Birth Rate),2026-09-02
IMN,Isle of Man,2018,cbr,8.995,World Bank WDI (Crude Birth Rate),2026-09-02
IMN,Isle of Man,2017,cbr,9.193,World Bank WDI (Crude Birth Rate),2026-09-02
IMN,Isle of Man,2016,cbr,9.436,World Bank WDI (Crude Birth Rate),2026-09-02
IMN,Isle of Man,2015,cbr,9.769,World Bank WDI (Crude Birth Rate),2026-09-02
IMN,Isle of Man,2014,cbr,10.113,World Bank WDI (Crude Birth Rate),2026-09-02
IMN,Isle of Man,2013,cbr,10.418,World Bank WDI (Crude Birth Rate),2026-09-02
IMN,Isle of Man,2012,cbr,10.763,World Bank WDI (Crude Birth Rate),2026-09-02
IMN,Isle of Man,2011,cbr,11.095,World Bank WDI (Crude Birth Rate),2026-09-02
IMN,Isle of Man,2010,cbr,11.312,World Bank WDI (Crude Birth Rate),2026-09-02
IMN,Isle of Man,2009,cbr,11.486,World Bank WDI (Crude Birth Rate),2026-09-02
IMN,Isle of Man,2008,cbr,11.626,World Bank WDI (Crude Birth Rate),2026-09-02
IMN,Isle of Man,2007,cbr,11.664,World Bank WDI (Crude Birth Rate),2026-09-02
IMN,Isle of Man,2006,cbr,11.674,World Bank WDI (Crude Birth Rate),2026-09-02
IMN,Isle of Man,2005,cbr,11.598,World Bank WDI (Crude Birth Rate),2026-09-02
IMN,Isle of Man,2004,cbr,11.543,World Bank WDI (Crude Birth Rate),2026-09-02
IMN,Isle of Man,2003,cbr,11.818,World Bank WDI (Crude Birth Rate),2026-09-02
IMN,Isle of Man,2002,cbr,12.164,World Bank WDI (Crude Birth Rate),2026-09-02
IMN,Isle of Man,2001,cbr,12.39,World Bank WDI (Crude Birth Rate),2026-09-02
IMN,Isle of Man,2000,cbr,12.487,World Bank WDI (Crude Birth Rate),2026-09-02
ISR,Israel,2023,cbr,18.6,World Bank WDI (Crude Birth Rate),2026-09-02
ISR,Israel,2022,cbr,19.0,World Bank WDI (Crude Birth Rate),2026-09-02
ISR,Israel,2021,cbr,19.7,World Bank WDI (Crude Birth Rate),2026-09-02
ISR,Israel,2020,cbr,19.2,World Bank WDI (Crude Birth Rate),2026-09-02
ISR,Israel,2019,cbr,20.1,World Bank WDI (Crude Birth Rate),2026-09-02
ISR,Israel,2018,cbr,20.8,World Bank WDI (Crude Birth Rate),2026-09-02
ISR,Israel,2017,cbr,21.1,World Bank WDI (Crude Birth Rate),2026-09-02
ISR,Israel,2016,cbr,21.2,World Bank WDI (Crude Birth Rate),2026-09-02
ISR,Israel,2015,cbr,21.3,World Bank WDI (Crude Birth Rate),2026-09-02
ISR,Israel,2014,cbr,21.5,World Bank WDI (Crude Birth Rate),2026-09-02
ISR,Israel,2013,cbr,21.3,World Bank WDI (Crude Birth Rate),2026-09-02
ISR,Israel,2012,cbr,21.6,World Bank WDI (Crude Birth Rate),2026-09-02
ISR,Israel,2011,cbr,21.4,World Bank WDI (Crude Birth Rate),2026-09-02
ISR,Israel,2010,cbr,21.8,World Bank WDI (Crude Birth Rate),2026-09-02
ISR,Israel,2009,cbr,21.5,World Bank WDI (Crude Birth Rate),2026-09-02
ISR,Israel,2008,cbr,21.5,World Bank WDI (Crude Birth Rate),2026-09-02
ISR,Israel,2007,cbr,21.1,World Bank WDI (Crude Birth Rate),2026-09-02
ISR,Israel,2006,cbr,21.0,World Bank WDI (Crude Birth Rate),2026-09-02
ISR,Israel,2005,cbr,20.8,World Bank WDI (Crude Birth Rate),2026-09-02
ISR,Israel,2004,cbr,21.3,World Bank WDI (Crude Birth Rate),2026-09-02
ISR,Israel,2003,cbr,21.7,World Bank WDI (Crude Birth Rate),2026-09-02
ISR,Israel,2002,cbr,21.2,World Bank WDI (Crude Birth Rate),2026-09-02
ISR,Israel,2001,cbr,21.2,World Bank WDI (Crude Birth Rate),2026-09-02
ISR,Israel,2000,cbr,21.7,World Bank WDI (Crude Birth Rate),2026-09-02
ITA,Italy,2023,cbr,6.4,World Bank WDI (Crude Birth Rate),2026-09-02
ITA,Italy,2022,cbr,6.7,World Bank WDI (Crude Birth Rate),2026-09-02
ITA,Italy,2021,cbr,6.8,World Bank WDI (Crude Birth Rate),2026-09-02
ITA,Italy,2020,cbr,6.8,World Bank WDI (Crude Birth Rate),2026-09-02
ITA,Italy,2019,cbr,7.0,World Bank WDI (Crude Birth Rate),2026-09-02
ITA,Italy,2018,cbr,7.3,World Bank WDI (Crude Birth Rate),2026-09-02
ITA,Italy,2017,cbr,7.6,World Bank WDI (Crude Birth Rate),2026-09-02
ITA,Italy,2016,cbr,7.9,World Bank WDI (Crude Birth Rate),2026-09-02
ITA,Italy,2015,cbr,8.1,World Bank WDI (Crude Birth Rate),2026-09-02
ITA,Italy,2014,cbr,8.3,World Bank WDI (Crude Birth Rate),2026-09-02
ITA,Italy,2013,cbr,8.5,World Bank WDI (Crude Birth Rate),2026-09-02
ITA,Italy,2012,cbr,8.9,World Bank WDI (Crude Birth Rate),2026-09-02
ITA,Italy,2011,cbr,9.1,World Bank WDI (Crude Birth Rate),2026-09-02
ITA,Italy,2010,cbr,9.4,World Bank WDI (Crude Birth Rate),2026-09-02
ITA,Italy,2009,cbr,9.6,World Bank WDI (Crude Birth Rate),2026-09-02
ITA,Italy,2008,cbr,9.7,World Bank WDI (Crude Birth Rate),2026-09-02
ITA,Italy,2007,cbr,9.6,World Bank WDI (Crude Birth Rate),2026-09-02
ITA,Italy,2006,cbr,9.6,World Bank WDI (Crude Birth Rate),2026-09-02
ITA,Italy,2005,cbr,9.5,World Bank WDI (Crude Birth Rate),2026-09-02
ITA,Italy,2004,cbr,9.7,World Bank WDI (Crude Birth Rate),2026-09-02
ITA,Italy,2003,cbr,9.5,World Bank WDI (Crude Birth Rate),2026-09-02
ITA,Italy,2002,cbr,9.4,World Bank WDI (Crude Birth Rate),2026-09-02
ITA,Italy,2001,cbr,9.4,World Bank WDI (Crude Birth Rate),2026-09-02
ITA,Italy,2000,cbr,9.5,World Bank WDI (Crude Birth Rate),2026-09-02
JAM,Jamaica,2023,cbr,11.623,World Bank WDI (Crude Birth Rate),2026-09-02
JAM,Jamaica,2022,cbr,11.855,World Bank WDI (Crude Birth Rate),2026-09-02
JAM,Jamaica,2021,cbr,11.954,World Bank WDI (Crude Birth Rate),2026-09-02
JAM,Jamaica,2020,cbr,12.016,World Bank WDI (Crude Birth Rate),2026-09-02
JAM,Jamaica,2019,cbr,12.169,World Bank WDI (Crude Birth Rate),2026-09-02
JAM,Jamaica,2018,cbr,12.305,World Bank WDI (Crude Birth Rate),2026-09-02
JAM,Jamaica,2017,cbr,12.593,World Bank WDI (Crude Birth Rate),2026-09-02
JAM,Jamaica,2016,cbr,12.941,World Bank WDI (Crude Birth Rate),2026-09-02
JAM,Jamaica,2015,cbr,13.318,World Bank WDI (Crude Birth Rate),2026-09-02
JAM,Jamaica,2014,cbr,13.62,World Bank WDI (Crude Birth Rate),2026-09-02
JAM,Jamaica,2013,cbr,13.979,World Bank WDI (Crude Birth Rate),2026-09-02
JAM,Jamaica,2012,cbr,14.409,World Bank WDI (Crude Birth Rate),2026-09-02
JAM,Jamaica,2011,cbr,14.93,World Bank WDI (Crude Birth Rate),2026-09-02
JAM,Jamaica,2010,cbr,15.555,World Bank WDI (Crude Birth Rate),2026-09-02
JAM,Jamaica,2009,cbr,16.161,World Bank WDI (Crude Birth Rate),2026-09-02
JAM,Jamaica,2008,cbr,16.734,World Bank WDI (Crude Birth Rate),2026-09-02
JAM,Jamaica,2007,cbr,17.308,World Bank WDI (Crude Birth Rate),2026-09-02
JAM,Jamaica,2006,cbr,17.85,World Bank WDI (Crude Birth Rate),2026-09-02
JAM,Jamaica,2005,cbr,18.357,World Bank WDI (Crude Birth Rate),2026-09-02
JAM,Jamaica,2004,cbr,18.795,World Bank WDI (Crude Birth Rate),2026-09-02
JAM,Jamaica,2003,cbr,19.189,World Bank WDI (Crude Birth Rate),2026-09-02
JAM,Jamaica,2002,cbr,19.43,World Bank WDI (Crude Birth Rate),2026-09-02
JAM,Jamaica,2001,cbr,19.675,World Bank WDI (Crude Birth Rate),2026-09-02
JAM,Jamaica,2000,cbr,20.131,World Bank WDI (Crude Birth Rate),2026-09-02
JPN,Japan,2023,cbr,6.0,World Bank WDI (Crude Birth Rate),2026-09-02
JPN,Japan,2022,cbr,6.3,World Bank WDI (Crude Birth Rate),2026-09-02
JPN,Japan,2021,cbr,6.6,World Bank WDI (Crude Birth Rate),2026-09-02
JPN,Japan,2020,cbr,6.8,World Bank WDI (Crude Birth Rate),2026-09-02
JPN,Japan,2019,cbr,7.0,World Bank WDI (Crude Birth Rate),2026-09-02
JPN,Japan,2018,cbr,7.4,World Bank WDI (Crude Birth Rate),2026-09-02
JPN,Japan,2017,cbr,7.6,World Bank WDI (Crude Birth Rate),2026-09-02
JPN,Japan,2016,cbr,7.8,World Bank WDI (Crude Birth Rate),2026-09-02
JPN,Japan,2015,cbr,8.0,World Bank WDI (Crude Birth Rate),2026-09-02
JPN,Japan,2014,cbr,8.0,World Bank WDI (Crude Birth Rate),2026-09-02
JPN,Japan,2013,cbr,8.2,World Bank WDI (Crude Birth Rate),2026-09-02
JPN,Japan,2012,cbr,8.2,World Bank WDI (Crude Birth Rate),2026-09-02
JPN,Japan,2011,cbr,8.3,World Bank WDI (Crude Birth Rate),2026-09-02
JPN,Japan,2010,cbr,8.5,World Bank WDI (Crude Birth Rate),2026-09-02
JPN,Japan,2009,cbr,8.5,World Bank WDI (Crude Birth Rate),2026-09-02
JPN,Japan,2008,cbr,8.7,World Bank WDI (Crude Birth Rate),2026-09-02
JPN,Japan,2007,cbr,8.6,World Bank WDI (Crude Birth Rate),2026-09-02
JPN,Japan,2006,cbr,8.7,World Bank WDI (Crude Birth Rate),2026-09-02
JPN,Japan,2005,cbr,8.4,World Bank WDI (Crude Birth Rate),2026-09-02
JPN,Japan,2004,cbr,8.8,World Bank WDI (Crude Birth Rate),2026-09-02
JPN,Japan,2003,cbr,8.9,World Bank WDI (Crude Birth Rate),2026-09-02
JPN,Japan,2002,cbr,9.2,World Bank WDI (Crude Birth Rate),2026-09-02
JPN,Japan,2001,cbr,9.3,World Bank WDI (Crude Birth Rate),2026-09-02
JPN,Japan,2000,cbr,9.5,World Bank WDI (Crude Birth Rate),2026-09-02
JOR,Jordan,2023,cbr,20.611,World Bank WDI (Crude Birth Rate),2026-09-02
JOR,Jordan,2022,cbr,20.922,World Bank WDI (Crude Birth Rate),2026-09-02
JOR,Jordan,2021,cbr,21.309,World Bank WDI (Crude Birth Rate),2026-09-02
JOR,Jordan,2020,cbr,21.726,World Bank WDI (Crude Birth Rate),2026-09-02
JOR,Jordan,2019,cbr,22.236,World Bank WDI (Crude Birth Rate),2026-09-02
JOR,Jordan,2018,cbr,22.677,World Bank WDI (Crude Birth Rate),2026-09-02
JOR,Jordan,2017,cbr,23.217,World Bank WDI (Crude Birth Rate),2026-09-02
JOR,Jordan,2016,cbr,23.748,World Bank WDI (Crude Birth Rate),2026-09-02
JOR,Jordan,2015,cbr,23.653,World Bank WDI (Crude Birth Rate),2026-09-02
JOR,Jordan,2014,cbr,24.324,World Bank WDI (Crude Birth Rate),2026-09-02
JOR,Jordan,2013,cbr,24.926,World Bank WDI (Crude Birth Rate),2026-09-02
JOR,Jordan,2012,cbr,26.895,World Bank WDI (Crude Birth Rate),2026-09-02
JOR,Jordan,2011,cbr,27.398,World Bank WDI (Crude Birth Rate),2026-09-02
JOR,Jordan,2010,cbr,28.07,World Bank WDI (Crude Birth Rate),2026-09-02
JOR,Jordan,2009,cbr,28.568,World Bank WDI (Crude Birth Rate),2026-09-02
JOR,Jordan,2008,cbr,28.707,World Bank WDI (Crude Birth Rate),2026-09-02
JOR,Jordan,2007,cbr,28.189,World Bank WDI (Crude Birth Rate),2026-09-02
JOR,Jordan,2006,cbr,26.457,World Bank WDI (Crude Birth Rate),2026-09-02
JOR,Jordan,2005,cbr,27.156,World Bank WDI (Crude Birth Rate),2026-09-02
JOR,Jordan,2004,cbr,27.743,World Bank WDI (Crude Birth Rate),2026-09-02
JOR,Jordan,2003,cbr,28.475,World Bank WDI (Crude Birth Rate),2026-09-02
JOR,Jordan,2002,cbr,28.479,World Bank WDI (Crude Birth Rate),2026-09-02
JOR,Jordan,2001,cbr,28.516,World Bank WDI (Crude Birth Rate),2026-09-02
JOR,Jordan,2000,cbr,29.054,World Bank WDI (Crude Birth Rate),2026-09-02
KAZ,Kazakhstan,2023,cbr,20.138,World Bank WDI (Crude Birth Rate),2026-09-02
KAZ,Kazakhstan,2022,cbr,20.819,World Bank WDI (Crude Birth Rate),2026-09-02
KAZ,Kazakhstan,2021,cbr,23.271,World Bank WDI (Crude Birth Rate),2026-09-02
KAZ,Kazakhstan,2020,cbr,22.57,World Bank WDI (Crude Birth Rate),2026-09-02
KAZ,Kazakhstan,2019,cbr,21.424,World Bank WDI (Crude Birth Rate),2026-09-02
KAZ,Kazakhstan,2018,cbr,21.702,World Bank WDI (Crude Birth Rate),2026-09-02
KAZ,Kazakhstan,2017,cbr,21.435,World Bank WDI (Crude Birth Rate),2026-09-02
KAZ,Kazakhstan,2016,cbr,22.34,World Bank WDI (Crude Birth Rate),2026-09-02
KAZ,Kazakhstan,2015,cbr,22.513,World Bank WDI (Crude Birth Rate),2026-09-02
KAZ,Kazakhstan,2014,cbr,23.017,World Bank WDI (Crude Birth Rate),2026-09-02
KAZ,Kazakhstan,2013,cbr,22.646,World Bank WDI (Crude Birth Rate),2026-09-02
KAZ,Kazakhstan,2012,cbr,22.643,World Bank WDI (Crude Birth Rate),2026-09-02
KAZ,Kazakhstan,2011,cbr,22.489,World Bank WDI (Crude Birth Rate),2026-09-02
KAZ,Kazakhstan,2010,cbr,22.615,World Bank WDI (Crude Birth Rate),2026-09-02
KAZ,Kazakhstan,2009,cbr,22.413,World Bank WDI (Crude Birth Rate),2026-09-02
KAZ,Kazakhstan,2008,cbr,22.714,World Bank WDI (Crude Birth Rate),2026-09-02
KAZ,Kazakhstan,2007,cbr,21.533,World Bank WDI (Crude Birth Rate),2026-09-02
KAZ,Kazakhstan,2006,cbr,20.462,World Bank WDI (Crude Birth Rate),2026-09-02
KAZ,Kazakhstan,2005,cbr,19.43,World Bank WDI (Crude Birth Rate),2026-09-02
KAZ,Kazakhstan,2004,cbr,18.691,World Bank WDI (Crude Birth Rate),2026-09-02
KAZ,Kazakhstan,2003,cbr,17.516,World Bank WDI (Crude Birth Rate),2026-09-02
KAZ,Kazakhstan,2002,cbr,16.423,World Bank WDI (Crude Birth Rate),2026-09-02
KAZ,Kazakhstan,2001,cbr,15.939,World Bank WDI (Crude Birth Rate),2026-09-02
KAZ,Kazakhstan,2000,cbr,15.828,World Bank WDI (Crude Birth Rate),2026-09-02
KEN,Kenya,2023,cbr,27.106,World Bank WDI (Crude Birth Rate),2026-09-02
KEN,Kenya,2022,cbr,27.342,World Bank WDI (Crude Birth Rate),2026-09-02
KEN,Kenya,2021,cbr,27.611,World Bank WDI (Crude Birth Rate),2026-09-02
KEN,Kenya,2020,cbr,27.782,World Bank WDI (Crude Birth Rate),2026-09-02
KEN,Kenya,2019,cbr,28.226,World Bank WDI (Crude Birth Rate),2026-09-02
KEN,Kenya,2018,cbr,29.037,World Bank WDI (Crude Birth Rate),2026-09-02
KEN,Kenya,2017,cbr,29.602,World Bank WDI (Crude Birth Rate),2026-09-02
KEN,Kenya,2016,cbr,30.202,World Bank WDI (Crude Birth Rate),2026-09-02
KEN,Kenya,2015,cbr,30.908,World Bank WDI (Crude Birth Rate),2026-09-02
KEN,Kenya,2014,cbr,31.542,World Bank WDI (Crude Birth Rate),2026-09-02
KEN,Kenya,2013,cbr,32.427,World Bank WDI (Crude Birth Rate),2026-09-02
KEN,Kenya,2012,cbr,33.674,World Bank WDI (Crude Birth Rate),2026-09-02
KEN,Kenya,2011,cbr,35.009,World Bank WDI (Crude Birth Rate),2026-09-02
KEN,Kenya,2010,cbr,36.266,World Bank WDI (Crude Birth Rate),2026-09-02
KEN,Kenya,2009,cbr,37.169,World Bank WDI (Crude Birth Rate),2026-09-02
KEN,Kenya,2008,cbr,37.851,World Bank WDI (Crude Birth Rate),2026-09-02
KEN,Kenya,2007,cbr,38.299,World Bank WDI (Crude Birth Rate),2026-09-02
KEN,Kenya,2006,cbr,38.492,World Bank WDI (Crude Birth Rate),2026-09-02
KEN,Kenya,2005,cbr,38.783,World Bank WDI (Crude Birth Rate),2026-09-02
KEN,Kenya,2004,cbr,39.1,World Bank WDI (Crude Birth Rate),2026-09-02
KEN,Kenya,2003,cbr,39.459,World Bank WDI (Crude Birth Rate),2026-09-02
KEN,Kenya,2002,cbr,39.938,World Bank WDI (Crude Birth Rate),2026-09-02
KEN,Kenya,2001,cbr,40.188,World Bank WDI (Crude Birth Rate),2026-09-02
KEN,Kenya,2000,cbr,40.238,World Bank WDI (Crude Birth Rate),2026-09-02
KIR,Kiribati,2023,cbr,25.813,World Bank WDI (Crude Birth Rate),2026-09-02
KIR,Kiribati,2022,cbr,26.403,World Bank WDI (Crude Birth Rate),2026-09-02
KIR,Kiribati,2021,cbr,26.909,World Bank WDI (Crude Birth Rate),2026-09-02
KIR,Kiribati,2020,cbr,27.355,World Bank WDI (Crude Birth Rate),2026-09-02
KIR,Kiribati,2019,cbr,27.826,World Bank WDI (Crude Birth Rate),2026-09-02
KIR,Kiribati,2018,cbr,28.112,World Bank WDI (Crude Birth Rate),2026-09-02
KIR,Kiribati,2017,cbr,28.275,World Bank WDI (Crude Birth Rate),2026-09-02
KIR,Kiribati,2016,cbr,28.508,World Bank WDI (Crude Birth Rate),2026-09-02
KIR,Kiribati,2015,cbr,28.858,World Bank WDI (Crude Birth Rate),2026-09-02
KIR,Kiribati,2014,cbr,29.313,World Bank WDI (Crude Birth Rate),2026-09-02
KIR,Kiribati,2013,cbr,30.046,World Bank WDI (Crude Birth Rate),2026-09-02
KIR,Kiribati,2012,cbr,30.798,World Bank WDI (Crude Birth Rate),2026-09-02
KIR,Kiribati,2011,cbr,31.427,World Bank WDI (Crude Birth Rate),2026-09-02
KIR,Kiribati,2010,cbr,31.247,World Bank WDI (Crude Birth Rate),2026-09-02
KIR,Kiribati,2009,cbr,31.084,World Bank WDI (Crude Birth Rate),2026-09-02
KIR,Kiribati,2008,cbr,30.831,World Bank WDI (Crude Birth Rate),2026-09-02
KIR,Kiribati,2007,cbr,30.347,World Bank WDI (Crude Birth Rate),2026-09-02
KIR,Kiribati,2006,cbr,29.738,World Bank WDI (Crude Birth Rate),2026-09-02
KIR,Kiribati,2005,cbr,29.181,World Bank WDI (Crude Birth Rate),2026-09-02
KIR,Kiribati,2004,cbr,28.894,World Bank WDI (Crude Birth Rate),2026-09-02
KIR,Kiribati,2003,cbr,28.58,World Bank WDI (Crude Birth Rate),2026-09-02
KIR,Kiribati,2002,cbr,29.414,World Bank WDI (Crude Birth Rate),2026-09-02
KIR,Kiribati,2001,cbr,30.524,World Bank WDI (Crude Birth Rate),2026-09-02
KIR,Kiribati,2000,cbr,31.498,World Bank WDI (Crude Birth Rate),2026-09-02
PRK,"Korea, Dem. People's Rep.",2023,cbr,12.947,World Bank WDI (Crude Birth Rate),2026-09-02
PRK,"Korea, Dem. People's Rep.",2022,cbr,13.149,World Bank WDI (Crude Birth Rate),2026-09-02
PRK,"Korea, Dem. People's Rep.",2021,cbr,13.267,World Bank WDI (Crude Birth Rate),2026-09-02
PRK,"Korea, Dem. People's Rep.",2020,cbr,13.391,World Bank WDI (Crude Birth Rate),2026-09-02
PRK,"Korea, Dem. People's Rep.",2019,cbr,13.405,World Bank WDI (Crude Birth Rate),2026-09-02
PRK,"Korea, Dem. People's Rep.",2018,cbr,13.427,World Bank WDI (Crude Birth Rate),2026-09-02
PRK,"Korea, Dem. People's Rep.",2017,cbr,13.474,World Bank WDI (Crude Birth Rate),2026-09-02
PRK,"Korea, Dem. People's Rep.",2016,cbr,13.458,World Bank WDI (Crude Birth Rate),2026-09-02
PRK,"Korea, Dem. People's Rep.",2015,cbr,13.423,World Bank WDI (Crude Birth Rate),2026-09-02
PRK,"Korea, Dem. People's Rep.",2014,cbr,13.411,World Bank WDI (Crude Birth Rate),2026-09-02
PRK,"Korea, Dem. People's Rep.",2013,cbr,13.357,World Bank WDI (Crude Birth Rate),2026-09-02
PRK,"Korea, Dem. People's Rep.",2012,cbr,13.316,World Bank WDI (Crude Birth Rate),2026-09-02
PRK,"Korea, Dem. People's Rep.",2011,cbr,13.273,World Bank WDI (Crude Birth Rate),2026-09-02
PRK,"Korea, Dem. People's Rep.",2010,cbr,13.294,World Bank WDI (Crude Birth Rate),2026-09-02
PRK,"Korea, Dem. People's Rep.",2009,cbr,13.403,World Bank WDI (Crude Birth Rate),2026-09-02
PRK,"Korea, Dem. People's Rep.",2008,cbr,13.923,World Bank WDI (Crude Birth Rate),2026-09-02
PRK,"Korea, Dem. People's Rep.",2007,cbr,13.856,World Bank WDI (Crude Birth Rate),2026-09-02
PRK,"Korea, Dem. People's Rep.",2006,cbr,14.021,World Bank WDI (Crude Birth Rate),2026-09-02
PRK,"Korea, Dem. People's Rep.",2005,cbr,13.903,World Bank WDI (Crude Birth Rate),2026-09-02
PRK,"Korea, Dem. People's Rep.",2004,cbr,14.599,World Bank WDI (Crude Birth Rate),2026-09-02
PRK,"Korea, Dem. People's Rep.",2003,cbr,15.318,World Bank WDI (Crude Birth Rate),2026-09-02
PRK,"Korea, Dem. People's Rep.",2002,cbr,16.05,World Bank WDI (Crude Birth Rate),2026-09-02
PRK,"Korea, Dem. People's Rep.",2001,cbr,16.894,World Bank WDI (Crude Birth Rate),2026-09-02
PRK,"Korea, Dem. People's Rep.",2000,cbr,17.521,World Bank WDI (Crude Birth Rate),2026-09-02
KOR,"Korea, Rep.",2023,cbr,4.5,World Bank WDI (Crude Birth Rate),2026-09-02
KOR,"Korea, Rep.",2022,cbr,4.9,World Bank WDI (Crude Birth Rate),2026-09-02
KOR,"Korea, Rep.",2021,cbr,5.1,World Bank WDI (Crude Birth Rate),2026-09-02
KOR,"Korea, Rep.",2020,cbr,5.3,World Bank WDI (Crude Birth Rate),2026-09-02
KOR,"Korea, Rep.",2019,cbr,5.9,World Bank WDI (Crude Birth Rate),2026-09-02
KOR,"Korea, Rep.",2018,cbr,6.4,World Bank WDI (Crude Birth Rate),2026-09-02
KOR,"Korea, Rep.",2017,cbr,7.0,World Bank WDI (Crude Birth Rate),2026-09-02
KOR,"Korea, Rep.",2016,cbr,7.9,World Bank WDI (Crude Birth Rate),2026-09-02
KOR,"Korea, Rep.",2015,cbr,8.6,World Bank WDI (Crude Birth Rate),2026-09-02
KOR,"Korea, Rep.",2014,cbr,8.6,World Bank WDI (Crude Birth Rate),2026-09-02
KOR,"Korea, Rep.",2013,cbr,8.6,World Bank WDI (Crude Birth Rate),2026-09-02
KOR,"Korea, Rep.",2012,cbr,9.6,World Bank WDI (Crude Birth Rate),2026-09-02
KOR,"Korea, Rep.",2011,cbr,9.4,World Bank WDI (Crude Birth Rate),2026-09-02
KOR,"Korea, Rep.",2010,cbr,9.4,World Bank WDI (Crude Birth Rate),2026-09-02
KOR,"Korea, Rep.",2009,cbr,9.0,World Bank WDI (Crude Birth Rate),2026-09-02
KOR,"Korea, Rep.",2008,cbr,9.4,World Bank WDI (Crude Birth Rate),2026-09-02
KOR,"Korea, Rep.",2007,cbr,10.1,World Bank WDI (Crude Birth Rate),2026-09-02
KOR,"Korea, Rep.",2006,cbr,9.2,World Bank WDI (Crude Birth Rate),2026-09-02
KOR,"Korea, Rep.",2005,cbr,9.0,World Bank WDI (Crude Birth Rate),2026-09-02
KOR,"Korea, Rep.",2004,cbr,9.8,World Bank WDI (Crude Birth Rate),2026-09-02
KOR,"Korea, Rep.",2003,cbr,10.2,World Bank WDI (Crude Birth Rate),2026-09-02
KOR,"Korea, Rep.",2002,cbr,10.3,World Bank WDI (Crude Birth Rate),2026-09-02
KOR,"Korea, Rep.",2001,cbr,11.7,World Bank WDI (Crude Birth Rate),2026-09-02
KOR,"Korea, Rep.",2000,cbr,13.5,World Bank WDI (Crude Birth Rate),2026-09-02
XKX,Kosovo,2023,cbr,12.067,World Bank WDI (Crude Birth Rate),2026-09-02
XKX,Kosovo,2022,cbr,12.275,World Bank WDI (Crude Birth Rate),2026-09-02
XKX,Kosovo,2021,cbr,12.546,World Bank WDI (Crude Birth Rate),2026-09-02
XKX,Kosovo,2020,cbr,12.335,World Bank WDI (Crude Birth Rate),2026-09-02
XKX,Kosovo,2019,cbr,12.618,World Bank WDI (Crude Birth Rate),2026-09-02
XKX,Kosovo,2018,cbr,12.736,World Bank WDI (Crude Birth Rate),2026-09-02
XKX,Kosovo,2017,cbr,12.962,World Bank WDI (Crude Birth Rate),2026-09-02
XKX,Kosovo,2016,cbr,13.172,World Bank WDI (Crude Birth Rate),2026-09-02
XKX,Kosovo,2015,cbr,14.723,World Bank WDI (Crude Birth Rate),2026-09-02
XKX,Kosovo,2014,cbr,15.797,World Bank WDI (Crude Birth Rate),2026-09-02
XKX,Kosovo,2013,cbr,16.453,World Bank WDI (Crude Birth Rate),2026-09-02
XKX,Kosovo,2012,cbr,16.516,World Bank WDI (Crude Birth Rate),2026-09-02
XKX,Kosovo,2011,cbr,17.137,World Bank WDI (Crude Birth Rate),2026-09-02
XKX,Kosovo,2010,cbr,18.83,World Bank WDI (Crude Birth Rate),2026-09-02
XKX,Kosovo,2009,cbr,19.623,World Bank WDI (Crude Birth Rate),2026-09-02
XKX,Kosovo,2008,cbr,19.733,World Bank WDI (Crude Birth Rate),2026-09-02
XKX,Kosovo,2007,cbr,19.453,World Bank WDI (Crude Birth Rate),2026-09-02
XKX,Kosovo,2006,cbr,19.688,World Bank WDI (Crude Birth Rate),2026-09-02
XKX,Kosovo,2005,cbr,20.077,World Bank WDI (Crude Birth Rate),2026-09-02
XKX,Kosovo,2004,cbr,19.519,World Bank WDI (Crude Birth Rate),2026-09-02
XKX,Kosovo,2003,cbr,18.83,World Bank WDI (Crude Birth Rate),2026-09-02
XKX,Kosovo,2002,cbr,19.037,World Bank WDI (Crude Birth Rate),2026-09-02
XKX,Kosovo,2001,cbr,18.58,World Bank WDI (Crude Birth Rate),2026-09-02
XKX,Kosovo,2000,cbr,18.117,World Bank WDI (Crude Birth Rate),2026-09-02
KWT,Kuwait,2023,cbr,10.3028486127809,World Bank WDI (Crude Birth Rate),2026-09-02
KWT,Kuwait,2022,cbr,10.8489565017698,World Bank WDI (Crude Birth Rate),2026-09-02
KWT,Kuwait,2021,cbr,12.234184852521,World Bank WDI (Crude Birth Rate),2026-09-02
KWT,Kuwait,2020,cbr,11.6919249210071,World Bank WDI (Crude Birth Rate),2026-09-02
KWT,Kuwait,2019,cbr,12.06,World Bank WDI (Crude Birth Rate),2026-09-02
KWT,Kuwait,2018,cbr,12.825,World Bank WDI (Crude Birth Rate),2026-09-02
KWT,Kuwait,2017,cbr,14.256,World Bank WDI (Crude Birth Rate),2026-09-02
KWT,Kuwait,2016,cbr,14.662,World Bank WDI (Crude Birth Rate),2026-09-02
KWT,Kuwait,2015,cbr,15.391,World Bank WDI (Crude Birth Rate),2026-09-02
KWT,Kuwait,2014,cbr,16.712,World Bank WDI (Crude Birth Rate),2026-09-02
KWT,Kuwait,2013,cbr,16.818,World Bank WDI (Crude Birth Rate),2026-09-02
KWT,Kuwait,2012,cbr,17.754,World Bank WDI (Crude Birth Rate),2026-09-02
KWT,Kuwait,2011,cbr,18.058,World Bank WDI (Crude Birth Rate),2026-09-02
KWT,Kuwait,2010,cbr,18.876,World Bank WDI (Crude Birth Rate),2026-09-02
KWT,Kuwait,2009,cbr,19.484,World Bank WDI (Crude Birth Rate),2026-09-02
KWT,Kuwait,2008,cbr,19.956,World Bank WDI (Crude Birth Rate),2026-09-02
KWT,Kuwait,2007,cbr,20.624,World Bank WDI (Crude Birth Rate),2026-09-02
KWT,Kuwait,2006,cbr,21.495,World Bank WDI (Crude Birth Rate),2026-09-02
KWT,Kuwait,2005,cbr,22.315,World Bank WDI (Crude Birth Rate),2026-09-02
KWT,Kuwait,2004,cbr,22.641,World Bank WDI (Crude Birth Rate),2026-09-02
KWT,Kuwait,2003,cbr,22.404,World Bank WDI (Crude Birth Rate),2026-09-02
KWT,Kuwait,2002,cbr,22.253,World Bank WDI (Crude Birth Rate),2026-09-02
KWT,Kuwait,2001,cbr,22.274,World Bank WDI (Crude Birth Rate),2026-09-02
KWT,Kuwait,2000,cbr,22.39,World Bank WDI (Crude Birth Rate),2026-09-02
KGZ,Kyrgyz Republic,2023,cbr,20.6,World Bank WDI (Crude Birth Rate),2026-09-02
KGZ,Kyrgyz Republic,2022,cbr,21.5,World Bank WDI (Crude Birth Rate),2026-09-02
KGZ,Kyrgyz Republic,2021,cbr,22.4,World Bank WDI (Crude Birth Rate),2026-09-02
KGZ,Kyrgyz Republic,2020,cbr,24.0,World Bank WDI (Crude Birth Rate),2026-09-02
KGZ,Kyrgyz Republic,2019,cbr,26.9,World Bank WDI (Crude Birth Rate),2026-09-02
KGZ,Kyrgyz Republic,2018,cbr,27.1,World Bank WDI (Crude Birth Rate),2026-09-02
KGZ,Kyrgyz Republic,2017,cbr,24.8,World Bank WDI (Crude Birth Rate),2026-09-02
KGZ,Kyrgyz Republic,2016,cbr,26.0,World Bank WDI (Crude Birth Rate),2026-09-02
KGZ,Kyrgyz Republic,2015,cbr,27.4,World Bank WDI (Crude Birth Rate),2026-09-02
KGZ,Kyrgyz Republic,2014,cbr,27.7,World Bank WDI (Crude Birth Rate),2026-09-02
KGZ,Kyrgyz Republic,2013,cbr,27.2,World Bank WDI (Crude Birth Rate),2026-09-02
KGZ,Kyrgyz Republic,2012,cbr,27.6,World Bank WDI (Crude Birth Rate),2026-09-02
KGZ,Kyrgyz Republic,2011,cbr,27.1,World Bank WDI (Crude Birth Rate),2026-09-02
KGZ,Kyrgyz Republic,2010,cbr,26.8,World Bank WDI (Crude Birth Rate),2026-09-02
KGZ,Kyrgyz Republic,2009,cbr,25.2,World Bank WDI (Crude Birth Rate),2026-09-02
KGZ,Kyrgyz Republic,2008,cbr,23.9,World Bank WDI (Crude Birth Rate),2026-09-02
KGZ,Kyrgyz Republic,2007,cbr,23.4,World Bank WDI (Crude Birth Rate),2026-09-02
KGZ,Kyrgyz Republic,2006,cbr,23.1,World Bank WDI (Crude Birth Rate),2026-09-02
KGZ,Kyrgyz Republic,2005,cbr,21.3,World Bank WDI (Crude Birth Rate),2026-09-02
KGZ,Kyrgyz Republic,2004,cbr,21.5,World Bank WDI (Crude Birth Rate),2026-09-02
KGZ,Kyrgyz Republic,2003,cbr,20.9,World Bank WDI (Crude Birth Rate),2026-09-02
KGZ,Kyrgyz Republic,2002,cbr,20.2,World Bank WDI (Crude Birth Rate),2026-09-02
KGZ,Kyrgyz Republic,2001,cbr,19.8,World Bank WDI (Crude Birth Rate),2026-09-02
KGZ,Kyrgyz Republic,2000,cbr,19.8,World Bank WDI (Crude Birth Rate),2026-09-02
LAO,Lao PDR,2023,cbr,21.271,World Bank WDI (Crude Birth Rate),2026-09-02
LAO,Lao PDR,2022,cbr,21.693,World Bank WDI (Crude Birth Rate),2026-09-02
LAO,Lao PDR,2021,cbr,22.147,World Bank WDI (Crude Birth Rate),2026-09-02
LAO,Lao PDR,2020,cbr,22.618,World Bank WDI (Crude Birth Rate),2026-09-02
LAO,Lao PDR,2019,cbr,23.151,World Bank WDI (Crude Birth Rate),2026-09-02
LAO,Lao PDR,2018,cbr,23.599,World Bank WDI (Crude Birth Rate),2026-09-02
LAO,Lao PDR,2017,cbr,24.117,World Bank WDI (Crude Birth Rate),2026-09-02
LAO,Lao PDR,2016,cbr,24.567,World Bank WDI (Crude Birth Rate),2026-09-02
LAO,Lao PDR,2015,cbr,24.962,World Bank WDI (Crude Birth Rate),2026-09-02
LAO,Lao PDR,2014,cbr,25.049,World Bank WDI (Crude Birth Rate),2026-09-02
LAO,Lao PDR,2013,cbr,25.623,World Bank WDI (Crude Birth Rate),2026-09-02
LAO,Lao PDR,2012,cbr,26.174,World Bank WDI (Crude Birth Rate),2026-09-02
LAO,Lao PDR,2011,cbr,26.777,World Bank WDI (Crude Birth Rate),2026-09-02
LAO,Lao PDR,2010,cbr,27.195,World Bank WDI (Crude Birth Rate),2026-09-02
LAO,Lao PDR,2009,cbr,27.569,World Bank WDI (Crude Birth Rate),2026-09-02
LAO,Lao PDR,2008,cbr,27.882,World Bank WDI (Crude Birth Rate),2026-09-02
LAO,Lao PDR,2007,cbr,28.124,World Bank WDI (Crude Birth Rate),2026-09-02
LAO,Lao PDR,2006,cbr,28.365,World Bank WDI (Crude Birth Rate),2026-09-02
LAO,Lao PDR,2005,cbr,28.788,World Bank WDI (Crude Birth Rate),2026-09-02
LAO,Lao PDR,2004,cbr,30.075,World Bank WDI (Crude Birth Rate),2026-09-02
LAO,Lao PDR,2003,cbr,30.66,World Bank WDI (Crude Birth Rate),2026-09-02
LAO,Lao PDR,2002,cbr,31.18,World Bank WDI (Crude Birth Rate),2026-09-02
LAO,Lao PDR,2001,cbr,32.112,World Bank WDI (Crude Birth Rate),2026-09-02
LAO,Lao PDR,2000,cbr,32.901,World Bank WDI (Crude Birth Rate),2026-09-02
LVA,Latvia,2023,cbr,7.7,World Bank WDI (Crude Birth Rate),2026-09-02
LVA,Latvia,2022,cbr,8.5,World Bank WDI (Crude Birth Rate),2026-09-02
LVA,Latvia,2021,cbr,9.2,World Bank WDI (Crude Birth Rate),2026-09-02
LVA,Latvia,2020,cbr,9.2,World Bank WDI (Crude Birth Rate),2026-09-02
LVA,Latvia,2019,cbr,9.8,World Bank WDI (Crude Birth Rate),2026-09-02
LVA,Latvia,2018,cbr,10.0,World Bank WDI (Crude Birth Rate),2026-09-02
LVA,Latvia,2017,cbr,10.7,World Bank WDI (Crude Birth Rate),2026-09-02
LVA,Latvia,2016,cbr,11.2,World Bank WDI (Crude Birth Rate),2026-09-02
LVA,Latvia,2015,cbr,11.1,World Bank WDI (Crude Birth Rate),2026-09-02
LVA,Latvia,2014,cbr,10.9,World Bank WDI (Crude Birth Rate),2026-09-02
LVA,Latvia,2013,cbr,10.2,World Bank WDI (Crude Birth Rate),2026-09-02
LVA,Latvia,2012,cbr,9.8,World Bank WDI (Crude Birth Rate),2026-09-02
LVA,Latvia,2011,cbr,9.1,World Bank WDI (Crude Birth Rate),2026-09-02
LVA,Latvia,2010,cbr,9.4,World Bank WDI (Crude Birth Rate),2026-09-02
LVA,Latvia,2009,cbr,10.3,World Bank WDI (Crude Birth Rate),2026-09-02
LVA,Latvia,2008,cbr,11.2,World Bank WDI (Crude Birth Rate),2026-09-02
LVA,Latvia,2007,cbr,10.9,World Bank WDI (Crude Birth Rate),2026-09-02
LVA,Latvia,2006,cbr,10.3,World Bank WDI (Crude Birth Rate),2026-09-02
LVA,Latvia,2005,cbr,9.8,World Bank WDI (Crude Birth Rate),2026-09-02
LVA,Latvia,2004,cbr,9.1,World Bank WDI (Crude Birth Rate),2026-09-02
LVA,Latvia,2003,cbr,9.2,World Bank WDI (Crude Birth Rate),2026-09-02
LVA,Latvia,2002,cbr,8.7,World Bank WDI (Crude Birth Rate),2026-09-02
LVA,Latvia,2001,cbr,8.4,World Bank WDI (Crude Birth Rate),2026-09-02
LVA,Latvia,2000,cbr,8.6,World Bank WDI (Crude Birth Rate),2026-09-02
LBN,Lebanon,2023,cbr,16.144,World Bank WDI (Crude Birth Rate),2026-09-02
LBN,Lebanon,2022,cbr,16.372,World Bank WDI (Crude Birth Rate),2026-09-02
LBN,Lebanon,2021,cbr,16.573,World Bank WDI (Crude Birth Rate),2026-09-02
LBN,Lebanon,2020,cbr,16.912,World Bank WDI (Crude Birth Rate),2026-09-02
LBN,Lebanon,2019,cbr,17.622,World Bank WDI (Crude Birth Rate),2026-09-02
LBN,Lebanon,2018,cbr,18.09,World Bank WDI (Crude Birth Rate),2026-09-02
LBN,Lebanon,2017,cbr,18.648,World Bank WDI (Crude Birth Rate),2026-09-02
LBN,Lebanon,2016,cbr,19.197,World Bank WDI (Crude Birth Rate),2026-09-02
LBN,Lebanon,2015,cbr,19.555,World Bank WDI (Crude Birth Rate),2026-09-02
LBN,Lebanon,2014,cbr,18.812,World Bank WDI (Crude Birth Rate),2026-09-02
LBN,Lebanon,2013,cbr,18.016,World Bank WDI (Crude Birth Rate),2026-09-02
LBN,Lebanon,2012,cbr,18.962,World Bank WDI (Crude Birth Rate),2026-09-02
LBN,Lebanon,2011,cbr,19.033,World Bank WDI (Crude Birth Rate),2026-09-02
LBN,Lebanon,2010,cbr,18.605,World Bank WDI (Crude Birth Rate),2026-09-02
LBN,Lebanon,2009,cbr,17.99,World Bank WDI (Crude Birth Rate),2026-09-02
LBN,Lebanon,2008,cbr,17.793,World Bank WDI (Crude Birth Rate),2026-09-02
LBN,Lebanon,2007,cbr,17.945,World Bank WDI (Crude Birth Rate),2026-09-02
LBN,Lebanon,2006,cbr,18.27,World Bank WDI (Crude Birth Rate),2026-09-02
LBN,Lebanon,2005,cbr,18.668,World Bank WDI (Crude Birth Rate),2026-09-02
LBN,Lebanon,2004,cbr,19.347,World Bank WDI (Crude Birth Rate),2026-09-02
LBN,Lebanon,2003,cbr,20.002,World Bank WDI (Crude Birth Rate),2026-09-02
LBN,Lebanon,2002,cbr,20.624,World Bank WDI (Crude Birth Rate),2026-09-02
LBN,Lebanon,2001,cbr,21.056,World Bank WDI (Crude Birth Rate),2026-09-02
LBN,Lebanon,2000,cbr,21.306,World Bank WDI (Crude Birth Rate),2026-09-02
LSO,Lesotho,2023,cbr,24.109,World Bank WDI (Crude Birth Rate),2026-09-02
LSO,Lesotho,2022,cbr,24.392,World Bank WDI (Crude Birth Rate),2026-09-02
LSO,Lesotho,2021,cbr,24.896,World Bank WDI (Crude Birth Rate),2026-09-02
LSO,Lesotho,2020,cbr,25.628,World Bank WDI (Crude Birth Rate),2026-09-02
LSO,Lesotho,2019,cbr,26.44,World Bank WDI (Crude Birth Rate),2026-09-02
LSO,Lesotho,2018,cbr,27.361,World Bank WDI (Crude Birth Rate),2026-09-02
LSO,Lesotho,2017,cbr,28.241,World Bank WDI (Crude Birth Rate),2026-09-02
LSO,Lesotho,2016,cbr,28.932,World Bank WDI (Crude Birth Rate),2026-09-02
LSO,Lesotho,2015,cbr,29.178,World Bank WDI (Crude Birth Rate),2026-09-02
LSO,Lesotho,2014,cbr,29.5,World Bank WDI (Crude Birth Rate),2026-09-02
LSO,Lesotho,2013,cbr,29.988,World Bank WDI (Crude Birth Rate),2026-09-02
LSO,Lesotho,2012,cbr,30.027,World Bank WDI (Crude Birth Rate),2026-09-02
LSO,Lesotho,2011,cbr,30.209,World Bank WDI (Crude Birth Rate),2026-09-02
LSO,Lesotho,2010,cbr,29.163,World Bank WDI (Crude Birth Rate),2026-09-02
LSO,Lesotho,2009,cbr,29.354,World Bank WDI (Crude Birth Rate),2026-09-02
LSO,Lesotho,2008,cbr,29.642,World Bank WDI (Crude Birth Rate),2026-09-02
LSO,Lesotho,2007,cbr,29.484,World Bank WDI (Crude Birth Rate),2026-09-02
LSO,Lesotho,2006,cbr,28.627,World Bank WDI (Crude Birth Rate),2026-09-02
LSO,Lesotho,2005,cbr,28.561,World Bank WDI (Crude Birth Rate),2026-09-02
LSO,Lesotho,2004,cbr,28.736,World Bank WDI (Crude Birth Rate),2026-09-02
LSO,Lesotho,2003,cbr,29.294,World Bank WDI (Crude Birth Rate),2026-09-02
LSO,Lesotho,2002,cbr,29.365,World Bank WDI (Crude Birth Rate),2026-09-02
LSO,Lesotho,2001,cbr,28.716,World Bank WDI (Crude Birth Rate),2026-09-02
LSO,Lesotho,2000,cbr,28.248,World Bank WDI (Crude Birth Rate),2026-09-02
LBR,Liberia,2023,cbr,30.96,World Bank WDI (Crude Birth Rate),2026-09-02
LBR,Liberia,2022,cbr,31.189,World Bank WDI (Crude Birth Rate),2026-09-02
LBR,Liberia,2021,cbr,31.524,World Bank WDI (Crude Birth Rate),2026-09-02
LBR,Liberia,2020,cbr,31.923,World Bank WDI (Crude Birth Rate),2026-09-02
LBR,Liberia,2019,cbr,32.431,World Bank WDI (Crude Birth Rate),2026-09-02
LBR,Liberia,2018,cbr,32.955,World Bank WDI (Crude Birth Rate),2026-09-02
LBR,Liberia,2017,cbr,33.384,World Bank WDI (Crude Birth Rate),2026-09-02
LBR,Liberia,2016,cbr,33.926,World Bank WDI (Crude Birth Rate),2026-09-02
LBR,Liberia,2015,cbr,34.343,World Bank WDI (Crude Birth Rate),2026-09-02
LBR,Liberia,2014,cbr,35.221,World Bank WDI (Crude Birth Rate),2026-09-02
LBR,Liberia,2013,cbr,36.234,World Bank WDI (Crude Birth Rate),2026-09-02
LBR,Liberia,2012,cbr,37.426,World Bank WDI (Crude Birth Rate),2026-09-02
LBR,Liberia,2011,cbr,36.93,World Bank WDI (Crude Birth Rate),2026-09-02
LBR,Liberia,2010,cbr,37.967,World Bank WDI (Crude Birth Rate),2026-09-02
LBR,Liberia,2009,cbr,38.81,World Bank WDI (Crude Birth Rate),2026-09-02
LBR,Liberia,2008,cbr,39.663,World Bank WDI (Crude Birth Rate),2026-09-02
LBR,Liberia,2007,cbr,40.397,World Bank WDI (Crude Birth Rate),2026-09-02
LBR,Liberia,2006,cbr,40.842,World Bank WDI (Crude Birth Rate),2026-09-02
LBR,Liberia,2005,cbr,40.619,World Bank WDI (Crude Birth Rate),2026-09-02
LBR,Liberia,2004,cbr,41.116,World Bank WDI (Crude Birth Rate),2026-09-02
LBR,Liberia,2003,cbr,42.001,World Bank WDI (Crude Birth Rate),2026-09-02
LBR,Liberia,2002,cbr,42.001,World Bank WDI (Crude Birth Rate),2026-09-02
LBR,Liberia,2001,cbr,42.571,World Bank WDI (Crude Birth Rate),2026-09-02
LBR,Liberia,2000,cbr,43.238,World Bank WDI (Crude Birth Rate),2026-09-02
LBY,Libya,2023,cbr,17.024,World Bank WDI (Crude Birth Rate),2026-09-02
LBY,Libya,2022,cbr,17.537,World Bank WDI (Crude Birth Rate),2026-09-02
LBY,Libya,2021,cbr,18.176,World Bank WDI (Crude Birth Rate),2026-09-02
LBY,Libya,2020,cbr,18.737,World Bank WDI (Crude Birth Rate),2026-09-02
LBY,Libya,2019,cbr,19.241,World Bank WDI (Crude Birth Rate),2026-09-02
LBY,Libya,2018,cbr,19.844,World Bank WDI (Crude Birth Rate),2026-09-02
LBY,Libya,2017,cbr,20.511,World Bank WDI (Crude Birth Rate),2026-09-02
LBY,Libya,2016,cbr,21.252,World Bank WDI (Crude Birth Rate),2026-09-02
LBY,Libya,2015,cbr,21.921,World Bank WDI (Crude Birth Rate),2026-09-02
LBY,Libya,2014,cbr,22.623,World Bank WDI (Crude Birth Rate),2026-09-02
LBY,Libya,2013,cbr,22.54,World Bank WDI (Crude Birth Rate),2026-09-02
LBY,Libya,2012,cbr,22.587,World Bank WDI (Crude Birth Rate),2026-09-02
LBY,Libya,2011,cbr,24.905,World Bank WDI (Crude Birth Rate),2026-09-02
LBY,Libya,2010,cbr,23.545,World Bank WDI (Crude Birth Rate),2026-09-02
LBY,Libya,2009,cbr,23.155,World Bank WDI (Crude Birth Rate),2026-09-02
LBY,Libya,2008,cbr,23.437,World Bank WDI (Crude Birth Rate),2026-09-02
LBY,Libya,2007,cbr,23.712,World Bank WDI (Crude Birth Rate),2026-09-02
LBY,Libya,2006,cbr,23.931,World Bank WDI (Crude Birth Rate),2026-09-02
LBY,Libya,2005,cbr,23.903,World Bank WDI (Crude Birth Rate),2026-09-02
LBY,Libya,2004,cbr,23.376,World Bank WDI (Crude Birth Rate),2026-09-02
LBY,Libya,2003,cbr,22.92,World Bank WDI (Crude Birth Rate),2026-09-02
LBY,Libya,2002,cbr,22.497,World Bank WDI (Crude Birth Rate),2026-09-02
LBY,Libya,2001,cbr,22.057,World Bank WDI (Crude Birth Rate),2026-09-02
LBY,Libya,2000,cbr,21.691,World Bank WDI (Crude Birth Rate),2026-09-02
LIE,Liechtenstein,2023,cbr,9.1,World Bank WDI (Crude Birth Rate),2026-09-02
LIE,Liechtenstein,2022,cbr,9.2,World Bank WDI (Crude Birth Rate),2026-09-02
LIE,Liechtenstein,2021,cbr,9.6,World Bank WDI (Crude Birth Rate),2026-09-02
LIE,Liechtenstein,2020,cbr,9.1,World Bank WDI (Crude Birth Rate),2026-09-02
LIE,Liechtenstein,2019,cbr,9.2,World Bank WDI (Crude Birth Rate),2026-09-02
LIE,Liechtenstein,2018,cbr,9.9,World Bank WDI (Crude Birth Rate),2026-09-02
LIE,Liechtenstein,2017,cbr,8.9,World Bank WDI (Crude Birth Rate),2026-09-02
LIE,Liechtenstein,2016,cbr,10.0,World Bank WDI (Crude Birth Rate),2026-09-02
LIE,Liechtenstein,2015,cbr,8.7,World Bank WDI (Crude Birth Rate),2026-09-02
LIE,Liechtenstein,2014,cbr,10.0,World Bank WDI (Crude Birth Rate),2026-09-02
LIE,Liechtenstein,2013,cbr,9.2,World Bank WDI (Crude Birth Rate),2026-09-02
LIE,Liechtenstein,2012,cbr,9.7,World Bank WDI (Crude Birth Rate),2026-09-02
LIE,Liechtenstein,2011,cbr,10.9,World Bank WDI (Crude Birth Rate),2026-09-02
LIE,Liechtenstein,2010,cbr,9.1,World Bank WDI (Crude Birth Rate),2026-09-02
LIE,Liechtenstein,2009,cbr,11.4,World Bank WDI (Crude Birth Rate),2026-09-02
LIE,Liechtenstein,2008,cbr,9.9,World Bank WDI (Crude Birth Rate),2026-09-02
LIE,Liechtenstein,2007,cbr,10.0,World Bank WDI (Crude Birth Rate),2026-09-02
LIE,Liechtenstein,2006,cbr,10.3,World Bank WDI (Crude Birth Rate),2026-09-02
LIE,Liechtenstein,2005,cbr,11.0,World Bank WDI (Crude Birth Rate),2026-09-02
LIE,Liechtenstein,2004,cbr,10.8,World Bank WDI (Crude Birth Rate),2026-09-02
LIE,Liechtenstein,2003,cbr,10.2,World Bank WDI (Crude Birth Rate),2026-09-02
LIE,Liechtenstein,2002,cbr,11.7,World Bank WDI (Crude Birth Rate),2026-09-02
LIE,Liechtenstein,2001,cbr,12.1,World Bank WDI (Crude Birth Rate),2026-09-02
LIE,Liechtenstein,2000,cbr,12.9,World Bank WDI (Crude Birth Rate),2026-09-02
LTU,Lithuania,2023,cbr,7.2,World Bank WDI (Crude Birth Rate),2026-09-02
LTU,Lithuania,2022,cbr,7.8,World Bank WDI (Crude Birth Rate),2026-09-02
LTU,Lithuania,2021,cbr,8.3,World Bank WDI (Crude Birth Rate),2026-09-02
LTU,Lithuania,2020,cbr,8.4,World Bank WDI (Crude Birth Rate),2026-09-02
LTU,Lithuania,2019,cbr,8.9,World Bank WDI (Crude Birth Rate),2026-09-02
LTU,Lithuania,2018,cbr,9.5,World Bank WDI (Crude Birth Rate),2026-09-02
LTU,Lithuania,2017,cbr,9.8,World Bank WDI (Crude Birth Rate),2026-09-02
LTU,Lithuania,2016,cbr,10.3,World Bank WDI (Crude Birth Rate),2026-09-02
LTU,Lithuania,2015,cbr,10.3,World Bank WDI (Crude Birth Rate),2026-09-02
LTU,Lithuania,2014,cbr,10.0,World Bank WDI (Crude Birth Rate),2026-09-02
LTU,Lithuania,2013,cbr,9.7,World Bank WDI (Crude Birth Rate),2026-09-02
LTU,Lithuania,2012,cbr,10.0,World Bank WDI (Crude Birth Rate),2026-09-02
LTU,Lithuania,2011,cbr,10.0,World Bank WDI (Crude Birth Rate),2026-09-02
LTU,Lithuania,2010,cbr,9.9,World Bank WDI (Crude Birth Rate),2026-09-02
LTU,Lithuania,2009,cbr,10.2,World Bank WDI (Crude Birth Rate),2026-09-02
LTU,Lithuania,2008,cbr,9.9,World Bank WDI (Crude Birth Rate),2026-09-02
LTU,Lithuania,2007,cbr,9.3,World Bank WDI (Crude Birth Rate),2026-09-02
LTU,Lithuania,2006,cbr,9.1,World Bank WDI (Crude Birth Rate),2026-09-02
LTU,Lithuania,2005,cbr,8.9,World Bank WDI (Crude Birth Rate),2026-09-02
LTU,Lithuania,2004,cbr,8.8,World Bank WDI (Crude Birth Rate),2026-09-02
LTU,Lithuania,2003,cbr,8.8,World Bank WDI (Crude Birth Rate),2026-09-02
LTU,Lithuania,2002,cbr,8.6,World Bank WDI (Crude Birth Rate),2026-09-02
LTU,Lithuania,2001,cbr,9.0,World Bank WDI (Crude Birth Rate),2026-09-02
LTU,Lithuania,2000,cbr,9.8,World Bank WDI (Crude Birth Rate),2026-09-02
LUX,Luxembourg,2023,cbr,9.5,World Bank WDI (Crude Birth Rate),2026-09-02
LUX,Luxembourg,2022,cbr,9.9,World Bank WDI (Crude Birth Rate),2026-09-02
LUX,Luxembourg,2021,cbr,10.5,World Bank WDI (Crude Birth Rate),2026-09-02
LUX,Luxembourg,2020,cbr,10.2,World Bank WDI (Crude Birth Rate),2026-09-02
LUX,Luxembourg,2019,cbr,10.0,World Bank WDI (Crude Birth Rate),2026-09-02
LUX,Luxembourg,2018,cbr,10.3,World Bank WDI (Crude Birth Rate),2026-09-02
LUX,Luxembourg,2017,cbr,10.4,World Bank WDI (Crude Birth Rate),2026-09-02
LUX,Luxembourg,2016,cbr,10.4,World Bank WDI (Crude Birth Rate),2026-09-02
LUX,Luxembourg,2015,cbr,10.7,World Bank WDI (Crude Birth Rate),2026-09-02
LUX,Luxembourg,2014,cbr,10.9,World Bank WDI (Crude Birth Rate),2026-09-02
LUX,Luxembourg,2013,cbr,11.3,World Bank WDI (Crude Birth Rate),2026-09-02
LUX,Luxembourg,2012,cbr,11.3,World Bank WDI (Crude Birth Rate),2026-09-02
LUX,Luxembourg,2011,cbr,10.9,World Bank WDI (Crude Birth Rate),2026-09-02
LUX,Luxembourg,2010,cbr,11.6,World Bank WDI (Crude Birth Rate),2026-09-02
LUX,Luxembourg,2009,cbr,11.3,World Bank WDI (Crude Birth Rate),2026-09-02
LUX,Luxembourg,2008,cbr,11.5,World Bank WDI (Crude Birth Rate),2026-09-02
LUX,Luxembourg,2007,cbr,11.4,World Bank WDI (Crude Birth Rate),2026-09-02
LUX,Luxembourg,2006,cbr,11.7,World Bank WDI (Crude Birth Rate),2026-09-02
LUX,Luxembourg,2005,cbr,11.5,World Bank WDI (Crude Birth Rate),2026-09-02
LUX,Luxembourg,2004,cbr,11.9,World Bank WDI (Crude Birth Rate),2026-09-02
LUX,Luxembourg,2003,cbr,11.7,World Bank WDI (Crude Birth Rate),2026-09-02
LUX,Luxembourg,2002,cbr,12.0,World Bank WDI (Crude Birth Rate),2026-09-02
LUX,Luxembourg,2001,cbr,12.4,World Bank WDI (Crude Birth Rate),2026-09-02
LUX,Luxembourg,2000,cbr,13.1,World Bank WDI (Crude Birth Rate),2026-09-02
MAC,"Macao SAR, China",2023,cbr,5.5,World Bank WDI (Crude Birth Rate),2026-09-02
MAC,"Macao SAR, China",2022,cbr,6.4,World Bank WDI (Crude Birth Rate),2026-09-02
MAC,"Macao SAR, China",2021,cbr,7.4,World Bank WDI (Crude Birth Rate),2026-09-02
MAC,"Macao SAR, China",2020,cbr,8.1,World Bank WDI (Crude Birth Rate),2026-09-02
MAC,"Macao SAR, China",2019,cbr,8.9,World Bank WDI (Crude Birth Rate),2026-09-02
MAC,"Macao SAR, China",2018,cbr,9.0,World Bank WDI (Crude Birth Rate),2026-09-02
MAC,"Macao SAR, China",2017,cbr,10.1,World Bank WDI (Crude Birth Rate),2026-09-02
MAC,"Macao SAR, China",2016,cbr,11.0,World Bank WDI (Crude Birth Rate),2026-09-02
MAC,"Macao SAR, China",2015,cbr,11.0,World Bank WDI (Crude Birth Rate),2026-09-02
MAC,"Macao SAR, China",2014,cbr,11.8,World Bank WDI (Crude Birth Rate),2026-09-02
MAC,"Macao SAR, China",2013,cbr,11.1,World Bank WDI (Crude Birth Rate),2026-09-02
MAC,"Macao SAR, China",2012,cbr,12.9,World Bank WDI (Crude Birth Rate),2026-09-02
MAC,"Macao SAR, China",2011,cbr,10.6,World Bank WDI (Crude Birth Rate),2026-09-02
MAC,"Macao SAR, China",2010,cbr,9.5,World Bank WDI (Crude Birth Rate),2026-09-02
MAC,"Macao SAR, China",2009,cbr,8.9,World Bank WDI (Crude Birth Rate),2026-09-02
MAC,"Macao SAR, China",2008,cbr,8.7,World Bank WDI (Crude Birth Rate),2026-09-02
MAC,"Macao SAR, China",2007,cbr,8.7,World Bank WDI (Crude Birth Rate),2026-09-02
MAC,"Macao SAR, China",2006,cbr,8.1,World Bank WDI (Crude Birth Rate),2026-09-02
MAC,"Macao SAR, China",2005,cbr,7.8,World Bank WDI (Crude Birth Rate),2026-09-02
MAC,"Macao SAR, China",2004,cbr,7.3,World Bank WDI (Crude Birth Rate),2026-09-02
MAC,"Macao SAR, China",2003,cbr,7.2,World Bank WDI (Crude Birth Rate),2026-09-02
MAC,"Macao SAR, China",2002,cbr,7.2,World Bank WDI (Crude Birth Rate),2026-09-02
MAC,"Macao SAR, China",2001,cbr,7.5,World Bank WDI (Crude Birth Rate),2026-09-02
MAC,"Macao SAR, China",2000,cbr,8.9,World Bank WDI (Crude Birth Rate),2026-09-02
MDG,Madagascar,2023,cbr,32.095,World Bank WDI (Crude Birth Rate),2026-09-02
MDG,Madagascar,2022,cbr,32.498,World Bank WDI (Crude Birth Rate),2026-09-02
MDG,Madagascar,2021,cbr,32.911,World Bank WDI (Crude Birth Rate),2026-09-02
MDG,Madagascar,2020,cbr,33.31,World Bank WDI (Crude Birth Rate),2026-09-02
MDG,Madagascar,2019,cbr,33.594,World Bank WDI (Crude Birth Rate),2026-09-02
MDG,Madagascar,2018,cbr,33.651,World Bank WDI (Crude Birth Rate),2026-09-02
MDG,Madagascar,2017,cbr,33.592,World Bank WDI (Crude Birth Rate),2026-09-02
MDG,Madagascar,2016,cbr,33.613,World Bank WDI (Crude Birth Rate),2026-09-02
MDG,Madagascar,2015,cbr,33.771,World Bank WDI (Crude Birth Rate),2026-09-02
MDG,Madagascar,2014,cbr,34.18,World Bank WDI (Crude Birth Rate),2026-09-02
MDG,Madagascar,2013,cbr,34.672,World Bank WDI (Crude Birth Rate),2026-09-02
MDG,Madagascar,2012,cbr,35.061,World Bank WDI (Crude Birth Rate),2026-09-02
MDG,Madagascar,2011,cbr,35.751,World Bank WDI (Crude Birth Rate),2026-09-02
MDG,Madagascar,2010,cbr,36.746,World Bank WDI (Crude Birth Rate),2026-09-02
MDG,Madagascar,2009,cbr,37.396,World Bank WDI (Crude Birth Rate),2026-09-02
MDG,Madagascar,2008,cbr,37.537,World Bank WDI (Crude Birth Rate),2026-09-02
MDG,Madagascar,2007,cbr,37.754,World Bank WDI (Crude Birth Rate),2026-09-02
MDG,Madagascar,2006,cbr,38.007,World Bank WDI (Crude Birth Rate),2026-09-02
MDG,Madagascar,2005,cbr,38.446,World Bank WDI (Crude Birth Rate),2026-09-02
MDG,Madagascar,2004,cbr,38.976,World Bank WDI (Crude Birth Rate),2026-09-02
MDG,Madagascar,2003,cbr,39.513,World Bank WDI (Crude Birth Rate),2026-09-02
MDG,Madagascar,2002,cbr,40.202,World Bank WDI (Crude Birth Rate),2026-09-02
MDG,Madagascar,2001,cbr,41.116,World Bank WDI (Crude Birth Rate),2026-09-02
MDG,Madagascar,2000,cbr,42.0,World Bank WDI (Crude Birth Rate),2026-09-02
MWI,Malawi,2023,cbr,31.381,World Bank WDI (Crude Birth Rate),2026-09-02
MWI,Malawi,2022,cbr,31.738,World Bank WDI (Crude Birth Rate),2026-09-02
MWI,Malawi,2021,cbr,32.066,World Bank WDI (Crude Birth Rate),2026-09-02
MWI,Malawi,2020,cbr,32.536,World Bank WDI (Crude Birth Rate),2026-09-02
MWI,Malawi,2019,cbr,32.902,World Bank WDI (Crude Birth Rate),2026-09-02
MWI,Malawi,2018,cbr,33.227,World Bank WDI (Crude Birth Rate),2026-09-02
MWI,Malawi,2017,cbr,33.682,World Bank WDI (Crude Birth Rate),2026-09-02
MWI,Malawi,2016,cbr,34.225,World Bank WDI (Crude Birth Rate),2026-09-02
MWI,Malawi,2015,cbr,35.296,World Bank WDI (Crude Birth Rate),2026-09-02
MWI,Malawi,2014,cbr,36.503,World Bank WDI (Crude Birth Rate),2026-09-02
MWI,Malawi,2013,cbr,37.722,World Bank WDI (Crude Birth Rate),2026-09-02
MWI,Malawi,2012,cbr,38.564,World Bank WDI (Crude Birth Rate),2026-09-02
MWI,Malawi,2011,cbr,39.69,World Bank WDI (Crude Birth Rate),2026-09-02
MWI,Malawi,2010,cbr,40.686,World Bank WDI (Crude Birth Rate),2026-09-02
MWI,Malawi,2009,cbr,41.745,World Bank WDI (Crude Birth Rate),2026-09-02
MWI,Malawi,2008,cbr,42.564,World Bank WDI (Crude Birth Rate),2026-09-02
MWI,Malawi,2007,cbr,43.274,World Bank WDI (Crude Birth Rate),2026-09-02
MWI,Malawi,2006,cbr,43.755,World Bank WDI (Crude Birth Rate),2026-09-02
MWI,Malawi,2005,cbr,44.003,World Bank WDI (Crude Birth Rate),2026-09-02
MWI,Malawi,2004,cbr,43.965,World Bank WDI (Crude Birth Rate),2026-09-02
MWI,Malawi,2003,cbr,43.907,World Bank WDI (Crude Birth Rate),2026-09-02
MWI,Malawi,2002,cbr,43.955,World Bank WDI (Crude Birth Rate),2026-09-02
MWI,Malawi,2001,cbr,44.179,World Bank WDI (Crude Birth Rate),2026-09-02
MWI,Malawi,2000,cbr,44.572,World Bank WDI (Crude Birth Rate),2026-09-02
MYS,Malaysia,2023,cbr,12.412,World Bank WDI (Crude Birth Rate),2026-09-02
MYS,Malaysia,2022,cbr,12.394,World Bank WDI (Crude Birth Rate),2026-09-02
MYS,Malaysia,2021,cbr,12.385,World Bank WDI (Crude Birth Rate),2026-09-02
MYS,Malaysia,2020,cbr,13.393,World Bank WDI (Crude Birth Rate),2026-09-02
MYS,Malaysia,2019,cbr,14.233,World Bank WDI (Crude Birth Rate),2026-09-02
MYS,Malaysia,2018,cbr,14.808,World Bank WDI (Crude Birth Rate),2026-09-02
MYS,Malaysia,2017,cbr,15.329,World Bank WDI (Crude Birth Rate),2026-09-02
MYS,Malaysia,2016,cbr,15.789,World Bank WDI (Crude Birth Rate),2026-09-02
MYS,Malaysia,2015,cbr,16.336,World Bank WDI (Crude Birth Rate),2026-09-02
MYS,Malaysia,2014,cbr,16.724,World Bank WDI (Crude Birth Rate),2026-09-02
MYS,Malaysia,2013,cbr,16.761,World Bank WDI (Crude Birth Rate),2026-09-02
MYS,Malaysia,2012,cbr,17.002,World Bank WDI (Crude Birth Rate),2026-09-02
MYS,Malaysia,2011,cbr,17.186,World Bank WDI (Crude Birth Rate),2026-09-02
MYS,Malaysia,2010,cbr,16.906,World Bank WDI (Crude Birth Rate),2026-09-02
MYS,Malaysia,2009,cbr,17.29,World Bank WDI (Crude Birth Rate),2026-09-02
MYS,Malaysia,2008,cbr,17.356,World Bank WDI (Crude Birth Rate),2026-09-02
MYS,Malaysia,2007,cbr,17.091,World Bank WDI (Crude Birth Rate),2026-09-02
MYS,Malaysia,2006,cbr,17.395,World Bank WDI (Crude Birth Rate),2026-09-02
MYS,Malaysia,2005,cbr,17.94,World Bank WDI (Crude Birth Rate),2026-09-02
MYS,Malaysia,2004,cbr,18.682,World Bank WDI (Crude Birth Rate),2026-09-02
MYS,Malaysia,2003,cbr,19.55,World Bank WDI (Crude Birth Rate),2026-09-02
MYS,Malaysia,2002,cbr,20.089,World Bank WDI (Crude Birth Rate),2026-09-02
MYS,Malaysia,2001,cbr,21.401,World Bank WDI (Crude Birth Rate),2026-09-02
MYS,Malaysia,2000,cbr,22.603,World Bank WDI (Crude Birth Rate),2026-09-02
MDV,Maldives,2023,cbr,11.018,World Bank WDI (Crude Birth Rate),2026-09-02
MDV,Maldives,2022,cbr,11.396,World Bank WDI (Crude Birth Rate),2026-09-02
MDV,Maldives,2021,cbr,11.694,World Bank WDI (Crude Birth Rate),2026-09-02
MDV,Maldives,2020,cbr,12.112,World Bank WDI (Crude Birth Rate),2026-09-02
MDV,Maldives,2019,cbr,12.597,World Bank WDI (Crude Birth Rate),2026-09-02
MDV,Maldives,2018,cbr,13.395,World Bank WDI (Crude Birth Rate),2026-09-02
MDV,Maldives,2017,cbr,14.342,World Bank WDI (Crude Birth Rate),2026-09-02
MDV,Maldives,2016,cbr,15.512,World Bank WDI (Crude Birth Rate),2026-09-02
MDV,Maldives,2015,cbr,16.664,World Bank WDI (Crude Birth Rate),2026-09-02
MDV,Maldives,2014,cbr,17.76,World Bank WDI (Crude Birth Rate),2026-09-02
MDV,Maldives,2013,cbr,18.803,World Bank WDI (Crude Birth Rate),2026-09-02
MDV,Maldives,2012,cbr,19.774,World Bank WDI (Crude Birth Rate),2026-09-02
MDV,Maldives,2011,cbr,20.401,World Bank WDI (Crude Birth Rate),2026-09-02
MDV,Maldives,2010,cbr,20.889,World Bank WDI (Crude Birth Rate),2026-09-02
MDV,Maldives,2009,cbr,21.267,World Bank WDI (Crude Birth Rate),2026-09-02
MDV,Maldives,2008,cbr,20.904,World Bank WDI (Crude Birth Rate),2026-09-02
MDV,Maldives,2007,cbr,19.955,World Bank WDI (Crude Birth Rate),2026-09-02
MDV,Maldives,2006,cbr,18.819,World Bank WDI (Crude Birth Rate),2026-09-02
MDV,Maldives,2005,cbr,18.322,World Bank WDI (Crude Birth Rate),2026-09-02
MDV,Maldives,2004,cbr,18.326,World Bank WDI (Crude Birth Rate),2026-09-02
MDV,Maldives,2003,cbr,18.448,World Bank WDI (Crude Birth Rate),2026-09-02
MDV,Maldives,2002,cbr,18.666,World Bank WDI (Crude Birth Rate),2026-09-02
MDV,Maldives,2001,cbr,19.105,World Bank WDI (Crude Birth Rate),2026-09-02
MDV,Maldives,2000,cbr,19.916,World Bank WDI (Crude Birth Rate),2026-09-02
MLI,Mali,2023,cbr,40.029,World Bank WDI (Crude Birth Rate),2026-09-02
MLI,Mali,2022,cbr,40.345,World Bank WDI (Crude Birth Rate),2026-09-02
MLI,Mali,2021,cbr,40.707,World Bank WDI (Crude Birth Rate),2026-09-02
MLI,Mali,2020,cbr,40.959,World Bank WDI (Crude Birth Rate),2026-09-02
MLI,Mali,2019,cbr,41.139,World Bank WDI (Crude Birth Rate),2026-09-02
MLI,Mali,2018,cbr,42.585,World Bank WDI (Crude Birth Rate),2026-09-02
MLI,Mali,2017,cbr,43.444,World Bank WDI (Crude Birth Rate),2026-09-02
MLI,Mali,2016,cbr,43.911,World Bank WDI (Crude Birth Rate),2026-09-02
MLI,Mali,2015,cbr,44.474,World Bank WDI (Crude Birth Rate),2026-09-02
MLI,Mali,2014,cbr,44.983,World Bank WDI (Crude Birth Rate),2026-09-02
MLI,Mali,2013,cbr,45.461,World Bank WDI (Crude Birth Rate),2026-09-02
MLI,Mali,2012,cbr,46.279,World Bank WDI (Crude Birth Rate),2026-09-02
MLI,Mali,2011,cbr,46.477,World Bank WDI (Crude Birth Rate),2026-09-02
MLI,Mali,2010,cbr,46.892,World Bank WDI (Crude Birth Rate),2026-09-02
MLI,Mali,2009,cbr,47.015,World Bank WDI (Crude Birth Rate),2026-09-02
MLI,Mali,2008,cbr,47.203,World Bank WDI (Crude Birth Rate),2026-09-02
MLI,Mali,2007,cbr,47.394,World Bank WDI (Crude Birth Rate),2026-09-02
MLI,Mali,2006,cbr,47.602,World Bank WDI (Crude Birth Rate),2026-09-02
MLI,Mali,2005,cbr,47.891,World Bank WDI (Crude Birth Rate),2026-09-02
MLI,Mali,2004,cbr,47.774,World Bank WDI (Crude Birth Rate),2026-09-02
MLI,Mali,2003,cbr,47.566,World Bank WDI (Crude Birth Rate),2026-09-02
MLI,Mali,2002,cbr,47.348,World Bank WDI (Crude Birth Rate),2026-09-02
MLI,Mali,2001,cbr,47.14,World Bank WDI (Crude Birth Rate),2026-09-02
MLI,Mali,2000,cbr,47.091,World Bank WDI (Crude Birth Rate),2026-09-02
MLT,Malta,2023,cbr,8.1,World Bank WDI (Crude Birth Rate),2026-09-02
MLT,Malta,2022,cbr,8.1,World Bank WDI (Crude Birth Rate),2026-09-02
MLT,Malta,2021,cbr,8.5,World Bank WDI (Crude Birth Rate),2026-09-02
MLT,Malta,2020,cbr,8.6,World Bank WDI (Crude Birth Rate),2026-09-02
MLT,Malta,2019,cbr,8.6,World Bank WDI (Crude Birth Rate),2026-09-02
MLT,Malta,2018,cbr,9.2,World Bank WDI (Crude Birth Rate),2026-09-02
MLT,Malta,2017,cbr,9.2,World Bank WDI (Crude Birth Rate),2026-09-02
MLT,Malta,2016,cbr,9.8,World Bank WDI (Crude Birth Rate),2026-09-02
MLT,Malta,2015,cbr,9.7,World Bank WDI (Crude Birth Rate),2026-09-02
MLT,Malta,2014,cbr,9.6,World Bank WDI (Crude Birth Rate),2026-09-02
MLT,Malta,2013,cbr,9.5,World Bank WDI (Crude Birth Rate),2026-09-02
MLT,Malta,2012,cbr,9.8,World Bank WDI (Crude Birth Rate),2026-09-02
MLT,Malta,2011,cbr,10.0,World Bank WDI (Crude Birth Rate),2026-09-02
MLT,Malta,2010,cbr,9.4,World Bank WDI (Crude Birth Rate),2026-09-02
MLT,Malta,2009,cbr,9.8,World Bank WDI (Crude Birth Rate),2026-09-02
MLT,Malta,2008,cbr,9.8,World Bank WDI (Crude Birth Rate),2026-09-02
MLT,Malta,2007,cbr,9.3,World Bank WDI (Crude Birth Rate),2026-09-02
MLT,Malta,2006,cbr,9.3,World Bank WDI (Crude Birth Rate),2026-09-02
MLT,Malta,2005,cbr,9.6,World Bank WDI (Crude Birth Rate),2026-09-02
MLT,Malta,2004,cbr,9.7,World Bank WDI (Crude Birth Rate),2026-09-02
MLT,Malta,2003,cbr,10.2,World Bank WDI (Crude Birth Rate),2026-09-02
MLT,Malta,2002,cbr,9.9,World Bank WDI (Crude Birth Rate),2026-09-02
MLT,Malta,2001,cbr,10.1,World Bank WDI (Crude Birth Rate),2026-09-02
MLT,Malta,2000,cbr,11.3,World Bank WDI (Crude Birth Rate),2026-09-02
MHL,Marshall Islands,2023,cbr,21.137,World Bank WDI (Crude Birth Rate),2026-09-02
MHL,Marshall Islands,2022,cbr,21.989,World Bank WDI (Crude Birth Rate),2026-09-02
MHL,Marshall Islands,2021,cbr,23.176,World Bank WDI (Crude Birth Rate),2026-09-02
MHL,Marshall Islands,2020,cbr,23.439,World Bank WDI (Crude Birth Rate),2026-09-02
MHL,Marshall Islands,2019,cbr,23.736,World Bank WDI (Crude Birth Rate),2026-09-02
MHL,Marshall Islands,2018,cbr,24.066,World Bank WDI (Crude Birth Rate),2026-09-02
MHL,Marshall Islands,2017,cbr,24.391,World Bank WDI (Crude Birth Rate),2026-09-02
MHL,Marshall Islands,2016,cbr,24.72,World Bank WDI (Crude Birth Rate),2026-09-02
MHL,Marshall Islands,2015,cbr,25.164,World Bank WDI (Crude Birth Rate),2026-09-02
MHL,Marshall Islands,2014,cbr,25.695,World Bank WDI (Crude Birth Rate),2026-09-02
MHL,Marshall Islands,2013,cbr,26.395,World Bank WDI (Crude Birth Rate),2026-09-02
MHL,Marshall Islands,2012,cbr,27.707,World Bank WDI (Crude Birth Rate),2026-09-02
MHL,Marshall Islands,2011,cbr,29.216,World Bank WDI (Crude Birth Rate),2026-09-02
MHL,Marshall Islands,2010,cbr,30.935,World Bank WDI (Crude Birth Rate),2026-09-02
MHL,Marshall Islands,2009,cbr,32.793,World Bank WDI (Crude Birth Rate),2026-09-02
MHL,Marshall Islands,2008,cbr,34.331,World Bank WDI (Crude Birth Rate),2026-09-02
MHL,Marshall Islands,2007,cbr,35.59,World Bank WDI (Crude Birth Rate),2026-09-02
MHL,Marshall Islands,2006,cbr,36.551,World Bank WDI (Crude Birth Rate),2026-09-02
MHL,Marshall Islands,2005,cbr,37.188,World Bank WDI (Crude Birth Rate),2026-09-02
MHL,Marshall Islands,2004,cbr,37.417,World Bank WDI (Crude Birth Rate),2026-09-02
MHL,Marshall Islands,2003,cbr,37.593,World Bank WDI (Crude Birth Rate),2026-09-02
MHL,Marshall Islands,2002,cbr,37.611,World Bank WDI (Crude Birth Rate),2026-09-02
MHL,Marshall Islands,2001,cbr,37.834,World Bank WDI (Crude Birth Rate),2026-09-02
MHL,Marshall Islands,2000,cbr,38.152,World Bank WDI (Crude Birth Rate),2026-09-02
MRT,Mauritania,2023,cbr,34.423,World Bank WDI (Crude Birth Rate),2026-09-02
MRT,Mauritania,2022,cbr,34.844,World Bank WDI (Crude Birth Rate),2026-09-02
MRT,Mauritania,2021,cbr,35.342,World Bank WDI (Crude Birth Rate),2026-09-02
MRT,Mauritania,2020,cbr,35.735,World Bank WDI (Crude Birth Rate),2026-09-02
MRT,Mauritania,2019,cbr,36.211,World Bank WDI (Crude Birth Rate),2026-09-02
MRT,Mauritania,2018,cbr,36.621,World Bank WDI (Crude Birth Rate),2026-09-02
MRT,Mauritania,2017,cbr,37.046,World Bank WDI (Crude Birth Rate),2026-09-02
MRT,Mauritania,2016,cbr,37.402,World Bank WDI (Crude Birth Rate),2026-09-02
MRT,Mauritania,2015,cbr,37.778,World Bank WDI (Crude Birth Rate),2026-09-02
MRT,Mauritania,2014,cbr,38.127,World Bank WDI (Crude Birth Rate),2026-09-02
MRT,Mauritania,2013,cbr,38.509,World Bank WDI (Crude Birth Rate),2026-09-02
MRT,Mauritania,2012,cbr,38.74,World Bank WDI (Crude Birth Rate),2026-09-02
MRT,Mauritania,2011,cbr,38.941,World Bank WDI (Crude Birth Rate),2026-09-02
MRT,Mauritania,2010,cbr,38.939,World Bank WDI (Crude Birth Rate),2026-09-02
MRT,Mauritania,2009,cbr,39.005,World Bank WDI (Crude Birth Rate),2026-09-02
MRT,Mauritania,2008,cbr,39.074,World Bank WDI (Crude Birth Rate),2026-09-02
MRT,Mauritania,2007,cbr,39.041,World Bank WDI (Crude Birth Rate),2026-09-02
MRT,Mauritania,2006,cbr,38.762,World Bank WDI (Crude Birth Rate),2026-09-02
MRT,Mauritania,2005,cbr,38.436,World Bank WDI (Crude Birth Rate),2026-09-02
MRT,Mauritania,2004,cbr,38.273,World Bank WDI (Crude Birth Rate),2026-09-02
MRT,Mauritania,2003,cbr,37.912,World Bank WDI (Crude Birth Rate),2026-09-02
MRT,Mauritania,2002,cbr,37.855,World Bank WDI (Crude Birth Rate),2026-09-02
MRT,Mauritania,2001,cbr,37.983,World Bank WDI (Crude Birth Rate),2026-09-02
MRT,Mauritania,2000,cbr,37.914,World Bank WDI (Crude Birth Rate),2026-09-02
MUS,Mauritius,2023,cbr,10.3,World Bank WDI (Crude Birth Rate),2026-09-02
MUS,Mauritius,2022,cbr,9.7,World Bank WDI (Crude Birth Rate),2026-09-02
MUS,Mauritius,2021,cbr,10.3,World Bank WDI (Crude Birth Rate),2026-09-02
MUS,Mauritius,2020,cbr,10.7,World Bank WDI (Crude Birth Rate),2026-09-02
MUS,Mauritius,2019,cbr,10.2,World Bank WDI (Crude Birth Rate),2026-09-02
MUS,Mauritius,2018,cbr,10.3,World Bank WDI (Crude Birth Rate),2026-09-02
MUS,Mauritius,2017,cbr,10.7,World Bank WDI (Crude Birth Rate),2026-09-02
MUS,Mauritius,2016,cbr,10.4,World Bank WDI (Crude Birth Rate),2026-09-02
MUS,Mauritius,2015,cbr,10.1,World Bank WDI (Crude Birth Rate),2026-09-02
MUS,Mauritius,2014,cbr,10.6,World Bank WDI (Crude Birth Rate),2026-09-02
MUS,Mauritius,2013,cbr,10.9,World Bank WDI (Crude Birth Rate),2026-09-02
MUS,Mauritius,2012,cbr,11.5,World Bank WDI (Crude Birth Rate),2026-09-02
MUS,Mauritius,2011,cbr,11.7,World Bank WDI (Crude Birth Rate),2026-09-02
MUS,Mauritius,2010,cbr,12.0,World Bank WDI (Crude Birth Rate),2026-09-02
MUS,Mauritius,2009,cbr,12.3,World Bank WDI (Crude Birth Rate),2026-09-02
MUS,Mauritius,2008,cbr,13.2,World Bank WDI (Crude Birth Rate),2026-09-02
MUS,Mauritius,2007,cbr,13.7,World Bank WDI (Crude Birth Rate),2026-09-02
MUS,Mauritius,2006,cbr,14.3,World Bank WDI (Crude Birth Rate),2026-09-02
MUS,Mauritius,2005,cbr,15.3,World Bank WDI (Crude Birth Rate),2026-09-02
MUS,Mauritius,2004,cbr,15.7,World Bank WDI (Crude Birth Rate),2026-09-02
MUS,Mauritius,2003,cbr,15.9,World Bank WDI (Crude Birth Rate),2026-09-02
MUS,Mauritius,2002,cbr,16.6,World Bank WDI (Crude Birth Rate),2026-09-02
MUS,Mauritius,2001,cbr,16.5,World Bank WDI (Crude Birth Rate),2026-09-02
MUS,Mauritius,2000,cbr,17.0,World Bank WDI (Crude Birth Rate),2026-09-02
MEX,Mexico,2023,cbr,15.706,World Bank WDI (Crude Birth Rate),2026-09-02
MEX,Mexico,2022,cbr,16.041,World Bank WDI (Crude Birth Rate),2026-09-02
MEX,Mexico,2021,cbr,16.353,World Bank WDI (Crude Birth Rate),2026-09-02
MEX,Mexico,2020,cbr,16.565,World Bank WDI (Crude Birth Rate),2026-09-02
MEX,Mexico,2019,cbr,16.877,World Bank WDI (Crude Birth Rate),2026-09-02
MEX,Mexico,2018,cbr,17.037,World Bank WDI (Crude Birth Rate),2026-09-02
MEX,Mexico,2017,cbr,17.214,World Bank WDI (Crude Birth Rate),2026-09-02
MEX,Mexico,2016,cbr,17.69,World Bank WDI (Crude Birth Rate),2026-09-02
MEX,Mexico,2015,cbr,18.227,World Bank WDI (Crude Birth Rate),2026-09-02
MEX,Mexico,2014,cbr,18.959,World Bank WDI (Crude Birth Rate),2026-09-02
MEX,Mexico,2013,cbr,19.557,World Bank WDI (Crude Birth Rate),2026-09-02
MEX,Mexico,2012,cbr,19.855,World Bank WDI (Crude Birth Rate),2026-09-02
MEX,Mexico,2011,cbr,20.095,World Bank WDI (Crude Birth Rate),2026-09-02
MEX,Mexico,2010,cbr,20.331,World Bank WDI (Crude Birth Rate),2026-09-02
MEX,Mexico,2009,cbr,20.567,World Bank WDI (Crude Birth Rate),2026-09-02
MEX,Mexico,2008,cbr,20.82,World Bank WDI (Crude Birth Rate),2026-09-02
MEX,Mexico,2007,cbr,21.11,World Bank WDI (Crude Birth Rate),2026-09-02
MEX,Mexico,2006,cbr,21.482,World Bank WDI (Crude Birth Rate),2026-09-02
MEX,Mexico,2005,cbr,21.912,World Bank WDI (Crude Birth Rate),2026-09-02
MEX,Mexico,2004,cbr,22.369,World Bank WDI (Crude Birth Rate),2026-09-02
MEX,Mexico,2003,cbr,22.832,World Bank WDI (Crude Birth Rate),2026-09-02
MEX,Mexico,2002,cbr,23.379,World Bank WDI (Crude Birth Rate),2026-09-02
MEX,Mexico,2001,cbr,23.779,World Bank WDI (Crude Birth Rate),2026-09-02
MEX,Mexico,2000,cbr,24.192,World Bank WDI (Crude Birth Rate),2026-09-02
FSM,"Micronesia, Fed. Sts.",2023,cbr,22.299,World Bank WDI (Crude Birth Rate),2026-09-02
FSM,"Micronesia, Fed. Sts.",2022,cbr,22.509,World Bank WDI (Crude Birth Rate),2026-09-02
FSM,"Micronesia, Fed. Sts.",2021,cbr,22.686,World Bank WDI (Crude Birth Rate),2026-09-02
FSM,"Micronesia, Fed. Sts.",2020,cbr,22.693,World Bank WDI (Crude Birth Rate),2026-09-02
FSM,"Micronesia, Fed. Sts.",2019,cbr,22.891,World Bank WDI (Crude Birth Rate),2026-09-02
FSM,"Micronesia, Fed. Sts.",2018,cbr,23.056,World Bank WDI (Crude Birth Rate),2026-09-02
FSM,"Micronesia, Fed. Sts.",2017,cbr,23.169,World Bank WDI (Crude Birth Rate),2026-09-02
FSM,"Micronesia, Fed. Sts.",2016,cbr,23.352,World Bank WDI (Crude Birth Rate),2026-09-02
FSM,"Micronesia, Fed. Sts.",2015,cbr,23.573,World Bank WDI (Crude Birth Rate),2026-09-02
FSM,"Micronesia, Fed. Sts.",2014,cbr,23.781,World Bank WDI (Crude Birth Rate),2026-09-02
FSM,"Micronesia, Fed. Sts.",2013,cbr,24.03,World Bank WDI (Crude Birth Rate),2026-09-02
FSM,"Micronesia, Fed. Sts.",2012,cbr,24.37,World Bank WDI (Crude Birth Rate),2026-09-02
FSM,"Micronesia, Fed. Sts.",2011,cbr,24.742,World Bank WDI (Crude Birth Rate),2026-09-02
FSM,"Micronesia, Fed. Sts.",2010,cbr,25.211,World Bank WDI (Crude Birth Rate),2026-09-02
FSM,"Micronesia, Fed. Sts.",2009,cbr,25.821,World Bank WDI (Crude Birth Rate),2026-09-02
FSM,"Micronesia, Fed. Sts.",2008,cbr,26.413,World Bank WDI (Crude Birth Rate),2026-09-02
FSM,"Micronesia, Fed. Sts.",2007,cbr,27.095,World Bank WDI (Crude Birth Rate),2026-09-02
FSM,"Micronesia, Fed. Sts.",2006,cbr,27.762,World Bank WDI (Crude Birth Rate),2026-09-02
FSM,"Micronesia, Fed. Sts.",2005,cbr,28.391,World Bank WDI (Crude Birth Rate),2026-09-02
FSM,"Micronesia, Fed. Sts.",2004,cbr,28.966,World Bank WDI (Crude Birth Rate),2026-09-02
FSM,"Micronesia, Fed. Sts.",2003,cbr,29.593,World Bank WDI (Crude Birth Rate),2026-09-02
FSM,"Micronesia, Fed. Sts.",2002,cbr,30.474,World Bank WDI (Crude Birth Rate),2026-09-02
FSM,"Micronesia, Fed. Sts.",2001,cbr,31.445,World Bank WDI (Crude Birth Rate),2026-09-02
FSM,"Micronesia, Fed. Sts.",2000,cbr,32.151,World Bank WDI (Crude Birth Rate),2026-09-02
MDA,Moldova,2023,cbr,10.755,World Bank WDI (Crude Birth Rate),2026-09-02
MDA,Moldova,2022,cbr,10.545,World Bank WDI (Crude Birth Rate),2026-09-02
MDA,Moldova,2021,cbr,11.521,World Bank WDI (Crude Birth Rate),2026-09-02
MDA,Moldova,2020,cbr,12.077,World Bank WDI (Crude Birth Rate),2026-09-02
MDA,Moldova,2019,cbr,12.637,World Bank WDI (Crude Birth Rate),2026-09-02
MDA,Moldova,2018,cbr,13.275,World Bank WDI (Crude Birth Rate),2026-09-02
MDA,Moldova,2017,cbr,13.762,World Bank WDI (Crude Birth Rate),2026-09-02
MDA,Moldova,2016,cbr,14.88,World Bank WDI (Crude Birth Rate),2026-09-02
MDA,Moldova,2015,cbr,15.227,World Bank WDI (Crude Birth Rate),2026-09-02
MDA,Moldova,2014,cbr,15.295,World Bank WDI (Crude Birth Rate),2026-09-02
MDA,Moldova,2013,cbr,13.795,World Bank WDI (Crude Birth Rate),2026-09-02
MDA,Moldova,2012,cbr,14.251,World Bank WDI (Crude Birth Rate),2026-09-02
MDA,Moldova,2011,cbr,14.264,World Bank WDI (Crude Birth Rate),2026-09-02
MDA,Moldova,2010,cbr,14.785,World Bank WDI (Crude Birth Rate),2026-09-02
MDA,Moldova,2009,cbr,14.951,World Bank WDI (Crude Birth Rate),2026-09-02
MDA,Moldova,2008,cbr,14.256,World Bank WDI (Crude Birth Rate),2026-09-02
MDA,Moldova,2007,cbr,13.691,World Bank WDI (Crude Birth Rate),2026-09-02
MDA,Moldova,2006,cbr,13.298,World Bank WDI (Crude Birth Rate),2026-09-02
MDA,Moldova,2005,cbr,13.119,World Bank WDI (Crude Birth Rate),2026-09-02
MDA,Moldova,2004,cbr,12.984,World Bank WDI (Crude Birth Rate),2026-09-02
MDA,Moldova,2003,cbr,12.166,World Bank WDI (Crude Birth Rate),2026-09-02
MDA,Moldova,2002,cbr,11.683,World Bank WDI (Crude Birth Rate),2026-09-02
MDA,Moldova,2001,cbr,11.68,World Bank WDI (Crude Birth Rate),2026-09-02
MDA,Moldova,2000,cbr,11.708,World Bank WDI (Crude Birth Rate),2026-09-02
MCO,Monaco,2023,cbr,9.441,World Bank WDI (Crude Birth Rate),2026-09-02
MCO,Monaco,2022,cbr,8.687,World Bank WDI (Crude Birth Rate),2026-09-02
MCO,Monaco,2021,cbr,8.689,World Bank WDI (Crude Birth Rate),2026-09-02
MCO,Monaco,2020,cbr,9.746,World Bank WDI (Crude Birth Rate),2026-09-02
MCO,Monaco,2019,cbr,9.965,World Bank WDI (Crude Birth Rate),2026-09-02
MCO,Monaco,2018,cbr,10.194,World Bank WDI (Crude Birth Rate),2026-09-02
MCO,Monaco,2017,cbr,10.001,World Bank WDI (Crude Birth Rate),2026-09-02
MCO,Monaco,2016,cbr,10.757,World Bank WDI (Crude Birth Rate),2026-09-02
MCO,Monaco,2015,cbr,10.585,World Bank WDI (Crude Birth Rate),2026-09-02
MCO,Monaco,2014,cbr,10.684,World Bank WDI (Crude Birth Rate),2026-09-02
MCO,Monaco,2013,cbr,10.131,World Bank WDI (Crude Birth Rate),2026-09-02
MCO,Monaco,2012,cbr,10.28,World Bank WDI (Crude Birth Rate),2026-09-02
MCO,Monaco,2011,cbr,10.209,World Bank WDI (Crude Birth Rate),2026-09-02
MCO,Monaco,2010,cbr,11.328,World Bank WDI (Crude Birth Rate),2026-09-02
MCO,Monaco,2009,cbr,11.821,World Bank WDI (Crude Birth Rate),2026-09-02
MCO,Monaco,2008,cbr,12.176,World Bank WDI (Crude Birth Rate),2026-09-02
MCO,Monaco,2007,cbr,11.483,World Bank WDI (Crude Birth Rate),2026-09-02
MCO,Monaco,2006,cbr,11.072,World Bank WDI (Crude Birth Rate),2026-09-02
MCO,Monaco,2005,cbr,10.735,World Bank WDI (Crude Birth Rate),2026-09-02
MCO,Monaco,2004,cbr,10.855,World Bank WDI (Crude Birth Rate),2026-09-02
MCO,Monaco,2003,cbr,10.612,World Bank WDI (Crude Birth Rate),2026-09-02
MCO,Monaco,2002,cbr,11.341,World Bank WDI (Crude Birth Rate),2026-09-02
MCO,Monaco,2001,cbr,12.561,World Bank WDI (Crude Birth Rate),2026-09-02
MCO,Monaco,2000,cbr,12.23,World Bank WDI (Crude Birth Rate),2026-09-02
MNG,Mongolia,2023,cbr,19.0,World Bank WDI (Crude Birth Rate),2026-09-02
MNG,Mongolia,2022,cbr,19.5,World Bank WDI (Crude Birth Rate),2026-09-02
MNG,Mongolia,2021,cbr,21.6,World Bank WDI (Crude Birth Rate),2026-09-02
MNG,Mongolia,2020,cbr,23.4,World Bank WDI (Crude Birth Rate),2026-09-02
MNG,Mongolia,2019,cbr,24.4,World Bank WDI (Crude Birth Rate),2026-09-02
MNG,Mongolia,2018,cbr,24.5,World Bank WDI (Crude Birth Rate),2026-09-02
MNG,Mongolia,2017,cbr,23.9,World Bank WDI (Crude Birth Rate),2026-09-02
MNG,Mongolia,2016,cbr,25.9,World Bank WDI (Crude Birth Rate),2026-09-02
MNG,Mongolia,2015,cbr,27.1,World Bank WDI (Crude Birth Rate),2026-09-02
MNG,Mongolia,2014,cbr,28.0,World Bank WDI (Crude Birth Rate),2026-09-02
MNG,Mongolia,2013,cbr,27.5,World Bank WDI (Crude Birth Rate),2026-09-02
MNG,Mongolia,2012,cbr,26.0,World Bank WDI (Crude Birth Rate),2026-09-02
MNG,Mongolia,2011,cbr,25.1,World Bank WDI (Crude Birth Rate),2026-09-02
MNG,Mongolia,2010,cbr,23.1,World Bank WDI (Crude Birth Rate),2026-09-02
MNG,Mongolia,2009,cbr,24.816,World Bank WDI (Crude Birth Rate),2026-09-02
MNG,Mongolia,2008,cbr,23.899,World Bank WDI (Crude Birth Rate),2026-09-02
MNG,Mongolia,2007,cbr,21.889,World Bank WDI (Crude Birth Rate),2026-09-02
MNG,Mongolia,2006,cbr,19.96,World Bank WDI (Crude Birth Rate),2026-09-02
MNG,Mongolia,2005,cbr,18.566,World Bank WDI (Crude Birth Rate),2026-09-02
MNG,Mongolia,2004,cbr,18.398,World Bank WDI (Crude Birth Rate),2026-09-02
MNG,Mongolia,2003,cbr,18.648,World Bank WDI (Crude Birth Rate),2026-09-02
MNG,Mongolia,2002,cbr,19.424,World Bank WDI (Crude Birth Rate),2026-09-02
MNG,Mongolia,2001,cbr,20.257,World Bank WDI (Crude Birth Rate),2026-09-02
MNG,Mongolia,2000,cbr,20.794,World Bank WDI (Crude Birth Rate),2026-09-02
MNE,Montenegro,2023,cbr,11.2,World Bank WDI (Crude Birth Rate),2026-09-02
MNE,Montenegro,2022,cbr,11.3,World Bank WDI (Crude Birth Rate),2026-09-02
MNE,Montenegro,2021,cbr,11.3,World Bank WDI (Crude Birth Rate),2026-09-02
MNE,Montenegro,2020,cbr,11.3,World Bank WDI (Crude Birth Rate),2026-09-02
MNE,Montenegro,2019,cbr,11.5,World Bank WDI (Crude Birth Rate),2026-09-02
MNE,Montenegro,2018,cbr,11.6,World Bank WDI (Crude Birth Rate),2026-09-02
MNE,Montenegro,2017,cbr,11.9,World Bank WDI (Crude Birth Rate),2026-09-02
MNE,Montenegro,2016,cbr,12.1,World Bank WDI (Crude Birth Rate),2026-09-02
MNE,Montenegro,2015,cbr,11.8,World Bank WDI (Crude Birth Rate),2026-09-02
MNE,Montenegro,2014,cbr,12.1,World Bank WDI (Crude Birth Rate),2026-09-02
MNE,Montenegro,2013,cbr,12.0,World Bank WDI (Crude Birth Rate),2026-09-02
MNE,Montenegro,2012,cbr,12.0,World Bank WDI (Crude Birth Rate),2026-09-02
MNE,Montenegro,2011,cbr,11.6,World Bank WDI (Crude Birth Rate),2026-09-02
MNE,Montenegro,2010,cbr,12.0,World Bank WDI (Crude Birth Rate),2026-09-02
MNE,Montenegro,2009,cbr,14.0,World Bank WDI (Crude Birth Rate),2026-09-02
MNE,Montenegro,2008,cbr,13.4,World Bank WDI (Crude Birth Rate),2026-09-02
MNE,Montenegro,2007,cbr,12.7,World Bank WDI (Crude Birth Rate),2026-09-02
MNE,Montenegro,2006,cbr,12.3,World Bank WDI (Crude Birth Rate),2026-09-02
MNE,Montenegro,2005,cbr,12.0,World Bank WDI (Crude Birth Rate),2026-09-02
MNE,Montenegro,2004,cbr,12.8,World Bank WDI (Crude Birth Rate),2026-09-02
MNE,Montenegro,2003,cbr,13.6,World Bank WDI (Crude Birth Rate),2026-09-02
MNE,Montenegro,2002,cbr,13.9,World Bank WDI (Crude Birth Rate),2026-09-02
MNE,Montenegro,2001,cbr,14.6,World Bank WDI (Crude Birth Rate),2026-09-02
MNE,Montenegro,2000,cbr,15.2,World Bank WDI (Crude Birth Rate),2026-09-02
MAR,Morocco,2023,cbr,16.701,World Bank WDI (Crude Birth Rate),2026-09-02
MAR,Morocco,2022,cbr,17.035,World Bank WDI (Crude Birth Rate),2026-09-02
MAR,Morocco,2021,cbr,17.458,World Bank WDI (Crude Birth Rate),2026-09-02
MAR,Morocco,2020,cbr,17.85,World Bank WDI (Crude Birth Rate),2026-09-02
MAR,Morocco,2019,cbr,18.258,World Bank WDI (Crude Birth Rate),2026-09-02
MAR,Morocco,2018,cbr,18.573,World Bank WDI (Crude Birth Rate),2026-09-02
MAR,Morocco,2017,cbr,18.918,World Bank WDI (Crude Birth Rate),2026-09-02
MAR,Morocco,2016,cbr,19.224,World Bank WDI (Crude Birth Rate),2026-09-02
MAR,Morocco,2015,cbr,19.488,World Bank WDI (Crude Birth Rate),2026-09-02
MAR,Morocco,2014,cbr,19.787,World Bank WDI (Crude Birth Rate),2026-09-02
MAR,Morocco,2013,cbr,20.341,World Bank WDI (Crude Birth Rate),2026-09-02
MAR,Morocco,2012,cbr,20.978,World Bank WDI (Crude Birth Rate),2026-09-02
MAR,Morocco,2011,cbr,21.506,World Bank WDI (Crude Birth Rate),2026-09-02
MAR,Morocco,2010,cbr,21.871,World Bank WDI (Crude Birth Rate),2026-09-02
MAR,Morocco,2009,cbr,21.913,World Bank WDI (Crude Birth Rate),2026-09-02
MAR,Morocco,2008,cbr,21.859,World Bank WDI (Crude Birth Rate),2026-09-02
MAR,Morocco,2007,cbr,21.922,World Bank WDI (Crude Birth Rate),2026-09-02
MAR,Morocco,2006,cbr,21.858,World Bank WDI (Crude Birth Rate),2026-09-02
MAR,Morocco,2005,cbr,21.818,World Bank WDI (Crude Birth Rate),2026-09-02
MAR,Morocco,2004,cbr,21.686,World Bank WDI (Crude Birth Rate),2026-09-02
MAR,Morocco,2003,cbr,21.589,World Bank WDI (Crude Birth Rate),2026-09-02
MAR,Morocco,2002,cbr,21.6,World Bank WDI (Crude Birth Rate),2026-09-02
MAR,Morocco,2001,cbr,22.087,World Bank WDI (Crude Birth Rate),2026-09-02
MAR,Morocco,2000,cbr,22.689,World Bank WDI (Crude Birth Rate),2026-09-02
MOZ,Mozambique,2023,cbr,37.486,World Bank WDI (Crude Birth Rate),2026-09-02
MOZ,Mozambique,2022,cbr,37.99,World Bank WDI (Crude Birth Rate),2026-09-02
MOZ,Mozambique,2021,cbr,38.403,World Bank WDI (Crude Birth Rate),2026-09-02
MOZ,Mozambique,2020,cbr,38.736,World Bank WDI (Crude Birth Rate),2026-09-02
MOZ,Mozambique,2019,cbr,39.117,World Bank WDI (Crude Birth Rate),2026-09-02
MOZ,Mozambique,2018,cbr,39.448,World Bank WDI (Crude Birth Rate),2026-09-02
MOZ,Mozambique,2017,cbr,39.755,World Bank WDI (Crude Birth Rate),2026-09-02
MOZ,Mozambique,2016,cbr,40.093,World Bank WDI (Crude Birth Rate),2026-09-02
MOZ,Mozambique,2015,cbr,40.426,World Bank WDI (Crude Birth Rate),2026-09-02
MOZ,Mozambique,2014,cbr,40.792,World Bank WDI (Crude Birth Rate),2026-09-02
MOZ,Mozambique,2013,cbr,41.554,World Bank WDI (Crude Birth Rate),2026-09-02
MOZ,Mozambique,2012,cbr,42.019,World Bank WDI (Crude Birth Rate),2026-09-02
MOZ,Mozambique,2011,cbr,42.454,World Bank WDI (Crude Birth Rate),2026-09-02
MOZ,Mozambique,2010,cbr,42.806,World Bank WDI (Crude Birth Rate),2026-09-02
MOZ,Mozambique,2009,cbr,42.908,World Bank WDI (Crude Birth Rate),2026-09-02
MOZ,Mozambique,2008,cbr,42.277,World Bank WDI (Crude Birth Rate),2026-09-02
MOZ,Mozambique,2007,cbr,41.268,World Bank WDI (Crude Birth Rate),2026-09-02
MOZ,Mozambique,2006,cbr,41.117,World Bank WDI (Crude Birth Rate),2026-09-02
MOZ,Mozambique,2005,cbr,41.356,World Bank WDI (Crude Birth Rate),2026-09-02
MOZ,Mozambique,2004,cbr,41.638,World Bank WDI (Crude Birth Rate),2026-09-02
MOZ,Mozambique,2003,cbr,41.971,World Bank WDI (Crude Birth Rate),2026-09-02
MOZ,Mozambique,2002,cbr,42.473,World Bank WDI (Crude Birth Rate),2026-09-02
MOZ,Mozambique,2001,cbr,43.073,World Bank WDI (Crude Birth Rate),2026-09-02
MOZ,Mozambique,2000,cbr,43.583,World Bank WDI (Crude Birth Rate),2026-09-02
MMR,Myanmar,2023,cbr,16.696,World Bank WDI (Crude Birth Rate),2026-09-02
MMR,Myanmar,2022,cbr,16.912,World Bank WDI (Crude Birth Rate),2026-09-02
MMR,Myanmar,2021,cbr,17.201,World Bank WDI (Crude Birth Rate),2026-09-02
MMR,Myanmar,2020,cbr,17.456,World Bank WDI (Crude Birth Rate),2026-09-02
MMR,Myanmar,2019,cbr,17.774,World Bank WDI (Crude Birth Rate),2026-09-02
MMR,Myanmar,2018,cbr,18.054,World Bank WDI (Crude Birth Rate),2026-09-02
MMR,Myanmar,2017,cbr,18.341,World Bank WDI (Crude Birth Rate),2026-09-02
MMR,Myanmar,2016,cbr,18.561,World Bank WDI (Crude Birth Rate),2026-09-02
MMR,Myanmar,2015,cbr,18.608,World Bank WDI (Crude Birth Rate),2026-09-02
MMR,Myanmar,2014,cbr,18.551,World Bank WDI (Crude Birth Rate),2026-09-02
MMR,Myanmar,2013,cbr,18.684,World Bank WDI (Crude Birth Rate),2026-09-02
MMR,Myanmar,2012,cbr,18.819,World Bank WDI (Crude Birth Rate),2026-09-02
MMR,Myanmar,2011,cbr,19.086,World Bank WDI (Crude Birth Rate),2026-09-02
MMR,Myanmar,2010,cbr,19.365,World Bank WDI (Crude Birth Rate),2026-09-02
MMR,Myanmar,2009,cbr,19.681,World Bank WDI (Crude Birth Rate),2026-09-02
MMR,Myanmar,2008,cbr,19.993,World Bank WDI (Crude Birth Rate),2026-09-02
MMR,Myanmar,2007,cbr,20.373,World Bank WDI (Crude Birth Rate),2026-09-02
MMR,Myanmar,2006,cbr,20.599,World Bank WDI (Crude Birth Rate),2026-09-02
MMR,Myanmar,2005,cbr,20.966,World Bank WDI (Crude Birth Rate),2026-09-02
MMR,Myanmar,2004,cbr,21.531,World Bank WDI (Crude Birth Rate),2026-09-02
MMR,Myanmar,2003,cbr,22.252,World Bank WDI (Crude Birth Rate),2026-09-02
MMR,Myanmar,2002,cbr,22.892,World Bank WDI (Crude Birth Rate),2026-09-02
MMR,Myanmar,2001,cbr,23.06,World Bank WDI (Crude Birth Rate),2026-09-02
MMR,Myanmar,2000,cbr,23.164,World Bank WDI (Crude Birth Rate),2026-09-02
NAM,Namibia,2023,cbr,25.89,World Bank WDI (Crude Birth Rate),2026-09-02
NAM,Namibia,2022,cbr,26.343,World Bank WDI (Crude Birth Rate),2026-09-02
NAM,Namibia,2021,cbr,27.022,World Bank WDI (Crude Birth Rate),2026-09-02
NAM,Namibia,2020,cbr,27.687,World Bank WDI (Crude Birth Rate),2026-09-02
NAM,Namibia,2019,cbr,28.386,World Bank WDI (Crude Birth Rate),2026-09-02
NAM,Namibia,2018,cbr,29.067,World Bank WDI (Crude Birth Rate),2026-09-02
NAM,Namibia,2017,cbr,29.652,World Bank WDI (Crude Birth Rate),2026-09-02
NAM,Namibia,2016,cbr,30.31,World Bank WDI (Crude Birth Rate),2026-09-02
NAM,Namibia,2015,cbr,30.668,World Bank WDI (Crude Birth Rate),2026-09-02
NAM,Namibia,2014,cbr,31.011,World Bank WDI (Crude Birth Rate),2026-09-02
NAM,Namibia,2013,cbr,31.177,World Bank WDI (Crude Birth Rate),2026-09-02
NAM,Namibia,2012,cbr,31.352,World Bank WDI (Crude Birth Rate),2026-09-02
NAM,Namibia,2011,cbr,31.142,World Bank WDI (Crude Birth Rate),2026-09-02
NAM,Namibia,2010,cbr,31.006,World Bank WDI (Crude Birth Rate),2026-09-02
NAM,Namibia,2009,cbr,30.616,World Bank WDI (Crude Birth Rate),2026-09-02
NAM,Namibia,2008,cbr,30.265,World Bank WDI (Crude Birth Rate),2026-09-02
NAM,Namibia,2007,cbr,29.979,World Bank WDI (Crude Birth Rate),2026-09-02
NAM,Namibia,2006,cbr,29.734,World Bank WDI (Crude Birth Rate),2026-09-02
NAM,Namibia,2005,cbr,29.316,World Bank WDI (Crude Birth Rate),2026-09-02
NAM,Namibia,2004,cbr,28.918,World Bank WDI (Crude Birth Rate),2026-09-02
NAM,Namibia,2003,cbr,29.028,World Bank WDI (Crude Birth Rate),2026-09-02
NAM,Namibia,2002,cbr,29.636,World Bank WDI (Crude Birth Rate),2026-09-02
NAM,Namibia,2001,cbr,30.481,World Bank WDI (Crude Birth Rate),2026-09-02
NAM,Namibia,2000,cbr,31.612,World Bank WDI (Crude Birth Rate),2026-09-02
NRU,Naoero,2023,cbr,25.505,World Bank WDI (Crude Birth Rate),2026-09-02
NRU,Naoero,2022,cbr,26.613,World Bank WDI (Crude Birth Rate),2026-09-02
NRU,Naoero,2021,cbr,27.787,World Bank WDI (Crude Birth Rate),2026-09-02
NRU,Naoero,2020,cbr,28.662,World Bank WDI (Crude Birth Rate),2026-09-02
NRU,Naoero,2019,cbr,29.581,World Bank WDI (Crude Birth Rate),2026-09-02
NRU,Naoero,2018,cbr,30.66,World Bank WDI (Crude Birth Rate),2026-09-02
NRU,Naoero,2017,cbr,32.241,World Bank WDI (Crude Birth Rate),2026-09-02
NRU,Naoero,2016,cbr,33.578,World Bank WDI (Crude Birth Rate),2026-09-02
NRU,Naoero,2015,cbr,34.223,World Bank WDI (Crude Birth Rate),2026-09-02
NRU,Naoero,2014,cbr,34.687,World Bank WDI (Crude Birth Rate),2026-09-02
NRU,Naoero,2013,cbr,35.342,World Bank WDI (Crude Birth Rate),2026-09-02
NRU,Naoero,2012,cbr,36.144,World Bank WDI (Crude Birth Rate),2026-09-02
NRU,Naoero,2011,cbr,36.803,World Bank WDI (Crude Birth Rate),2026-09-02
NRU,Naoero,2010,cbr,36.097,World Bank WDI (Crude Birth Rate),2026-09-02
NRU,Naoero,2009,cbr,34.272,World Bank WDI (Crude Birth Rate),2026-09-02
NRU,Naoero,2008,cbr,32.27,World Bank WDI (Crude Birth Rate),2026-09-02
NRU,Naoero,2007,cbr,30.408,World Bank WDI (Crude Birth Rate),2026-09-02
NRU,Naoero,2006,cbr,29.076,World Bank WDI (Crude Birth Rate),2026-09-02
NRU,Naoero,2005,cbr,28.451,World Bank WDI (Crude Birth Rate),2026-09-02
NRU,Naoero,2004,cbr,28.1,World Bank WDI (Crude Birth Rate),2026-09-02
NRU,Naoero,2003,cbr,27.884,World Bank WDI (Crude Birth Rate),2026-09-02
NRU,Naoero,2002,cbr,27.752,World Bank WDI (Crude Birth Rate),2026-09-02
NRU,Naoero,2001,cbr,27.945,World Bank WDI (Crude Birth Rate),2026-09-02
NRU,Naoero,2000,cbr,28.238,World Bank WDI (Crude Birth Rate),2026-09-02
NPL,Nepal,2023,cbr,19.34,World Bank WDI (Crude Birth Rate),2026-09-02
NPL,Nepal,2022,cbr,19.643,World Bank WDI (Crude Birth Rate),2026-09-02
NPL,Nepal,2021,cbr,19.675,World Bank WDI (Crude Birth Rate),2026-09-02
NPL,Nepal,2020,cbr,20.168,World Bank WDI (Crude Birth Rate),2026-09-02
NPL,Nepal,2019,cbr,20.648,World Bank WDI (Crude Birth Rate),2026-09-02
NPL,Nepal,2018,cbr,21.122,World Bank WDI (Crude Birth Rate),2026-09-02
NPL,Nepal,2017,cbr,21.572,World Bank WDI (Crude Birth Rate),2026-09-02
NPL,Nepal,2016,cbr,21.943,World Bank WDI (Crude Birth Rate),2026-09-02
NPL,Nepal,2015,cbr,22.141,World Bank WDI (Crude Birth Rate),2026-09-02
NPL,Nepal,2014,cbr,22.39,World Bank WDI (Crude Birth Rate),2026-09-02
NPL,Nepal,2013,cbr,22.458,World Bank WDI (Crude Birth Rate),2026-09-02
NPL,Nepal,2012,cbr,22.651,World Bank WDI (Crude Birth Rate),2026-09-02
NPL,Nepal,2011,cbr,22.653,World Bank WDI (Crude Birth Rate),2026-09-02
NPL,Nepal,2010,cbr,22.851,World Bank WDI (Crude Birth Rate),2026-09-02
NPL,Nepal,2009,cbr,23.236,World Bank WDI (Crude Birth Rate),2026-09-02
NPL,Nepal,2008,cbr,23.729,World Bank WDI (Crude Birth Rate),2026-09-02
NPL,Nepal,2007,cbr,24.351,World Bank WDI (Crude Birth Rate),2026-09-02
NPL,Nepal,2006,cbr,24.936,World Bank WDI (Crude Birth Rate),2026-09-02
NPL,Nepal,2005,cbr,25.837,World Bank WDI (Crude Birth Rate),2026-09-02
NPL,Nepal,2004,cbr,26.837,World Bank WDI (Crude Birth Rate),2026-09-02
NPL,Nepal,2003,cbr,27.732,World Bank WDI (Crude Birth Rate),2026-09-02
NPL,Nepal,2002,cbr,28.641,World Bank WDI (Crude Birth Rate),2026-09-02
NPL,Nepal,2001,cbr,29.777,World Bank WDI (Crude Birth Rate),2026-09-02
NPL,Nepal,2000,cbr,30.959,World Bank WDI (Crude Birth Rate),2026-09-02
NLD,Netherlands,2023,cbr,9.2,World Bank WDI (Crude Birth Rate),2026-09-02
NLD,Netherlands,2022,cbr,9.5,World Bank WDI (Crude Birth Rate),2026-09-02
NLD,Netherlands,2021,cbr,10.2,World Bank WDI (Crude Birth Rate),2026-09-02
NLD,Netherlands,2020,cbr,9.7,World Bank WDI (Crude Birth Rate),2026-09-02
NLD,Netherlands,2019,cbr,9.8,World Bank WDI (Crude Birth Rate),2026-09-02
NLD,Netherlands,2018,cbr,9.8,World Bank WDI (Crude Birth Rate),2026-09-02
NLD,Netherlands,2017,cbr,9.9,World Bank WDI (Crude Birth Rate),2026-09-02
NLD,Netherlands,2016,cbr,10.1,World Bank WDI (Crude Birth Rate),2026-09-02
NLD,Netherlands,2015,cbr,10.1,World Bank WDI (Crude Birth Rate),2026-09-02
NLD,Netherlands,2014,cbr,10.4,World Bank WDI (Crude Birth Rate),2026-09-02
NLD,Netherlands,2013,cbr,10.2,World Bank WDI (Crude Birth Rate),2026-09-02
NLD,Netherlands,2012,cbr,10.5,World Bank WDI (Crude Birth Rate),2026-09-02
NLD,Netherlands,2011,cbr,10.8,World Bank WDI (Crude Birth Rate),2026-09-02
NLD,Netherlands,2010,cbr,11.1,World Bank WDI (Crude Birth Rate),2026-09-02
NLD,Netherlands,2009,cbr,11.2,World Bank WDI (Crude Birth Rate),2026-09-02
NLD,Netherlands,2008,cbr,11.2,World Bank WDI (Crude Birth Rate),2026-09-02
NLD,Netherlands,2007,cbr,11.1,World Bank WDI (Crude Birth Rate),2026-09-02
NLD,Netherlands,2006,cbr,11.3,World Bank WDI (Crude Birth Rate),2026-09-02
NLD,Netherlands,2005,cbr,11.5,World Bank WDI (Crude Birth Rate),2026-09-02
NLD,Netherlands,2004,cbr,11.9,World Bank WDI (Crude Birth Rate),2026-09-02
NLD,Netherlands,2003,cbr,12.3,World Bank WDI (Crude Birth Rate),2026-09-02
NLD,Netherlands,2002,cbr,12.5,World Bank WDI (Crude Birth Rate),2026-09-02
NLD,Netherlands,2001,cbr,12.6,World Bank WDI (Crude Birth Rate),2026-09-02
NLD,Netherlands,2000,cbr,13.0,World Bank WDI (Crude Birth Rate),2026-09-02
NCL,New Caledonia,2023,cbr,14.262,World Bank WDI (Crude Birth Rate),2026-09-02
NCL,New Caledonia,2022,cbr,14.498,World Bank WDI (Crude Birth Rate),2026-09-02
NCL,New Caledonia,2021,cbr,14.747,World Bank WDI (Crude Birth Rate),2026-09-02
NCL,New Caledonia,2020,cbr,14.903,World Bank WDI (Crude Birth Rate),2026-09-02
NCL,New Caledonia,2019,cbr,15.183,World Bank WDI (Crude Birth Rate),2026-09-02
NCL,New Caledonia,2018,cbr,15.228,World Bank WDI (Crude Birth Rate),2026-09-02
NCL,New Caledonia,2017,cbr,15.327,World Bank WDI (Crude Birth Rate),2026-09-02
NCL,New Caledonia,2016,cbr,15.672,World Bank WDI (Crude Birth Rate),2026-09-02
NCL,New Caledonia,2015,cbr,15.735,World Bank WDI (Crude Birth Rate),2026-09-02
NCL,New Caledonia,2014,cbr,16.031,World Bank WDI (Crude Birth Rate),2026-09-02
NCL,New Caledonia,2013,cbr,16.442,World Bank WDI (Crude Birth Rate),2026-09-02
NCL,New Caledonia,2012,cbr,16.788,World Bank WDI (Crude Birth Rate),2026-09-02
NCL,New Caledonia,2011,cbr,16.834,World Bank WDI (Crude Birth Rate),2026-09-02
NCL,New Caledonia,2010,cbr,16.774,World Bank WDI (Crude Birth Rate),2026-09-02
NCL,New Caledonia,2009,cbr,17.013,World Bank WDI (Crude Birth Rate),2026-09-02
NCL,New Caledonia,2008,cbr,17.345,World Bank WDI (Crude Birth Rate),2026-09-02
NCL,New Caledonia,2007,cbr,17.636,World Bank WDI (Crude Birth Rate),2026-09-02
NCL,New Caledonia,2006,cbr,18.028,World Bank WDI (Crude Birth Rate),2026-09-02
NCL,New Caledonia,2005,cbr,18.105,World Bank WDI (Crude Birth Rate),2026-09-02
NCL,New Caledonia,2004,cbr,18.372,World Bank WDI (Crude Birth Rate),2026-09-02
NCL,New Caledonia,2003,cbr,18.705,World Bank WDI (Crude Birth Rate),2026-09-02
NCL,New Caledonia,2002,cbr,19.529,World Bank WDI (Crude Birth Rate),2026-09-02
NCL,New Caledonia,2001,cbr,20.304,World Bank WDI (Crude Birth Rate),2026-09-02
NCL,New Caledonia,2000,cbr,21.201,World Bank WDI (Crude Birth Rate),2026-09-02
NZL,New Zealand,2023,cbr,10.95,World Bank WDI (Crude Birth Rate),2026-09-02
NZL,New Zealand,2022,cbr,11.57,World Bank WDI (Crude Birth Rate),2026-09-02
NZL,New Zealand,2021,cbr,11.54,World Bank WDI (Crude Birth Rate),2026-09-02
NZL,New Zealand,2020,cbr,11.36,World Bank WDI (Crude Birth Rate),2026-09-02
NZL,New Zealand,2019,cbr,11.98,World Bank WDI (Crude Birth Rate),2026-09-02
NZL,New Zealand,2018,cbr,11.84,World Bank WDI (Crude Birth Rate),2026-09-02
NZL,New Zealand,2017,cbr,12.38,World Bank WDI (Crude Birth Rate),2026-09-02
NZL,New Zealand,2016,cbr,12.6,World Bank WDI (Crude Birth Rate),2026-09-02
NZL,New Zealand,2015,cbr,13.23,World Bank WDI (Crude Birth Rate),2026-09-02
NZL,New Zealand,2014,cbr,12.67,World Bank WDI (Crude Birth Rate),2026-09-02
NZL,New Zealand,2013,cbr,13.2,World Bank WDI (Crude Birth Rate),2026-09-02
NZL,New Zealand,2012,cbr,13.87,World Bank WDI (Crude Birth Rate),2026-09-02
NZL,New Zealand,2011,cbr,14.0,World Bank WDI (Crude Birth Rate),2026-09-02
NZL,New Zealand,2010,cbr,14.68,World Bank WDI (Crude Birth Rate),2026-09-02
NZL,New Zealand,2009,cbr,14.53,World Bank WDI (Crude Birth Rate),2026-09-02
NZL,New Zealand,2008,cbr,15.1,World Bank WDI (Crude Birth Rate),2026-09-02
NZL,New Zealand,2007,cbr,15.15,World Bank WDI (Crude Birth Rate),2026-09-02
NZL,New Zealand,2006,cbr,14.14,World Bank WDI (Crude Birth Rate),2026-09-02
NZL,New Zealand,2005,cbr,13.96,World Bank WDI (Crude Birth Rate),2026-09-02
NZL,New Zealand,2004,cbr,14.2,World Bank WDI (Crude Birth Rate),2026-09-02
NZL,New Zealand,2003,cbr,13.94,World Bank WDI (Crude Birth Rate),2026-09-02
NZL,New Zealand,2002,cbr,13.67,World Bank WDI (Crude Birth Rate),2026-09-02
NZL,New Zealand,2001,cbr,14.36,World Bank WDI (Crude Birth Rate),2026-09-02
NZL,New Zealand,2000,cbr,14.66,World Bank WDI (Crude Birth Rate),2026-09-02
NIC,Nicaragua,2023,cbr,19.376,World Bank WDI (Crude Birth Rate),2026-09-02
NIC,Nicaragua,2022,cbr,19.695,World Bank WDI (Crude Birth Rate),2026-09-02
NIC,Nicaragua,2021,cbr,20.044,World Bank WDI (Crude Birth Rate),2026-09-02
NIC,Nicaragua,2020,cbr,20.45,World Bank WDI (Crude Birth Rate),2026-09-02
NIC,Nicaragua,2019,cbr,20.808,World Bank WDI (Crude Birth Rate),2026-09-02
NIC,Nicaragua,2018,cbr,21.209,World Bank WDI (Crude Birth Rate),2026-09-02
NIC,Nicaragua,2017,cbr,21.647,World Bank WDI (Crude Birth Rate),2026-09-02
NIC,Nicaragua,2016,cbr,22.06,World Bank WDI (Crude Birth Rate),2026-09-02
NIC,Nicaragua,2015,cbr,22.449,World Bank WDI (Crude Birth Rate),2026-09-02
NIC,Nicaragua,2014,cbr,22.836,World Bank WDI (Crude Birth Rate),2026-09-02
NIC,Nicaragua,2013,cbr,23.203,World Bank WDI (Crude Birth Rate),2026-09-02
NIC,Nicaragua,2012,cbr,23.615,World Bank WDI (Crude Birth Rate),2026-09-02
NIC,Nicaragua,2011,cbr,23.959,World Bank WDI (Crude Birth Rate),2026-09-02
NIC,Nicaragua,2010,cbr,24.345,World Bank WDI (Crude Birth Rate),2026-09-02
NIC,Nicaragua,2009,cbr,24.611,World Bank WDI (Crude Birth Rate),2026-09-02
NIC,Nicaragua,2008,cbr,24.893,World Bank WDI (Crude Birth Rate),2026-09-02
NIC,Nicaragua,2007,cbr,25.176,World Bank WDI (Crude Birth Rate),2026-09-02
NIC,Nicaragua,2006,cbr,25.428,World Bank WDI (Crude Birth Rate),2026-09-02
NIC,Nicaragua,2005,cbr,25.611,World Bank WDI (Crude Birth Rate),2026-09-02
NIC,Nicaragua,2004,cbr,25.675,World Bank WDI (Crude Birth Rate),2026-09-02
NIC,Nicaragua,2003,cbr,25.925,World Bank WDI (Crude Birth Rate),2026-09-02
NIC,Nicaragua,2002,cbr,26.28,World Bank WDI (Crude Birth Rate),2026-09-02
NIC,Nicaragua,2001,cbr,27.034,World Bank WDI (Crude Birth Rate),2026-09-02
NIC,Nicaragua,2000,cbr,27.885,World Bank WDI (Crude Birth Rate),2026-09-02
NER,Niger,2023,cbr,41.892,World Bank WDI (Crude Birth Rate),2026-09-02
NER,Niger,2022,cbr,41.95,World Bank WDI (Crude Birth Rate),2026-09-02
NER,Niger,2021,cbr,41.932,World Bank WDI (Crude Birth Rate),2026-09-02
NER,Niger,2020,cbr,42.6,World Bank WDI (Crude Birth Rate),2026-09-02
NER,Niger,2019,cbr,43.366,World Bank WDI (Crude Birth Rate),2026-09-02
NER,Niger,2018,cbr,44.181,World Bank WDI (Crude Birth Rate),2026-09-02
NER,Niger,2017,cbr,45.057,World Bank WDI (Crude Birth Rate),2026-09-02
NER,Niger,2016,cbr,45.881,World Bank WDI (Crude Birth Rate),2026-09-02
NER,Niger,2015,cbr,46.577,World Bank WDI (Crude Birth Rate),2026-09-02
NER,Niger,2014,cbr,47.2,World Bank WDI (Crude Birth Rate),2026-09-02
NER,Niger,2013,cbr,47.796,World Bank WDI (Crude Birth Rate),2026-09-02
NER,Niger,2012,cbr,48.217,World Bank WDI (Crude Birth Rate),2026-09-02
NER,Niger,2011,cbr,48.823,World Bank WDI (Crude Birth Rate),2026-09-02
NER,Niger,2010,cbr,49.353,World Bank WDI (Crude Birth Rate),2026-09-02
NER,Niger,2009,cbr,49.8,World Bank WDI (Crude Birth Rate),2026-09-02
NER,Niger,2008,cbr,50.172,World Bank WDI (Crude Birth Rate),2026-09-02
NER,Niger,2007,cbr,50.594,World Bank WDI (Crude Birth Rate),2026-09-02
NER,Niger,2006,cbr,50.967,World Bank WDI (Crude Birth Rate),2026-09-02
NER,Niger,2005,cbr,51.417,World Bank WDI (Crude Birth Rate),2026-09-02
NER,Niger,2004,cbr,51.776,World Bank WDI (Crude Birth Rate),2026-09-02
NER,Niger,2003,cbr,52.178,World Bank WDI (Crude Birth Rate),2026-09-02
NER,Niger,2002,cbr,52.581,World Bank WDI (Crude Birth Rate),2026-09-02
NER,Niger,2001,cbr,53.015,World Bank WDI (Crude Birth Rate),2026-09-02
NER,Niger,2000,cbr,53.39,World Bank WDI (Crude Birth Rate),2026-09-02
NGA,Nigeria,2023,cbr,32.954,World Bank WDI (Crude Birth Rate),2026-09-02
NGA,Nigeria,2022,cbr,33.192,World Bank WDI (Crude Birth Rate),2026-09-02
NGA,Nigeria,2021,cbr,33.546,World Bank WDI (Crude Birth Rate),2026-09-02
NGA,Nigeria,2020,cbr,33.732,World Bank WDI (Crude Birth Rate),2026-09-02
NGA,Nigeria,2019,cbr,34.685,World Bank WDI (Crude Birth Rate),2026-09-02
NGA,Nigeria,2018,cbr,35.69,World Bank WDI (Crude Birth Rate),2026-09-02
NGA,Nigeria,2017,cbr,36.693,World Bank WDI (Crude Birth Rate),2026-09-02
NGA,Nigeria,2016,cbr,37.771,World Bank WDI (Crude Birth Rate),2026-09-02
NGA,Nigeria,2015,cbr,38.951,World Bank WDI (Crude Birth Rate),2026-09-02
NGA,Nigeria,2014,cbr,39.892,World Bank WDI (Crude Birth Rate),2026-09-02
NGA,Nigeria,2013,cbr,40.441,World Bank WDI (Crude Birth Rate),2026-09-02
NGA,Nigeria,2012,cbr,41.116,World Bank WDI (Crude Birth Rate),2026-09-02
NGA,Nigeria,2011,cbr,41.793,World Bank WDI (Crude Birth Rate),2026-09-02
NGA,Nigeria,2010,cbr,42.139,World Bank WDI (Crude Birth Rate),2026-09-02
NGA,Nigeria,2009,cbr,42.497,World Bank WDI (Crude Birth Rate),2026-09-02
NGA,Nigeria,2008,cbr,42.803,World Bank WDI (Crude Birth Rate),2026-09-02
NGA,Nigeria,2007,cbr,42.897,World Bank WDI (Crude Birth Rate),2026-09-02
NGA,Nigeria,2006,cbr,43.172,World Bank WDI (Crude Birth Rate),2026-09-02
NGA,Nigeria,2005,cbr,43.37,World Bank WDI (Crude Birth Rate),2026-09-02
NGA,Nigeria,2004,cbr,43.474,World Bank WDI (Crude Birth Rate),2026-09-02
NGA,Nigeria,2003,cbr,43.71,World Bank WDI (Crude Birth Rate),2026-09-02
NGA,Nigeria,2002,cbr,43.822,World Bank WDI (Crude Birth Rate),2026-09-02
NGA,Nigeria,2001,cbr,43.934,World Bank WDI (Crude Birth Rate),2026-09-02
NGA,Nigeria,2000,cbr,43.892,World Bank WDI (Crude Birth Rate),2026-09-02
MKD,North Macedonia,2023,cbr,9.2,World Bank WDI (Crude Birth Rate),2026-09-02
MKD,North Macedonia,2022,cbr,9.9,World Bank WDI (Crude Birth Rate),2026-09-02
MKD,North Macedonia,2021,cbr,10.2,World Bank WDI (Crude Birth Rate),2026-09-02
MKD,North Macedonia,2020,cbr,9.2,World Bank WDI (Crude Birth Rate),2026-09-02
MKD,North Macedonia,2019,cbr,9.6,World Bank WDI (Crude Birth Rate),2026-09-02
MKD,North Macedonia,2018,cbr,10.3,World Bank WDI (Crude Birth Rate),2026-09-02
MKD,North Macedonia,2017,cbr,10.5,World Bank WDI (Crude Birth Rate),2026-09-02
MKD,North Macedonia,2016,cbr,11.0987266524808,World Bank WDI (Crude Birth Rate),2026-09-02
MKD,North Macedonia,2015,cbr,11.1,World Bank WDI (Crude Birth Rate),2026-09-02
MKD,North Macedonia,2014,cbr,11.4,World Bank WDI (Crude Birth Rate),2026-09-02
MKD,North Macedonia,2013,cbr,11.2,World Bank WDI (Crude Birth Rate),2026-09-02
MKD,North Macedonia,2012,cbr,11.4,World Bank WDI (Crude Birth Rate),2026-09-02
MKD,North Macedonia,2011,cbr,11.1,World Bank WDI (Crude Birth Rate),2026-09-02
MKD,North Macedonia,2010,cbr,11.8,World Bank WDI (Crude Birth Rate),2026-09-02
MKD,North Macedonia,2009,cbr,11.5,World Bank WDI (Crude Birth Rate),2026-09-02
MKD,North Macedonia,2008,cbr,11.2,World Bank WDI (Crude Birth Rate),2026-09-02
MKD,North Macedonia,2007,cbr,11.1,World Bank WDI (Crude Birth Rate),2026-09-02
MKD,North Macedonia,2006,cbr,11.1,World Bank WDI (Crude Birth Rate),2026-09-02
MKD,North Macedonia,2005,cbr,11.0,World Bank WDI (Crude Birth Rate),2026-09-02
MKD,North Macedonia,2004,cbr,11.5,World Bank WDI (Crude Birth Rate),2026-09-02
MKD,North Macedonia,2003,cbr,13.3,World Bank WDI (Crude Birth Rate),2026-09-02
MKD,North Macedonia,2002,cbr,13.7,World Bank WDI (Crude Birth Rate),2026-09-02
MKD,North Macedonia,2001,cbr,13.3,World Bank WDI (Crude Birth Rate),2026-09-02
MKD,North Macedonia,2000,cbr,14.5,World Bank WDI (Crude Birth Rate),2026-09-02
MNP,Northern Mariana Islands,2023,cbr,12.918,World Bank WDI (Crude Birth Rate),2026-09-02
MNP,Northern Mariana Islands,2022,cbr,13.807,World Bank WDI (Crude Birth Rate),2026-09-02
MNP,Northern Mariana Islands,2021,cbr,14.824,World Bank WDI (Crude Birth Rate),2026-09-02
MNP,Northern Mariana Islands,2020,cbr,15.487,World Bank WDI (Crude Birth Rate),2026-09-02
MNP,Northern Mariana Islands,2019,cbr,16.029,World Bank WDI (Crude Birth Rate),2026-09-02
MNP,Northern Mariana Islands,2018,cbr,16.559,World Bank WDI (Crude Birth Rate),2026-09-02
MNP,Northern Mariana Islands,2017,cbr,17.324,World Bank WDI (Crude Birth Rate),2026-09-02
MNP,Northern Mariana Islands,2016,cbr,18.374,World Bank WDI (Crude Birth Rate),2026-09-02
MNP,Northern Mariana Islands,2015,cbr,19.791,World Bank WDI (Crude Birth Rate),2026-09-02
MNP,Northern Mariana Islands,2014,cbr,21.455,World Bank WDI (Crude Birth Rate),2026-09-02
MNP,Northern Mariana Islands,2013,cbr,22.776,World Bank WDI (Crude Birth Rate),2026-09-02
MNP,Northern Mariana Islands,2012,cbr,21.778,World Bank WDI (Crude Birth Rate),2026-09-02
MNP,Northern Mariana Islands,2011,cbr,21.409,World Bank WDI (Crude Birth Rate),2026-09-02
MNP,Northern Mariana Islands,2010,cbr,20.67,World Bank WDI (Crude Birth Rate),2026-09-02
MNP,Northern Mariana Islands,2009,cbr,20.624,World Bank WDI (Crude Birth Rate),2026-09-02
MNP,Northern Mariana Islands,2008,cbr,22.747,World Bank WDI (Crude Birth Rate),2026-09-02
MNP,Northern Mariana Islands,2007,cbr,24.231,World Bank WDI (Crude Birth Rate),2026-09-02
MNP,Northern Mariana Islands,2006,cbr,24.494,World Bank WDI (Crude Birth Rate),2026-09-02
MNP,Northern Mariana Islands,2005,cbr,22.96,World Bank WDI (Crude Birth Rate),2026-09-02
MNP,Northern Mariana Islands,2004,cbr,22.887,World Bank WDI (Crude Birth Rate),2026-09-02
MNP,Northern Mariana Islands,2003,cbr,22.594,World Bank WDI (Crude Birth Rate),2026-09-02
MNP,Northern Mariana Islands,2002,cbr,21.196,World Bank WDI (Crude Birth Rate),2026-09-02
MNP,Northern Mariana Islands,2001,cbr,23.055,World Bank WDI (Crude Birth Rate),2026-09-02
MNP,Northern Mariana Islands,2000,cbr,21.957,World Bank WDI (Crude Birth Rate),2026-09-02
NOR,Norway,2023,cbr,9.4,World Bank WDI (Crude Birth Rate),2026-09-02
NOR,Norway,2022,cbr,9.4,World Bank WDI (Crude Birth Rate),2026-09-02
NOR,Norway,2021,cbr,10.4,World Bank WDI (Crude Birth Rate),2026-09-02
NOR,Norway,2020,cbr,9.8,World Bank WDI (Crude Birth Rate),2026-09-02
NOR,Norway,2019,cbr,10.2,World Bank WDI (Crude Birth Rate),2026-09-02
NOR,Norway,2018,cbr,10.4,World Bank WDI (Crude Birth Rate),2026-09-02
NOR,Norway,2017,cbr,10.7,World Bank WDI (Crude Birth Rate),2026-09-02
NOR,Norway,2016,cbr,11.2,World Bank WDI (Crude Birth Rate),2026-09-02
NOR,Norway,2015,cbr,11.3,World Bank WDI (Crude Birth Rate),2026-09-02
NOR,Norway,2014,cbr,11.5,World Bank WDI (Crude Birth Rate),2026-09-02
NOR,Norway,2013,cbr,11.6,World Bank WDI (Crude Birth Rate),2026-09-02
NOR,Norway,2012,cbr,12.0,World Bank WDI (Crude Birth Rate),2026-09-02
NOR,Norway,2011,cbr,12.2,World Bank WDI (Crude Birth Rate),2026-09-02
NOR,Norway,2010,cbr,12.6,World Bank WDI (Crude Birth Rate),2026-09-02
NOR,Norway,2009,cbr,12.8,World Bank WDI (Crude Birth Rate),2026-09-02
NOR,Norway,2008,cbr,12.7,World Bank WDI (Crude Birth Rate),2026-09-02
NOR,Norway,2007,cbr,12.4,World Bank WDI (Crude Birth Rate),2026-09-02
NOR,Norway,2006,cbr,12.6,World Bank WDI (Crude Birth Rate),2026-09-02
NOR,Norway,2005,cbr,12.3,World Bank WDI (Crude Birth Rate),2026-09-02
NOR,Norway,2004,cbr,12.4,World Bank WDI (Crude Birth Rate),2026-09-02
NOR,Norway,2003,cbr,12.4,World Bank WDI (Crude Birth Rate),2026-09-02
NOR,Norway,2002,cbr,12.2,World Bank WDI (Crude Birth Rate),2026-09-02
NOR,Norway,2001,cbr,12.6,World Bank WDI (Crude Birth Rate),2026-09-02
NOR,Norway,2000,cbr,13.2,World Bank WDI (Crude Birth Rate),2026-09-02
OMN,Oman,2023,cbr,16.847,World Bank WDI (Crude Birth Rate),2026-09-02
OMN,Oman,2022,cbr,16.353,World Bank WDI (Crude Birth Rate),2026-09-02
OMN,Oman,2021,cbr,18.337,World Bank WDI (Crude Birth Rate),2026-09-02
OMN,Oman,2020,cbr,18.856,World Bank WDI (Crude Birth Rate),2026-09-02
OMN,Oman,2019,cbr,18.858,World Bank WDI (Crude Birth Rate),2026-09-02
OMN,Oman,2018,cbr,19.269,World Bank WDI (Crude Birth Rate),2026-09-02
OMN,Oman,2017,cbr,20.155,World Bank WDI (Crude Birth Rate),2026-09-02
OMN,Oman,2016,cbr,20.544,World Bank WDI (Crude Birth Rate),2026-09-02
OMN,Oman,2015,cbr,20.992,World Bank WDI (Crude Birth Rate),2026-09-02
OMN,Oman,2014,cbr,21.166,World Bank WDI (Crude Birth Rate),2026-09-02
OMN,Oman,2013,cbr,20.947,World Bank WDI (Crude Birth Rate),2026-09-02
OMN,Oman,2012,cbr,20.686,World Bank WDI (Crude Birth Rate),2026-09-02
OMN,Oman,2011,cbr,21.582,World Bank WDI (Crude Birth Rate),2026-09-02
OMN,Oman,2010,cbr,23.352,World Bank WDI (Crude Birth Rate),2026-09-02
OMN,Oman,2009,cbr,21.921,World Bank WDI (Crude Birth Rate),2026-09-02
OMN,Oman,2008,cbr,20.571,World Bank WDI (Crude Birth Rate),2026-09-02
OMN,Oman,2007,cbr,19.909,World Bank WDI (Crude Birth Rate),2026-09-02
OMN,Oman,2006,cbr,20.211,World Bank WDI (Crude Birth Rate),2026-09-02
OMN,Oman,2005,cbr,20.933,World Bank WDI (Crude Birth Rate),2026-09-02
OMN,Oman,2004,cbr,21.785,World Bank WDI (Crude Birth Rate),2026-09-02
OMN,Oman,2003,cbr,22.485,World Bank WDI (Crude Birth Rate),2026-09-02
OMN,Oman,2002,cbr,22.832,World Bank WDI (Crude Birth Rate),2026-09-02
OMN,Oman,2001,cbr,23.255,World Bank WDI (Crude Birth Rate),2026-09-02
OMN,Oman,2000,cbr,23.841,World Bank WDI (Crude Birth Rate),2026-09-02
PAK,Pakistan,2023,cbr,27.806,World Bank WDI (Crude Birth Rate),2026-09-02
PAK,Pakistan,2022,cbr,28.13,World Bank WDI (Crude Birth Rate),2026-09-02
PAK,Pakistan,2021,cbr,28.384,World Bank WDI (Crude Birth Rate),2026-09-02
PAK,Pakistan,2020,cbr,28.625,World Bank WDI (Crude Birth Rate),2026-09-02
PAK,Pakistan,2019,cbr,28.986,World Bank WDI (Crude Birth Rate),2026-09-02
PAK,Pakistan,2018,cbr,29.343,World Bank WDI (Crude Birth Rate),2026-09-02
PAK,Pakistan,2017,cbr,29.738,World Bank WDI (Crude Birth Rate),2026-09-02
PAK,Pakistan,2016,cbr,29.956,World Bank WDI (Crude Birth Rate),2026-09-02
PAK,Pakistan,2015,cbr,30.697,World Bank WDI (Crude Birth Rate),2026-09-02
PAK,Pakistan,2014,cbr,31.303,World Bank WDI (Crude Birth Rate),2026-09-02
PAK,Pakistan,2013,cbr,31.902,World Bank WDI (Crude Birth Rate),2026-09-02
PAK,Pakistan,2012,cbr,32.48,World Bank WDI (Crude Birth Rate),2026-09-02
PAK,Pakistan,2011,cbr,33.045,World Bank WDI (Crude Birth Rate),2026-09-02
PAK,Pakistan,2010,cbr,33.525,World Bank WDI (Crude Birth Rate),2026-09-02
PAK,Pakistan,2009,cbr,33.609,World Bank WDI (Crude Birth Rate),2026-09-02
PAK,Pakistan,2008,cbr,33.583,World Bank WDI (Crude Birth Rate),2026-09-02
PAK,Pakistan,2007,cbr,33.262,World Bank WDI (Crude Birth Rate),2026-09-02
PAK,Pakistan,2006,cbr,33.162,World Bank WDI (Crude Birth Rate),2026-09-02
PAK,Pakistan,2005,cbr,32.887,World Bank WDI (Crude Birth Rate),2026-09-02
PAK,Pakistan,2004,cbr,33.21,World Bank WDI (Crude Birth Rate),2026-09-02
PAK,Pakistan,2003,cbr,34.295,World Bank WDI (Crude Birth Rate),2026-09-02
PAK,Pakistan,2002,cbr,34.883,World Bank WDI (Crude Birth Rate),2026-09-02
PAK,Pakistan,2001,cbr,35.71,World Bank WDI (Crude Birth Rate),2026-09-02
PAK,Pakistan,2000,cbr,36.541,World Bank WDI (Crude Birth Rate),2026-09-02
PLW,Palau,2023,cbr,10.897,World Bank WDI (Crude Birth Rate),2026-09-02
PLW,Palau,2022,cbr,11.115,World Bank WDI (Crude Birth Rate),2026-09-02
PLW,Palau,2021,cbr,11.377,World Bank WDI (Crude Birth Rate),2026-09-02
PLW,Palau,2020,cbr,11.624,World Bank WDI (Crude Birth Rate),2026-09-02
PLW,Palau,2019,cbr,11.921,World Bank WDI (Crude Birth Rate),2026-09-02
PLW,Palau,2018,cbr,12.004,World Bank WDI (Crude Birth Rate),2026-09-02
PLW,Palau,2017,cbr,12.437,World Bank WDI (Crude Birth Rate),2026-09-02
PLW,Palau,2016,cbr,12.741,World Bank WDI (Crude Birth Rate),2026-09-02
PLW,Palau,2015,cbr,12.582,World Bank WDI (Crude Birth Rate),2026-09-02
PLW,Palau,2014,cbr,13.362,World Bank WDI (Crude Birth Rate),2026-09-02
PLW,Palau,2013,cbr,14.024,World Bank WDI (Crude Birth Rate),2026-09-02
PLW,Palau,2012,cbr,13.99,World Bank WDI (Crude Birth Rate),2026-09-02
PLW,Palau,2011,cbr,13.8,World Bank WDI (Crude Birth Rate),2026-09-02
PLW,Palau,2010,cbr,13.65,World Bank WDI (Crude Birth Rate),2026-09-02
PLW,Palau,2009,cbr,13.649,World Bank WDI (Crude Birth Rate),2026-09-02
PLW,Palau,2008,cbr,13.676,World Bank WDI (Crude Birth Rate),2026-09-02
PLW,Palau,2007,cbr,13.741,World Bank WDI (Crude Birth Rate),2026-09-02
PLW,Palau,2006,cbr,13.81,World Bank WDI (Crude Birth Rate),2026-09-02
PLW,Palau,2005,cbr,13.94,World Bank WDI (Crude Birth Rate),2026-09-02
PLW,Palau,2004,cbr,14.027,World Bank WDI (Crude Birth Rate),2026-09-02
PLW,Palau,2003,cbr,14.291,World Bank WDI (Crude Birth Rate),2026-09-02
PLW,Palau,2002,cbr,14.458,World Bank WDI (Crude Birth Rate),2026-09-02
PLW,Palau,2001,cbr,14.479,World Bank WDI (Crude Birth Rate),2026-09-02
PLW,Palau,2000,cbr,14.377,World Bank WDI (Crude Birth Rate),2026-09-02
PAN,Panama,2023,cbr,16.029,World Bank WDI (Crude Birth Rate),2026-09-02
PAN,Panama,2022,cbr,16.239,World Bank WDI (Crude Birth Rate),2026-09-02
PAN,Panama,2021,cbr,16.401,World Bank WDI (Crude Birth Rate),2026-09-02
PAN,Panama,2020,cbr,16.718,World Bank WDI (Crude Birth Rate),2026-09-02
PAN,Panama,2019,cbr,17.57,World Bank WDI (Crude Birth Rate),2026-09-02
PAN,Panama,2018,cbr,18.52,World Bank WDI (Crude Birth Rate),2026-09-02
PAN,Panama,2017,cbr,19.081,World Bank WDI (Crude Birth Rate),2026-09-02
PAN,Panama,2016,cbr,19.495,World Bank WDI (Crude Birth Rate),2026-09-02
PAN,Panama,2015,cbr,19.839,World Bank WDI (Crude Birth Rate),2026-09-02
PAN,Panama,2014,cbr,20.147,World Bank WDI (Crude Birth Rate),2026-09-02
PAN,Panama,2013,cbr,20.42,World Bank WDI (Crude Birth Rate),2026-09-02
PAN,Panama,2012,cbr,20.732,World Bank WDI (Crude Birth Rate),2026-09-02
PAN,Panama,2011,cbr,20.98,World Bank WDI (Crude Birth Rate),2026-09-02
PAN,Panama,2010,cbr,20.984,World Bank WDI (Crude Birth Rate),2026-09-02
PAN,Panama,2009,cbr,21.177,World Bank WDI (Crude Birth Rate),2026-09-02
PAN,Panama,2008,cbr,21.426,World Bank WDI (Crude Birth Rate),2026-09-02
PAN,Panama,2007,cbr,21.591,World Bank WDI (Crude Birth Rate),2026-09-02
PAN,Panama,2006,cbr,21.784,World Bank WDI (Crude Birth Rate),2026-09-02
PAN,Panama,2005,cbr,22.1,World Bank WDI (Crude Birth Rate),2026-09-02
PAN,Panama,2004,cbr,22.548,World Bank WDI (Crude Birth Rate),2026-09-02
PAN,Panama,2003,cbr,22.65,World Bank WDI (Crude Birth Rate),2026-09-02
PAN,Panama,2002,cbr,22.917,World Bank WDI (Crude Birth Rate),2026-09-02
PAN,Panama,2001,cbr,23.22,World Bank WDI (Crude Birth Rate),2026-09-02
PAN,Panama,2000,cbr,23.51,World Bank WDI (Crude Birth Rate),2026-09-02
PNG,Papua New Guinea,2023,cbr,24.576,World Bank WDI (Crude Birth Rate),2026-09-02
PNG,Papua New Guinea,2022,cbr,25.16,World Bank WDI (Crude Birth Rate),2026-09-02
PNG,Papua New Guinea,2021,cbr,25.582,World Bank WDI (Crude Birth Rate),2026-09-02
PNG,Papua New Guinea,2020,cbr,26.092,World Bank WDI (Crude Birth Rate),2026-09-02
PNG,Papua New Guinea,2019,cbr,26.466,World Bank WDI (Crude Birth Rate),2026-09-02
PNG,Papua New Guinea,2018,cbr,26.956,World Bank WDI (Crude Birth Rate),2026-09-02
PNG,Papua New Guinea,2017,cbr,27.361,World Bank WDI (Crude Birth Rate),2026-09-02
PNG,Papua New Guinea,2016,cbr,27.865,World Bank WDI (Crude Birth Rate),2026-09-02
PNG,Papua New Guinea,2015,cbr,28.375,World Bank WDI (Crude Birth Rate),2026-09-02
PNG,Papua New Guinea,2014,cbr,28.899,World Bank WDI (Crude Birth Rate),2026-09-02
PNG,Papua New Guinea,2013,cbr,29.354,World Bank WDI (Crude Birth Rate),2026-09-02
PNG,Papua New Guinea,2012,cbr,29.802,World Bank WDI (Crude Birth Rate),2026-09-02
PNG,Papua New Guinea,2011,cbr,30.304,World Bank WDI (Crude Birth Rate),2026-09-02
PNG,Papua New Guinea,2010,cbr,30.734,World Bank WDI (Crude Birth Rate),2026-09-02
PNG,Papua New Guinea,2009,cbr,31.074,World Bank WDI (Crude Birth Rate),2026-09-02
PNG,Papua New Guinea,2008,cbr,31.549,World Bank WDI (Crude Birth Rate),2026-09-02
PNG,Papua New Guinea,2007,cbr,31.921,World Bank WDI (Crude Birth Rate),2026-09-02
PNG,Papua New Guinea,2006,cbr,32.362,World Bank WDI (Crude Birth Rate),2026-09-02
PNG,Papua New Guinea,2005,cbr,32.813,World Bank WDI (Crude Birth Rate),2026-09-02
PNG,Papua New Guinea,2004,cbr,33.206,World Bank WDI (Crude Birth Rate),2026-09-02
PNG,Papua New Guinea,2003,cbr,33.675,World Bank WDI (Crude Birth Rate),2026-09-02
PNG,Papua New Guinea,2002,cbr,33.983,World Bank WDI (Crude Birth Rate),2026-09-02
PNG,Papua New Guinea,2001,cbr,34.214,World Bank WDI (Crude Birth Rate),2026-09-02
PNG,Papua New Guinea,2000,cbr,34.423,World Bank WDI (Crude Birth Rate),2026-09-02
PRY,Paraguay,2023,cbr,19.985,World Bank WDI (Crude Birth Rate),2026-09-02
PRY,Paraguay,2022,cbr,20.356,World Bank WDI (Crude Birth Rate),2026-09-02
PRY,Paraguay,2021,cbr,20.689,World Bank WDI (Crude Birth Rate),2026-09-02
PRY,Paraguay,2020,cbr,21.036,World Bank WDI (Crude Birth Rate),2026-09-02
PRY,Paraguay,2019,cbr,21.421,World Bank WDI (Crude Birth Rate),2026-09-02
PRY,Paraguay,2018,cbr,21.836,World Bank WDI (Crude Birth Rate),2026-09-02
PRY,Paraguay,2017,cbr,22.166,World Bank WDI (Crude Birth Rate),2026-09-02
PRY,Paraguay,2016,cbr,22.487,World Bank WDI (Crude Birth Rate),2026-09-02
PRY,Paraguay,2015,cbr,22.662,World Bank WDI (Crude Birth Rate),2026-09-02
PRY,Paraguay,2014,cbr,22.635,World Bank WDI (Crude Birth Rate),2026-09-02
PRY,Paraguay,2013,cbr,22.474,World Bank WDI (Crude Birth Rate),2026-09-02
PRY,Paraguay,2012,cbr,22.559,World Bank WDI (Crude Birth Rate),2026-09-02
PRY,Paraguay,2011,cbr,22.483,World Bank WDI (Crude Birth Rate),2026-09-02
PRY,Paraguay,2010,cbr,22.544,World Bank WDI (Crude Birth Rate),2026-09-02
PRY,Paraguay,2009,cbr,22.907,World Bank WDI (Crude Birth Rate),2026-09-02
PRY,Paraguay,2008,cbr,22.989,World Bank WDI (Crude Birth Rate),2026-09-02
PRY,Paraguay,2007,cbr,23.019,World Bank WDI (Crude Birth Rate),2026-09-02
PRY,Paraguay,2006,cbr,23.301,World Bank WDI (Crude Birth Rate),2026-09-02
PRY,Paraguay,2005,cbr,23.72,World Bank WDI (Crude Birth Rate),2026-09-02
PRY,Paraguay,2004,cbr,24.089,World Bank WDI (Crude Birth Rate),2026-09-02
PRY,Paraguay,2003,cbr,24.412,World Bank WDI (Crude Birth Rate),2026-09-02
PRY,Paraguay,2002,cbr,25.109,World Bank WDI (Crude Birth Rate),2026-09-02
PRY,Paraguay,2001,cbr,25.933,World Bank WDI (Crude Birth Rate),2026-09-02
PRY,Paraguay,2000,cbr,26.885,World Bank WDI (Crude Birth Rate),2026-09-02
PER,Peru,2023,cbr,15.944,World Bank WDI (Crude Birth Rate),2026-09-02
PER,Peru,2022,cbr,16.183,World Bank WDI (Crude Birth Rate),2026-09-02
PER,Peru,2021,cbr,16.398,World Bank WDI (Crude Birth Rate),2026-09-02
PER,Peru,2020,cbr,16.61,World Bank WDI (Crude Birth Rate),2026-09-02
PER,Peru,2019,cbr,16.853,World Bank WDI (Crude Birth Rate),2026-09-02
PER,Peru,2018,cbr,16.93,World Bank WDI (Crude Birth Rate),2026-09-02
PER,Peru,2017,cbr,17.254,World Bank WDI (Crude Birth Rate),2026-09-02
PER,Peru,2016,cbr,17.565,World Bank WDI (Crude Birth Rate),2026-09-02
PER,Peru,2015,cbr,17.948,World Bank WDI (Crude Birth Rate),2026-09-02
PER,Peru,2014,cbr,18.366,World Bank WDI (Crude Birth Rate),2026-09-02
PER,Peru,2013,cbr,18.82,World Bank WDI (Crude Birth Rate),2026-09-02
PER,Peru,2012,cbr,19.21,World Bank WDI (Crude Birth Rate),2026-09-02
PER,Peru,2011,cbr,19.75,World Bank WDI (Crude Birth Rate),2026-09-02
PER,Peru,2010,cbr,19.884,World Bank WDI (Crude Birth Rate),2026-09-02
PER,Peru,2009,cbr,20.444,World Bank WDI (Crude Birth Rate),2026-09-02
PER,Peru,2008,cbr,20.908,World Bank WDI (Crude Birth Rate),2026-09-02
PER,Peru,2007,cbr,21.446,World Bank WDI (Crude Birth Rate),2026-09-02
PER,Peru,2006,cbr,21.821,World Bank WDI (Crude Birth Rate),2026-09-02
PER,Peru,2005,cbr,22.089,World Bank WDI (Crude Birth Rate),2026-09-02
PER,Peru,2004,cbr,22.392,World Bank WDI (Crude Birth Rate),2026-09-02
PER,Peru,2003,cbr,22.33,World Bank WDI (Crude Birth Rate),2026-09-02
PER,Peru,2002,cbr,22.599,World Bank WDI (Crude Birth Rate),2026-09-02
PER,Peru,2001,cbr,23.028,World Bank WDI (Crude Birth Rate),2026-09-02
PER,Peru,2000,cbr,23.836,World Bank WDI (Crude Birth Rate),2026-09-02
PHL,Philippines,2023,cbr,16.019,World Bank WDI (Crude Birth Rate),2026-09-02
PHL,Philippines,2022,cbr,16.057,World Bank WDI (Crude Birth Rate),2026-09-02
PHL,Philippines,2021,cbr,16.108,World Bank WDI (Crude Birth Rate),2026-09-02
PHL,Philippines,2020,cbr,17.017,World Bank WDI (Crude Birth Rate),2026-09-02
PHL,Philippines,2019,cbr,18.104,World Bank WDI (Crude Birth Rate),2026-09-02
PHL,Philippines,2018,cbr,19.418,World Bank WDI (Crude Birth Rate),2026-09-02
PHL,Philippines,2017,cbr,20.571,World Bank WDI (Crude Birth Rate),2026-09-02
PHL,Philippines,2016,cbr,21.76,World Bank WDI (Crude Birth Rate),2026-09-02
PHL,Philippines,2015,cbr,22.933,World Bank WDI (Crude Birth Rate),2026-09-02
PHL,Philippines,2014,cbr,23.404,World Bank WDI (Crude Birth Rate),2026-09-02
PHL,Philippines,2013,cbr,24.56,World Bank WDI (Crude Birth Rate),2026-09-02
PHL,Philippines,2012,cbr,25.22,World Bank WDI (Crude Birth Rate),2026-09-02
PHL,Philippines,2011,cbr,26.007,World Bank WDI (Crude Birth Rate),2026-09-02
PHL,Philippines,2010,cbr,26.564,World Bank WDI (Crude Birth Rate),2026-09-02
PHL,Philippines,2009,cbr,26.987,World Bank WDI (Crude Birth Rate),2026-09-02
PHL,Philippines,2008,cbr,27.12,World Bank WDI (Crude Birth Rate),2026-09-02
PHL,Philippines,2007,cbr,27.0,World Bank WDI (Crude Birth Rate),2026-09-02
PHL,Philippines,2006,cbr,27.419,World Bank WDI (Crude Birth Rate),2026-09-02
PHL,Philippines,2005,cbr,27.154,World Bank WDI (Crude Birth Rate),2026-09-02
PHL,Philippines,2004,cbr,27.629,World Bank WDI (Crude Birth Rate),2026-09-02
PHL,Philippines,2003,cbr,28.101,World Bank WDI (Crude Birth Rate),2026-09-02
PHL,Philippines,2002,cbr,28.534,World Bank WDI (Crude Birth Rate),2026-09-02
PHL,Philippines,2001,cbr,29.145,World Bank WDI (Crude Birth Rate),2026-09-02
PHL,Philippines,2000,cbr,29.285,World Bank WDI (Crude Birth Rate),2026-09-02
POL,Poland,2023,cbr,7.4,World Bank WDI (Crude Birth Rate),2026-09-02
POL,Poland,2022,cbr,8.3,World Bank WDI (Crude Birth Rate),2026-09-02
POL,Poland,2021,cbr,9.0,World Bank WDI (Crude Birth Rate),2026-09-02
POL,Poland,2020,cbr,9.5,World Bank WDI (Crude Birth Rate),2026-09-02
POL,Poland,2019,cbr,9.9,World Bank WDI (Crude Birth Rate),2026-09-02
POL,Poland,2018,cbr,10.2,World Bank WDI (Crude Birth Rate),2026-09-02
POL,Poland,2017,cbr,10.6,World Bank WDI (Crude Birth Rate),2026-09-02
POL,Poland,2016,cbr,10.1,World Bank WDI (Crude Birth Rate),2026-09-02
POL,Poland,2015,cbr,9.7,World Bank WDI (Crude Birth Rate),2026-09-02
POL,Poland,2014,cbr,9.9,World Bank WDI (Crude Birth Rate),2026-09-02
POL,Poland,2013,cbr,9.7,World Bank WDI (Crude Birth Rate),2026-09-02
POL,Poland,2012,cbr,10.1,World Bank WDI (Crude Birth Rate),2026-09-02
POL,Poland,2011,cbr,10.2,World Bank WDI (Crude Birth Rate),2026-09-02
POL,Poland,2010,cbr,10.9,World Bank WDI (Crude Birth Rate),2026-09-02
POL,Poland,2009,cbr,10.9,World Bank WDI (Crude Birth Rate),2026-09-02
POL,Poland,2008,cbr,10.9,World Bank WDI (Crude Birth Rate),2026-09-02
POL,Poland,2007,cbr,10.2,World Bank WDI (Crude Birth Rate),2026-09-02
POL,Poland,2006,cbr,9.8,World Bank WDI (Crude Birth Rate),2026-09-02
POL,Poland,2005,cbr,9.5,World Bank WDI (Crude Birth Rate),2026-09-02
POL,Poland,2004,cbr,9.3,World Bank WDI (Crude Birth Rate),2026-09-02
POL,Poland,2003,cbr,9.2,World Bank WDI (Crude Birth Rate),2026-09-02
POL,Poland,2002,cbr,9.3,World Bank WDI (Crude Birth Rate),2026-09-02
POL,Poland,2001,cbr,9.6,World Bank WDI (Crude Birth Rate),2026-09-02
POL,Poland,2000,cbr,9.9,World Bank WDI (Crude Birth Rate),2026-09-02
PRT,Portugal,2023,cbr,8.1,World Bank WDI (Crude Birth Rate),2026-09-02
PRT,Portugal,2022,cbr,8.0,World Bank WDI (Crude Birth Rate),2026-09-02
PRT,Portugal,2021,cbr,7.6,World Bank WDI (Crude Birth Rate),2026-09-02
PRT,Portugal,2020,cbr,8.1,World Bank WDI (Crude Birth Rate),2026-09-02
PRT,Portugal,2019,cbr,8.4,World Bank WDI (Crude Birth Rate),2026-09-02
PRT,Portugal,2018,cbr,8.4,World Bank WDI (Crude Birth Rate),2026-09-02
PRT,Portugal,2017,cbr,8.3,World Bank WDI (Crude Birth Rate),2026-09-02
PRT,Portugal,2016,cbr,8.4,World Bank WDI (Crude Birth Rate),2026-09-02
PRT,Portugal,2015,cbr,8.2,World Bank WDI (Crude Birth Rate),2026-09-02
PRT,Portugal,2014,cbr,7.9,World Bank WDI (Crude Birth Rate),2026-09-02
PRT,Portugal,2013,cbr,7.9,World Bank WDI (Crude Birth Rate),2026-09-02
PRT,Portugal,2012,cbr,8.5,World Bank WDI (Crude Birth Rate),2026-09-02
PRT,Portugal,2011,cbr,9.2,World Bank WDI (Crude Birth Rate),2026-09-02
PRT,Portugal,2010,cbr,9.6,World Bank WDI (Crude Birth Rate),2026-09-02
PRT,Portugal,2009,cbr,9.4,World Bank WDI (Crude Birth Rate),2026-09-02
PRT,Portugal,2008,cbr,9.9,World Bank WDI (Crude Birth Rate),2026-09-02
PRT,Portugal,2007,cbr,9.7,World Bank WDI (Crude Birth Rate),2026-09-02
PRT,Portugal,2006,cbr,10.0,World Bank WDI (Crude Birth Rate),2026-09-02
PRT,Portugal,2005,cbr,10.4,World Bank WDI (Crude Birth Rate),2026-09-02
PRT,Portugal,2004,cbr,10.4,World Bank WDI (Crude Birth Rate),2026-09-02
PRT,Portugal,2003,cbr,10.8,World Bank WDI (Crude Birth Rate),2026-09-02
PRT,Portugal,2002,cbr,11.0,World Bank WDI (Crude Birth Rate),2026-09-02
PRT,Portugal,2001,cbr,10.9,World Bank WDI (Crude Birth Rate),2026-09-02
PRT,Portugal,2000,cbr,11.7,World Bank WDI (Crude Birth Rate),2026-09-02
PRI,Puerto Rico (US),2023,cbr,5.8,World Bank WDI (Crude Birth Rate),2026-09-02
PRI,Puerto Rico (US),2022,cbr,5.9,World Bank WDI (Crude Birth Rate),2026-09-02
PRI,Puerto Rico (US),2021,cbr,5.9,World Bank WDI (Crude Birth Rate),2026-09-02
PRI,Puerto Rico (US),2020,cbr,6.0,World Bank WDI (Crude Birth Rate),2026-09-02
PRI,Puerto Rico (US),2019,cbr,6.4,World Bank WDI (Crude Birth Rate),2026-09-02
PRI,Puerto Rico (US),2018,cbr,6.7,World Bank WDI (Crude Birth Rate),2026-09-02
PRI,Puerto Rico (US),2017,cbr,7.3,World Bank WDI (Crude Birth Rate),2026-09-02
PRI,Puerto Rico (US),2016,cbr,8.3,World Bank WDI (Crude Birth Rate),2026-09-02
PRI,Puerto Rico (US),2015,cbr,9.0,World Bank WDI (Crude Birth Rate),2026-09-02
PRI,Puerto Rico (US),2014,cbr,9.7,World Bank WDI (Crude Birth Rate),2026-09-02
PRI,Puerto Rico (US),2013,cbr,10.1,World Bank WDI (Crude Birth Rate),2026-09-02
PRI,Puerto Rico (US),2012,cbr,10.6,World Bank WDI (Crude Birth Rate),2026-09-02
PRI,Puerto Rico (US),2011,cbr,11.1,World Bank WDI (Crude Birth Rate),2026-09-02
PRI,Puerto Rico (US),2010,cbr,11.3,World Bank WDI (Crude Birth Rate),2026-09-02
PRI,Puerto Rico (US),2009,cbr,11.72,World Bank WDI (Crude Birth Rate),2026-09-02
PRI,Puerto Rico (US),2008,cbr,11.79,World Bank WDI (Crude Birth Rate),2026-09-02
PRI,Puerto Rico (US),2007,cbr,11.86,World Bank WDI (Crude Birth Rate),2026-09-02
PRI,Puerto Rico (US),2006,cbr,12.41,World Bank WDI (Crude Birth Rate),2026-09-02
PRI,Puerto Rico (US),2005,cbr,12.96,World Bank WDI (Crude Birth Rate),2026-09-02
PRI,Puerto Rico (US),2004,cbr,13.16,World Bank WDI (Crude Birth Rate),2026-09-02
PRI,Puerto Rico (US),2003,cbr,13.1,World Bank WDI (Crude Birth Rate),2026-09-02
PRI,Puerto Rico (US),2002,cbr,13.7,World Bank WDI (Crude Birth Rate),2026-09-02
PRI,Puerto Rico (US),2001,cbr,14.59,World Bank WDI (Crude Birth Rate),2026-09-02
PRI,Puerto Rico (US),2000,cbr,15.59,World Bank WDI (Crude Birth Rate),2026-09-02
QAT,Qatar,2023,cbr,9.908,World Bank WDI (Crude Birth Rate),2026-09-02
QAT,Qatar,2022,cbr,10.099,World Bank WDI (Crude Birth Rate),2026-09-02
QAT,Qatar,2021,cbr,9.555,World Bank WDI (Crude Birth Rate),2026-09-02
QAT,Qatar,2020,cbr,10.046,World Bank WDI (Crude Birth Rate),2026-09-02
QAT,Qatar,2019,cbr,9.979,World Bank WDI (Crude Birth Rate),2026-09-02
QAT,Qatar,2018,cbr,9.921,World Bank WDI (Crude Birth Rate),2026-09-02
QAT,Qatar,2017,cbr,10.031,World Bank WDI (Crude Birth Rate),2026-09-02
QAT,Qatar,2016,cbr,9.969,World Bank WDI (Crude Birth Rate),2026-09-02
QAT,Qatar,2015,cbr,10.596,World Bank WDI (Crude Birth Rate),2026-09-02
QAT,Qatar,2014,cbr,11.131,World Bank WDI (Crude Birth Rate),2026-09-02
QAT,Qatar,2013,cbr,11.367,World Bank WDI (Crude Birth Rate),2026-09-02
QAT,Qatar,2012,cbr,11.397,World Bank WDI (Crude Birth Rate),2026-09-02
QAT,Qatar,2011,cbr,11.33,World Bank WDI (Crude Birth Rate),2026-09-02
QAT,Qatar,2010,cbr,11.223,World Bank WDI (Crude Birth Rate),2026-09-02
QAT,Qatar,2009,cbr,10.98,World Bank WDI (Crude Birth Rate),2026-09-02
QAT,Qatar,2008,cbr,11.226,World Bank WDI (Crude Birth Rate),2026-09-02
QAT,Qatar,2007,cbr,10.783,World Bank WDI (Crude Birth Rate),2026-09-02
QAT,Qatar,2006,cbr,11.972,World Bank WDI (Crude Birth Rate),2026-09-02
QAT,Qatar,2005,cbr,15.436,World Bank WDI (Crude Birth Rate),2026-09-02
QAT,Qatar,2004,cbr,16.259,World Bank WDI (Crude Birth Rate),2026-09-02
QAT,Qatar,2003,cbr,16.921,World Bank WDI (Crude Birth Rate),2026-09-02
QAT,Qatar,2002,cbr,17.352,World Bank WDI (Crude Birth Rate),2026-09-02
QAT,Qatar,2001,cbr,17.59,World Bank WDI (Crude Birth Rate),2026-09-02
QAT,Qatar,2000,cbr,17.318,World Bank WDI (Crude Birth Rate),2026-09-02
ROU,Romania,2023,cbr,8.4,World Bank WDI (Crude Birth Rate),2026-09-02
ROU,Romania,2022,cbr,9.4,World Bank WDI (Crude Birth Rate),2026-09-02
ROU,Romania,2021,cbr,10.1,World Bank WDI (Crude Birth Rate),2026-09-02
ROU,Romania,2020,cbr,10.3,World Bank WDI (Crude Birth Rate),2026-09-02
ROU,Romania,2019,cbr,10.3,World Bank WDI (Crude Birth Rate),2026-09-02
ROU,Romania,2018,cbr,10.4,World Bank WDI (Crude Birth Rate),2026-09-02
ROU,Romania,2017,cbr,10.8,World Bank WDI (Crude Birth Rate),2026-09-02
ROU,Romania,2016,cbr,10.4,World Bank WDI (Crude Birth Rate),2026-09-02
ROU,Romania,2015,cbr,10.2,World Bank WDI (Crude Birth Rate),2026-09-02
ROU,Romania,2014,cbr,10.0,World Bank WDI (Crude Birth Rate),2026-09-02
ROU,Romania,2013,cbr,9.4,World Bank WDI (Crude Birth Rate),2026-09-02
ROU,Romania,2012,cbr,10.0,World Bank WDI (Crude Birth Rate),2026-09-02
ROU,Romania,2011,cbr,9.7,World Bank WDI (Crude Birth Rate),2026-09-02
ROU,Romania,2010,cbr,10.5,World Bank WDI (Crude Birth Rate),2026-09-02
ROU,Romania,2009,cbr,10.9,World Bank WDI (Crude Birth Rate),2026-09-02
ROU,Romania,2008,cbr,10.8,World Bank WDI (Crude Birth Rate),2026-09-02
ROU,Romania,2007,cbr,10.3,World Bank WDI (Crude Birth Rate),2026-09-02
ROU,Romania,2006,cbr,10.4,World Bank WDI (Crude Birth Rate),2026-09-02
ROU,Romania,2005,cbr,10.4,World Bank WDI (Crude Birth Rate),2026-09-02
ROU,Romania,2004,cbr,10.1,World Bank WDI (Crude Birth Rate),2026-09-02
ROU,Romania,2003,cbr,9.8,World Bank WDI (Crude Birth Rate),2026-09-02
ROU,Romania,2002,cbr,9.7,World Bank WDI (Crude Birth Rate),2026-09-02
ROU,Romania,2001,cbr,10.0,World Bank WDI (Crude Birth Rate),2026-09-02
ROU,Romania,2000,cbr,10.4,World Bank WDI (Crude Birth Rate),2026-09-02
RUS,Russian Federation,2023,cbr,8.6,World Bank WDI (Crude Birth Rate),2026-09-02
RUS,Russian Federation,2022,cbr,8.9,World Bank WDI (Crude Birth Rate),2026-09-02
RUS,Russian Federation,2021,cbr,9.6,World Bank WDI (Crude Birth Rate),2026-09-02
RUS,Russian Federation,2020,cbr,9.8,World Bank WDI (Crude Birth Rate),2026-09-02
RUS,Russian Federation,2019,cbr,10.1,World Bank WDI (Crude Birth Rate),2026-09-02
RUS,Russian Federation,2018,cbr,10.9,World Bank WDI (Crude Birth Rate),2026-09-02
RUS,Russian Federation,2017,cbr,11.5,World Bank WDI (Crude Birth Rate),2026-09-02
RUS,Russian Federation,2016,cbr,12.9,World Bank WDI (Crude Birth Rate),2026-09-02
RUS,Russian Federation,2015,cbr,13.3,World Bank WDI (Crude Birth Rate),2026-09-02
RUS,Russian Federation,2014,cbr,13.3,World Bank WDI (Crude Birth Rate),2026-09-02
RUS,Russian Federation,2013,cbr,13.2,World Bank WDI (Crude Birth Rate),2026-09-02
RUS,Russian Federation,2012,cbr,13.3,World Bank WDI (Crude Birth Rate),2026-09-02
RUS,Russian Federation,2011,cbr,12.6,World Bank WDI (Crude Birth Rate),2026-09-02
RUS,Russian Federation,2010,cbr,12.5,World Bank WDI (Crude Birth Rate),2026-09-02
RUS,Russian Federation,2009,cbr,12.3,World Bank WDI (Crude Birth Rate),2026-09-02
RUS,Russian Federation,2008,cbr,12.0,World Bank WDI (Crude Birth Rate),2026-09-02
RUS,Russian Federation,2007,cbr,11.3,World Bank WDI (Crude Birth Rate),2026-09-02
RUS,Russian Federation,2006,cbr,10.3,World Bank WDI (Crude Birth Rate),2026-09-02
RUS,Russian Federation,2005,cbr,10.2,World Bank WDI (Crude Birth Rate),2026-09-02
RUS,Russian Federation,2004,cbr,10.4,World Bank WDI (Crude Birth Rate),2026-09-02
RUS,Russian Federation,2003,cbr,10.2,World Bank WDI (Crude Birth Rate),2026-09-02
RUS,Russian Federation,2002,cbr,9.7,World Bank WDI (Crude Birth Rate),2026-09-02
RUS,Russian Federation,2001,cbr,9.0,World Bank WDI (Crude Birth Rate),2026-09-02
RUS,Russian Federation,2000,cbr,8.7,World Bank WDI (Crude Birth Rate),2026-09-02
RWA,Rwanda,2023,cbr,28.348,World Bank WDI (Crude Birth Rate),2026-09-02
RWA,Rwanda,2022,cbr,28.859,World Bank WDI (Crude Birth Rate),2026-09-02
RWA,Rwanda,2021,cbr,29.389,World Bank WDI (Crude Birth Rate),2026-09-02
RWA,Rwanda,2020,cbr,30.021,World Bank WDI (Crude Birth Rate),2026-09-02
RWA,Rwanda,2019,cbr,30.672,World Bank WDI (Crude Birth Rate),2026-09-02
RWA,Rwanda,2018,cbr,31.231,World Bank WDI (Crude Birth Rate),2026-09-02
RWA,Rwanda,2017,cbr,31.666,World Bank WDI (Crude Birth Rate),2026-09-02
RWA,Rwanda,2016,cbr,31.971,World Bank WDI (Crude Birth Rate),2026-09-02
RWA,Rwanda,2015,cbr,32.098,World Bank WDI (Crude Birth Rate),2026-09-02
RWA,Rwanda,2014,cbr,32.24,World Bank WDI (Crude Birth Rate),2026-09-02
RWA,Rwanda,2013,cbr,32.409,World Bank WDI (Crude Birth Rate),2026-09-02
RWA,Rwanda,2012,cbr,32.852,World Bank WDI (Crude Birth Rate),2026-09-02
RWA,Rwanda,2011,cbr,33.8,World Bank WDI (Crude Birth Rate),2026-09-02
RWA,Rwanda,2010,cbr,35.149,World Bank WDI (Crude Birth Rate),2026-09-02
RWA,Rwanda,2009,cbr,36.315,World Bank WDI (Crude Birth Rate),2026-09-02
RWA,Rwanda,2008,cbr,37.643,World Bank WDI (Crude Birth Rate),2026-09-02
RWA,Rwanda,2007,cbr,38.833,World Bank WDI (Crude Birth Rate),2026-09-02
RWA,Rwanda,2006,cbr,39.861,World Bank WDI (Crude Birth Rate),2026-09-02
RWA,Rwanda,2005,cbr,40.638,World Bank WDI (Crude Birth Rate),2026-09-02
RWA,Rwanda,2004,cbr,41.145,World Bank WDI (Crude Birth Rate),2026-09-02
RWA,Rwanda,2003,cbr,41.402,World Bank WDI (Crude Birth Rate),2026-09-02
RWA,Rwanda,2002,cbr,41.784,World Bank WDI (Crude Birth Rate),2026-09-02
RWA,Rwanda,2001,cbr,42.113,World Bank WDI (Crude Birth Rate),2026-09-02
RWA,Rwanda,2000,cbr,42.112,World Bank WDI (Crude Birth Rate),2026-09-02
WSM,Samoa,2023,cbr,25.401,World Bank WDI (Crude Birth Rate),2026-09-02
WSM,Samoa,2022,cbr,26.101,World Bank WDI (Crude Birth Rate),2026-09-02
WSM,Samoa,2021,cbr,26.891,World Bank WDI (Crude Birth Rate),2026-09-02
WSM,Samoa,2020,cbr,27.453,World Bank WDI (Crude Birth Rate),2026-09-02
WSM,Samoa,2019,cbr,27.957,World Bank WDI (Crude Birth Rate),2026-09-02
WSM,Samoa,2018,cbr,28.488,World Bank WDI (Crude Birth Rate),2026-09-02
WSM,Samoa,2017,cbr,28.795,World Bank WDI (Crude Birth Rate),2026-09-02
WSM,Samoa,2016,cbr,29.279,World Bank WDI (Crude Birth Rate),2026-09-02
WSM,Samoa,2015,cbr,29.816,World Bank WDI (Crude Birth Rate),2026-09-02
WSM,Samoa,2014,cbr,30.248,World Bank WDI (Crude Birth Rate),2026-09-02
WSM,Samoa,2013,cbr,30.533,World Bank WDI (Crude Birth Rate),2026-09-02
WSM,Samoa,2012,cbr,30.69,World Bank WDI (Crude Birth Rate),2026-09-02
WSM,Samoa,2011,cbr,30.785,World Bank WDI (Crude Birth Rate),2026-09-02
WSM,Samoa,2010,cbr,30.537,World Bank WDI (Crude Birth Rate),2026-09-02
WSM,Samoa,2009,cbr,30.135,World Bank WDI (Crude Birth Rate),2026-09-02
WSM,Samoa,2008,cbr,29.769,World Bank WDI (Crude Birth Rate),2026-09-02
WSM,Samoa,2007,cbr,29.329,World Bank WDI (Crude Birth Rate),2026-09-02
WSM,Samoa,2006,cbr,29.326,World Bank WDI (Crude Birth Rate),2026-09-02
WSM,Samoa,2005,cbr,29.522,World Bank WDI (Crude Birth Rate),2026-09-02
WSM,Samoa,2004,cbr,29.774,World Bank WDI (Crude Birth Rate),2026-09-02
WSM,Samoa,2003,cbr,30.172,World Bank WDI (Crude Birth Rate),2026-09-02
WSM,Samoa,2002,cbr,30.558,World Bank WDI (Crude Birth Rate),2026-09-02
WSM,Samoa,2001,cbr,31.254,World Bank WDI (Crude Birth Rate),2026-09-02
WSM,Samoa,2000,cbr,32.057,World Bank WDI (Crude Birth Rate),2026-09-02
SMR,San Marino,2023,cbr,5.6,World Bank WDI (Crude Birth Rate),2026-09-02
SMR,San Marino,2022,cbr,6.1,World Bank WDI (Crude Birth Rate),2026-09-02
SMR,San Marino,2021,cbr,6.2,World Bank WDI (Crude Birth Rate),2026-09-02
SMR,San Marino,2020,cbr,6.4,World Bank WDI (Crude Birth Rate),2026-09-02
SMR,San Marino,2019,cbr,6.7,World Bank WDI (Crude Birth Rate),2026-09-02
SMR,San Marino,2018,cbr,6.8,World Bank WDI (Crude Birth Rate),2026-09-02
SMR,San Marino,2017,cbr,6.7,World Bank WDI (Crude Birth Rate),2026-09-02
SMR,San Marino,2016,cbr,7.9,World Bank WDI (Crude Birth Rate),2026-09-02
SMR,San Marino,2015,cbr,8.2,World Bank WDI (Crude Birth Rate),2026-09-02
SMR,San Marino,2014,cbr,9.1,World Bank WDI (Crude Birth Rate),2026-09-02
SMR,San Marino,2013,cbr,9.7,World Bank WDI (Crude Birth Rate),2026-09-02
SMR,San Marino,2012,cbr,8.7,World Bank WDI (Crude Birth Rate),2026-09-02
SMR,San Marino,2011,cbr,10.0,World Bank WDI (Crude Birth Rate),2026-09-02
SMR,San Marino,2010,cbr,10.3,World Bank WDI (Crude Birth Rate),2026-09-02
SMR,San Marino,2009,cbr,10.7,World Bank WDI (Crude Birth Rate),2026-09-02
SMR,San Marino,2008,cbr,11.0,World Bank WDI (Crude Birth Rate),2026-09-02
SMR,San Marino,2007,cbr,9.4,World Bank WDI (Crude Birth Rate),2026-09-02
SMR,San Marino,2006,cbr,10.0,World Bank WDI (Crude Birth Rate),2026-09-02
SMR,San Marino,2005,cbr,9.5,World Bank WDI (Crude Birth Rate),2026-09-02
SMR,San Marino,2004,cbr,10.4,World Bank WDI (Crude Birth Rate),2026-09-02
SMR,San Marino,2003,cbr,10.661,World Bank WDI (Crude Birth Rate),2026-09-02
SMR,San Marino,2002,cbr,11.935,World Bank WDI (Crude Birth Rate),2026-09-02
SMR,San Marino,2001,cbr,12.82,World Bank WDI (Crude Birth Rate),2026-09-02
SMR,San Marino,2000,cbr,12.004,World Bank WDI (Crude Birth Rate),2026-09-02
STP,Sao Tome and Principe,2023,cbr,28.185,World Bank WDI (Crude Birth Rate),2026-09-02
STP,Sao Tome and Principe,2022,cbr,28.277,World Bank WDI (Crude Birth Rate),2026-09-02
STP,Sao Tome and Principe,2021,cbr,28.518,World Bank WDI (Crude Birth Rate),2026-09-02
STP,Sao Tome and Principe,2020,cbr,28.643,World Bank WDI (Crude Birth Rate),2026-09-02
STP,Sao Tome and Principe,2019,cbr,29.229,World Bank WDI (Crude Birth Rate),2026-09-02
STP,Sao Tome and Principe,2018,cbr,29.804,World Bank WDI (Crude Birth Rate),2026-09-02
STP,Sao Tome and Principe,2017,cbr,30.564,World Bank WDI (Crude Birth Rate),2026-09-02
STP,Sao Tome and Principe,2016,cbr,31.691,World Bank WDI (Crude Birth Rate),2026-09-02
STP,Sao Tome and Principe,2015,cbr,33.025,World Bank WDI (Crude Birth Rate),2026-09-02
STP,Sao Tome and Principe,2014,cbr,34.27,World Bank WDI (Crude Birth Rate),2026-09-02
STP,Sao Tome and Principe,2013,cbr,35.361,World Bank WDI (Crude Birth Rate),2026-09-02
STP,Sao Tome and Principe,2012,cbr,36.364,World Bank WDI (Crude Birth Rate),2026-09-02
STP,Sao Tome and Principe,2011,cbr,36.847,World Bank WDI (Crude Birth Rate),2026-09-02
STP,Sao Tome and Principe,2010,cbr,37.323,World Bank WDI (Crude Birth Rate),2026-09-02
STP,Sao Tome and Principe,2009,cbr,37.892,World Bank WDI (Crude Birth Rate),2026-09-02
STP,Sao Tome and Principe,2008,cbr,38.468,World Bank WDI (Crude Birth Rate),2026-09-02
STP,Sao Tome and Principe,2007,cbr,38.915,World Bank WDI (Crude Birth Rate),2026-09-02
STP,Sao Tome and Principe,2006,cbr,38.851,World Bank WDI (Crude Birth Rate),2026-09-02
STP,Sao Tome and Principe,2005,cbr,38.979,World Bank WDI (Crude Birth Rate),2026-09-02
STP,Sao Tome and Principe,2004,cbr,39.206,World Bank WDI (Crude Birth Rate),2026-09-02
STP,Sao Tome and Principe,2003,cbr,39.551,World Bank WDI (Crude Birth Rate),2026-09-02
STP,Sao Tome and Principe,2002,cbr,39.841,World Bank WDI (Crude Birth Rate),2026-09-02
STP,Sao Tome and Principe,2001,cbr,39.965,World Bank WDI (Crude Birth Rate),2026-09-02
STP,Sao Tome and Principe,2000,cbr,39.748,World Bank WDI (Crude Birth Rate),2026-09-02
SAU,Saudi Arabia,2023,cbr,16.415,World Bank WDI (Crude Birth Rate),2026-09-02
SAU,Saudi Arabia,2022,cbr,15.217,World Bank WDI (Crude Birth Rate),2026-09-02
SAU,Saudi Arabia,2021,cbr,15.902,World Bank WDI (Crude Birth Rate),2026-09-02
SAU,Saudi Arabia,2020,cbr,16.628,World Bank WDI (Crude Birth Rate),2026-09-02
SAU,Saudi Arabia,2019,cbr,18.075,World Bank WDI (Crude Birth Rate),2026-09-02
SAU,Saudi Arabia,2018,cbr,19.739,World Bank WDI (Crude Birth Rate),2026-09-02
SAU,Saudi Arabia,2017,cbr,19.824,World Bank WDI (Crude Birth Rate),2026-09-02
SAU,Saudi Arabia,2016,cbr,19.553,World Bank WDI (Crude Birth Rate),2026-09-02
SAU,Saudi Arabia,2015,cbr,19.405,World Bank WDI (Crude Birth Rate),2026-09-02
SAU,Saudi Arabia,2014,cbr,19.822,World Bank WDI (Crude Birth Rate),2026-09-02
SAU,Saudi Arabia,2013,cbr,19.712,World Bank WDI (Crude Birth Rate),2026-09-02
SAU,Saudi Arabia,2012,cbr,20.387,World Bank WDI (Crude Birth Rate),2026-09-02
SAU,Saudi Arabia,2011,cbr,20.324,World Bank WDI (Crude Birth Rate),2026-09-02
SAU,Saudi Arabia,2010,cbr,20.127,World Bank WDI (Crude Birth Rate),2026-09-02
SAU,Saudi Arabia,2009,cbr,20.802,World Bank WDI (Crude Birth Rate),2026-09-02
SAU,Saudi Arabia,2008,cbr,21.314,World Bank WDI (Crude Birth Rate),2026-09-02
SAU,Saudi Arabia,2007,cbr,21.73,World Bank WDI (Crude Birth Rate),2026-09-02
SAU,Saudi Arabia,2006,cbr,21.35,World Bank WDI (Crude Birth Rate),2026-09-02
SAU,Saudi Arabia,2005,cbr,21.062,World Bank WDI (Crude Birth Rate),2026-09-02
SAU,Saudi Arabia,2004,cbr,21.274,World Bank WDI (Crude Birth Rate),2026-09-02
SAU,Saudi Arabia,2003,cbr,22.302,World Bank WDI (Crude Birth Rate),2026-09-02
SAU,Saudi Arabia,2002,cbr,23.767,World Bank WDI (Crude Birth Rate),2026-09-02
SAU,Saudi Arabia,2001,cbr,25.528,World Bank WDI (Crude Birth Rate),2026-09-02
SAU,Saudi Arabia,2000,cbr,27.49,World Bank WDI (Crude Birth Rate),2026-09-02
SEN,Senegal,2023,cbr,29.423,World Bank WDI (Crude Birth Rate),2026-09-02
SEN,Senegal,2022,cbr,29.46,World Bank WDI (Crude Birth Rate),2026-09-02
SEN,Senegal,2021,cbr,29.71,World Bank WDI (Crude Birth Rate),2026-09-02
SEN,Senegal,2020,cbr,29.931,World Bank WDI (Crude Birth Rate),2026-09-02
SEN,Senegal,2019,cbr,30.405,World Bank WDI (Crude Birth Rate),2026-09-02
SEN,Senegal,2018,cbr,31.596,World Bank WDI (Crude Birth Rate),2026-09-02
SEN,Senegal,2017,cbr,32.801,World Bank WDI (Crude Birth Rate),2026-09-02
SEN,Senegal,2016,cbr,33.828,World Bank WDI (Crude Birth Rate),2026-09-02
SEN,Senegal,2015,cbr,34.505,World Bank WDI (Crude Birth Rate),2026-09-02
SEN,Senegal,2014,cbr,35.48,World Bank WDI (Crude Birth Rate),2026-09-02
SEN,Senegal,2013,cbr,36.748,World Bank WDI (Crude Birth Rate),2026-09-02
SEN,Senegal,2012,cbr,37.536,World Bank WDI (Crude Birth Rate),2026-09-02
SEN,Senegal,2011,cbr,37.391,World Bank WDI (Crude Birth Rate),2026-09-02
SEN,Senegal,2010,cbr,37.254,World Bank WDI (Crude Birth Rate),2026-09-02
SEN,Senegal,2009,cbr,37.29,World Bank WDI (Crude Birth Rate),2026-09-02
SEN,Senegal,2008,cbr,37.344,World Bank WDI (Crude Birth Rate),2026-09-02
SEN,Senegal,2007,cbr,37.272,World Bank WDI (Crude Birth Rate),2026-09-02
SEN,Senegal,2006,cbr,37.583,World Bank WDI (Crude Birth Rate),2026-09-02
SEN,Senegal,2005,cbr,37.984,World Bank WDI (Crude Birth Rate),2026-09-02
SEN,Senegal,2004,cbr,38.381,World Bank WDI (Crude Birth Rate),2026-09-02
SEN,Senegal,2003,cbr,38.675,World Bank WDI (Crude Birth Rate),2026-09-02
SEN,Senegal,2002,cbr,38.624,World Bank WDI (Crude Birth Rate),2026-09-02
SEN,Senegal,2001,cbr,38.858,World Bank WDI (Crude Birth Rate),2026-09-02
SEN,Senegal,2000,cbr,39.3,World Bank WDI (Crude Birth Rate),2026-09-02
SRB,Serbia,2023,cbr,9.2,World Bank WDI (Crude Birth Rate),2026-09-02
SRB,Serbia,2022,cbr,9.3,World Bank WDI (Crude Birth Rate),2026-09-02
SRB,Serbia,2021,cbr,9.1,World Bank WDI (Crude Birth Rate),2026-09-02
SRB,Serbia,2020,cbr,8.9,World Bank WDI (Crude Birth Rate),2026-09-02
SRB,Serbia,2019,cbr,9.3,World Bank WDI (Crude Birth Rate),2026-09-02
SRB,Serbia,2018,cbr,9.2,World Bank WDI (Crude Birth Rate),2026-09-02
SRB,Serbia,2017,cbr,9.2,World Bank WDI (Crude Birth Rate),2026-09-02
SRB,Serbia,2016,cbr,9.2,World Bank WDI (Crude Birth Rate),2026-09-02
SRB,Serbia,2015,cbr,9.3,World Bank WDI (Crude Birth Rate),2026-09-02
SRB,Serbia,2014,cbr,9.3,World Bank WDI (Crude Birth Rate),2026-09-02
SRB,Serbia,2013,cbr,9.2,World Bank WDI (Crude Birth Rate),2026-09-02
SRB,Serbia,2012,cbr,9.3,World Bank WDI (Crude Birth Rate),2026-09-02
SRB,Serbia,2011,cbr,9.1,World Bank WDI (Crude Birth Rate),2026-09-02
SRB,Serbia,2010,cbr,9.4,World Bank WDI (Crude Birth Rate),2026-09-02
SRB,Serbia,2009,cbr,9.6,World Bank WDI (Crude Birth Rate),2026-09-02
SRB,Serbia,2008,cbr,9.4,World Bank WDI (Crude Birth Rate),2026-09-02
SRB,Serbia,2007,cbr,9.22,World Bank WDI (Crude Birth Rate),2026-09-02
SRB,Serbia,2006,cbr,9.58,World Bank WDI (Crude Birth Rate),2026-09-02
SRB,Serbia,2005,cbr,9.7,World Bank WDI (Crude Birth Rate),2026-09-02
SRB,Serbia,2004,cbr,10.5,World Bank WDI (Crude Birth Rate),2026-09-02
SRB,Serbia,2003,cbr,10.6,World Bank WDI (Crude Birth Rate),2026-09-02
SRB,Serbia,2002,cbr,10.4,World Bank WDI (Crude Birth Rate),2026-09-02
SRB,Serbia,2001,cbr,10.5,World Bank WDI (Crude Birth Rate),2026-09-02
SRB,Serbia,2000,cbr,9.8,World Bank WDI (Crude Birth Rate),2026-09-02
SYC,Seychelles,2023,cbr,13.0,World Bank WDI (Crude Birth Rate),2026-09-02
SYC,Seychelles,2022,cbr,13.1,World Bank WDI (Crude Birth Rate),2026-09-02
SYC,Seychelles,2021,cbr,16.8,World Bank WDI (Crude Birth Rate),2026-09-02
SYC,Seychelles,2020,cbr,15.8,World Bank WDI (Crude Birth Rate),2026-09-02
SYC,Seychelles,2019,cbr,16.4,World Bank WDI (Crude Birth Rate),2026-09-02
SYC,Seychelles,2018,cbr,17.1,World Bank WDI (Crude Birth Rate),2026-09-02
SYC,Seychelles,2017,cbr,17.2,World Bank WDI (Crude Birth Rate),2026-09-02
SYC,Seychelles,2016,cbr,17.4,World Bank WDI (Crude Birth Rate),2026-09-02
SYC,Seychelles,2015,cbr,17.0,World Bank WDI (Crude Birth Rate),2026-09-02
SYC,Seychelles,2014,cbr,17.0,World Bank WDI (Crude Birth Rate),2026-09-02
SYC,Seychelles,2013,cbr,17.4,World Bank WDI (Crude Birth Rate),2026-09-02
SYC,Seychelles,2012,cbr,18.6,World Bank WDI (Crude Birth Rate),2026-09-02
SYC,Seychelles,2011,cbr,18.6,World Bank WDI (Crude Birth Rate),2026-09-02
SYC,Seychelles,2010,cbr,16.8,World Bank WDI (Crude Birth Rate),2026-09-02
SYC,Seychelles,2009,cbr,18.1,World Bank WDI (Crude Birth Rate),2026-09-02
SYC,Seychelles,2008,cbr,17.8,World Bank WDI (Crude Birth Rate),2026-09-02
SYC,Seychelles,2007,cbr,17.6,World Bank WDI (Crude Birth Rate),2026-09-02
SYC,Seychelles,2006,cbr,17.3,World Bank WDI (Crude Birth Rate),2026-09-02
SYC,Seychelles,2005,cbr,18.5,World Bank WDI (Crude Birth Rate),2026-09-02
SYC,Seychelles,2004,cbr,17.4,World Bank WDI (Crude Birth Rate),2026-09-02
SYC,Seychelles,2003,cbr,18.1,World Bank WDI (Crude Birth Rate),2026-09-02
SYC,Seychelles,2002,cbr,17.7,World Bank WDI (Crude Birth Rate),2026-09-02
SYC,Seychelles,2001,cbr,17.7,World Bank WDI (Crude Birth Rate),2026-09-02
SYC,Seychelles,2000,cbr,18.6,World Bank WDI (Crude Birth Rate),2026-09-02
SLE,Sierra Leone,2023,cbr,30.601,World Bank WDI (Crude Birth Rate),2026-09-02
SLE,Sierra Leone,2022,cbr,31.071,World Bank WDI (Crude Birth Rate),2026-09-02
SLE,Sierra Leone,2021,cbr,31.644,World Bank WDI (Crude Birth Rate),2026-09-02
SLE,Sierra Leone,2020,cbr,32.196,World Bank WDI (Crude Birth Rate),2026-09-02
SLE,Sierra Leone,2019,cbr,32.808,World Bank WDI (Crude Birth Rate),2026-09-02
SLE,Sierra Leone,2018,cbr,33.34,World Bank WDI (Crude Birth Rate),2026-09-02
SLE,Sierra Leone,2017,cbr,33.808,World Bank WDI (Crude Birth Rate),2026-09-02
SLE,Sierra Leone,2016,cbr,34.194,World Bank WDI (Crude Birth Rate),2026-09-02
SLE,Sierra Leone,2015,cbr,34.658,World Bank WDI (Crude Birth Rate),2026-09-02
SLE,Sierra Leone,2014,cbr,35.62,World Bank WDI (Crude Birth Rate),2026-09-02
SLE,Sierra Leone,2013,cbr,36.6,World Bank WDI (Crude Birth Rate),2026-09-02
SLE,Sierra Leone,2012,cbr,37.775,World Bank WDI (Crude Birth Rate),2026-09-02
SLE,Sierra Leone,2011,cbr,38.518,World Bank WDI (Crude Birth Rate),2026-09-02
SLE,Sierra Leone,2010,cbr,39.115,World Bank WDI (Crude Birth Rate),2026-09-02
SLE,Sierra Leone,2009,cbr,39.853,World Bank WDI (Crude Birth Rate),2026-09-02
SLE,Sierra Leone,2008,cbr,40.589,World Bank WDI (Crude Birth Rate),2026-09-02
SLE,Sierra Leone,2007,cbr,41.058,World Bank WDI (Crude Birth Rate),2026-09-02
SLE,Sierra Leone,2006,cbr,41.807,World Bank WDI (Crude Birth Rate),2026-09-02
SLE,Sierra Leone,2005,cbr,41.97,World Bank WDI (Crude Birth Rate),2026-09-02
SLE,Sierra Leone,2004,cbr,42.465,World Bank WDI (Crude Birth Rate),2026-09-02
SLE,Sierra Leone,2003,cbr,43.473,World Bank WDI (Crude Birth Rate),2026-09-02
SLE,Sierra Leone,2002,cbr,44.281,World Bank WDI (Crude Birth Rate),2026-09-02
SLE,Sierra Leone,2001,cbr,44.013,World Bank WDI (Crude Birth Rate),2026-09-02
SLE,Sierra Leone,2000,cbr,45.045,World Bank WDI (Crude Birth Rate),2026-09-02
SGP,Singapore,2023,cbr,7.4,World Bank WDI (Crude Birth Rate),2026-09-02
SGP,Singapore,2022,cbr,7.9,World Bank WDI (Crude Birth Rate),2026-09-02
SGP,Singapore,2021,cbr,8.6,World Bank WDI (Crude Birth Rate),2026-09-02
SGP,Singapore,2020,cbr,8.5,World Bank WDI (Crude Birth Rate),2026-09-02
SGP,Singapore,2019,cbr,8.8,World Bank WDI (Crude Birth Rate),2026-09-02
SGP,Singapore,2018,cbr,8.8,World Bank WDI (Crude Birth Rate),2026-09-02
SGP,Singapore,2017,cbr,8.9,World Bank WDI (Crude Birth Rate),2026-09-02
SGP,Singapore,2016,cbr,9.4,World Bank WDI (Crude Birth Rate),2026-09-02
SGP,Singapore,2015,cbr,9.7,World Bank WDI (Crude Birth Rate),2026-09-02
SGP,Singapore,2014,cbr,9.8,World Bank WDI (Crude Birth Rate),2026-09-02
SGP,Singapore,2013,cbr,9.3,World Bank WDI (Crude Birth Rate),2026-09-02
SGP,Singapore,2012,cbr,10.1,World Bank WDI (Crude Birth Rate),2026-09-02
SGP,Singapore,2011,cbr,9.5,World Bank WDI (Crude Birth Rate),2026-09-02
SGP,Singapore,2010,cbr,9.3,World Bank WDI (Crude Birth Rate),2026-09-02
SGP,Singapore,2009,cbr,9.9,World Bank WDI (Crude Birth Rate),2026-09-02
SGP,Singapore,2008,cbr,10.2,World Bank WDI (Crude Birth Rate),2026-09-02
SGP,Singapore,2007,cbr,10.3,World Bank WDI (Crude Birth Rate),2026-09-02
SGP,Singapore,2006,cbr,10.3,World Bank WDI (Crude Birth Rate),2026-09-02
SGP,Singapore,2005,cbr,10.2,World Bank WDI (Crude Birth Rate),2026-09-02
SGP,Singapore,2004,cbr,10.3,World Bank WDI (Crude Birth Rate),2026-09-02
SGP,Singapore,2003,cbr,10.5,World Bank WDI (Crude Birth Rate),2026-09-02
SGP,Singapore,2002,cbr,11.4,World Bank WDI (Crude Birth Rate),2026-09-02
SGP,Singapore,2001,cbr,11.8,World Bank WDI (Crude Birth Rate),2026-09-02
SGP,Singapore,2000,cbr,13.7,World Bank WDI (Crude Birth Rate),2026-09-02
SXM,Sint Maarten (Dutch part),2023,cbr,9.126,World Bank WDI (Crude Birth Rate),2026-09-02
SXM,Sint Maarten (Dutch part),2022,cbr,9.198,World Bank WDI (Crude Birth Rate),2026-09-02
SXM,Sint Maarten (Dutch part),2021,cbr,9.47,World Bank WDI (Crude Birth Rate),2026-09-02
SXM,Sint Maarten (Dutch part),2020,cbr,9.745,World Bank WDI (Crude Birth Rate),2026-09-02
SXM,Sint Maarten (Dutch part),2019,cbr,10.024,World Bank WDI (Crude Birth Rate),2026-09-02
SXM,Sint Maarten (Dutch part),2018,cbr,10.456,World Bank WDI (Crude Birth Rate),2026-09-02
SXM,Sint Maarten (Dutch part),2017,cbr,10.919,World Bank WDI (Crude Birth Rate),2026-09-02
SXM,Sint Maarten (Dutch part),2016,cbr,11.523,World Bank WDI (Crude Birth Rate),2026-09-02
SXM,Sint Maarten (Dutch part),2015,cbr,12.247,World Bank WDI (Crude Birth Rate),2026-09-02
SXM,Sint Maarten (Dutch part),2014,cbr,12.925,World Bank WDI (Crude Birth Rate),2026-09-02
SXM,Sint Maarten (Dutch part),2013,cbr,13.544,World Bank WDI (Crude Birth Rate),2026-09-02
SXM,Sint Maarten (Dutch part),2012,cbr,14.085,World Bank WDI (Crude Birth Rate),2026-09-02
SXM,Sint Maarten (Dutch part),2011,cbr,14.445,World Bank WDI (Crude Birth Rate),2026-09-02
SXM,Sint Maarten (Dutch part),2010,cbr,13.666,World Bank WDI (Crude Birth Rate),2026-09-02
SXM,Sint Maarten (Dutch part),2009,cbr,12.844,World Bank WDI (Crude Birth Rate),2026-09-02
SXM,Sint Maarten (Dutch part),2008,cbr,13.124,World Bank WDI (Crude Birth Rate),2026-09-02
SXM,Sint Maarten (Dutch part),2007,cbr,12.112,World Bank WDI (Crude Birth Rate),2026-09-02
SXM,Sint Maarten (Dutch part),2006,cbr,13.688,World Bank WDI (Crude Birth Rate),2026-09-02
SXM,Sint Maarten (Dutch part),2005,cbr,13.505,World Bank WDI (Crude Birth Rate),2026-09-02
SXM,Sint Maarten (Dutch part),2004,cbr,13.698,World Bank WDI (Crude Birth Rate),2026-09-02
SXM,Sint Maarten (Dutch part),2003,cbr,14.29,World Bank WDI (Crude Birth Rate),2026-09-02
SXM,Sint Maarten (Dutch part),2002,cbr,15.176,World Bank WDI (Crude Birth Rate),2026-09-02
SXM,Sint Maarten (Dutch part),2001,cbr,16.315,World Bank WDI (Crude Birth Rate),2026-09-02
SXM,Sint Maarten (Dutch part),2000,cbr,17.552,World Bank WDI (Crude Birth Rate),2026-09-02
SVK,Slovak Republic,2023,cbr,9.0,World Bank WDI (Crude Birth Rate),2026-09-02
SVK,Slovak Republic,2022,cbr,9.7,World Bank WDI (Crude Birth Rate),2026-09-02
SVK,Slovak Republic,2021,cbr,10.4,World Bank WDI (Crude Birth Rate),2026-09-02
SVK,Slovak Republic,2020,cbr,10.4,World Bank WDI (Crude Birth Rate),2026-09-02
SVK,Slovak Republic,2019,cbr,10.5,World Bank WDI (Crude Birth Rate),2026-09-02
SVK,Slovak Republic,2018,cbr,10.6,World Bank WDI (Crude Birth Rate),2026-09-02
SVK,Slovak Republic,2017,cbr,10.7,World Bank WDI (Crude Birth Rate),2026-09-02
SVK,Slovak Republic,2016,cbr,10.6,World Bank WDI (Crude Birth Rate),2026-09-02
SVK,Slovak Republic,2015,cbr,10.3,World Bank WDI (Crude Birth Rate),2026-09-02
SVK,Slovak Republic,2014,cbr,10.2,World Bank WDI (Crude Birth Rate),2026-09-02
SVK,Slovak Republic,2013,cbr,10.1,World Bank WDI (Crude Birth Rate),2026-09-02
SVK,Slovak Republic,2012,cbr,10.3,World Bank WDI (Crude Birth Rate),2026-09-02
SVK,Slovak Republic,2011,cbr,11.3,World Bank WDI (Crude Birth Rate),2026-09-02
SVK,Slovak Republic,2010,cbr,11.2,World Bank WDI (Crude Birth Rate),2026-09-02
SVK,Slovak Republic,2009,cbr,11.4,World Bank WDI (Crude Birth Rate),2026-09-02
SVK,Slovak Republic,2008,cbr,10.7,World Bank WDI (Crude Birth Rate),2026-09-02
SVK,Slovak Republic,2007,cbr,10.1,World Bank WDI (Crude Birth Rate),2026-09-02
SVK,Slovak Republic,2006,cbr,10.0,World Bank WDI (Crude Birth Rate),2026-09-02
SVK,Slovak Republic,2005,cbr,10.1,World Bank WDI (Crude Birth Rate),2026-09-02
SVK,Slovak Republic,2004,cbr,10.0,World Bank WDI (Crude Birth Rate),2026-09-02
SVK,Slovak Republic,2003,cbr,9.6,World Bank WDI (Crude Birth Rate),2026-09-02
SVK,Slovak Republic,2002,cbr,9.5,World Bank WDI (Crude Birth Rate),2026-09-02
SVK,Slovak Republic,2001,cbr,9.5,World Bank WDI (Crude Birth Rate),2026-09-02
SVK,Slovak Republic,2000,cbr,10.2,World Bank WDI (Crude Birth Rate),2026-09-02
SVN,Slovenia,2023,cbr,8.0,World Bank WDI (Crude Birth Rate),2026-09-02
SVN,Slovenia,2022,cbr,8.3,World Bank WDI (Crude Birth Rate),2026-09-02
SVN,Slovenia,2021,cbr,9.0,World Bank WDI (Crude Birth Rate),2026-09-02
SVN,Slovenia,2020,cbr,8.9,World Bank WDI (Crude Birth Rate),2026-09-02
SVN,Slovenia,2019,cbr,9.3,World Bank WDI (Crude Birth Rate),2026-09-02
SVN,Slovenia,2018,cbr,9.4,World Bank WDI (Crude Birth Rate),2026-09-02
SVN,Slovenia,2017,cbr,9.8,World Bank WDI (Crude Birth Rate),2026-09-02
SVN,Slovenia,2016,cbr,9.9,World Bank WDI (Crude Birth Rate),2026-09-02
SVN,Slovenia,2015,cbr,10.0,World Bank WDI (Crude Birth Rate),2026-09-02
SVN,Slovenia,2014,cbr,10.3,World Bank WDI (Crude Birth Rate),2026-09-02
SVN,Slovenia,2013,cbr,10.2,World Bank WDI (Crude Birth Rate),2026-09-02
SVN,Slovenia,2012,cbr,10.7,World Bank WDI (Crude Birth Rate),2026-09-02
SVN,Slovenia,2011,cbr,10.7,World Bank WDI (Crude Birth Rate),2026-09-02
SVN,Slovenia,2010,cbr,10.9,World Bank WDI (Crude Birth Rate),2026-09-02
SVN,Slovenia,2009,cbr,10.7,World Bank WDI (Crude Birth Rate),2026-09-02
SVN,Slovenia,2008,cbr,10.8,World Bank WDI (Crude Birth Rate),2026-09-02
SVN,Slovenia,2007,cbr,9.8,World Bank WDI (Crude Birth Rate),2026-09-02
SVN,Slovenia,2006,cbr,9.4,World Bank WDI (Crude Birth Rate),2026-09-02
SVN,Slovenia,2005,cbr,9.1,World Bank WDI (Crude Birth Rate),2026-09-02
SVN,Slovenia,2004,cbr,9.0,World Bank WDI (Crude Birth Rate),2026-09-02
SVN,Slovenia,2003,cbr,8.7,World Bank WDI (Crude Birth Rate),2026-09-02
SVN,Slovenia,2002,cbr,8.8,World Bank WDI (Crude Birth Rate),2026-09-02
SVN,Slovenia,2001,cbr,8.8,World Bank WDI (Crude Birth Rate),2026-09-02
SVN,Slovenia,2000,cbr,9.1,World Bank WDI (Crude Birth Rate),2026-09-02
SLB,Solomon Islands,2023,cbr,26.935,World Bank WDI (Crude Birth Rate),2026-09-02
SLB,Solomon Islands,2022,cbr,27.283,World Bank WDI (Crude Birth Rate),2026-09-02
SLB,Solomon Islands,2021,cbr,27.699,World Bank WDI (Crude Birth Rate),2026-09-02
SLB,Solomon Islands,2020,cbr,27.966,World Bank WDI (Crude Birth Rate),2026-09-02
SLB,Solomon Islands,2019,cbr,28.413,World Bank WDI (Crude Birth Rate),2026-09-02
SLB,Solomon Islands,2018,cbr,29.147,World Bank WDI (Crude Birth Rate),2026-09-02
SLB,Solomon Islands,2017,cbr,30.083,World Bank WDI (Crude Birth Rate),2026-09-02
SLB,Solomon Islands,2016,cbr,31.137,World Bank WDI (Crude Birth Rate),2026-09-02
SLB,Solomon Islands,2015,cbr,31.895,World Bank WDI (Crude Birth Rate),2026-09-02
SLB,Solomon Islands,2014,cbr,32.554,World Bank WDI (Crude Birth Rate),2026-09-02
SLB,Solomon Islands,2013,cbr,32.486,World Bank WDI (Crude Birth Rate),2026-09-02
SLB,Solomon Islands,2012,cbr,32.734,World Bank WDI (Crude Birth Rate),2026-09-02
SLB,Solomon Islands,2011,cbr,32.962,World Bank WDI (Crude Birth Rate),2026-09-02
SLB,Solomon Islands,2010,cbr,33.203,World Bank WDI (Crude Birth Rate),2026-09-02
SLB,Solomon Islands,2009,cbr,33.678,World Bank WDI (Crude Birth Rate),2026-09-02
SLB,Solomon Islands,2008,cbr,33.847,World Bank WDI (Crude Birth Rate),2026-09-02
SLB,Solomon Islands,2007,cbr,33.944,World Bank WDI (Crude Birth Rate),2026-09-02
SLB,Solomon Islands,2006,cbr,33.993,World Bank WDI (Crude Birth Rate),2026-09-02
SLB,Solomon Islands,2005,cbr,34.027,World Bank WDI (Crude Birth Rate),2026-09-02
SLB,Solomon Islands,2004,cbr,34.288,World Bank WDI (Crude Birth Rate),2026-09-02
SLB,Solomon Islands,2003,cbr,34.612,World Bank WDI (Crude Birth Rate),2026-09-02
SLB,Solomon Islands,2002,cbr,34.841,World Bank WDI (Crude Birth Rate),2026-09-02
SLB,Solomon Islands,2001,cbr,35.116,World Bank WDI (Crude Birth Rate),2026-09-02
SLB,Solomon Islands,2000,cbr,35.445,World Bank WDI (Crude Birth Rate),2026-09-02
SOM,"Somalia, Fed. Rep.",2023,cbr,42.964,World Bank WDI (Crude Birth Rate),2026-09-02
SOM,"Somalia, Fed. Rep.",2022,cbr,43.789,World Bank WDI (Crude Birth Rate),2026-09-02
SOM,"Somalia, Fed. Rep.",2021,cbr,44.094,World Bank WDI (Crude Birth Rate),2026-09-02
SOM,"Somalia, Fed. Rep.",2020,cbr,44.544,World Bank WDI (Crude Birth Rate),2026-09-02
SOM,"Somalia, Fed. Rep.",2019,cbr,45.139,World Bank WDI (Crude Birth Rate),2026-09-02
SOM,"Somalia, Fed. Rep.",2018,cbr,45.67,World Bank WDI (Crude Birth Rate),2026-09-02
SOM,"Somalia, Fed. Rep.",2017,cbr,46.155,World Bank WDI (Crude Birth Rate),2026-09-02
SOM,"Somalia, Fed. Rep.",2016,cbr,46.561,World Bank WDI (Crude Birth Rate),2026-09-02
SOM,"Somalia, Fed. Rep.",2015,cbr,47.171,World Bank WDI (Crude Birth Rate),2026-09-02
SOM,"Somalia, Fed. Rep.",2014,cbr,47.457,World Bank WDI (Crude Birth Rate),2026-09-02
SOM,"Somalia, Fed. Rep.",2013,cbr,47.744,World Bank WDI (Crude Birth Rate),2026-09-02
SOM,"Somalia, Fed. Rep.",2012,cbr,48.159,World Bank WDI (Crude Birth Rate),2026-09-02
SOM,"Somalia, Fed. Rep.",2011,cbr,48.58,World Bank WDI (Crude Birth Rate),2026-09-02
SOM,"Somalia, Fed. Rep.",2010,cbr,48.062,World Bank WDI (Crude Birth Rate),2026-09-02
SOM,"Somalia, Fed. Rep.",2009,cbr,48.426,World Bank WDI (Crude Birth Rate),2026-09-02
SOM,"Somalia, Fed. Rep.",2008,cbr,48.763,World Bank WDI (Crude Birth Rate),2026-09-02
SOM,"Somalia, Fed. Rep.",2007,cbr,48.908,World Bank WDI (Crude Birth Rate),2026-09-02
SOM,"Somalia, Fed. Rep.",2006,cbr,49.391,World Bank WDI (Crude Birth Rate),2026-09-02
SOM,"Somalia, Fed. Rep.",2005,cbr,49.615,World Bank WDI (Crude Birth Rate),2026-09-02
SOM,"Somalia, Fed. Rep.",2004,cbr,49.904,World Bank WDI (Crude Birth Rate),2026-09-02
SOM,"Somalia, Fed. Rep.",2003,cbr,50.123,World Bank WDI (Crude Birth Rate),2026-09-02
SOM,"Somalia, Fed. Rep.",2002,cbr,50.373,World Bank WDI (Crude Birth Rate),2026-09-02
SOM,"Somalia, Fed. Rep.",2001,cbr,50.374,World Bank WDI (Crude Birth Rate),2026-09-02
SOM,"Somalia, Fed. Rep.",2000,cbr,50.443,World Bank WDI (Crude Birth Rate),2026-09-02
ZAF,South Africa,2023,cbr,18.775,World Bank WDI (Crude Birth Rate),2026-09-02
ZAF,South Africa,2022,cbr,19.079,World Bank WDI (Crude Birth Rate),2026-09-02
ZAF,South Africa,2021,cbr,19.354,World Bank WDI (Crude Birth Rate),2026-09-02
ZAF,South Africa,2020,cbr,19.522,World Bank WDI (Crude Birth Rate),2026-09-02
ZAF,South Africa,2019,cbr,19.694,World Bank WDI (Crude Birth Rate),2026-09-02
ZAF,South Africa,2018,cbr,19.85,World Bank WDI (Crude Birth Rate),2026-09-02
ZAF,South Africa,2017,cbr,20.038,World Bank WDI (Crude Birth Rate),2026-09-02
ZAF,South Africa,2016,cbr,20.27,World Bank WDI (Crude Birth Rate),2026-09-02
ZAF,South Africa,2015,cbr,21.007,World Bank WDI (Crude Birth Rate),2026-09-02
ZAF,South Africa,2014,cbr,21.784,World Bank WDI (Crude Birth Rate),2026-09-02
ZAF,South Africa,2013,cbr,21.894,World Bank WDI (Crude Birth Rate),2026-09-02
ZAF,South Africa,2012,cbr,22.118,World Bank WDI (Crude Birth Rate),2026-09-02
ZAF,South Africa,2011,cbr,22.075,World Bank WDI (Crude Birth Rate),2026-09-02
ZAF,South Africa,2010,cbr,22.178,World Bank WDI (Crude Birth Rate),2026-09-02
ZAF,South Africa,2009,cbr,22.779,World Bank WDI (Crude Birth Rate),2026-09-02
ZAF,South Africa,2008,cbr,24.33,World Bank WDI (Crude Birth Rate),2026-09-02
ZAF,South Africa,2007,cbr,23.088,World Bank WDI (Crude Birth Rate),2026-09-02
ZAF,South Africa,2006,cbr,23.144,World Bank WDI (Crude Birth Rate),2026-09-02
ZAF,South Africa,2005,cbr,22.718,World Bank WDI (Crude Birth Rate),2026-09-02
ZAF,South Africa,2004,cbr,22.136,World Bank WDI (Crude Birth Rate),2026-09-02
ZAF,South Africa,2003,cbr,21.388,World Bank WDI (Crude Birth Rate),2026-09-02
ZAF,South Africa,2002,cbr,20.928,World Bank WDI (Crude Birth Rate),2026-09-02
ZAF,South Africa,2001,cbr,21.266,World Bank WDI (Crude Birth Rate),2026-09-02
ZAF,South Africa,2000,cbr,21.567,World Bank WDI (Crude Birth Rate),2026-09-02
SSD,South Sudan,2023,cbr,28.59,World Bank WDI (Crude Birth Rate),2026-09-02
SSD,South Sudan,2022,cbr,29.066,World Bank WDI (Crude Birth Rate),2026-09-02
SSD,South Sudan,2021,cbr,29.693,World Bank WDI (Crude Birth Rate),2026-09-02
SSD,South Sudan,2020,cbr,29.441,World Bank WDI (Crude Birth Rate),2026-09-02
SSD,South Sudan,2019,cbr,29.421,World Bank WDI (Crude Birth Rate),2026-09-02
SSD,South Sudan,2018,cbr,29.068,World Bank WDI (Crude Birth Rate),2026-09-02
SSD,South Sudan,2017,cbr,32.802,World Bank WDI (Crude Birth Rate),2026-09-02
SSD,South Sudan,2016,cbr,35.052,World Bank WDI (Crude Birth Rate),2026-09-02
SSD,South Sudan,2015,cbr,35.407,World Bank WDI (Crude Birth Rate),2026-09-02
SSD,South Sudan,2014,cbr,38.191,World Bank WDI (Crude Birth Rate),2026-09-02
SSD,South Sudan,2013,cbr,38.295,World Bank WDI (Crude Birth Rate),2026-09-02
SSD,South Sudan,2012,cbr,39.141,World Bank WDI (Crude Birth Rate),2026-09-02
SSD,South Sudan,2011,cbr,39.791,World Bank WDI (Crude Birth Rate),2026-09-02
SSD,South Sudan,2010,cbr,39.878,World Bank WDI (Crude Birth Rate),2026-09-02
SSD,South Sudan,2009,cbr,41.025,World Bank WDI (Crude Birth Rate),2026-09-02
SSD,South Sudan,2008,cbr,41.624,World Bank WDI (Crude Birth Rate),2026-09-02
SSD,South Sudan,2007,cbr,42.307,World Bank WDI (Crude Birth Rate),2026-09-02
SSD,South Sudan,2006,cbr,43.183,World Bank WDI (Crude Birth Rate),2026-09-02
SSD,South Sudan,2005,cbr,44.3,World Bank WDI (Crude Birth Rate),2026-09-02
SSD,South Sudan,2004,cbr,45.513,World Bank WDI (Crude Birth Rate),2026-09-02
SSD,South Sudan,2003,cbr,46.77,World Bank WDI (Crude Birth Rate),2026-09-02
SSD,South Sudan,2002,cbr,48.029,World Bank WDI (Crude Birth Rate),2026-09-02
SSD,South Sudan,2001,cbr,48.921,World Bank WDI (Crude Birth Rate),2026-09-02
SSD,South Sudan,2000,cbr,49.816,World Bank WDI (Crude Birth Rate),2026-09-02
ESP,Spain,2023,cbr,6.6,World Bank WDI (Crude Birth Rate),2026-09-02
ESP,Spain,2022,cbr,6.9,World Bank WDI (Crude Birth Rate),2026-09-02
ESP,Spain,2021,cbr,7.1,World Bank WDI (Crude Birth Rate),2026-09-02
ESP,Spain,2020,cbr,7.2,World Bank WDI (Crude Birth Rate),2026-09-02
ESP,Spain,2019,cbr,7.6,World Bank WDI (Crude Birth Rate),2026-09-02
ESP,Spain,2018,cbr,7.9,World Bank WDI (Crude Birth Rate),2026-09-02
ESP,Spain,2017,cbr,8.4,World Bank WDI (Crude Birth Rate),2026-09-02
ESP,Spain,2016,cbr,8.8,World Bank WDI (Crude Birth Rate),2026-09-02
ESP,Spain,2015,cbr,9.0,World Bank WDI (Crude Birth Rate),2026-09-02
ESP,Spain,2014,cbr,9.2,World Bank WDI (Crude Birth Rate),2026-09-02
ESP,Spain,2013,cbr,9.1,World Bank WDI (Crude Birth Rate),2026-09-02
ESP,Spain,2012,cbr,9.7,World Bank WDI (Crude Birth Rate),2026-09-02
ESP,Spain,2011,cbr,10.1,World Bank WDI (Crude Birth Rate),2026-09-02
ESP,Spain,2010,cbr,10.4,World Bank WDI (Crude Birth Rate),2026-09-02
ESP,Spain,2009,cbr,10.6,World Bank WDI (Crude Birth Rate),2026-09-02
ESP,Spain,2008,cbr,11.3,World Bank WDI (Crude Birth Rate),2026-09-02
ESP,Spain,2007,cbr,10.9,World Bank WDI (Crude Birth Rate),2026-09-02
ESP,Spain,2006,cbr,10.8,World Bank WDI (Crude Birth Rate),2026-09-02
ESP,Spain,2005,cbr,10.6,World Bank WDI (Crude Birth Rate),2026-09-02
ESP,Spain,2004,cbr,10.6,World Bank WDI (Crude Birth Rate),2026-09-02
ESP,Spain,2003,cbr,10.4,World Bank WDI (Crude Birth Rate),2026-09-02
ESP,Spain,2002,cbr,10.1,World Bank WDI (Crude Birth Rate),2026-09-02
ESP,Spain,2001,cbr,9.9,World Bank WDI (Crude Birth Rate),2026-09-02
ESP,Spain,2000,cbr,9.8,World Bank WDI (Crude Birth Rate),2026-09-02
LKA,Sri Lanka,2023,cbr,11.2,World Bank WDI (Crude Birth Rate),2026-09-02
LKA,Sri Lanka,2022,cbr,12.4,World Bank WDI (Crude Birth Rate),2026-09-02
LKA,Sri Lanka,2021,cbr,12.9,World Bank WDI (Crude Birth Rate),2026-09-02
LKA,Sri Lanka,2020,cbr,13.8,World Bank WDI (Crude Birth Rate),2026-09-02
LKA,Sri Lanka,2019,cbr,14.6,World Bank WDI (Crude Birth Rate),2026-09-02
LKA,Sri Lanka,2018,cbr,15.15,World Bank WDI (Crude Birth Rate),2026-09-02
LKA,Sri Lanka,2017,cbr,15.371,World Bank WDI (Crude Birth Rate),2026-09-02
LKA,Sri Lanka,2016,cbr,15.651,World Bank WDI (Crude Birth Rate),2026-09-02
LKA,Sri Lanka,2015,cbr,16.022,World Bank WDI (Crude Birth Rate),2026-09-02
LKA,Sri Lanka,2014,cbr,16.522,World Bank WDI (Crude Birth Rate),2026-09-02
LKA,Sri Lanka,2013,cbr,17.028,World Bank WDI (Crude Birth Rate),2026-09-02
LKA,Sri Lanka,2012,cbr,17.148,World Bank WDI (Crude Birth Rate),2026-09-02
LKA,Sri Lanka,2011,cbr,17.091,World Bank WDI (Crude Birth Rate),2026-09-02
LKA,Sri Lanka,2010,cbr,17.147,World Bank WDI (Crude Birth Rate),2026-09-02
LKA,Sri Lanka,2009,cbr,17.628,World Bank WDI (Crude Birth Rate),2026-09-02
LKA,Sri Lanka,2008,cbr,18.204,World Bank WDI (Crude Birth Rate),2026-09-02
LKA,Sri Lanka,2007,cbr,18.81,World Bank WDI (Crude Birth Rate),2026-09-02
LKA,Sri Lanka,2006,cbr,18.852,World Bank WDI (Crude Birth Rate),2026-09-02
LKA,Sri Lanka,2005,cbr,18.716,World Bank WDI (Crude Birth Rate),2026-09-02
LKA,Sri Lanka,2004,cbr,18.826,World Bank WDI (Crude Birth Rate),2026-09-02
LKA,Sri Lanka,2003,cbr,19.093,World Bank WDI (Crude Birth Rate),2026-09-02
LKA,Sri Lanka,2002,cbr,19.172,World Bank WDI (Crude Birth Rate),2026-09-02
LKA,Sri Lanka,2001,cbr,18.95,World Bank WDI (Crude Birth Rate),2026-09-02
LKA,Sri Lanka,2000,cbr,18.402,World Bank WDI (Crude Birth Rate),2026-09-02
KNA,St. Kitts and Nevis,2023,cbr,11.745,World Bank WDI (Crude Birth Rate),2026-09-02
KNA,St. Kitts and Nevis,2022,cbr,11.958,World Bank WDI (Crude Birth Rate),2026-09-02
KNA,St. Kitts and Nevis,2021,cbr,12.272,World Bank WDI (Crude Birth Rate),2026-09-02
KNA,St. Kitts and Nevis,2020,cbr,12.575,World Bank WDI (Crude Birth Rate),2026-09-02
KNA,St. Kitts and Nevis,2019,cbr,12.86,World Bank WDI (Crude Birth Rate),2026-09-02
KNA,St. Kitts and Nevis,2018,cbr,13.108,World Bank WDI (Crude Birth Rate),2026-09-02
KNA,St. Kitts and Nevis,2017,cbr,13.376,World Bank WDI (Crude Birth Rate),2026-09-02
KNA,St. Kitts and Nevis,2016,cbr,13.615,World Bank WDI (Crude Birth Rate),2026-09-02
KNA,St. Kitts and Nevis,2015,cbr,13.737,World Bank WDI (Crude Birth Rate),2026-09-02
KNA,St. Kitts and Nevis,2014,cbr,13.958,World Bank WDI (Crude Birth Rate),2026-09-02
KNA,St. Kitts and Nevis,2013,cbr,14.142,World Bank WDI (Crude Birth Rate),2026-09-02
KNA,St. Kitts and Nevis,2012,cbr,14.446,World Bank WDI (Crude Birth Rate),2026-09-02
KNA,St. Kitts and Nevis,2011,cbr,14.695,World Bank WDI (Crude Birth Rate),2026-09-02
KNA,St. Kitts and Nevis,2010,cbr,14.947,World Bank WDI (Crude Birth Rate),2026-09-02
KNA,St. Kitts and Nevis,2009,cbr,15.281,World Bank WDI (Crude Birth Rate),2026-09-02
KNA,St. Kitts and Nevis,2008,cbr,15.58,World Bank WDI (Crude Birth Rate),2026-09-02
KNA,St. Kitts and Nevis,2007,cbr,15.896,World Bank WDI (Crude Birth Rate),2026-09-02
KNA,St. Kitts and Nevis,2006,cbr,16.131,World Bank WDI (Crude Birth Rate),2026-09-02
KNA,St. Kitts and Nevis,2005,cbr,16.324,World Bank WDI (Crude Birth Rate),2026-09-02
KNA,St. Kitts and Nevis,2004,cbr,16.511,World Bank WDI (Crude Birth Rate),2026-09-02
KNA,St. Kitts and Nevis,2003,cbr,16.752,World Bank WDI (Crude Birth Rate),2026-09-02
KNA,St. Kitts and Nevis,2002,cbr,16.939,World Bank WDI (Crude Birth Rate),2026-09-02
KNA,St. Kitts and Nevis,2001,cbr,17.282,World Bank WDI (Crude Birth Rate),2026-09-02
KNA,St. Kitts and Nevis,2000,cbr,17.721,World Bank WDI (Crude Birth Rate),2026-09-02
LCA,St. Lucia,2023,cbr,11.262,World Bank WDI (Crude Birth Rate),2026-09-02
LCA,St. Lucia,2022,cbr,11.417,World Bank WDI (Crude Birth Rate),2026-09-02
LCA,St. Lucia,2021,cbr,11.572,World Bank WDI (Crude Birth Rate),2026-09-02
LCA,St. Lucia,2020,cbr,11.713,World Bank WDI (Crude Birth Rate),2026-09-02
LCA,St. Lucia,2019,cbr,11.853,World Bank WDI (Crude Birth Rate),2026-09-02
LCA,St. Lucia,2018,cbr,11.979,World Bank WDI (Crude Birth Rate),2026-09-02
LCA,St. Lucia,2017,cbr,12.1,World Bank WDI (Crude Birth Rate),2026-09-02
LCA,St. Lucia,2016,cbr,12.209,World Bank WDI (Crude Birth Rate),2026-09-02
LCA,St. Lucia,2015,cbr,12.308,World Bank WDI (Crude Birth Rate),2026-09-02
LCA,St. Lucia,2014,cbr,12.394,World Bank WDI (Crude Birth Rate),2026-09-02
LCA,St. Lucia,2013,cbr,12.493,World Bank WDI (Crude Birth Rate),2026-09-02
LCA,St. Lucia,2012,cbr,12.448,World Bank WDI (Crude Birth Rate),2026-09-02
LCA,St. Lucia,2011,cbr,12.394,World Bank WDI (Crude Birth Rate),2026-09-02
LCA,St. Lucia,2010,cbr,13.789,World Bank WDI (Crude Birth Rate),2026-09-02
LCA,St. Lucia,2009,cbr,14.599,World Bank WDI (Crude Birth Rate),2026-09-02
LCA,St. Lucia,2008,cbr,14.55,World Bank WDI (Crude Birth Rate),2026-09-02
LCA,St. Lucia,2007,cbr,14.773,World Bank WDI (Crude Birth Rate),2026-09-02
LCA,St. Lucia,2006,cbr,15.302,World Bank WDI (Crude Birth Rate),2026-09-02
LCA,St. Lucia,2005,cbr,15.632,World Bank WDI (Crude Birth Rate),2026-09-02
LCA,St. Lucia,2004,cbr,16.028,World Bank WDI (Crude Birth Rate),2026-09-02
LCA,St. Lucia,2003,cbr,16.622,World Bank WDI (Crude Birth Rate),2026-09-02
LCA,St. Lucia,2002,cbr,17.328,World Bank WDI (Crude Birth Rate),2026-09-02
LCA,St. Lucia,2001,cbr,18.034,World Bank WDI (Crude Birth Rate),2026-09-02
LCA,St. Lucia,2000,cbr,18.83,World Bank WDI (Crude Birth Rate),2026-09-02
MAF,St. Martin (French part),2023,cbr,17.069,World Bank WDI (Crude Birth Rate),2026-09-02
MAF,St. Martin (French part),2022,cbr,17.326,World Bank WDI (Crude Birth Rate),2026-09-02
MAF,St. Martin (French part),2021,cbr,17.544,World Bank WDI (Crude Birth Rate),2026-09-02
MAF,St. Martin (French part),2020,cbr,17.602,World Bank WDI (Crude Birth Rate),2026-09-02
MAF,St. Martin (French part),2019,cbr,18.955,World Bank WDI (Crude Birth Rate),2026-09-02
MAF,St. Martin (French part),2018,cbr,19.421,World Bank WDI (Crude Birth Rate),2026-09-02
MAF,St. Martin (French part),2017,cbr,19.175,World Bank WDI (Crude Birth Rate),2026-09-02
MAF,St. Martin (French part),2016,cbr,19.47,World Bank WDI (Crude Birth Rate),2026-09-02
MAF,St. Martin (French part),2015,cbr,20.015,World Bank WDI (Crude Birth Rate),2026-09-02
MAF,St. Martin (French part),2014,cbr,20.638,World Bank WDI (Crude Birth Rate),2026-09-02
MAF,St. Martin (French part),2013,cbr,20.986,World Bank WDI (Crude Birth Rate),2026-09-02
MAF,St. Martin (French part),2012,cbr,21.642,World Bank WDI (Crude Birth Rate),2026-09-02
MAF,St. Martin (French part),2011,cbr,19.064,World Bank WDI (Crude Birth Rate),2026-09-02
MAF,St. Martin (French part),2010,cbr,18.976,World Bank WDI (Crude Birth Rate),2026-09-02
MAF,St. Martin (French part),2009,cbr,19.585,World Bank WDI (Crude Birth Rate),2026-09-02
MAF,St. Martin (French part),2008,cbr,20.483,World Bank WDI (Crude Birth Rate),2026-09-02
MAF,St. Martin (French part),2007,cbr,21.392,World Bank WDI (Crude Birth Rate),2026-09-02
MAF,St. Martin (French part),2006,cbr,22.291,World Bank WDI (Crude Birth Rate),2026-09-02
MAF,St. Martin (French part),2005,cbr,23.141,World Bank WDI (Crude Birth Rate),2026-09-02
MAF,St. Martin (French part),2004,cbr,23.849,World Bank WDI (Crude Birth Rate),2026-09-02
MAF,St. Martin (French part),2003,cbr,24.553,World Bank WDI (Crude Birth Rate),2026-09-02
MAF,St. Martin (French part),2002,cbr,25.135,World Bank WDI (Crude Birth Rate),2026-09-02
MAF,St. Martin (French part),2001,cbr,25.597,World Bank WDI (Crude Birth Rate),2026-09-02
MAF,St. Martin (French part),2000,cbr,25.955,World Bank WDI (Crude Birth Rate),2026-09-02
VCT,St. Vincent and the Grenadines,2023,cbr,12.158,World Bank WDI (Crude Birth Rate),2026-09-02
VCT,St. Vincent and the Grenadines,2022,cbr,12.393,World Bank WDI (Crude Birth Rate),2026-09-02
VCT,St. Vincent and the Grenadines,2021,cbr,12.638,World Bank WDI (Crude Birth Rate),2026-09-02
VCT,St. Vincent and the Grenadines,2020,cbr,12.835,World Bank WDI (Crude Birth Rate),2026-09-02
VCT,St. Vincent and the Grenadines,2019,cbr,13.26,World Bank WDI (Crude Birth Rate),2026-09-02
VCT,St. Vincent and the Grenadines,2018,cbr,13.678,World Bank WDI (Crude Birth Rate),2026-09-02
VCT,St. Vincent and the Grenadines,2017,cbr,14.13,World Bank WDI (Crude Birth Rate),2026-09-02
VCT,St. Vincent and the Grenadines,2016,cbr,15.141,World Bank WDI (Crude Birth Rate),2026-09-02
VCT,St. Vincent and the Grenadines,2015,cbr,15.888,World Bank WDI (Crude Birth Rate),2026-09-02
VCT,St. Vincent and the Grenadines,2014,cbr,16.119,World Bank WDI (Crude Birth Rate),2026-09-02
VCT,St. Vincent and the Grenadines,2013,cbr,16.021,World Bank WDI (Crude Birth Rate),2026-09-02
VCT,St. Vincent and the Grenadines,2012,cbr,16.2,World Bank WDI (Crude Birth Rate),2026-09-02
VCT,St. Vincent and the Grenadines,2011,cbr,16.093,World Bank WDI (Crude Birth Rate),2026-09-02
VCT,St. Vincent and the Grenadines,2010,cbr,16.783,World Bank WDI (Crude Birth Rate),2026-09-02
VCT,St. Vincent and the Grenadines,2009,cbr,17.181,World Bank WDI (Crude Birth Rate),2026-09-02
VCT,St. Vincent and the Grenadines,2008,cbr,17.126,World Bank WDI (Crude Birth Rate),2026-09-02
VCT,St. Vincent and the Grenadines,2007,cbr,16.589,World Bank WDI (Crude Birth Rate),2026-09-02
VCT,St. Vincent and the Grenadines,2006,cbr,16.483,World Bank WDI (Crude Birth Rate),2026-09-02
VCT,St. Vincent and the Grenadines,2005,cbr,16.883,World Bank WDI (Crude Birth Rate),2026-09-02
VCT,St. Vincent and the Grenadines,2004,cbr,17.113,World Bank WDI (Crude Birth Rate),2026-09-02
VCT,St. Vincent and the Grenadines,2003,cbr,17.622,World Bank WDI (Crude Birth Rate),2026-09-02
VCT,St. Vincent and the Grenadines,2002,cbr,18.236,World Bank WDI (Crude Birth Rate),2026-09-02
VCT,St. Vincent and the Grenadines,2001,cbr,18.91,World Bank WDI (Crude Birth Rate),2026-09-02
VCT,St. Vincent and the Grenadines,2000,cbr,19.18,World Bank WDI (Crude Birth Rate),2026-09-02
SDN,Sudan,2023,cbr,33.612,World Bank WDI (Crude Birth Rate),2026-09-02
SDN,Sudan,2022,cbr,33.535,World Bank WDI (Crude Birth Rate),2026-09-02
SDN,Sudan,2021,cbr,33.913,World Bank WDI (Crude Birth Rate),2026-09-02
SDN,Sudan,2020,cbr,34.48,World Bank WDI (Crude Birth Rate),2026-09-02
SDN,Sudan,2019,cbr,34.909,World Bank WDI (Crude Birth Rate),2026-09-02
SDN,Sudan,2018,cbr,35.074,World Bank WDI (Crude Birth Rate),2026-09-02
SDN,Sudan,2017,cbr,35.023,World Bank WDI (Crude Birth Rate),2026-09-02
SDN,Sudan,2016,cbr,35.412,World Bank WDI (Crude Birth Rate),2026-09-02
SDN,Sudan,2015,cbr,35.683,World Bank WDI (Crude Birth Rate),2026-09-02
SDN,Sudan,2014,cbr,35.491,World Bank WDI (Crude Birth Rate),2026-09-02
SDN,Sudan,2013,cbr,36.015,World Bank WDI (Crude Birth Rate),2026-09-02
SDN,Sudan,2012,cbr,36.59,World Bank WDI (Crude Birth Rate),2026-09-02
SDN,Sudan,2011,cbr,37.317,World Bank WDI (Crude Birth Rate),2026-09-02
SDN,Sudan,2010,cbr,37.987,World Bank WDI (Crude Birth Rate),2026-09-02
SDN,Sudan,2009,cbr,38.084,World Bank WDI (Crude Birth Rate),2026-09-02
SDN,Sudan,2008,cbr,38.392,World Bank WDI (Crude Birth Rate),2026-09-02
SDN,Sudan,2007,cbr,38.871,World Bank WDI (Crude Birth Rate),2026-09-02
SDN,Sudan,2006,cbr,39.187,World Bank WDI (Crude Birth Rate),2026-09-02
SDN,Sudan,2005,cbr,39.612,World Bank WDI (Crude Birth Rate),2026-09-02
SDN,Sudan,2004,cbr,39.967,World Bank WDI (Crude Birth Rate),2026-09-02
SDN,Sudan,2003,cbr,40.206,World Bank WDI (Crude Birth Rate),2026-09-02
SDN,Sudan,2002,cbr,40.439,World Bank WDI (Crude Birth Rate),2026-09-02
SDN,Sudan,2001,cbr,40.65,World Bank WDI (Crude Birth Rate),2026-09-02
SDN,Sudan,2000,cbr,40.836,World Bank WDI (Crude Birth Rate),2026-09-02
SUR,Suriname,2023,cbr,17.298,World Bank WDI (Crude Birth Rate),2026-09-02
SUR,Suriname,2022,cbr,17.47,World Bank WDI (Crude Birth Rate),2026-09-02
SUR,Suriname,2021,cbr,17.577,World Bank WDI (Crude Birth Rate),2026-09-02
SUR,Suriname,2020,cbr,17.692,World Bank WDI (Crude Birth Rate),2026-09-02
SUR,Suriname,2019,cbr,17.869,World Bank WDI (Crude Birth Rate),2026-09-02
SUR,Suriname,2018,cbr,18.092,World Bank WDI (Crude Birth Rate),2026-09-02
SUR,Suriname,2017,cbr,18.448,World Bank WDI (Crude Birth Rate),2026-09-02
SUR,Suriname,2016,cbr,18.942,World Bank WDI (Crude Birth Rate),2026-09-02
SUR,Suriname,2015,cbr,19.479,World Bank WDI (Crude Birth Rate),2026-09-02
SUR,Suriname,2014,cbr,19.859,World Bank WDI (Crude Birth Rate),2026-09-02
SUR,Suriname,2013,cbr,20.123,World Bank WDI (Crude Birth Rate),2026-09-02
SUR,Suriname,2012,cbr,20.332,World Bank WDI (Crude Birth Rate),2026-09-02
SUR,Suriname,2011,cbr,20.423,World Bank WDI (Crude Birth Rate),2026-09-02
SUR,Suriname,2010,cbr,20.718,World Bank WDI (Crude Birth Rate),2026-09-02
SUR,Suriname,2009,cbr,21.053,World Bank WDI (Crude Birth Rate),2026-09-02
SUR,Suriname,2008,cbr,21.338,World Bank WDI (Crude Birth Rate),2026-09-02
SUR,Suriname,2007,cbr,21.569,World Bank WDI (Crude Birth Rate),2026-09-02
SUR,Suriname,2006,cbr,21.673,World Bank WDI (Crude Birth Rate),2026-09-02
SUR,Suriname,2005,cbr,21.701,World Bank WDI (Crude Birth Rate),2026-09-02
SUR,Suriname,2004,cbr,22.053,World Bank WDI (Crude Birth Rate),2026-09-02
SUR,Suriname,2003,cbr,23.021,World Bank WDI (Crude Birth Rate),2026-09-02
SUR,Suriname,2002,cbr,24.254,World Bank WDI (Crude Birth Rate),2026-09-02
SUR,Suriname,2001,cbr,25.357,World Bank WDI (Crude Birth Rate),2026-09-02
SUR,Suriname,2000,cbr,25.518,World Bank WDI (Crude Birth Rate),2026-09-02
SWE,Sweden,2023,cbr,9.5,World Bank WDI (Crude Birth Rate),2026-09-02
SWE,Sweden,2022,cbr,10.0,World Bank WDI (Crude Birth Rate),2026-09-02
SWE,Sweden,2021,cbr,11.0,World Bank WDI (Crude Birth Rate),2026-09-02
SWE,Sweden,2020,cbr,10.9,World Bank WDI (Crude Birth Rate),2026-09-02
SWE,Sweden,2019,cbr,11.1,World Bank WDI (Crude Birth Rate),2026-09-02
SWE,Sweden,2018,cbr,11.4,World Bank WDI (Crude Birth Rate),2026-09-02
SWE,Sweden,2017,cbr,11.5,World Bank WDI (Crude Birth Rate),2026-09-02
SWE,Sweden,2016,cbr,11.8,World Bank WDI (Crude Birth Rate),2026-09-02
SWE,Sweden,2015,cbr,11.7,World Bank WDI (Crude Birth Rate),2026-09-02
SWE,Sweden,2014,cbr,11.9,World Bank WDI (Crude Birth Rate),2026-09-02
SWE,Sweden,2013,cbr,11.8,World Bank WDI (Crude Birth Rate),2026-09-02
SWE,Sweden,2012,cbr,11.9,World Bank WDI (Crude Birth Rate),2026-09-02
SWE,Sweden,2011,cbr,11.8,World Bank WDI (Crude Birth Rate),2026-09-02
SWE,Sweden,2010,cbr,12.3,World Bank WDI (Crude Birth Rate),2026-09-02
SWE,Sweden,2009,cbr,12.0,World Bank WDI (Crude Birth Rate),2026-09-02
SWE,Sweden,2008,cbr,11.9,World Bank WDI (Crude Birth Rate),2026-09-02
SWE,Sweden,2007,cbr,11.7,World Bank WDI (Crude Birth Rate),2026-09-02
SWE,Sweden,2006,cbr,11.7,World Bank WDI (Crude Birth Rate),2026-09-02
SWE,Sweden,2005,cbr,11.2,World Bank WDI (Crude Birth Rate),2026-09-02
SWE,Sweden,2004,cbr,11.2,World Bank WDI (Crude Birth Rate),2026-09-02
SWE,Sweden,2003,cbr,11.1,World Bank WDI (Crude Birth Rate),2026-09-02
SWE,Sweden,2002,cbr,10.7,World Bank WDI (Crude Birth Rate),2026-09-02
SWE,Sweden,2001,cbr,10.3,World Bank WDI (Crude Birth Rate),2026-09-02
SWE,Sweden,2000,cbr,10.2,World Bank WDI (Crude Birth Rate),2026-09-02
CHE,Switzerland,2023,cbr,9.0,World Bank WDI (Crude Birth Rate),2026-09-02
CHE,Switzerland,2022,cbr,9.4,World Bank WDI (Crude Birth Rate),2026-09-02
CHE,Switzerland,2021,cbr,10.3,World Bank WDI (Crude Birth Rate),2026-09-02
CHE,Switzerland,2020,cbr,9.9,World Bank WDI (Crude Birth Rate),2026-09-02
CHE,Switzerland,2019,cbr,10.0,World Bank WDI (Crude Birth Rate),2026-09-02
CHE,Switzerland,2018,cbr,10.3,World Bank WDI (Crude Birth Rate),2026-09-02
CHE,Switzerland,2017,cbr,10.3,World Bank WDI (Crude Birth Rate),2026-09-02
CHE,Switzerland,2016,cbr,10.5,World Bank WDI (Crude Birth Rate),2026-09-02
CHE,Switzerland,2015,cbr,10.5,World Bank WDI (Crude Birth Rate),2026-09-02
CHE,Switzerland,2014,cbr,10.4,World Bank WDI (Crude Birth Rate),2026-09-02
CHE,Switzerland,2013,cbr,10.2,World Bank WDI (Crude Birth Rate),2026-09-02
CHE,Switzerland,2012,cbr,10.3,World Bank WDI (Crude Birth Rate),2026-09-02
CHE,Switzerland,2011,cbr,10.2,World Bank WDI (Crude Birth Rate),2026-09-02
CHE,Switzerland,2010,cbr,10.3,World Bank WDI (Crude Birth Rate),2026-09-02
CHE,Switzerland,2009,cbr,10.1,World Bank WDI (Crude Birth Rate),2026-09-02
CHE,Switzerland,2008,cbr,10.0,World Bank WDI (Crude Birth Rate),2026-09-02
CHE,Switzerland,2007,cbr,9.9,World Bank WDI (Crude Birth Rate),2026-09-02
CHE,Switzerland,2006,cbr,9.8,World Bank WDI (Crude Birth Rate),2026-09-02
CHE,Switzerland,2005,cbr,9.8,World Bank WDI (Crude Birth Rate),2026-09-02
CHE,Switzerland,2004,cbr,9.9,World Bank WDI (Crude Birth Rate),2026-09-02
CHE,Switzerland,2003,cbr,9.8,World Bank WDI (Crude Birth Rate),2026-09-02
CHE,Switzerland,2002,cbr,9.9,World Bank WDI (Crude Birth Rate),2026-09-02
CHE,Switzerland,2001,cbr,10.0,World Bank WDI (Crude Birth Rate),2026-09-02
CHE,Switzerland,2000,cbr,10.9,World Bank WDI (Crude Birth Rate),2026-09-02
SYR,Syrian Arab Republic,2023,cbr,22.107,World Bank WDI (Crude Birth Rate),2026-09-02
SYR,Syrian Arab Republic,2022,cbr,21.234,World Bank WDI (Crude Birth Rate),2026-09-02
SYR,Syrian Arab Republic,2021,cbr,21.172,World Bank WDI (Crude Birth Rate),2026-09-02
SYR,Syrian Arab Republic,2020,cbr,20.64,World Bank WDI (Crude Birth Rate),2026-09-02
SYR,Syrian Arab Republic,2019,cbr,19.717,World Bank WDI (Crude Birth Rate),2026-09-02
SYR,Syrian Arab Republic,2018,cbr,18.932,World Bank WDI (Crude Birth Rate),2026-09-02
SYR,Syrian Arab Republic,2017,cbr,19.585,World Bank WDI (Crude Birth Rate),2026-09-02
SYR,Syrian Arab Republic,2016,cbr,19.619,World Bank WDI (Crude Birth Rate),2026-09-02
SYR,Syrian Arab Republic,2015,cbr,21.298,World Bank WDI (Crude Birth Rate),2026-09-02
SYR,Syrian Arab Republic,2014,cbr,23.784,World Bank WDI (Crude Birth Rate),2026-09-02
SYR,Syrian Arab Republic,2013,cbr,26.868,World Bank WDI (Crude Birth Rate),2026-09-02
SYR,Syrian Arab Republic,2012,cbr,27.722,World Bank WDI (Crude Birth Rate),2026-09-02
SYR,Syrian Arab Republic,2011,cbr,28.11,World Bank WDI (Crude Birth Rate),2026-09-02
SYR,Syrian Arab Republic,2010,cbr,28.673,World Bank WDI (Crude Birth Rate),2026-09-02
SYR,Syrian Arab Republic,2009,cbr,29.249,World Bank WDI (Crude Birth Rate),2026-09-02
SYR,Syrian Arab Republic,2008,cbr,30.464,World Bank WDI (Crude Birth Rate),2026-09-02
SYR,Syrian Arab Republic,2007,cbr,29.074,World Bank WDI (Crude Birth Rate),2026-09-02
SYR,Syrian Arab Republic,2006,cbr,28.273,World Bank WDI (Crude Birth Rate),2026-09-02
SYR,Syrian Arab Republic,2005,cbr,28.828,World Bank WDI (Crude Birth Rate),2026-09-02
SYR,Syrian Arab Republic,2004,cbr,29.117,World Bank WDI (Crude Birth Rate),2026-09-02
SYR,Syrian Arab Republic,2003,cbr,29.577,World Bank WDI (Crude Birth Rate),2026-09-02
SYR,Syrian Arab Republic,2002,cbr,30.133,World Bank WDI (Crude Birth Rate),2026-09-02
SYR,Syrian Arab Republic,2001,cbr,30.744,World Bank WDI (Crude Birth Rate),2026-09-02
SYR,Syrian Arab Republic,2000,cbr,31.204,World Bank WDI (Crude Birth Rate),2026-09-02
TJK,Tajikistan,2023,cbr,26.124,World Bank WDI (Crude Birth Rate),2026-09-02
TJK,Tajikistan,2022,cbr,27.043,World Bank WDI (Crude Birth Rate),2026-09-02
TJK,Tajikistan,2021,cbr,27.744,World Bank WDI (Crude Birth Rate),2026-09-02
TJK,Tajikistan,2020,cbr,28.361,World Bank WDI (Crude Birth Rate),2026-09-02
TJK,Tajikistan,2019,cbr,29.168,World Bank WDI (Crude Birth Rate),2026-09-02
TJK,Tajikistan,2018,cbr,29.459,World Bank WDI (Crude Birth Rate),2026-09-02
TJK,Tajikistan,2017,cbr,29.65,World Bank WDI (Crude Birth Rate),2026-09-02
TJK,Tajikistan,2016,cbr,30.941,World Bank WDI (Crude Birth Rate),2026-09-02
TJK,Tajikistan,2015,cbr,31.994,World Bank WDI (Crude Birth Rate),2026-09-02
TJK,Tajikistan,2014,cbr,32.233,World Bank WDI (Crude Birth Rate),2026-09-02
TJK,Tajikistan,2013,cbr,32.145,World Bank WDI (Crude Birth Rate),2026-09-02
TJK,Tajikistan,2012,cbr,32.012,World Bank WDI (Crude Birth Rate),2026-09-02
TJK,Tajikistan,2011,cbr,32.205,World Bank WDI (Crude Birth Rate),2026-09-02
TJK,Tajikistan,2010,cbr,31.984,World Bank WDI (Crude Birth Rate),2026-09-02
TJK,Tajikistan,2009,cbr,31.411,World Bank WDI (Crude Birth Rate),2026-09-02
TJK,Tajikistan,2008,cbr,30.57,World Bank WDI (Crude Birth Rate),2026-09-02
TJK,Tajikistan,2007,cbr,29.927,World Bank WDI (Crude Birth Rate),2026-09-02
TJK,Tajikistan,2006,cbr,29.227,World Bank WDI (Crude Birth Rate),2026-09-02
TJK,Tajikistan,2005,cbr,29.27,World Bank WDI (Crude Birth Rate),2026-09-02
TJK,Tajikistan,2004,cbr,29.889,World Bank WDI (Crude Birth Rate),2026-09-02
TJK,Tajikistan,2003,cbr,28.951,World Bank WDI (Crude Birth Rate),2026-09-02
TJK,Tajikistan,2002,cbr,29.183,World Bank WDI (Crude Birth Rate),2026-09-02
TJK,Tajikistan,2001,cbr,29.267,World Bank WDI (Crude Birth Rate),2026-09-02
TJK,Tajikistan,2000,cbr,29.109,World Bank WDI (Crude Birth Rate),2026-09-02
TZA,Tanzania,2023,cbr,35.222,World Bank WDI (Crude Birth Rate),2026-09-02
TZA,Tanzania,2022,cbr,35.637,World Bank WDI (Crude Birth Rate),2026-09-02
TZA,Tanzania,2021,cbr,36.015,World Bank WDI (Crude Birth Rate),2026-09-02
TZA,Tanzania,2020,cbr,36.437,World Bank WDI (Crude Birth Rate),2026-09-02
TZA,Tanzania,2019,cbr,36.883,World Bank WDI (Crude Birth Rate),2026-09-02
TZA,Tanzania,2018,cbr,37.335,World Bank WDI (Crude Birth Rate),2026-09-02
TZA,Tanzania,2017,cbr,37.611,World Bank WDI (Crude Birth Rate),2026-09-02
TZA,Tanzania,2016,cbr,37.632,World Bank WDI (Crude Birth Rate),2026-09-02
TZA,Tanzania,2015,cbr,37.622,World Bank WDI (Crude Birth Rate),2026-09-02
TZA,Tanzania,2014,cbr,38.355,World Bank WDI (Crude Birth Rate),2026-09-02
TZA,Tanzania,2013,cbr,38.408,World Bank WDI (Crude Birth Rate),2026-09-02
TZA,Tanzania,2012,cbr,38.102,World Bank WDI (Crude Birth Rate),2026-09-02
TZA,Tanzania,2011,cbr,38.108,World Bank WDI (Crude Birth Rate),2026-09-02
TZA,Tanzania,2010,cbr,38.756,World Bank WDI (Crude Birth Rate),2026-09-02
TZA,Tanzania,2009,cbr,39.162,World Bank WDI (Crude Birth Rate),2026-09-02
TZA,Tanzania,2008,cbr,39.579,World Bank WDI (Crude Birth Rate),2026-09-02
TZA,Tanzania,2007,cbr,40.168,World Bank WDI (Crude Birth Rate),2026-09-02
TZA,Tanzania,2006,cbr,40.973,World Bank WDI (Crude Birth Rate),2026-09-02
TZA,Tanzania,2005,cbr,41.465,World Bank WDI (Crude Birth Rate),2026-09-02
TZA,Tanzania,2004,cbr,41.527,World Bank WDI (Crude Birth Rate),2026-09-02
TZA,Tanzania,2003,cbr,41.335,World Bank WDI (Crude Birth Rate),2026-09-02
TZA,Tanzania,2002,cbr,41.171,World Bank WDI (Crude Birth Rate),2026-09-02
TZA,Tanzania,2001,cbr,41.398,World Bank WDI (Crude Birth Rate),2026-09-02
TZA,Tanzania,2000,cbr,41.528,World Bank WDI (Crude Birth Rate),2026-09-02
THA,Thailand,2023,cbr,8.245,World Bank WDI (Crude Birth Rate),2026-09-02
THA,Thailand,2022,cbr,8.38,World Bank WDI (Crude Birth Rate),2026-09-02
THA,Thailand,2021,cbr,8.544,World Bank WDI (Crude Birth Rate),2026-09-02
THA,Thailand,2020,cbr,8.792,World Bank WDI (Crude Birth Rate),2026-09-02
THA,Thailand,2019,cbr,9.056,World Bank WDI (Crude Birth Rate),2026-09-02
THA,Thailand,2018,cbr,9.4,World Bank WDI (Crude Birth Rate),2026-09-02
THA,Thailand,2017,cbr,9.765,World Bank WDI (Crude Birth Rate),2026-09-02
THA,Thailand,2016,cbr,10.111,World Bank WDI (Crude Birth Rate),2026-09-02
THA,Thailand,2015,cbr,10.594,World Bank WDI (Crude Birth Rate),2026-09-02
THA,Thailand,2014,cbr,10.95,World Bank WDI (Crude Birth Rate),2026-09-02
THA,Thailand,2013,cbr,11.367,World Bank WDI (Crude Birth Rate),2026-09-02
THA,Thailand,2012,cbr,11.758,World Bank WDI (Crude Birth Rate),2026-09-02
THA,Thailand,2011,cbr,11.943,World Bank WDI (Crude Birth Rate),2026-09-02
THA,Thailand,2010,cbr,12.009,World Bank WDI (Crude Birth Rate),2026-09-02
THA,Thailand,2009,cbr,12.188,World Bank WDI (Crude Birth Rate),2026-09-02
THA,Thailand,2008,cbr,12.525,World Bank WDI (Crude Birth Rate),2026-09-02
THA,Thailand,2007,cbr,12.926,World Bank WDI (Crude Birth Rate),2026-09-02
THA,Thailand,2006,cbr,13.208,World Bank WDI (Crude Birth Rate),2026-09-02
THA,Thailand,2005,cbr,13.488,World Bank WDI (Crude Birth Rate),2026-09-02
THA,Thailand,2004,cbr,13.82,World Bank WDI (Crude Birth Rate),2026-09-02
THA,Thailand,2003,cbr,14.053,World Bank WDI (Crude Birth Rate),2026-09-02
THA,Thailand,2002,cbr,14.335,World Bank WDI (Crude Birth Rate),2026-09-02
THA,Thailand,2001,cbr,14.665,World Bank WDI (Crude Birth Rate),2026-09-02
THA,Thailand,2000,cbr,15.027,World Bank WDI (Crude Birth Rate),2026-09-02
TLS,Timor-Leste,2023,cbr,22.077,World Bank WDI (Crude Birth Rate),2026-09-02
TLS,Timor-Leste,2022,cbr,22.424,World Bank WDI (Crude Birth Rate),2026-09-02
TLS,Timor-Leste,2021,cbr,22.73,World Bank WDI (Crude Birth Rate),2026-09-02
TLS,Timor-Leste,2020,cbr,23.352,World Bank WDI (Crude Birth Rate),2026-09-02
TLS,Timor-Leste,2019,cbr,23.855,World Bank WDI (Crude Birth Rate),2026-09-02
TLS,Timor-Leste,2018,cbr,24.481,World Bank WDI (Crude Birth Rate),2026-09-02
TLS,Timor-Leste,2017,cbr,25.251,World Bank WDI (Crude Birth Rate),2026-09-02
TLS,Timor-Leste,2016,cbr,26.15,World Bank WDI (Crude Birth Rate),2026-09-02
TLS,Timor-Leste,2015,cbr,27.06,World Bank WDI (Crude Birth Rate),2026-09-02
TLS,Timor-Leste,2014,cbr,28.055,World Bank WDI (Crude Birth Rate),2026-09-02
TLS,Timor-Leste,2013,cbr,28.962,World Bank WDI (Crude Birth Rate),2026-09-02
TLS,Timor-Leste,2012,cbr,29.794,World Bank WDI (Crude Birth Rate),2026-09-02
TLS,Timor-Leste,2011,cbr,30.679,World Bank WDI (Crude Birth Rate),2026-09-02
TLS,Timor-Leste,2010,cbr,31.488,World Bank WDI (Crude Birth Rate),2026-09-02
TLS,Timor-Leste,2009,cbr,32.25,World Bank WDI (Crude Birth Rate),2026-09-02
TLS,Timor-Leste,2008,cbr,33.097,World Bank WDI (Crude Birth Rate),2026-09-02
TLS,Timor-Leste,2007,cbr,34.046,World Bank WDI (Crude Birth Rate),2026-09-02
TLS,Timor-Leste,2006,cbr,35.061,World Bank WDI (Crude Birth Rate),2026-09-02
TLS,Timor-Leste,2005,cbr,36.236,World Bank WDI (Crude Birth Rate),2026-09-02
TLS,Timor-Leste,2004,cbr,37.526,World Bank WDI (Crude Birth Rate),2026-09-02
TLS,Timor-Leste,2003,cbr,38.365,World Bank WDI (Crude Birth Rate),2026-09-02
TLS,Timor-Leste,2002,cbr,37.998,World Bank WDI (Crude Birth Rate),2026-09-02
TLS,Timor-Leste,2001,cbr,38.039,World Bank WDI (Crude Birth Rate),2026-09-02
TLS,Timor-Leste,2000,cbr,38.642,World Bank WDI (Crude Birth Rate),2026-09-02
TGO,Togo,2023,cbr,32.643,World Bank WDI (Crude Birth Rate),2026-09-02
TGO,Togo,2022,cbr,33.129,World Bank WDI (Crude Birth Rate),2026-09-02
TGO,Togo,2021,cbr,33.695,World Bank WDI (Crude Birth Rate),2026-09-02
TGO,Togo,2020,cbr,34.251,World Bank WDI (Crude Birth Rate),2026-09-02
TGO,Togo,2019,cbr,34.907,World Bank WDI (Crude Birth Rate),2026-09-02
TGO,Togo,2018,cbr,35.431,World Bank WDI (Crude Birth Rate),2026-09-02
TGO,Togo,2017,cbr,35.738,World Bank WDI (Crude Birth Rate),2026-09-02
TGO,Togo,2016,cbr,36.002,World Bank WDI (Crude Birth Rate),2026-09-02
TGO,Togo,2015,cbr,36.098,World Bank WDI (Crude Birth Rate),2026-09-02
TGO,Togo,2014,cbr,36.337,World Bank WDI (Crude Birth Rate),2026-09-02
TGO,Togo,2013,cbr,36.722,World Bank WDI (Crude Birth Rate),2026-09-02
TGO,Togo,2012,cbr,37.494,World Bank WDI (Crude Birth Rate),2026-09-02
TGO,Togo,2011,cbr,38.525,World Bank WDI (Crude Birth Rate),2026-09-02
TGO,Togo,2010,cbr,39.292,World Bank WDI (Crude Birth Rate),2026-09-02
TGO,Togo,2009,cbr,39.397,World Bank WDI (Crude Birth Rate),2026-09-02
TGO,Togo,2008,cbr,39.326,World Bank WDI (Crude Birth Rate),2026-09-02
TGO,Togo,2007,cbr,39.184,World Bank WDI (Crude Birth Rate),2026-09-02
TGO,Togo,2006,cbr,38.741,World Bank WDI (Crude Birth Rate),2026-09-02
TGO,Togo,2005,cbr,38.169,World Bank WDI (Crude Birth Rate),2026-09-02
TGO,Togo,2004,cbr,37.692,World Bank WDI (Crude Birth Rate),2026-09-02
TGO,Togo,2003,cbr,37.849,World Bank WDI (Crude Birth Rate),2026-09-02
TGO,Togo,2002,cbr,37.873,World Bank WDI (Crude Birth Rate),2026-09-02
TGO,Togo,2001,cbr,37.818,World Bank WDI (Crude Birth Rate),2026-09-02
TGO,Togo,2000,cbr,37.719,World Bank WDI (Crude Birth Rate),2026-09-02
TON,Tonga,2023,cbr,23.117,World Bank WDI (Crude Birth Rate),2026-09-02
TON,Tonga,2022,cbr,23.35,World Bank WDI (Crude Birth Rate),2026-09-02
TON,Tonga,2021,cbr,23.507,World Bank WDI (Crude Birth Rate),2026-09-02
TON,Tonga,2020,cbr,23.634,World Bank WDI (Crude Birth Rate),2026-09-02
TON,Tonga,2019,cbr,23.849,World Bank WDI (Crude Birth Rate),2026-09-02
TON,Tonga,2018,cbr,24.144,World Bank WDI (Crude Birth Rate),2026-09-02
TON,Tonga,2017,cbr,24.514,World Bank WDI (Crude Birth Rate),2026-09-02
TON,Tonga,2016,cbr,25.229,World Bank WDI (Crude Birth Rate),2026-09-02
TON,Tonga,2015,cbr,25.834,World Bank WDI (Crude Birth Rate),2026-09-02
TON,Tonga,2014,cbr,26.391,World Bank WDI (Crude Birth Rate),2026-09-02
TON,Tonga,2013,cbr,26.866,World Bank WDI (Crude Birth Rate),2026-09-02
TON,Tonga,2012,cbr,27.277,World Bank WDI (Crude Birth Rate),2026-09-02
TON,Tonga,2011,cbr,27.656,World Bank WDI (Crude Birth Rate),2026-09-02
TON,Tonga,2010,cbr,28.008,World Bank WDI (Crude Birth Rate),2026-09-02
TON,Tonga,2009,cbr,28.398,World Bank WDI (Crude Birth Rate),2026-09-02
TON,Tonga,2008,cbr,28.717,World Bank WDI (Crude Birth Rate),2026-09-02
TON,Tonga,2007,cbr,29.038,World Bank WDI (Crude Birth Rate),2026-09-02
TON,Tonga,2006,cbr,29.519,World Bank WDI (Crude Birth Rate),2026-09-02
TON,Tonga,2005,cbr,30.013,World Bank WDI (Crude Birth Rate),2026-09-02
TON,Tonga,2004,cbr,29.997,World Bank WDI (Crude Birth Rate),2026-09-02
TON,Tonga,2003,cbr,29.887,World Bank WDI (Crude Birth Rate),2026-09-02
TON,Tonga,2002,cbr,29.549,World Bank WDI (Crude Birth Rate),2026-09-02
TON,Tonga,2001,cbr,29.364,World Bank WDI (Crude Birth Rate),2026-09-02
TON,Tonga,2000,cbr,29.396,World Bank WDI (Crude Birth Rate),2026-09-02
TTO,Trinidad and Tobago,2023,cbr,10.708,World Bank WDI (Crude Birth Rate),2026-09-02
TTO,Trinidad and Tobago,2022,cbr,10.987,World Bank WDI (Crude Birth Rate),2026-09-02
TTO,Trinidad and Tobago,2021,cbr,11.291,World Bank WDI (Crude Birth Rate),2026-09-02
TTO,Trinidad and Tobago,2020,cbr,11.647,World Bank WDI (Crude Birth Rate),2026-09-02
TTO,Trinidad and Tobago,2019,cbr,12.088,World Bank WDI (Crude Birth Rate),2026-09-02
TTO,Trinidad and Tobago,2018,cbr,12.06,World Bank WDI (Crude Birth Rate),2026-09-02
TTO,Trinidad and Tobago,2017,cbr,12.491,World Bank WDI (Crude Birth Rate),2026-09-02
TTO,Trinidad and Tobago,2016,cbr,12.804,World Bank WDI (Crude Birth Rate),2026-09-02
TTO,Trinidad and Tobago,2015,cbr,13.031,World Bank WDI (Crude Birth Rate),2026-09-02
TTO,Trinidad and Tobago,2014,cbr,13.289,World Bank WDI (Crude Birth Rate),2026-09-02
TTO,Trinidad and Tobago,2013,cbr,13.51,World Bank WDI (Crude Birth Rate),2026-09-02
TTO,Trinidad and Tobago,2012,cbr,13.749,World Bank WDI (Crude Birth Rate),2026-09-02
TTO,Trinidad and Tobago,2011,cbr,13.928,World Bank WDI (Crude Birth Rate),2026-09-02
TTO,Trinidad and Tobago,2010,cbr,14.087,World Bank WDI (Crude Birth Rate),2026-09-02
TTO,Trinidad and Tobago,2009,cbr,14.221,World Bank WDI (Crude Birth Rate),2026-09-02
TTO,Trinidad and Tobago,2008,cbr,14.287,World Bank WDI (Crude Birth Rate),2026-09-02
TTO,Trinidad and Tobago,2007,cbr,14.372,World Bank WDI (Crude Birth Rate),2026-09-02
TTO,Trinidad and Tobago,2006,cbr,14.39,World Bank WDI (Crude Birth Rate),2026-09-02
TTO,Trinidad and Tobago,2005,cbr,14.33,World Bank WDI (Crude Birth Rate),2026-09-02
TTO,Trinidad and Tobago,2004,cbr,14.286,World Bank WDI (Crude Birth Rate),2026-09-02
TTO,Trinidad and Tobago,2003,cbr,14.407,World Bank WDI (Crude Birth Rate),2026-09-02
TTO,Trinidad and Tobago,2002,cbr,14.528,World Bank WDI (Crude Birth Rate),2026-09-02
TTO,Trinidad and Tobago,2001,cbr,14.731,World Bank WDI (Crude Birth Rate),2026-09-02
TTO,Trinidad and Tobago,2000,cbr,14.869,World Bank WDI (Crude Birth Rate),2026-09-02
TUN,Tunisia,2023,cbr,13.748,World Bank WDI (Crude Birth Rate),2026-09-02
TUN,Tunisia,2022,cbr,14.124,World Bank WDI (Crude Birth Rate),2026-09-02
TUN,Tunisia,2021,cbr,13.999,World Bank WDI (Crude Birth Rate),2026-09-02
TUN,Tunisia,2020,cbr,15.787,World Bank WDI (Crude Birth Rate),2026-09-02
TUN,Tunisia,2019,cbr,16.82,World Bank WDI (Crude Birth Rate),2026-09-02
TUN,Tunisia,2018,cbr,17.344,World Bank WDI (Crude Birth Rate),2026-09-02
TUN,Tunisia,2017,cbr,18.168,World Bank WDI (Crude Birth Rate),2026-09-02
TUN,Tunisia,2016,cbr,18.954,World Bank WDI (Crude Birth Rate),2026-09-02
TUN,Tunisia,2015,cbr,19.415,World Bank WDI (Crude Birth Rate),2026-09-02
TUN,Tunisia,2014,cbr,19.658,World Bank WDI (Crude Birth Rate),2026-09-02
TUN,Tunisia,2013,cbr,19.755,World Bank WDI (Crude Birth Rate),2026-09-02
TUN,Tunisia,2012,cbr,19.58,World Bank WDI (Crude Birth Rate),2026-09-02
TUN,Tunisia,2011,cbr,18.892,World Bank WDI (Crude Birth Rate),2026-09-02
TUN,Tunisia,2010,cbr,17.94,World Bank WDI (Crude Birth Rate),2026-09-02
TUN,Tunisia,2009,cbr,17.303,World Bank WDI (Crude Birth Rate),2026-09-02
TUN,Tunisia,2008,cbr,17.008,World Bank WDI (Crude Birth Rate),2026-09-02
TUN,Tunisia,2007,cbr,16.769,World Bank WDI (Crude Birth Rate),2026-09-02
TUN,Tunisia,2006,cbr,16.612,World Bank WDI (Crude Birth Rate),2026-09-02
TUN,Tunisia,2005,cbr,16.496,World Bank WDI (Crude Birth Rate),2026-09-02
TUN,Tunisia,2004,cbr,16.333,World Bank WDI (Crude Birth Rate),2026-09-02
TUN,Tunisia,2003,cbr,16.249,World Bank WDI (Crude Birth Rate),2026-09-02
TUN,Tunisia,2002,cbr,16.036,World Bank WDI (Crude Birth Rate),2026-09-02
TUN,Tunisia,2001,cbr,16.227,World Bank WDI (Crude Birth Rate),2026-09-02
TUN,Tunisia,2000,cbr,16.549,World Bank WDI (Crude Birth Rate),2026-09-02
TUR,Turkiye,2023,cbr,11.2,World Bank WDI (Crude Birth Rate),2026-09-02
TUR,Turkiye,2022,cbr,12.2,World Bank WDI (Crude Birth Rate),2026-09-02
TUR,Turkiye,2021,cbr,12.9,World Bank WDI (Crude Birth Rate),2026-09-02
TUR,Turkiye,2020,cbr,13.4,World Bank WDI (Crude Birth Rate),2026-09-02
TUR,Turkiye,2019,cbr,14.4,World Bank WDI (Crude Birth Rate),2026-09-02
TUR,Turkiye,2018,cbr,15.4,World Bank WDI (Crude Birth Rate),2026-09-02
TUR,Turkiye,2017,cbr,16.2,World Bank WDI (Crude Birth Rate),2026-09-02
TUR,Turkiye,2016,cbr,16.6,World Bank WDI (Crude Birth Rate),2026-09-02
TUR,Turkiye,2015,cbr,17.1,World Bank WDI (Crude Birth Rate),2026-09-02
TUR,Turkiye,2014,cbr,17.5,World Bank WDI (Crude Birth Rate),2026-09-02
TUR,Turkiye,2013,cbr,17.0,World Bank WDI (Crude Birth Rate),2026-09-02
TUR,Turkiye,2012,cbr,17.2,World Bank WDI (Crude Birth Rate),2026-09-02
TUR,Turkiye,2011,cbr,16.9,World Bank WDI (Crude Birth Rate),2026-09-02
TUR,Turkiye,2010,cbr,17.2,World Bank WDI (Crude Birth Rate),2026-09-02
TUR,Turkiye,2009,cbr,17.6,World Bank WDI (Crude Birth Rate),2026-09-02
TUR,Turkiye,2008,cbr,18.2,World Bank WDI (Crude Birth Rate),2026-09-02
TUR,Turkiye,2007,cbr,18.4,World Bank WDI (Crude Birth Rate),2026-09-02
TUR,Turkiye,2006,cbr,18.686,World Bank WDI (Crude Birth Rate),2026-09-02
TUR,Turkiye,2005,cbr,18.794,World Bank WDI (Crude Birth Rate),2026-09-02
TUR,Turkiye,2004,cbr,18.857,World Bank WDI (Crude Birth Rate),2026-09-02
TUR,Turkiye,2003,cbr,18.949,World Bank WDI (Crude Birth Rate),2026-09-02
TUR,Turkiye,2002,cbr,19.531,World Bank WDI (Crude Birth Rate),2026-09-02
TUR,Turkiye,2001,cbr,20.593,World Bank WDI (Crude Birth Rate),2026-09-02
TUR,Turkiye,2000,cbr,21.42,World Bank WDI (Crude Birth Rate),2026-09-02
TKM,Turkmenistan,2023,cbr,21.74,World Bank WDI (Crude Birth Rate),2026-09-02
TKM,Turkmenistan,2022,cbr,22.635,World Bank WDI (Crude Birth Rate),2026-09-02
TKM,Turkmenistan,2021,cbr,23.348,World Bank WDI (Crude Birth Rate),2026-09-02
TKM,Turkmenistan,2020,cbr,24.12,World Bank WDI (Crude Birth Rate),2026-09-02
TKM,Turkmenistan,2019,cbr,24.839,World Bank WDI (Crude Birth Rate),2026-09-02
TKM,Turkmenistan,2018,cbr,25.502,World Bank WDI (Crude Birth Rate),2026-09-02
TKM,Turkmenistan,2017,cbr,26.272,World Bank WDI (Crude Birth Rate),2026-09-02
TKM,Turkmenistan,2016,cbr,26.941,World Bank WDI (Crude Birth Rate),2026-09-02
TKM,Turkmenistan,2015,cbr,27.466,World Bank WDI (Crude Birth Rate),2026-09-02
TKM,Turkmenistan,2014,cbr,27.466,World Bank WDI (Crude Birth Rate),2026-09-02
TKM,Turkmenistan,2013,cbr,27.351,World Bank WDI (Crude Birth Rate),2026-09-02
TKM,Turkmenistan,2012,cbr,26.876,World Bank WDI (Crude Birth Rate),2026-09-02
TKM,Turkmenistan,2011,cbr,26.298,World Bank WDI (Crude Birth Rate),2026-09-02
TKM,Turkmenistan,2010,cbr,25.713,World Bank WDI (Crude Birth Rate),2026-09-02
TKM,Turkmenistan,2009,cbr,25.055,World Bank WDI (Crude Birth Rate),2026-09-02
TKM,Turkmenistan,2008,cbr,24.442,World Bank WDI (Crude Birth Rate),2026-09-02
TKM,Turkmenistan,2007,cbr,24.038,World Bank WDI (Crude Birth Rate),2026-09-02
TKM,Turkmenistan,2006,cbr,23.663,World Bank WDI (Crude Birth Rate),2026-09-02
TKM,Turkmenistan,2005,cbr,23.264,World Bank WDI (Crude Birth Rate),2026-09-02
TKM,Turkmenistan,2004,cbr,22.76,World Bank WDI (Crude Birth Rate),2026-09-02
TKM,Turkmenistan,2003,cbr,22.445,World Bank WDI (Crude Birth Rate),2026-09-02
TKM,Turkmenistan,2002,cbr,22.582,World Bank WDI (Crude Birth Rate),2026-09-02
TKM,Turkmenistan,2001,cbr,23.207,World Bank WDI (Crude Birth Rate),2026-09-02
TKM,Turkmenistan,2000,cbr,23.717,World Bank WDI (Crude Birth Rate),2026-09-02
TCA,Turks and Caicos Islands,2023,cbr,10.738,World Bank WDI (Crude Birth Rate),2026-09-02
TCA,Turks and Caicos Islands,2022,cbr,10.981,World Bank WDI (Crude Birth Rate),2026-09-02
TCA,Turks and Caicos Islands,2021,cbr,11.198,World Bank WDI (Crude Birth Rate),2026-09-02
TCA,Turks and Caicos Islands,2020,cbr,11.671,World Bank WDI (Crude Birth Rate),2026-09-02
TCA,Turks and Caicos Islands,2019,cbr,12.066,World Bank WDI (Crude Birth Rate),2026-09-02
TCA,Turks and Caicos Islands,2018,cbr,12.511,World Bank WDI (Crude Birth Rate),2026-09-02
TCA,Turks and Caicos Islands,2017,cbr,12.692,World Bank WDI (Crude Birth Rate),2026-09-02
TCA,Turks and Caicos Islands,2016,cbr,12.785,World Bank WDI (Crude Birth Rate),2026-09-02
TCA,Turks and Caicos Islands,2015,cbr,12.665,World Bank WDI (Crude Birth Rate),2026-09-02
TCA,Turks and Caicos Islands,2014,cbr,12.905,World Bank WDI (Crude Birth Rate),2026-09-02
TCA,Turks and Caicos Islands,2013,cbr,13.001,World Bank WDI (Crude Birth Rate),2026-09-02
TCA,Turks and Caicos Islands,2012,cbr,13.443,World Bank WDI (Crude Birth Rate),2026-09-02
TCA,Turks and Caicos Islands,2011,cbr,14.192,World Bank WDI (Crude Birth Rate),2026-09-02
TCA,Turks and Caicos Islands,2010,cbr,14.898,World Bank WDI (Crude Birth Rate),2026-09-02
TCA,Turks and Caicos Islands,2009,cbr,15.671,World Bank WDI (Crude Birth Rate),2026-09-02
TCA,Turks and Caicos Islands,2008,cbr,16.434,World Bank WDI (Crude Birth Rate),2026-09-02
TCA,Turks and Caicos Islands,2007,cbr,17.155,World Bank WDI (Crude Birth Rate),2026-09-02
TCA,Turks and Caicos Islands,2006,cbr,17.721,World Bank WDI (Crude Birth Rate),2026-09-02
TCA,Turks and Caicos Islands,2005,cbr,18.287,World Bank WDI (Crude Birth Rate),2026-09-02
TCA,Turks and Caicos Islands,2004,cbr,18.882,World Bank WDI (Crude Birth Rate),2026-09-02
TCA,Turks and Caicos Islands,2003,cbr,19.616,World Bank WDI (Crude Birth Rate),2026-09-02
TCA,Turks and Caicos Islands,2002,cbr,20.631,World Bank WDI (Crude Birth Rate),2026-09-02
TCA,Turks and Caicos Islands,2001,cbr,21.896,World Bank WDI (Crude Birth Rate),2026-09-02
TCA,Turks and Caicos Islands,2000,cbr,22.632,World Bank WDI (Crude Birth Rate),2026-09-02
TUV,Tuvalu,2023,cbr,23.075,World Bank WDI (Crude Birth Rate),2026-09-02
TUV,Tuvalu,2022,cbr,24.084,World Bank WDI (Crude Birth Rate),2026-09-02
TUV,Tuvalu,2021,cbr,24.35,World Bank WDI (Crude Birth Rate),2026-09-02
TUV,Tuvalu,2020,cbr,24.632,World Bank WDI (Crude Birth Rate),2026-09-02
TUV,Tuvalu,2019,cbr,24.867,World Bank WDI (Crude Birth Rate),2026-09-02
TUV,Tuvalu,2018,cbr,24.927,World Bank WDI (Crude Birth Rate),2026-09-02
TUV,Tuvalu,2017,cbr,24.284,World Bank WDI (Crude Birth Rate),2026-09-02
TUV,Tuvalu,2016,cbr,23.76,World Bank WDI (Crude Birth Rate),2026-09-02
TUV,Tuvalu,2015,cbr,23.339,World Bank WDI (Crude Birth Rate),2026-09-02
TUV,Tuvalu,2014,cbr,22.975,World Bank WDI (Crude Birth Rate),2026-09-02
TUV,Tuvalu,2013,cbr,22.831,World Bank WDI (Crude Birth Rate),2026-09-02
TUV,Tuvalu,2012,cbr,22.887,World Bank WDI (Crude Birth Rate),2026-09-02
TUV,Tuvalu,2011,cbr,22.54,World Bank WDI (Crude Birth Rate),2026-09-02
TUV,Tuvalu,2010,cbr,22.175,World Bank WDI (Crude Birth Rate),2026-09-02
TUV,Tuvalu,2009,cbr,21.876,World Bank WDI (Crude Birth Rate),2026-09-02
TUV,Tuvalu,2008,cbr,21.685,World Bank WDI (Crude Birth Rate),2026-09-02
TUV,Tuvalu,2007,cbr,21.859,World Bank WDI (Crude Birth Rate),2026-09-02
TUV,Tuvalu,2006,cbr,22.438,World Bank WDI (Crude Birth Rate),2026-09-02
TUV,Tuvalu,2005,cbr,22.746,World Bank WDI (Crude Birth Rate),2026-09-02
TUV,Tuvalu,2004,cbr,23.09,World Bank WDI (Crude Birth Rate),2026-09-02
TUV,Tuvalu,2003,cbr,23.632,World Bank WDI (Crude Birth Rate),2026-09-02
TUV,Tuvalu,2002,cbr,24.464,World Bank WDI (Crude Birth Rate),2026-09-02
TUV,Tuvalu,2001,cbr,25.597,World Bank WDI (Crude Birth Rate),2026-09-02
TUV,Tuvalu,2000,cbr,26.641,World Bank WDI (Crude Birth Rate),2026-09-02
UGA,Uganda,2023,cbr,35.201,World Bank WDI (Crude Birth Rate),2026-09-02
UGA,Uganda,2022,cbr,35.8,World Bank WDI (Crude Birth Rate),2026-09-02
UGA,Uganda,2021,cbr,36.342,World Bank WDI (Crude Birth Rate),2026-09-02
UGA,Uganda,2020,cbr,36.803,World Bank WDI (Crude Birth Rate),2026-09-02
UGA,Uganda,2019,cbr,37.212,World Bank WDI (Crude Birth Rate),2026-09-02
UGA,Uganda,2018,cbr,37.673,World Bank WDI (Crude Birth Rate),2026-09-02
UGA,Uganda,2017,cbr,37.944,World Bank WDI (Crude Birth Rate),2026-09-02
UGA,Uganda,2016,cbr,38.279,World Bank WDI (Crude Birth Rate),2026-09-02
UGA,Uganda,2015,cbr,39.007,World Bank WDI (Crude Birth Rate),2026-09-02
UGA,Uganda,2014,cbr,39.714,World Bank WDI (Crude Birth Rate),2026-09-02
UGA,Uganda,2013,cbr,40.551,World Bank WDI (Crude Birth Rate),2026-09-02
UGA,Uganda,2012,cbr,41.419,World Bank WDI (Crude Birth Rate),2026-09-02
UGA,Uganda,2011,cbr,42.22,World Bank WDI (Crude Birth Rate),2026-09-02
UGA,Uganda,2010,cbr,42.889,World Bank WDI (Crude Birth Rate),2026-09-02
UGA,Uganda,2009,cbr,43.381,World Bank WDI (Crude Birth Rate),2026-09-02
UGA,Uganda,2008,cbr,43.784,World Bank WDI (Crude Birth Rate),2026-09-02
UGA,Uganda,2007,cbr,44.524,World Bank WDI (Crude Birth Rate),2026-09-02
UGA,Uganda,2006,cbr,45.184,World Bank WDI (Crude Birth Rate),2026-09-02
UGA,Uganda,2005,cbr,45.833,World Bank WDI (Crude Birth Rate),2026-09-02
UGA,Uganda,2004,cbr,46.508,World Bank WDI (Crude Birth Rate),2026-09-02
UGA,Uganda,2003,cbr,46.962,World Bank WDI (Crude Birth Rate),2026-09-02
UGA,Uganda,2002,cbr,47.446,World Bank WDI (Crude Birth Rate),2026-09-02
UGA,Uganda,2001,cbr,47.915,World Bank WDI (Crude Birth Rate),2026-09-02
UGA,Uganda,2000,cbr,48.247,World Bank WDI (Crude Birth Rate),2026-09-02
UKR,Ukraine,2023,cbr,5.625,World Bank WDI (Crude Birth Rate),2026-09-02
UKR,Ukraine,2022,cbr,5.679,World Bank WDI (Crude Birth Rate),2026-09-02
UKR,Ukraine,2021,cbr,6.977,World Bank WDI (Crude Birth Rate),2026-09-02
UKR,Ukraine,2020,cbr,7.555,World Bank WDI (Crude Birth Rate),2026-09-02
UKR,Ukraine,2019,cbr,7.823,World Bank WDI (Crude Birth Rate),2026-09-02
UKR,Ukraine,2018,cbr,8.125,World Bank WDI (Crude Birth Rate),2026-09-02
UKR,Ukraine,2017,cbr,8.779,World Bank WDI (Crude Birth Rate),2026-09-02
UKR,Ukraine,2016,cbr,9.614,World Bank WDI (Crude Birth Rate),2026-09-02
UKR,Ukraine,2015,cbr,9.802,World Bank WDI (Crude Birth Rate),2026-09-02
UKR,Ukraine,2014,cbr,10.632,World Bank WDI (Crude Birth Rate),2026-09-02
UKR,Ukraine,2013,cbr,11.172,World Bank WDI (Crude Birth Rate),2026-09-02
UKR,Ukraine,2012,cbr,11.419,World Bank WDI (Crude Birth Rate),2026-09-02
UKR,Ukraine,2011,cbr,11.054,World Bank WDI (Crude Birth Rate),2026-09-02
UKR,Ukraine,2010,cbr,10.915,World Bank WDI (Crude Birth Rate),2026-09-02
UKR,Ukraine,2009,cbr,11.201,World Bank WDI (Crude Birth Rate),2026-09-02
UKR,Ukraine,2008,cbr,11.014,World Bank WDI (Crude Birth Rate),2026-09-02
UKR,Ukraine,2007,cbr,10.202,World Bank WDI (Crude Birth Rate),2026-09-02
UKR,Ukraine,2006,cbr,9.787,World Bank WDI (Crude Birth Rate),2026-09-02
UKR,Ukraine,2005,cbr,9.12,World Bank WDI (Crude Birth Rate),2026-09-02
UKR,Ukraine,2004,cbr,8.959,World Bank WDI (Crude Birth Rate),2026-09-02
UKR,Ukraine,2003,cbr,8.546,World Bank WDI (Crude Birth Rate),2026-09-02
UKR,Ukraine,2002,cbr,8.113,World Bank WDI (Crude Birth Rate),2026-09-02
UKR,Ukraine,2001,cbr,7.779,World Bank WDI (Crude Birth Rate),2026-09-02
UKR,Ukraine,2000,cbr,7.823,World Bank WDI (Crude Birth Rate),2026-09-02
ARE,United Arab Emirates,2023,cbr,9.774,World Bank WDI (Crude Birth Rate),2026-09-02
ARE,United Arab Emirates,2022,cbr,9.295,World Bank WDI (Crude Birth Rate),2026-09-02
ARE,United Arab Emirates,2021,cbr,9.279,World Bank WDI (Crude Birth Rate),2026-09-02
ARE,United Arab Emirates,2020,cbr,10.465,World Bank WDI (Crude Birth Rate),2026-09-02
ARE,United Arab Emirates,2019,cbr,10.094,World Bank WDI (Crude Birth Rate),2026-09-02
ARE,United Arab Emirates,2018,cbr,10.248,World Bank WDI (Crude Birth Rate),2026-09-02
ARE,United Arab Emirates,2017,cbr,10.661,World Bank WDI (Crude Birth Rate),2026-09-02
ARE,United Arab Emirates,2016,cbr,10.747,World Bank WDI (Crude Birth Rate),2026-09-02
ARE,United Arab Emirates,2015,cbr,11.02,World Bank WDI (Crude Birth Rate),2026-09-02
ARE,United Arab Emirates,2014,cbr,11.471,World Bank WDI (Crude Birth Rate),2026-09-02
ARE,United Arab Emirates,2013,cbr,11.819,World Bank WDI (Crude Birth Rate),2026-09-02
ARE,United Arab Emirates,2012,cbr,11.678,World Bank WDI (Crude Birth Rate),2026-09-02
ARE,United Arab Emirates,2011,cbr,11.372,World Bank WDI (Crude Birth Rate),2026-09-02
ARE,United Arab Emirates,2010,cbr,11.249,World Bank WDI (Crude Birth Rate),2026-09-02
ARE,United Arab Emirates,2009,cbr,11.083,World Bank WDI (Crude Birth Rate),2026-09-02
ARE,United Arab Emirates,2008,cbr,9.999,World Bank WDI (Crude Birth Rate),2026-09-02
ARE,United Arab Emirates,2007,cbr,11.127,World Bank WDI (Crude Birth Rate),2026-09-02
ARE,United Arab Emirates,2006,cbr,12.292,World Bank WDI (Crude Birth Rate),2026-09-02
ARE,United Arab Emirates,2005,cbr,14.343,World Bank WDI (Crude Birth Rate),2026-09-02
ARE,United Arab Emirates,2004,cbr,15.115,World Bank WDI (Crude Birth Rate),2026-09-02
ARE,United Arab Emirates,2003,cbr,15.647,World Bank WDI (Crude Birth Rate),2026-09-02
ARE,United Arab Emirates,2002,cbr,15.779,World Bank WDI (Crude Birth Rate),2026-09-02
ARE,United Arab Emirates,2001,cbr,15.978,World Bank WDI (Crude Birth Rate),2026-09-02
ARE,United Arab Emirates,2000,cbr,16.314,World Bank WDI (Crude Birth Rate),2026-09-02
GBR,United Kingdom,2023,cbr,10.023,World Bank WDI (Crude Birth Rate),2026-09-02
GBR,United Kingdom,2022,cbr,10.1,World Bank WDI (Crude Birth Rate),2026-09-02
GBR,United Kingdom,2021,cbr,10.241,World Bank WDI (Crude Birth Rate),2026-09-02
GBR,United Kingdom,2020,cbr,10.204,World Bank WDI (Crude Birth Rate),2026-09-02
GBR,United Kingdom,2019,cbr,10.645,World Bank WDI (Crude Birth Rate),2026-09-02
GBR,United Kingdom,2018,cbr,11.0,World Bank WDI (Crude Birth Rate),2026-09-02
GBR,United Kingdom,2017,cbr,11.4,World Bank WDI (Crude Birth Rate),2026-09-02
GBR,United Kingdom,2016,cbr,11.8,World Bank WDI (Crude Birth Rate),2026-09-02
GBR,United Kingdom,2015,cbr,11.9,World Bank WDI (Crude Birth Rate),2026-09-02
GBR,United Kingdom,2014,cbr,12.0,World Bank WDI (Crude Birth Rate),2026-09-02
GBR,United Kingdom,2013,cbr,12.1,World Bank WDI (Crude Birth Rate),2026-09-02
GBR,United Kingdom,2012,cbr,12.8,World Bank WDI (Crude Birth Rate),2026-09-02
GBR,United Kingdom,2011,cbr,12.8,World Bank WDI (Crude Birth Rate),2026-09-02
GBR,United Kingdom,2010,cbr,12.9,World Bank WDI (Crude Birth Rate),2026-09-02
GBR,United Kingdom,2009,cbr,12.7,World Bank WDI (Crude Birth Rate),2026-09-02
GBR,United Kingdom,2008,cbr,12.9,World Bank WDI (Crude Birth Rate),2026-09-02
GBR,United Kingdom,2007,cbr,12.6,World Bank WDI (Crude Birth Rate),2026-09-02
GBR,United Kingdom,2006,cbr,12.3,World Bank WDI (Crude Birth Rate),2026-09-02
GBR,United Kingdom,2005,cbr,12.0,World Bank WDI (Crude Birth Rate),2026-09-02
GBR,United Kingdom,2004,cbr,11.9,World Bank WDI (Crude Birth Rate),2026-09-02
GBR,United Kingdom,2003,cbr,11.7,World Bank WDI (Crude Birth Rate),2026-09-02
GBR,United Kingdom,2002,cbr,11.3,World Bank WDI (Crude Birth Rate),2026-09-02
GBR,United Kingdom,2001,cbr,11.3,World Bank WDI (Crude Birth Rate),2026-09-02
GBR,United Kingdom,2000,cbr,11.5,World Bank WDI (Crude Birth Rate),2026-09-02
USA,United States,2023,cbr,10.7,World Bank WDI (Crude Birth Rate),2026-09-02
USA,United States,2022,cbr,11.0,World Bank WDI (Crude Birth Rate),2026-09-02
USA,United States,2021,cbr,11.0,World Bank WDI (Crude Birth Rate),2026-09-02
USA,United States,2020,cbr,10.9,World Bank WDI (Crude Birth Rate),2026-09-02
USA,United States,2019,cbr,11.4,World Bank WDI (Crude Birth Rate),2026-09-02
USA,United States,2018,cbr,11.6,World Bank WDI (Crude Birth Rate),2026-09-02
USA,United States,2017,cbr,11.8,World Bank WDI (Crude Birth Rate),2026-09-02
USA,United States,2016,cbr,12.2,World Bank WDI (Crude Birth Rate),2026-09-02
USA,United States,2015,cbr,12.4,World Bank WDI (Crude Birth Rate),2026-09-02
USA,United States,2014,cbr,12.5,World Bank WDI (Crude Birth Rate),2026-09-02
USA,United States,2013,cbr,12.4,World Bank WDI (Crude Birth Rate),2026-09-02
USA,United States,2012,cbr,12.6,World Bank WDI (Crude Birth Rate),2026-09-02
USA,United States,2011,cbr,12.7,World Bank WDI (Crude Birth Rate),2026-09-02
USA,United States,2010,cbr,13.0,World Bank WDI (Crude Birth Rate),2026-09-02
USA,United States,2009,cbr,13.5,World Bank WDI (Crude Birth Rate),2026-09-02
USA,United States,2008,cbr,14.0,World Bank WDI (Crude Birth Rate),2026-09-02
USA,United States,2007,cbr,14.3,World Bank WDI (Crude Birth Rate),2026-09-02
USA,United States,2006,cbr,14.3,World Bank WDI (Crude Birth Rate),2026-09-02
USA,United States,2005,cbr,14.0,World Bank WDI (Crude Birth Rate),2026-09-02
USA,United States,2004,cbr,14.0,World Bank WDI (Crude Birth Rate),2026-09-02
USA,United States,2003,cbr,14.1,World Bank WDI (Crude Birth Rate),2026-09-02
USA,United States,2002,cbr,14.0,World Bank WDI (Crude Birth Rate),2026-09-02
USA,United States,2001,cbr,14.1,World Bank WDI (Crude Birth Rate),2026-09-02
USA,United States,2000,cbr,14.4,World Bank WDI (Crude Birth Rate),2026-09-02
URY,Uruguay,2023,cbr,9.871,World Bank WDI (Crude Birth Rate),2026-09-02
URY,Uruguay,2022,cbr,9.958,World Bank WDI (Crude Birth Rate),2026-09-02
URY,Uruguay,2021,cbr,10.071,World Bank WDI (Crude Birth Rate),2026-09-02
URY,Uruguay,2020,cbr,10.41,World Bank WDI (Crude Birth Rate),2026-09-02
URY,Uruguay,2019,cbr,10.894,World Bank WDI (Crude Birth Rate),2026-09-02
URY,Uruguay,2018,cbr,11.687,World Bank WDI (Crude Birth Rate),2026-09-02
URY,Uruguay,2017,cbr,12.707,World Bank WDI (Crude Birth Rate),2026-09-02
URY,Uruguay,2016,cbr,13.726,World Bank WDI (Crude Birth Rate),2026-09-02
URY,Uruguay,2015,cbr,14.302,World Bank WDI (Crude Birth Rate),2026-09-02
URY,Uruguay,2014,cbr,14.235,World Bank WDI (Crude Birth Rate),2026-09-02
URY,Uruguay,2013,cbr,14.336,World Bank WDI (Crude Birth Rate),2026-09-02
URY,Uruguay,2012,cbr,14.208,World Bank WDI (Crude Birth Rate),2026-09-02
URY,Uruguay,2011,cbr,14.052,World Bank WDI (Crude Birth Rate),2026-09-02
URY,Uruguay,2010,cbr,14.246,World Bank WDI (Crude Birth Rate),2026-09-02
URY,Uruguay,2009,cbr,14.328,World Bank WDI (Crude Birth Rate),2026-09-02
URY,Uruguay,2008,cbr,14.449,World Bank WDI (Crude Birth Rate),2026-09-02
URY,Uruguay,2007,cbr,14.613,World Bank WDI (Crude Birth Rate),2026-09-02
URY,Uruguay,2006,cbr,14.829,World Bank WDI (Crude Birth Rate),2026-09-02
URY,Uruguay,2005,cbr,15.096,World Bank WDI (Crude Birth Rate),2026-09-02
URY,Uruguay,2004,cbr,15.078,World Bank WDI (Crude Birth Rate),2026-09-02
URY,Uruguay,2003,cbr,15.275,World Bank WDI (Crude Birth Rate),2026-09-02
URY,Uruguay,2002,cbr,15.644,World Bank WDI (Crude Birth Rate),2026-09-02
URY,Uruguay,2001,cbr,15.695,World Bank WDI (Crude Birth Rate),2026-09-02
URY,Uruguay,2000,cbr,15.952,World Bank WDI (Crude Birth Rate),2026-09-02
UZB,Uzbekistan,2023,cbr,26.465,World Bank WDI (Crude Birth Rate),2026-09-02
UZB,Uzbekistan,2022,cbr,26.524,World Bank WDI (Crude Birth Rate),2026-09-02
UZB,Uzbekistan,2021,cbr,26.45,World Bank WDI (Crude Birth Rate),2026-09-02
UZB,Uzbekistan,2020,cbr,25.634,World Bank WDI (Crude Birth Rate),2026-09-02
UZB,Uzbekistan,2019,cbr,24.722,World Bank WDI (Crude Birth Rate),2026-09-02
UZB,Uzbekistan,2018,cbr,24.007,World Bank WDI (Crude Birth Rate),2026-09-02
UZB,Uzbekistan,2017,cbr,23.196,World Bank WDI (Crude Birth Rate),2026-09-02
UZB,Uzbekistan,2016,cbr,23.513,World Bank WDI (Crude Birth Rate),2026-09-02
UZB,Uzbekistan,2015,cbr,23.982,World Bank WDI (Crude Birth Rate),2026-09-02
UZB,Uzbekistan,2014,cbr,23.846,World Bank WDI (Crude Birth Rate),2026-09-02
UZB,Uzbekistan,2013,cbr,22.989,World Bank WDI (Crude Birth Rate),2026-09-02
UZB,Uzbekistan,2012,cbr,21.959,World Bank WDI (Crude Birth Rate),2026-09-02
UZB,Uzbekistan,2011,cbr,21.929,World Bank WDI (Crude Birth Rate),2026-09-02
UZB,Uzbekistan,2010,cbr,22.449,World Bank WDI (Crude Birth Rate),2026-09-02
UZB,Uzbekistan,2009,cbr,23.144,World Bank WDI (Crude Birth Rate),2026-09-02
UZB,Uzbekistan,2008,cbr,23.155,World Bank WDI (Crude Birth Rate),2026-09-02
UZB,Uzbekistan,2007,cbr,22.233,World Bank WDI (Crude Birth Rate),2026-09-02
UZB,Uzbekistan,2006,cbr,20.919,World Bank WDI (Crude Birth Rate),2026-09-02
UZB,Uzbekistan,2005,cbr,20.404,World Bank WDI (Crude Birth Rate),2026-09-02
UZB,Uzbekistan,2004,cbr,20.605,World Bank WDI (Crude Birth Rate),2026-09-02
UZB,Uzbekistan,2003,cbr,20.464,World Bank WDI (Crude Birth Rate),2026-09-02
UZB,Uzbekistan,2002,cbr,20.901,World Bank WDI (Crude Birth Rate),2026-09-02
UZB,Uzbekistan,2001,cbr,21.097,World Bank WDI (Crude Birth Rate),2026-09-02
UZB,Uzbekistan,2000,cbr,21.737,World Bank WDI (Crude Birth Rate),2026-09-02
VUT,Vanuatu,2023,cbr,28.05,World Bank WDI (Crude Birth Rate),2026-09-02
VUT,Vanuatu,2022,cbr,28.673,World Bank WDI (Crude Birth Rate),2026-09-02
VUT,Vanuatu,2021,cbr,29.334,World Bank WDI (Crude Birth Rate),2026-09-02
VUT,Vanuatu,2020,cbr,29.941,World Bank WDI (Crude Birth Rate),2026-09-02
VUT,Vanuatu,2019,cbr,30.717,World Bank WDI (Crude Birth Rate),2026-09-02
VUT,Vanuatu,2018,cbr,31.429,World Bank WDI (Crude Birth Rate),2026-09-02
VUT,Vanuatu,2017,cbr,32.083,World Bank WDI (Crude Birth Rate),2026-09-02
VUT,Vanuatu,2016,cbr,32.506,World Bank WDI (Crude Birth Rate),2026-09-02
VUT,Vanuatu,2015,cbr,32.788,World Bank WDI (Crude Birth Rate),2026-09-02
VUT,Vanuatu,2014,cbr,33.085,World Bank WDI (Crude Birth Rate),2026-09-02
VUT,Vanuatu,2013,cbr,33.235,World Bank WDI (Crude Birth Rate),2026-09-02
VUT,Vanuatu,2012,cbr,33.172,World Bank WDI (Crude Birth Rate),2026-09-02
VUT,Vanuatu,2011,cbr,33.094,World Bank WDI (Crude Birth Rate),2026-09-02
VUT,Vanuatu,2010,cbr,32.951,World Bank WDI (Crude Birth Rate),2026-09-02
VUT,Vanuatu,2009,cbr,32.777,World Bank WDI (Crude Birth Rate),2026-09-02
VUT,Vanuatu,2008,cbr,32.495,World Bank WDI (Crude Birth Rate),2026-09-02
VUT,Vanuatu,2007,cbr,31.851,World Bank WDI (Crude Birth Rate),2026-09-02
VUT,Vanuatu,2006,cbr,31.373,World Bank WDI (Crude Birth Rate),2026-09-02
VUT,Vanuatu,2005,cbr,31.235,World Bank WDI (Crude Birth Rate),2026-09-02
VUT,Vanuatu,2004,cbr,31.408,World Bank WDI (Crude Birth Rate),2026-09-02
VUT,Vanuatu,2003,cbr,31.554,World Bank WDI (Crude Birth Rate),2026-09-02
VUT,Vanuatu,2002,cbr,31.808,World Bank WDI (Crude Birth Rate),2026-09-02
VUT,Vanuatu,2001,cbr,32.279,World Bank WDI (Crude Birth Rate),2026-09-02
VUT,Vanuatu,2000,cbr,32.312,World Bank WDI (Crude Birth Rate),2026-09-02
VEN,"Venezuela, RB",2023,cbr,15.087,World Bank WDI (Crude Birth Rate),2026-09-02
VEN,"Venezuela, RB",2022,cbr,15.025,World Bank WDI (Crude Birth Rate),2026-09-02
VEN,"Venezuela, RB",2021,cbr,15.219,World Bank WDI (Crude Birth Rate),2026-09-02
VEN,"Venezuela, RB",2020,cbr,15.542,World Bank WDI (Crude Birth Rate),2026-09-02
VEN,"Venezuela, RB",2019,cbr,16.299,World Bank WDI (Crude Birth Rate),2026-09-02
VEN,"Venezuela, RB",2018,cbr,17.33,World Bank WDI (Crude Birth Rate),2026-09-02
VEN,"Venezuela, RB",2017,cbr,17.931,World Bank WDI (Crude Birth Rate),2026-09-02
VEN,"Venezuela, RB",2016,cbr,18.262,World Bank WDI (Crude Birth Rate),2026-09-02
VEN,"Venezuela, RB",2015,cbr,18.604,World Bank WDI (Crude Birth Rate),2026-09-02
VEN,"Venezuela, RB",2014,cbr,19.055,World Bank WDI (Crude Birth Rate),2026-09-02
VEN,"Venezuela, RB",2013,cbr,19.475,World Bank WDI (Crude Birth Rate),2026-09-02
VEN,"Venezuela, RB",2012,cbr,19.94,World Bank WDI (Crude Birth Rate),2026-09-02
VEN,"Venezuela, RB",2011,cbr,20.197,World Bank WDI (Crude Birth Rate),2026-09-02
VEN,"Venezuela, RB",2010,cbr,20.276,World Bank WDI (Crude Birth Rate),2026-09-02
VEN,"Venezuela, RB",2009,cbr,20.555,World Bank WDI (Crude Birth Rate),2026-09-02
VEN,"Venezuela, RB",2008,cbr,21.058,World Bank WDI (Crude Birth Rate),2026-09-02
VEN,"Venezuela, RB",2007,cbr,21.512,World Bank WDI (Crude Birth Rate),2026-09-02
VEN,"Venezuela, RB",2006,cbr,22.104,World Bank WDI (Crude Birth Rate),2026-09-02
VEN,"Venezuela, RB",2005,cbr,22.373,World Bank WDI (Crude Birth Rate),2026-09-02
VEN,"Venezuela, RB",2004,cbr,22.42,World Bank WDI (Crude Birth Rate),2026-09-02
VEN,"Venezuela, RB",2003,cbr,22.939,World Bank WDI (Crude Birth Rate),2026-09-02
VEN,"Venezuela, RB",2002,cbr,23.282,World Bank WDI (Crude Birth Rate),2026-09-02
VEN,"Venezuela, RB",2001,cbr,23.599,World Bank WDI (Crude Birth Rate),2026-09-02
VEN,"Venezuela, RB",2000,cbr,23.681,World Bank WDI (Crude Birth Rate),2026-09-02
VNM,Viet Nam,2023,cbr,13.831,World Bank WDI (Crude Birth Rate),2026-09-02
VNM,Viet Nam,2022,cbr,14.272,World Bank WDI (Crude Birth Rate),2026-09-02
VNM,Viet Nam,2021,cbr,14.735,World Bank WDI (Crude Birth Rate),2026-09-02
VNM,Viet Nam,2020,cbr,15.234,World Bank WDI (Crude Birth Rate),2026-09-02
VNM,Viet Nam,2019,cbr,15.513,World Bank WDI (Crude Birth Rate),2026-09-02
VNM,Viet Nam,2018,cbr,15.438,World Bank WDI (Crude Birth Rate),2026-09-02
VNM,Viet Nam,2017,cbr,16.764,World Bank WDI (Crude Birth Rate),2026-09-02
VNM,Viet Nam,2016,cbr,17.313,World Bank WDI (Crude Birth Rate),2026-09-02
VNM,Viet Nam,2015,cbr,18.498,World Bank WDI (Crude Birth Rate),2026-09-02
VNM,Viet Nam,2014,cbr,18.671,World Bank WDI (Crude Birth Rate),2026-09-02
VNM,Viet Nam,2013,cbr,17.888,World Bank WDI (Crude Birth Rate),2026-09-02
VNM,Viet Nam,2012,cbr,17.892,World Bank WDI (Crude Birth Rate),2026-09-02
VNM,Viet Nam,2011,cbr,17.588,World Bank WDI (Crude Birth Rate),2026-09-02
VNM,Viet Nam,2010,cbr,17.409,World Bank WDI (Crude Birth Rate),2026-09-02
VNM,Viet Nam,2009,cbr,17.528,World Bank WDI (Crude Birth Rate),2026-09-02
VNM,Viet Nam,2008,cbr,17.664,World Bank WDI (Crude Birth Rate),2026-09-02
VNM,Viet Nam,2007,cbr,17.537,World Bank WDI (Crude Birth Rate),2026-09-02
VNM,Viet Nam,2006,cbr,17.249,World Bank WDI (Crude Birth Rate),2026-09-02
VNM,Viet Nam,2005,cbr,17.369,World Bank WDI (Crude Birth Rate),2026-09-02
VNM,Viet Nam,2004,cbr,17.996,World Bank WDI (Crude Birth Rate),2026-09-02
VNM,Viet Nam,2003,cbr,18.151,World Bank WDI (Crude Birth Rate),2026-09-02
VNM,Viet Nam,2002,cbr,18.095,World Bank WDI (Crude Birth Rate),2026-09-02
VNM,Viet Nam,2001,cbr,18.123,World Bank WDI (Crude Birth Rate),2026-09-02
VNM,Viet Nam,2000,cbr,18.018,World Bank WDI (Crude Birth Rate),2026-09-02
VIR,Virgin Islands (U.S.),2023,cbr,11.4,World Bank WDI (Crude Birth Rate),2026-09-02
VIR,Virgin Islands (U.S.),2022,cbr,11.6,World Bank WDI (Crude Birth Rate),2026-09-02
VIR,Virgin Islands (U.S.),2021,cbr,11.8,World Bank WDI (Crude Birth Rate),2026-09-02
VIR,Virgin Islands (U.S.),2020,cbr,12.1,World Bank WDI (Crude Birth Rate),2026-09-02
VIR,Virgin Islands (U.S.),2019,cbr,12.3,World Bank WDI (Crude Birth Rate),2026-09-02
VIR,Virgin Islands (U.S.),2018,cbr,12.6,World Bank WDI (Crude Birth Rate),2026-09-02
VIR,Virgin Islands (U.S.),2017,cbr,12.8,World Bank WDI (Crude Birth Rate),2026-09-02
VIR,Virgin Islands (U.S.),2016,cbr,13.0,World Bank WDI (Crude Birth Rate),2026-09-02
VIR,Virgin Islands (U.S.),2015,cbr,13.2,World Bank WDI (Crude Birth Rate),2026-09-02
VIR,Virgin Islands (U.S.),2014,cbr,13.2,World Bank WDI (Crude Birth Rate),2026-09-02
VIR,Virgin Islands (U.S.),2013,cbr,13.1,World Bank WDI (Crude Birth Rate),2026-09-02
VIR,Virgin Islands (U.S.),2012,cbr,13.1,World Bank WDI (Crude Birth Rate),2026-09-02
VIR,Virgin Islands (U.S.),2011,cbr,13.8,World Bank WDI (Crude Birth Rate),2026-09-02
VIR,Virgin Islands (U.S.),2010,cbr,14.8,World Bank WDI (Crude Birth Rate),2026-09-02
VIR,Virgin Islands (U.S.),2009,cbr,15.3,World Bank WDI (Crude Birth Rate),2026-09-02
VIR,Virgin Islands (U.S.),2008,cbr,15.8,World Bank WDI (Crude Birth Rate),2026-09-02
VIR,Virgin Islands (U.S.),2007,cbr,16.4,World Bank WDI (Crude Birth Rate),2026-09-02
VIR,Virgin Islands (U.S.),2006,cbr,13.2,World Bank WDI (Crude Birth Rate),2026-09-02
VIR,Virgin Islands (U.S.),2005,cbr,14.8,World Bank WDI (Crude Birth Rate),2026-09-02
VIR,Virgin Islands (U.S.),2004,cbr,14.5,World Bank WDI (Crude Birth Rate),2026-09-02
VIR,Virgin Islands (U.S.),2003,cbr,14.0,World Bank WDI (Crude Birth Rate),2026-09-02
VIR,Virgin Islands (U.S.),2002,cbr,15.1,World Bank WDI (Crude Birth Rate),2026-09-02
VIR,Virgin Islands (U.S.),2001,cbr,13.1,World Bank WDI (Crude Birth Rate),2026-09-02
VIR,Virgin Islands (U.S.),2000,cbr,14.4,World Bank WDI (Crude Birth Rate),2026-09-02
PSE,West Bank and Gaza,2023,cbr,27.062,World Bank WDI (Crude Birth Rate),2026-09-02
PSE,West Bank and Gaza,2022,cbr,27.575,World Bank WDI (Crude Birth Rate),2026-09-02
PSE,West Bank and Gaza,2021,cbr,28.225,World Bank WDI (Crude Birth Rate),2026-09-02
PSE,West Bank and Gaza,2020,cbr,28.877,World Bank WDI (Crude Birth Rate),2026-09-02
PSE,West Bank and Gaza,2019,cbr,29.708,World Bank WDI (Crude Birth Rate),2026-09-02
PSE,West Bank and Gaza,2018,cbr,30.529,World Bank WDI (Crude Birth Rate),2026-09-02
PSE,West Bank and Gaza,2017,cbr,31.432,World Bank WDI (Crude Birth Rate),2026-09-02
PSE,West Bank and Gaza,2016,cbr,32.274,World Bank WDI (Crude Birth Rate),2026-09-02
PSE,West Bank and Gaza,2015,cbr,32.87,World Bank WDI (Crude Birth Rate),2026-09-02
PSE,West Bank and Gaza,2014,cbr,32.782,World Bank WDI (Crude Birth Rate),2026-09-02
PSE,West Bank and Gaza,2013,cbr,32.9,World Bank WDI (Crude Birth Rate),2026-09-02
PSE,West Bank and Gaza,2012,cbr,33.371,World Bank WDI (Crude Birth Rate),2026-09-02
PSE,West Bank and Gaza,2011,cbr,34.083,World Bank WDI (Crude Birth Rate),2026-09-02
PSE,West Bank and Gaza,2010,cbr,34.543,World Bank WDI (Crude Birth Rate),2026-09-02
PSE,West Bank and Gaza,2009,cbr,34.019,World Bank WDI (Crude Birth Rate),2026-09-02
PSE,West Bank and Gaza,2008,cbr,33.887,World Bank WDI (Crude Birth Rate),2026-09-02
PSE,West Bank and Gaza,2007,cbr,35.855,World Bank WDI (Crude Birth Rate),2026-09-02
PSE,West Bank and Gaza,2006,cbr,36.7,World Bank WDI (Crude Birth Rate),2026-09-02
PSE,West Bank and Gaza,2005,cbr,37.3,World Bank WDI (Crude Birth Rate),2026-09-02
PSE,West Bank and Gaza,2004,cbr,38.1,World Bank WDI (Crude Birth Rate),2026-09-02
PSE,West Bank and Gaza,2003,cbr,38.8,World Bank WDI (Crude Birth Rate),2026-09-02
PSE,West Bank and Gaza,2002,cbr,39.6,World Bank WDI (Crude Birth Rate),2026-09-02
PSE,West Bank and Gaza,2001,cbr,40.2,World Bank WDI (Crude Birth Rate),2026-09-02
PSE,West Bank and Gaza,2000,cbr,40.9,World Bank WDI (Crude Birth Rate),2026-09-02
YEM,"Yemen, Rep.",2023,cbr,35.209,World Bank WDI (Crude Birth Rate),2026-09-02
YEM,"Yemen, Rep.",2022,cbr,35.407,World Bank WDI (Crude Birth Rate),2026-09-02
YEM,"Yemen, Rep.",2021,cbr,35.668,World Bank WDI (Crude Birth Rate),2026-09-02
YEM,"Yemen, Rep.",2020,cbr,35.895,World Bank WDI (Crude Birth Rate),2026-09-02
YEM,"Yemen, Rep.",2019,cbr,35.947,World Bank WDI (Crude Birth Rate),2026-09-02
YEM,"Yemen, Rep.",2018,cbr,36.046,World Bank WDI (Crude Birth Rate),2026-09-02
YEM,"Yemen, Rep.",2017,cbr,36.067,World Bank WDI (Crude Birth Rate),2026-09-02
YEM,"Yemen, Rep.",2016,cbr,36.034,World Bank WDI (Crude Birth Rate),2026-09-02
YEM,"Yemen, Rep.",2015,cbr,35.938,World Bank WDI (Crude Birth Rate),2026-09-02
YEM,"Yemen, Rep.",2014,cbr,35.738,World Bank WDI (Crude Birth Rate),2026-09-02
YEM,"Yemen, Rep.",2013,cbr,35.483,World Bank WDI (Crude Birth Rate),2026-09-02
YEM,"Yemen, Rep.",2012,cbr,35.166,World Bank WDI (Crude Birth Rate),2026-09-02
YEM,"Yemen, Rep.",2011,cbr,34.708,World Bank WDI (Crude Birth Rate),2026-09-02
YEM,"Yemen, Rep.",2010,cbr,35.609,World Bank WDI (Crude Birth Rate),2026-09-02
YEM,"Yemen, Rep.",2009,cbr,36.561,World Bank WDI (Crude Birth Rate),2026-09-02
YEM,"Yemen, Rep.",2008,cbr,36.918,World Bank WDI (Crude Birth Rate),2026-09-02
YEM,"Yemen, Rep.",2007,cbr,37.529,World Bank WDI (Crude Birth Rate),2026-09-02
YEM,"Yemen, Rep.",2006,cbr,38.152,World Bank WDI (Crude Birth Rate),2026-09-02
YEM,"Yemen, Rep.",2005,cbr,38.39,World Bank WDI (Crude Birth Rate),2026-09-02
YEM,"Yemen, Rep.",2004,cbr,38.911,World Bank WDI (Crude Birth Rate),2026-09-02
YEM,"Yemen, Rep.",2003,cbr,39.37,World Bank WDI (Crude Birth Rate),2026-09-02
YEM,"Yemen, Rep.",2002,cbr,39.579,World Bank WDI (Crude Birth Rate),2026-09-02
YEM,"Yemen, Rep.",2001,cbr,40.164,World Bank WDI (Crude Birth Rate),2026-09-02
YEM,"Yemen, Rep.",2000,cbr,40.859,World Bank WDI (Crude Birth Rate),2026-09-02
ZMB,Zambia,2023,cbr,33.081,World Bank WDI (Crude Birth Rate),2026-09-02
ZMB,Zambia,2022,cbr,33.542,World Bank WDI (Crude Birth Rate),2026-09-02
ZMB,Zambia,2021,cbr,33.93,World Bank WDI (Crude Birth Rate),2026-09-02
ZMB,Zambia,2020,cbr,34.408,World Bank WDI (Crude Birth Rate),2026-09-02
ZMB,Zambia,2019,cbr,35.006,World Bank WDI (Crude Birth Rate),2026-09-02
ZMB,Zambia,2018,cbr,35.464,World Bank WDI (Crude Birth Rate),2026-09-02
ZMB,Zambia,2017,cbr,35.938,World Bank WDI (Crude Birth Rate),2026-09-02
ZMB,Zambia,2016,cbr,36.617,World Bank WDI (Crude Birth Rate),2026-09-02
ZMB,Zambia,2015,cbr,37.344,World Bank WDI (Crude Birth Rate),2026-09-02
ZMB,Zambia,2014,cbr,38.114,World Bank WDI (Crude Birth Rate),2026-09-02
ZMB,Zambia,2013,cbr,38.983,World Bank WDI (Crude Birth Rate),2026-09-02
ZMB,Zambia,2012,cbr,39.864,World Bank WDI (Crude Birth Rate),2026-09-02
ZMB,Zambia,2011,cbr,40.661,World Bank WDI (Crude Birth Rate),2026-09-02
ZMB,Zambia,2010,cbr,41.393,World Bank WDI (Crude Birth Rate),2026-09-02
ZMB,Zambia,2009,cbr,42.034,World Bank WDI (Crude Birth Rate),2026-09-02
ZMB,Zambia,2008,cbr,42.632,World Bank WDI (Crude Birth Rate),2026-09-02
ZMB,Zambia,2007,cbr,43.178,World Bank WDI (Crude Birth Rate),2026-09-02
ZMB,Zambia,2006,cbr,43.681,World Bank WDI (Crude Birth Rate),2026-09-02
ZMB,Zambia,2005,cbr,43.838,World Bank WDI (Crude Birth Rate),2026-09-02
ZMB,Zambia,2004,cbr,43.921,World Bank WDI (Crude Birth Rate),2026-09-02
ZMB,Zambia,2003,cbr,43.945,World Bank WDI (Crude Birth Rate),2026-09-02
ZMB,Zambia,2002,cbr,44.332,World Bank WDI (Crude Birth Rate),2026-09-02
ZMB,Zambia,2001,cbr,44.774,World Bank WDI (Crude Birth Rate),2026-09-02
ZMB,Zambia,2000,cbr,45.465,World Bank WDI (Crude Birth Rate),2026-09-02
ZWE,Zimbabwe,2023,cbr,30.41,World Bank WDI (Crude Birth Rate),2026-09-02
ZWE,Zimbabwe,2022,cbr,30.882,World Bank WDI (Crude Birth Rate),2026-09-02
ZWE,Zimbabwe,2021,cbr,30.932,World Bank WDI (Crude Birth Rate),2026-09-02
ZWE,Zimbabwe,2020,cbr,30.988,World Bank WDI (Crude Birth Rate),2026-09-02
ZWE,Zimbabwe,2019,cbr,31.121,World Bank WDI (Crude Birth Rate),2026-09-02
ZWE,Zimbabwe,2018,cbr,31.327,World Bank WDI (Crude Birth Rate),2026-09-02
ZWE,Zimbabwe,2017,cbr,31.813,World Bank WDI (Crude Birth Rate),2026-09-02
ZWE,Zimbabwe,2016,cbr,32.704,World Bank WDI (Crude Birth Rate),2026-09-02
ZWE,Zimbabwe,2015,cbr,33.918,World Bank WDI (Crude Birth Rate),2026-09-02
ZWE,Zimbabwe,2014,cbr,35.407,World Bank WDI (Crude Birth Rate),2026-09-02
ZWE,Zimbabwe,2013,cbr,36.975,World Bank WDI (Crude Birth Rate),2026-09-02
ZWE,Zimbabwe,2012,cbr,37.805,World Bank WDI (Crude Birth Rate),2026-09-02
ZWE,Zimbabwe,2011,cbr,38.142,World Bank WDI (Crude Birth Rate),2026-09-02
ZWE,Zimbabwe,2010,cbr,37.869,World Bank WDI (Crude Birth Rate),2026-09-02
ZWE,Zimbabwe,2009,cbr,37.518,World Bank WDI (Crude Birth Rate),2026-09-02
ZWE,Zimbabwe,2008,cbr,36.361,World Bank WDI (Crude Birth Rate),2026-09-02
ZWE,Zimbabwe,2007,cbr,35.651,World Bank WDI (Crude Birth Rate),2026-09-02
ZWE,Zimbabwe,2006,cbr,35.203,World Bank WDI (Crude Birth Rate),2026-09-02
ZWE,Zimbabwe,2005,cbr,35.803,World Bank WDI (Crude Birth Rate),2026-09-02
ZWE,Zimbabwe,2004,cbr,36.326,World Bank WDI (Crude Birth Rate),2026-09-02
ZWE,Zimbabwe,2003,cbr,36.613,World Bank WDI (Crude Birth Rate),2026-09-02
ZWE,Zimbabwe,2002,cbr,36.539,World Bank WDI (Crude Birth Rate),2026-09-02
ZWE,Zimbabwe,2001,cbr,36.463,World Bank WDI (Crude Birth Rate),2026-09-02
ZWE,Zimbabwe,2000,cbr,36.128,World Bank WDI (Crude Birth Rate),2026-09-02
