country_code,country_name,year,indicator_name,value,source,retrieved_date
AFG,Afghanistan,2023,gdp_per_capita,413.757894705303,World Bank WDI,2026-09-02
AFG,Afghanistan,2022,gdp_per_capita,357.261152798144,World Bank WDI,2026-09-02
AFG,Afghanistan,2021,gdp_per_capita,356.496214115892,World Bank WDI,2026-09-02
AFG,Afghanistan,2020,gdp_per_capita,510.787063366811,World Bank WDI,2026-09-02
AFG,Afghanistan,2019,gdp_per_capita,496.6025042585,World Bank WDI,2026-09-02
AFG,Afghanistan,2018,gdp_per_capita,491.337221382603,World Bank WDI,2026-09-02
AFG,Afghanistan,2017,gdp_per_capita,525.469770891619,World Bank WDI,2026-09-02
AFG,Afghanistan,2016,gdp_per_capita,522.082215583898,World Bank WDI,2026-09-02
AFG,Afghanistan,2015,gdp_per_capita,565.569730408751,World Bank WDI,2026-09-02
AFG,Afghanistan,2014,gdp_per_capita,625.054941813938,World Bank WDI,2026-09-02
AFG,Afghanistan,2013,gdp_per_capita,637.087099117099,World Bank WDI,2026-09-02
AFG,Afghanistan,2012,gdp_per_capita,651.417134470046,World Bank WDI,2026-09-02
AFG,Afghanistan,2011,gdp_per_capita,606.694676337726,World Bank WDI,2026-09-02
AFG,Afghanistan,2010,gdp_per_capita,560.621505463146,World Bank WDI,2026-09-02
AFG,Afghanistan,2009,gdp_per_capita,452.053705477043,World Bank WDI,2026-09-02
AFG,Afghanistan,2008,gdp_per_capita,381.73323802844,World Bank WDI,2026-09-02
AFG,Afghanistan,2007,gdp_per_capita,376.223152003876,World Bank WDI,2026-09-02
AFG,Afghanistan,2006,gdp_per_capita,274.218553561575,World Bank WDI,2026-09-02
AFG,Afghanistan,2005,gdp_per_capita,254.184249149336,World Bank WDI,2026-09-02
AFG,Afghanistan,2004,gdp_per_capita,221.763653873013,World Bank WDI,2026-09-02
AFG,Afghanistan,2003,gdp_per_capita,198.871115728727,World Bank WDI,2026-09-02
AFG,Afghanistan,2002,gdp_per_capita,178.954088379235,World Bank WDI,2026-09-02
AFG,Afghanistan,2001,gdp_per_capita,138.706821676113,World Bank WDI,2026-09-02
AFG,Afghanistan,2000,gdp_per_capita,174.930991430166,World Bank WDI,2026-09-02
ALB,Albania,2023,gdp_per_capita,9740.7023414631,World Bank WDI,2026-09-02
ALB,Albania,2022,gdp_per_capita,7756.96188744253,World Bank WDI,2026-09-02
ALB,Albania,2021,gdp_per_capita,7242.45513146613,World Bank WDI,2026-09-02
ALB,Albania,2020,gdp_per_capita,6027.91350716348,World Bank WDI,2026-09-02
ALB,Albania,2019,gdp_per_capita,6069.43903131027,World Bank WDI,2026-09-02
ALB,Albania,2018,gdp_per_capita,5897.65452588774,World Bank WDI,2026-09-02
ALB,Albania,2017,gdp_per_capita,5006.36012951959,World Bank WDI,2026-09-02
ALB,Albania,2016,gdp_per_capita,4457.63412207495,World Bank WDI,2026-09-02
ALB,Albania,2015,gdp_per_capita,4199.53912925398,World Bank WDI,2026-09-02
ALB,Albania,2014,gdp_per_capita,4793.59751131525,World Bank WDI,2026-09-02
ALB,Albania,2013,gdp_per_capita,4542.92903556739,World Bank WDI,2026-09-02
ALB,Albania,2012,gdp_per_capita,4280.93316338873,World Bank WDI,2026-09-02
ALB,Albania,2011,gdp_per_capita,4465.70914328865,World Bank WDI,2026-09-02
ALB,Albania,2010,gdp_per_capita,4149.14469936847,World Bank WDI,2026-09-02
ALB,Albania,2009,gdp_per_capita,4213.65007574693,World Bank WDI,2026-09-02
ALB,Albania,2008,gdp_per_capita,4498.50486763601,World Bank WDI,2026-09-02
ALB,Albania,2007,gdp_per_capita,3743.05529896187,World Bank WDI,2026-09-02
ALB,Albania,2006,gdp_per_capita,3057.77257038113,World Bank WDI,2026-09-02
ALB,Albania,2005,gdp_per_capita,2741.72136549578,World Bank WDI,2026-09-02
ALB,Albania,2004,gdp_per_capita,2446.90949947798,World Bank WDI,2026-09-02
ALB,Albania,2003,gdp_per_capita,1908.69900687608,World Bank WDI,2026-09-02
ALB,Albania,2002,gdp_per_capita,1479.83884572006,World Bank WDI,2026-09-02
ALB,Albania,2001,gdp_per_capita,1326.41652388077,World Bank WDI,2026-09-02
ALB,Albania,2000,gdp_per_capita,1160.42047054038,World Bank WDI,2026-09-02
DZA,Algeria,2023,gdp_per_capita,5370.477235078,World Bank WDI,2026-09-02
DZA,Algeria,2022,gdp_per_capita,4960.30334332888,World Bank WDI,2026-09-02
DZA,Algeria,2021,gdp_per_capita,4160.55926736925,World Bank WDI,2026-09-02
DZA,Algeria,2020,gdp_per_capita,3743.5419522929,World Bank WDI,2026-09-02
DZA,Algeria,2019,gdp_per_capita,4468.45341883656,World Bank WDI,2026-09-02
DZA,Algeria,2018,gdp_per_capita,4577.21029180491,World Bank WDI,2026-09-02
DZA,Algeria,2017,gdp_per_capita,4554.66753957828,World Bank WDI,2026-09-02
DZA,Algeria,2016,gdp_per_capita,4424.98529027556,World Bank WDI,2026-09-02
DZA,Algeria,2015,gdp_per_capita,4685.05902729002,World Bank WDI,2026-09-02
DZA,Algeria,2014,gdp_per_capita,6094.69392314956,World Bank WDI,2026-09-02
DZA,Algeria,2013,gdp_per_capita,5979.60138960585,World Bank WDI,2026-09-02
DZA,Algeria,2012,gdp_per_capita,6033.64884689543,World Bank WDI,2026-09-02
DZA,Algeria,2011,gdp_per_capita,5916.31364364343,World Bank WDI,2026-09-02
DZA,Algeria,2010,gdp_per_capita,4912.78585503672,World Bank WDI,2026-09-02
DZA,Algeria,2009,gdp_per_capita,4235.42990456612,World Bank WDI,2026-09-02
DZA,Algeria,2008,gdp_per_capita,5180.91881514686,World Bank WDI,2026-09-02
DZA,Algeria,2007,gdp_per_capita,4167.45169937531,World Bank WDI,2026-09-02
DZA,Algeria,2006,gdp_per_capita,3660.66104745322,World Bank WDI,2026-09-02
DZA,Algeria,2005,gdp_per_capita,3233.13339634212,World Bank WDI,2026-09-02
DZA,Algeria,2004,gdp_per_capita,2816.99384960555,World Bank WDI,2026-09-02
DZA,Algeria,2003,gdp_per_capita,2283.77299346126,World Bank WDI,2026-09-02
DZA,Algeria,2002,gdp_per_capita,1937.46411413019,World Bank WDI,2026-09-02
DZA,Algeria,2001,gdp_per_capita,1896.30020878013,World Bank WDI,2026-09-02
DZA,Algeria,2000,gdp_per_capita,1772.92869122761,World Bank WDI,2026-09-02
ASM,American Samoa,2022,gdp_per_capita,18017.4589383973,World Bank WDI,2026-09-02
ASM,American Samoa,2021,gdp_per_capita,15236.1604875571,World Bank WDI,2026-09-02
ASM,American Samoa,2020,gdp_per_capita,14489.2586563775,World Bank WDI,2026-09-02
ASM,American Samoa,2019,gdp_per_capita,12886.1359517218,World Bank WDI,2026-09-02
ASM,American Samoa,2018,gdp_per_capita,12552.0546868861,World Bank WDI,2026-09-02
ASM,American Samoa,2017,gdp_per_capita,11863.6839452565,World Bank WDI,2026-09-02
ASM,American Samoa,2016,gdp_per_capita,12843.3342903627,World Bank WDI,2026-09-02
ASM,American Samoa,2015,gdp_per_capita,12727.4102651386,World Bank WDI,2026-09-02
ASM,American Samoa,2014,gdp_per_capita,12026.3344929488,World Bank WDI,2026-09-02
ASM,American Samoa,2013,gdp_per_capita,11813.5022034589,World Bank WDI,2026-09-02
ASM,American Samoa,2012,gdp_per_capita,11745.4899153958,World Bank WDI,2026-09-02
ASM,American Samoa,2011,gdp_per_capita,10383.459331451,World Bank WDI,2026-09-02
ASM,American Samoa,2010,gdp_per_capita,10375.1720141957,World Bank WDI,2026-09-02
ASM,American Samoa,2009,gdp_per_capita,12156.0293905777,World Bank WDI,2026-09-02
ASM,American Samoa,2008,gdp_per_capita,10030.8089130902,World Bank WDI,2026-09-02
ASM,American Samoa,2007,gdp_per_capita,9231.37240924563,World Bank WDI,2026-09-02
ASM,American Samoa,2006,gdp_per_capita,8745.16621137404,World Bank WDI,2026-09-02
ASM,American Samoa,2005,gdp_per_capita,8831.26975996609,World Bank WDI,2026-09-02
ASM,American Samoa,2004,gdp_per_capita,8958.42866697173,World Bank WDI,2026-09-02
ASM,American Samoa,2003,gdp_per_capita,9197.66196836987,World Bank WDI,2026-09-02
ASM,American Samoa,2002,gdp_per_capita,8972.69636535698,World Bank WDI,2026-09-02
AND,Andorra,2023,gdp_per_capita,46812.448450114,World Bank WDI,2026-09-02
AND,Andorra,2022,gdp_per_capita,42414.0590111349,World Bank WDI,2026-09-02
AND,Andorra,2021,gdp_per_capita,42425.6996761083,World Bank WDI,2026-09-02
AND,Andorra,2020,gdp_per_capita,37361.090067211,World Bank WDI,2026-09-02
AND,Andorra,2019,gdp_per_capita,41257.8045861543,World Bank WDI,2026-09-02
AND,Andorra,2018,gdp_per_capita,42819.774579353,World Bank WDI,2026-09-02
AND,Andorra,2017,gdp_per_capita,40672.9943362327,World Bank WDI,2026-09-02
AND,Andorra,2016,gdp_per_capita,40129.8192026671,World Bank WDI,2026-09-02
AND,Andorra,2015,gdp_per_capita,38654.9347217207,World Bank WDI,2026-09-02
AND,Andorra,2014,gdp_per_capita,44369.6596894579,World Bank WDI,2026-09-02
AND,Andorra,2013,gdp_per_capita,42470.3161158563,World Bank WDI,2026-09-02
AND,Andorra,2012,gdp_per_capita,41500.5435782722,World Bank WDI,2026-09-02
AND,Andorra,2011,gdp_per_capita,46657.1561204071,World Bank WDI,2026-09-02
AND,Andorra,2010,gdp_per_capita,42746.830952263,World Bank WDI,2026-09-02
AND,Andorra,2009,gdp_per_capita,43975.0183658196,World Bank WDI,2026-09-02
AND,Andorra,2008,gdp_per_capita,49132.5157047203,World Bank WDI,2026-09-02
AND,Andorra,2007,gdp_per_capita,48336.2283340364,World Bank WDI,2026-09-02
AND,Andorra,2006,gdp_per_capita,43467.210990395,World Bank WDI,2026-09-02
AND,Andorra,2005,gdp_per_capita,40829.801878928,World Bank WDI,2026-09-02
AND,Andorra,2004,gdp_per_capita,39021.1278078772,World Bank WDI,2026-09-02
AND,Andorra,2003,gdp_per_capita,34063.5784040571,World Bank WDI,2026-09-02
AND,Andorra,2002,gdp_per_capita,26528.1301571494,World Bank WDI,2026-09-02
AND,Andorra,2001,gdp_per_capita,23511.2951466328,World Bank WDI,2026-09-02
AND,Andorra,2000,gdp_per_capita,21810.2487426174,World Bank WDI,2026-09-02
AGO,Angola,2023,gdp_per_capita,2885.51349130806,World Bank WDI,2026-09-02
AGO,Angola,2022,gdp_per_capita,3598.53669077341,World Bank WDI,2026-09-02
AGO,Angola,2021,gdp_per_capita,2266.96834861584,World Bank WDI,2026-09-02
AGO,Angola,2020,gdp_per_capita,1749.1794838482,World Bank WDI,2026-09-02
AGO,Angola,2019,gdp_per_capita,2507.86807213642,World Bank WDI,2026-09-02
AGO,Angola,2018,gdp_per_capita,2891.83032378747,World Bank WDI,2026-09-02
AGO,Angola,2017,gdp_per_capita,2832.14997950512,World Bank WDI,2026-09-02
AGO,Angola,2016,gdp_per_capita,2082.37343594705,World Bank WDI,2026-09-02
AGO,Angola,2015,gdp_per_capita,3641.72893920253,World Bank WDI,2026-09-02
AGO,Angola,2014,gdp_per_capita,5649.68762467535,World Bank WDI,2026-09-02
AGO,Angola,2013,gdp_per_capita,5688.57916213471,World Bank WDI,2026-09-02
AGO,Angola,2012,gdp_per_capita,5702.45306277434,World Bank WDI,2026-09-02
AGO,Angola,2011,gdp_per_capita,5184.15269151846,World Bank WDI,2026-09-02
AGO,Angola,2010,gdp_per_capita,4101.63715564669,World Bank WDI,2026-09-02
AGO,Angola,2009,gdp_per_capita,3645.14846565169,World Bank WDI,2026-09-02
AGO,Angola,2008,gdp_per_capita,4578.15526451058,World Bank WDI,2026-09-02
AGO,Angola,2007,gdp_per_capita,3515.05678985496,World Bank WDI,2026-09-02
AGO,Angola,2006,gdp_per_capita,2930.44428606516,World Bank WDI,2026-09-02
AGO,Angola,2005,gdp_per_capita,2145.88621098663,World Bank WDI,2026-09-02
AGO,Angola,2004,gdp_per_capita,1451.47117870872,World Bank WDI,2026-09-02
AGO,Angola,2003,gdp_per_capita,1133.66331960414,World Bank WDI,2026-09-02
AGO,Angola,2002,gdp_per_capita,999.065855956628,World Bank WDI,2026-09-02
AGO,Angola,2001,gdp_per_capita,533.586202412447,World Bank WDI,2026-09-02
AGO,Angola,2000,gdp_per_capita,563.733795571487,World Bank WDI,2026-09-02
ATG,Antigua and Barbuda,2023,gdp_per_capita,22012.2625947994,World Bank WDI,2026-09-02
ATG,Antigua and Barbuda,2022,gdp_per_capita,20003.3909394099,World Bank WDI,2026-09-02
ATG,Antigua and Barbuda,2021,gdp_per_capita,17348.6006987182,World Bank WDI,2026-09-02
ATG,Antigua and Barbuda,2020,gdp_per_capita,15369.6082250401,World Bank WDI,2026-09-02
ATG,Antigua and Barbuda,2019,gdp_per_capita,18896.3721832248,World Bank WDI,2026-09-02
ATG,Antigua and Barbuda,2018,gdp_per_capita,18273.4270684912,World Bank WDI,2026-09-02
ATG,Antigua and Barbuda,2017,gdp_per_capita,16965.7288273816,World Bank WDI,2026-09-02
ATG,Antigua and Barbuda,2016,gdp_per_capita,16556.8551801588,World Bank WDI,2026-09-02
ATG,Antigua and Barbuda,2015,gdp_per_capita,16077.6340769406,World Bank WDI,2026-09-02
ATG,Antigua and Barbuda,2014,gdp_per_capita,15532.1062063584,World Bank WDI,2026-09-02
ATG,Antigua and Barbuda,2013,gdp_per_capita,15051.5113587425,World Bank WDI,2026-09-02
ATG,Antigua and Barbuda,2012,gdp_per_capita,15639.8078114787,World Bank WDI,2026-09-02
ATG,Antigua and Barbuda,2011,gdp_per_capita,14911.7275084471,World Bank WDI,2026-09-02
ATG,Antigua and Barbuda,2010,gdp_per_capita,15217.3950790922,World Bank WDI,2026-09-02
ATG,Antigua and Barbuda,2009,gdp_per_capita,16472.2478528568,World Bank WDI,2026-09-02
ATG,Antigua and Barbuda,2008,gdp_per_capita,18786.6743142216,World Bank WDI,2026-09-02
ATG,Antigua and Barbuda,2007,gdp_per_capita,18204.5124043068,World Bank WDI,2026-09-02
ATG,Antigua and Barbuda,2006,gdp_per_capita,16173.8136329968,World Bank WDI,2026-09-02
ATG,Antigua and Barbuda,2005,gdp_per_capita,14368.5708796058,World Bank WDI,2026-09-02
ATG,Antigua and Barbuda,2004,gdp_per_capita,13037.8895772257,World Bank WDI,2026-09-02
ATG,Antigua and Barbuda,2003,gdp_per_capita,12173.2319860305,World Bank WDI,2026-09-02
ATG,Antigua and Barbuda,2002,gdp_per_capita,11658.6949915956,World Bank WDI,2026-09-02
ATG,Antigua and Barbuda,2001,gdp_per_capita,11539.1825063308,World Bank WDI,2026-09-02
ATG,Antigua and Barbuda,2000,gdp_per_capita,12027.4949768222,World Bank WDI,2026-09-02
ARG,Argentina,2023,gdp_per_capita,14261.8465667948,World Bank WDI,2026-09-02
ARG,Argentina,2022,gdp_per_capita,13962.1894087223,World Bank WDI,2026-09-02
ARG,Argentina,2021,gdp_per_capita,10738.0179223384,World Bank WDI,2026-09-02
ARG,Argentina,2020,gdp_per_capita,8535.59938004389,World Bank WDI,2026-09-02
ARG,Argentina,2019,gdp_per_capita,9955.97478680428,World Bank WDI,2026-09-02
ARG,Argentina,2018,gdp_per_capita,11752.7998922979,World Bank WDI,2026-09-02
ARG,Argentina,2017,gdp_per_capita,14532.5009308511,World Bank WDI,2026-09-02
ARG,Argentina,2016,gdp_per_capita,12699.9623137756,World Bank WDI,2026-09-02
ARG,Argentina,2015,gdp_per_capita,13679.6264980954,World Bank WDI,2026-09-02
ARG,Argentina,2014,gdp_per_capita,12233.1444119186,World Bank WDI,2026-09-02
ARG,Argentina,2013,gdp_per_capita,12963.675773326,World Bank WDI,2026-09-02
ARG,Argentina,2012,gdp_per_capita,12949.717486654,World Bank WDI,2026-09-02
ARG,Argentina,2011,gdp_per_capita,12704.2831819684,World Bank WDI,2026-09-02
ARG,Argentina,2010,gdp_per_capita,10260.1313108254,World Bank WDI,2026-09-02
ARG,Argentina,2009,gdp_per_capita,8150.23527028221,World Bank WDI,2026-09-02
ARG,Argentina,2008,gdp_per_capita,8944.1102657357,World Bank WDI,2026-09-02
ARG,Argentina,2007,gdp_per_capita,7185.25155147027,World Bank WDI,2026-09-02
ARG,Argentina,2006,gdp_per_capita,5869.38028970204,World Bank WDI,2026-09-02
ARG,Argentina,2005,gdp_per_capita,5067.65342293276,World Bank WDI,2026-09-02
ARG,Argentina,2004,gdp_per_capita,4242.02099089422,World Bank WDI,2026-09-02
ARG,Argentina,2003,gdp_per_capita,3320.47775133903,World Bank WDI,2026-09-02
ARG,Argentina,2002,gdp_per_capita,2569.69963519124,World Bank WDI,2026-09-02
ARG,Argentina,2001,gdp_per_capita,7141.47507662826,World Bank WDI,2026-09-02
ARG,Argentina,2000,gdp_per_capita,7637.01489203628,World Bank WDI,2026-09-02
ARM,Armenia,2023,gdp_per_capita,8159.08720967996,World Bank WDI,2026-09-02
ARM,Armenia,2022,gdp_per_capita,6571.97445545099,World Bank WDI,2026-09-02
ARM,Armenia,2021,gdp_per_capita,4685.17997128509,World Bank WDI,2026-09-02
ARM,Armenia,2020,gdp_per_capita,4268.68093304583,World Bank WDI,2026-09-02
ARM,Armenia,2019,gdp_per_capita,4597.22887399548,World Bank WDI,2026-09-02
ARM,Armenia,2018,gdp_per_capita,4196.00562301769,World Bank WDI,2026-09-02
ARM,Armenia,2017,gdp_per_capita,3869.05373867752,World Bank WDI,2026-09-02
ARM,Armenia,2016,gdp_per_capita,3524.42476874707,World Bank WDI,2026-09-02
ARM,Armenia,2015,gdp_per_capita,3512.39350276709,World Bank WDI,2026-09-02
ARM,Armenia,2014,gdp_per_capita,3852.11800610384,World Bank WDI,2026-09-02
ARM,Armenia,2013,gdp_per_capita,3680.16692158886,World Bank WDI,2026-09-02
ARM,Armenia,2012,gdp_per_capita,3511.56399687426,World Bank WDI,2026-09-02
ARM,Armenia,2011,gdp_per_capita,3349.55309771906,World Bank WDI,2026-09-02
ARM,Armenia,2010,gdp_per_capita,3041.34450723339,World Bank WDI,2026-09-02
ARM,Armenia,2009,gdp_per_capita,2820.5926553347,World Bank WDI,2026-09-02
ARM,Armenia,2008,gdp_per_capita,3777.66859313767,World Bank WDI,2026-09-02
ARM,Armenia,2007,gdp_per_capita,2962.70234594569,World Bank WDI,2026-09-02
ARM,Armenia,2006,gdp_per_capita,2041.65267068997,World Bank WDI,2026-09-02
ARM,Armenia,2005,gdp_per_capita,1557.48458908655,World Bank WDI,2026-09-02
ARM,Armenia,2004,gdp_per_capita,1130.08791444158,World Bank WDI,2026-09-02
ARM,Armenia,2003,gdp_per_capita,882.030167695474,World Bank WDI,2026-09-02
ARM,Armenia,2002,gdp_per_capita,742.651118319819,World Bank WDI,2026-09-02
ARM,Armenia,2001,gdp_per_capita,659.588988535629,World Bank WDI,2026-09-02
ARM,Armenia,2000,gdp_per_capita,593.450581742282,World Bank WDI,2026-09-02
ABW,Aruba,2023,gdp_per_capita,34897.6183932009,World Bank WDI,2026-09-02
ABW,Aruba,2022,gdp_per_capita,31000.5713798732,World Bank WDI,2026-09-02
ABW,Aruba,2021,gdp_per_capita,26827.3447869986,World Bank WDI,2026-09-02
ABW,Aruba,2020,gdp_per_capita,22664.3709949437,World Bank WDI,2026-09-02
ABW,Aruba,2019,gdp_per_capita,30654.4851235397,World Bank WDI,2026-09-02
ABW,Aruba,2018,gdp_per_capita,30082.1584226798,World Bank WDI,2026-09-02
ABW,Aruba,2017,gdp_per_capita,28440.0416881491,World Bank WDI,2026-09-02
ABW,Aruba,2016,gdp_per_capita,27441.5502144601,World Bank WDI,2026-09-02
ABW,Aruba,2015,gdp_per_capita,27458.2201537506,World Bank WDI,2026-09-02
ABW,Aruba,2014,gdp_per_capita,26129.8390617693,World Bank WDI,2026-09-02
ABW,Aruba,2013,gdp_per_capita,25813.5714408438,World Bank WDI,2026-09-02
ABW,Aruba,2012,gdp_per_capita,25119.6655449838,World Bank WDI,2026-09-02
ABW,Aruba,2011,gdp_per_capita,25712.3843015186,World Bank WDI,2026-09-02
ABW,Aruba,2010,gdp_per_capita,24093.1401510626,World Bank WDI,2026-09-02
ABW,Aruba,2009,gdp_per_capita,25134.7712303589,World Bank WDI,2026-09-02
ABW,Aruba,2008,gdp_per_capita,28171.9094008501,World Bank WDI,2026-09-02
ABW,Aruba,2007,gdp_per_capita,26736.3089444046,World Bank WDI,2026-09-02
ABW,Aruba,2006,gdp_per_capita,24845.65848362,World Bank WDI,2026-09-02
ABW,Aruba,2005,gdp_per_capita,24171.8371325422,World Bank WDI,2026-09-02
ABW,Aruba,2004,gdp_per_capita,23700.6319899197,World Bank WDI,2026-09-02
ABW,Aruba,2003,gdp_per_capita,21949.4859960868,World Bank WDI,2026-09-02
ABW,Aruba,2002,gdp_per_capita,21307.2482505267,World Bank WDI,2026-09-02
ABW,Aruba,2001,gdp_per_capita,20740.1325828172,World Bank WDI,2026-09-02
ABW,Aruba,2000,gdp_per_capita,20681.0230269625,World Bank WDI,2026-09-02
AUS,Australia,2023,gdp_per_capita,65058.3773146674,World Bank WDI,2026-09-02
AUS,Australia,2022,gdp_per_capita,65169.5191118657,World Bank WDI,2026-09-02
AUS,Australia,2021,gdp_per_capita,60758.9044397144,World Bank WDI,2026-09-02
AUS,Australia,2020,gdp_per_capita,51983.4523666382,World Bank WDI,2026-09-02
AUS,Australia,2019,gdp_per_capita,55194.7585097428,World Bank WDI,2026-09-02
AUS,Australia,2018,gdp_per_capita,57410.1737346009,World Bank WDI,2026-09-02
AUS,Australia,2017,gdp_per_capita,54117.547718609,World Bank WDI,2026-09-02
AUS,Australia,2016,gdp_per_capita,50084.4440606385,World Bank WDI,2026-09-02
AUS,Australia,2015,gdp_per_capita,56970.3613028094,World Bank WDI,2026-09-02
AUS,Australia,2014,gdp_per_capita,62817.2061751737,World Bank WDI,2026-09-02
AUS,Australia,2013,gdp_per_capita,68476.6788496118,World Bank WDI,2026-09-02
AUS,Australia,2012,gdp_per_capita,68301.4402512587,World Bank WDI,2026-09-02
AUS,Australia,2011,gdp_per_capita,62799.3895017032,World Bank WDI,2026-09-02
AUS,Australia,2010,gdp_per_capita,52313.8939041213,World Bank WDI,2026-09-02
AUS,Australia,2009,gdp_per_capita,42954.8494884573,World Bank WDI,2026-09-02
AUS,Australia,2008,gdp_per_capita,49811.2067218988,World Bank WDI,2026-09-02
AUS,Australia,2007,gdp_per_capita,41128.2476618402,World Bank WDI,2026-09-02
AUS,Australia,2006,gdp_per_capita,36658.8243476122,World Bank WDI,2026-09-02
AUS,Australia,2005,gdp_per_capita,34535.20727091,World Bank WDI,2026-09-02
AUS,Australia,2004,gdp_per_capita,30886.0500949401,World Bank WDI,2026-09-02
AUS,Australia,2003,gdp_per_capita,23757.5898471684,World Bank WDI,2026-09-02
AUS,Australia,2002,gdp_per_capita,20335.0960191023,World Bank WDI,2026-09-02
AUS,Australia,2001,gdp_per_capita,19733.6510102645,World Bank WDI,2026-09-02
AUS,Australia,2000,gdp_per_capita,21908.9968019784,World Bank WDI,2026-09-02
AUT,Austria,2023,gdp_per_capita,56579.504175468,World Bank WDI,2026-09-02
AUT,Austria,2022,gdp_per_capita,52336.7725223758,World Bank WDI,2026-09-02
AUT,Austria,2021,gdp_per_capita,53648.6437976214,World Bank WDI,2026-09-02
AUT,Austria,2020,gdp_per_capita,48716.4098900349,World Bank WDI,2026-09-02
AUT,Austria,2019,gdp_per_capita,49885.9947355204,World Bank WDI,2026-09-02
AUT,Austria,2018,gdp_per_capita,51194.0749841299,World Bank WDI,2026-09-02
AUT,Austria,2017,gdp_per_capita,47163.7425775142,World Bank WDI,2026-09-02
AUT,Austria,2016,gdp_per_capita,45061.4993920192,World Bank WDI,2026-09-02
AUT,Austria,2015,gdp_per_capita,43915.228020857,World Bank WDI,2026-09-02
AUT,Austria,2014,gdp_per_capita,51314.9722616322,World Bank WDI,2026-09-02
AUT,Austria,2013,gdp_per_capita,50305.3545774973,World Bank WDI,2026-09-02
AUT,Austria,2012,gdp_per_capita,48250.4059142637,World Bank WDI,2026-09-02
AUT,Austria,2011,gdp_per_capita,51116.8953522042,World Bank WDI,2026-09-02
AUT,Austria,2010,gdp_per_capita,46611.1393420232,World Bank WDI,2026-09-02
AUT,Austria,2009,gdp_per_capita,47857.4446635266,World Bank WDI,2026-09-02
AUT,Austria,2008,gdp_per_capita,51581.3982361071,World Bank WDI,2026-09-02
AUT,Austria,2007,gdp_per_capita,46622.9622913635,World Bank WDI,2026-09-02
AUT,Austria,2006,gdp_per_capita,40382.2078298575,World Bank WDI,2026-09-02
AUT,Austria,2005,gdp_per_capita,38157.37022862,World Bank WDI,2026-09-02
AUT,Austria,2004,gdp_per_capita,36614.2506533707,World Bank WDI,2026-09-02
AUT,Austria,2003,gdp_per_capita,32110.1159661425,World Bank WDI,2026-09-02
AUT,Austria,2002,gdp_per_capita,26334.862215032,World Bank WDI,2026-09-02
AUT,Austria,2001,gdp_per_capita,24430.495982841,World Bank WDI,2026-09-02
AUT,Austria,2000,gdp_per_capita,24487.2974685956,World Bank WDI,2026-09-02
AZE,Azerbaijan,2023,gdp_per_capita,7133.02838048328,World Bank WDI,2026-09-02
AZE,Azerbaijan,2022,gdp_per_capita,7770.594223351,World Bank WDI,2026-09-02
AZE,Azerbaijan,2021,gdp_per_capita,5408.04535175023,World Bank WDI,2026-09-02
AZE,Azerbaijan,2020,gdp_per_capita,4229.91064904503,World Bank WDI,2026-09-02
AZE,Azerbaijan,2019,gdp_per_capita,4805.75371765917,World Bank WDI,2026-09-02
AZE,Azerbaijan,2018,gdp_per_capita,4739.7943123408,World Bank WDI,2026-09-02
AZE,Azerbaijan,2017,gdp_per_capita,4147.1981423222,World Bank WDI,2026-09-02
AZE,Azerbaijan,2016,gdp_per_capita,3880.6852276838,World Bank WDI,2026-09-02
AZE,Azerbaijan,2015,gdp_per_capita,5500.50364628486,World Bank WDI,2026-09-02
AZE,Azerbaijan,2014,gdp_per_capita,7890.84028062087,World Bank WDI,2026-09-02
AZE,Azerbaijan,2013,gdp_per_capita,7875.34536661549,World Bank WDI,2026-09-02
AZE,Azerbaijan,2012,gdp_per_capita,7495.86527658099,World Bank WDI,2026-09-02
AZE,Azerbaijan,2011,gdp_per_capita,7189.81869211976,World Bank WDI,2026-09-02
AZE,Azerbaijan,2010,gdp_per_capita,5843.5337683582,World Bank WDI,2026-09-02
AZE,Azerbaijan,2009,gdp_per_capita,4950.39949009423,World Bank WDI,2026-09-02
AZE,Azerbaijan,2008,gdp_per_capita,5574.46810432575,World Bank WDI,2026-09-02
AZE,Azerbaijan,2007,gdp_per_capita,3851.33015175141,World Bank WDI,2026-09-02
AZE,Azerbaijan,2006,gdp_per_capita,2472.95725732287,World Bank WDI,2026-09-02
AZE,Azerbaijan,2005,gdp_per_capita,1578.36733030667,World Bank WDI,2026-09-02
AZE,Azerbaijan,2004,gdp_per_capita,1045.0136328106,World Bank WDI,2026-09-02
AZE,Azerbaijan,2003,gdp_per_capita,883.692580745256,World Bank WDI,2026-09-02
AZE,Azerbaijan,2002,gdp_per_capita,763.108895463487,World Bank WDI,2026-09-02
AZE,Azerbaijan,2001,gdp_per_capita,703.670998584686,World Bank WDI,2026-09-02
AZE,Azerbaijan,2000,gdp_per_capita,655.097249579917,World Bank WDI,2026-09-02
BHS,"Bahamas, The",2023,gdp_per_capita,38231.774484278,World Bank WDI,2026-09-02
BHS,"Bahamas, The",2022,gdp_per_capita,34957.1613279737,World Bank WDI,2026-09-02
BHS,"Bahamas, The",2021,gdp_per_capita,30367.8605757708,World Bank WDI,2026-09-02
BHS,"Bahamas, The",2020,gdp_per_capita,26178.7537607708,World Bank WDI,2026-09-02
BHS,"Bahamas, The",2019,gdp_per_capita,33640.3369861278,World Bank WDI,2026-09-02
BHS,"Bahamas, The",2018,gdp_per_capita,32642.3353203452,World Bank WDI,2026-09-02
BHS,"Bahamas, The",2017,gdp_per_capita,31875.4881749619,World Bank WDI,2026-09-02
BHS,"Bahamas, The",2016,gdp_per_capita,30616.5363157284,World Bank WDI,2026-09-02
BHS,"Bahamas, The",2015,gdp_per_capita,30719.405417469,World Bank WDI,2026-09-02
BHS,"Bahamas, The",2014,gdp_per_capita,29137.2175632622,World Bank WDI,2026-09-02
BHS,"Bahamas, The",2013,gdp_per_capita,27642.7419759179,World Bank WDI,2026-09-02
BHS,"Bahamas, The",2012,gdp_per_capita,28552.0242683151,World Bank WDI,2026-09-02
BHS,"Bahamas, The",2011,gdp_per_capita,27090.8376801379,World Bank WDI,2026-09-02
BHS,"Bahamas, The",2010,gdp_per_capita,27473.100430502,World Bank WDI,2026-09-02
BHS,"Bahamas, The",2009,gdp_per_capita,27512.9130950084,World Bank WDI,2026-09-02
BHS,"Bahamas, The",2008,gdp_per_capita,29392.3824416397,World Bank WDI,2026-09-02
BHS,"Bahamas, The",2007,gdp_per_capita,30051.8489587756,World Bank WDI,2026-09-02
BHS,"Bahamas, The",2006,gdp_per_capita,29184.7865087908,World Bank WDI,2026-09-02
BHS,"Bahamas, The",2005,gdp_per_capita,28602.4181869995,World Bank WDI,2026-09-02
BHS,"Bahamas, The",2004,gdp_per_capita,26650.2934234303,World Bank WDI,2026-09-02
BHS,"Bahamas, The",2003,gdp_per_capita,26429.1247787663,World Bank WDI,2026-09-02
BHS,"Bahamas, The",2002,gdp_per_capita,26781.6195938652,World Bank WDI,2026-09-02
BHS,"Bahamas, The",2001,gdp_per_capita,25371.9237667614,World Bank WDI,2026-09-02
BHS,"Bahamas, The",2000,gdp_per_capita,24940.0775086078,World Bank WDI,2026-09-02
BHR,Bahrain,2023,gdp_per_capita,29290.1284215098,World Bank WDI,2026-09-02
BHR,Bahrain,2022,gdp_per_capita,30470.5219276023,World Bank WDI,2026-09-02
BHR,Bahrain,2021,gdp_per_capita,27147.8083882286,World Bank WDI,2026-09-02
BHR,Bahrain,2020,gdp_per_capita,24342.8444554718,World Bank WDI,2026-09-02
BHR,Bahrain,2019,gdp_per_capita,27259.7438599327,World Bank WDI,2026-09-02
BHR,Bahrain,2018,gdp_per_capita,26324.4066549559,World Bank WDI,2026-09-02
BHR,Bahrain,2017,gdp_per_capita,24784.7693514607,World Bank WDI,2026-09-02
BHR,Bahrain,2016,gdp_per_capita,23800.001440631,World Bank WDI,2026-09-02
BHR,Bahrain,2015,gdp_per_capita,23734.0551143019,World Bank WDI,2026-09-02
BHR,Bahrain,2014,gdp_per_capita,26451.7965647453,World Bank WDI,2026-09-02
BHR,Bahrain,2013,gdp_per_capita,26989.7601148469,World Bank WDI,2026-09-02
BHR,Bahrain,2012,gdp_per_capita,26438.6733230428,World Bank WDI,2026-09-02
BHR,Bahrain,2011,gdp_per_capita,25032.7867743333,World Bank WDI,2026-09-02
BHR,Bahrain,2010,gdp_per_capita,21819.3291098099,World Bank WDI,2026-09-02
BHR,Bahrain,2009,gdp_per_capita,19465.3140745038,World Bank WDI,2026-09-02
BHR,Bahrain,2008,gdp_per_capita,23299.4992780392,World Bank WDI,2026-09-02
BHR,Bahrain,2007,gdp_per_capita,20908.4042548073,World Bank WDI,2026-09-02
BHR,Bahrain,2006,gdp_per_capita,19267.282615072,World Bank WDI,2026-09-02
BHR,Bahrain,2005,gdp_per_capita,17966.1657837625,World Bank WDI,2026-09-02
BHR,Bahrain,2004,gdp_per_capita,15963.9493171617,World Bank WDI,2026-09-02
BHR,Bahrain,2003,gdp_per_capita,14486.0269029822,World Bank WDI,2026-09-02
BHR,Bahrain,2002,gdp_per_capita,13501.4708801425,World Bank WDI,2026-09-02
BHR,Bahrain,2001,gdp_per_capita,13573.2339887597,World Bank WDI,2026-09-02
BHR,Bahrain,2000,gdp_per_capita,14214.4836839343,World Bank WDI,2026-09-02
BGD,Bangladesh,2023,gdp_per_capita,2551.01773827307,World Bank WDI,2026-09-02
BGD,Bangladesh,2022,gdp_per_capita,2716.48592780431,World Bank WDI,2026-09-02
BGD,Bangladesh,2021,gdp_per_capita,2482.84917843357,World Bank WDI,2026-09-02
BGD,Bangladesh,2020,gdp_per_capita,2248.85078828233,World Bank WDI,2026-09-02
BGD,Bangladesh,2019,gdp_per_capita,2129.79896954606,World Bank WDI,2026-09-02
BGD,Bangladesh,2018,gdp_per_capita,1965.24372731467,World Bank WDI,2026-09-02
BGD,Bangladesh,2017,gdp_per_capita,1811.08221668646,World Bank WDI,2026-09-02
BGD,Bangladesh,2016,gdp_per_capita,1649.28380858601,World Bank WDI,2026-09-02
BGD,Bangladesh,2015,gdp_per_capita,1224.38647668165,World Bank WDI,2026-09-02
BGD,Bangladesh,2014,gdp_per_capita,1094.46199702838,World Bank WDI,2026-09-02
BGD,Bangladesh,2013,gdp_per_capita,958.262989798283,World Bank WDI,2026-09-02
BGD,Bangladesh,2012,gdp_per_capita,859.680536375497,World Bank WDI,2026-09-02
BGD,Bangladesh,2011,gdp_per_capita,837.336944695647,World Bank WDI,2026-09-02
BGD,Bangladesh,2010,gdp_per_capita,757.385280361508,World Bank WDI,2026-09-02
BGD,Bangladesh,2009,gdp_per_capita,679.211477428056,World Bank WDI,2026-09-02
BGD,Bangladesh,2008,gdp_per_capita,613.06204104124,World Bank WDI,2026-09-02
BGD,Bangladesh,2007,gdp_per_capita,537.955492792911,World Bank WDI,2026-09-02
BGD,Bangladesh,2006,gdp_per_capita,490.388026533289,World Bank WDI,2026-09-02
BGD,Bangladesh,2005,gdp_per_capita,480.08585075452,World Bank WDI,2026-09-02
BGD,Bangladesh,2004,gdp_per_capita,455.614016909798,World Bank WDI,2026-09-02
BGD,Bangladesh,2003,gdp_per_capita,426.74880754362,World Bank WDI,2026-09-02
BGD,Bangladesh,2002,gdp_per_capita,393.886422327628,World Bank WDI,2026-09-02
BGD,Bangladesh,2001,gdp_per_capita,394.65641001891,World Bank WDI,2026-09-02
BGD,Bangladesh,2000,gdp_per_capita,396.670730249751,World Bank WDI,2026-09-02
BRB,Barbados,2023,gdp_per_capita,25583.8722302505,World Bank WDI,2026-09-02
BRB,Barbados,2022,gdp_per_capita,24393.2193483944,World Bank WDI,2026-09-02
BRB,Barbados,2021,gdp_per_capita,21084.4013935998,World Bank WDI,2026-09-02
BRB,Barbados,2020,gdp_per_capita,19180.9915228365,World Bank WDI,2026-09-02
BRB,Barbados,2019,gdp_per_capita,21929.435611489,World Bank WDI,2026-09-02
BRB,Barbados,2018,gdp_per_capita,21378.2201267496,World Bank WDI,2026-09-02
BRB,Barbados,2017,gdp_per_capita,20870.7596432179,World Bank WDI,2026-09-02
BRB,Barbados,2016,gdp_per_capita,20311.4094163764,World Bank WDI,2026-09-02
BRB,Barbados,2015,gdp_per_capita,20429.4747123553,World Bank WDI,2026-09-02
BRB,Barbados,2014,gdp_per_capita,20423.7177921163,World Bank WDI,2026-09-02
BRB,Barbados,2013,gdp_per_capita,20384.4910233555,World Bank WDI,2026-09-02
BRB,Barbados,2012,gdp_per_capita,19811.2953079751,World Bank WDI,2026-09-02
BRB,Barbados,2011,gdp_per_capita,20146.2381264508,World Bank WDI,2026-09-02
BRB,Barbados,2010,gdp_per_capita,19723.2381931602,World Bank WDI,2026-09-02
BRB,Barbados,2009,gdp_per_capita,16294.9099491834,World Bank WDI,2026-09-02
BRB,Barbados,2008,gdp_per_capita,17565.6929970592,World Bank WDI,2026-09-02
BRB,Barbados,2007,gdp_per_capita,17235.4396434785,World Bank WDI,2026-09-02
BRB,Barbados,2006,gdp_per_capita,15619.6005955511,World Bank WDI,2026-09-02
BRB,Barbados,2005,gdp_per_capita,14214.4202213572,World Bank WDI,2026-09-02
BRB,Barbados,2004,gdp_per_capita,12886.3665272467,World Bank WDI,2026-09-02
BRB,Barbados,2003,gdp_per_capita,12075.9587020649,World Bank WDI,2026-09-02
BRB,Barbados,2002,gdp_per_capita,11760.4524736133,World Bank WDI,2026-09-02
BRB,Barbados,2001,gdp_per_capita,11639.5160522054,World Bank WDI,2026-09-02
BRB,Barbados,2000,gdp_per_capita,11674.6736471764,World Bank WDI,2026-09-02
BLR,Belarus,2023,gdp_per_capita,7896.75388295584,World Bank WDI,2026-09-02
BLR,Belarus,2022,gdp_per_capita,7994.64806074889,World Bank WDI,2026-09-02
BLR,Belarus,2021,gdp_per_capita,7489.71894713888,World Bank WDI,2026-09-02
BLR,Belarus,2020,gdp_per_capita,6542.85579976768,World Bank WDI,2026-09-02
BLR,Belarus,2019,gdp_per_capita,6837.77339645635,World Bank WDI,2026-09-02
BLR,Belarus,2018,gdp_per_capita,6360.037502312,World Bank WDI,2026-09-02
BLR,Belarus,2017,gdp_per_capita,5785.54491935194,World Bank WDI,2026-09-02
BLR,Belarus,2016,gdp_per_capita,5039.77560949445,World Bank WDI,2026-09-02
BLR,Belarus,2015,gdp_per_capita,5967.05595058777,World Bank WDI,2026-09-02
BLR,Belarus,2014,gdp_per_capita,8341.31809294883,World Bank WDI,2026-09-02
BLR,Belarus,2013,gdp_per_capita,7998.0802045456,World Bank WDI,2026-09-02
BLR,Belarus,2012,gdp_per_capita,6953.21591683101,World Bank WDI,2026-09-02
BLR,Belarus,2011,gdp_per_capita,6527.6593428786,World Bank WDI,2026-09-02
BLR,Belarus,2010,gdp_per_capita,6034.67885177216,World Bank WDI,2026-09-02
BLR,Belarus,2009,gdp_per_capita,5352.48809190697,World Bank WDI,2026-09-02
BLR,Belarus,2008,gdp_per_capita,6376.17569162063,World Bank WDI,2026-09-02
BLR,Belarus,2007,gdp_per_capita,4735.48107556066,World Bank WDI,2026-09-02
BLR,Belarus,2006,gdp_per_capita,3848.22350300163,World Bank WDI,2026-09-02
BLR,Belarus,2005,gdp_per_capita,3126.07176665248,World Bank WDI,2026-09-02
BLR,Belarus,2004,gdp_per_capita,2378.33700470129,World Bank WDI,2026-09-02
BLR,Belarus,2003,gdp_per_capita,1819.52653114699,World Bank WDI,2026-09-02
BLR,Belarus,2002,gdp_per_capita,1479.38066337175,World Bank WDI,2026-09-02
BLR,Belarus,2001,gdp_per_capita,1244.37318523431,World Bank WDI,2026-09-02
BLR,Belarus,2000,gdp_per_capita,1276.2880341,World Bank WDI,2026-09-02
BEL,Belgium,2023,gdp_per_capita,55244.68145811,World Bank WDI,2026-09-02
BEL,Belgium,2022,gdp_per_capita,50639.0264882739,World Bank WDI,2026-09-02
BEL,Belgium,2021,gdp_per_capita,51658.238294958,World Bank WDI,2026-09-02
BEL,Belgium,2020,gdp_per_capita,45906.2875805246,World Bank WDI,2026-09-02
BEL,Belgium,2019,gdp_per_capita,46716.6227467964,World Bank WDI,2026-09-02
BEL,Belgium,2018,gdp_per_capita,47487.2100392561,World Bank WDI,2026-09-02
BEL,Belgium,2017,gdp_per_capita,44035.3239358548,World Bank WDI,2026-09-02
BEL,Belgium,2016,gdp_per_capita,41854.5498296444,World Bank WDI,2026-09-02
BEL,Belgium,2015,gdp_per_capita,40893.804537772,World Bank WDI,2026-09-02
BEL,Belgium,2014,gdp_per_capita,47995.7786961339,World Bank WDI,2026-09-02
BEL,Belgium,2013,gdp_per_capita,46964.5946777056,World Bank WDI,2026-09-02
BEL,Belgium,2012,gdp_per_capita,44874.1709182123,World Bank WDI,2026-09-02
BEL,Belgium,2011,gdp_per_capita,47760.8298776546,World Bank WDI,2026-09-02
BEL,Belgium,2010,gdp_per_capita,44197.393671162,World Bank WDI,2026-09-02
BEL,Belgium,2009,gdp_per_capita,44923.3400135081,World Bank WDI,2026-09-02
BEL,Belgium,2008,gdp_per_capita,48303.397956286,World Bank WDI,2026-09-02
BEL,Belgium,2007,gdp_per_capita,44319.165448813,World Bank WDI,2026-09-02
BEL,Belgium,2006,gdp_per_capita,38705.1067959147,World Bank WDI,2026-09-02
BEL,Belgium,2005,gdp_per_capita,36809.7013403619,World Bank WDI,2026-09-02
BEL,Belgium,2004,gdp_per_capita,35429.4077933344,World Bank WDI,2026-09-02
BEL,Belgium,2003,gdp_per_capita,30655.2092679024,World Bank WDI,2026-09-02
BEL,Belgium,2002,gdp_per_capita,25006.191397109,World Bank WDI,2026-09-02
BEL,Belgium,2001,gdp_per_capita,23015.0712632462,World Bank WDI,2026-09-02
BEL,Belgium,2000,gdp_per_capita,23098.8865077401,World Bank WDI,2026-09-02
BLZ,Belize,2023,gdp_per_capita,7424.75821321022,World Bank WDI,2026-09-02
BLZ,Belize,2022,gdp_per_capita,7068.21728043145,World Bank WDI,2026-09-02
BLZ,Belize,2021,gdp_per_capita,6142.98930557031,World Bank WDI,2026-09-02
BLZ,Belize,2020,gdp_per_capita,5238.54078175696,World Bank WDI,2026-09-02
BLZ,Belize,2019,gdp_per_capita,6171.61449761423,World Bank WDI,2026-09-02
BLZ,Belize,2018,gdp_per_capita,6011.99036888587,World Bank WDI,2026-09-02
BLZ,Belize,2017,gdp_per_capita,6071.85451846453,World Bank WDI,2026-09-02
BLZ,Belize,2016,gdp_per_capita,6140.86713919469,World Bank WDI,2026-09-02
BLZ,Belize,2015,gdp_per_capita,6154.62264230369,World Bank WDI,2026-09-02
BLZ,Belize,2014,gdp_per_capita,6128.12053089077,World Bank WDI,2026-09-02
BLZ,Belize,2013,gdp_per_capita,5957.34953619006,World Bank WDI,2026-09-02
BLZ,Belize,2012,gdp_per_capita,5732.66519942347,World Bank WDI,2026-09-02
BLZ,Belize,2011,gdp_per_capita,5596.05222152289,World Bank WDI,2026-09-02
BLZ,Belize,2010,gdp_per_capita,5461.40735999001,World Bank WDI,2026-09-02
BLZ,Belize,2009,gdp_per_capita,5399.67100001919,World Bank WDI,2026-09-02
BLZ,Belize,2008,gdp_per_capita,5711.81458859709,World Bank WDI,2026-09-02
BLZ,Belize,2007,gdp_per_capita,5762.21023302938,World Bank WDI,2026-09-02
BLZ,Belize,2006,gdp_per_capita,5524.78167834986,World Bank WDI,2026-09-02
BLZ,Belize,2005,gdp_per_capita,5270.41479135312,World Bank WDI,2026-09-02
BLZ,Belize,2004,gdp_per_capita,5153.71308265363,World Bank WDI,2026-09-02
BLZ,Belize,2003,gdp_per_capita,4959.74012434605,World Bank WDI,2026-09-02
BLZ,Belize,2002,gdp_per_capita,4858.86062599362,World Bank WDI,2026-09-02
BLZ,Belize,2001,gdp_per_capita,4718.77715104739,World Bank WDI,2026-09-02
BLZ,Belize,2000,gdp_per_capita,4726.50675459616,World Bank WDI,2026-09-02
BEN,Benin,2023,gdp_per_capita,1394.17784721831,World Bank WDI,2026-09-02
BEN,Benin,2022,gdp_per_capita,1266.42711031904,World Bank WDI,2026-09-02
BEN,Benin,2021,gdp_per_capita,1318.65158075198,World Bank WDI,2026-09-02
BEN,Benin,2020,gdp_per_capita,1200.19426557789,World Bank WDI,2026-09-02
BEN,Benin,2019,gdp_per_capita,1130.82135339795,World Bank WDI,2026-09-02
BEN,Benin,2018,gdp_per_capita,1151.7409703472,World Bank WDI,2026-09-02
BEN,Benin,2017,gdp_per_capita,1054.97408066814,World Bank WDI,2026-09-02
BEN,Benin,2016,gdp_per_capita,1010.5338961993,World Bank WDI,2026-09-02
BEN,Benin,2015,gdp_per_capita,1002.41886879614,World Bank WDI,2026-09-02
BEN,Benin,2014,gdp_per_capita,1204.39918670094,World Bank WDI,2026-09-02
BEN,Benin,2013,gdp_per_capita,1168.92699279226,World Bank WDI,2026-09-02
BEN,Benin,2012,gdp_per_capita,1071.5258366283,World Bank WDI,2026-09-02
BEN,Benin,2011,gdp_per_capita,1059.41358852588,World Bank WDI,2026-09-02
BEN,Benin,2010,gdp_per_capita,973.244254931526,World Bank WDI,2026-09-02
BEN,Benin,2009,gdp_per_capita,1024.10277858112,World Bank WDI,2026-09-02
BEN,Benin,2008,gdp_per_capita,1060.60254502099,World Bank WDI,2026-09-02
BEN,Benin,2007,gdp_per_capita,912.338247188342,World Bank WDI,2026-09-02
BEN,Benin,2006,gdp_per_capita,809.147072506221,World Bank WDI,2026-09-02
BEN,Benin,2005,gdp_per_capita,779.437777753268,World Bank WDI,2026-09-02
BEN,Benin,2004,gdp_per_capita,758.695803786371,World Bank WDI,2026-09-02
BEN,Benin,2003,gdp_per_capita,676.002878084282,World Bank WDI,2026-09-02
BEN,Benin,2002,gdp_per_capita,546.463829658159,World Bank WDI,2026-09-02
BEN,Benin,2001,gdp_per_capita,492.401499509072,World Bank WDI,2026-09-02
BEN,Benin,2000,gdp_per_capita,487.424141384242,World Bank WDI,2026-09-02
BMU,Bermuda,2023,gdp_per_capita,132961.760796315,World Bank WDI,2026-09-02
BMU,Bermuda,2022,gdp_per_capita,119969.173269085,World Bank WDI,2026-09-02
BMU,Bermuda,2021,gdp_per_capita,112765.08167306,World Bank WDI,2026-09-02
BMU,Bermuda,2020,gdp_per_capita,106976.546239632,World Bank WDI,2026-09-02
BMU,Bermuda,2019,gdp_per_capita,115798.040775578,World Bank WDI,2026-09-02
BMU,Bermuda,2018,gdp_per_capita,113204.82210838,World Bank WDI,2026-09-02
BMU,Bermuda,2017,gdp_per_capita,112339.425587467,World Bank WDI,2026-09-02
BMU,Bermuda,2016,gdp_per_capita,108747.356144305,World Bank WDI,2026-09-02
BMU,Bermuda,2015,gdp_per_capita,104855.366822135,World Bank WDI,2026-09-02
BMU,Bermuda,2014,gdp_per_capita,100961.576602811,World Bank WDI,2026-09-02
BMU,Bermuda,2013,gdp_per_capita,101704.40746217,World Bank WDI,2026-09-02
BMU,Bermuda,2012,gdp_per_capita,100213.493385287,World Bank WDI,2026-09-02
BMU,Bermuda,2011,gdp_per_capita,99049.0169927667,World Bank WDI,2026-09-02
BMU,Bermuda,2010,gdp_per_capita,104111.824244802,World Bank WDI,2026-09-02
BMU,Bermuda,2009,gdp_per_capita,104711.712420357,World Bank WDI,2026-09-02
BMU,Bermuda,2008,gdp_per_capita,110268.562401264,World Bank WDI,2026-09-02
BMU,Bermuda,2007,gdp_per_capita,107395.651483891,World Bank WDI,2026-09-02
BMU,Bermuda,2006,gdp_per_capita,97781.4558996721,World Bank WDI,2026-09-02
BMU,Bermuda,2005,gdp_per_capita,77628.103522508,World Bank WDI,2026-09-02
BMU,Bermuda,2004,gdp_per_capita,71692.1589001679,World Bank WDI,2026-09-02
BMU,Bermuda,2003,gdp_per_capita,67106.8028083224,World Bank WDI,2026-09-02
BMU,Bermuda,2002,gdp_per_capita,63358.5658652763,World Bank WDI,2026-09-02
BMU,Bermuda,2001,gdp_per_capita,59490.2452034202,World Bank WDI,2026-09-02
BMU,Bermuda,2000,gdp_per_capita,56542.9569455727,World Bank WDI,2026-09-02
BTN,Bhutan,2023,gdp_per_capita,3831.32535564326,World Bank WDI,2026-09-02
BTN,Bhutan,2022,gdp_per_capita,3711.32767981591,World Bank WDI,2026-09-02
BTN,Bhutan,2021,gdp_per_capita,3570.61257980872,World Bank WDI,2026-09-02
BTN,Bhutan,2020,gdp_per_capita,3191.66906999331,World Bank WDI,2026-09-02
BTN,Bhutan,2019,gdp_per_capita,3576.87987100503,World Bank WDI,2026-09-02
BTN,Bhutan,2018,gdp_per_capita,3400.20417245342,World Bank WDI,2026-09-02
BTN,Bhutan,2017,gdp_per_capita,3435.28804735662,World Bank WDI,2026-09-02
BTN,Bhutan,2016,gdp_per_capita,3152.30905106786,World Bank WDI,2026-09-02
BTN,Bhutan,2015,gdp_per_capita,2954.04081911097,World Bank WDI,2026-09-02
BTN,Bhutan,2014,gdp_per_capita,2849.49998647303,World Bank WDI,2026-09-02
BTN,Bhutan,2013,gdp_per_capita,2679.95217201538,World Bank WDI,2026-09-02
BTN,Bhutan,2012,gdp_per_capita,2751.2128864294,World Bank WDI,2026-09-02
BTN,Bhutan,2011,gdp_per_capita,2787.97967608562,World Bank WDI,2026-09-02
BTN,Bhutan,2010,gdp_per_capita,2435.5798056672,World Bank WDI,2026-09-02
BTN,Bhutan,2009,gdp_per_capita,1918.39599211093,World Bank WDI,2026-09-02
BTN,Bhutan,2008,gdp_per_capita,1919.59774896395,World Bank WDI,2026-09-02
BTN,Bhutan,2007,gdp_per_capita,1850.41570433398,World Bank WDI,2026-09-02
BTN,Bhutan,2006,gdp_per_capita,1405.6071618158,World Bank WDI,2026-09-02
BTN,Bhutan,2005,gdp_per_capita,1299.94938578359,World Bank WDI,2026-09-02
BTN,Bhutan,2004,gdp_per_capita,1130.35934606796,World Bank WDI,2026-09-02
BTN,Bhutan,2003,gdp_per_capita,1022.38240311018,World Bank WDI,2026-09-02
BTN,Bhutan,2002,gdp_per_capita,895.799489930972,World Bank WDI,2026-09-02
BTN,Bhutan,2001,gdp_per_capita,812.238210772056,World Bank WDI,2026-09-02
BTN,Bhutan,2000,gdp_per_capita,771.924911410619,World Bank WDI,2026-09-02
BOL,Bolivia,2023,gdp_per_capita,4274.70820547613,World Bank WDI,2026-09-02
BOL,Bolivia,2022,gdp_per_capita,4219.46113742445,World Bank WDI,2026-09-02
BOL,Bolivia,2021,gdp_per_capita,4010.76053686204,World Bank WDI,2026-09-02
BOL,Bolivia,2020,gdp_per_capita,3580.96761778303,World Bank WDI,2026-09-02
BOL,Bolivia,2019,gdp_per_capita,4203.15492855788,World Bank WDI,2026-09-02
BOL,Bolivia,2018,gdp_per_capita,4206.8552936661,World Bank WDI,2026-09-02
BOL,Bolivia,2017,gdp_per_capita,4048.40119739839,World Bank WDI,2026-09-02
BOL,Bolivia,2016,gdp_per_capita,3035.87347732132,World Bank WDI,2026-09-02
BOL,Bolivia,2015,gdp_per_capita,2996.01289811344,World Bank WDI,2026-09-02
BOL,Bolivia,2014,gdp_per_capita,3041.43503162408,World Bank WDI,2026-09-02
BOL,Bolivia,2013,gdp_per_capita,2870.02377000756,World Bank WDI,2026-09-02
BOL,Bolivia,2012,gdp_per_capita,2575.59857098084,World Bank WDI,2026-09-02
BOL,Bolivia,2011,gdp_per_capita,2315.52121930607,World Bank WDI,2026-09-02
BOL,Bolivia,2010,gdp_per_capita,1929.78373077158,World Bank WDI,2026-09-02
BOL,Bolivia,2009,gdp_per_capita,1731.18172112209,World Bank WDI,2026-09-02
BOL,Bolivia,2008,gdp_per_capita,1692.67248455876,World Bank WDI,2026-09-02
BOL,Bolivia,2007,gdp_per_capita,1354.54905949929,World Bank WDI,2026-09-02
BOL,Bolivia,2006,gdp_per_capita,1202.71150446327,World Bank WDI,2026-09-02
BOL,Bolivia,2005,gdp_per_capita,1020.12326200737,World Bank WDI,2026-09-02
BOL,Bolivia,2004,gdp_per_capita,953.191893246277,World Bank WDI,2026-09-02
BOL,Bolivia,2003,gdp_per_capita,893.013760211149,World Bank WDI,2026-09-02
BOL,Bolivia,2002,gdp_per_capita,888.221328974352,World Bank WDI,2026-09-02
BOL,Bolivia,2001,gdp_per_capita,930.168227214313,World Bank WDI,2026-09-02
BOL,Bolivia,2000,gdp_per_capita,975.777060358751,World Bank WDI,2026-09-02
BIH,Bosnia and Herzegovina,2023,gdp_per_capita,8663.02326458629,World Bank WDI,2026-09-02
BIH,Bosnia and Herzegovina,2022,gdp_per_capita,7655.59421024383,World Bank WDI,2026-09-02
BIH,Bosnia and Herzegovina,2021,gdp_per_capita,7295.34378682258,World Bank WDI,2026-09-02
BIH,Bosnia and Herzegovina,2020,gdp_per_capita,6130.31187968266,World Bank WDI,2026-09-02
BIH,Bosnia and Herzegovina,2019,gdp_per_capita,6122.37541352353,World Bank WDI,2026-09-02
BIH,Bosnia and Herzegovina,2018,gdp_per_capita,6047.84707207392,World Bank WDI,2026-09-02
BIH,Bosnia and Herzegovina,2017,gdp_per_capita,5345.01978766473,World Bank WDI,2026-09-02
BIH,Bosnia and Herzegovina,2016,gdp_per_capita,4928.5665903114,World Bank WDI,2026-09-02
BIH,Bosnia and Herzegovina,2015,gdp_per_capita,4662.25869219448,World Bank WDI,2026-09-02
BIH,Bosnia and Herzegovina,2014,gdp_per_capita,5206.06573475132,World Bank WDI,2026-09-02
BIH,Bosnia and Herzegovina,2013,gdp_per_capita,5034.56634817068,World Bank WDI,2026-09-02
BIH,Bosnia and Herzegovina,2012,gdp_per_capita,4693.78899115381,World Bank WDI,2026-09-02
BIH,Bosnia and Herzegovina,2011,gdp_per_capita,4982.69375768263,World Bank WDI,2026-09-02
BIH,Bosnia and Herzegovina,2010,gdp_per_capita,4506.47828548389,World Bank WDI,2026-09-02
BIH,Bosnia and Herzegovina,2009,gdp_per_capita,4539.91863774968,World Bank WDI,2026-09-02
BIH,Bosnia and Herzegovina,2008,gdp_per_capita,4841.69311934649,World Bank WDI,2026-09-02
BIH,Bosnia and Herzegovina,2007,gdp_per_capita,3931.48948737505,World Bank WDI,2026-09-02
BIH,Bosnia and Herzegovina,2006,gdp_per_capita,3166.12865344833,World Bank WDI,2026-09-02
BIH,Bosnia and Herzegovina,2005,gdp_per_capita,2739.61076866057,World Bank WDI,2026-09-02
BIH,Bosnia and Herzegovina,2004,gdp_per_capita,2452.6860917386,World Bank WDI,2026-09-02
BIH,Bosnia and Herzegovina,2003,gdp_per_capita,2033.94700935864,World Bank WDI,2026-09-02
BIH,Bosnia and Herzegovina,2002,gdp_per_capita,1606.5467454132,World Bank WDI,2026-09-02
BIH,Bosnia and Herzegovina,2001,gdp_per_capita,1387.89362942121,World Bank WDI,2026-09-02
BIH,Bosnia and Herzegovina,2000,gdp_per_capita,1338.48059636261,World Bank WDI,2026-09-02
BWA,Botswana,2023,gdp_per_capita,7827.30027960734,World Bank WDI,2026-09-02
BWA,Botswana,2022,gdp_per_capita,8328.7090572666,World Bank WDI,2026-09-02
BWA,Botswana,2021,gdp_per_capita,7807.88794570471,World Bank WDI,2026-09-02
BWA,Botswana,2020,gdp_per_capita,6323.2974967659,World Bank WDI,2026-09-02
BWA,Botswana,2019,gdp_per_capita,7172.08956480028,World Bank WDI,2026-09-02
BWA,Botswana,2018,gdp_per_capita,7407.95940141786,World Bank WDI,2026-09-02
BWA,Botswana,2017,gdp_per_capita,7104.96401088027,World Bank WDI,2026-09-02
BWA,Botswana,2016,gdp_per_capita,6749.05994339013,World Bank WDI,2026-09-02
BWA,Botswana,2015,gdp_per_capita,6141.20394726616,World Bank WDI,2026-09-02
BWA,Botswana,2014,gdp_per_capita,7122.36423421503,World Bank WDI,2026-09-02
BWA,Botswana,2013,gdp_per_capita,6666.91219583487,World Bank WDI,2026-09-02
BWA,Botswana,2012,gdp_per_capita,6595.53845015424,World Bank WDI,2026-09-02
BWA,Botswana,2011,gdp_per_capita,7287.38295334919,World Bank WDI,2026-09-02
BWA,Botswana,2010,gdp_per_capita,6215.73216077919,World Bank WDI,2026-09-02
BWA,Botswana,2009,gdp_per_capita,5082.93388332404,World Bank WDI,2026-09-02
BWA,Botswana,2008,gdp_per_capita,5503.07395314313,World Bank WDI,2026-09-02
BWA,Botswana,2007,gdp_per_capita,5529.12574632532,World Bank WDI,2026-09-02
BWA,Botswana,2006,gdp_per_capita,5291.58379144849,World Bank WDI,2026-09-02
BWA,Botswana,2005,gdp_per_capita,5391.07076619634,World Bank WDI,2026-09-02
BWA,Botswana,2004,gdp_per_capita,4956.69287735214,World Bank WDI,2026-09-02
BWA,Botswana,2003,gdp_per_capita,4230.12326909926,World Bank WDI,2026-09-02
BWA,Botswana,2002,gdp_per_capita,3117.25087183011,World Bank WDI,2026-09-02
BWA,Botswana,2001,gdp_per_capita,3206.07123689853,World Bank WDI,2026-09-02
BWA,Botswana,2000,gdp_per_capita,3450.81180622992,World Bank WDI,2026-09-02
BRA,Brazil,2023,gdp_per_capita,10377.5892792557,World Bank WDI,2026-09-02
BRA,Brazil,2022,gdp_per_capita,9281.33334441234,World Bank WDI,2026-09-02
BRA,Brazil,2021,gdp_per_capita,7972.5366498646,World Bank WDI,2026-09-02
BRA,Brazil,2020,gdp_per_capita,7074.19378337644,World Bank WDI,2026-09-02
BRA,Brazil,2019,gdp_per_capita,9029.83326681073,World Bank WDI,2026-09-02
BRA,Brazil,2018,gdp_per_capita,9300.66164923219,World Bank WDI,2026-09-02
BRA,Brazil,2017,gdp_per_capita,10080.5092819305,World Bank WDI,2026-09-02
BRA,Brazil,2016,gdp_per_capita,8836.28652735657,World Bank WDI,2026-09-02
BRA,Brazil,2015,gdp_per_capita,8936.19661712113,World Bank WDI,2026-09-02
BRA,Brazil,2014,gdp_per_capita,12274.9939689363,World Bank WDI,2026-09-02
BRA,Brazil,2013,gdp_per_capita,12458.8912138813,World Bank WDI,2026-09-02
BRA,Brazil,2012,gdp_per_capita,12521.7213519966,World Bank WDI,2026-09-02
BRA,Brazil,2011,gdp_per_capita,13396.6243562986,World Bank WDI,2026-09-02
BRA,Brazil,2010,gdp_per_capita,11403.2821278747,World Bank WDI,2026-09-02
BRA,Brazil,2009,gdp_per_capita,8678.6592244676,World Bank WDI,2026-09-02
BRA,Brazil,2008,gdp_per_capita,8908.33176538648,World Bank WDI,2026-09-02
BRA,Brazil,2007,gdp_per_capita,7409.69130673473,World Bank WDI,2026-09-02
BRA,Brazil,2006,gdp_per_capita,5934.14470924968,World Bank WDI,2026-09-02
BRA,Brazil,2005,gdp_per_capita,4827.78173074714,World Bank WDI,2026-09-02
BRA,Brazil,2004,gdp_per_capita,3663.823188064,World Bank WDI,2026-09-02
BRA,Brazil,2003,gdp_per_capita,3090.6070097455,World Bank WDI,2026-09-02
BRA,Brazil,2002,gdp_per_capita,2855.94018885769,World Bank WDI,2026-09-02
BRA,Brazil,2001,gdp_per_capita,3176.28935747524,World Bank WDI,2026-09-02
BRA,Brazil,2000,gdp_per_capita,3766.54811466032,World Bank WDI,2026-09-02
BRN,Brunei Darussalam,2023,gdp_per_capita,32890.5491812019,World Bank WDI,2026-09-02
BRN,Brunei Darussalam,2022,gdp_per_capita,36632.9280952155,World Bank WDI,2026-09-02
BRN,Brunei Darussalam,2021,gdp_per_capita,31006.9636289785,World Bank WDI,2026-09-02
BRN,Brunei Darussalam,2020,gdp_per_capita,26834.3592233943,World Bank WDI,2026-09-02
BRN,Brunei Darussalam,2019,gdp_per_capita,30426.5730656528,World Bank WDI,2026-09-02
BRN,Brunei Darussalam,2018,gdp_per_capita,30988.1190267227,World Bank WDI,2026-09-02
BRN,Brunei Darussalam,2017,gdp_per_capita,28024.3824580252,World Bank WDI,2026-09-02
BRN,Brunei Darussalam,2016,gdp_per_capita,26663.2972950602,World Bank WDI,2026-09-02
BRN,Brunei Darussalam,2015,gdp_per_capita,30625.1287744656,World Bank WDI,2026-09-02
BRN,Brunei Darussalam,2014,gdp_per_capita,41026.5084247957,World Bank WDI,2026-09-02
BRN,Brunei Darussalam,2013,gdp_per_capita,44003.0644273461,World Bank WDI,2026-09-02
BRN,Brunei Darussalam,2012,gdp_per_capita,46968.5971164922,World Bank WDI,2026-09-02
BRN,Brunei Darussalam,2011,gdp_per_capita,46382.8274255349,World Bank WDI,2026-09-02
BRN,Brunei Darussalam,2010,gdp_per_capita,34937.5555357155,World Bank WDI,2026-09-02
BRN,Brunei Darussalam,2009,gdp_per_capita,30946.4673773828,World Bank WDI,2026-09-02
BRN,Brunei Darussalam,2008,gdp_per_capita,42156.5685838672,World Bank WDI,2026-09-02
BRN,Brunei Darussalam,2007,gdp_per_capita,36217.3290706015,World Bank WDI,2026-09-02
BRN,Brunei Darussalam,2006,gdp_per_capita,34674.7995236452,World Bank WDI,2026-09-02
BRN,Brunei Darussalam,2005,gdp_per_capita,29386.2703822862,World Bank WDI,2026-09-02
BRN,Brunei Darussalam,2004,gdp_per_capita,24423.0946995548,World Bank WDI,2026-09-02
BRN,Brunei Darussalam,2003,gdp_per_capita,20677.9001143188,World Bank WDI,2026-09-02
BRN,Brunei Darussalam,2002,gdp_per_capita,18621.2922577525,World Bank WDI,2026-09-02
BRN,Brunei Darussalam,2001,gdp_per_capita,18287.8272281914,World Bank WDI,2026-09-02
BRN,Brunei Darussalam,2000,gdp_per_capita,20130.2572346624,World Bank WDI,2026-09-02
BGR,Bulgaria,2023,gdp_per_capita,15854.0192893772,World Bank WDI,2026-09-02
BGR,Bulgaria,2022,gdp_per_capita,13999.9113358453,World Bank WDI,2026-09-02
BGR,Bulgaria,2021,gdp_per_capita,12966.8085197381,World Bank WDI,2026-09-02
BGR,Bulgaria,2020,gdp_per_capita,10760.7616180234,World Bank WDI,2026-09-02
BGR,Bulgaria,2019,gdp_per_capita,10354.2500414088,World Bank WDI,2026-09-02
BGR,Bulgaria,2018,gdp_per_capita,9849.88769989118,World Bank WDI,2026-09-02
BGR,Bulgaria,2017,gdp_per_capita,8697.13373333715,World Bank WDI,2026-09-02
BGR,Bulgaria,2016,gdp_per_capita,7822.89886431732,World Bank WDI,2026-09-02
BGR,Bulgaria,2015,gdp_per_capita,7269.02586513711,World Bank WDI,2026-09-02
BGR,Bulgaria,2014,gdp_per_capita,8070.01289303544,World Bank WDI,2026-09-02
BGR,Bulgaria,2013,gdp_per_capita,7796.37945241455,World Bank WDI,2026-09-02
BGR,Bulgaria,2012,gdp_per_capita,7432.33753378983,World Bank WDI,2026-09-02
BGR,Bulgaria,2011,gdp_per_capita,7849.98219737366,World Bank WDI,2026-09-02
BGR,Bulgaria,2010,gdp_per_capita,6854.2987837778,World Bank WDI,2026-09-02
BGR,Bulgaria,2009,gdp_per_capita,6988.63048446496,World Bank WDI,2026-09-02
BGR,Bulgaria,2008,gdp_per_capita,7271.67443724077,World Bank WDI,2026-09-02
BGR,Bulgaria,2007,gdp_per_capita,5888.87094585161,World Bank WDI,2026-09-02
BGR,Bulgaria,2006,gdp_per_capita,4523.37797301782,World Bank WDI,2026-09-02
BGR,Bulgaria,2005,gdp_per_capita,3900.02501966492,World Bank WDI,2026-09-02
BGR,Bulgaria,2004,gdp_per_capita,3389.86047992391,World Bank WDI,2026-09-02
BGR,Bulgaria,2003,gdp_per_capita,2719.63335037372,World Bank WDI,2026-09-02
BGR,Bulgaria,2002,gdp_per_capita,2093.08967660564,World Bank WDI,2026-09-02
BGR,Bulgaria,2001,gdp_per_capita,1770.99748249575,World Bank WDI,2026-09-02
BGR,Bulgaria,2000,gdp_per_capita,1621.3452487867,World Bank WDI,2026-09-02
BFA,Burkina Faso,2023,gdp_per_capita,873.198061670247,World Bank WDI,2026-09-02
BFA,Burkina Faso,2022,gdp_per_capita,827.330843486661,World Bank WDI,2026-09-02
BFA,Burkina Faso,2021,gdp_per_capita,895.535288442991,World Bank WDI,2026-09-02
BFA,Burkina Faso,2020,gdp_per_capita,825.237038782475,World Bank WDI,2026-09-02
BFA,Burkina Faso,2019,gdp_per_capita,764.853077774946,World Bank WDI,2026-09-02
BFA,Burkina Faso,2018,gdp_per_capita,777.465618514048,World Bank WDI,2026-09-02
BFA,Burkina Faso,2017,gdp_per_capita,709.091535894695,World Bank WDI,2026-09-02
BFA,Burkina Faso,2016,gdp_per_capita,663.742364842886,World Bank WDI,2026-09-02
BFA,Burkina Faso,2015,gdp_per_capita,630.124750752312,World Bank WDI,2026-09-02
BFA,Burkina Faso,2014,gdp_per_capita,764.861675106225,World Bank WDI,2026-09-02
BFA,Burkina Faso,2013,gdp_per_capita,759.762065168498,World Bank WDI,2026-09-02
BFA,Burkina Faso,2012,gdp_per_capita,731.470138867833,World Bank WDI,2026-09-02
BFA,Burkina Faso,2011,gdp_per_capita,725.024767725475,World Bank WDI,2026-09-02
BFA,Burkina Faso,2010,gdp_per_capita,624.957252224766,World Bank WDI,2026-09-02
BFA,Burkina Faso,2009,gdp_per_capita,601.569520671859,World Bank WDI,2026-09-02
BFA,Burkina Faso,2008,gdp_per_capita,619.437533256264,World Bank WDI,2026-09-02
BFA,Burkina Faso,2007,gdp_per_capita,514.684451177238,World Bank WDI,2026-09-02
BFA,Burkina Faso,2006,gdp_per_capita,455.513655620024,World Bank WDI,2026-09-02
BFA,Burkina Faso,2005,gdp_per_capita,441.164148016012,World Bank WDI,2026-09-02
BFA,Burkina Faso,2004,gdp_per_capita,403.81283743461,World Bank WDI,2026-09-02
BFA,Burkina Faso,2003,gdp_per_capita,362.373899996953,World Bank WDI,2026-09-02
BFA,Burkina Faso,2002,gdp_per_capita,285.654087637533,World Bank WDI,2026-09-02
BFA,Burkina Faso,2001,gdp_per_capita,259.485223380436,World Bank WDI,2026-09-02
BFA,Burkina Faso,2000,gdp_per_capita,248.908526921752,World Bank WDI,2026-09-02
BDI,Burundi,2023,gdp_per_capita,249.795164039029,World Bank WDI,2026-09-02
BDI,Burundi,2022,gdp_per_capita,301.832255755105,World Bank WDI,2026-09-02
BDI,Burundi,2021,gdp_per_capita,264.172844085398,World Bank WDI,2026-09-02
BDI,Burundi,2020,gdp_per_capita,252.702452750006,World Bank WDI,2026-09-02
BDI,Burundi,2019,gdp_per_capita,234.31061590725,World Bank WDI,2026-09-02
BDI,Burundi,2018,gdp_per_capita,245.661678332009,World Bank WDI,2026-09-02
BDI,Burundi,2017,gdp_per_capita,246.060725714184,World Bank WDI,2026-09-02
BDI,Burundi,2016,gdp_per_capita,232.937812100153,World Bank WDI,2026-09-02
BDI,Burundi,2015,gdp_per_capita,254.402585226788,World Bank WDI,2026-09-02
BDI,Burundi,2014,gdp_per_capita,250.544492155185,World Bank WDI,2026-09-02
BDI,Burundi,2013,gdp_per_capita,234.844770150871,World Bank WDI,2026-09-02
BDI,Burundi,2012,gdp_per_capita,231.098787811507,World Bank WDI,2026-09-02
BDI,Burundi,2011,gdp_per_capita,230.069761381132,World Bank WDI,2026-09-02
BDI,Burundi,2010,gdp_per_capita,216.727705301976,World Bank WDI,2026-09-02
BDI,Burundi,2009,gdp_per_capita,198.431524048225,World Bank WDI,2026-09-02
BDI,Burundi,2008,gdp_per_capita,189.502074570768,World Bank WDI,2026-09-02
BDI,Burundi,2007,gdp_per_capita,166.162744906755,World Bank WDI,2026-09-02
BDI,Burundi,2006,gdp_per_capita,161.892755640319,World Bank WDI,2026-09-02
BDI,Burundi,2005,gdp_per_capita,147.234619294225,World Bank WDI,2026-09-02
BDI,Burundi,2004,gdp_per_capita,125.194965184533,World Bank WDI,2026-09-02
BDI,Burundi,2003,gdp_per_capita,111.406682804391,World Bank WDI,2026-09-02
BDI,Burundi,2002,gdp_per_capita,120.952308575468,World Bank WDI,2026-09-02
BDI,Burundi,2001,gdp_per_capita,132.159554541932,World Bank WDI,2026-09-02
BDI,Burundi,2000,gdp_per_capita,134.537861752389,World Bank WDI,2026-09-02
CPV,Cabo Verde,2023,gdp_per_capita,4794.90119772843,World Bank WDI,2026-09-02
CPV,Cabo Verde,2022,gdp_per_capita,4323.31362032709,World Bank WDI,2026-09-02
CPV,Cabo Verde,2021,gdp_per_capita,3971.44409203423,World Bank WDI,2026-09-02
CPV,Cabo Verde,2020,gdp_per_capita,3539.22661248299,World Bank WDI,2026-09-02
CPV,Cabo Verde,2019,gdp_per_capita,4380.78117331128,World Bank WDI,2026-09-02
CPV,Cabo Verde,2018,gdp_per_capita,4294.96510035729,World Bank WDI,2026-09-02
CPV,Cabo Verde,2017,gdp_per_capita,3893.09571382506,World Bank WDI,2026-09-02
CPV,Cabo Verde,2016,gdp_per_capita,3608.96605234906,World Bank WDI,2026-09-02
CPV,Cabo Verde,2015,gdp_per_capita,3415.06266730931,World Bank WDI,2026-09-02
CPV,Cabo Verde,2014,gdp_per_capita,3985.60706548134,World Bank WDI,2026-09-02
CPV,Cabo Verde,2013,gdp_per_capita,3960.97596791345,World Bank WDI,2026-09-02
CPV,Cabo Verde,2012,gdp_per_capita,3736.81517011087,World Bank WDI,2026-09-02
CPV,Cabo Verde,2011,gdp_per_capita,4002.01386888785,World Bank WDI,2026-09-02
CPV,Cabo Verde,2010,gdp_per_capita,3579.46006137809,World Bank WDI,2026-09-02
CPV,Cabo Verde,2009,gdp_per_capita,3659.72046361628,World Bank WDI,2026-09-02
CPV,Cabo Verde,2008,gdp_per_capita,3908.64885822576,World Bank WDI,2026-09-02
CPV,Cabo Verde,2007,gdp_per_capita,3324.57675212498,World Bank WDI,2026-09-02
CPV,Cabo Verde,2006,gdp_per_capita,2256.99666191075,World Bank WDI,2026-09-02
CPV,Cabo Verde,2005,gdp_per_capita,2004.14680417563,World Bank WDI,2026-09-02
CPV,Cabo Verde,2004,gdp_per_capita,1929.49081468781,World Bank WDI,2026-09-02
CPV,Cabo Verde,2003,gdp_per_capita,1717.97565369655,World Bank WDI,2026-09-02
CPV,Cabo Verde,2002,gdp_per_capita,1328.57874270666,World Bank WDI,2026-09-02
CPV,Cabo Verde,2001,gdp_per_capita,1223.33055331575,World Bank WDI,2026-09-02
CPV,Cabo Verde,2000,gdp_per_capita,1189.51479345891,World Bank WDI,2026-09-02
KHM,Cambodia,2023,gdp_per_capita,2429.74853452838,World Bank WDI,2026-09-02
KHM,Cambodia,2022,gdp_per_capita,2325.03050040841,World Bank WDI,2026-09-02
KHM,Cambodia,2021,gdp_per_capita,2167.40324198499,World Bank WDI,2026-09-02
KHM,Cambodia,2020,gdp_per_capita,2081.73914242939,World Bank WDI,2026-09-02
KHM,Cambodia,2019,gdp_per_capita,2225.87705485686,World Bank WDI,2026-09-02
KHM,Cambodia,2018,gdp_per_capita,2036.67377566578,World Bank WDI,2026-09-02
KHM,Cambodia,2017,gdp_per_capita,1826.35391688754,World Bank WDI,2026-09-02
KHM,Cambodia,2016,gdp_per_capita,1675.19555711109,World Bank WDI,2026-09-02
KHM,Cambodia,2015,gdp_per_capita,1547.32010444393,World Bank WDI,2026-09-02
KHM,Cambodia,2014,gdp_per_capita,1431.56396469993,World Bank WDI,2026-09-02
KHM,Cambodia,2013,gdp_per_capita,1305.6600972686,World Bank WDI,2026-09-02
KHM,Cambodia,2012,gdp_per_capita,1192.80263041673,World Bank WDI,2026-09-02
KHM,Cambodia,2011,gdp_per_capita,1088.98152823081,World Bank WDI,2026-09-02
KHM,Cambodia,2010,gdp_per_capita,952.274616324008,World Bank WDI,2026-09-02
KHM,Cambodia,2009,gdp_per_capita,875.748936193569,World Bank WDI,2026-09-02
KHM,Cambodia,2008,gdp_per_capita,866.283999789749,World Bank WDI,2026-09-02
KHM,Cambodia,2007,gdp_per_capita,731.692295125426,World Bank WDI,2026-09-02
KHM,Cambodia,2006,gdp_per_capita,612.252648550727,World Bank WDI,2026-09-02
KHM,Cambodia,2005,gdp_per_capita,525.797325120926,World Bank WDI,2026-09-02
KHM,Cambodia,2004,gdp_per_capita,444.199067529081,World Bank WDI,2026-09-02
KHM,Cambodia,2003,gdp_per_capita,386.691123931778,World Bank WDI,2026-09-02
KHM,Cambodia,2002,gdp_per_capita,350.147276634294,World Bank WDI,2026-09-02
KHM,Cambodia,2001,gdp_per_capita,327.500984314444,World Bank WDI,2026-09-02
KHM,Cambodia,2000,gdp_per_capita,296.426687526334,World Bank WDI,2026-09-02
CMR,Cameroon,2023,gdp_per_capita,1720.47510154506,World Bank WDI,2026-09-02
CMR,Cameroon,2022,gdp_per_capita,1604.87726954895,World Bank WDI,2026-09-02
CMR,Cameroon,2021,gdp_per_capita,1672.32657340872,World Bank WDI,2026-09-02
CMR,Cameroon,2020,gdp_per_capita,1555.60370660749,World Bank WDI,2026-09-02
CMR,Cameroon,2019,gdp_per_capita,1555.22660476477,World Bank WDI,2026-09-02
CMR,Cameroon,2018,gdp_per_capita,1610.69641591017,World Bank WDI,2026-09-02
CMR,Cameroon,2017,gdp_per_capita,1496.08951771242,World Bank WDI,2026-09-02
CMR,Cameroon,2016,gdp_per_capita,1441.7201725688,World Bank WDI,2026-09-02
CMR,Cameroon,2015,gdp_per_capita,1415.00009710569,World Bank WDI,2026-09-02
CMR,Cameroon,2014,gdp_per_capita,1649.4433905949,World Bank WDI,2026-09-02
CMR,Cameroon,2013,gdp_per_capita,1575.92882118897,World Bank WDI,2026-09-02
CMR,Cameroon,2012,gdp_per_capita,1449.09874362279,World Bank WDI,2026-09-02
CMR,Cameroon,2011,gdp_per_capita,1513.96056994878,World Bank WDI,2026-09-02
CMR,Cameroon,2010,gdp_per_capita,1398.58702025047,World Bank WDI,2026-09-02
CMR,Cameroon,2009,gdp_per_capita,1461.38999232337,World Bank WDI,2026-09-02
CMR,Cameroon,2008,gdp_per_capita,1492.14269801453,World Bank WDI,2026-09-02
CMR,Cameroon,2007,gdp_per_capita,1325.67248215933,World Bank WDI,2026-09-02
CMR,Cameroon,2006,gdp_per_capita,1191.45458990968,World Bank WDI,2026-09-02
CMR,Cameroon,2005,gdp_per_capita,1142.62466252106,World Bank WDI,2026-09-02
CMR,Cameroon,2004,gdp_per_capita,1133.39326749673,World Bank WDI,2026-09-02
CMR,Cameroon,2003,gdp_per_capita,988.241276791846,World Bank WDI,2026-09-02
CMR,Cameroon,2002,gdp_per_capita,789.623811072554,World Bank WDI,2026-09-02
CMR,Cameroon,2001,gdp_per_capita,715.470296470585,World Bank WDI,2026-09-02
CMR,Cameroon,2000,gdp_per_capita,708.565731625965,World Bank WDI,2026-09-02
CAN,Canada,2023,gdp_per_capita,54847.5370112652,World Bank WDI,2026-09-02
CAN,Canada,2022,gdp_per_capita,56496.9275340663,World Bank WDI,2026-09-02
CAN,Canada,2021,gdp_per_capita,52886.6407813788,World Bank WDI,2026-09-02
CAN,Canada,2020,gdp_per_capita,43537.8981198851,World Bank WDI,2026-09-02
CAN,Canada,2019,gdp_per_capita,46352.9695208927,World Bank WDI,2026-09-02
CAN,Canada,2018,gdp_per_capita,46539.2177903178,World Bank WDI,2026-09-02
CAN,Canada,2017,gdp_per_capita,45129.7335281051,World Bank WDI,2026-09-02
CAN,Canada,2016,gdp_per_capita,42314.1033623905,World Bank WDI,2026-09-02
CAN,Canada,2015,gdp_per_capita,43594.2379080706,World Bank WDI,2026-09-02
CAN,Canada,2014,gdp_per_capita,50960.8942086685,World Bank WDI,2026-09-02
CAN,Canada,2013,gdp_per_capita,52637.7313222622,World Bank WDI,2026-09-02
CAN,Canada,2012,gdp_per_capita,52670.1429540952,World Bank WDI,2026-09-02
CAN,Canada,2011,gdp_per_capita,52224.1237767406,World Bank WDI,2026-09-02
CAN,Canada,2010,gdp_per_capita,47560.8378831258,World Bank WDI,2026-09-02
CAN,Canada,2009,gdp_per_capita,40874.9612318547,World Bank WDI,2026-09-02
CAN,Canada,2008,gdp_per_capita,46710.3654423328,World Bank WDI,2026-09-02
CAN,Canada,2007,gdp_per_capita,44660.0838892281,World Bank WDI,2026-09-02
CAN,Canada,2006,gdp_per_capita,40504.8490329826,World Bank WDI,2026-09-02
CAN,Canada,2005,gdp_per_capita,36383.9671341396,World Bank WDI,2026-09-02
CAN,Canada,2004,gdp_per_capita,32145.5653280273,World Bank WDI,2026-09-02
CAN,Canada,2003,gdp_per_capita,28301.9097055898,World Bank WDI,2026-09-02
CAN,Canada,2002,gdp_per_capita,24256.0598742201,World Bank WDI,2026-09-02
CAN,Canada,2001,gdp_per_capita,23822.096210932,World Bank WDI,2026-09-02
CAN,Canada,2000,gdp_per_capita,24271.0020563821,World Bank WDI,2026-09-02
CYM,Cayman Islands,2023,gdp_per_capita,100065.233841107,World Bank WDI,2026-09-02
CYM,Cayman Islands,2022,gdp_per_capita,92937.8838323153,World Bank WDI,2026-09-02
CYM,Cayman Islands,2021,gdp_per_capita,86449.6749037302,World Bank WDI,2026-09-02
CYM,Cayman Islands,2020,gdp_per_capita,82338.7977439023,World Bank WDI,2026-09-02
CYM,Cayman Islands,2019,gdp_per_capita,88254.2903677044,World Bank WDI,2026-09-02
CYM,Cayman Islands,2018,gdp_per_capita,83865.5531568184,World Bank WDI,2026-09-02
CYM,Cayman Islands,2017,gdp_per_capita,80053.9444506891,World Bank WDI,2026-09-02
CYM,Cayman Islands,2016,gdp_per_capita,77802.2541567187,World Bank WDI,2026-09-02
CYM,Cayman Islands,2015,gdp_per_capita,76379.2095108681,World Bank WDI,2026-09-02
CYM,Cayman Islands,2014,gdp_per_capita,75845.3060407986,World Bank WDI,2026-09-02
CYM,Cayman Islands,2013,gdp_per_capita,75113.7332398618,World Bank WDI,2026-09-02
CYM,Cayman Islands,2012,gdp_per_capita,75101.59136128,World Bank WDI,2026-09-02
CYM,Cayman Islands,2011,gdp_per_capita,75280.960764889,World Bank WDI,2026-09-02
CYM,Cayman Islands,2010,gdp_per_capita,76837.6699636672,World Bank WDI,2026-09-02
CYM,Cayman Islands,2009,gdp_per_capita,81373.5711516642,World Bank WDI,2026-09-02
CYM,Cayman Islands,2008,gdp_per_capita,89655.1196222184,World Bank WDI,2026-09-02
CYM,Cayman Islands,2007,gdp_per_capita,89888.2618212462,World Bank WDI,2026-09-02
CYM,Cayman Islands,2006,gdp_per_capita,87085.0937376216,World Bank WDI,2026-09-02
CAF,Central African Republic,2023,gdp_per_capita,495.978897288721,World Bank WDI,2026-09-02
CAF,Central African Republic,2022,gdp_per_capita,467.359825026238,World Bank WDI,2026-09-02
CAF,Central African Republic,2021,gdp_per_capita,492.263142830507,World Bank WDI,2026-09-02
CAF,Central African Republic,2020,gdp_per_capita,462.879071294011,World Bank WDI,2026-09-02
CAF,Central African Republic,2019,gdp_per_capita,449.228467602439,World Bank WDI,2026-09-02
CAF,Central African Republic,2018,gdp_per_capita,455.243962859534,World Bank WDI,2026-09-02
CAF,Central African Republic,2017,gdp_per_capita,432.324025684263,World Bank WDI,2026-09-02
CAF,Central African Republic,2016,gdp_per_capita,387.176203444318,World Bank WDI,2026-09-02
CAF,Central African Republic,2015,gdp_per_capita,366.322853938121,World Bank WDI,2026-09-02
CAF,Central African Republic,2014,gdp_per_capita,409.8504859647,World Bank WDI,2026-09-02
CAF,Central African Republic,2013,gdp_per_capita,364.36696260838,World Bank WDI,2026-09-02
CAF,Central African Republic,2012,gdp_per_capita,544.395849142785,World Bank WDI,2026-09-02
CAF,Central African Republic,2011,gdp_per_capita,534.057281471636,World Bank WDI,2026-09-02
CAF,Central African Republic,2010,gdp_per_capita,476.873786950728,World Bank WDI,2026-09-02
CAF,Central African Republic,2009,gdp_per_capita,456.471673898404,World Bank WDI,2026-09-02
CAF,Central African Republic,2008,gdp_per_capita,437.24827472489,World Bank WDI,2026-09-02
CAF,Central African Republic,2007,gdp_per_capita,380.887048839475,World Bank WDI,2026-09-02
CAF,Central African Republic,2006,gdp_per_capita,333.942519903031,World Bank WDI,2026-09-02
CAF,Central African Republic,2005,gdp_per_capita,311.950023138687,World Bank WDI,2026-09-02
CAF,Central African Republic,2004,gdp_per_capita,303.461321152782,World Bank WDI,2026-09-02
CAF,Central African Republic,2003,gdp_per_capita,278.403992150941,World Bank WDI,2026-09-02
CAF,Central African Republic,2002,gdp_per_capita,248.639290978403,World Bank WDI,2026-09-02
CAF,Central African Republic,2001,gdp_per_capita,237.951702544735,World Bank WDI,2026-09-02
CAF,Central African Republic,2000,gdp_per_capita,239.154133726071,World Bank WDI,2026-09-02
TCD,Chad,2023,gdp_per_capita,949.991054236266,World Bank WDI,2026-09-02
TCD,Chad,2022,gdp_per_capita,966.036468278568,World Bank WDI,2026-09-02
TCD,Chad,2021,gdp_per_capita,946.358500208374,World Bank WDI,2026-09-02
TCD,Chad,2020,gdp_per_capita,866.947814890409,World Bank WDI,2026-09-02
TCD,Chad,2019,gdp_per_capita,893.336441643325,World Bank WDI,2026-09-02
TCD,Chad,2018,gdp_per_capita,948.656629871231,World Bank WDI,2026-09-02
TCD,Chad,2017,gdp_per_capita,854.46120040098,World Bank WDI,2026-09-02
TCD,Chad,2016,gdp_per_capita,861.831767630746,World Bank WDI,2026-09-02
TCD,Chad,2015,gdp_per_capita,993.990730610869,World Bank WDI,2026-09-02
TCD,Chad,2014,gdp_per_capita,1278.78981422494,World Bank WDI,2026-09-02
TCD,Chad,2013,gdp_per_capita,1304.88742971475,World Bank WDI,2026-09-02
TCD,Chad,2012,gdp_per_capita,1354.34344701937,World Bank WDI,2026-09-02
TCD,Chad,2011,gdp_per_capita,1308.1421872538,World Bank WDI,2026-09-02
TCD,Chad,2010,gdp_per_capita,1141.80069268412,World Bank WDI,2026-09-02
TCD,Chad,2009,gdp_per_capita,1035.63719694254,World Bank WDI,2026-09-02
TCD,Chad,2008,gdp_per_capita,1166.36883453841,World Bank WDI,2026-09-02
TCD,Chad,2007,gdp_per_capita,980.483531485103,World Bank WDI,2026-09-02
TCD,Chad,2006,gdp_per_capita,906.897260572747,World Bank WDI,2026-09-02
TCD,Chad,2005,gdp_per_capita,838.092107712557,World Bank WDI,2026-09-02
TCD,Chad,2004,gdp_per_capita,445.850767157087,World Bank WDI,2026-09-02
TCD,Chad,2003,gdp_per_capita,289.087621122168,World Bank WDI,2026-09-02
TCD,Chad,2002,gdp_per_capita,219.061391951349,World Bank WDI,2026-09-02
TCD,Chad,2001,gdp_per_capita,194.32295331156,World Bank WDI,2026-09-02
TCD,Chad,2000,gdp_per_capita,163.121663683369,World Bank WDI,2026-09-02
CHI,Channel Islands,2023,gdp_per_capita,74585.5224096294,World Bank WDI,2026-09-02
CHI,Channel Islands,2022,gdp_per_capita,67627.1417347907,World Bank WDI,2026-09-02
CHI,Channel Islands,2021,gdp_per_capita,66915.3963925722,World Bank WDI,2026-09-02
CHI,Channel Islands,2020,gdp_per_capita,56785.9402005039,World Bank WDI,2026-09-02
CHI,Channel Islands,2019,gdp_per_capita,60564.6293993681,World Bank WDI,2026-09-02
CHI,Channel Islands,2018,gdp_per_capita,60784.8125397162,World Bank WDI,2026-09-02
CHI,Channel Islands,2017,gdp_per_capita,55806.3554257428,World Bank WDI,2026-09-02
CHI,Channel Islands,2016,gdp_per_capita,55947.579811974,World Bank WDI,2026-09-02
CHI,Channel Islands,2015,gdp_per_capita,61847.8212238857,World Bank WDI,2026-09-02
CHI,Channel Islands,2014,gdp_per_capita,64697.5485024325,World Bank WDI,2026-09-02
CHI,Channel Islands,2013,gdp_per_capita,59308.4666588674,World Bank WDI,2026-09-02
CHI,Channel Islands,2012,gdp_per_capita,58809.5698945413,World Bank WDI,2026-09-02
CHI,Channel Islands,2011,gdp_per_capita,60415.2632075658,World Bank WDI,2026-09-02
CHI,Channel Islands,2010,gdp_per_capita,56123.4597963451,World Bank WDI,2026-09-02
CHI,Channel Islands,2009,gdp_per_capita,57778.5407063052,World Bank WDI,2026-09-02
CHI,Channel Islands,2007,gdp_per_capita,74139.97799443,World Bank WDI,2026-09-02
CHI,Channel Islands,2006,gdp_per_capita,62745.1006593557,World Bank WDI,2026-09-02
CHI,Channel Islands,2005,gdp_per_capita,57647.1188908006,World Bank WDI,2026-09-02
CHI,Channel Islands,2004,gdp_per_capita,56259.5344226334,World Bank WDI,2026-09-02
CHI,Channel Islands,2003,gdp_per_capita,48570.7796632166,World Bank WDI,2026-09-02
CHI,Channel Islands,2002,gdp_per_capita,44459.7318188977,World Bank WDI,2026-09-02
CHI,Channel Islands,2001,gdp_per_capita,41873.7406146127,World Bank WDI,2026-09-02
CHI,Channel Islands,2000,gdp_per_capita,43479.1940767689,World Bank WDI,2026-09-02
CHL,Chile,2023,gdp_per_capita,17081.5180740049,World Bank WDI,2026-09-02
CHL,Chile,2022,gdp_per_capita,15399.1044717559,World Bank WDI,2026-09-02
CHL,Chile,2021,gdp_per_capita,16216.1840860289,World Bank WDI,2026-09-02
CHL,Chile,2020,gdp_per_capita,13117.9930230086,World Bank WDI,2026-09-02
CHL,Chile,2019,gdp_per_capita,14496.9345640362,World Bank WDI,2026-09-02
CHL,Chile,2018,gdp_per_capita,15659.4808675628,World Bank WDI,2026-09-02
CHL,Chile,2017,gdp_per_capita,14879.9086227187,World Bank WDI,2026-09-02
CHL,Chile,2016,gdp_per_capita,13649.8520452803,World Bank WDI,2026-09-02
CHL,Chile,2015,gdp_per_capita,13433.9202987032,World Bank WDI,2026-09-02
CHL,Chile,2014,gdp_per_capita,14529.6767206336,World Bank WDI,2026-09-02
CHL,Chile,2013,gdp_per_capita,15683.5486369155,World Bank WDI,2026-09-02
CHL,Chile,2012,gdp_per_capita,15241.9069981119,World Bank WDI,2026-09-02
CHL,Chile,2011,gdp_per_capita,14487.3927832032,World Bank WDI,2026-09-02
CHL,Chile,2010,gdp_per_capita,12632.8704724192,World Bank WDI,2026-09-02
CHL,Chile,2009,gdp_per_capita,10098.8017167286,World Bank WDI,2026-09-02
CHL,Chile,2008,gdp_per_capita,10683.2188772511,World Bank WDI,2026-09-02
CHL,Chile,2007,gdp_per_capita,10346.4138184533,World Bank WDI,2026-09-02
CHL,Chile,2006,gdp_per_capita,9318.65655296121,World Bank WDI,2026-09-02
CHL,Chile,2005,gdp_per_capita,7480.32330998636,World Bank WDI,2026-09-02
CHL,Chile,2004,gdp_per_capita,6120.59152055344,World Bank WDI,2026-09-02
CHL,Chile,2003,gdp_per_capita,4773.40177520754,World Bank WDI,2026-09-02
CHL,Chile,2002,gdp_per_capita,4430.84741157984,World Bank WDI,2026-09-02
CHL,Chile,2001,gdp_per_capita,4563.5952986689,World Bank WDI,2026-09-02
CHL,Chile,2000,gdp_per_capita,5052.99245766325,World Bank WDI,2026-09-02
CHN,China,2023,gdp_per_capita,12951.1782397043,World Bank WDI,2026-09-02
CHN,China,2022,gdp_per_capita,12970.6056414327,World Bank WDI,2026-09-02
CHN,China,2021,gdp_per_capita,12887.4357242941,World Bank WDI,2026-09-02
CHN,China,2020,gdp_per_capita,10627.4637989619,World Bank WDI,2026-09-02
CHN,China,2019,gdp_per_capita,10342.9009524335,World Bank WDI,2026-09-02
CHN,China,2018,gdp_per_capita,10085.6638148819,World Bank WDI,2026-09-02
CHN,China,2017,gdp_per_capita,8979.67652709856,World Bank WDI,2026-09-02
CHN,China,2016,gdp_per_capita,8254.86859320357,World Bank WDI,2026-09-02
CHN,China,2015,gdp_per_capita,8175.33285077393,World Bank WDI,2026-09-02
CHN,China,2014,gdp_per_capita,7781.06597484974,World Bank WDI,2026-09-02
CHN,China,2013,gdp_per_capita,7147.03518622344,World Bank WDI,2026-09-02
CHN,China,2012,gdp_per_capita,6405.0574241349,World Bank WDI,2026-09-02
CHN,China,2011,gdp_per_capita,5703.76027973346,World Bank WDI,2026-09-02
CHN,China,2010,gdp_per_capita,4629.24551710077,World Bank WDI,2026-09-02
CHN,China,2009,gdp_per_capita,3898.24459158811,World Bank WDI,2026-09-02
CHN,China,2008,gdp_per_capita,3523.44302065213,World Bank WDI,2026-09-02
CHN,China,2007,gdp_per_capita,2734.72709877693,World Bank WDI,2026-09-02
CHN,China,2006,gdp_per_capita,2129.25696999613,World Bank WDI,2026-09-02
CHN,China,2005,gdp_per_capita,1777.64496828464,World Bank WDI,2026-09-02
CHN,China,2004,gdp_per_capita,1530.92726215723,World Bank WDI,2026-09-02
CHN,China,2003,gdp_per_capita,1306.97245408557,World Bank WDI,2026-09-02
CHN,China,2002,gdp_per_capita,1163.55957673426,World Bank WDI,2026-09-02
CHN,China,2001,gdp_per_capita,1065.40597574519,World Bank WDI,2026-09-02
CHN,China,2000,gdp_per_capita,969.199513696287,World Bank WDI,2026-09-02
COL,Colombia,2023,gdp_per_capita,7012.49169137756,World Bank WDI,2026-09-02
COL,Colombia,2022,gdp_per_capita,6680.44506854481,World Bank WDI,2026-09-02
COL,Colombia,2021,gdp_per_capita,6222.62164397614,World Bank WDI,2026-09-02
COL,Colombia,2020,gdp_per_capita,5339.68711357943,World Bank WDI,2026-09-02
COL,Colombia,2019,gdp_per_capita,6472.54544924705,World Bank WDI,2026-09-02
COL,Colombia,2018,gdp_per_capita,6816.96818309544,World Bank WDI,2026-09-02
COL,Colombia,2017,gdp_per_capita,6479.53231292429,World Bank WDI,2026-09-02
COL,Colombia,2016,gdp_per_capita,5959.84250367574,World Bank WDI,2026-09-02
COL,Colombia,2015,gdp_per_capita,6248.51490534512,World Bank WDI,2026-09-02
COL,Colombia,2014,gdp_per_capita,8187.20824890084,World Bank WDI,2026-09-02
COL,Colombia,2013,gdp_per_capita,8279.10255642981,World Bank WDI,2026-09-02
COL,Colombia,2012,gdp_per_capita,8108.59838244229,World Bank WDI,2026-09-02
COL,Colombia,2011,gdp_per_capita,7400.9940695669,World Bank WDI,2026-09-02
COL,Colombia,2010,gdp_per_capita,6398.2958447102,World Bank WDI,2026-09-02
COL,Colombia,2009,gdp_per_capita,5250.97292433518,World Bank WDI,2026-09-02
COL,Colombia,2008,gdp_per_capita,5541.83629665898,World Bank WDI,2026-09-02
COL,Colombia,2007,gdp_per_capita,4769.926147194,World Bank WDI,2026-09-02
COL,Colombia,2006,gdp_per_capita,3789.85361217027,World Bank WDI,2026-09-02
COL,Colombia,2005,gdp_per_capita,3456.06610874512,World Bank WDI,2026-09-02
COL,Colombia,2004,gdp_per_capita,2818.57195413044,World Bank WDI,2026-09-02
COL,Colombia,2003,gdp_per_capita,2311.94218760291,World Bank WDI,2026-09-02
COL,Colombia,2002,gdp_per_capita,2428.92969771584,World Bank WDI,2026-09-02
COL,Colombia,2001,gdp_per_capita,2472.99084035833,World Bank WDI,2026-09-02
COL,Colombia,2000,gdp_per_capita,2555.00751039968,World Bank WDI,2026-09-02
COM,Comoros,2023,gdp_per_capita,1723.89474946474,World Bank WDI,2026-09-02
COM,Comoros,2022,gdp_per_capita,1533.87755393614,World Bank WDI,2026-09-02
COM,Comoros,2021,gdp_per_capita,1587.72988658008,World Bank WDI,2026-09-02
COM,Comoros,2020,gdp_per_capita,1527.16991011916,World Bank WDI,2026-09-02
COM,Comoros,2019,gdp_per_capita,1519.26386436068,World Bank WDI,2026-09-02
COM,Comoros,2018,gdp_per_capita,1540.71132257526,World Bank WDI,2026-09-02
COM,Comoros,2017,gdp_per_capita,1423.9248027797,World Bank WDI,2026-09-02
COM,Comoros,2016,gdp_per_capita,1365.48403444497,World Bank WDI,2026-09-02
COM,Comoros,2015,gdp_per_capita,1329.37048235986,World Bank WDI,2026-09-02
COM,Comoros,2014,gdp_per_capita,1615.71709756316,World Bank WDI,2026-09-02
COM,Comoros,2013,gdp_per_capita,1603.32653496691,World Bank WDI,2026-09-02
COM,Comoros,2012,gdp_per_capita,1490.31425650871,World Bank WDI,2026-09-02
COM,Comoros,2011,gdp_per_capita,1531.43969320468,World Bank WDI,2026-09-02
COM,Comoros,2010,gdp_per_capita,1386.57533553376,World Bank WDI,2026-09-02
COM,Comoros,2009,gdp_per_capita,1410.30516959473,World Bank WDI,2026-09-02
COM,Comoros,2008,gdp_per_capita,1455.02768595586,World Bank WDI,2026-09-02
COM,Comoros,2007,gdp_per_capita,1289.73631056361,World Bank WDI,2026-09-02
COM,Comoros,2006,gdp_per_capita,1138.47908404345,World Bank WDI,2026-09-02
COM,Comoros,2005,gdp_per_capita,1105.78796866788,World Bank WDI,2026-09-02
COM,Comoros,2004,gdp_per_capita,1072.28409029621,World Bank WDI,2026-09-02
COM,Comoros,2003,gdp_per_capita,959.691049354812,World Bank WDI,2026-09-02
COM,Comoros,2002,gdp_per_capita,764.61349832543,World Bank WDI,2026-09-02
COM,Comoros,2001,gdp_per_capita,681.163857619963,World Bank WDI,2026-09-02
COM,Comoros,2000,gdp_per_capita,633.309032776244,World Bank WDI,2026-09-02
COD,"Congo, Dem. Rep.",2023,gdp_per_capita,660.21205238997,World Bank WDI,2026-09-02
COD,"Congo, Dem. Rep.",2022,gdp_per_capita,687.738587554685,World Bank WDI,2026-09-02
COD,"Congo, Dem. Rep.",2021,gdp_per_capita,595.743074403567,World Bank WDI,2026-09-02
COD,"Congo, Dem. Rep.",2020,gdp_per_capita,486.425572682256,World Bank WDI,2026-09-02
COD,"Congo, Dem. Rep.",2019,gdp_per_capita,504.00419142286,World Bank WDI,2026-09-02
COD,"Congo, Dem. Rep.",2018,gdp_per_capita,518.169626875371,World Bank WDI,2026-09-02
COD,"Congo, Dem. Rep.",2017,gdp_per_capita,431.052559128788,World Bank WDI,2026-09-02
COD,"Congo, Dem. Rep.",2016,gdp_per_capita,459.765036590388,World Bank WDI,2026-09-02
COD,"Congo, Dem. Rep.",2015,gdp_per_capita,495.826633014883,World Bank WDI,2026-09-02
COD,"Congo, Dem. Rep.",2014,gdp_per_capita,489.175952097319,World Bank WDI,2026-09-02
COD,"Congo, Dem. Rep.",2013,gdp_per_capita,460.370334930107,World Bank WDI,2026-09-02
COD,"Congo, Dem. Rep.",2012,gdp_per_capita,409.931424783784,World Bank WDI,2026-09-02
COD,"Congo, Dem. Rep.",2011,gdp_per_capita,372.514273875789,World Bank WDI,2026-09-02
COD,"Congo, Dem. Rep.",2010,gdp_per_capita,352.400398754692,World Bank WDI,2026-09-02
COD,"Congo, Dem. Rep.",2009,gdp_per_capita,280.178991035792,World Bank WDI,2026-09-02
COD,"Congo, Dem. Rep.",2008,gdp_per_capita,352.900363371995,World Bank WDI,2026-09-02
COD,"Congo, Dem. Rep.",2007,gdp_per_capita,294.101615124419,World Bank WDI,2026-09-02
COD,"Congo, Dem. Rep.",2006,gdp_per_capita,255.445229568751,World Bank WDI,2026-09-02
COD,"Congo, Dem. Rep.",2005,gdp_per_capita,214.539740473519,World Bank WDI,2026-09-02
COD,"Congo, Dem. Rep.",2004,gdp_per_capita,180.664764963633,World Bank WDI,2026-09-02
COD,"Congo, Dem. Rep.",2003,gdp_per_capita,161.491553524396,World Bank WDI,2026-09-02
COD,"Congo, Dem. Rep.",2002,gdp_per_capita,162.38052907429,World Bank WDI,2026-09-02
COD,"Congo, Dem. Rep.",2001,gdp_per_capita,142.678142604412,World Bank WDI,2026-09-02
COD,"Congo, Dem. Rep.",2000,gdp_per_capita,377.925421481395,World Bank WDI,2026-09-02
COG,"Congo, Rep.",2023,gdp_per_capita,2477.97845544866,World Bank WDI,2026-09-02
COG,"Congo, Rep.",2022,gdp_per_capita,2620.83804267402,World Bank WDI,2026-09-02
COG,"Congo, Rep.",2021,gdp_per_capita,2516.16255145432,World Bank WDI,2026-09-02
COG,"Congo, Rep.",2020,gdp_per_capita,1993.586671931,World Bank WDI,2026-09-02
COG,"Congo, Rep.",2019,gdp_per_capita,2488.42466724916,World Bank WDI,2026-09-02
COG,"Congo, Rep.",2018,gdp_per_capita,2694.43413191427,World Bank WDI,2026-09-02
COG,"Congo, Rep.",2017,gdp_per_capita,2211.63309874797,World Bank WDI,2026-09-02
COG,"Congo, Rep.",2016,gdp_per_capita,2093.10728558843,World Bank WDI,2026-09-02
COG,"Congo, Rep.",2015,gdp_per_capita,2439.35189403696,World Bank WDI,2026-09-02
COG,"Congo, Rep.",2014,gdp_per_capita,3601.2365808718,World Bank WDI,2026-09-02
COG,"Congo, Rep.",2013,gdp_per_capita,3697.41705884249,World Bank WDI,2026-09-02
COG,"Congo, Rep.",2012,gdp_per_capita,3732.32737320389,World Bank WDI,2026-09-02
COG,"Congo, Rep.",2011,gdp_per_capita,3396.16505817952,World Bank WDI,2026-09-02
COG,"Congo, Rep.",2010,gdp_per_capita,2946.55798067708,World Bank WDI,2026-09-02
COG,"Congo, Rep.",2009,gdp_per_capita,2271.15219175966,World Bank WDI,2026-09-02
COG,"Congo, Rep.",2008,gdp_per_capita,2832.09177777643,World Bank WDI,2026-09-02
COG,"Congo, Rep.",2007,gdp_per_capita,2206.47101863414,World Bank WDI,2026-09-02
COG,"Congo, Rep.",2006,gdp_per_capita,2103.5821381211,World Bank WDI,2026-09-02
COG,"Congo, Rep.",2005,gdp_per_capita,1799.05158366154,World Bank WDI,2026-09-02
COG,"Congo, Rep.",2004,gdp_per_capita,1306.10136324599,World Bank WDI,2026-09-02
COG,"Congo, Rep.",2003,gdp_per_capita,1016.82363412143,World Bank WDI,2026-09-02
COG,"Congo, Rep.",2002,gdp_per_capita,905.538135544704,World Bank WDI,2026-09-02
COG,"Congo, Rep.",2001,gdp_per_capita,854.598314408095,World Bank WDI,2026-09-02
COG,"Congo, Rep.",2000,gdp_per_capita,1024.30159109181,World Bank WDI,2026-09-02
CRI,Costa Rica,2023,gdp_per_capita,17140.771430122,World Bank WDI,2026-09-02
CRI,Costa Rica,2022,gdp_per_capita,13971.7649991294,World Bank WDI,2026-09-02
CRI,Costa Rica,2021,gdp_per_capita,12962.2716075659,World Bank WDI,2026-09-02
CRI,Costa Rica,2020,gdp_per_capita,12475.6852076814,World Bank WDI,2026-09-02
CRI,Costa Rica,2019,gdp_per_capita,12951.8588421841,World Bank WDI,2026-09-02
CRI,Costa Rica,2018,gdp_per_capita,12620.0207321581,World Bank WDI,2026-09-02
CRI,Costa Rica,2017,gdp_per_capita,12317.0902779911,World Bank WDI,2026-09-02
CRI,Costa Rica,2016,gdp_per_capita,12091.0301560892,World Bank WDI,2026-09-02
CRI,Costa Rica,2015,gdp_per_capita,11714.7106121672,World Bank WDI,2026-09-02
CRI,Costa Rica,2014,gdp_per_capita,10911.4978703456,World Bank WDI,2026-09-02
CRI,Costa Rica,2013,gdp_per_capita,10803.2401795009,World Bank WDI,2026-09-02
CRI,Costa Rica,2012,gdp_per_capita,10126.9991155066,World Bank WDI,2026-09-02
CRI,Costa Rica,2011,gdp_per_capita,9276.39109377477,World Bank WDI,2026-09-02
CRI,Costa Rica,2010,gdp_per_capita,8265.78820580299,World Bank WDI,2026-09-02
CRI,Costa Rica,2009,gdp_per_capita,6832.69828187486,World Bank WDI,2026-09-02
CRI,Costa Rica,2008,gdp_per_capita,6937.24261660254,World Bank WDI,2026-09-02
CRI,Costa Rica,2007,gdp_per_capita,6137.71199435022,World Bank WDI,2026-09-02
CRI,Costa Rica,2006,gdp_per_capita,5256.59641275583,World Bank WDI,2026-09-02
CRI,Costa Rica,2005,gdp_per_capita,4703.00720463794,World Bank WDI,2026-09-02
CRI,Costa Rica,2004,gdp_per_capita,4431.01172024063,World Bank WDI,2026-09-02
CRI,Costa Rica,2003,gdp_per_capita,4173.14853766977,World Bank WDI,2026-09-02
CRI,Costa Rica,2002,gdp_per_capita,4067.71854177094,World Bank WDI,2026-09-02
CRI,Costa Rica,2001,gdp_per_capita,3985.12987980056,World Bank WDI,2026-09-02
CRI,Costa Rica,2000,gdp_per_capita,3812.75386183689,World Bank WDI,2026-09-02
CIV,Cote d'Ivoire,2023,gdp_per_capita,2591.9659048119,World Bank WDI,2026-09-02
CIV,Cote d'Ivoire,2022,gdp_per_capita,2333.37128301259,World Bank WDI,2026-09-02
CIV,Cote d'Ivoire,2021,gdp_per_capita,2455.98127641148,World Bank WDI,2026-09-02
CIV,Cote d'Ivoire,2020,gdp_per_capita,2179.72934832935,World Bank WDI,2026-09-02
CIV,Cote d'Ivoire,2019,gdp_per_capita,2141.76836170115,World Bank WDI,2026-09-02
CIV,Cote d'Ivoire,2018,gdp_per_capita,2130.86619381144,World Bank WDI,2026-09-02
CIV,Cote d'Ivoire,2017,gdp_per_capita,1964.29930338343,World Bank WDI,2026-09-02
CIV,Cote d'Ivoire,2016,gdp_per_capita,1862.59597081287,World Bank WDI,2026-09-02
CIV,Cote d'Ivoire,2015,gdp_per_capita,1814.71855088017,World Bank WDI,2026-09-02
CIV,Cote d'Ivoire,2014,gdp_per_capita,1991.36539423404,World Bank WDI,2026-09-02
CIV,Cote d'Ivoire,2013,gdp_per_capita,1786.15862031324,World Bank WDI,2026-09-02
CIV,Cote d'Ivoire,2012,gdp_per_capita,1546.9460184731,World Bank WDI,2026-09-02
CIV,Cote d'Ivoire,2011,gdp_per_capita,1596.62826565998,World Bank WDI,2026-09-02
CIV,Cote d'Ivoire,2010,gdp_per_capita,1553.54887048143,World Bank WDI,2026-09-02
CIV,Cote d'Ivoire,2009,gdp_per_capita,1540.45393569596,World Bank WDI,2026-09-02
CIV,Cote d'Ivoire,2008,gdp_per_capita,1583.97066701372,World Bank WDI,2026-09-02
CIV,Cote d'Ivoire,2007,gdp_per_capita,1367.53817722326,World Bank WDI,2026-09-02
CIV,Cote d'Ivoire,2006,gdp_per_capita,1230.43056838584,World Bank WDI,2026-09-02
CIV,Cote d'Ivoire,2005,gdp_per_capita,1197.74616979415,World Bank WDI,2026-09-02
CIV,Cote d'Ivoire,2004,gdp_per_capita,1199.82524528546,World Bank WDI,2026-09-02
CIV,Cote d'Ivoire,2003,gdp_per_capita,1111.17135087887,World Bank WDI,2026-09-02
CIV,Cote d'Ivoire,2002,gdp_per_capita,967.815864415991,World Bank WDI,2026-09-02
CIV,Cote d'Ivoire,2001,gdp_per_capita,924.727294962066,World Bank WDI,2026-09-02
CIV,Cote d'Ivoire,2000,gdp_per_capita,936.636541348798,World Bank WDI,2026-09-02
HRV,Croatia,2023,gdp_per_capita,22183.4982258492,World Bank WDI,2026-09-02
HRV,Croatia,2022,gdp_per_capita,18465.531473659,World Bank WDI,2026-09-02
HRV,Croatia,2021,gdp_per_capita,17788.7601163765,World Bank WDI,2026-09-02
HRV,Croatia,2020,gdp_per_capita,14807.5559227544,World Bank WDI,2026-09-02
HRV,Croatia,2019,gdp_per_capita,15563.7354996625,World Bank WDI,2026-09-02
HRV,Croatia,2018,gdp_per_capita,15460.4560798984,World Bank WDI,2026-09-02
HRV,Croatia,2017,gdp_per_capita,13901.6498657787,World Bank WDI,2026-09-02
HRV,Croatia,2016,gdp_per_capita,12820.1872746645,World Bank WDI,2026-09-02
HRV,Croatia,2015,gdp_per_capita,12283.8750299177,World Bank WDI,2026-09-02
HRV,Croatia,2014,gdp_per_capita,14186.7712230471,World Bank WDI,2026-09-02
HRV,Croatia,2013,gdp_per_capita,14135.0903485872,World Bank WDI,2026-09-02
HRV,Croatia,2012,gdp_per_capita,13507.6349882758,World Bank WDI,2026-09-02
HRV,Croatia,2011,gdp_per_capita,14691.591757962,World Bank WDI,2026-09-02
HRV,Croatia,2010,gdp_per_capita,13729.7472872883,World Bank WDI,2026-09-02
HRV,Croatia,2009,gdp_per_capita,14474.52513863,World Bank WDI,2026-09-02
HRV,Croatia,2008,gdp_per_capita,15888.1184388903,World Bank WDI,2026-09-02
HRV,Croatia,2007,gdp_per_capita,13755.8149054063,World Bank WDI,2026-09-02
HRV,Croatia,2006,gdp_per_capita,11501.2327422844,World Bank WDI,2026-09-02
HRV,Croatia,2005,gdp_per_capita,10443.4484003498,World Bank WDI,2026-09-02
HRV,Croatia,2004,gdp_per_capita,9718.92771524605,World Bank WDI,2026-09-02
HRV,Croatia,2003,gdp_per_capita,8189.99059314699,World Bank WDI,2026-09-02
HRV,Croatia,2002,gdp_per_capita,6219.56093667781,World Bank WDI,2026-09-02
HRV,Croatia,2001,gdp_per_capita,5364.88188501029,World Bank WDI,2026-09-02
HRV,Croatia,2000,gdp_per_capita,4953.57515008131,World Bank WDI,2026-09-02
CUB,Cuba,2020,gdp_per_capita,9605.27914559614,World Bank WDI,2026-09-02
CUB,Cuba,2019,gdp_per_capita,9232.26115935183,World Bank WDI,2026-09-02
CUB,Cuba,2018,gdp_per_capita,8911.46205998726,World Bank WDI,2026-09-02
CUB,Cuba,2017,gdp_per_capita,8610.60829605429,World Bank WDI,2026-09-02
CUB,Cuba,2016,gdp_per_capita,8110.55874283616,World Bank WDI,2026-09-02
CUB,Cuba,2015,gdp_per_capita,7727.91997207998,World Bank WDI,2026-09-02
CUB,Cuba,2014,gdp_per_capita,7146.70459051328,World Bank WDI,2026-09-02
CUB,Cuba,2013,gdp_per_capita,6828.36428245396,World Bank WDI,2026-09-02
CUB,Cuba,2012,gdp_per_capita,6470.83673392653,World Bank WDI,2026-09-02
CUB,Cuba,2011,gdp_per_capita,6104.46105236166,World Bank WDI,2026-09-02
CUB,Cuba,2010,gdp_per_capita,5272.26755824835,World Bank WDI,2026-09-02
CUB,Cuba,2009,gdp_per_capita,5089.23519757167,World Bank WDI,2026-09-02
CUB,Cuba,2008,gdp_per_capita,4986.12436479175,World Bank WDI,2026-09-02
CUB,Cuba,2007,gdp_per_capita,4807.43888960684,World Bank WDI,2026-09-02
CUB,Cuba,2006,gdp_per_capita,4329.98265964383,World Bank WDI,2026-09-02
CUB,Cuba,2005,gdp_per_capita,3786.33799225291,World Bank WDI,2026-09-02
CUB,Cuba,2004,gdp_per_capita,3399.21962893402,World Bank WDI,2026-09-02
CUB,Cuba,2003,gdp_per_capita,3202.78109865637,World Bank WDI,2026-09-02
CUB,Cuba,2002,gdp_per_capita,3005.21104247868,World Bank WDI,2026-09-02
CUB,Cuba,2001,gdp_per_capita,2842.96704310394,World Bank WDI,2026-09-02
CUB,Cuba,2000,gdp_per_capita,2751.3817714814,World Bank WDI,2026-09-02
CUW,Curacao,2023,gdp_per_capita,21217.8109173312,World Bank WDI,2026-09-02
CUW,Curacao,2022,gdp_per_capita,20057.1404960105,World Bank WDI,2026-09-02
CUW,Curacao,2021,gdp_per_capita,17795.5826483092,World Bank WDI,2026-09-02
CUW,Curacao,2020,gdp_per_capita,16299.8134688605,World Bank WDI,2026-09-02
CUW,Curacao,2019,gdp_per_capita,19220.6866958303,World Bank WDI,2026-09-02
CUW,Curacao,2018,gdp_per_capita,19119.1243941688,World Bank WDI,2026-09-02
CUW,Curacao,2017,gdp_per_capita,18938.2440469703,World Bank WDI,2026-09-02
CUW,Curacao,2016,gdp_per_capita,18944.0961493998,World Bank WDI,2026-09-02
CUW,Curacao,2015,gdp_per_capita,19361.8130008678,World Bank WDI,2026-09-02
CUW,Curacao,2014,gdp_per_capita,19623.029993395,World Bank WDI,2026-09-02
CUW,Curacao,2013,gdp_per_capita,19721.2921646576,World Bank WDI,2026-09-02
CUW,Curacao,2012,gdp_per_capita,19809.8223198624,World Bank WDI,2026-09-02
CUW,Curacao,2011,gdp_per_capita,19426.326382752,World Bank WDI,2026-09-02
CUW,Curacao,2010,gdp_per_capita,19847.2310127979,World Bank WDI,2026-09-02
CUW,Curacao,2009,gdp_per_capita,19540.2476579348,World Bank WDI,2026-09-02
CUW,Curacao,2008,gdp_per_capita,19423.3352430175,World Bank WDI,2026-09-02
CUW,Curacao,2007,gdp_per_capita,18005.7165850772,World Bank WDI,2026-09-02
CUW,Curacao,2006,gdp_per_capita,17400.1637780186,World Bank WDI,2026-09-02
CUW,Curacao,2005,gdp_per_capita,17032.3356620744,World Bank WDI,2026-09-02
CUW,Curacao,2004,gdp_per_capita,16671.3403391655,World Bank WDI,2026-09-02
CUW,Curacao,2003,gdp_per_capita,16695.7351137757,World Bank WDI,2026-09-02
CUW,Curacao,2002,gdp_per_capita,16723.6925253468,World Bank WDI,2026-09-02
CUW,Curacao,2001,gdp_per_capita,16609.8454536485,World Bank WDI,2026-09-02
CUW,Curacao,2000,gdp_per_capita,15841.2612359949,World Bank WDI,2026-09-02
CYP,Cyprus,2023,gdp_per_capita,36623.70703125,World Bank WDI,2026-09-02
CYP,Cyprus,2022,gdp_per_capita,33231.05078125,World Bank WDI,2026-09-02
CYP,Cyprus,2021,gdp_per_capita,32937.8359375,World Bank WDI,2026-09-02
CYP,Cyprus,2020,gdp_per_capita,28130.330078125,World Bank WDI,2026-09-02
CYP,Cyprus,2019,gdp_per_capita,29227.16796875,World Bank WDI,2026-09-02
CYP,Cyprus,2018,gdp_per_capita,29120.38671875,World Bank WDI,2026-09-02
CYP,Cyprus,2017,gdp_per_capita,26247.46484375,World Bank WDI,2026-09-02
CYP,Cyprus,2016,gdp_per_capita,24280.044921875,World Bank WDI,2026-09-02
CYP,Cyprus,2015,gdp_per_capita,23088.4296875,World Bank WDI,2026-09-02
CYP,Cyprus,2014,gdp_per_capita,26993.095703125,World Bank WDI,2026-09-02
CYP,Cyprus,2013,gdp_per_capita,27764.7265625,World Bank WDI,2026-09-02
CYP,Cyprus,2012,gdp_per_capita,28991.9296875,World Bank WDI,2026-09-02
CYP,Cyprus,2011,gdp_per_capita,32485.8046875,World Bank WDI,2026-09-02
CYP,Cyprus,2010,gdp_per_capita,31105.02734375,World Bank WDI,2026-09-02
CYP,Cyprus,2009,gdp_per_capita,32236.462890625,World Bank WDI,2026-09-02
CYP,Cyprus,2008,gdp_per_capita,35541.88671875,World Bank WDI,2026-09-02
CYP,Cyprus,2007,gdp_per_capita,31244.87890625,World Bank WDI,2026-09-02
CYP,Cyprus,2006,gdp_per_capita,26729.28125,World Bank WDI,2026-09-02
CYP,Cyprus,2005,gdp_per_capita,24959.26171875,World Bank WDI,2026-09-02
CYP,Cyprus,2004,gdp_per_capita,23792.619140625,World Bank WDI,2026-09-02
CYP,Cyprus,2003,gdp_per_capita,20252.24609375,World Bank WDI,2026-09-02
CYP,Cyprus,2002,gdp_per_capita,16093.2158203125,World Bank WDI,2026-09-02
CYP,Cyprus,2001,gdp_per_capita,14821.44921875,World Bank WDI,2026-09-02
CYP,Cyprus,2000,gdp_per_capita,14388.3525390625,World Bank WDI,2026-09-02
CZE,Czechia,2023,gdp_per_capita,31761.5944102491,World Bank WDI,2026-09-02
CZE,Czechia,2022,gdp_per_capita,28282.2236715857,World Bank WDI,2026-09-02
CZE,Czechia,2021,gdp_per_capita,27696.4619527544,World Bank WDI,2026-09-02
CZE,Czechia,2020,gdp_per_capita,23472.8915454417,World Bank WDI,2026-09-02
CZE,Czechia,2019,gdp_per_capita,24062.7190013343,World Bank WDI,2026-09-02
CZE,Czechia,2018,gdp_per_capita,23705.9329811299,World Bank WDI,2026-09-02
CZE,Czechia,2017,gdp_per_capita,20913.197632212,World Bank WDI,2026-09-02
CZE,Czechia,2016,gdp_per_capita,18753.9686718096,World Bank WDI,2026-09-02
CZE,Czechia,2015,gdp_per_capita,17931.5987670768,World Bank WDI,2026-09-02
CZE,Czechia,2014,gdp_per_capita,20038.4163180257,World Bank WDI,2026-09-02
CZE,Czechia,2013,gdp_per_capita,20260.4954999375,World Bank WDI,2026-09-02
CZE,Czechia,2012,gdp_per_capita,20014.0354015165,World Bank WDI,2026-09-02
CZE,Czechia,2011,gdp_per_capita,22049.1080788682,World Bank WDI,2026-09-02
CZE,Czechia,2010,gdp_per_capita,20160.4355077059,World Bank WDI,2026-09-02
CZE,Czechia,2009,gdp_per_capita,19817.4215836554,World Bank WDI,2026-09-02
CZE,Czechia,2008,gdp_per_capita,22774.7045076205,World Bank WDI,2026-09-02
CZE,Czechia,2007,gdp_per_capita,18452.6532812196,World Bank WDI,2026-09-02
CZE,Czechia,2006,gdp_per_capita,15259.0788162004,World Bank WDI,2026-09-02
CZE,Czechia,2005,gdp_per_capita,13442.4916284309,World Bank WDI,2026-09-02
CZE,Czechia,2004,gdp_per_capita,11782.5546676117,World Bank WDI,2026-09-02
CZE,Czechia,2003,gdp_per_capita,9852.45677945801,World Bank WDI,2026-09-02
CZE,Czechia,2002,gdp_per_capita,8101.26018588111,World Bank WDI,2026-09-02
CZE,Czechia,2001,gdp_per_capita,6669.07494847497,World Bank WDI,2026-09-02
CZE,Czechia,2000,gdp_per_capita,6062.92152842793,World Bank WDI,2026-09-02
DNK,Denmark,2023,gdp_per_capita,68043.5466971243,World Bank WDI,2026-09-02
DNK,Denmark,2022,gdp_per_capita,67781.0940939514,World Bank WDI,2026-09-02
DNK,Denmark,2021,gdp_per_capita,69340.7334922138,World Bank WDI,2026-09-02
DNK,Denmark,2020,gdp_per_capita,60985.4885601514,World Bank WDI,2026-09-02
DNK,Denmark,2019,gdp_per_capita,59404.2663247723,World Bank WDI,2026-09-02
DNK,Denmark,2018,gdp_per_capita,61324.7665045565,World Bank WDI,2026-09-02
DNK,Denmark,2017,gdp_per_capita,57521.5514992225,World Bank WDI,2026-09-02
DNK,Denmark,2016,gdp_per_capita,54500.9260410217,World Bank WDI,2026-09-02
DNK,Denmark,2015,gdp_per_capita,53094.0133607574,World Bank WDI,2026-09-02
DNK,Denmark,2014,gdp_per_capita,62520.4509747011,World Bank WDI,2026-09-02
DNK,Denmark,2013,gdp_per_capita,61377.5940590412,World Bank WDI,2026-09-02
DNK,Denmark,2012,gdp_per_capita,58443.7747103968,World Bank WDI,2026-09-02
DNK,Denmark,2011,gdp_per_capita,61809.737898222,World Bank WDI,2026-09-02
DNK,Denmark,2010,gdp_per_capita,58104.5445594981,World Bank WDI,2026-09-02
DNK,Denmark,2009,gdp_per_capita,58412.7472358513,World Bank WDI,2026-09-02
DNK,Denmark,2008,gdp_per_capita,64616.6657583663,World Bank WDI,2026-09-02
DNK,Denmark,2007,gdp_per_capita,58631.6566433635,World Bank WDI,2026-09-02
DNK,Denmark,2006,gdp_per_capita,52119.1787984282,World Bank WDI,2026-09-02
DNK,Denmark,2005,gdp_per_capita,48925.8076698784,World Bank WDI,2026-09-02
DNK,Denmark,2004,gdp_per_capita,46625.050098011,World Bank WDI,2026-09-02
DNK,Denmark,2003,gdp_per_capita,40519.0974905924,World Bank WDI,2026-09-02
DNK,Denmark,2002,gdp_per_capita,33257.1622586509,World Bank WDI,2026-09-02
DNK,Denmark,2001,gdp_per_capita,30768.4775471112,World Bank WDI,2026-09-02
DNK,Denmark,2000,gdp_per_capita,30722.0251837567,World Bank WDI,2026-09-02
DJI,Djibouti,2023,gdp_per_capita,3381.29779710722,World Bank WDI,2026-09-02
DJI,Djibouti,2022,gdp_per_capita,3133.25779772463,World Bank WDI,2026-09-02
DJI,Djibouti,2021,gdp_per_capita,3025.91126413549,World Bank WDI,2026-09-02
DJI,Djibouti,2020,gdp_per_capita,2844.88810647853,World Bank WDI,2026-09-02
DJI,Djibouti,2019,gdp_per_capita,2837.16902340932,World Bank WDI,2026-09-02
DJI,Djibouti,2018,gdp_per_capita,2718.08338799203,World Bank WDI,2026-09-02
DJI,Djibouti,2017,gdp_per_capita,2618.95521147369,World Bank WDI,2026-09-02
DJI,Djibouti,2016,gdp_per_capita,2510.4300076241,World Bank WDI,2026-09-02
DJI,Djibouti,2015,gdp_per_capita,2376.12554719873,World Bank WDI,2026-09-02
DJI,Djibouti,2014,gdp_per_capita,2214.62084142432,World Bank WDI,2026-09-02
DJI,Djibouti,2013,gdp_per_capita,2075.94498424748,World Bank WDI,2026-09-02
DJI,Djibouti,2012,gdp_per_capita,1400.19357858954,World Bank WDI,2026-09-02
DJI,Djibouti,2011,gdp_per_capita,1306.34552844977,World Bank WDI,2026-09-02
DJI,Djibouti,2010,gdp_per_capita,1213.23352553429,World Bank WDI,2026-09-02
DJI,Djibouti,2009,gdp_per_capita,1150.9375857489,World Bank WDI,2026-09-02
DJI,Djibouti,2008,gdp_per_capita,1119.15233346969,World Bank WDI,2026-09-02
DJI,Djibouti,2007,gdp_per_capita,969.573220191902,World Bank WDI,2026-09-02
DJI,Djibouti,2006,gdp_per_capita,898.464628136774,World Bank WDI,2026-09-02
DJI,Djibouti,2005,gdp_per_capita,844.4483573908,World Bank WDI,2026-09-02
DJI,Djibouti,2004,gdp_per_capita,806.261652944964,World Bank WDI,2026-09-02
DJI,Djibouti,2003,gdp_per_capita,764.634465224597,World Bank WDI,2026-09-02
DJI,Djibouti,2002,gdp_per_capita,743.013270420348,World Bank WDI,2026-09-02
DJI,Djibouti,2001,gdp_per_capita,742.133791107063,World Bank WDI,2026-09-02
DJI,Djibouti,2000,gdp_per_capita,737.612183644052,World Bank WDI,2026-09-02
DMA,Dominica,2023,gdp_per_capita,9912.96212766668,World Bank WDI,2026-09-02
DMA,Dominica,2022,gdp_per_capita,9323.66089490562,World Bank WDI,2026-09-02
DMA,Dominica,2021,gdp_per_capita,8376.40414141113,World Bank WDI,2026-09-02
DMA,Dominica,2020,gdp_per_capita,7827.74842680426,World Bank WDI,2026-09-02
DMA,Dominica,2019,gdp_per_capita,9491.14995962374,World Bank WDI,2026-09-02
DMA,Dominica,2018,gdp_per_capita,9215.3085405645,World Bank WDI,2026-09-02
DMA,Dominica,2017,gdp_per_capita,8224.64896571414,World Bank WDI,2026-09-02
DMA,Dominica,2016,gdp_per_capita,8802.56172041363,World Bank WDI,2026-09-02
DMA,Dominica,2015,gdp_per_capita,8282.59874702141,World Bank WDI,2026-09-02
DMA,Dominica,2014,gdp_per_capita,8131.74876096735,World Bank WDI,2026-09-02
DMA,Dominica,2013,gdp_per_capita,7822.21797211398,World Bank WDI,2026-09-02
DMA,Dominica,2012,gdp_per_capita,7528.51001990155,World Bank WDI,2026-09-02
DMA,Dominica,2011,gdp_per_capita,7705.40717248319,World Bank WDI,2026-09-02
DMA,Dominica,2010,gdp_per_capita,7549.61964680375,World Bank WDI,2026-09-02
DMA,Dominica,2009,gdp_per_capita,7487.49010395154,World Bank WDI,2026-09-02
DMA,Dominica,2008,gdp_per_capita,6971.32633839289,World Bank WDI,2026-09-02
DMA,Dominica,2007,gdp_per_capita,6459.03503689609,World Bank WDI,2026-09-02
DMA,Dominica,2006,gdp_per_capita,6055.78109574854,World Bank WDI,2026-09-02
DMA,Dominica,2005,gdp_per_capita,5695.22442394675,World Bank WDI,2026-09-02
DMA,Dominica,2004,gdp_per_capita,5778.83306546506,World Bank WDI,2026-09-02
DMA,Dominica,2003,gdp_per_capita,5447.44011496284,World Bank WDI,2026-09-02
DMA,Dominica,2002,gdp_per_capita,5488.02784969357,World Bank WDI,2026-09-02
DMA,Dominica,2001,gdp_per_capita,5527.51527300496,World Bank WDI,2026-09-02
DMA,Dominica,2000,gdp_per_capita,4867.39896323759,World Bank WDI,2026-09-02
DOM,Dominican Republic,2023,gdp_per_capita,10630.431743829,World Bank WDI,2026-09-02
DOM,Dominican Republic,2022,gdp_per_capita,10104.2464008585,World Bank WDI,2026-09-02
DOM,Dominican Republic,2021,gdp_per_capita,8527.0754858205,World Bank WDI,2026-09-02
DOM,Dominican Republic,2020,gdp_per_capita,7135.22273255899,World Bank WDI,2026-09-02
DOM,Dominican Republic,2019,gdp_per_capita,8183.01623600375,World Bank WDI,2026-09-02
DOM,Dominican Republic,2018,gdp_per_capita,7882.98221584944,World Bank WDI,2026-09-02
DOM,Dominican Republic,2017,gdp_per_capita,7412.71571571512,World Bank WDI,2026-09-02
DOM,Dominican Republic,2016,gdp_per_capita,7160.44200982307,World Bank WDI,2026-09-02
DOM,Dominican Republic,2015,gdp_per_capita,6800.95309395474,World Bank WDI,2026-09-02
DOM,Dominican Republic,2014,gdp_per_capita,6496.45166971142,World Bank WDI,2026-09-02
DOM,Dominican Republic,2013,gdp_per_capita,6136.59429329301,World Bank WDI,2026-09-02
DOM,Dominican Republic,2012,gdp_per_capita,6013.81965002603,World Bank WDI,2026-09-02
DOM,Dominican Republic,2011,gdp_per_capita,5826.51014109195,World Bank WDI,2026-09-02
DOM,Dominican Republic,2010,gdp_per_capita,5478.62470398954,World Bank WDI,2026-09-02
DOM,Dominican Republic,2009,gdp_per_capita,4973.95186999952,World Bank WDI,2026-09-02
DOM,Dominican Republic,2008,gdp_per_capita,5023.58513403515,World Bank WDI,2026-09-02
DOM,Dominican Republic,2007,gdp_per_capita,4649.64558875814,World Bank WDI,2026-09-02
DOM,Dominican Republic,2006,gdp_per_capita,4055.14270347371,World Bank WDI,2026-09-02
DOM,Dominican Republic,2005,gdp_per_capita,3878.31206735244,World Bank WDI,2026-09-02
DOM,Dominican Republic,2004,gdp_per_capita,2451.69161616569,World Bank WDI,2026-09-02
DOM,Dominican Republic,2003,gdp_per_capita,2383.26171780393,World Bank WDI,2026-09-02
DOM,Dominican Republic,2002,gdp_per_capita,3065.60329524196,World Bank WDI,2026-09-02
DOM,Dominican Republic,2001,gdp_per_capita,2935.89367312668,World Bank WDI,2026-09-02
DOM,Dominican Republic,2000,gdp_per_capita,2831.45883638033,World Bank WDI,2026-09-02
ECU,Ecuador,2023,gdp_per_capita,6718.1447938811,World Bank WDI,2026-09-02
ECU,Ecuador,2022,gdp_per_capita,6515.58528418336,World Bank WDI,2026-09-02
ECU,Ecuador,2021,gdp_per_capita,6061.32350181711,World Bank WDI,2026-09-02
ECU,Ecuador,2020,gdp_per_capita,5463.64515348598,World Bank WDI,2026-09-02
ECU,Ecuador,2019,gdp_per_capita,6205.05765246766,World Bank WDI,2026-09-02
ECU,Ecuador,2018,gdp_per_capita,6303.91886658338,World Bank WDI,2026-09-02
ECU,Ecuador,2017,gdp_per_capita,6233.32244797718,World Bank WDI,2026-09-02
ECU,Ecuador,2016,gdp_per_capita,5917.63771271481,World Bank WDI,2026-09-02
ECU,Ecuador,2015,gdp_per_capita,5976.1596805651,World Bank WDI,2026-09-02
ECU,Ecuador,2014,gdp_per_capita,6405.79979300441,World Bank WDI,2026-09-02
ECU,Ecuador,2013,gdp_per_capita,6109.29031510341,World Bank WDI,2026-09-02
ECU,Ecuador,2012,gdp_per_capita,5634.08393191094,World Bank WDI,2026-09-02
ECU,Ecuador,2011,gdp_per_capita,5153.6916424375,World Bank WDI,2026-09-02
ECU,Ecuador,2010,gdp_per_capita,4520.30959039763,World Bank WDI,2026-09-02
ECU,Ecuador,2009,gdp_per_capita,4053.36331139298,World Bank WDI,2026-09-02
ECU,Ecuador,2008,gdp_per_capita,4194.75750661981,World Bank WDI,2026-09-02
ECU,Ecuador,2007,gdp_per_capita,3478.92488770671,World Bank WDI,2026-09-02
ECU,Ecuador,2006,gdp_per_capita,3243.67010359339,World Bank WDI,2026-09-02
ECU,Ecuador,2005,gdp_per_capita,2909.02606014388,World Bank WDI,2026-09-02
ECU,Ecuador,2004,gdp_per_capita,2586.20914663347,World Bank WDI,2026-09-02
ECU,Ecuador,2003,gdp_per_capita,2315.62215223014,World Bank WDI,2026-09-02
ECU,Ecuador,2002,gdp_per_capita,2059.1585535974,World Bank WDI,2026-09-02
ECU,Ecuador,2001,gdp_per_capita,1791.30359685037,World Bank WDI,2026-09-02
ECU,Ecuador,2000,gdp_per_capita,1382.23421759909,World Bank WDI,2026-09-02
EGY,"Egypt, Arab Rep.",2023,gdp_per_capita,3456.78965212363,World Bank WDI,2026-09-02
EGY,"Egypt, Arab Rep.",2022,gdp_per_capita,4233.30783744856,World Bank WDI,2026-09-02
EGY,"Egypt, Arab Rep.",2021,gdp_per_capita,3827.35415374308,World Bank WDI,2026-09-02
EGY,"Egypt, Arab Rep.",2020,gdp_per_capita,3511.11381026379,World Bank WDI,2026-09-02
EGY,"Egypt, Arab Rep.",2019,gdp_per_capita,2962.98892023003,World Bank WDI,2026-09-02
EGY,"Egypt, Arab Rep.",2018,gdp_per_capita,2484.70315630508,World Bank WDI,2026-09-02
EGY,"Egypt, Arab Rep.",2017,gdp_per_capita,2395.10333299491,World Bank WDI,2026-09-02
EGY,"Egypt, Arab Rep.",2016,gdp_per_capita,3270.6287768197,World Bank WDI,2026-09-02
EGY,"Egypt, Arab Rep.",2015,gdp_per_capita,3306.98159414141,World Bank WDI,2026-09-02
EGY,"Egypt, Arab Rep.",2014,gdp_per_capita,3133.39102265541,World Bank WDI,2026-09-02
EGY,"Egypt, Arab Rep.",2013,gdp_per_capita,3025.52563552448,World Bank WDI,2026-09-02
EGY,"Egypt, Arab Rep.",2012,gdp_per_capita,2996.0677072015,World Bank WDI,2026-09-02
EGY,"Egypt, Arab Rep.",2011,gdp_per_capita,2590.64384891965,World Bank WDI,2026-09-02
EGY,"Egypt, Arab Rep.",2010,gdp_per_capita,2455.08194645282,World Bank WDI,2026-09-02
EGY,"Egypt, Arab Rep.",2009,gdp_per_capita,2161.63964573927,World Bank WDI,2026-09-02
EGY,"Egypt, Arab Rep.",2008,gdp_per_capita,1896.21594269779,World Bank WDI,2026-09-02
EGY,"Egypt, Arab Rep.",2007,gdp_per_capita,1547.74170735909,World Bank WDI,2026-09-02
EGY,"Egypt, Arab Rep.",2006,gdp_per_capita,1298.97900203124,World Bank WDI,2026-09-02
EGY,"Egypt, Arab Rep.",2005,gdp_per_capita,1105.53920713903,World Bank WDI,2026-09-02
EGY,"Egypt, Arab Rep.",2004,gdp_per_capita,991.255689145253,World Bank WDI,2026-09-02
EGY,"Egypt, Arab Rep.",2003,gdp_per_capita,1031.27556291284,World Bank WDI,2026-09-02
EGY,"Egypt, Arab Rep.",2002,gdp_per_capita,1116.82884626213,World Bank WDI,2026-09-02
EGY,"Egypt, Arab Rep.",2001,gdp_per_capita,1295.1374184163,World Bank WDI,2026-09-02
EGY,"Egypt, Arab Rep.",2000,gdp_per_capita,1366.09274372613,World Bank WDI,2026-09-02
SLV,El Salvador,2023,gdp_per_capita,5319.7195268688,World Bank WDI,2026-09-02
SLV,El Salvador,2022,gdp_per_capita,5074.60050994225,World Bank WDI,2026-09-02
SLV,El Salvador,2021,gdp_per_capita,4642.60743101342,World Bank WDI,2026-09-02
SLV,El Salvador,2020,gdp_per_capita,3997.19279583709,World Bank WDI,2026-09-02
SLV,El Salvador,2019,gdp_per_capita,4320.11671534627,World Bank WDI,2026-09-02
SLV,El Salvador,2018,gdp_per_capita,4183.54620971358,World Bank WDI,2026-09-02
SLV,El Salvador,2017,gdp_per_capita,4020.12671373919,World Bank WDI,2026-09-02
SLV,El Salvador,2016,gdp_per_capita,3901.34014965811,World Bank WDI,2026-09-02
SLV,El Salvador,2015,gdp_per_capita,3790.34089108162,World Bank WDI,2026-09-02
SLV,El Salvador,2014,gdp_per_capita,3666.01248913873,World Bank WDI,2026-09-02
SLV,El Salvador,2013,gdp_per_capita,3582.26694005169,World Bank WDI,2026-09-02
SLV,El Salvador,2012,gdp_per_capita,3497.91256915509,World Bank WDI,2026-09-02
SLV,El Salvador,2011,gdp_per_capita,3330.60049486653,World Bank WDI,2026-09-02
SLV,El Salvador,2010,gdp_per_capita,3040.07300952878,World Bank WDI,2026-09-02
SLV,El Salvador,2009,gdp_per_capita,2910.18651752011,World Bank WDI,2026-09-02
SLV,El Salvador,2008,gdp_per_capita,2983.24829577976,World Bank WDI,2026-09-02
SLV,El Salvador,2007,gdp_per_capita,2830.65693770733,World Bank WDI,2026-09-02
SLV,El Salvador,2006,gdp_per_capita,2665.61807194853,World Bank WDI,2026-09-02
SLV,El Salvador,2005,gdp_per_capita,2447.39140845394,World Bank WDI,2026-09-02
SLV,El Salvador,2004,gdp_per_capita,2285.68907438892,World Bank WDI,2026-09-02
SLV,El Salvador,2003,gdp_per_capita,2207.83089518069,World Bank WDI,2026-09-02
SLV,El Salvador,2002,gdp_per_capita,2115.41187355626,World Bank WDI,2026-09-02
SLV,El Salvador,2001,gdp_per_capita,2058.04459070452,World Bank WDI,2026-09-02
SLV,El Salvador,2000,gdp_per_capita,1982.87093542615,World Bank WDI,2026-09-02
GNQ,Equatorial Guinea,2023,gdp_per_capita,6788.35271638376,World Bank WDI,2026-09-02
GNQ,Equatorial Guinea,2022,gdp_per_capita,7589.29964909381,World Bank WDI,2026-09-02
GNQ,Equatorial Guinea,2021,gdp_per_capita,6945.63069794539,World Bank WDI,2026-09-02
GNQ,Equatorial Guinea,2020,gdp_per_capita,5764.05502912947,World Bank WDI,2026-09-02
GNQ,Equatorial Guinea,2019,gdp_per_capita,6804.14923073888,World Bank WDI,2026-09-02
GNQ,Equatorial Guinea,2018,gdp_per_capita,8102.47084834031,World Bank WDI,2026-09-02
GNQ,Equatorial Guinea,2017,gdp_per_capita,7809.10465655488,World Bank WDI,2026-09-02
GNQ,Equatorial Guinea,2016,gdp_per_capita,7453.19797948517,World Bank WDI,2026-09-02
GNQ,Equatorial Guinea,2015,gdp_per_capita,9068.91003238645,World Bank WDI,2026-09-02
GNQ,Equatorial Guinea,2014,gdp_per_capita,15548.6624656619,World Bank WDI,2026-09-02
GNQ,Equatorial Guinea,2013,gdp_per_capita,16304.0713196418,World Bank WDI,2026-09-02
GNQ,Equatorial Guinea,2012,gdp_per_capita,17308.5723924575,World Bank WDI,2026-09-02
GNQ,Equatorial Guinea,2011,gdp_per_capita,17198.2136668275,World Bank WDI,2026-09-02
GNQ,Equatorial Guinea,2010,gdp_per_capita,13720.1658723222,World Bank WDI,2026-09-02
GNQ,Equatorial Guinea,2009,gdp_per_capita,13232.5019378102,World Bank WDI,2026-09-02
GNQ,Equatorial Guinea,2008,gdp_per_capita,18210.5552970599,World Bank WDI,2026-09-02
GNQ,Equatorial Guinea,2007,gdp_per_capita,12616.9532942011,World Bank WDI,2026-09-02
GNQ,Equatorial Guinea,2006,gdp_per_capita,10184.8841248541,World Bank WDI,2026-09-02
GNQ,Equatorial Guinea,2005,gdp_per_capita,8673.9026086535,World Bank WDI,2026-09-02
GNQ,Equatorial Guinea,2004,gdp_per_capita,4901.30127408119,World Bank WDI,2026-09-02
GNQ,Equatorial Guinea,2003,gdp_per_capita,2930.60183743733,World Bank WDI,2026-09-02
GNQ,Equatorial Guinea,2002,gdp_per_capita,2264.21065580365,World Bank WDI,2026-09-02
GNQ,Equatorial Guinea,2001,gdp_per_capita,1948.61145907844,World Bank WDI,2026-09-02
GNQ,Equatorial Guinea,2000,gdp_per_capita,1487.3165506701,World Bank WDI,2026-09-02
ERI,Eritrea,2011,gdp_per_capita,688.68165957684,World Bank WDI,2026-09-02
ERI,Eritrea,2010,gdp_per_capita,539.699512069686,World Bank WDI,2026-09-02
ERI,Eritrea,2009,gdp_per_capita,642.92572288007,World Bank WDI,2026-09-02
ERI,Eritrea,2008,gdp_per_capita,490.066956003333,World Bank WDI,2026-09-02
ERI,Eritrea,2007,gdp_per_capita,480.44762365456,World Bank WDI,2026-09-02
ERI,Eritrea,2006,gdp_per_capita,447.997404727201,World Bank WDI,2026-09-02
ERI,Eritrea,2005,gdp_per_capita,412.753079199423,World Bank WDI,2026-09-02
ERI,Eritrea,2004,gdp_per_capita,426.840947887032,World Bank WDI,2026-09-02
ERI,Eritrea,2003,gdp_per_capita,348.950327077742,World Bank WDI,2026-09-02
ERI,Eritrea,2002,gdp_per_capita,304.775756465092,World Bank WDI,2026-09-02
ERI,Eritrea,2001,gdp_per_capita,325.409161513593,World Bank WDI,2026-09-02
ERI,Eritrea,2000,gdp_per_capita,314.357396753501,World Bank WDI,2026-09-02
EST,Estonia,2023,gdp_per_capita,30264.0064885057,World Bank WDI,2026-09-02
EST,Estonia,2022,gdp_per_capita,28340.3826549406,World Bank WDI,2026-09-02
EST,Estonia,2021,gdp_per_capita,27951.1659277744,World Bank WDI,2026-09-02
EST,Estonia,2020,gdp_per_capita,23933.9939421065,World Bank WDI,2026-09-02
EST,Estonia,2019,gdp_per_capita,24021.2501413306,World Bank WDI,2026-09-02
EST,Estonia,2018,gdp_per_capita,23618.1361254581,World Bank WDI,2026-09-02
EST,Estonia,2017,gdp_per_capita,20851.5223496861,World Bank WDI,2026-09-02
EST,Estonia,2016,gdp_per_capita,18666.3736521706,World Bank WDI,2026-09-02
EST,Estonia,2015,gdp_per_capita,17722.1557669523,World Bank WDI,2026-09-02
EST,Estonia,2014,gdp_per_capita,20581.7898991695,World Bank WDI,2026-09-02
EST,Estonia,2013,gdp_per_capita,19310.3874900757,World Bank WDI,2026-09-02
EST,Estonia,2012,gdp_per_capita,17568.2137969714,World Bank WDI,2026-09-02
EST,Estonia,2011,gdp_per_capita,17555.5455239426,World Bank WDI,2026-09-02
EST,Estonia,2010,gdp_per_capita,14663.7041018705,World Bank WDI,2026-09-02
EST,Estonia,2009,gdp_per_capita,14712.4494217916,World Bank WDI,2026-09-02
EST,Estonia,2008,gdp_per_capita,18205.9064113446,World Bank WDI,2026-09-02
EST,Estonia,2007,gdp_per_capita,16745.4308011148,World Bank WDI,2026-09-02
EST,Estonia,2006,gdp_per_capita,12641.4800976473,World Bank WDI,2026-09-02
EST,Estonia,2005,gdp_per_capita,10414.6381183565,World Bank WDI,2026-09-02
EST,Estonia,2004,gdp_per_capita,8916.0728274602,World Bank WDI,2026-09-02
EST,Estonia,2003,gdp_per_capita,7205.40703313243,World Bank WDI,2026-09-02
EST,Estonia,2002,gdp_per_capita,5343.18310760735,World Bank WDI,2026-09-02
EST,Estonia,2001,gdp_per_capita,4502.66614992392,World Bank WDI,2026-09-02
EST,Estonia,2000,gdp_per_capita,4070.60902410208,World Bank WDI,2026-09-02
SWZ,Eswatini,2023,gdp_per_capita,3755.52111232464,World Bank WDI,2026-09-02
SWZ,Eswatini,2022,gdp_per_capita,3894.1620089869,World Bank WDI,2026-09-02
SWZ,Eswatini,2021,gdp_per_capita,3984.00229174306,World Bank WDI,2026-09-02
SWZ,Eswatini,2020,gdp_per_capita,3466.56936278145,World Bank WDI,2026-09-02
SWZ,Eswatini,2019,gdp_per_capita,3913.14577547336,World Bank WDI,2026-09-02
SWZ,Eswatini,2018,gdp_per_capita,3972.65450620357,World Bank WDI,2026-09-02
SWZ,Eswatini,2017,gdp_per_capita,3853.09956569679,World Bank WDI,2026-09-02
SWZ,Eswatini,2016,gdp_per_capita,3238.17611961364,World Bank WDI,2026-09-02
SWZ,Eswatini,2015,gdp_per_capita,3419.82276559528,World Bank WDI,2026-09-02
SWZ,Eswatini,2014,gdp_per_capita,3771.07228381938,World Bank WDI,2026-09-02
SWZ,Eswatini,2013,gdp_per_capita,3949.94310039907,World Bank WDI,2026-09-02
SWZ,Eswatini,2012,gdp_per_capita,4224.54789174487,World Bank WDI,2026-09-02
SWZ,Eswatini,2011,gdp_per_capita,4225.06049411911,World Bank WDI,2026-09-02
SWZ,Eswatini,2010,gdp_per_capita,3922.74039390733,World Bank WDI,2026-09-02
SWZ,Eswatini,2009,gdp_per_capita,3189.79679956637,World Bank WDI,2026-09-02
SWZ,Eswatini,2008,gdp_per_capita,2946.8606613746,World Bank WDI,2026-09-02
SWZ,Eswatini,2007,gdp_per_capita,3109.11097608864,World Bank WDI,2026-09-02
SWZ,Eswatini,2006,gdp_per_capita,2964.95865200682,World Bank WDI,2026-09-02
SWZ,Eswatini,2005,gdp_per_capita,2871.06877437449,World Bank WDI,2026-09-02
SWZ,Eswatini,2004,gdp_per_capita,2525.5640452625,World Bank WDI,2026-09-02
SWZ,Eswatini,2003,gdp_per_capita,2015.21743065251,World Bank WDI,2026-09-02
SWZ,Eswatini,2002,gdp_per_capita,1315.73634647994,World Bank WDI,2026-09-02
SWZ,Eswatini,2001,gdp_per_capita,1429.85630359447,World Bank WDI,2026-09-02
SWZ,Eswatini,2000,gdp_per_capita,1629.67038842815,World Bank WDI,2026-09-02
ETH,Ethiopia,2023,gdp_per_capita,1055.81091593061,World Bank WDI,2026-09-02
ETH,Ethiopia,2022,gdp_per_capita,982.103161502198,World Bank WDI,2026-09-02
ETH,Ethiopia,2021,gdp_per_capita,893.009835441784,World Bank WDI,2026-09-02
ETH,Ethiopia,2020,gdp_per_capita,829.790982552951,World Bank WDI,2026-09-02
ETH,Ethiopia,2019,gdp_per_capita,793.473247218996,World Bank WDI,2026-09-02
ETH,Ethiopia,2018,gdp_per_capita,739.702022272086,World Bank WDI,2026-09-02
ETH,Ethiopia,2017,gdp_per_capita,696.348429076216,World Bank WDI,2026-09-02
ETH,Ethiopia,2016,gdp_per_capita,641.651523286233,World Bank WDI,2026-09-02
ETH,Ethiopia,2015,gdp_per_capita,597.912113218663,World Bank WDI,2026-09-02
ETH,Ethiopia,2014,gdp_per_capita,549.986577082588,World Bank WDI,2026-09-02
ETH,Ethiopia,2013,gdp_per_capita,484.039833104062,World Bank WDI,2026-09-02
ETH,Ethiopia,2012,gdp_per_capita,452.101031885754,World Bank WDI,2026-09-02
ETH,Ethiopia,2011,gdp_per_capita,343.024942351887,World Bank WDI,2026-09-02
ETH,Ethiopia,2010,gdp_per_capita,330.619412798644,World Bank WDI,2026-09-02
ETH,Ethiopia,2009,gdp_per_capita,368.574712267445,World Bank WDI,2026-09-02
ETH,Ethiopia,2008,gdp_per_capita,316.410475118075,World Bank WDI,2026-09-02
ETH,Ethiopia,2007,gdp_per_capita,237.146255996319,World Bank WDI,2026-09-02
ETH,Ethiopia,2006,gdp_per_capita,189.345737521418,World Bank WDI,2026-09-02
ETH,Ethiopia,2005,gdp_per_capita,158.243458082465,World Bank WDI,2026-09-02
ETH,Ethiopia,2004,gdp_per_capita,133.169812538096,World Bank WDI,2026-09-02
ETH,Ethiopia,2003,gdp_per_capita,116.800491132777,World Bank WDI,2026-09-02
ETH,Ethiopia,2002,gdp_per_capita,109.593813612988,World Bank WDI,2026-09-02
ETH,Ethiopia,2001,gdp_per_capita,118.457204255261,World Bank WDI,2026-09-02
ETH,Ethiopia,2000,gdp_per_capita,122.269202606069,World Bank WDI,2026-09-02
FRO,Faroe Islands,2023,gdp_per_capita,72486.6910957957,World Bank WDI,2026-09-02
FRO,Faroe Islands,2022,gdp_per_capita,67069.3987440509,World Bank WDI,2026-09-02
FRO,Faroe Islands,2021,gdp_per_capita,69421.6981686515,World Bank WDI,2026-09-02
FRO,Faroe Islands,2020,gdp_per_capita,62247.9273907098,World Bank WDI,2026-09-02
FRO,Faroe Islands,2019,gdp_per_capita,63070.7228080361,World Bank WDI,2026-09-02
FRO,Faroe Islands,2018,gdp_per_capita,62525.2647698273,World Bank WDI,2026-09-02
FRO,Faroe Islands,2017,gdp_per_capita,59388.5365965776,World Bank WDI,2026-09-02
FRO,Faroe Islands,2016,gdp_per_capita,56876.4302363804,World Bank WDI,2026-09-02
FRO,Faroe Islands,2015,gdp_per_capita,52638.2668218454,World Bank WDI,2026-09-02
FRO,Faroe Islands,2014,gdp_per_capita,60173.3057854661,World Bank WDI,2026-09-02
FRO,Faroe Islands,2013,gdp_per_capita,55759.364098362,World Bank WDI,2026-09-02
FRO,Faroe Islands,2012,gdp_per_capita,50263.0024625867,World Bank WDI,2026-09-02
FRO,Faroe Islands,2011,gdp_per_capita,51620.0541648551,World Bank WDI,2026-09-02
FRO,Faroe Islands,2010,gdp_per_capita,47924.1364756678,World Bank WDI,2026-09-02
FRO,Faroe Islands,2009,gdp_per_capita,47060.1592550833,World Bank WDI,2026-09-02
FRO,Faroe Islands,2008,gdp_per_capita,51287.8911081663,World Bank WDI,2026-09-02
FRO,Faroe Islands,2007,gdp_per_capita,48348.7393711011,World Bank WDI,2026-09-02
FRO,Faroe Islands,2006,gdp_per_capita,41743.6812847661,World Bank WDI,2026-09-02
FRO,Faroe Islands,2005,gdp_per_capita,36389.081644098,World Bank WDI,2026-09-02
FRO,Faroe Islands,2004,gdp_per_capita,35647.5440400531,World Bank WDI,2026-09-02
FRO,Faroe Islands,2003,gdp_per_capita,31269.6031997217,World Bank WDI,2026-09-02
FRO,Faroe Islands,2002,gdp_per_capita,26937.6505602847,World Bank WDI,2026-09-02
FRO,Faroe Islands,2001,gdp_per_capita,24879.7729617864,World Bank WDI,2026-09-02
FRO,Faroe Islands,2000,gdp_per_capita,23322.7593357515,World Bank WDI,2026-09-02
FJI,Fiji,2023,gdp_per_capita,5926.20586394763,World Bank WDI,2026-09-02
FJI,Fiji,2022,gdp_per_capita,5414.12092119088,World Bank WDI,2026-09-02
FJI,Fiji,2021,gdp_per_capita,4536.73312110335,World Bank WDI,2026-09-02
FJI,Fiji,2020,gdp_per_capita,4620.6457238014,World Bank WDI,2026-09-02
FJI,Fiji,2019,gdp_per_capita,5842.07344577597,World Bank WDI,2026-09-02
FJI,Fiji,2018,gdp_per_capita,6085.41979485376,World Bank WDI,2026-09-02
FJI,Fiji,2017,gdp_per_capita,5826.84814459328,World Bank WDI,2026-09-02
FJI,Fiji,2016,gdp_per_capita,5363.79026679243,World Bank WDI,2026-09-02
FJI,Fiji,2015,gdp_per_capita,5097.53106864695,World Bank WDI,2026-09-02
FJI,Fiji,2014,gdp_per_capita,5293.35676680464,World Bank WDI,2026-09-02
FJI,Fiji,2013,gdp_per_capita,4572.44377544245,World Bank WDI,2026-09-02
FJI,Fiji,2012,gdp_per_capita,4341.40338748749,World Bank WDI,2026-09-02
FJI,Fiji,2011,gdp_per_capita,4139.60288609702,World Bank WDI,2026-09-02
FJI,Fiji,2010,gdp_per_capita,3449.14452883369,World Bank WDI,2026-09-02
FJI,Fiji,2009,gdp_per_capita,3164.13275408169,World Bank WDI,2026-09-02
FJI,Fiji,2008,gdp_per_capita,3899.92231512129,World Bank WDI,2026-09-02
FJI,Fiji,2007,gdp_per_capita,3762.74692789299,World Bank WDI,2026-09-02
FJI,Fiji,2006,gdp_per_capita,3455.10599907349,World Bank WDI,2026-09-02
FJI,Fiji,2005,gdp_per_capita,3377.69126953493,World Bank WDI,2026-09-02
FJI,Fiji,2004,gdp_per_capita,3097.19096651759,World Bank WDI,2026-09-02
FJI,Fiji,2003,gdp_per_capita,2655.58079586044,World Bank WDI,2026-09-02
FJI,Fiji,2002,gdp_per_capita,2136.56794118683,World Bank WDI,2026-09-02
FJI,Fiji,2001,gdp_per_capita,1944.997414609,World Bank WDI,2026-09-02
FJI,Fiji,2000,gdp_per_capita,1995.72071163264,World Bank WDI,2026-09-02
FIN,Finland,2023,gdp_per_capita,52864.6931581216,World Bank WDI,2026-09-02
FIN,Finland,2022,gdp_per_capita,50440.560224974,World Bank WDI,2026-09-02
FIN,Finland,2021,gdp_per_capita,53099.1351400148,World Bank WDI,2026-09-02
FIN,Finland,2020,gdp_per_capita,48828.6846862799,World Bank WDI,2026-09-02
FIN,Finland,2019,gdp_per_capita,48358.1807773701,World Bank WDI,2026-09-02
FIN,Finland,2018,gdp_per_capita,49654.2497035329,World Bank WDI,2026-09-02
FIN,Finland,2017,gdp_per_capita,46085.0174739036,World Bank WDI,2026-09-02
FIN,Finland,2016,gdp_per_capita,43451.2562442158,World Bank WDI,2026-09-02
FIN,Finland,2015,gdp_per_capita,42560.3456767103,World Bank WDI,2026-09-02
FIN,Finland,2014,gdp_per_capita,50073.7760815871,World Bank WDI,2026-09-02
FIN,Finland,2013,gdp_per_capita,49691.0145200739,World Bank WDI,2026-09-02
FIN,Finland,2012,gdp_per_capita,47551.6740841369,World Bank WDI,2026-09-02
FIN,Finland,2011,gdp_per_capita,51060.3242589767,World Bank WDI,2026-09-02
FIN,Finland,2010,gdp_per_capita,46506.2919016566,World Bank WDI,2026-09-02
FIN,Finland,2009,gdp_per_capita,47478.3495310999,World Bank WDI,2026-09-02
FIN,Finland,2008,gdp_per_capita,53769.4726240385,World Bank WDI,2026-09-02
FIN,Finland,2007,gdp_per_capita,48473.0240091455,World Bank WDI,2026-09-02
FIN,Finland,2006,gdp_per_capita,41214.0187765069,World Bank WDI,2026-09-02
FIN,Finland,2005,gdp_per_capita,39049.8703780223,World Bank WDI,2026-09-02
FIN,Finland,2004,gdp_per_capita,37768.1334202029,World Bank WDI,2026-09-02
FIN,Finland,2003,gdp_per_capita,32920.0857192568,World Bank WDI,2026-09-02
FIN,Finland,2002,gdp_per_capita,26989.389260959,World Bank WDI,2026-09-02
FIN,Finland,2001,gdp_per_capita,24965.202996776,World Bank WDI,2026-09-02
FIN,Finland,2000,gdp_per_capita,24335.9225082659,World Bank WDI,2026-09-02
FRA,France,2023,gdp_per_capita,44700.1384177544,World Bank WDI,2026-09-02
FRA,France,2022,gdp_per_capita,40988.6396406579,World Bank WDI,2026-09-02
FRA,France,2021,gdp_per_capita,43725.0999521245,World Bank WDI,2026-09-02
FRA,France,2020,gdp_per_capita,39169.8606000707,World Bank WDI,2026-09-02
FRA,France,2019,gdp_per_capita,40408.2848574751,World Bank WDI,2026-09-02
FRA,France,2018,gdp_per_capita,41418.1766484844,World Bank WDI,2026-09-02
FRA,France,2017,gdp_per_capita,38687.1626407164,World Bank WDI,2026-09-02
FRA,France,2016,gdp_per_capita,37024.2157133669,World Bank WDI,2026-09-02
FRA,France,2015,gdp_per_capita,36702.4323733379,World Bank WDI,2026-09-02
FRA,France,2014,gdp_per_capita,43148.0459288416,World Bank WDI,2026-09-02
FRA,France,2013,gdp_per_capita,42669.1795111893,World Bank WDI,2026-09-02
FRA,France,2012,gdp_per_capita,40863.5814412333,World Bank WDI,2026-09-02
FRA,France,2011,gdp_per_capita,43929.7840873812,World Bank WDI,2026-09-02
FRA,France,2010,gdp_per_capita,40694.8211697025,World Bank WDI,2026-09-02
FRA,France,2009,gdp_per_capita,41728.0884164132,World Bank WDI,2026-09-02
FRA,France,2008,gdp_per_capita,45464.8181385158,World Bank WDI,2026-09-02
FRA,France,2007,gdp_per_capita,41486.1907828787,World Bank WDI,2026-09-02
FRA,France,2006,gdp_per_capita,36431.5658906555,World Bank WDI,2026-09-02
FRA,France,2005,gdp_per_capita,34696.3718316971,World Bank WDI,2026-09-02
FRA,France,2004,gdp_per_capita,33644.9282220364,World Bank WDI,2026-09-02
FRA,France,2003,gdp_per_capita,29479.5222101175,World Bank WDI,2026-09-02
FRA,France,2002,gdp_per_capita,24144.5727019529,World Bank WDI,2026-09-02
FRA,France,2001,gdp_per_capita,22331.7948343036,World Bank WDI,2026-09-02
FRA,France,2000,gdp_per_capita,22340.5939516217,World Bank WDI,2026-09-02
PYF,French Polynesia,2023,gdp_per_capita,21832.2831795569,World Bank WDI,2026-09-02
PYF,French Polynesia,2022,gdp_per_capita,20053.9569369322,World Bank WDI,2026-09-02
PYF,French Polynesia,2021,gdp_per_capita,21426.3854449835,World Bank WDI,2026-09-02
PYF,French Polynesia,2020,gdp_per_capita,19966.4838503859,World Bank WDI,2026-09-02
PYF,French Polynesia,2019,gdp_per_capita,21582.5892046801,World Bank WDI,2026-09-02
PYF,French Polynesia,2018,gdp_per_capita,21925.616043938,World Bank WDI,2026-09-02
PYF,French Polynesia,2017,gdp_per_capita,20826.9312492172,World Bank WDI,2026-09-02
PYF,French Polynesia,2016,gdp_per_capita,19690.0775734589,World Bank WDI,2026-09-02
PYF,French Polynesia,2015,gdp_per_capita,19166.9594761931,World Bank WDI,2026-09-02
PYF,French Polynesia,2014,gdp_per_capita,22258.6321384251,World Bank WDI,2026-09-02
PYF,French Polynesia,2013,gdp_per_capita,21955.6329264095,World Bank WDI,2026-09-02
PYF,French Polynesia,2012,gdp_per_capita,20846.5457478364,World Bank WDI,2026-09-02
PYF,French Polynesia,2011,gdp_per_capita,22831.5185348524,World Bank WDI,2026-09-02
PYF,French Polynesia,2010,gdp_per_capita,22494.806706186,World Bank WDI,2026-09-02
PYF,French Polynesia,2009,gdp_per_capita,24434.2197555208,World Bank WDI,2026-09-02
PYF,French Polynesia,2008,gdp_per_capita,26592.0262835732,World Bank WDI,2026-09-02
PYF,French Polynesia,2007,gdp_per_capita,24888.1781337361,World Bank WDI,2026-09-02
PYF,French Polynesia,2006,gdp_per_capita,22330.8676659055,World Bank WDI,2026-09-02
PYF,French Polynesia,2005,gdp_per_capita,21984.1936230719,World Bank WDI,2026-09-02
PYF,French Polynesia,2004,gdp_per_capita,21764.2203208782,World Bank WDI,2026-09-02
PYF,French Polynesia,2003,gdp_per_capita,19582.8936395312,World Bank WDI,2026-09-02
PYF,French Polynesia,2002,gdp_per_capita,16004.0583292112,World Bank WDI,2026-09-02
PYF,French Polynesia,2001,gdp_per_capita,14640.9360062298,World Bank WDI,2026-09-02
PYF,French Polynesia,2000,gdp_per_capita,14978.324104668,World Bank WDI,2026-09-02
GAB,Gabon,2023,gdp_per_capita,7802.82433276138,World Bank WDI,2026-09-02
GAB,Gabon,2022,gdp_per_capita,8409.20741452279,World Bank WDI,2026-09-02
GAB,Gabon,2021,gdp_per_capita,8181.40914134398,World Bank WDI,2026-09-02
GAB,Gabon,2020,gdp_per_capita,6605.80346077904,World Bank WDI,2026-09-02
GAB,Gabon,2019,gdp_per_capita,7441.1786472281,World Bank WDI,2026-09-02
GAB,Gabon,2018,gdp_per_capita,7624.2775233771,World Bank WDI,2026-09-02
GAB,Gabon,2017,gdp_per_capita,6921.73373135624,World Bank WDI,2026-09-02
GAB,Gabon,2016,gdp_per_capita,6677.07003901644,World Bank WDI,2026-09-02
GAB,Gabon,2015,gdp_per_capita,7047.12654634355,World Bank WDI,2026-09-02
GAB,Gabon,2014,gdp_per_capita,9201.36276648105,World Bank WDI,2026-09-02
GAB,Gabon,2013,gdp_per_capita,9197.70106323947,World Bank WDI,2026-09-02
GAB,Gabon,2012,gdp_per_capita,9296.96587941088,World Bank WDI,2026-09-02
GAB,Gabon,2011,gdp_per_capita,10219.1139339454,World Bank WDI,2026-09-02
GAB,Gabon,2010,gdp_per_capita,8356.74662013345,World Bank WDI,2026-09-02
GAB,Gabon,2009,gdp_per_capita,7290.57526093114,World Bank WDI,2026-09-02
GAB,Gabon,2008,gdp_per_capita,9688.64519690633,World Bank WDI,2026-09-02
GAB,Gabon,2007,gdp_per_capita,8003.54289696049,World Bank WDI,2026-09-02
GAB,Gabon,2006,gdp_per_capita,6847.00985685394,World Bank WDI,2026-09-02
GAB,Gabon,2005,gdp_per_capita,6547.87613955186,World Bank WDI,2026-09-02
GAB,Gabon,2004,gdp_per_capita,5465.79193590708,World Bank WDI,2026-09-02
GAB,Gabon,2003,gdp_per_capita,4710.74862768151,World Bank WDI,2026-09-02
GAB,Gabon,2002,gdp_per_capita,3966.48001864663,World Bank WDI,2026-09-02
GAB,Gabon,2001,gdp_per_capita,3835.75718279727,World Bank WDI,2026-09-02
GAB,Gabon,2000,gdp_per_capita,3982.906200928,World Bank WDI,2026-09-02
GMB,"Gambia, The",2023,gdp_per_capita,883.024111978927,World Bank WDI,2026-09-02
GMB,"Gambia, The",2022,gdp_per_capita,836.244875868476,World Bank WDI,2026-09-02
GMB,"Gambia, The",2021,gdp_per_capita,781.890925169531,World Bank WDI,2026-09-02
GMB,"Gambia, The",2020,gdp_per_capita,720.335143352133,World Bank WDI,2026-09-02
GMB,"Gambia, The",2019,gdp_per_capita,738.186751987483,World Bank WDI,2026-09-02
GMB,"Gambia, The",2018,gdp_per_capita,696.219806960615,World Bank WDI,2026-09-02
GMB,"Gambia, The",2017,gdp_per_capita,642.522641296331,World Bank WDI,2026-09-02
GMB,"Gambia, The",2016,gdp_per_capita,650.056501323611,World Bank WDI,2026-09-02
GMB,"Gambia, The",2015,gdp_per_capita,619.536364296461,World Bank WDI,2026-09-02
GMB,"Gambia, The",2014,gdp_per_capita,568.00453558864,World Bank WDI,2026-09-02
GMB,"Gambia, The",2013,gdp_per_capita,653.862713272743,World Bank WDI,2026-09-02
GMB,"Gambia, The",2012,gdp_per_capita,692.579361628102,World Bank WDI,2026-09-02
GMB,"Gambia, The",2011,gdp_per_capita,710.608411468152,World Bank WDI,2026-09-02
GMB,"Gambia, The",2010,gdp_per_capita,801.033372714536,World Bank WDI,2026-09-02
GMB,"Gambia, The",2009,gdp_per_capita,774.888030908091,World Bank WDI,2026-09-02
GMB,"Gambia, The",2008,gdp_per_capita,859.127671411226,World Bank WDI,2026-09-02
GMB,"Gambia, The",2007,gdp_per_capita,724.726407242432,World Bank WDI,2026-09-02
GMB,"Gambia, The",2006,gdp_per_capita,614.544307904464,World Bank WDI,2026-09-02
GMB,"Gambia, The",2005,gdp_per_capita,616.483657865348,World Bank WDI,2026-09-02
GMB,"Gambia, The",2004,gdp_per_capita,593.285346326581,World Bank WDI,2026-09-02
GMB,"Gambia, The",2003,gdp_per_capita,308.719123437587,World Bank WDI,2026-09-02
GMB,"Gambia, The",2002,gdp_per_capita,376.531026962584,World Bank WDI,2026-09-02
GMB,"Gambia, The",2001,gdp_per_capita,459.803068381399,World Bank WDI,2026-09-02
GMB,"Gambia, The",2000,gdp_per_capita,538.054072348854,World Bank WDI,2026-09-02
GEO,Georgia,2023,gdp_per_capita,8283.66960652261,World Bank WDI,2026-09-02
GEO,Georgia,2022,gdp_per_capita,6729.84659930283,World Bank WDI,2026-09-02
GEO,Georgia,2021,gdp_per_capita,5083.60695484577,World Bank WDI,2026-09-02
GEO,Georgia,2020,gdp_per_capita,4300.85701291207,World Bank WDI,2026-09-02
GEO,Georgia,2019,gdp_per_capita,4741.2832715876,World Bank WDI,2026-09-02
GEO,Georgia,2018,gdp_per_capita,4804.0546040444,World Bank WDI,2026-09-02
GEO,Georgia,2017,gdp_per_capita,4418.75206546679,World Bank WDI,2026-09-02
GEO,Georgia,2016,gdp_per_capita,4143.40125686315,World Bank WDI,2026-09-02
GEO,Georgia,2015,gdp_per_capita,4086.6223465965,World Bank WDI,2026-09-02
GEO,Georgia,2014,gdp_per_capita,4830.33486170249,World Bank WDI,2026-09-02
GEO,Georgia,2013,gdp_per_capita,4712.00229382665,World Bank WDI,2026-09-02
GEO,Georgia,2012,gdp_per_capita,4530.69533409431,World Bank WDI,2026-09-02
GEO,Georgia,2011,gdp_per_capita,4119.66818307193,World Bank WDI,2026-09-02
GEO,Georgia,2010,gdp_per_capita,3281.72930937343,World Bank WDI,2026-09-02
GEO,Georgia,2009,gdp_per_capita,2822.68939668797,World Bank WDI,2026-09-02
GEO,Georgia,2008,gdp_per_capita,3324.7537205015,World Bank WDI,2026-09-02
GEO,Georgia,2007,gdp_per_capita,2635.36650276116,World Bank WDI,2026-09-02
GEO,Georgia,2006,gdp_per_capita,1996.02013272284,World Bank WDI,2026-09-02
GEO,Georgia,2005,gdp_per_capita,1642.78359414797,World Bank WDI,2026-09-02
GEO,Georgia,2004,gdp_per_capita,1305.04748557208,World Bank WDI,2026-09-02
GEO,Georgia,2003,gdp_per_capita,1010.03151630868,World Bank WDI,2026-09-02
GEO,Georgia,2002,gdp_per_capita,853.526171868939,World Bank WDI,2026-09-02
GEO,Georgia,2001,gdp_per_capita,801.98383707929,World Bank WDI,2026-09-02
GEO,Georgia,2000,gdp_per_capita,749.908534993961,World Bank WDI,2026-09-02
DEU,Germany,2023,gdp_per_capita,54776.7668235491,World Bank WDI,2026-09-02
DEU,Germany,2022,gdp_per_capita,50506.5179638543,World Bank WDI,2026-09-02
DEU,Germany,2021,gdp_per_capita,52349.2459994422,World Bank WDI,2026-09-02
DEU,Germany,2020,gdp_per_capita,47394.8734504469,World Bank WDI,2026-09-02
DEU,Germany,2019,gdp_per_capita,47656.199739747,World Bank WDI,2026-09-02
DEU,Germany,2018,gdp_per_capita,48916.1686612154,World Bank WDI,2026-09-02
DEU,Germany,2017,gdp_per_capita,45553.9341495339,World Bank WDI,2026-09-02
DEU,Germany,2016,gdp_per_capita,42948.9381932694,World Bank WDI,2026-09-02
DEU,Germany,2015,gdp_per_capita,41929.7549110722,World Bank WDI,2026-09-02
DEU,Germany,2014,gdp_per_capita,48959.5991203133,World Bank WDI,2026-09-02
DEU,Germany,2013,gdp_per_capita,47206.8353514242,World Bank WDI,2026-09-02
DEU,Germany,2012,gdp_per_capita,44718.0159214069,World Bank WDI,2026-09-02
DEU,Germany,2011,gdp_per_capita,47630.9761883572,World Bank WDI,2026-09-02
DEU,Germany,2010,gdp_per_capita,42396.9665976293,World Bank WDI,2026-09-02
DEU,Germany,2009,gdp_per_capita,42471.8868625226,World Bank WDI,2026-09-02
DEU,Germany,2008,gdp_per_capita,46379.1647953479,World Bank WDI,2026-09-02
DEU,Germany,2007,gdp_per_capita,42350.9217211489,World Bank WDI,2026-09-02
DEU,Germany,2006,gdp_per_capita,36980.3349948954,World Bank WDI,2026-09-02
DEU,Germany,2005,gdp_per_capita,35084.4363546269,World Bank WDI,2026-09-02
DEU,Germany,2004,gdp_per_capita,34566.7359143735,World Bank WDI,2026-09-02
DEU,Germany,2003,gdp_per_capita,30711.1022511331,World Bank WDI,2026-09-02
DEU,Germany,2002,gdp_per_capita,25486.5942008748,World Bank WDI,2026-09-02
DEU,Germany,2001,gdp_per_capita,23878.3641471651,World Bank WDI,2026-09-02
DEU,Germany,2000,gdp_per_capita,23925.8559901991,World Bank WDI,2026-09-02
GHA,Ghana,2023,gdp_per_capita,2383.90410476221,World Bank WDI,2026-09-02
GHA,Ghana,2022,gdp_per_capita,2229.89122654479,World Bank WDI,2026-09-02
GHA,Ghana,2021,gdp_per_capita,2445.18662529344,World Bank WDI,2026-09-02
GHA,Ghana,2020,gdp_per_capita,2195.45481659987,World Bank WDI,2026-09-02
GHA,Ghana,2019,gdp_per_capita,2186.65822682613,World Bank WDI,2026-09-02
GHA,Ghana,2018,gdp_per_capita,2195.32166016377,World Bank WDI,2026-09-02
GHA,Ghana,2017,gdp_per_capita,2012.28662641265,World Bank WDI,2026-09-02
GHA,Ghana,2016,gdp_per_capita,1912.47991339951,World Bank WDI,2026-09-02
GHA,Ghana,2015,gdp_per_capita,1722.77282833606,World Bank WDI,2026-09-02
GHA,Ghana,2014,gdp_per_capita,1949.90832923846,World Bank WDI,2026-09-02
GHA,Ghana,2013,gdp_per_capita,2294.79584693743,World Bank WDI,2026-09-02
GHA,Ghana,2012,gdp_per_capita,1543.77524235764,World Bank WDI,2026-09-02
GHA,Ghana,2011,gdp_per_capita,1507.43573198753,World Bank WDI,2026-09-02
GHA,Ghana,2010,gdp_per_capita,1263.89251760539,World Bank WDI,2026-09-02
GHA,Ghana,2009,gdp_per_capita,1047.70430093586,World Bank WDI,2026-09-02
GHA,Ghana,2008,gdp_per_capita,1182.65761256016,World Bank WDI,2026-09-02
GHA,Ghana,2007,gdp_per_capita,1050.12461524926,World Bank WDI,2026-09-02
GHA,Ghana,2006,gdp_per_capita,906.441027564887,World Bank WDI,2026-09-02
GHA,Ghana,2005,gdp_per_capita,478.611909191028,World Bank WDI,2026-09-02
GHA,Ghana,2004,gdp_per_capita,406.132105329565,World Bank WDI,2026-09-02
GHA,Ghana,2003,gdp_per_capita,358.39927142073,World Bank WDI,2026-09-02
GHA,Ghana,2002,gdp_per_capita,297.46164468774,World Bank WDI,2026-09-02
GHA,Ghana,2001,gdp_per_capita,263.542156494853,World Bank WDI,2026-09-02
GHA,Ghana,2000,gdp_per_capita,253.746936203344,World Bank WDI,2026-09-02
GRC,Greece,2023,gdp_per_capita,23343.7103964562,World Bank WDI,2026-09-02
GRC,Greece,2022,gdp_per_capita,20884.6773436263,World Bank WDI,2026-09-02
GRC,Greece,2021,gdp_per_capita,20652.89659591,World Bank WDI,2026-09-02
GRC,Greece,2020,gdp_per_capita,17886.733165236,World Bank WDI,2026-09-02
GRC,Greece,2019,gdp_per_capita,19335.3602002969,World Bank WDI,2026-09-02
GRC,Greece,2018,gdp_per_capita,19873.4015238771,World Bank WDI,2026-09-02
GRC,Greece,2017,gdp_per_capita,18631.9930129293,World Bank WDI,2026-09-02
GRC,Greece,2016,gdp_per_capita,17919.2426377048,World Bank WDI,2026-09-02
GRC,Greece,2015,gdp_per_capita,17980.7298238137,World Bank WDI,2026-09-02
GRC,Greece,2014,gdp_per_capita,21474.7257123892,World Bank WDI,2026-09-02
GRC,Greece,2013,gdp_per_capita,21573.3449762805,World Bank WDI,2026-09-02
GRC,Greece,2012,gdp_per_capita,21624.346052551,World Bank WDI,2026-09-02
GRC,Greece,2011,gdp_per_capita,25504.7866510124,World Bank WDI,2026-09-02
GRC,Greece,2010,gdp_per_capita,26653.0488008626,World Bank WDI,2026-09-02
GRC,Greece,2009,gdp_per_capita,29425.4573200263,World Bank WDI,2026-09-02
GRC,Greece,2008,gdp_per_capita,31695.8331092209,World Bank WDI,2026-09-02
GRC,Greece,2007,gdp_per_capita,28440.7625328955,World Bank WDI,2026-09-02
GRC,Greece,2006,gdp_per_capita,24416.0232970275,World Bank WDI,2026-09-02
GRC,Greece,2005,gdp_per_capita,22054.1315756886,World Bank WDI,2026-09-02
GRC,Greece,2004,gdp_per_capita,21449.2552764245,World Bank WDI,2026-09-02
GRC,Greece,2003,gdp_per_capita,18020.612039764,World Bank WDI,2026-09-02
GRC,Greece,2002,gdp_per_capita,13782.195640943,World Bank WDI,2026-09-02
GRC,Greece,2001,gdp_per_capita,12156.9572824221,World Bank WDI,2026-09-02
GRC,Greece,2000,gdp_per_capita,11638.2010697215,World Bank WDI,2026-09-02
GRL,Greenland,2023,gdp_per_capita,58498.9707973609,World Bank WDI,2026-09-02
GRL,Greenland,2022,gdp_per_capita,55635.0006491223,World Bank WDI,2026-09-02
GRL,Greenland,2021,gdp_per_capita,58135.9939910203,World Bank WDI,2026-09-02
GRL,Greenland,2020,gdp_per_capita,54812.6661771023,World Bank WDI,2026-09-02
GRL,Greenland,2019,gdp_per_capita,53309.2035905065,World Bank WDI,2026-09-02
GRL,Greenland,2018,gdp_per_capita,54545.135857765,World Bank WDI,2026-09-02
GRL,Greenland,2017,gdp_per_capita,50765.7494665372,World Bank WDI,2026-09-02
GRL,Greenland,2016,gdp_per_capita,48181.7453541266,World Bank WDI,2026-09-02
GRL,Greenland,2015,gdp_per_capita,44536.3549705377,World Bank WDI,2026-09-02
GRL,Greenland,2014,gdp_per_capita,50485.2244135291,World Bank WDI,2026-09-02
GRL,Greenland,2013,gdp_per_capita,47535.4883792376,World Bank WDI,2026-09-02
GRL,Greenland,2012,gdp_per_capita,45936.9562817724,World Bank WDI,2026-09-02
GRL,Greenland,2011,gdp_per_capita,47186.8759969388,World Bank WDI,2026-09-02
GRL,Greenland,2010,gdp_per_capita,44277.1993400972,World Bank WDI,2026-09-02
GRL,Greenland,2009,gdp_per_capita,44918.8413832155,World Bank WDI,2026-09-02
GRL,Greenland,2008,gdp_per_capita,44366.7858688175,World Bank WDI,2026-09-02
GRL,Greenland,2007,gdp_per_capita,39780.9441368721,World Bank WDI,2026-09-02
GRL,Greenland,2006,gdp_per_capita,35457.6297578214,World Bank WDI,2026-09-02
GRL,Greenland,2005,gdp_per_capita,32489.7277309899,World Bank WDI,2026-09-02
GRL,Greenland,2004,gdp_per_capita,32030.9987915109,World Bank WDI,2026-09-02
GRL,Greenland,2003,gdp_per_capita,27466.6494525504,World Bank WDI,2026-09-02
GRL,Greenland,2002,gdp_per_capita,20657.9506323097,World Bank WDI,2026-09-02
GRL,Greenland,2001,gdp_per_capita,19265.5191468738,World Bank WDI,2026-09-02
GRL,Greenland,2000,gdp_per_capita,19009.0774407515,World Bank WDI,2026-09-02
GRD,Grenada,2023,gdp_per_capita,11414.4781691181,World Bank WDI,2026-09-02
GRD,Grenada,2022,gdp_per_capita,10469.3867012856,World Bank WDI,2026-09-02
GRD,Grenada,2021,gdp_per_capita,9617.28902905373,World Bank WDI,2026-09-02
GRD,Grenada,2020,gdp_per_capita,8968.55890108484,World Bank WDI,2026-09-02
GRD,Grenada,2019,gdp_per_capita,10462.7929159533,World Bank WDI,2026-09-02
GRD,Grenada,2018,gdp_per_capita,10083.021279225,World Bank WDI,2026-09-02
GRD,Grenada,2017,gdp_per_capita,9751.42661155932,World Bank WDI,2026-09-02
GRD,Grenada,2016,gdp_per_capita,9221.23461079424,World Bank WDI,2026-09-02
GRD,Grenada,2015,gdp_per_capita,8694.12438005692,World Bank WDI,2026-09-02
GRD,Grenada,2014,gdp_per_capita,7986.33421210788,World Bank WDI,2026-09-02
GRD,Grenada,2013,gdp_per_capita,7424.80212287327,World Bank WDI,2026-09-02
GRD,Grenada,2012,gdp_per_capita,7092.71985352677,World Bank WDI,2026-09-02
GRD,Grenada,2011,gdp_per_capita,6947.38136096464,World Bank WDI,2026-09-02
GRD,Grenada,2010,gdp_per_capita,6909.60169568597,World Bank WDI,2026-09-02
GRD,Grenada,2009,gdp_per_capita,6932.56472176781,World Bank WDI,2026-09-02
GRD,Grenada,2008,gdp_per_capita,7448.2040563865,World Bank WDI,2026-09-02
GRD,Grenada,2007,gdp_per_capita,6864.54816771858,World Bank WDI,2026-09-02
GRD,Grenada,2006,gdp_per_capita,6344.0383771432,World Bank WDI,2026-09-02
GRD,Grenada,2005,gdp_per_capita,6338.56011405358,World Bank WDI,2026-09-02
GRD,Grenada,2004,gdp_per_capita,5480.26117644588,World Bank WDI,2026-09-02
GRD,Grenada,2003,gdp_per_capita,5427.96377252312,World Bank WDI,2026-09-02
GRD,Grenada,2002,gdp_per_capita,4984.47405931447,World Bank WDI,2026-09-02
GRD,Grenada,2001,gdp_per_capita,4819.50776653843,World Bank WDI,2026-09-02
GRD,Grenada,2000,gdp_per_capita,4839.82811114248,World Bank WDI,2026-09-02
GUM,Guam,2022,gdp_per_capita,41833.1517132825,World Bank WDI,2026-09-02
GUM,Guam,2021,gdp_per_capita,38074.8793745801,World Bank WDI,2026-09-02
GUM,Guam,2020,gdp_per_capita,36482.9363953675,World Bank WDI,2026-09-02
GUM,Guam,2019,gdp_per_capita,39274.9431424899,World Bank WDI,2026-09-02
GUM,Guam,2018,gdp_per_capita,37195.9503070464,World Bank WDI,2026-09-02
GUM,Guam,2017,gdp_per_capita,36779.0078903909,World Bank WDI,2026-09-02
GUM,Guam,2016,gdp_per_capita,35930.6594898711,World Bank WDI,2026-09-02
GUM,Guam,2015,gdp_per_capita,35165.7014644795,World Bank WDI,2026-09-02
GUM,Guam,2014,gdp_per_capita,33900.1486530583,World Bank WDI,2026-09-02
GUM,Guam,2013,gdp_per_capita,32530.7593121483,World Bank WDI,2026-09-02
GUM,Guam,2012,gdp_per_capita,31653.7506538168,World Bank WDI,2026-09-02
GUM,Guam,2011,gdp_per_capita,29926.2052442913,World Bank WDI,2026-09-02
GUM,Guam,2010,gdp_per_capita,29719.7967836082,World Bank WDI,2026-09-02
GUM,Guam,2009,gdp_per_capita,29054.0581201519,World Bank WDI,2026-09-02
GUM,Guam,2008,gdp_per_capita,28112.2316573422,World Bank WDI,2026-09-02
GUM,Guam,2007,gdp_per_capita,26605.4324214756,World Bank WDI,2026-09-02
GUM,Guam,2006,gdp_per_capita,25709.9351488422,World Bank WDI,2026-09-02
GUM,Guam,2005,gdp_per_capita,25631.9776108052,World Bank WDI,2026-09-02
GUM,Guam,2004,gdp_per_capita,23618.8266894573,World Bank WDI,2026-09-02
GUM,Guam,2003,gdp_per_capita,21877.3178371553,World Bank WDI,2026-09-02
GUM,Guam,2002,gdp_per_capita,20909.9590302806,World Bank WDI,2026-09-02
GTM,Guatemala,2023,gdp_per_capita,5754.42833909847,World Bank WDI,2026-09-02
GTM,Guatemala,2022,gdp_per_capita,5356.92435887895,World Bank WDI,2026-09-02
GTM,Guatemala,2021,gdp_per_capita,4912.62240414681,World Bank WDI,2026-09-02
GTM,Guatemala,2020,gdp_per_capita,4477.61785000665,World Bank WDI,2026-09-02
GTM,Guatemala,2019,gdp_per_capita,4511.99839552697,World Bank WDI,2026-09-02
GTM,Guatemala,2018,gdp_per_capita,4352.94593289707,World Bank WDI,2026-09-02
GTM,Guatemala,2017,gdp_per_capita,4324.99768915601,World Bank WDI,2026-09-02
GTM,Guatemala,2016,gdp_per_capita,4060.13784737643,World Bank WDI,2026-09-02
GTM,Guatemala,2015,gdp_per_capita,3893.50533299068,World Bank WDI,2026-09-02
GTM,Guatemala,2014,gdp_per_capita,3689.14510410202,World Bank WDI,2026-09-02
GTM,Guatemala,2013,gdp_per_capita,3444.15802275864,World Bank WDI,2026-09-02
GTM,Guatemala,2012,gdp_per_capita,3286.61959336267,World Bank WDI,2026-09-02
GTM,Guatemala,2011,gdp_per_capita,3168.98370607705,World Bank WDI,2026-09-02
GTM,Guatemala,2010,gdp_per_capita,2805.25960237322,World Bank WDI,2026-09-02
GTM,Guatemala,2009,gdp_per_capita,2611.64632773352,World Bank WDI,2026-09-02
GTM,Guatemala,2008,gdp_per_capita,2763.05988172926,World Bank WDI,2026-09-02
GTM,Guatemala,2007,gdp_per_capita,2458.81573919384,World Bank WDI,2026-09-02
GTM,Guatemala,2006,gdp_per_capita,2225.1234753878,World Bank WDI,2026-09-02
GTM,Guatemala,2005,gdp_per_capita,2046.46611650758,World Bank WDI,2026-09-02
GTM,Guatemala,2004,gdp_per_capita,1840.91184884,World Bank WDI,2026-09-02
GTM,Guatemala,2003,gdp_per_capita,1722.54701910774,World Bank WDI,2026-09-02
GTM,Guatemala,2002,gdp_per_capita,1669.33517469705,World Bank WDI,2026-09-02
GTM,Guatemala,2001,gdp_per_capita,1537.68663578252,World Bank WDI,2026-09-02
GTM,Guatemala,2000,gdp_per_capita,1648.96578971559,World Bank WDI,2026-09-02
GIN,Guinea,2023,gdp_per_capita,1555.49375806861,World Bank WDI,2026-09-02
GIN,Guinea,2022,gdp_per_capita,1416.59612011764,World Bank WDI,2026-09-02
GIN,Guinea,2021,gdp_per_capita,1244.96550477914,World Bank WDI,2026-09-02
GIN,Guinea,2020,gdp_per_capita,1053.66097696415,World Bank WDI,2026-09-02
GIN,Guinea,2019,gdp_per_capita,1031.34146480732,World Bank WDI,2026-09-02
GIN,Guinea,2018,gdp_per_capita,933.273615633705,World Bank WDI,2026-09-02
GIN,Guinea,2017,gdp_per_capita,833.598621691121,World Bank WDI,2026-09-02
GIN,Guinea,2016,gdp_per_capita,711.996509782316,World Bank WDI,2026-09-02
GIN,Guinea,2015,gdp_per_capita,747.356966759448,World Bank WDI,2026-09-02
GIN,Guinea,2014,gdp_per_capita,765.146999389279,World Bank WDI,2026-09-02
GIN,Guinea,2013,gdp_per_capita,748.455020824734,World Bank WDI,2026-09-02
GIN,Guinea,2012,gdp_per_capita,699.353377212197,World Bank WDI,2026-09-02
GIN,Guinea,2011,gdp_per_capita,636.694958747648,World Bank WDI,2026-09-02
GIN,Guinea,2010,gdp_per_capita,659.235326211315,World Bank WDI,2026-09-02
GIN,Guinea,2009,gdp_per_capita,662.185914665575,World Bank WDI,2026-09-02
GIN,Guinea,2008,gdp_per_capita,703.532825784369,World Bank WDI,2026-09-02
GIN,Guinea,2007,gdp_per_capita,650.148575304743,World Bank WDI,2026-09-02
GIN,Guinea,2006,gdp_per_capita,446.980554135013,World Bank WDI,2026-09-02
GIN,Guinea,2005,gdp_per_capita,463.17768685098,World Bank WDI,2026-09-02
GIN,Guinea,2004,gdp_per_capita,584.897740538081,World Bank WDI,2026-09-02
GIN,Guinea,2003,gdp_per_capita,566.48540588068,World Bank WDI,2026-09-02
GIN,Guinea,2002,gdp_per_capita,495.916073559269,World Bank WDI,2026-09-02
GIN,Guinea,2001,gdp_per_capita,483.085120214741,World Bank WDI,2026-09-02
GIN,Guinea,2000,gdp_per_capita,518.157066924026,World Bank WDI,2026-09-02
GNB,Guinea-Bissau,2023,gdp_per_capita,964.431832665395,World Bank WDI,2026-09-02
GNB,Guinea-Bissau,2022,gdp_per_capita,881.602654162231,World Bank WDI,2026-09-02
GNB,Guinea-Bissau,2021,gdp_per_capita,926.54619187706,World Bank WDI,2026-09-02
GNB,Guinea-Bissau,2020,gdp_per_capita,846.918134967613,World Bank WDI,2026-09-02
GNB,Guinea-Bissau,2019,gdp_per_capita,811.210004050041,World Bank WDI,2026-09-02
GNB,Guinea-Bissau,2018,gdp_per_capita,808.531613218504,World Bank WDI,2026-09-02
GNB,Guinea-Bissau,2017,gdp_per_capita,783.123186602022,World Bank WDI,2026-09-02
GNB,Guinea-Bissau,2016,gdp_per_capita,679.665386626818,World Bank WDI,2026-09-02
GNB,Guinea-Bissau,2015,gdp_per_capita,645.066837207039,World Bank WDI,2026-09-02
GNB,Guinea-Bissau,2014,gdp_per_capita,652.022501029449,World Bank WDI,2026-09-02
GNB,Guinea-Bissau,2013,gdp_per_capita,654.304534409417,World Bank WDI,2026-09-02
GNB,Guinea-Bissau,2012,gdp_per_capita,635.461653303881,World Bank WDI,2026-09-02
GNB,Guinea-Bissau,2011,gdp_per_capita,719.539573498937,World Bank WDI,2026-09-02
GNB,Guinea-Bissau,2010,gdp_per_capita,600.194298540768,World Bank WDI,2026-09-02
GNB,Guinea-Bissau,2009,gdp_per_capita,583.190020139094,World Bank WDI,2026-09-02
GNB,Guinea-Bissau,2008,gdp_per_capita,640.210331101753,World Bank WDI,2026-09-02
GNB,Guinea-Bissau,2007,gdp_per_capita,519.069789794741,World Bank WDI,2026-09-02
GNB,Guinea-Bissau,2006,gdp_per_capita,448.513075469701,World Bank WDI,2026-09-02
GNB,Guinea-Bissau,2005,gdp_per_capita,463.073962650452,World Bank WDI,2026-09-02
GNB,Guinea-Bissau,2004,gdp_per_capita,431.376557669634,World Bank WDI,2026-09-02
GNB,Guinea-Bissau,2003,gdp_per_capita,419.78486611807,World Bank WDI,2026-09-02
GNB,Guinea-Bissau,2002,gdp_per_capita,362.034574570354,World Bank WDI,2026-09-02
GNB,Guinea-Bissau,2001,gdp_per_capita,327.138431972397,World Bank WDI,2026-09-02
GNB,Guinea-Bissau,2000,gdp_per_capita,316.945495037639,World Bank WDI,2026-09-02
GUY,Guyana,2023,gdp_per_capita,20473.7002190617,World Bank WDI,2026-09-02
GUY,Guyana,2022,gdp_per_capita,17913.4928066879,World Bank WDI,2026-09-02
GUY,Guyana,2021,gdp_per_capita,9860.87014834386,World Bank WDI,2026-09-02
GUY,Guyana,2020,gdp_per_capita,6775.70939096303,World Bank WDI,2026-09-02
GUY,Guyana,2019,gdp_per_capita,6405.82443444562,World Bank WDI,2026-09-02
GUY,Guyana,2018,gdp_per_capita,6048.38697180418,World Bank WDI,2026-09-02
GUY,Guyana,2017,gdp_per_capita,6178.6650437298,World Bank WDI,2026-09-02
GUY,Guyana,2016,gdp_per_capita,5870.87823759835,World Bank WDI,2026-09-02
GUY,Guyana,2015,gdp_per_capita,5640.41560569466,World Bank WDI,2026-09-02
GUY,Guyana,2014,gdp_per_capita,5472.68820452237,World Bank WDI,2026-09-02
GUY,Guyana,2013,gdp_per_capita,5556.91231156932,World Bank WDI,2026-09-02
GUY,Guyana,2012,gdp_per_capita,5444.39751913913,World Bank WDI,2026-09-02
GUY,Guyana,2011,gdp_per_capita,4947.22170589917,World Bank WDI,2026-09-02
GUY,Guyana,2010,gdp_per_capita,4581.76179693492,World Bank WDI,2026-09-02
GUY,Guyana,2009,gdp_per_capita,4209.13230624565,World Bank WDI,2026-09-02
GUY,Guyana,2008,gdp_per_capita,4008.9628671603,World Bank WDI,2026-09-02
GUY,Guyana,2007,gdp_per_capita,3608.28685240188,World Bank WDI,2026-09-02
GUY,Guyana,2006,gdp_per_capita,3135.60553528326,World Bank WDI,2026-09-02
GUY,Guyana,2005,gdp_per_capita,1084.06541388904,World Bank WDI,2026-09-02
GUY,Guyana,2004,gdp_per_capita,1033.31030902188,World Bank WDI,2026-09-02
GUY,Guyana,2003,gdp_per_capita,973.742598054188,World Bank WDI,2026-09-02
GUY,Guyana,2002,gdp_per_capita,950.866932470993,World Bank WDI,2026-09-02
GUY,Guyana,2001,gdp_per_capita,931.574723847673,World Bank WDI,2026-09-02
GUY,Guyana,2000,gdp_per_capita,931.796651718955,World Bank WDI,2026-09-02
HTI,Haiti,2023,gdp_per_capita,1681.84407667059,World Bank WDI,2026-09-02
HTI,Haiti,2022,gdp_per_capita,1748.40890116803,World Bank WDI,2026-09-02
HTI,Haiti,2021,gdp_per_capita,1824.6798742577,World Bank WDI,2026-09-02
HTI,Haiti,2020,gdp_per_capita,1290.32538667383,World Bank WDI,2026-09-02
HTI,Haiti,2019,gdp_per_capita,1352.17204191532,World Bank WDI,2026-09-02
HTI,Haiti,2018,gdp_per_capita,1496.38048970156,World Bank WDI,2026-09-02
HTI,Haiti,2017,gdp_per_capita,1395.23945184461,World Bank WDI,2026-09-02
HTI,Haiti,2016,gdp_per_capita,1318.40268167953,World Bank WDI,2026-09-02
HTI,Haiti,2015,gdp_per_capita,1411.12684746796,World Bank WDI,2026-09-02
HTI,Haiti,2014,gdp_per_capita,1460.18898613914,World Bank WDI,2026-09-02
HTI,Haiti,2013,gdp_per_capita,1457.83221179626,World Bank WDI,2026-09-02
HTI,Haiti,2012,gdp_per_capita,1361.39396587374,World Bank WDI,2026-09-02
HTI,Haiti,2011,gdp_per_capita,1312.03953552013,World Bank WDI,2026-09-02
HTI,Haiti,2010,gdp_per_capita,1209.72733503094,World Bank WDI,2026-09-02
HTI,Haiti,2009,gdp_per_capita,1196.8528706018,World Bank WDI,2026-09-02
HTI,Haiti,2008,gdp_per_capita,1094.66058421644,World Bank WDI,2026-09-02
HTI,Haiti,2007,gdp_per_capita,984.566983448521,World Bank WDI,2026-09-02
HTI,Haiti,2006,gdp_per_capita,828.805700289589,World Bank WDI,2026-09-02
HTI,Haiti,2005,gdp_per_capita,775.845704056916,World Bank WDI,2026-09-02
HTI,Haiti,2004,gdp_per_capita,683.185298155273,World Bank WDI,2026-09-02
HTI,Haiti,2003,gdp_per_capita,578.995291079709,World Bank WDI,2026-09-02
HTI,Haiti,2002,gdp_per_capita,720.969568042522,World Bank WDI,2026-09-02
HTI,Haiti,2001,gdp_per_capita,748.821159844528,World Bank WDI,2026-09-02
HTI,Haiti,2000,gdp_per_capita,820.600046761464,World Bank WDI,2026-09-02
HND,Honduras,2023,gdp_per_capita,3227.45762509776,World Bank WDI,2026-09-02
HND,Honduras,2022,gdp_per_capita,3003.28996826399,World Bank WDI,2026-09-02
HND,Honduras,2021,gdp_per_capita,2735.14751503977,World Bank WDI,2026-09-02
HND,Honduras,2020,gdp_per_capita,2307.61494319511,World Bank WDI,2026-09-02
HND,Honduras,2019,gdp_per_capita,2502.32744328073,World Bank WDI,2026-09-02
HND,Honduras,2018,gdp_per_capita,2464.64241531918,World Bank WDI,2026-09-02
HND,Honduras,2017,gdp_per_capita,2413.0076562942,World Bank WDI,2026-09-02
HND,Honduras,2016,gdp_per_capita,2307.34468351082,World Bank WDI,2026-09-02
HND,Honduras,2015,gdp_per_capita,2271.20265980349,World Bank WDI,2026-09-02
HND,Honduras,2014,gdp_per_capita,2179.88171977271,World Bank WDI,2026-09-02
HND,Honduras,2013,gdp_per_capita,2081.12843527945,World Bank WDI,2026-09-02
HND,Honduras,2012,gdp_per_capita,2126.03474686503,World Bank WDI,2026-09-02
HND,Honduras,2011,gdp_per_capita,2073.66121088074,World Bank WDI,2026-09-02
HND,Honduras,2010,gdp_per_capita,1893.32722662035,World Bank WDI,2026-09-02
HND,Honduras,2009,gdp_per_capita,1781.15703614674,World Bank WDI,2026-09-02
HND,Honduras,2008,gdp_per_capita,1732.49062702803,World Bank WDI,2026-09-02
HND,Honduras,2007,gdp_per_capita,1577.73789197407,World Bank WDI,2026-09-02
HND,Honduras,2006,gdp_per_capita,1425.84780051892,World Bank WDI,2026-09-02
HND,Honduras,2005,gdp_per_capita,1304.70039153826,World Bank WDI,2026-09-02
HND,Honduras,2004,gdp_per_capita,1215.13995412761,World Bank WDI,2026-09-02
HND,Honduras,2003,gdp_per_capita,1156.08162681357,World Bank WDI,2026-09-02
HND,Honduras,2002,gdp_per_capita,1132.49965345317,World Bank WDI,2026-09-02
HND,Honduras,2001,gdp_per_capita,1132.1648753329,World Bank WDI,2026-09-02
HND,Honduras,2000,gdp_per_capita,1092.56400746252,World Bank WDI,2026-09-02
HKG,"Hong Kong SAR, China",2023,gdp_per_capita,50525.1119312663,World Bank WDI,2026-09-02
HKG,"Hong Kong SAR, China",2022,gdp_per_capita,48825.0272275805,World Bank WDI,2026-09-02
HKG,"Hong Kong SAR, China",2021,gdp_per_capita,49770.5642374739,World Bank WDI,2026-09-02
HKG,"Hong Kong SAR, China",2020,gdp_per_capita,46109.2299946609,World Bank WDI,2026-09-02
HKG,"Hong Kong SAR, China",2019,gdp_per_capita,48359.0011950597,World Bank WDI,2026-09-02
HKG,"Hong Kong SAR, China",2018,gdp_per_capita,48537.5668888343,World Bank WDI,2026-09-02
HKG,"Hong Kong SAR, China",2017,gdp_per_capita,46160.429791493,World Bank WDI,2026-09-02
HKG,"Hong Kong SAR, China",2016,gdp_per_capita,43734.1980702999,World Bank WDI,2026-09-02
HKG,"Hong Kong SAR, China",2015,gdp_per_capita,42432.1619740441,World Bank WDI,2026-09-02
HKG,"Hong Kong SAR, China",2014,gdp_per_capita,40315.3739510191,World Bank WDI,2026-09-02
HKG,"Hong Kong SAR, China",2013,gdp_per_capita,38403.7777145477,World Bank WDI,2026-09-02
HKG,"Hong Kong SAR, China",2012,gdp_per_capita,36730.796195815,World Bank WDI,2026-09-02
HKG,"Hong Kong SAR, China",2011,gdp_per_capita,35142.4879344543,World Bank WDI,2026-09-02
HKG,"Hong Kong SAR, China",2010,gdp_per_capita,32550.136489179,World Bank WDI,2026-09-02
HKG,"Hong Kong SAR, China",2009,gdp_per_capita,30697.5383861641,World Bank WDI,2026-09-02
HKG,"Hong Kong SAR, China",2008,gdp_per_capita,31515.5292103443,World Bank WDI,2026-09-02
HKG,"Hong Kong SAR, China",2007,gdp_per_capita,30593.9511738646,World Bank WDI,2026-09-02
HKG,"Hong Kong SAR, China",2006,gdp_per_capita,28224.0951563146,World Bank WDI,2026-09-02
HKG,"Hong Kong SAR, China",2005,gdp_per_capita,26649.637724155,World Bank WDI,2026-09-02
HKG,"Hong Kong SAR, China",2004,gdp_per_capita,24928.1003722551,World Bank WDI,2026-09-02
HKG,"Hong Kong SAR, China",2003,gdp_per_capita,23977.1734120477,World Bank WDI,2026-09-02
HKG,"Hong Kong SAR, China",2002,gdp_per_capita,24665.8362318216,World Bank WDI,2026-09-02
HKG,"Hong Kong SAR, China",2001,gdp_per_capita,25230.3780910304,World Bank WDI,2026-09-02
HKG,"Hong Kong SAR, China",2000,gdp_per_capita,25756.7728723704,World Bank WDI,2026-09-02
HUN,Hungary,2023,gdp_per_capita,22208.6509820466,World Bank WDI,2026-09-02
HUN,Hungary,2022,gdp_per_capita,18428.028825614,World Bank WDI,2026-09-02
HUN,Hungary,2021,gdp_per_capita,19030.628130329,World Bank WDI,2026-09-02
HUN,Hungary,2020,gdp_per_capita,16386.9308821258,World Bank WDI,2026-09-02
HUN,Hungary,2019,gdp_per_capita,17012.8598553199,World Bank WDI,2026-09-02
HUN,Hungary,2018,gdp_per_capita,16605.0570511887,World Bank WDI,2026-09-02
HUN,Hungary,2017,gdp_per_capita,14736.1668157258,World Bank WDI,2026-09-02
HUN,Hungary,2016,gdp_per_capita,13215.8605277789,World Bank WDI,2026-09-02
HUN,Hungary,2015,gdp_per_capita,12782.9412577973,World Bank WDI,2026-09-02
HUN,Hungary,2014,gdp_per_capita,14352.501883174,World Bank WDI,2026-09-02
HUN,Hungary,2013,gdp_per_capita,13739.4620151401,World Bank WDI,2026-09-02
HUN,Hungary,2012,gdp_per_capita,12950.1594488143,World Bank WDI,2026-09-02
HUN,Hungary,2011,gdp_per_capita,14211.460557822,World Bank WDI,2026-09-02
HUN,Hungary,2010,gdp_per_capita,13189.8433874768,World Bank WDI,2026-09-02
HUN,Hungary,2009,gdp_per_capita,13051.1831777184,World Bank WDI,2026-09-02
HUN,Hungary,2008,gdp_per_capita,15762.6322515113,World Bank WDI,2026-09-02
HUN,Hungary,2007,gdp_per_capita,13934.605460375,World Bank WDI,2026-09-02
HUN,Hungary,2006,gdp_per_capita,11478.4891640501,World Bank WDI,2026-09-02
HUN,Hungary,2005,gdp_per_capita,11212.2046968994,World Bank WDI,2026-09-02
HUN,Hungary,2004,gdp_per_capita,10291.2694721409,World Bank WDI,2026-09-02
HUN,Hungary,2003,gdp_per_capita,8410.09248198479,World Bank WDI,2026-09-02
HUN,Hungary,2002,gdp_per_capita,6658.04494326809,World Bank WDI,2026-09-02
HUN,Hungary,2001,gdp_per_capita,5280.94887987063,World Bank WDI,2026-09-02
HUN,Hungary,2000,gdp_per_capita,4629.91760812548,World Bank WDI,2026-09-02
ISL,Iceland,2023,gdp_per_capita,82201.2908518078,World Bank WDI,2026-09-02
ISL,Iceland,2022,gdp_per_capita,76376.9599334915,World Bank WDI,2026-09-02
ISL,Iceland,2021,gdp_per_capita,70425.4064277273,World Bank WDI,2026-09-02
ISL,Iceland,2020,gdp_per_capita,60127.9393575616,World Bank WDI,2026-09-02
ISL,Iceland,2019,gdp_per_capita,69296.3144361601,World Bank WDI,2026-09-02
ISL,Iceland,2018,gdp_per_capita,75633.8651351915,World Bank WDI,2026-09-02
ISL,Iceland,2017,gdp_per_capita,72976.3729990975,World Bank WDI,2026-09-02
ISL,Iceland,2016,gdp_per_capita,62854.0906407932,World Bank WDI,2026-09-02
ISL,Iceland,2015,gdp_per_capita,53505.6964079339,World Bank WDI,2026-09-02
ISL,Iceland,2014,gdp_per_capita,55140.364935793,World Bank WDI,2026-09-02
ISL,Iceland,2013,gdp_per_capita,50173.3360061057,World Bank WDI,2026-09-02
ISL,Iceland,2012,gdp_per_capita,46594.9869146614,World Bank WDI,2026-09-02
ISL,Iceland,2011,gdp_per_capita,48254.953927254,World Bank WDI,2026-09-02
ISL,Iceland,2010,gdp_per_capita,43776.4677400475,World Bank WDI,2026-09-02
ISL,Iceland,2009,gdp_per_capita,41483.7843682814,World Bank WDI,2026-09-02
ISL,Iceland,2008,gdp_per_capita,57489.3399795216,World Bank WDI,2026-09-02
ISL,Iceland,2007,gdp_per_capita,70483.0117228535,World Bank WDI,2026-09-02
ISL,Iceland,2006,gdp_per_capita,58172.1426656622,World Bank WDI,2026-09-02
ISL,Iceland,2005,gdp_per_capita,57783.7745608117,World Bank WDI,2026-09-02
ISL,Iceland,2004,gdp_per_capita,47809.6073050042,World Bank WDI,2026-09-02
ISL,Iceland,2003,gdp_per_capita,39944.2104095591,World Bank WDI,2026-09-02
ISL,Iceland,2002,gdp_per_capita,32749.379004627,World Bank WDI,2026-09-02
ISL,Iceland,2001,gdp_per_capita,29208.1981853568,World Bank WDI,2026-09-02
ISL,Iceland,2000,gdp_per_capita,32503.578963236,World Bank WDI,2026-09-02
IND,India,2023,gdp_per_capita,2434.44826340989,World Bank WDI,2026-09-02
IND,India,2022,gdp_per_capita,2279.98145719369,World Bank WDI,2026-09-02
IND,India,2021,gdp_per_capita,2239.61384367482,World Bank WDI,2026-09-02
IND,India,2020,gdp_per_capita,1907.04251637669,World Bank WDI,2026-09-02
IND,India,2019,gdp_per_capita,2041.42863698585,World Bank WDI,2026-09-02
IND,India,2018,gdp_per_capita,1966.25455171679,World Bank WDI,2026-09-02
IND,India,2017,gdp_per_capita,1950.10468280866,World Bank WDI,2026-09-02
IND,India,2016,gdp_per_capita,1707.50892912243,World Bank WDI,2026-09-02
IND,India,2015,gdp_per_capita,1583.99815907985,World Bank WDI,2026-09-02
IND,India,2014,gdp_per_capita,1553.88396075118,World Bank WDI,2026-09-02
IND,India,2013,gdp_per_capita,1432.84397512195,World Bank WDI,2026-09-02
IND,India,2012,gdp_per_capita,1429.32199520032,World Bank WDI,2026-09-02
IND,India,2011,gdp_per_capita,1445.46127486037,World Bank WDI,2026-09-02
IND,India,2010,gdp_per_capita,1347.51939071367,World Bank WDI,2026-09-02
IND,India,2009,gdp_per_capita,1094.94974598436,World Bank WDI,2026-09-02
IND,India,2008,gdp_per_capita,992.519584923828,World Bank WDI,2026-09-02
IND,India,2007,gdp_per_capita,1021.88707706826,World Bank WDI,2026-09-02
IND,India,2006,gdp_per_capita,801.668353659022,World Bank WDI,2026-09-02
IND,India,2005,gdp_per_capita,710.488080408949,World Bank WDI,2026-09-02
IND,India,2004,gdp_per_capita,624.258826510066,World Bank WDI,2026-09-02
IND,India,2003,gdp_per_capita,544.143133545002,World Bank WDI,2026-09-02
IND,India,2002,gdp_per_capita,469.149928973927,World Bank WDI,2026-09-02
IND,India,2001,gdp_per_capita,450.357900514128,World Bank WDI,2026-09-02
IND,India,2000,gdp_per_capita,442.750218937263,World Bank WDI,2026-09-02
IDN,Indonesia,2023,gdp_per_capita,4876.2992959843,World Bank WDI,2026-09-02
IDN,Indonesia,2022,gdp_per_capita,4730.83484836107,World Bank WDI,2026-09-02
IDN,Indonesia,2021,gdp_per_capita,4287.17313995098,World Bank WDI,2026-09-02
IDN,Indonesia,2020,gdp_per_capita,3853.70288774146,World Bank WDI,2026-09-02
IDN,Indonesia,2019,gdp_per_capita,4106.94856160358,World Bank WDI,2026-09-02
IDN,Indonesia,2018,gdp_per_capita,3860.95353090726,World Bank WDI,2026-09-02
IDN,Indonesia,2017,gdp_per_capita,3798.88326174526,World Bank WDI,2026-09-02
IDN,Indonesia,2016,gdp_per_capita,3521.46943457574,World Bank WDI,2026-09-02
IDN,Indonesia,2015,gdp_per_capita,3288.22269725538,World Bank WDI,2026-09-02
IDN,Indonesia,2014,gdp_per_capita,3441.06808464008,World Bank WDI,2026-09-02
IDN,Indonesia,2013,gdp_per_capita,3566.60284506078,World Bank WDI,2026-09-02
IDN,Indonesia,2012,gdp_per_capita,3632.27254030331,World Bank WDI,2026-09-02
IDN,Indonesia,2011,gdp_per_capita,3579.46442466152,World Bank WDI,2026-09-02
IDN,Indonesia,2010,gdp_per_capita,3065.68348377765,World Bank WDI,2026-09-02
IDN,Indonesia,2009,gdp_per_capita,2218.48541852977,World Bank WDI,2026-09-02
IDN,Indonesia,2008,gdp_per_capita,2124.55483920618,World Bank WDI,2026-09-02
IDN,Indonesia,2007,gdp_per_capita,1823.21976255073,World Bank WDI,2026-09-02
IDN,Indonesia,2006,gdp_per_capita,1558.31562847163,World Bank WDI,2026-09-02
IDN,Indonesia,2005,gdp_per_capita,1238.21447629488,World Bank WDI,2026-09-02
IDN,Indonesia,2004,gdp_per_capita,1126.84004447173,World Bank WDI,2026-09-02
IDN,Indonesia,2003,gdp_per_capita,1043.2105838671,World Bank WDI,2026-09-02
IDN,Indonesia,2002,gdp_per_capita,881.002913569131,World Bank WDI,2026-09-02
IDN,Indonesia,2001,gdp_per_capita,732.307093405708,World Bank WDI,2026-09-02
IDN,Indonesia,2000,gdp_per_capita,763.711124950924,World Bank WDI,2026-09-02
IRN,"Iran, Islamic Rep.",2023,gdp_per_capita,5049.29931642754,World Bank WDI,2026-09-02
IRN,"Iran, Islamic Rep.",2022,gdp_per_capita,4721.20437099984,World Bank WDI,2026-09-02
IRN,"Iran, Islamic Rep.",2021,gdp_per_capita,4605.14881318992,World Bank WDI,2026-09-02
IRN,"Iran, Islamic Rep.",2020,gdp_per_capita,3202.50003502169,World Bank WDI,2026-09-02
IRN,"Iran, Islamic Rep.",2019,gdp_per_capita,3997.4935449585,World Bank WDI,2026-09-02
IRN,"Iran, Islamic Rep.",2018,gdp_per_capita,4783.01067340237,World Bank WDI,2026-09-02
IRN,"Iran, Islamic Rep.",2017,gdp_per_capita,6000.93346404409,World Bank WDI,2026-09-02
IRN,"Iran, Islamic Rep.",2016,gdp_per_capita,5710.59947089104,World Bank WDI,2026-09-02
IRN,"Iran, Islamic Rep.",2015,gdp_per_capita,4952.73355532178,World Bank WDI,2026-09-02
IRN,"Iran, Islamic Rep.",2014,gdp_per_capita,5672.06372896319,World Bank WDI,2026-09-02
IRN,"Iran, Islamic Rep.",2013,gdp_per_capita,6222.74194840326,World Bank WDI,2026-09-02
IRN,"Iran, Islamic Rep.",2012,gdp_per_capita,8114.08099831877,World Bank WDI,2026-09-02
IRN,"Iran, Islamic Rep.",2011,gdp_per_capita,8025.68743364356,World Bank WDI,2026-09-02
IRN,"Iran, Islamic Rep.",2010,gdp_per_capita,6291.19443655454,World Bank WDI,2026-09-02
IRN,"Iran, Islamic Rep.",2009,gdp_per_capita,5415.52280553446,World Bank WDI,2026-09-02
IRN,"Iran, Islamic Rep.",2008,gdp_per_capita,5377.4115072957,World Bank WDI,2026-09-02
IRN,"Iran, Islamic Rep.",2007,gdp_per_capita,4687.99166260718,World Bank WDI,2026-09-02
IRN,"Iran, Islamic Rep.",2006,gdp_per_capita,3618.91601364428,World Bank WDI,2026-09-02
IRN,"Iran, Islamic Rep.",2005,gdp_per_capita,3132.0508192007,World Bank WDI,2026-09-02
IRN,"Iran, Islamic Rep.",2004,gdp_per_capita,2672.4226651404,World Bank WDI,2026-09-02
IRN,"Iran, Islamic Rep.",2003,gdp_per_capita,2208.99636552406,World Bank WDI,2026-09-02
IRN,"Iran, Islamic Rep.",2002,gdp_per_capita,1891.25756091033,World Bank WDI,2026-09-02
IRN,"Iran, Islamic Rep.",2001,gdp_per_capita,1881.02266635283,World Bank WDI,2026-09-02
IRN,"Iran, Islamic Rep.",2000,gdp_per_capita,1650.01385833785,World Bank WDI,2026-09-02
IRQ,Iraq,2023,gdp_per_capita,5965.31835077761,World Bank WDI,2026-09-02
IRQ,Iraq,2022,gdp_per_capita,6520.73154560584,World Bank WDI,2026-09-02
IRQ,Iraq,2021,gdp_per_capita,4868.49431080783,World Bank WDI,2026-09-02
IRQ,Iraq,2020,gdp_per_capita,4295.18945121228,World Bank WDI,2026-09-02
IRQ,Iraq,2019,gdp_per_capita,5671.8568632942,World Bank WDI,2026-09-02
IRQ,Iraq,2018,gdp_per_capita,5646.68932074742,World Bank WDI,2026-09-02
IRQ,Iraq,2017,gdp_per_capita,4759.2846435467,World Bank WDI,2026-09-02
IRQ,Iraq,2016,gdp_per_capita,4334.42096404188,World Bank WDI,2026-09-02
IRQ,Iraq,2015,gdp_per_capita,4440.14189252367,World Bank WDI,2026-09-02
IRQ,Iraq,2014,gdp_per_capita,6249.39226978969,World Bank WDI,2026-09-02
IRQ,Iraq,2013,gdp_per_capita,6650.35282247395,World Bank WDI,2026-09-02
IRQ,Iraq,2012,gdp_per_capita,6477.59618450955,World Bank WDI,2026-09-02
IRQ,Iraq,2011,gdp_per_capita,5775.54229080293,World Bank WDI,2026-09-02
IRQ,Iraq,2010,gdp_per_capita,4461.75196161555,World Bank WDI,2026-09-02
IRQ,Iraq,2009,gdp_per_capita,3714.71205987194,World Bank WDI,2026-09-02
IRQ,Iraq,2008,gdp_per_capita,4542.96609046032,World Bank WDI,2026-09-02
IRQ,Iraq,2007,gdp_per_capita,3128.99010329066,World Bank WDI,2026-09-02
IRQ,Iraq,2006,gdp_per_capita,2276.55435744086,World Bank WDI,2026-09-02
IRQ,Iraq,2005,gdp_per_capita,1762.39360423421,World Bank WDI,2026-09-02
IRQ,Iraq,2004,gdp_per_capita,1328.37157628292,World Bank WDI,2026-09-02
IRQ,Iraq,2003,gdp_per_capita,817.887862499622,World Bank WDI,2026-09-02
IRQ,Iraq,2002,gdp_per_capita,1266.15961275094,World Bank WDI,2026-09-02
IRQ,Iraq,2001,gdp_per_capita,1435.695683789,World Bank WDI,2026-09-02
IRQ,Iraq,2000,gdp_per_capita,1980.18916038782,World Bank WDI,2026-09-02
IRL,Ireland,2023,gdp_per_capita,106818.917130804,World Bank WDI,2026-09-02
IRL,Ireland,2022,gdp_per_capita,105190.685952731,World Bank WDI,2026-09-02
IRL,Ireland,2021,gdp_per_capita,103783.446284479,World Bank WDI,2026-09-02
IRL,Ireland,2020,gdp_per_capita,86514.0706108754,World Bank WDI,2026-09-02
IRL,Ireland,2019,gdp_per_capita,81827.6688873996,World Bank WDI,2026-09-02
IRL,Ireland,2018,gdp_per_capita,80804.1123164826,World Bank WDI,2026-09-02
IRL,Ireland,2017,gdp_per_capita,72161.4047531385,World Bank WDI,2026-09-02
IRL,Ireland,2016,gdp_per_capita,64129.5571542383,World Bank WDI,2026-09-02
IRL,Ireland,2015,gdp_per_capita,64250.1385181257,World Bank WDI,2026-09-02
IRL,Ireland,2014,gdp_per_capita,57214.5379785709,World Bank WDI,2026-09-02
IRL,Ireland,2013,gdp_per_capita,52537.6108648692,World Bank WDI,2026-09-02
IRL,Ireland,2012,gdp_per_capita,49335.8408099555,World Bank WDI,2026-09-02
IRL,Ireland,2011,gdp_per_capita,52613.8540355689,World Bank WDI,2026-09-02
IRL,Ireland,2010,gdp_per_capita,48623.9666422487,World Bank WDI,2026-09-02
IRL,Ireland,2009,gdp_per_capita,52133.0906162544,World Bank WDI,2026-09-02
IRL,Ireland,2008,gdp_per_capita,61353.1065629523,World Bank WDI,2026-09-02
IRL,Ireland,2007,gdp_per_capita,61396.417461176,World Bank WDI,2026-09-02
IRL,Ireland,2006,gdp_per_capita,54329.1618599624,World Bank WDI,2026-09-02
IRL,Ireland,2005,gdp_per_capita,50933.0216095589,World Bank WDI,2026-09-02
IRL,Ireland,2004,gdp_per_capita,47754.2023194244,World Bank WDI,2026-09-02
IRL,Ireland,2003,gdp_per_capita,41203.5295847568,World Bank WDI,2026-09-02
IRL,Ireland,2002,gdp_per_capita,32705.4345565698,World Bank WDI,2026-09-02
IRL,Ireland,2001,gdp_per_capita,28282.409882073,World Bank WDI,2026-09-02
IRL,Ireland,2000,gdp_per_capita,26334.5672050501,World Bank WDI,2026-09-02
IMN,Isle of Man,2023,gdp_per_capita,90015.2074234398,World Bank WDI,2026-09-02
IMN,Isle of Man,2022,gdp_per_capita,88328.548125887,World Bank WDI,2026-09-02
IMN,Isle of Man,2021,gdp_per_capita,94299.969348965,World Bank WDI,2026-09-02
IMN,Isle of Man,2020,gdp_per_capita,79513.5330346598,World Bank WDI,2026-09-02
IMN,Isle of Man,2019,gdp_per_capita,87127.5517977404,World Bank WDI,2026-09-02
IMN,Isle of Man,2018,gdp_per_capita,89393.8244248812,World Bank WDI,2026-09-02
IMN,Isle of Man,2017,gdp_per_capita,83481.3038489014,World Bank WDI,2026-09-02
IMN,Isle of Man,2016,gdp_per_capita,82025.9454509241,World Bank WDI,2026-09-02
IMN,Isle of Man,2015,gdp_per_capita,84753.5187422732,World Bank WDI,2026-09-02
IMN,Isle of Man,2014,gdp_per_capita,91885.4528718026,World Bank WDI,2026-09-02
IMN,Isle of Man,2013,gdp_per_capita,83207.6588430451,World Bank WDI,2026-09-02
IMN,Isle of Man,2012,gdp_per_capita,79329.2034347434,World Bank WDI,2026-09-02
IMN,Isle of Man,2011,gdp_per_capita,77808.8579649376,World Bank WDI,2026-09-02
IMN,Isle of Man,2010,gdp_per_capita,70587.3140283741,World Bank WDI,2026-09-02
IMN,Isle of Man,2009,gdp_per_capita,66156.105656847,World Bank WDI,2026-09-02
IMN,Isle of Man,2008,gdp_per_capita,72276.7741329461,World Bank WDI,2026-09-02
IMN,Isle of Man,2007,gdp_per_capita,55040.2437046236,World Bank WDI,2026-09-02
IMN,Isle of Man,2006,gdp_per_capita,42627.5089352891,World Bank WDI,2026-09-02
IMN,Isle of Man,2005,gdp_per_capita,38135.8597885858,World Bank WDI,2026-09-02
IMN,Isle of Man,2004,gdp_per_capita,35564.6023910146,World Bank WDI,2026-09-02
IMN,Isle of Man,2003,gdp_per_capita,28861.6178062918,World Bank WDI,2026-09-02
IMN,Isle of Man,2002,gdp_per_capita,24471.0798814847,World Bank WDI,2026-09-02
IMN,Isle of Man,2001,gdp_per_capita,21819.7123825606,World Bank WDI,2026-09-02
IMN,Isle of Man,2000,gdp_per_capita,21161.3963073772,World Bank WDI,2026-09-02
ISR,Israel,2023,gdp_per_capita,52126.4489280033,World Bank WDI,2026-09-02
ISR,Israel,2022,gdp_per_capita,54947.2091250715,World Bank WDI,2026-09-02
ISR,Israel,2021,gdp_per_capita,52258.4693499398,World Bank WDI,2026-09-02
ISR,Israel,2020,gdp_per_capita,44590.8237253282,World Bank WDI,2026-09-02
ISR,Israel,2019,gdp_per_capita,44091.8678022544,World Bank WDI,2026-09-02
ISR,Israel,2018,gdp_per_capita,42269.3770257585,World Bank WDI,2026-09-02
ISR,Israel,2017,gdp_per_capita,41013.2575323519,World Bank WDI,2026-09-02
ISR,Israel,2016,gdp_per_capita,37571.2561196275,World Bank WDI,2026-09-02
ISR,Israel,2015,gdp_per_capita,36138.13561386,World Bank WDI,2026-09-02
ISR,Israel,2014,gdp_per_capita,38265.3651949373,World Bank WDI,2026-09-02
ISR,Israel,2013,gdp_per_capita,36980.622214228,World Bank WDI,2026-09-02
ISR,Israel,2012,gdp_per_capita,33268.7066672115,World Bank WDI,2026-09-02
ISR,Israel,2011,gdp_per_capita,34476.7252065949,World Bank WDI,2026-09-02
ISR,Israel,2010,gdp_per_capita,31398.9266927022,World Bank WDI,2026-09-02
ISR,Israel,2009,gdp_per_capita,28469.6817348489,World Bank WDI,2026-09-02
ISR,Israel,2008,gdp_per_capita,30231.0191013609,World Bank WDI,2026-09-02
ISR,Israel,2007,gdp_per_capita,25688.901610248,World Bank WDI,2026-09-02
ISR,Israel,2006,gdp_per_capita,22499.7541717986,World Bank WDI,2026-09-02
ISR,Israel,2005,gdp_per_capita,21261.7474251846,World Bank WDI,2026-09-02
ISR,Israel,2004,gdp_per_capita,20550.0694706176,World Bank WDI,2026-09-02
ISR,Israel,2003,gdp_per_capita,19624.0321412582,World Bank WDI,2026-09-02
ISR,Israel,2002,gdp_per_capita,19058.7462869465,World Bank WDI,2026-09-02
ISR,Israel,2001,gdp_per_capita,20948.7745727671,World Bank WDI,2026-09-02
ISR,Israel,2000,gdp_per_capita,21690.237340061,World Bank WDI,2026-09-02
ITA,Italy,2023,gdp_per_capita,39279.699782164,World Bank WDI,2026-09-02
ITA,Italy,2022,gdp_per_capita,35653.9042103495,World Bank WDI,2026-09-02
ITA,Italy,2021,gdp_per_capita,36852.5425414951,World Bank WDI,2026-09-02
ITA,Italy,2020,gdp_per_capita,32091.4866621366,World Bank WDI,2026-09-02
ITA,Italy,2019,gdp_per_capita,33812.788724868,World Bank WDI,2026-09-02
ITA,Italy,2018,gdp_per_capita,35062.3364176949,World Bank WDI,2026-09-02
ITA,Italy,2017,gdp_per_capita,32844.115660604,World Bank WDI,2026-09-02
ITA,Italy,2016,gdp_per_capita,31391.5692898108,World Bank WDI,2026-09-02
ITA,Italy,2015,gdp_per_capita,30639.8829751432,World Bank WDI,2026-09-02
ITA,Italy,2014,gdp_per_capita,36028.3494022349,World Bank WDI,2026-09-02
ITA,Italy,2013,gdp_per_capita,35701.6746002376,World Bank WDI,2026-09-02
ITA,Italy,2012,gdp_per_capita,34854.3949441965,World Bank WDI,2026-09-02
ITA,Italy,2011,gdp_per_capita,38432.3742820019,World Bank WDI,2026-09-02
ITA,Italy,2010,gdp_per_capita,35856.8625485539,World Bank WDI,2026-09-02
ITA,Italy,2009,gdp_per_capita,37099.6133958219,World Bank WDI,2026-09-02
ITA,Italy,2008,gdp_per_capita,40828.5795580937,World Bank WDI,2026-09-02
ITA,Italy,2007,gdp_per_capita,37826.1754554823,World Bank WDI,2026-09-02
ITA,Italy,2006,gdp_per_capita,33537.1286994269,World Bank WDI,2026-09-02
ITA,Italy,2005,gdp_per_capita,32062.723833669,World Bank WDI,2026-09-02
ITA,Italy,2004,gdp_per_capita,31348.1901841445,World Bank WDI,2026-09-02
ITA,Italy,2003,gdp_per_capita,27577.5700319855,World Bank WDI,2026-09-02
ITA,Italy,2002,gdp_per_capita,22451.3964379368,World Bank WDI,2026-09-02
ITA,Italy,2001,gdp_per_capita,20570.4385917862,World Bank WDI,2026-09-02
ITA,Italy,2000,gdp_per_capita,20190.0035636084,World Bank WDI,2026-09-02
JAM,Jamaica,2023,gdp_per_capita,7542.39855849054,World Bank WDI,2026-09-02
JAM,Jamaica,2022,gdp_per_capita,6626.47502388538,World Bank WDI,2026-09-02
JAM,Jamaica,2021,gdp_per_capita,5625.67806271236,World Bank WDI,2026-09-02
JAM,Jamaica,2020,gdp_per_capita,5299.04530804283,World Bank WDI,2026-09-02
JAM,Jamaica,2019,gdp_per_capita,6030.68896415921,World Bank WDI,2026-09-02
JAM,Jamaica,2018,gdp_per_capita,5976.90362644337,World Bank WDI,2026-09-02
JAM,Jamaica,2017,gdp_per_capita,5605.43541173019,World Bank WDI,2026-09-02
JAM,Jamaica,2016,gdp_per_capita,5302.29553353854,World Bank WDI,2026-09-02
JAM,Jamaica,2015,gdp_per_capita,5339.30718256806,World Bank WDI,2026-09-02
JAM,Jamaica,2014,gdp_per_capita,4975.11325459872,World Bank WDI,2026-09-02
JAM,Jamaica,2013,gdp_per_capita,5124.21301411137,World Bank WDI,2026-09-02
JAM,Jamaica,2012,gdp_per_capita,5340.83333232158,World Bank WDI,2026-09-02
JAM,Jamaica,2011,gdp_per_capita,5232.63644918132,World Bank WDI,2026-09-02
JAM,Jamaica,2010,gdp_per_capita,4809.977380312,World Bank WDI,2026-09-02
JAM,Jamaica,2009,gdp_per_capita,4428.38153333557,World Bank WDI,2026-09-02
JAM,Jamaica,2008,gdp_per_capita,5029.80095281745,World Bank WDI,2026-09-02
JAM,Jamaica,2007,gdp_per_capita,4716.48612542727,World Bank WDI,2026-09-02
JAM,Jamaica,2006,gdp_per_capita,4417.00127135363,World Bank WDI,2026-09-02
JAM,Jamaica,2005,gdp_per_capita,4184.43974867497,World Bank WDI,2026-09-02
JAM,Jamaica,2004,gdp_per_capita,3807.56293124552,World Bank WDI,2026-09-02
JAM,Jamaica,2003,gdp_per_capita,3549.70758394618,World Bank WDI,2026-09-02
JAM,Jamaica,2002,gdp_per_capita,3680.64551727724,World Bank WDI,2026-09-02
JAM,Jamaica,2001,gdp_per_capita,3503.55026688858,World Bank WDI,2026-09-02
JAM,Jamaica,2000,gdp_per_capita,3453.09252800226,World Bank WDI,2026-09-02
JPN,Japan,2023,gdp_per_capita,35215.003535366,World Bank WDI,2026-09-02
JPN,Japan,2022,gdp_per_capita,35548.2645222433,World Bank WDI,2026-09-02
JPN,Japan,2021,gdp_per_capita,41580.739040705,World Bank WDI,2026-09-02
JPN,Japan,2020,gdp_per_capita,41098.9739004553,World Bank WDI,2026-09-02
JPN,Japan,2019,gdp_per_capita,41424.8655601543,World Bank WDI,2026-09-02
JPN,Japan,2018,gdp_per_capita,40645.478086519,World Bank WDI,2026-09-02
JPN,Japan,2017,gdp_per_capita,39679.8635262948,World Bank WDI,2026-09-02
JPN,Japan,2016,gdp_per_capita,40214.9688631562,World Bank WDI,2026-09-02
JPN,Japan,2015,gdp_per_capita,35664.6446110613,World Bank WDI,2026-09-02
JPN,Japan,2014,gdp_per_capita,39172.8471161948,World Bank WDI,2026-09-02
JPN,Japan,2013,gdp_per_capita,41369.1948479498,World Bank WDI,2026-09-02
JPN,Japan,2012,gdp_per_capita,49626.6830327571,World Bank WDI,2026-09-02
JPN,Japan,2011,gdp_per_capita,49122.077634247,World Bank WDI,2026-09-02
JPN,Japan,2010,gdp_per_capita,45378.1378109399,World Bank WDI,2026-09-02
JPN,Japan,2009,gdp_per_capita,41678.1783063195,World Bank WDI,2026-09-02
JPN,Japan,2008,gdp_per_capita,40294.2081309702,World Bank WDI,2026-09-02
JPN,Japan,2007,gdp_per_capita,36129.9535132925,World Bank WDI,2026-09-02
JPN,Japan,2006,gdp_per_capita,36354.4271646349,World Bank WDI,2026-09-02
JPN,Japan,2005,gdp_per_capita,38158.6758263963,World Bank WDI,2026-09-02
JPN,Japan,2004,gdp_per_capita,38677.5708064787,World Bank WDI,2026-09-02
JPN,Japan,2003,gdp_per_capita,35808.6816792388,World Bank WDI,2026-09-02
JPN,Japan,2002,gdp_per_capita,33315.9165174962,World Bank WDI,2026-09-02
JPN,Japan,2001,gdp_per_capita,34910.166403687,World Bank WDI,2026-09-02
JPN,Japan,2000,gdp_per_capita,39752.937397755,World Bank WDI,2026-09-02
JOR,Jordan,2023,gdp_per_capita,4906.23543006639,World Bank WDI,2026-09-02
JOR,Jordan,2022,gdp_per_capita,4754.41362207378,World Bank WDI,2026-09-02
JOR,Jordan,2021,gdp_per_capita,4581.71967230365,World Bank WDI,2026-09-02
JOR,Jordan,2020,gdp_per_capita,4411.48321838396,World Bank WDI,2026-09-02
JOR,Jordan,2019,gdp_per_capita,4557.79334729121,World Bank WDI,2026-09-02
JOR,Jordan,2018,gdp_per_capita,4533.97658437205,World Bank WDI,2026-09-02
JOR,Jordan,2017,gdp_per_capita,4449.34618076611,World Bank WDI,2026-09-02
JOR,Jordan,2016,gdp_per_capita,4366.06999647268,World Bank WDI,2026-09-02
JOR,Jordan,2015,gdp_per_capita,4441.61896013754,World Bank WDI,2026-09-02
JOR,Jordan,2014,gdp_per_capita,4610.60460269382,World Bank WDI,2026-09-02
JOR,Jordan,2013,gdp_per_capita,4739.02253641778,World Bank WDI,2026-09-02
JOR,Jordan,2012,gdp_per_capita,4593.83609729005,World Bank WDI,2026-09-02
JOR,Jordan,2011,gdp_per_capita,4363.42800211536,World Bank WDI,2026-09-02
JOR,Jordan,2010,gdp_per_capita,4139.04283161368,World Bank WDI,2026-09-02
JOR,Jordan,2009,gdp_per_capita,3845.34388086274,World Bank WDI,2026-09-02
JOR,Jordan,2008,gdp_per_capita,3669.83012701745,World Bank WDI,2026-09-02
JOR,Jordan,2007,gdp_per_capita,2506.20599484139,World Bank WDI,2026-09-02
JOR,Jordan,2006,gdp_per_capita,2342.63459574933,World Bank WDI,2026-09-02
JOR,Jordan,2005,gdp_per_capita,2087.87079273635,World Bank WDI,2026-09-02
JOR,Jordan,2004,gdp_per_capita,1940.08641342805,World Bank WDI,2026-09-02
JOR,Jordan,2003,gdp_per_capita,1775.67625581432,World Bank WDI,2026-09-02
JOR,Jordan,2002,gdp_per_capita,1706.26744384401,World Bank WDI,2026-09-02
JOR,Jordan,2001,gdp_per_capita,1632.29454010563,World Bank WDI,2026-09-02
JOR,Jordan,2000,gdp_per_capita,1570.61002940477,World Bank WDI,2026-09-02
KAZ,Kazakhstan,2023,gdp_per_capita,12879.4275257974,World Bank WDI,2026-09-02
KAZ,Kazakhstan,2022,gdp_per_capita,11255.3396437881,World Bank WDI,2026-09-02
KAZ,Kazakhstan,2021,gdp_per_capita,9983.60103576902,World Bank WDI,2026-09-02
KAZ,Kazakhstan,2020,gdp_per_capita,8781.50797787648,World Bank WDI,2026-09-02
KAZ,Kazakhstan,2019,gdp_per_capita,9457.12614657136,World Bank WDI,2026-09-02
KAZ,Kazakhstan,2018,gdp_per_capita,9472.48527327758,World Bank WDI,2026-09-02
KAZ,Kazakhstan,2017,gdp_per_capita,8943.08416791984,World Bank WDI,2026-09-02
KAZ,Kazakhstan,2016,gdp_per_capita,7475.56688689424,World Bank WDI,2026-09-02
KAZ,Kazakhstan,2015,gdp_per_capita,10196.1226255982,World Bank WDI,2026-09-02
KAZ,Kazakhstan,2014,gdp_per_capita,12427.7094576939,World Bank WDI,2026-09-02
KAZ,Kazakhstan,2013,gdp_per_capita,13478.459627612,World Bank WDI,2026-09-02
KAZ,Kazakhstan,2012,gdp_per_capita,12018.7966527993,World Bank WDI,2026-09-02
KAZ,Kazakhstan,2011,gdp_per_capita,11287.1464926039,World Bank WDI,2026-09-02
KAZ,Kazakhstan,2010,gdp_per_capita,8793.07589980782,World Bank WDI,2026-09-02
KAZ,Kazakhstan,2009,gdp_per_capita,6938.01175663001,World Bank WDI,2026-09-02
KAZ,Kazakhstan,2008,gdp_per_capita,8123.54705891736,World Bank WDI,2026-09-02
KAZ,Kazakhstan,2007,gdp_per_capita,6449.43931096532,World Bank WDI,2026-09-02
KAZ,Kazakhstan,2006,gdp_per_capita,5030.13494711519,World Bank WDI,2026-09-02
KAZ,Kazakhstan,2005,gdp_per_capita,3577.35804001782,World Bank WDI,2026-09-02
KAZ,Kazakhstan,2004,gdp_per_capita,2722.47407755402,World Bank WDI,2026-09-02
KAZ,Kazakhstan,2003,gdp_per_capita,1958.02050246511,World Bank WDI,2026-09-02
KAZ,Kazakhstan,2002,gdp_per_capita,1573.55219932325,World Bank WDI,2026-09-02
KAZ,Kazakhstan,2001,gdp_per_capita,1422.27331810957,World Bank WDI,2026-09-02
KAZ,Kazakhstan,2000,gdp_per_capita,1180.0444563226,World Bank WDI,2026-09-02
KEN,Kenya,2023,gdp_per_capita,1942.58802756191,World Bank WDI,2026-09-02
KEN,Kenya,2022,gdp_per_capita,2109.56288513137,World Bank WDI,2026-09-02
KEN,Kenya,2021,gdp_per_capita,2061.35622089594,World Bank WDI,2026-09-02
KEN,Kenya,2020,gdp_per_capita,1927.66459027849,World Bank WDI,2026-09-02
KEN,Kenya,2019,gdp_per_capita,1960.40808854893,World Bank WDI,2026-09-02
KEN,Kenya,2018,gdp_per_capita,1836.45275528993,World Bank WDI,2026-09-02
KEN,Kenya,2017,gdp_per_capita,1667.48447230835,World Bank WDI,2026-09-02
KEN,Kenya,2016,gdp_per_capita,1554.12610314423,World Bank WDI,2026-09-02
KEN,Kenya,2015,gdp_per_capita,1489.11959777284,World Bank WDI,2026-09-02
KEN,Kenya,2014,gdp_per_capita,1482.81566253497,World Bank WDI,2026-09-02
KEN,Kenya,2013,gdp_per_capita,1370.87885214659,World Bank WDI,2026-09-02
KEN,Kenya,2012,gdp_per_capita,1285.00536171512,World Bank WDI,2026-09-02
KEN,Kenya,2011,gdp_per_capita,1096.14499807675,World Bank WDI,2026-09-02
KEN,Kenya,2010,gdp_per_capita,1091.51873101194,World Bank WDI,2026-09-02
KEN,Kenya,2009,gdp_per_capita,1047.9678324485,World Bank WDI,2026-09-02
KEN,Kenya,2008,gdp_per_capita,915.54435473604,World Bank WDI,2026-09-02
KEN,Kenya,2007,gdp_per_capita,840.201439476765,World Bank WDI,2026-09-02
KEN,Kenya,2006,gdp_per_capita,699.80237063381,World Bank WDI,2026-09-02
KEN,Kenya,2005,gdp_per_capita,523.456312433863,World Bank WDI,2026-09-02
KEN,Kenya,2004,gdp_per_capita,463.662781300121,World Bank WDI,2026-09-02
KEN,Kenya,2003,gdp_per_capita,442.898457253405,World Bank WDI,2026-09-02
KEN,Kenya,2002,gdp_per_capita,402.936385605382,World Bank WDI,2026-09-02
KEN,Kenya,2001,gdp_per_capita,410.700452474814,World Bank WDI,2026-09-02
KEN,Kenya,2000,gdp_per_capita,414.626365130846,World Bank WDI,2026-09-02
KIR,Kiribati,2023,gdp_per_capita,2200.68918614289,World Bank WDI,2026-09-02
KIR,Kiribati,2022,gdp_per_capita,2078.7648751855,World Bank WDI,2026-09-02
KIR,Kiribati,2021,gdp_per_capita,2223.54147866465,World Bank WDI,2026-09-02
KIR,Kiribati,2020,gdp_per_capita,1751.87199542272,World Bank WDI,2026-09-02
KIR,Kiribati,2019,gdp_per_capita,1750.24040333237,World Bank WDI,2026-09-02
KIR,Kiribati,2018,gdp_per_capita,1915.56002581991,World Bank WDI,2026-09-02
KIR,Kiribati,2017,gdp_per_capita,1854.3326920967,World Bank WDI,2026-09-02
KIR,Kiribati,2016,gdp_per_capita,1742.66799324117,World Bank WDI,2026-09-02
KIR,Kiribati,2015,gdp_per_capita,1639.85274740652,World Bank WDI,2026-09-02
KIR,Kiribati,2014,gdp_per_capita,1736.70535682101,World Bank WDI,2026-09-02
KIR,Kiribati,2013,gdp_per_capita,1772.08718317132,World Bank WDI,2026-09-02
KIR,Kiribati,2012,gdp_per_capita,1843.55336349889,World Bank WDI,2026-09-02
KIR,Kiribati,2011,gdp_per_capita,1771.12926848792,World Bank WDI,2026-09-02
KIR,Kiribati,2010,gdp_per_capita,1522.10068744154,World Bank WDI,2026-09-02
KIR,Kiribati,2009,gdp_per_capita,1316.62753853678,World Bank WDI,2026-09-02
KIR,Kiribati,2008,gdp_per_capita,1410.62246914058,World Bank WDI,2026-09-02
KIR,Kiribati,2007,gdp_per_capita,1352.57814048911,World Bank WDI,2026-09-02
KIR,Kiribati,2006,gdp_per_capita,1123.19258990684,World Bank WDI,2026-09-02
KIR,Kiribati,2005,gdp_per_capita,1161.78341739977,World Bank WDI,2026-09-02
KIR,Kiribati,2004,gdp_per_capita,1083.2688987175,World Bank WDI,2026-09-02
KIR,Kiribati,2003,gdp_per_capita,1020.50033851394,World Bank WDI,2026-09-02
KIR,Kiribati,2002,gdp_per_capita,810.10870037444,World Bank WDI,2026-09-02
KIR,Kiribati,2001,gdp_per_capita,718.833787096781,World Bank WDI,2026-09-02
KIR,Kiribati,2000,gdp_per_capita,845.367240231973,World Bank WDI,2026-09-02
KOR,"Korea, Rep.",2023,gdp_per_capita,35674.095995632,World Bank WDI,2026-09-02
KOR,"Korea, Rep.",2022,gdp_per_capita,34822.4048404971,World Bank WDI,2026-09-02
KOR,"Korea, Rep.",2021,gdp_per_capita,37518.4635305697,World Bank WDI,2026-09-02
KOR,"Korea, Rep.",2020,gdp_per_capita,33645.7719545073,World Bank WDI,2026-09-02
KOR,"Korea, Rep.",2019,gdp_per_capita,33826.9443301597,World Bank WDI,2026-09-02
KOR,"Korea, Rep.",2018,gdp_per_capita,35363.9508228687,World Bank WDI,2026-09-02
KOR,"Korea, Rep.",2017,gdp_per_capita,33296.9845439195,World Bank WDI,2026-09-02
KOR,"Korea, Rep.",2016,gdp_per_capita,30832.0628072516,World Bank WDI,2026-09-02
KOR,"Korea, Rep.",2015,gdp_per_capita,30171.7906545222,World Bank WDI,2026-09-02
KOR,"Korea, Rep.",2014,gdp_per_capita,30667.0912467447,World Bank WDI,2026-09-02
KOR,"Korea, Rep.",2013,gdp_per_capita,28449.3591104972,World Bank WDI,2026-09-02
KOR,"Korea, Rep.",2012,gdp_per_capita,26600.5477433903,World Bank WDI,2026-09-02
KOR,"Korea, Rep.",2011,gdp_per_capita,26175.2398553363,World Bank WDI,2026-09-02
KOR,"Korea, Rep.",2010,gdp_per_capita,24071.2620526362,World Bank WDI,2026-09-02
KOR,"Korea, Rep.",2009,gdp_per_capita,19937.3029137734,World Bank WDI,2026-09-02
KOR,"Korea, Rep.",2008,gdp_per_capita,22252.3125108061,World Bank WDI,2026-09-02
KOR,"Korea, Rep.",2007,gdp_per_capita,25078.4853957105,World Bank WDI,2026-09-02
KOR,"Korea, Rep.",2006,gdp_per_capita,22609.7059431449,World Bank WDI,2026-09-02
KOR,"Korea, Rep.",2005,gdp_per_capita,20167.0474902506,World Bank WDI,2026-09-02
KOR,"Korea, Rep.",2004,gdp_per_capita,17121.6301633201,World Bank WDI,2026-09-02
KOR,"Korea, Rep.",2003,gdp_per_capita,15211.5483770422,World Bank WDI,2026-09-02
KOR,"Korea, Rep.",2002,gdp_per_capita,13642.9424537101,World Bank WDI,2026-09-02
KOR,"Korea, Rep.",2001,gdp_per_capita,11981.4828218758,World Bank WDI,2026-09-02
KOR,"Korea, Rep.",2000,gdp_per_capita,12710.2995795579,World Bank WDI,2026-09-02
XKX,Kosovo,2023,gdp_per_capita,6220.33213919344,World Bank WDI,2026-09-02
XKX,Kosovo,2022,gdp_per_capita,5298.1473871027,World Bank WDI,2026-09-02
XKX,Kosovo,2021,gdp_per_capita,5269.69946181439,World Bank WDI,2026-09-02
XKX,Kosovo,2020,gdp_per_capita,4320.58382547288,World Bank WDI,2026-09-02
XKX,Kosovo,2019,gdp_per_capita,4415.6992744623,World Bank WDI,2026-09-02
XKX,Kosovo,2018,gdp_per_capita,4384.18796440547,World Bank WDI,2026-09-02
XKX,Kosovo,2017,gdp_per_capita,4009.32022064732,World Bank WDI,2026-09-02
XKX,Kosovo,2016,gdp_per_capita,3759.44777525332,World Bank WDI,2026-09-02
XKX,Kosovo,2015,gdp_per_capita,3520.62685324451,World Bank WDI,2026-09-02
XKX,Kosovo,2014,gdp_per_capita,3902.49322261901,World Bank WDI,2026-09-02
XKX,Kosovo,2013,gdp_per_capita,3704.55812411167,World Bank WDI,2026-09-02
XKX,Kosovo,2012,gdp_per_capita,3410.65497983011,World Bank WDI,2026-09-02
XKX,Kosovo,2011,gdp_per_capita,3538.94809762524,World Bank WDI,2026-09-02
XKX,Kosovo,2010,gdp_per_capita,2987.54523493128,World Bank WDI,2026-09-02
XKX,Kosovo,2009,gdp_per_capita,2805.94692985371,World Bank WDI,2026-09-02
XKX,Kosovo,2008,gdp_per_capita,2889.14677086951,World Bank WDI,2026-09-02
KWT,Kuwait,2023,gdp_per_capita,34091.9714813002,World Bank WDI,2026-09-02
KWT,Kuwait,2022,gdp_per_capita,39981.7691035833,World Bank WDI,2026-09-02
KWT,Kuwait,2021,gdp_per_capita,34018.6342592913,World Bank WDI,2026-09-02
KWT,Kuwait,2020,gdp_per_capita,25236.0755848941,World Bank WDI,2026-09-02
KWT,Kuwait,2019,gdp_per_capita,31707.8737443551,World Bank WDI,2026-09-02
KWT,Kuwait,2018,gdp_per_capita,32067.9623756889,World Bank WDI,2026-09-02
KWT,Kuwait,2017,gdp_per_capita,29047.6536135703,World Bank WDI,2026-09-02
KWT,Kuwait,2016,gdp_per_capita,27323.6890735517,World Bank WDI,2026-09-02
KWT,Kuwait,2015,gdp_per_capita,29882.2126495698,World Bank WDI,2026-09-02
KWT,Kuwait,2014,gdp_per_capita,44368.7813457751,World Bank WDI,2026-09-02
KWT,Kuwait,2013,gdp_per_capita,49651.0439275077,World Bank WDI,2026-09-02
KWT,Kuwait,2012,gdp_per_capita,52155.2225833921,World Bank WDI,2026-09-02
KWT,Kuwait,2011,gdp_per_capita,49169.6063813095,World Bank WDI,2026-09-02
KWT,Kuwait,2010,gdp_per_capita,39212.252220155,World Bank WDI,2026-09-02
KWT,Kuwait,2009,gdp_per_capita,37907.1001320042,World Bank WDI,2026-09-02
KWT,Kuwait,2008,gdp_per_capita,55585.1889344442,World Bank WDI,2026-09-02
KWT,Kuwait,2007,gdp_per_capita,45709.4132876371,World Bank WDI,2026-09-02
KWT,Kuwait,2006,gdp_per_capita,42946.6374104066,World Bank WDI,2026-09-02
KWT,Kuwait,2005,gdp_per_capita,36122.6142741227,World Bank WDI,2026-09-02
KWT,Kuwait,2004,gdp_per_capita,27552.2827399787,World Bank WDI,2026-09-02
KWT,Kuwait,2003,gdp_per_capita,22690.655175144,World Bank WDI,2026-09-02
KWT,Kuwait,2002,gdp_per_capita,18512.7523035862,World Bank WDI,2026-09-02
KWT,Kuwait,2001,gdp_per_capita,17374.2318664227,World Bank WDI,2026-09-02
KWT,Kuwait,2000,gdp_per_capita,19296.3471698729,World Bank WDI,2026-09-02
KGZ,Kyrgyz Republic,2023,gdp_per_capita,2138.22210211478,World Bank WDI,2026-09-02
KGZ,Kyrgyz Republic,2022,gdp_per_capita,1739.72018344174,World Bank WDI,2026-09-02
KGZ,Kyrgyz Republic,2021,gdp_per_capita,1349.99730650542,World Bank WDI,2026-09-02
KGZ,Kyrgyz Republic,2020,gdp_per_capita,1229.51766602907,World Bank WDI,2026-09-02
KGZ,Kyrgyz Republic,2019,gdp_per_capita,1421.99927504102,World Bank WDI,2026-09-02
KGZ,Kyrgyz Republic,2018,gdp_per_capita,1283.5203037417,World Bank WDI,2026-09-02
KGZ,Kyrgyz Republic,2017,gdp_per_capita,1221.39046807082,World Bank WDI,2026-09-02
KGZ,Kyrgyz Republic,2016,gdp_per_capita,1103.27489428412,World Bank WDI,2026-09-02
KGZ,Kyrgyz Republic,2015,gdp_per_capita,1105.65193844261,World Bank WDI,2026-09-02
KGZ,Kyrgyz Republic,2014,gdp_per_capita,1264.52668823891,World Bank WDI,2026-09-02
KGZ,Kyrgyz Republic,2013,gdp_per_capita,1269.66303464348,World Bank WDI,2026-09-02
KGZ,Kyrgyz Republic,2012,gdp_per_capita,1168.62244675446,World Bank WDI,2026-09-02
KGZ,Kyrgyz Republic,2011,gdp_per_capita,1117.40174350185,World Bank WDI,2026-09-02
KGZ,Kyrgyz Republic,2010,gdp_per_capita,876.954476440354,World Bank WDI,2026-09-02
KGZ,Kyrgyz Republic,2009,gdp_per_capita,870.198894546917,World Bank WDI,2026-09-02
KGZ,Kyrgyz Republic,2008,gdp_per_capita,966.388569370494,World Bank WDI,2026-09-02
KGZ,Kyrgyz Republic,2007,gdp_per_capita,721.771577544361,World Bank WDI,2026-09-02
KGZ,Kyrgyz Republic,2006,gdp_per_capita,543.113512472219,World Bank WDI,2026-09-02
KGZ,Kyrgyz Republic,2005,gdp_per_capita,476.548193640077,World Bank WDI,2026-09-02
KGZ,Kyrgyz Republic,2004,gdp_per_capita,433.233873286,World Bank WDI,2026-09-02
KGZ,Kyrgyz Republic,2003,gdp_per_capita,380.505828812441,World Bank WDI,2026-09-02
KGZ,Kyrgyz Republic,2002,gdp_per_capita,321.726775366804,World Bank WDI,2026-09-02
KGZ,Kyrgyz Republic,2001,gdp_per_capita,308.41129550148,World Bank WDI,2026-09-02
KGZ,Kyrgyz Republic,2000,gdp_per_capita,279.621738464365,World Bank WDI,2026-09-02
LAO,Lao PDR,2023,gdp_per_capita,2066.94979776957,World Bank WDI,2026-09-02
LAO,Lao PDR,2022,gdp_per_capita,2046.40440255621,World Bank WDI,2026-09-02
LAO,Lao PDR,2021,gdp_per_capita,2526.05105018529,World Bank WDI,2026-09-02
LAO,Lao PDR,2020,gdp_per_capita,2583.77730696131,World Bank WDI,2026-09-02
LAO,Lao PDR,2019,gdp_per_capita,2589.32081035237,World Bank WDI,2026-09-02
LAO,Lao PDR,2018,gdp_per_capita,2545.1075420815,World Bank WDI,2026-09-02
LAO,Lao PDR,2017,gdp_per_capita,2432.43059478511,World Bank WDI,2026-09-02
LAO,Lao PDR,2016,gdp_per_capita,2303.22156035363,World Bank WDI,2026-09-02
LAO,Lao PDR,2015,gdp_per_capita,2121.01339097363,World Bank WDI,2026-09-02
LAO,Lao PDR,2014,gdp_per_capita,1981.03910900473,World Bank WDI,2026-09-02
LAO,Lao PDR,2013,gdp_per_capita,1812.51774424651,World Bank WDI,2026-09-02
LAO,Lao PDR,2012,gdp_per_capita,1563.5650771337,World Bank WDI,2026-09-02
LAO,Lao PDR,2011,gdp_per_capita,1361.54704394913,World Bank WDI,2026-09-02
LAO,Lao PDR,2010,gdp_per_capita,1125.91610151261,World Bank WDI,2026-09-02
LAO,Lao PDR,2009,gdp_per_capita,935.03237283283,World Bank WDI,2026-09-02
LAO,Lao PDR,2008,gdp_per_capita,885.747376088762,World Bank WDI,2026-09-02
LAO,Lao PDR,2007,gdp_per_capita,697.323013673925,World Bank WDI,2026-09-02
LAO,Lao PDR,2006,gdp_per_capita,579.391947440719,World Bank WDI,2026-09-02
LAO,Lao PDR,2005,gdp_per_capita,466.061506997741,World Bank WDI,2026-09-02
LAO,Lao PDR,2004,gdp_per_capita,409.296298284117,World Bank WDI,2026-09-02
LAO,Lao PDR,2003,gdp_per_capita,355.097216151461,World Bank WDI,2026-09-02
LAO,Lao PDR,2002,gdp_per_capita,313.350817148131,World Bank WDI,2026-09-02
LAO,Lao PDR,2001,gdp_per_capita,320.316005439568,World Bank WDI,2026-09-02
LAO,Lao PDR,2000,gdp_per_capita,318.749852236965,World Bank WDI,2026-09-02
LVA,Latvia,2023,gdp_per_capita,22710.2637544197,World Bank WDI,2026-09-02
LVA,Latvia,2022,gdp_per_capita,20221.103686109,World Bank WDI,2026-09-02
LVA,Latvia,2021,gdp_per_capita,20261.8887788916,World Bank WDI,2026-09-02
LVA,Latvia,2020,gdp_per_capita,17564.2321549354,World Bank WDI,2026-09-02
LVA,Latvia,2019,gdp_per_capita,17294.9751600969,World Bank WDI,2026-09-02
LVA,Latvia,2018,gdp_per_capita,17252.1710428626,World Bank WDI,2026-09-02
LVA,Latvia,2017,gdp_per_capita,15132.4958333982,World Bank WDI,2026-09-02
LVA,Latvia,2016,gdp_per_capita,13838.5266823272,World Bank WDI,2026-09-02
LVA,Latvia,2015,gdp_per_capita,13321.9753140616,World Bank WDI,2026-09-02
LVA,Latvia,2014,gdp_per_capita,15185.814581236,World Bank WDI,2026-09-02
LVA,Latvia,2013,gdp_per_capita,14484.4715282132,World Bank WDI,2026-09-02
LVA,Latvia,2012,gdp_per_capita,13329.3499931271,World Bank WDI,2026-09-02
LVA,Latvia,2011,gdp_per_capita,12902.574053337,World Bank WDI,2026-09-02
LVA,Latvia,2010,gdp_per_capita,11188.4191700977,World Bank WDI,2026-09-02
LVA,Latvia,2009,gdp_per_capita,11996.0322729773,World Bank WDI,2026-09-02
LVA,Latvia,2008,gdp_per_capita,15677.6080864506,World Bank WDI,2026-09-02
LVA,Latvia,2007,gdp_per_capita,13370.9789452508,World Bank WDI,2026-09-02
LVA,Latvia,2006,gdp_per_capita,9211.7374468148,World Bank WDI,2026-09-02
LVA,Latvia,2005,gdp_per_capita,7283.78738127622,World Bank WDI,2026-09-02
LVA,Latvia,2004,gdp_per_capita,6109.73265186817,World Bank WDI,2026-09-02
LVA,Latvia,2003,gdp_per_capita,4914.57992829302,World Bank WDI,2026-09-02
LVA,Latvia,2002,gdp_per_capita,4003.60935783538,World Bank WDI,2026-09-02
LVA,Latvia,2001,gdp_per_capita,3504.61829462397,World Bank WDI,2026-09-02
LVA,Latvia,2000,gdp_per_capita,3278.17896440803,World Bank WDI,2026-09-02
LBN,Lebanon,2023,gdp_per_capita,3477.72489842684,World Bank WDI,2026-09-02
LBN,Lebanon,2022,gdp_per_capita,3654.35845534878,World Bank WDI,2026-09-02
LBN,Lebanon,2021,gdp_per_capita,4045.37391066234,World Bank WDI,2026-09-02
LBN,Lebanon,2020,gdp_per_capita,5561.19166950397,World Bank WDI,2026-09-02
LBN,Lebanon,2019,gdp_per_capita,8905.88005497437,World Bank WDI,2026-09-02
LBN,Lebanon,2018,gdp_per_capita,9174.53666204759,World Bank WDI,2026-09-02
LBN,Lebanon,2017,gdp_per_capita,8608.21084982387,World Bank WDI,2026-09-02
LBN,Lebanon,2016,gdp_per_capita,8089.012088155,World Bank WDI,2026-09-02
LBN,Lebanon,2015,gdp_per_capita,7714.1099998804,World Bank WDI,2026-09-02
LBN,Lebanon,2014,gdp_per_capita,7577.6413302369,World Bank WDI,2026-09-02
LBN,Lebanon,2013,gdp_per_capita,8162.37929361396,World Bank WDI,2026-09-02
LBN,Lebanon,2012,gdp_per_capita,8406.98405608118,World Bank WDI,2026-09-02
LBN,Lebanon,2011,gdp_per_capita,7834.96257108993,World Bank WDI,2026-09-02
LBN,Lebanon,2010,gdp_per_capita,7625.81051551165,World Bank WDI,2026-09-02
LBN,Lebanon,2009,gdp_per_capita,7090.85493856621,World Bank WDI,2026-09-02
LBN,Lebanon,2008,gdp_per_capita,5912.04532820842,World Bank WDI,2026-09-02
LBN,Lebanon,2007,gdp_per_capita,5125.25809960149,World Bank WDI,2026-09-02
LBN,Lebanon,2006,gdp_per_capita,4635.2514117486,World Bank WDI,2026-09-02
LBN,Lebanon,2005,gdp_per_capita,4602.19804637945,World Bank WDI,2026-09-02
LBN,Lebanon,2004,gdp_per_capita,4600.68371412993,World Bank WDI,2026-09-02
LBN,Lebanon,2003,gdp_per_capita,4437.71588507526,World Bank WDI,2026-09-02
LBN,Lebanon,2002,gdp_per_capita,4290.85283803266,World Bank WDI,2026-09-02
LBN,Lebanon,2001,gdp_per_capita,4009.55929751102,World Bank WDI,2026-09-02
LBN,Lebanon,2000,gdp_per_capita,3986.83513941026,World Bank WDI,2026-09-02
LSO,Lesotho,2023,gdp_per_capita,921.435141557056,World Bank WDI,2026-09-02
LSO,Lesotho,2022,gdp_per_capita,1030.12582947757,World Bank WDI,2026-09-02
LSO,Lesotho,2021,gdp_per_capita,1066.58645143823,World Bank WDI,2026-09-02
LSO,Lesotho,2020,gdp_per_capita,918.582574704447,World Bank WDI,2026-09-02
LSO,Lesotho,2019,gdp_per_capita,1082.05706777516,World Bank WDI,2026-09-02
LSO,Lesotho,2018,gdp_per_capita,1170.65569702819,World Bank WDI,2026-09-02
LSO,Lesotho,2017,gdp_per_capita,1069.36673247542,World Bank WDI,2026-09-02
LSO,Lesotho,2016,gdp_per_capita,992.491840678465,World Bank WDI,2026-09-02
LSO,Lesotho,2015,gdp_per_capita,1121.19851342518,World Bank WDI,2026-09-02
LSO,Lesotho,2014,gdp_per_capita,1173.5377928819,World Bank WDI,2026-09-02
LSO,Lesotho,2013,gdp_per_capita,1151.03735837227,World Bank WDI,2026-09-02
LSO,Lesotho,2012,gdp_per_capita,1217.93071228944,World Bank WDI,2026-09-02
LSO,Lesotho,2011,gdp_per_capita,1280.73390931581,World Bank WDI,2026-09-02
LSO,Lesotho,2010,gdp_per_capita,1119.47557793042,World Bank WDI,2026-09-02
LSO,Lesotho,2009,gdp_per_capita,878.847950537772,World Bank WDI,2026-09-02
LSO,Lesotho,2008,gdp_per_capita,898.482517882593,World Bank WDI,2026-09-02
LSO,Lesotho,2007,gdp_per_capita,861.188420899563,World Bank WDI,2026-09-02
LSO,Lesotho,2006,gdp_per_capita,925.467485502842,World Bank WDI,2026-09-02
LSO,Lesotho,2005,gdp_per_capita,861.381496414995,World Bank WDI,2026-09-02
LSO,Lesotho,2004,gdp_per_capita,766.685820928242,World Bank WDI,2026-09-02
LSO,Lesotho,2003,gdp_per_capita,583.270036200288,World Bank WDI,2026-09-02
LSO,Lesotho,2002,gdp_per_capita,388.92334985135,World Bank WDI,2026-09-02
LSO,Lesotho,2001,gdp_per_capita,412.677473676821,World Bank WDI,2026-09-02
LSO,Lesotho,2000,gdp_per_capita,442.779545779081,World Bank WDI,2026-09-02
LBR,Liberia,2023,gdp_per_capita,799.194470229642,World Bank WDI,2026-09-02
LBR,Liberia,2022,gdp_per_capita,744.617175237387,World Bank WDI,2026-09-02
LBR,Liberia,2021,gdp_per_capita,667.96610514319,World Bank WDI,2026-09-02
LBR,Liberia,2020,gdp_per_capita,616.787867006715,World Bank WDI,2026-09-02
LBR,Liberia,2019,gdp_per_capita,658.164180770507,World Bank WDI,2026-09-02
LBR,Liberia,2018,gdp_per_capita,692.203127129794,World Bank WDI,2026-09-02
LBR,Liberia,2017,gdp_per_capita,699.269095727404,World Bank WDI,2026-09-02
LBR,Liberia,2016,gdp_per_capita,714.613063145659,World Bank WDI,2026-09-02
LBR,Liberia,2015,gdp_per_capita,692.590082351257,World Bank WDI,2026-09-02
LBR,Liberia,2014,gdp_per_capita,706.714490064507,World Bank WDI,2026-09-02
LBR,Liberia,2013,gdp_per_capita,710.744570927863,World Bank WDI,2026-09-02
LBR,Liberia,2012,gdp_per_capita,638.368751462083,World Bank WDI,2026-09-02
LBR,Liberia,2011,gdp_per_capita,568.087865520004,World Bank WDI,2026-09-02
LBR,Liberia,2010,gdp_per_capita,492.252808033724,World Bank WDI,2026-09-02
LBR,Liberia,2009,gdp_per_capita,448.386367025545,World Bank WDI,2026-09-02
LBR,Liberia,2008,gdp_per_capita,451.713856283285,World Bank WDI,2026-09-02
LBR,Liberia,2007,gdp_per_capita,374.211308104278,World Bank WDI,2026-09-02
LBR,Liberia,2006,gdp_per_capita,320.55808618515,World Bank WDI,2026-09-02
LBR,Liberia,2005,gdp_per_capita,287.487333441381,World Bank WDI,2026-09-02
LBR,Liberia,2004,gdp_per_capita,284.140223992458,World Bank WDI,2026-09-02
LBR,Liberia,2003,gdp_per_capita,239.779556677091,World Bank WDI,2026-09-02
LBR,Liberia,2002,gdp_per_capita,299.536445539621,World Bank WDI,2026-09-02
LBR,Liberia,2001,gdp_per_capita,300.463828598983,World Bank WDI,2026-09-02
LBR,Liberia,2000,gdp_per_capita,298.485340578945,World Bank WDI,2026-09-02
LBY,Libya,2023,gdp_per_capita,6026.51518708812,World Bank WDI,2026-09-02
LBY,Libya,2022,gdp_per_capita,5986.63694851258,World Bank WDI,2026-09-02
LBY,Libya,2021,gdp_per_capita,4935.82787349801,World Bank WDI,2026-09-02
LBY,Libya,2020,gdp_per_capita,6650.33810585348,World Bank WDI,2026-09-02
LBY,Libya,2019,gdp_per_capita,9963.19489084483,World Bank WDI,2026-09-02
LBY,Libya,2018,gdp_per_capita,11196.5854810844,World Bank WDI,2026-09-02
LBY,Libya,2017,gdp_per_capita,9965.83236729757,World Bank WDI,2026-09-02
LBY,Libya,2016,gdp_per_capita,7525.80299308216,World Bank WDI,2026-09-02
LBY,Libya,2015,gdp_per_capita,7458.48917756374,World Bank WDI,2026-09-02
LBY,Libya,2014,gdp_per_capita,8926.42074591474,World Bank WDI,2026-09-02
LBY,Libya,2013,gdp_per_capita,11951.7134126011,World Bank WDI,2026-09-02
LBY,Libya,2012,gdp_per_capita,14975.8902795144,World Bank WDI,2026-09-02
LBY,Libya,2011,gdp_per_capita,7593.8391525702,World Bank WDI,2026-09-02
LBY,Libya,2010,gdp_per_capita,11600.9068649472,World Bank WDI,2026-09-02
LBY,Libya,2009,gdp_per_capita,9551.05403869755,World Bank WDI,2026-09-02
LBY,Libya,2008,gdp_per_capita,13906.1407818125,World Bank WDI,2026-09-02
LBY,Libya,2007,gdp_per_capita,11144.9448413435,World Bank WDI,2026-09-02
LBY,Libya,2006,gdp_per_capita,10048.8480434289,World Bank WDI,2026-09-02
LBY,Libya,2005,gdp_per_capita,8079.24957329001,World Bank WDI,2026-09-02
LBY,Libya,2004,gdp_per_capita,5773.76333234281,World Bank WDI,2026-09-02
LBY,Libya,2003,gdp_per_capita,4674.09943200321,World Bank WDI,2026-09-02
LBY,Libya,2002,gdp_per_capita,3718.29434696755,World Bank WDI,2026-09-02
LBY,Libya,2001,gdp_per_capita,6312.80030498965,World Bank WDI,2026-09-02
LBY,Libya,2000,gdp_per_capita,7214.10040377084,World Bank WDI,2026-09-02
LIE,Liechtenstein,2023,gdp_per_capita,206780.590353385,World Bank WDI,2026-09-02
LIE,Liechtenstein,2022,gdp_per_capita,188055.003235348,World Bank WDI,2026-09-02
LIE,Liechtenstein,2021,gdp_per_capita,201944.830335076,World Bank WDI,2026-09-02
LIE,Liechtenstein,2020,gdp_per_capita,164671.093553454,World Bank WDI,2026-09-02
LIE,Liechtenstein,2019,gdp_per_capita,166907.839305016,World Bank WDI,2026-09-02
LIE,Liechtenstein,2018,gdp_per_capita,174988.775083446,World Bank WDI,2026-09-02
LIE,Liechtenstein,2017,gdp_per_capita,170547.092298954,World Bank WDI,2026-09-02
LIE,Liechtenstein,2016,gdp_per_capita,165375.491396259,World Bank WDI,2026-09-02
LIE,Liechtenstein,2015,gdp_per_capita,167187.15730982,World Bank WDI,2026-09-02
LIE,Liechtenstein,2014,gdp_per_capita,178735.153020908,World Bank WDI,2026-09-02
LIE,Liechtenstein,2013,gdp_per_capita,172823.607794648,World Bank WDI,2026-09-02
LIE,Liechtenstein,2012,gdp_per_capita,148842.035144342,World Bank WDI,2026-09-02
LIE,Liechtenstein,2011,gdp_per_capita,158066.369379163,World Bank WDI,2026-09-02
LIE,Liechtenstein,2010,gdp_per_capita,141089.812849014,World Bank WDI,2026-09-02
LIE,Liechtenstein,2009,gdp_per_capita,126024.714567466,World Bank WDI,2026-09-02
LIE,Liechtenstein,2008,gdp_per_capita,143249.227302093,World Bank WDI,2026-09-02
LIE,Liechtenstein,2007,gdp_per_capita,130492.595349517,World Bank WDI,2026-09-02
LIE,Liechtenstein,2006,gdp_per_capita,114167.939211301,World Bank WDI,2026-09-02
LIE,Liechtenstein,2005,gdp_per_capita,105295.057027611,World Bank WDI,2026-09-02
LIE,Liechtenstein,2004,gdp_per_capita,100280.831356705,World Bank WDI,2026-09-02
LIE,Liechtenstein,2003,gdp_per_capita,90108.3673647008,World Bank WDI,2026-09-02
LIE,Liechtenstein,2002,gdp_per_capita,79795.1785891101,World Bank WDI,2026-09-02
LIE,Liechtenstein,2001,gdp_per_capita,75067.8001680043,World Bank WDI,2026-09-02
LIE,Liechtenstein,2000,gdp_per_capita,76087.911114202,World Bank WDI,2026-09-02
LTU,Lithuania,2023,gdp_per_capita,27983.3658256887,World Bank WDI,2026-09-02
LTU,Lithuania,2022,gdp_per_capita,24946.5724005188,World Bank WDI,2026-09-02
LTU,Lithuania,2021,gdp_per_capita,23882.8668916753,World Bank WDI,2026-09-02
LTU,Lithuania,2020,gdp_per_capita,20428.6478157394,World Bank WDI,2026-09-02
LTU,Lithuania,2019,gdp_per_capita,19608.7943945553,World Bank WDI,2026-09-02
LTU,Lithuania,2018,gdp_per_capita,19247.2315367967,World Bank WDI,2026-09-02
LTU,Lithuania,2017,gdp_per_capita,16800.1510246099,World Bank WDI,2026-09-02
LTU,Lithuania,2016,gdp_per_capita,14934.2702840428,World Bank WDI,2026-09-02
LTU,Lithuania,2015,gdp_per_capita,14269.8039878287,World Bank WDI,2026-09-02
LTU,Lithuania,2014,gdp_per_capita,16446.1647181663,World Bank WDI,2026-09-02
LTU,Lithuania,2013,gdp_per_capita,15636.5252586048,World Bank WDI,2026-09-02
LTU,Lithuania,2012,gdp_per_capita,14288.1853493139,World Bank WDI,2026-09-02
LTU,Lithuania,2011,gdp_per_capita,14261.8433787325,World Bank WDI,2026-09-02
LTU,Lithuania,2010,gdp_per_capita,11829.122609457,World Bank WDI,2026-09-02
LTU,Lithuania,2009,gdp_per_capita,11854.3711053096,World Bank WDI,2026-09-02
LTU,Lithuania,2008,gdp_per_capita,14955.5345462921,World Bank WDI,2026-09-02
LTU,Lithuania,2007,gdp_per_capita,12295.1212779366,World Bank WDI,2026-09-02
LTU,Lithuania,2006,gdp_per_capita,9210.10118229413,World Bank WDI,2026-09-02
LTU,Lithuania,2005,gdp_per_capita,7857.03148786492,World Bank WDI,2026-09-02
LTU,Lithuania,2004,gdp_per_capita,6734.57487061946,World Bank WDI,2026-09-02
LTU,Lithuania,2003,gdp_per_capita,5507.47434187652,World Bank WDI,2026-09-02
LTU,Lithuania,2002,gdp_per_capita,4148.13091485015,World Bank WDI,2026-09-02
LTU,Lithuania,2001,gdp_per_capita,3532.52787363242,World Bank WDI,2026-09-02
LTU,Lithuania,2000,gdp_per_capita,3300.63634928559,World Bank WDI,2026-09-02
LUX,Luxembourg,2023,gdp_per_capita,133230.619178899,World Bank WDI,2026-09-02
LUX,Luxembourg,2022,gdp_per_capita,123719.658915996,World Bank WDI,2026-09-02
LUX,Luxembourg,2021,gdp_per_capita,134965.815442152,World Bank WDI,2026-09-02
LUX,Luxembourg,2020,gdp_per_capita,116860.02817236,World Bank WDI,2026-09-02
LUX,Luxembourg,2019,gdp_per_capita,112696.649059674,World Bank WDI,2026-09-02
LUX,Luxembourg,2018,gdp_per_capita,116926.759593905,World Bank WDI,2026-09-02
LUX,Luxembourg,2017,gdp_per_capita,110193.213797228,World Bank WDI,2026-09-02
LUX,Luxembourg,2016,gdp_per_capita,106899.293549552,World Bank WDI,2026-09-02
LUX,Luxembourg,2015,gdp_per_capita,105462.012584423,World Bank WDI,2026-09-02
LUX,Luxembourg,2014,gdp_per_capita,123678.706919314,World Bank WDI,2026-09-02
LUX,Luxembourg,2013,gdp_per_capita,120000.140729859,World Bank WDI,2026-09-02
LUX,Luxembourg,2012,gdp_per_capita,112584.676270958,World Bank WDI,2026-09-02
LUX,Luxembourg,2011,gdp_per_capita,119025.057203467,World Bank WDI,2026-09-02
LUX,Luxembourg,2010,gdp_per_capita,110885.991378721,World Bank WDI,2026-09-02
LUX,Luxembourg,2009,gdp_per_capita,109419.746953106,World Bank WDI,2026-09-02
LUX,Luxembourg,2008,gdp_per_capita,120422.137934157,World Bank WDI,2026-09-02
LUX,Luxembourg,2007,gdp_per_capita,107475.320297978,World Bank WDI,2026-09-02
LUX,Luxembourg,2006,gdp_per_capita,90788.8164271049,World Bank WDI,2026-09-02
LUX,Luxembourg,2005,gdp_per_capita,80988.2044869403,World Bank WDI,2026-09-02
LUX,Luxembourg,2004,gdp_per_capita,76544.9170868473,World Bank WDI,2026-09-02
LUX,Luxembourg,2003,gdp_per_capita,65689.3214536911,World Bank WDI,2026-09-02
LUX,Luxembourg,2002,gdp_per_capita,53005.731801629,World Bank WDI,2026-09-02
LUX,Luxembourg,2001,gdp_per_capita,48440.1805564662,World Bank WDI,2026-09-02
LUX,Luxembourg,2000,gdp_per_capita,48659.6390968187,World Bank WDI,2026-09-02
MAC,"Macao SAR, China",2023,gdp_per_capita,67216.3631112124,World Bank WDI,2026-09-02
MAC,"Macao SAR, China",2022,gdp_per_capita,36806.891255461,World Bank WDI,2026-09-02
MAC,"Macao SAR, China",2021,gdp_per_capita,44884.8961602393,World Bank WDI,2026-09-02
MAC,"Macao SAR, China",2020,gdp_per_capita,36883.6652578543,World Bank WDI,2026-09-02
MAC,"Macao SAR, China",2019,gdp_per_capita,81882.6964523869,World Bank WDI,2026-09-02
MAC,"Macao SAR, China",2018,gdp_per_capita,83588.2875009014,World Bank WDI,2026-09-02
MAC,"Macao SAR, China",2017,gdp_per_capita,77570.9876166977,World Bank WDI,2026-09-02
MAC,"Macao SAR, China",2016,gdp_per_capita,68911.6755919628,World Bank WDI,2026-09-02
MAC,"Macao SAR, China",2015,gdp_per_capita,69902.9605741233,World Bank WDI,2026-09-02
MAC,"Macao SAR, China",2014,gdp_per_capita,88355.3181764446,World Bank WDI,2026-09-02
MAC,"Macao SAR, China",2013,gdp_per_capita,87107.8313063626,World Bank WDI,2026-09-02
MAC,"Macao SAR, China",2012,gdp_per_capita,76058.0224963659,World Bank WDI,2026-09-02
MAC,"Macao SAR, China",2011,gdp_per_capita,67046.7284292101,World Bank WDI,2026-09-02
MAC,"Macao SAR, China",2010,gdp_per_capita,52596.2250160214,World Bank WDI,2026-09-02
MAC,"Macao SAR, China",2009,gdp_per_capita,40354.2810293673,World Bank WDI,2026-09-02
MAC,"Macao SAR, China",2008,gdp_per_capita,38888.5118044503,World Bank WDI,2026-09-02
MAC,"Macao SAR, China",2007,gdp_per_capita,35400.2334659409,World Bank WDI,2026-09-02
MAC,"Macao SAR, China",2006,gdp_per_capita,29813.7877167933,World Bank WDI,2026-09-02
MAC,"Macao SAR, China",2005,gdp_per_capita,25681.2167315221,World Bank WDI,2026-09-02
MAC,"Macao SAR, China",2004,gdp_per_capita,23407.1993692194,World Bank WDI,2026-09-02
MAC,"Macao SAR, China",2003,gdp_per_capita,18589.8998330534,World Bank WDI,2026-09-02
MAC,"Macao SAR, China",2002,gdp_per_capita,16814.9926424134,World Bank WDI,2026-09-02
MAC,"Macao SAR, China",2001,gdp_per_capita,15810.7227666562,World Bank WDI,2026-09-02
MAC,"Macao SAR, China",2000,gdp_per_capita,15731.4081633771,World Bank WDI,2026-09-02
MDG,Madagascar,2023,gdp_per_capita,514.064076551927,World Bank WDI,2026-09-02
MDG,Madagascar,2022,gdp_per_capita,504.059106969168,World Bank WDI,2026-09-02
MDG,Madagascar,2021,gdp_per_capita,483.469463351195,World Bank WDI,2026-09-02
MDG,Madagascar,2020,gdp_per_capita,450.771615205157,World Bank WDI,2026-09-02
MDG,Madagascar,2019,gdp_per_capita,499.818837622534,World Bank WDI,2026-09-02
MDG,Madagascar,2018,gdp_per_capita,500.45718552916,World Bank WDI,2026-09-02
MDG,Madagascar,2017,gdp_per_capita,491.866848718929,World Bank WDI,2026-09-02
MDG,Madagascar,2016,gdp_per_capita,453.970714522463,World Bank WDI,2026-09-02
MDG,Madagascar,2015,gdp_per_capita,445.320069480568,World Bank WDI,2026-09-02
MDG,Madagascar,2014,gdp_per_capita,505.684922503435,World Bank WDI,2026-09-02
MDG,Madagascar,2013,gdp_per_capita,515.301589361832,World Bank WDI,2026-09-02
MDG,Madagascar,2012,gdp_per_capita,493.511162904211,World Bank WDI,2026-09-02
MDG,Madagascar,2011,gdp_per_capita,506.163691559309,World Bank WDI,2026-09-02
MDG,Madagascar,2010,gdp_per_capita,450.009391645726,World Bank WDI,2026-09-02
MDG,Madagascar,2009,gdp_per_capita,446.315238370592,World Bank WDI,2026-09-02
MDG,Madagascar,2008,gdp_per_capita,512.579800058444,World Bank WDI,2026-09-02
MDG,Madagascar,2007,gdp_per_capita,419.548001431865,World Bank WDI,2026-09-02
MDG,Madagascar,2006,gdp_per_capita,324.146874882604,World Bank WDI,2026-09-02
MDG,Madagascar,2005,gdp_per_capita,305.812074924388,World Bank WDI,2026-09-02
MDG,Madagascar,2004,gdp_per_capita,272.20074858856,World Bank WDI,2026-09-02
MDG,Madagascar,2003,gdp_per_capita,352.620095849925,World Bank WDI,2026-09-02
MDG,Madagascar,2002,gdp_per_capita,304.941777398445,World Bank WDI,2026-09-02
MDG,Madagascar,2001,gdp_per_capita,319.283278235657,World Bank WDI,2026-09-02
MDG,Madagascar,2000,gdp_per_capita,280.282905559649,World Bank WDI,2026-09-02
MWI,Malawi,2023,gdp_per_capita,633.214767978695,World Bank WDI,2026-09-02
MWI,Malawi,2022,gdp_per_capita,604.269740360317,World Bank WDI,2026-09-02
MWI,Malawi,2021,gdp_per_capita,617.446994451007,World Bank WDI,2026-09-02
MWI,Malawi,2020,gdp_per_capita,602.507478176106,World Bank WDI,2026-09-02
MWI,Malawi,2019,gdp_per_capita,580.889139762475,World Bank WDI,2026-09-02
MWI,Malawi,2018,gdp_per_capita,533.202567189331,World Bank WDI,2026-09-02
MWI,Malawi,2017,gdp_per_capita,495.769683367165,World Bank WDI,2026-09-02
MWI,Malawi,2016,gdp_per_capita,450.506105510719,World Bank WDI,2026-09-02
MWI,Malawi,2015,gdp_per_capita,539.605363240686,World Bank WDI,2026-09-02
MWI,Malawi,2014,gdp_per_capita,529.5133440206,World Bank WDI,2026-09-02
MWI,Malawi,2013,gdp_per_capita,496.947368267313,World Bank WDI,2026-09-02
MWI,Malawi,2012,gdp_per_capita,558.46208832772,World Bank WDI,2026-09-02
MWI,Malawi,2011,gdp_per_capita,763.061000394572,World Bank WDI,2026-09-02
MWI,Malawi,2010,gdp_per_capita,683.124694716799,World Bank WDI,2026-09-02
MWI,Malawi,2009,gdp_per_capita,625.869729869625,World Bank WDI,2026-09-02
MWI,Malawi,2008,gdp_per_capita,554.048820396119,World Bank WDI,2026-09-02
MWI,Malawi,2007,gdp_per_capita,475.180261659331,World Bank WDI,2026-09-02
MWI,Malawi,2006,gdp_per_capita,440.822149023873,World Bank WDI,2026-09-02
MWI,Malawi,2005,gdp_per_capita,414.361121984475,World Bank WDI,2026-09-02
MWI,Malawi,2004,gdp_per_capita,404.674248445428,World Bank WDI,2026-09-02
MWI,Malawi,2003,gdp_per_capita,383.348596852642,World Bank WDI,2026-09-02
MWI,Malawi,2002,gdp_per_capita,428.210439838398,World Bank WDI,2026-09-02
MWI,Malawi,2001,gdp_per_capita,215.474524898357,World Bank WDI,2026-09-02
MWI,Malawi,2000,gdp_per_capita,224.22415918428,World Bank WDI,2026-09-02
MYS,Malaysia,2023,gdp_per_capita,11386.0395636528,World Bank WDI,2026-09-02
MYS,Malaysia,2022,gdp_per_capita,11754.5678336248,World Bank WDI,2026-09-02
MYS,Malaysia,2021,gdp_per_capita,10903.1037480772,World Bank WDI,2026-09-02
MYS,Malaysia,2020,gdp_per_capita,9957.52626697613,World Bank WDI,2026-09-02
MYS,Malaysia,2019,gdp_per_capita,10920.191763972,World Bank WDI,2026-09-02
MYS,Malaysia,2018,gdp_per_capita,10901.8019954421,World Bank WDI,2026-09-02
MYS,Malaysia,2017,gdp_per_capita,9862.54806612235,World Bank WDI,2026-09-02
MYS,Malaysia,2016,gdp_per_capita,9476.53409809923,World Bank WDI,2026-09-02
MYS,Malaysia,2015,gdp_per_capita,9648.6797937523,World Bank WDI,2026-09-02
MYS,Malaysia,2014,gdp_per_capita,11013.3107334403,World Bank WDI,2026-09-02
MYS,Malaysia,2013,gdp_per_capita,10713.6407638899,World Bank WDI,2026-09-02
MYS,Malaysia,2012,gdp_per_capita,10600.5744240026,World Bank WDI,2026-09-02
MYS,Malaysia,2011,gdp_per_capita,10217.1068585031,World Bank WDI,2026-09-02
MYS,Malaysia,2010,gdp_per_capita,8899.34505544675,World Bank WDI,2026-09-02
MYS,Malaysia,2009,gdp_per_capita,7191.43287234626,World Bank WDI,2026-09-02
MYS,Malaysia,2008,gdp_per_capita,8371.82156086005,World Bank WDI,2026-09-02
MYS,Malaysia,2007,gdp_per_capita,7168.93031942508,World Bank WDI,2026-09-02
MYS,Malaysia,2006,gdp_per_capita,6158.40785533236,World Bank WDI,2026-09-02
MYS,Malaysia,2005,gdp_per_capita,5555.58179951206,World Bank WDI,2026-09-02
MYS,Malaysia,2004,gdp_per_capita,4939.24851854427,World Bank WDI,2026-09-02
MYS,Malaysia,2003,gdp_per_capita,4465.32194567208,World Bank WDI,2026-09-02
MYS,Malaysia,2002,gdp_per_capita,4184.03163773539,World Bank WDI,2026-09-02
MYS,Malaysia,2001,gdp_per_capita,3943.79943910239,World Bank WDI,2026-09-02
MYS,Malaysia,2000,gdp_per_capita,4083.52874483605,World Bank WDI,2026-09-02
MDV,Maldives,2023,gdp_per_capita,12587.6126038651,World Bank WDI,2026-09-02
MDV,Maldives,2022,gdp_per_capita,11786.0191492983,World Bank WDI,2026-09-02
MDV,Maldives,2021,gdp_per_capita,10176.143882547,World Bank WDI,2026-09-02
MDV,Maldives,2020,gdp_per_capita,7393.8886543933,World Bank WDI,2026-09-02
MDV,Maldives,2019,gdp_per_capita,11740.2724029785,World Bank WDI,2026-09-02
MDV,Maldives,2018,gdp_per_capita,11423.2838427029,World Bank WDI,2026-09-02
MDV,Maldives,2017,gdp_per_capita,10509.628805812,World Bank WDI,2026-09-02
MDV,Maldives,2016,gdp_per_capita,9947.80744731739,World Bank WDI,2026-09-02
MDV,Maldives,2015,gdp_per_capita,9644.90655028145,World Bank WDI,2026-09-02
MDV,Maldives,2014,gdp_per_capita,8939.07416571472,World Bank WDI,2026-09-02
MDV,Maldives,2013,gdp_per_capita,8236.08177944126,World Bank WDI,2026-09-02
MDV,Maldives,2012,gdp_per_capita,7461.29703686309,World Bank WDI,2026-09-02
MDV,Maldives,2011,gdp_per_capita,7424.520410971,World Bank WDI,2026-09-02
MDV,Maldives,2010,gdp_per_capita,7173.59601844692,World Bank WDI,2026-09-02
MDV,Maldives,2009,gdp_per_capita,6734.03165601895,World Bank WDI,2026-09-02
MDV,Maldives,2008,gdp_per_capita,6757.43280929292,World Bank WDI,2026-09-02
MDV,Maldives,2007,gdp_per_capita,5758.10286933053,World Bank WDI,2026-09-02
MDV,Maldives,2006,gdp_per_capita,5018.94335409159,World Bank WDI,2026-09-02
MDV,Maldives,2005,gdp_per_capita,3796.51546524644,World Bank WDI,2026-09-02
MDV,Maldives,2004,gdp_per_capita,4070.2609459446,World Bank WDI,2026-09-02
MDV,Maldives,2003,gdp_per_capita,3548.5767011056,World Bank WDI,2026-09-02
MDV,Maldives,2002,gdp_per_capita,3076.07007160101,World Bank WDI,2026-09-02
MDV,Maldives,2001,gdp_per_capita,3033.93234507036,World Bank WDI,2026-09-02
MDV,Maldives,2000,gdp_per_capita,2213.81235053178,World Bank WDI,2026-09-02
MLI,Mali,2023,gdp_per_capita,1042.44223444837,World Bank WDI,2026-09-02
MLI,Mali,2022,gdp_per_capita,976.914116406452,World Bank WDI,2026-09-02
MLI,Mali,2021,gdp_per_capita,1027.27345365357,World Bank WDI,2026-09-02
MLI,Mali,2020,gdp_per_capita,953.242943290974,World Bank WDI,2026-09-02
MLI,Mali,2019,gdp_per_capita,971.949318638092,World Bank WDI,2026-09-02
MLI,Mali,2018,gdp_per_capita,996.379292136901,World Bank WDI,2026-09-02
MLI,Mali,2017,gdp_per_capita,924.057531692284,World Bank WDI,2026-09-02
MLI,Mali,2016,gdp_per_capita,872.468587171653,World Bank WDI,2026-09-02
MLI,Mali,2015,gdp_per_capita,838.11986940103,World Bank WDI,2026-09-02
MLI,Mali,2014,gdp_per_capita,947.915033293219,World Bank WDI,2026-09-02
MLI,Mali,2013,gdp_per_capita,901.920957649814,World Bank WDI,2026-09-02
MLI,Mali,2012,gdp_per_capita,872.506092463946,World Bank WDI,2026-09-02
MLI,Mali,2011,gdp_per_capita,938.292902579598,World Bank WDI,2026-09-02
MLI,Mali,2010,gdp_per_capita,797.151541141189,World Bank WDI,2026-09-02
MLI,Mali,2009,gdp_per_capita,787.48256428259,World Bank WDI,2026-09-02
MLI,Mali,2008,gdp_per_capita,767.194838946144,World Bank WDI,2026-09-02
MLI,Mali,2007,gdp_per_capita,670.853394978069,World Bank WDI,2026-09-02
MLI,Mali,2006,gdp_per_capita,586.985415512593,World Bank WDI,2026-09-02
MLI,Mali,2005,gdp_per_capita,548.730382848879,World Bank WDI,2026-09-02
MLI,Mali,2004,gdp_per_capita,495.006294675661,World Bank WDI,2026-09-02
MLI,Mali,2003,gdp_per_capita,441.910358475171,World Bank WDI,2026-09-02
MLI,Mali,2002,gdp_per_capita,378.191678628068,World Bank WDI,2026-09-02
MLI,Mali,2001,gdp_per_capita,346.224554248587,World Bank WDI,2026-09-02
MLI,Mali,2000,gdp_per_capita,304.652870189314,World Bank WDI,2026-09-02
MLT,Malta,2023,gdp_per_capita,40932.5238774461,World Bank WDI,2026-09-02
MLT,Malta,2022,gdp_per_capita,35658.8318250199,World Bank WDI,2026-09-02
MLT,Malta,2021,gdp_per_capita,38078.0064279067,World Bank WDI,2026-09-02
MLT,Malta,2020,gdp_per_capita,31823.422001724,World Bank WDI,2026-09-02
MLT,Malta,2019,gdp_per_capita,32421.9087471186,World Bank WDI,2026-09-02
MLT,Malta,2018,gdp_per_capita,33382.280781103,World Bank WDI,2026-09-02
MLT,Malta,2017,gdp_per_capita,30317.2611769875,World Bank WDI,2026-09-02
MLT,Malta,2016,gdp_per_capita,26459.0644285369,World Bank WDI,2026-09-02
MLT,Malta,2015,gdp_per_capita,25529.6693210673,World Bank WDI,2026-09-02
MLT,Malta,2014,gdp_per_capita,27424.5693619702,World Bank WDI,2026-09-02
MLT,Malta,2013,gdp_per_capita,25415.5525389054,World Bank WDI,2026-09-02
MLT,Malta,2012,gdp_per_capita,22878.3095862582,World Bank WDI,2026-09-02
MLT,Malta,2011,gdp_per_capita,23516.972445816,World Bank WDI,2026-09-02
MLT,Malta,2010,gdp_per_capita,21946.6073066905,World Bank WDI,2026-09-02
MLT,Malta,2009,gdp_per_capita,21261.5428699817,World Bank WDI,2026-09-02
MLT,Malta,2008,gdp_per_capita,22405.6426266551,World Bank WDI,2026-09-02
MLT,Malta,2007,gdp_per_capita,19444.1743635565,World Bank WDI,2026-09-02
MLT,Malta,2006,gdp_per_capita,16653.6038312389,World Bank WDI,2026-09-02
MLT,Malta,2005,gdp_per_capita,15831.3439802756,World Bank WDI,2026-09-02
MLT,Malta,2004,gdp_per_capita,15212.1312964883,World Bank WDI,2026-09-02
MLT,Malta,2003,gdp_per_capita,13593.9787182902,World Bank WDI,2026-09-02
MLT,Malta,2002,gdp_per_capita,11251.2024877398,World Bank WDI,2026-09-02
MLT,Malta,2001,gdp_per_capita,10357.7026407269,World Bank WDI,2026-09-02
MLT,Malta,2000,gdp_per_capita,10348.485765125,World Bank WDI,2026-09-02
MHL,Marshall Islands,2023,gdp_per_capita,6799.39217554794,World Bank WDI,2026-09-02
MHL,Marshall Islands,2022,gdp_per_capita,6455.6603538189,World Bank WDI,2026-09-02
MHL,Marshall Islands,2021,gdp_per_capita,6315.31172190393,World Bank WDI,2026-09-02
MHL,Marshall Islands,2020,gdp_per_capita,5661.96787336674,World Bank WDI,2026-09-02
MHL,Marshall Islands,2019,gdp_per_capita,5292.33985502306,World Bank WDI,2026-09-02
MHL,Marshall Islands,2018,gdp_per_capita,4858.12079054875,World Bank WDI,2026-09-02
MHL,Marshall Islands,2017,gdp_per_capita,4592.83457628576,World Bank WDI,2026-09-02
MHL,Marshall Islands,2016,gdp_per_capita,4229.80988911945,World Bank WDI,2026-09-02
MHL,Marshall Islands,2015,gdp_per_capita,3764.34426229508,World Bank WDI,2026-09-02
MHL,Marshall Islands,2014,gdp_per_capita,3735.23977829545,World Bank WDI,2026-09-02
MHL,Marshall Islands,2013,gdp_per_capita,3677.90690791421,World Bank WDI,2026-09-02
MHL,Marshall Islands,2012,gdp_per_capita,3514.26515490383,World Bank WDI,2026-09-02
MHL,Marshall Islands,2011,gdp_per_capita,3319.39815439151,World Bank WDI,2026-09-02
MHL,Marshall Islands,2010,gdp_per_capita,3095.45768964722,World Bank WDI,2026-09-02
MHL,Marshall Islands,2009,gdp_per_capita,2906.63026970914,World Bank WDI,2026-09-02
MHL,Marshall Islands,2008,gdp_per_capita,2817.60522775322,World Bank WDI,2026-09-02
MHL,Marshall Islands,2007,gdp_per_capita,2892.28403958874,World Bank WDI,2026-09-02
MHL,Marshall Islands,2006,gdp_per_capita,2754.26988767503,World Bank WDI,2026-09-02
MHL,Marshall Islands,2005,gdp_per_capita,2658.65217893885,World Bank WDI,2026-09-02
MHL,Marshall Islands,2004,gdp_per_capita,2566.08291015814,World Bank WDI,2026-09-02
MHL,Marshall Islands,2003,gdp_per_capita,2539.3307383954,World Bank WDI,2026-09-02
MHL,Marshall Islands,2002,gdp_per_capita,2566.06708799222,World Bank WDI,2026-09-02
MHL,Marshall Islands,2001,gdp_per_capita,2394.34501105178,World Bank WDI,2026-09-02
MHL,Marshall Islands,2000,gdp_per_capita,2264.79114897645,World Bank WDI,2026-09-02
MRT,Mauritania,2023,gdp_per_capita,2127.9576285973,World Bank WDI,2026-09-02
MRT,Mauritania,2022,gdp_per_capita,1961.28166648869,World Bank WDI,2026-09-02
MRT,Mauritania,2021,gdp_per_capita,1947.47413907209,World Bank WDI,2026-09-02
MRT,Mauritania,2020,gdp_per_capita,1795.72437324423,World Bank WDI,2026-09-02
MRT,Mauritania,2019,gdp_per_capita,1767.072710621,World Bank WDI,2026-09-02
MRT,Mauritania,2018,gdp_per_capita,1723.37809442655,World Bank WDI,2026-09-02
MRT,Mauritania,2017,gdp_per_capita,1617.93401542267,World Bank WDI,2026-09-02
MRT,Mauritania,2016,gdp_per_capita,1568.00551190332,World Bank WDI,2026-09-02
MRT,Mauritania,2015,gdp_per_capita,1558.84205473416,World Bank WDI,2026-09-02
MRT,Mauritania,2014,gdp_per_capita,1718.97089374709,World Bank WDI,2026-09-02
MRT,Mauritania,2013,gdp_per_capita,1936.26950446101,World Bank WDI,2026-09-02
MRT,Mauritania,2012,gdp_per_capita,1859.11733247641,World Bank WDI,2026-09-02
MRT,Mauritania,2011,gdp_per_capita,1931.19975525465,World Bank WDI,2026-09-02
MRT,Mauritania,2010,gdp_per_capita,1659.96369705455,World Bank WDI,2026-09-02
MRT,Mauritania,2009,gdp_per_capita,1435.43010811893,World Bank WDI,2026-09-02
MRT,Mauritania,2008,gdp_per_capita,1635.5630623124,World Bank WDI,2026-09-02
MRT,Mauritania,2007,gdp_per_capita,1405.15016203368,World Bank WDI,2026-09-02
MRT,Mauritania,2006,gdp_per_capita,1300.60367988659,World Bank WDI,2026-09-02
MRT,Mauritania,2005,gdp_per_capita,998.96583416747,World Bank WDI,2026-09-02
MRT,Mauritania,2004,gdp_per_capita,823.554457141893,World Bank WDI,2026-09-02
MRT,Mauritania,2003,gdp_per_capita,732.017820812675,World Bank WDI,2026-09-02
MRT,Mauritania,2002,gdp_per_capita,648.879643934862,World Bank WDI,2026-09-02
MRT,Mauritania,2001,gdp_per_capita,651.817840199777,World Bank WDI,2026-09-02
MRT,Mauritania,2000,gdp_per_capita,680.911061879778,World Bank WDI,2026-09-02
MUS,Mauritius,2023,gdp_per_capita,11269.9684462139,World Bank WDI,2026-09-02
MUS,Mauritius,2022,gdp_per_capita,10246.5017455553,World Bank WDI,2026-09-02
MUS,Mauritius,2021,gdp_per_capita,9177.71195973013,World Bank WDI,2026-09-02
MUS,Mauritius,2020,gdp_per_capita,9135.84773751062,World Bank WDI,2026-09-02
MUS,Mauritius,2019,gdp_per_capita,11568.2533399824,World Bank WDI,2026-09-02
MUS,Mauritius,2018,gdp_per_capita,11818.7480619272,World Bank WDI,2026-09-02
MUS,Mauritius,2017,gdp_per_capita,10986.7034093005,World Bank WDI,2026-09-02
MUS,Mauritius,2016,gdp_per_capita,10095.1225574156,World Bank WDI,2026-09-02
MUS,Mauritius,2015,gdp_per_capita,9630.5437837507,World Bank WDI,2026-09-02
MUS,Mauritius,2014,gdp_per_capita,10490.3315563853,World Bank WDI,2026-09-02
MUS,Mauritius,2013,gdp_per_capita,9877.13865958834,World Bank WDI,2026-09-02
MUS,Mauritius,2012,gdp_per_capita,9421.52514098225,World Bank WDI,2026-09-02
MUS,Mauritius,2011,gdp_per_capita,9324.24232310496,World Bank WDI,2026-09-02
MUS,Mauritius,2010,gdp_per_capita,8113.17670740212,World Bank WDI,2026-09-02
MUS,Mauritius,2009,gdp_per_capita,7426.86137313939,World Bank WDI,2026-09-02
MUS,Mauritius,2008,gdp_per_capita,8140.47983639243,World Bank WDI,2026-09-02
MUS,Mauritius,2007,gdp_per_capita,6677.37538616398,World Bank WDI,2026-09-02
MUS,Mauritius,2006,gdp_per_capita,5784.22491883026,World Bank WDI,2026-09-02
MUS,Mauritius,2005,gdp_per_capita,5354.02974260642,World Bank WDI,2026-09-02
MUS,Mauritius,2004,gdp_per_capita,5460.60800184198,World Bank WDI,2026-09-02
MUS,Mauritius,2003,gdp_per_capita,4858.26575549747,World Bank WDI,2026-09-02
MUS,Mauritius,2002,gdp_per_capita,4073.06053055903,World Bank WDI,2026-09-02
MUS,Mauritius,2001,gdp_per_capita,3908.55694927435,World Bank WDI,2026-09-02
MUS,Mauritius,2000,gdp_per_capita,3981.98343249582,World Bank WDI,2026-09-02
MEX,Mexico,2023,gdp_per_capita,13830.843848864,World Bank WDI,2026-09-02
MEX,Mexico,2022,gdp_per_capita,11405.7940469896,World Bank WDI,2026-09-02
MEX,Mexico,2021,gdp_per_capita,10314.0506733708,World Bank WDI,2026-09-02
MEX,Mexico,2020,gdp_per_capita,8841.27074929751,World Bank WDI,2026-09-02
MEX,Mexico,2019,gdp_per_capita,10369.5553593527,World Bank WDI,2026-09-02
MEX,Mexico,2018,gdp_per_capita,10084.7937570364,World Bank WDI,2026-09-02
MEX,Mexico,2017,gdp_per_capita,9649.27816729586,World Bank WDI,2026-09-02
MEX,Mexico,2016,gdp_per_capita,9097.92397674769,World Bank WDI,2026-09-02
MEX,Mexico,2015,gdp_per_capita,10021.2386113616,World Bank WDI,2026-09-02
MEX,Mexico,2014,gdp_per_capita,11391.3773503964,World Bank WDI,2026-09-02
MEX,Mexico,2013,gdp_per_capita,11216.800851866,World Bank WDI,2026-09-02
MEX,Mexico,2012,gdp_per_capita,10744.1335236186,World Bank WDI,2026-09-02
MEX,Mexico,2011,gdp_per_capita,10664.4944032313,World Bank WDI,2026-09-02
MEX,Mexico,2010,gdp_per_capita,9728.80078307432,World Bank WDI,2026-09-02
MEX,Mexico,2009,gdp_per_capita,8423.56933148639,World Bank WDI,2026-09-02
MEX,Mexico,2008,gdp_per_capita,10523.7685427665,World Bank WDI,2026-09-02
MEX,Mexico,2007,gdp_per_capita,10134.3327129706,World Bank WDI,2026-09-02
MEX,Mexico,2006,gdp_per_capita,9512.63575346699,World Bank WDI,2026-09-02
MEX,Mexico,2005,gdp_per_capita,8671.75891798441,World Bank WDI,2026-09-02
MEX,Mexico,2004,gdp_per_capita,7849.66759649565,World Bank WDI,2026-09-02
MEX,Mexico,2003,gdp_per_capita,7434.07465031562,World Bank WDI,2026-09-02
MEX,Mexico,2002,gdp_per_capita,7983.03398381759,World Bank WDI,2026-09-02
MEX,Mexico,2001,gdp_per_capita,7952.76479510706,World Bank WDI,2026-09-02
MEX,Mexico,2000,gdp_per_capita,7524.0271380091,World Bank WDI,2026-09-02
FSM,"Micronesia, Fed. Sts.",2023,gdp_per_capita,3933.01607031874,World Bank WDI,2026-09-02
FSM,"Micronesia, Fed. Sts.",2022,gdp_per_capita,3703.66680343222,World Bank WDI,2026-09-02
FSM,"Micronesia, Fed. Sts.",2021,gdp_per_capita,3508.22314197664,World Bank WDI,2026-09-02
FSM,"Micronesia, Fed. Sts.",2020,gdp_per_capita,3362.02802120524,World Bank WDI,2026-09-02
FSM,"Micronesia, Fed. Sts.",2019,gdp_per_capita,3581.72684572278,World Bank WDI,2026-09-02
FSM,"Micronesia, Fed. Sts.",2018,gdp_per_capita,3584.78377566896,World Bank WDI,2026-09-02
FSM,"Micronesia, Fed. Sts.",2017,gdp_per_capita,3297.37580036719,World Bank WDI,2026-09-02
FSM,"Micronesia, Fed. Sts.",2016,gdp_per_capita,2997.93719917488,World Bank WDI,2026-09-02
FSM,"Micronesia, Fed. Sts.",2015,gdp_per_capita,2869.86276169101,World Bank WDI,2026-09-02
FSM,"Micronesia, Fed. Sts.",2014,gdp_per_capita,2915.23672460238,World Bank WDI,2026-09-02
FSM,"Micronesia, Fed. Sts.",2013,gdp_per_capita,2904.1536796737,World Bank WDI,2026-09-02
FSM,"Micronesia, Fed. Sts.",2012,gdp_per_capita,3003.05867086848,World Bank WDI,2026-09-02
FSM,"Micronesia, Fed. Sts.",2011,gdp_per_capita,2859.8488365615,World Bank WDI,2026-09-02
FSM,"Micronesia, Fed. Sts.",2010,gdp_per_capita,2715.26873721406,World Bank WDI,2026-09-02
FSM,"Micronesia, Fed. Sts.",2009,gdp_per_capita,2565.83639782506,World Bank WDI,2026-09-02
FSM,"Micronesia, Fed. Sts.",2008,gdp_per_capita,2395.90218109716,World Bank WDI,2026-09-02
FSM,"Micronesia, Fed. Sts.",2007,gdp_per_capita,2302.51183108846,World Bank WDI,2026-09-02
FSM,"Micronesia, Fed. Sts.",2006,gdp_per_capita,2257.76445195026,World Bank WDI,2026-09-02
FSM,"Micronesia, Fed. Sts.",2005,gdp_per_capita,2216.9963738197,World Bank WDI,2026-09-02
FSM,"Micronesia, Fed. Sts.",2004,gdp_per_capita,2104.42796515524,World Bank WDI,2026-09-02
FSM,"Micronesia, Fed. Sts.",2003,gdp_per_capita,2145.87789998664,World Bank WDI,2026-09-02
FSM,"Micronesia, Fed. Sts.",2002,gdp_per_capita,2113.45955463859,World Bank WDI,2026-09-02
FSM,"Micronesia, Fed. Sts.",2001,gdp_per_capita,2103.74849819784,World Bank WDI,2026-09-02
FSM,"Micronesia, Fed. Sts.",2000,gdp_per_capita,2049.34490021777,World Bank WDI,2026-09-02
MDA,Moldova,2023,gdp_per_capita,6799.58594644576,World Bank WDI,2026-09-02
MDA,Moldova,2022,gdp_per_capita,5744.29618434435,World Bank WDI,2026-09-02
MDA,Moldova,2021,gdp_per_capita,5274.60582195352,World Bank WDI,2026-09-02
MDA,Moldova,2020,gdp_per_capita,4375.7788930524,World Bank WDI,2026-09-02
MDA,Moldova,2019,gdp_per_capita,4405.33418162155,World Bank WDI,2026-09-02
MDA,Moldova,2018,gdp_per_capita,4156.44981956646,World Bank WDI,2026-09-02
MDA,Moldova,2017,gdp_per_capita,3453.26727720294,World Bank WDI,2026-09-02
MDA,Moldova,2016,gdp_per_capita,2847.08794770479,World Bank WDI,2026-09-02
MDA,Moldova,2015,gdp_per_capita,2749.55137054338,World Bank WDI,2026-09-02
MDA,Moldova,2014,gdp_per_capita,3289.95758568777,World Bank WDI,2026-09-02
MDA,Moldova,2013,gdp_per_capita,3321.04397795719,World Bank WDI,2026-09-02
MDA,Moldova,2012,gdp_per_capita,3044.8084324815,World Bank WDI,2026-09-02
MDA,Moldova,2011,gdp_per_capita,2941.36224066021,World Bank WDI,2026-09-02
MDA,Moldova,2010,gdp_per_capita,2436.79935102421,World Bank WDI,2026-09-02
MDA,Moldova,2009,gdp_per_capita,1898.43975710988,World Bank WDI,2026-09-02
MDA,Moldova,2008,gdp_per_capita,2110.55305353857,World Bank WDI,2026-09-02
MDA,Moldova,2007,gdp_per_capita,1531.21618590748,World Bank WDI,2026-09-02
MDA,Moldova,2006,gdp_per_capita,1183.02481442894,World Bank WDI,2026-09-02
MDA,Moldova,2005,gdp_per_capita,1034.39197746993,World Bank WDI,2026-09-02
MDA,Moldova,2004,gdp_per_capita,897.178494749468,World Bank WDI,2026-09-02
MDA,Moldova,2003,gdp_per_capita,682.319095965299,World Bank WDI,2026-09-02
MDA,Moldova,2002,gdp_per_capita,570.799866188293,World Bank WDI,2026-09-02
MDA,Moldova,2001,gdp_per_capita,507.404076252819,World Bank WDI,2026-09-02
MDA,Moldova,2000,gdp_per_capita,440.538683980372,World Bank WDI,2026-09-02
MCO,Monaco,2023,gdp_per_capita,256799.911212051,World Bank WDI,2026-09-02
MCO,Monaco,2022,gdp_per_capita,226052.060664649,World Bank WDI,2026-09-02
MCO,Monaco,2021,gdp_per_capita,223823.327192464,World Bank WDI,2026-09-02
MCO,Monaco,2020,gdp_per_capita,176891.806328966,World Bank WDI,2026-09-02
MCO,Monaco,2019,gdp_per_capita,193746.729890885,World Bank WDI,2026-09-02
MCO,Monaco,2018,gdp_per_capita,188298.389694191,World Bank WDI,2026-09-02
MCO,Monaco,2017,gdp_per_capita,170663.470051177,World Bank WDI,2026-09-02
MCO,Monaco,2016,gdp_per_capita,173604.669723126,World Bank WDI,2026-09-02
MCO,Monaco,2015,gdp_per_capita,170437.021128628,World Bank WDI,2026-09-02
MCO,Monaco,2014,gdp_per_capita,195693.519540544,World Bank WDI,2026-09-02
MCO,Monaco,2013,gdp_per_capita,184940.633666281,World Bank WDI,2026-09-02
MCO,Monaco,2012,gdp_per_capita,165444.625782803,World Bank WDI,2026-09-02
MCO,Monaco,2011,gdp_per_capita,179364.009524397,World Bank WDI,2026-09-02
MCO,Monaco,2010,gdp_per_capita,161853.922745228,World Bank WDI,2026-09-02
MCO,Monaco,2009,gdp_per_capita,169150.337647299,World Bank WDI,2026-09-02
MCO,Monaco,2008,gdp_per_capita,204263.893236529,World Bank WDI,2026-09-02
MCO,Monaco,2007,gdp_per_capita,184558.455423983,World Bank WDI,2026-09-02
MCO,Monaco,2006,gdp_per_capita,143083.509443656,World Bank WDI,2026-09-02
MCO,Monaco,2005,gdp_per_capita,130538.711379722,World Bank WDI,2026-09-02
MCO,Monaco,2004,gdp_per_capita,125160.282928751,World Bank WDI,2026-09-02
MCO,Monaco,2003,gdp_per_capita,111110.460463916,World Bank WDI,2026-09-02
MCO,Monaco,2002,gdp_per_capita,90051.4463079416,World Bank WDI,2026-09-02
MCO,Monaco,2001,gdp_per_capita,82402.7746362391,World Bank WDI,2026-09-02
MCO,Monaco,2000,gdp_per_capita,81789.014508777,World Bank WDI,2026-09-02
MNG,Mongolia,2023,gdp_per_capita,5838.63108083902,World Bank WDI,2026-09-02
MNG,Mongolia,2022,gdp_per_capita,4993.51487463495,World Bank WDI,2026-09-02
MNG,Mongolia,2021,gdp_per_capita,4517.61578018785,World Bank WDI,2026-09-02
MNG,Mongolia,2020,gdp_per_capita,4001.25193077703,World Bank WDI,2026-09-02
MNG,Mongolia,2019,gdp_per_capita,4347.54610314873,World Bank WDI,2026-09-02
MNG,Mongolia,2018,gdp_per_capita,4107.64288528468,World Bank WDI,2026-09-02
MNG,Mongolia,2017,gdp_per_capita,3645.96708669551,World Bank WDI,2026-09-02
MNG,Mongolia,2016,gdp_per_capita,3619.90026383792,World Bank WDI,2026-09-02
MNG,Mongolia,2015,gdp_per_capita,3838.92126989984,World Bank WDI,2026-09-02
MNG,Mongolia,2014,gdp_per_capita,4126.23975800524,World Bank WDI,2026-09-02
MNG,Mongolia,2013,gdp_per_capita,4340.14310544449,World Bank WDI,2026-09-02
MNG,Mongolia,2012,gdp_per_capita,4328.89001905655,World Bank WDI,2026-09-02
MNG,Mongolia,2011,gdp_per_capita,3736.04201455077,World Bank WDI,2026-09-02
MNG,Mongolia,2010,gdp_per_capita,2625.21881402433,World Bank WDI,2026-09-02
MNG,Mongolia,2009,gdp_per_capita,1703.32756790019,World Bank WDI,2026-09-02
MNG,Mongolia,2008,gdp_per_capita,2127.42678594737,World Bank WDI,2026-09-02
MNG,Mongolia,2007,gdp_per_capita,1627.68787743359,World Bank WDI,2026-09-02
MNG,Mongolia,2006,gdp_per_capita,1329.89179579053,World Bank WDI,2026-09-02
MNG,Mongolia,2005,gdp_per_capita,994.90010913241,World Bank WDI,2026-09-02
MNG,Mongolia,2004,gdp_per_capita,794.154552001815,World Bank WDI,2026-09-02
MNG,Mongolia,2003,gdp_per_capita,643.168068921658,World Bank WDI,2026-09-02
MNG,Mongolia,2002,gdp_per_capita,570.249213248399,World Bank WDI,2026-09-02
MNG,Mongolia,2001,gdp_per_capita,524.453483552485,World Bank WDI,2026-09-02
MNG,Mongolia,2000,gdp_per_capita,476.02755082717,World Bank WDI,2026-09-02
MNE,Montenegro,2023,gdp_per_capita,12258.1600477339,World Bank WDI,2026-09-02
MNE,Montenegro,2022,gdp_per_capita,10038.1849482517,World Bank WDI,2026-09-02
MNE,Montenegro,2021,gdp_per_capita,9315.86435643142,World Bank WDI,2026-09-02
MNE,Montenegro,2020,gdp_per_capita,7555.48699036321,World Bank WDI,2026-09-02
MNE,Montenegro,2019,gdp_per_capita,8749.25629734676,World Bank WDI,2026-09-02
MNE,Montenegro,2018,gdp_per_capita,8673.59469069858,World Bank WDI,2026-09-02
MNE,Montenegro,2017,gdp_per_capita,7674.2856571219,World Bank WDI,2026-09-02
MNE,Montenegro,2016,gdp_per_capita,6968.01202883651,World Bank WDI,2026-09-02
MNE,Montenegro,2015,gdp_per_capita,6421.00005731419,World Bank WDI,2026-09-02
MNE,Montenegro,2014,gdp_per_capita,7342.17147363741,World Bank WDI,2026-09-02
MNE,Montenegro,2013,gdp_per_capita,7102.7776714702,World Bank WDI,2026-09-02
MNE,Montenegro,2012,gdp_per_capita,6552.47970337373,World Bank WDI,2026-09-02
MNE,Montenegro,2011,gdp_per_capita,7265.51771176628,World Bank WDI,2026-09-02
MNE,Montenegro,2010,gdp_per_capita,6678.63939560908,World Bank WDI,2026-09-02
MNE,Montenegro,2009,gdp_per_capita,6726.67589734408,World Bank WDI,2026-09-02
MNE,Montenegro,2008,gdp_per_capita,7390.01481290503,World Bank WDI,2026-09-02
MNE,Montenegro,2007,gdp_per_capita,5979.43813180981,World Bank WDI,2026-09-02
MNE,Montenegro,2006,gdp_per_capita,4422.55172559508,World Bank WDI,2026-09-02
MNE,Montenegro,2005,gdp_per_capita,3675.98851272723,World Bank WDI,2026-09-02
MNE,Montenegro,2004,gdp_per_capita,3386.38099417981,World Bank WDI,2026-09-02
MNE,Montenegro,2003,gdp_per_capita,2789.95435110345,World Bank WDI,2026-09-02
MNE,Montenegro,2002,gdp_per_capita,2109.30631947331,World Bank WDI,2026-09-02
MNE,Montenegro,2001,gdp_per_capita,1909.59870186179,World Bank WDI,2026-09-02
MNE,Montenegro,2000,gdp_per_capita,1627.06511911987,World Bank WDI,2026-09-02
MAR,Morocco,2023,gdp_per_capita,3813.72607421875,World Bank WDI,2026-09-02
MAR,Morocco,2022,gdp_per_capita,3463.1376953125,World Bank WDI,2026-09-02
MAR,Morocco,2021,gdp_per_capita,3785.93627929688,World Bank WDI,2026-09-02
MAR,Morocco,2020,gdp_per_capita,3268.0302734375,World Bank WDI,2026-09-02
MAR,Morocco,2019,gdp_per_capita,3508.09765625,World Bank WDI,2026-09-02
MAR,Morocco,2018,gdp_per_capita,3501.69799804688,World Bank WDI,2026-09-02
MAR,Morocco,2017,gdp_per_capita,3296.52661132813,World Bank WDI,2026-09-02
MAR,Morocco,2016,gdp_per_capita,3140.85546875,World Bank WDI,2026-09-02
MAR,Morocco,2015,gdp_per_capita,3146.24780273438,World Bank WDI,2026-09-02
MAR,Morocco,2014,gdp_per_capita,3435.40698242188,World Bank WDI,2026-09-02
MAR,Morocco,2013,gdp_per_capita,3379.7431640625,World Bank WDI,2026-09-02
MAR,Morocco,2012,gdp_per_capita,3164.17724609375,World Bank WDI,2026-09-02
MAR,Morocco,2011,gdp_per_capita,3301.98876953125,World Bank WDI,2026-09-02
MAR,Morocco,2010,gdp_per_capita,3067.9853515625,World Bank WDI,2026-09-02
MAR,Morocco,2009,gdp_per_capita,3119.58862304688,World Bank WDI,2026-09-02
MAR,Morocco,2008,gdp_per_capita,3183.20043945313,World Bank WDI,2026-09-02
MAR,Morocco,2007,gdp_per_capita,2755.5859375,World Bank WDI,2026-09-02
MAR,Morocco,2006,gdp_per_capita,2438.12646484375,World Bank WDI,2026-09-02
MAR,Morocco,2005,gdp_per_capita,2242.98828125,World Bank WDI,2026-09-02
MAR,Morocco,2004,gdp_per_capita,2183.55541992188,World Bank WDI,2026-09-02
MAR,Morocco,2003,gdp_per_capita,1941.87255859375,World Bank WDI,2026-09-02
MAR,Morocco,2002,gdp_per_capita,1596.02062988281,World Bank WDI,2026-09-02
MAR,Morocco,2001,gdp_per_capita,1506.24523925781,World Bank WDI,2026-09-02
MAR,Morocco,2000,gdp_per_capita,1499.107421875,World Bank WDI,2026-09-02
MOZ,Mozambique,2023,gdp_per_capita,622.191133245967,World Bank WDI,2026-09-02
MOZ,Mozambique,2022,gdp_per_capita,578.273222184503,World Bank WDI,2026-09-02
MOZ,Mozambique,2021,gdp_per_capita,509.907829475551,World Bank WDI,2026-09-02
MOZ,Mozambique,2020,gdp_per_capita,462.433876479921,World Bank WDI,2026-09-02
MOZ,Mozambique,2019,gdp_per_capita,519.09255091362,World Bank WDI,2026-09-02
MOZ,Mozambique,2018,gdp_per_capita,517.507260258101,World Bank WDI,2026-09-02
MOZ,Mozambique,2017,gdp_per_capita,470.93856305196,World Bank WDI,2026-09-02
MOZ,Mozambique,2016,gdp_per_capita,441.489734819071,World Bank WDI,2026-09-02
MOZ,Mozambique,2015,gdp_per_capita,610.563774706589,World Bank WDI,2026-09-02
MOZ,Mozambique,2014,gdp_per_capita,697.142680444123,World Bank WDI,2026-09-02
MOZ,Mozambique,2013,gdp_per_capita,686.505672517351,World Bank WDI,2026-09-02
MOZ,Mozambique,2012,gdp_per_capita,685.685748199513,World Bank WDI,2026-09-02
MOZ,Mozambique,2011,gdp_per_capita,618.17649286789,World Bank WDI,2026-09-02
MOZ,Mozambique,2010,gdp_per_capita,496.185839392659,World Bank WDI,2026-09-02
MOZ,Mozambique,2009,gdp_per_capita,547.697144193651,World Bank WDI,2026-09-02
MOZ,Mozambique,2008,gdp_per_capita,592.159111184122,World Bank WDI,2026-09-02
MOZ,Mozambique,2007,gdp_per_capita,507.874923914304,World Bank WDI,2026-09-02
MOZ,Mozambique,2006,gdp_per_capita,457.487647833183,World Bank WDI,2026-09-02
MOZ,Mozambique,2005,gdp_per_capita,436.773856167384,World Bank WDI,2026-09-02
MOZ,Mozambique,2004,gdp_per_capita,400.056973161545,World Bank WDI,2026-09-02
MOZ,Mozambique,2003,gdp_per_capita,339.488737800648,World Bank WDI,2026-09-02
MOZ,Mozambique,2002,gdp_per_capita,313.886661721198,World Bank WDI,2026-09-02
MOZ,Mozambique,2001,gdp_per_capita,304.792138621913,World Bank WDI,2026-09-02
MOZ,Mozambique,2000,gdp_per_capita,327.12623979157,World Bank WDI,2026-09-02
MMR,Myanmar,2023,gdp_per_capita,1233.19666209269,World Bank WDI,2026-09-02
MMR,Myanmar,2022,gdp_per_capita,1158.05005034332,World Bank WDI,2026-09-02
MMR,Myanmar,2021,gdp_per_capita,1242.72134419599,World Bank WDI,2026-09-02
MMR,Myanmar,2020,gdp_per_capita,1490.21683548367,World Bank WDI,2026-09-02
MMR,Myanmar,2019,gdp_per_capita,1425.98954211903,World Bank WDI,2026-09-02
MMR,Myanmar,2018,gdp_per_capita,1298.21310320785,World Bank WDI,2026-09-02
MMR,Myanmar,2017,gdp_per_capita,1272.82241830603,World Bank WDI,2026-09-02
MMR,Myanmar,2016,gdp_per_capita,1229.19713515893,World Bank WDI,2026-09-02
MMR,Myanmar,2015,gdp_per_capita,1166.73305546337,World Bank WDI,2026-09-02
MMR,Myanmar,2014,gdp_per_capita,1293.00042298688,World Bank WDI,2026-09-02
MMR,Myanmar,2013,gdp_per_capita,1199.09561597055,World Bank WDI,2026-09-02
MMR,Myanmar,2012,gdp_per_capita,1202.6658960055,World Bank WDI,2026-09-02
MMR,Myanmar,2011,gdp_per_capita,1213.62898703376,World Bank WDI,2026-09-02
MMR,Myanmar,2010,gdp_per_capita,1010.53417343401,World Bank WDI,2026-09-02
MMR,Myanmar,2009,gdp_per_capita,758.442935789255,World Bank WDI,2026-09-02
MMR,Myanmar,2008,gdp_per_capita,658.442487229705,World Bank WDI,2026-09-02
MMR,Myanmar,2007,gdp_per_capita,419.375780725042,World Bank WDI,2026-09-02
MMR,Myanmar,2006,gdp_per_capita,303.495087119254,World Bank WDI,2026-09-02
MMR,Myanmar,2005,gdp_per_capita,252.685193060728,World Bank WDI,2026-09-02
MMR,Myanmar,2004,gdp_per_capita,224.508811413327,World Bank WDI,2026-09-02
MMR,Myanmar,2003,gdp_per_capita,224.292688912409,World Bank WDI,2026-09-02
MMR,Myanmar,2002,gdp_per_capita,146.598390364449,World Bank WDI,2026-09-02
MMR,Myanmar,2001,gdp_per_capita,141.525660705722,World Bank WDI,2026-09-02
MMR,Myanmar,2000,gdp_per_capita,196.619580625284,World Bank WDI,2026-09-02
NAM,Namibia,2023,gdp_per_capita,4225.99102418102,World Bank WDI,2026-09-02
NAM,Namibia,2022,gdp_per_capita,4349.79908493314,World Bank WDI,2026-09-02
NAM,Namibia,2021,gdp_per_capita,4412.8355693052,World Bank WDI,2026-09-02
NAM,Namibia,2020,gdp_per_capita,3878.58982993966,World Bank WDI,2026-09-02
NAM,Namibia,2019,gdp_per_capita,4731.9210318831,World Bank WDI,2026-09-02
NAM,Namibia,2018,gdp_per_capita,5308.60813408705,World Bank WDI,2026-09-02
NAM,Namibia,2017,gdp_per_capita,5143.96072323076,World Bank WDI,2026-09-02
NAM,Namibia,2016,gdp_per_capita,4395.68776162376,World Bank WDI,2026-09-02
NAM,Namibia,2015,gdp_per_capita,4774.10650865775,World Bank WDI,2026-09-02
NAM,Namibia,2014,gdp_per_capita,5378.32326241205,World Bank WDI,2026-09-02
NAM,Namibia,2013,gdp_per_capita,5346.62131149967,World Bank WDI,2026-09-02
NAM,Namibia,2012,gdp_per_capita,5942.64680978673,World Bank WDI,2026-09-02
NAM,Namibia,2011,gdp_per_capita,5834.7917675794,World Bank WDI,2026-09-02
NAM,Namibia,2010,gdp_per_capita,5418.21633365814,World Bank WDI,2026-09-02
NAM,Namibia,2009,gdp_per_capita,4302.91374148376,World Bank WDI,2026-09-02
NAM,Namibia,2008,gdp_per_capita,4204.78555422749,World Bank WDI,2026-09-02
NAM,Namibia,2007,gdp_per_capita,4379.04313682732,World Bank WDI,2026-09-02
NAM,Namibia,2006,gdp_per_capita,4017.1834716928,World Bank WDI,2026-09-02
NAM,Namibia,2005,gdp_per_capita,3685.77299991587,World Bank WDI,2026-09-02
NAM,Namibia,2004,gdp_per_capita,3403.15496192955,World Bank WDI,2026-09-02
NAM,Namibia,2003,gdp_per_capita,2569.24739317883,World Bank WDI,2026-09-02
NAM,Namibia,2002,gdp_per_capita,1772.07565537493,World Bank WDI,2026-09-02
NAM,Namibia,2001,gdp_per_capita,1915.58926594875,World Bank WDI,2026-09-02
NAM,Namibia,2000,gdp_per_capita,2156.67590512714,World Bank WDI,2026-09-02
NRU,Naoero,2023,gdp_per_capita,13602.6372112893,World Bank WDI,2026-09-02
NRU,Naoero,2022,gdp_per_capita,15309.8345351924,World Bank WDI,2026-09-02
NRU,Naoero,2021,gdp_per_capita,12748.1701249353,World Bank WDI,2026-09-02
NRU,Naoero,2020,gdp_per_capita,10709.068810538,World Bank WDI,2026-09-02
NRU,Naoero,2019,gdp_per_capita,10801.7705659635,World Bank WDI,2026-09-02
NRU,Naoero,2018,gdp_per_capita,11413.7463016389,World Bank WDI,2026-09-02
NRU,Naoero,2017,gdp_per_capita,9656.97976571484,World Bank WDI,2026-09-02
NRU,Naoero,2016,gdp_per_capita,8748.15632605428,World Bank WDI,2026-09-02
NRU,Naoero,2015,gdp_per_capita,7747.25584993607,World Bank WDI,2026-09-02
NRU,Naoero,2014,gdp_per_capita,9230.05440328927,World Bank WDI,2026-09-02
NRU,Naoero,2013,gdp_per_capita,8974.51886874433,World Bank WDI,2026-09-02
NRU,Naoero,2012,gdp_per_capita,9842.77032731856,World Bank WDI,2026-09-02
NRU,Naoero,2011,gdp_per_capita,6444.03642094634,World Bank WDI,2026-09-02
NRU,Naoero,2010,gdp_per_capita,4735.92000502092,World Bank WDI,2026-09-02
NRU,Naoero,2009,gdp_per_capita,4410.56764668962,World Bank WDI,2026-09-02
NRU,Naoero,2008,gdp_per_capita,3756.84531228766,World Bank WDI,2026-09-02
NRU,Naoero,2007,gdp_per_capita,2272.15291307045,World Bank WDI,2026-09-02
NRU,Naoero,2006,gdp_per_capita,2910.14145794684,World Bank WDI,2026-09-02
NRU,Naoero,2005,gdp_per_capita,2992.40382776926,World Bank WDI,2026-09-02
NRU,Naoero,2004,gdp_per_capita,3040.51349889,World Bank WDI,2026-09-02
NRU,Naoero,2003,gdp_per_capita,2463.28259078079,World Bank WDI,2026-09-02
NRU,Naoero,2002,gdp_per_capita,2084.64824520971,World Bank WDI,2026-09-02
NRU,Naoero,2001,gdp_per_capita,2232.30874026726,World Bank WDI,2026-09-02
NRU,Naoero,2000,gdp_per_capita,2648.60152860938,World Bank WDI,2026-09-02
NPL,Nepal,2023,gdp_per_capita,1382.38300895424,World Bank WDI,2026-09-02
NPL,Nepal,2022,gdp_per_capita,1385.91066002922,World Bank WDI,2026-09-02
NPL,Nepal,2021,gdp_per_capita,1252.75076731986,World Bank WDI,2026-09-02
NPL,Nepal,2020,gdp_per_capita,1154.21517578318,World Bank WDI,2026-09-02
NPL,Nepal,2019,gdp_per_capita,1203.14294706401,World Bank WDI,2026-09-02
NPL,Nepal,2018,gdp_per_capita,1179.19843190389,World Bank WDI,2026-09-02
NPL,Nepal,2017,gdp_per_capita,1034.28374906846,World Bank WDI,2026-09-02
NPL,Nepal,2016,gdp_per_capita,877.256454696737,World Bank WDI,2026-09-02
NPL,Nepal,2015,gdp_per_capita,875.543635474862,World Bank WDI,2026-09-02
NPL,Nepal,2014,gdp_per_capita,821.455224911731,World Bank WDI,2026-09-02
NPL,Nepal,2013,gdp_per_capita,803.269595420477,World Bank WDI,2026-09-02
NPL,Nepal,2012,gdp_per_capita,788.202937148377,World Bank WDI,2026-09-02
NPL,Nepal,2011,gdp_per_capita,785.518656222132,World Bank WDI,2026-09-02
NPL,Nepal,2010,gdp_per_capita,585.278491984574,World Bank WDI,2026-09-02
NPL,Nepal,2009,gdp_per_capita,473.078751198621,World Bank WDI,2026-09-02
NPL,Nepal,2008,gdp_per_capita,464.817391891529,World Bank WDI,2026-09-02
NPL,Nepal,2007,gdp_per_capita,385.449767660642,World Bank WDI,2026-09-02
NPL,Nepal,2006,gdp_per_capita,340.431796437968,World Bank WDI,2026-09-02
NPL,Nepal,2005,gdp_per_capita,309.024168339372,World Bank WDI,2026-09-02
NPL,Nepal,2004,gdp_per_capita,279.587750044428,World Bank WDI,2026-09-02
NPL,Nepal,2003,gdp_per_capita,246.429706587633,World Bank WDI,2026-09-02
NPL,Nepal,2002,gdp_per_capita,238.89140296106,World Bank WDI,2026-09-02
NPL,Nepal,2001,gdp_per_capita,240.795114544664,World Bank WDI,2026-09-02
NPL,Nepal,2000,gdp_per_capita,223.830289183078,World Bank WDI,2026-09-02
NLD,Netherlands,2023,gdp_per_capita,63515.6030780019,World Bank WDI,2026-09-02
NLD,Netherlands,2022,gdp_per_capita,59123.318556487,World Bank WDI,2026-09-02
NLD,Netherlands,2021,gdp_per_capita,60141.9880911492,World Bank WDI,2026-09-02
NLD,Netherlands,2020,gdp_per_capita,53467.9277413737,World Bank WDI,2026-09-02
NLD,Netherlands,2019,gdp_per_capita,53554.9007491475,World Bank WDI,2026-09-02
NLD,Netherlands,2018,gdp_per_capita,53955.0770024266,World Bank WDI,2026-09-02
NLD,Netherlands,2017,gdp_per_capita,49513.6817346384,World Bank WDI,2026-09-02
NLD,Netherlands,2016,gdp_per_capita,46808.5291492503,World Bank WDI,2026-09-02
NLD,Netherlands,2015,gdp_per_capita,45793.8135434697,World Bank WDI,2026-09-02
NLD,Netherlands,2014,gdp_per_capita,53457.2234864322,World Bank WDI,2026-09-02
NLD,Netherlands,2013,gdp_per_capita,52602.2860520766,World Bank WDI,2026-09-02
NLD,Netherlands,2012,gdp_per_capita,50473.9442002689,World Bank WDI,2026-09-02
NLD,Netherlands,2011,gdp_per_capita,54701.7728030611,World Bank WDI,2026-09-02
NLD,Netherlands,2010,gdp_per_capita,51305.7338533973,World Bank WDI,2026-09-02
NLD,Netherlands,2009,gdp_per_capita,53172.0261581418,World Bank WDI,2026-09-02
NLD,Netherlands,2008,gdp_per_capita,58246.7026905874,World Bank WDI,2026-09-02
NLD,Netherlands,2007,gdp_per_capita,52100.7996285947,World Bank WDI,2026-09-02
NLD,Netherlands,2006,gdp_per_capita,45123.5432406426,World Bank WDI,2026-09-02
NLD,Netherlands,2005,gdp_per_capita,42165.396168388,World Bank WDI,2026-09-02
NLD,Netherlands,2004,gdp_per_capita,40611.3414353091,World Bank WDI,2026-09-02
NLD,Netherlands,2003,gdp_per_capita,35896.7504630706,World Bank WDI,2026-09-02
NLD,Netherlands,2002,gdp_per_capita,29446.5330872868,World Bank WDI,2026-09-02
NLD,Netherlands,2001,gdp_per_capita,26955.7128032278,World Bank WDI,2026-09-02
NLD,Netherlands,2000,gdp_per_capita,26225.1697734149,World Bank WDI,2026-09-02
NCL,New Caledonia,2023,gdp_per_capita,33701.8923322781,World Bank WDI,2026-09-02
NCL,New Caledonia,2022,gdp_per_capita,33516.363085906,World Bank WDI,2026-09-02
NCL,New Caledonia,2021,gdp_per_capita,35311.5543551452,World Bank WDI,2026-09-02
NCL,New Caledonia,2020,gdp_per_capita,33270.330597637,World Bank WDI,2026-09-02
NCL,New Caledonia,2019,gdp_per_capita,33411.3358835672,World Bank WDI,2026-09-02
NCL,New Caledonia,2018,gdp_per_capita,34902.8968780031,World Bank WDI,2026-09-02
NCL,New Caledonia,2017,gdp_per_capita,32354.7102832901,World Bank WDI,2026-09-02
NCL,New Caledonia,2016,gdp_per_capita,30782.8544433514,World Bank WDI,2026-09-02
NCL,New Caledonia,2015,gdp_per_capita,30858.7237060533,World Bank WDI,2026-09-02
NCL,New Caledonia,2014,gdp_per_capita,37816.9558599295,World Bank WDI,2026-09-02
NCL,New Caledonia,2013,gdp_per_capita,36671.1566752621,World Bank WDI,2026-09-02
NCL,New Caledonia,2012,gdp_per_capita,35559.5672006157,World Bank WDI,2026-09-02
NCL,New Caledonia,2011,gdp_per_capita,38835.9401851385,World Bank WDI,2026-09-02
NCL,New Caledonia,2010,gdp_per_capita,35798.9084757829,World Bank WDI,2026-09-02
NCL,New Caledonia,2009,gdp_per_capita,33836.494080472,World Bank WDI,2026-09-02
NCL,New Caledonia,2008,gdp_per_capita,35723.9033194947,World Bank WDI,2026-09-02
NCL,New Caledonia,2007,gdp_per_capita,35177.6535261448,World Bank WDI,2026-09-02
NCL,New Caledonia,2006,gdp_per_capita,28193.2537573387,World Bank WDI,2026-09-02
NCL,New Caledonia,2005,gdp_per_capita,25528.2918353444,World Bank WDI,2026-09-02
NCL,New Caledonia,2004,gdp_per_capita,24475.6488547037,World Bank WDI,2026-09-02
NCL,New Caledonia,2003,gdp_per_capita,20768.1061488848,World Bank WDI,2026-09-02
NCL,New Caledonia,2002,gdp_per_capita,16104.5520406819,World Bank WDI,2026-09-02
NCL,New Caledonia,2001,gdp_per_capita,14482.3606263602,World Bank WDI,2026-09-02
NCL,New Caledonia,2000,gdp_per_capita,15329.7297200058,World Bank WDI,2026-09-02
NZL,New Zealand,2023,gdp_per_capita,49302.341876493,World Bank WDI,2026-09-02
NZL,New Zealand,2022,gdp_per_capita,49141.6316294227,World Bank WDI,2026-09-02
NZL,New Zealand,2021,gdp_per_capita,49902.154346032,World Bank WDI,2026-09-02
NZL,New Zealand,2020,gdp_per_capita,42054.6743136586,World Bank WDI,2026-09-02
NZL,New Zealand,2019,gdp_per_capita,42872.2681243427,World Bank WDI,2026-09-02
NZL,New Zealand,2018,gdp_per_capita,43204.1305124872,World Bank WDI,2026-09-02
NZL,New Zealand,2017,gdp_per_capita,42912.1537002148,World Bank WDI,2026-09-02
NZL,New Zealand,2016,gdp_per_capita,40088.3205470499,World Bank WDI,2026-09-02
NZL,New Zealand,2015,gdp_per_capita,38648.7302562109,World Bank WDI,2026-09-02
NZL,New Zealand,2014,gdp_per_capita,44599.8992733675,World Bank WDI,2026-09-02
NZL,New Zealand,2013,gdp_per_capita,42984.9571801167,World Bank WDI,2026-09-02
NZL,New Zealand,2012,gdp_per_capita,40041.7524816244,World Bank WDI,2026-09-02
NZL,New Zealand,2011,gdp_per_capita,38425.829997974,World Bank WDI,2026-09-02
NZL,New Zealand,2010,gdp_per_capita,33761.9009639947,World Bank WDI,2026-09-02
NZL,New Zealand,2009,gdp_per_capita,28276.7255416225,World Bank WDI,2026-09-02
NZL,New Zealand,2008,gdp_per_capita,31324.7397977102,World Bank WDI,2026-09-02
NZL,New Zealand,2007,gdp_per_capita,32479.9817381467,World Bank WDI,2026-09-02
NZL,New Zealand,2006,gdp_per_capita,26654.5932018985,World Bank WDI,2026-09-02
NZL,New Zealand,2005,gdp_per_capita,27751.0654708859,World Bank WDI,2026-09-02
NZL,New Zealand,2004,gdp_per_capita,25420.234882944,World Bank WDI,2026-09-02
NZL,New Zealand,2003,gdp_per_capita,21913.7081719961,World Bank WDI,2026-09-02
NZL,New Zealand,2002,gdp_per_capita,16874.1874918196,World Bank WDI,2026-09-02
NZL,New Zealand,2001,gdp_per_capita,13882.8568268586,World Bank WDI,2026-09-02
NZL,New Zealand,2000,gdp_per_capita,13641.1027183822,World Bank WDI,2026-09-02
NIC,Nicaragua,2023,gdp_per_capita,2609.44491147975,World Bank WDI,2026-09-02
NIC,Nicaragua,2022,gdp_per_capita,2322.89069619459,World Bank WDI,2026-09-02
NIC,Nicaragua,2021,gdp_per_capita,2138.38573878237,World Bank WDI,2026-09-02
NIC,Nicaragua,2020,gdp_per_capita,1938.44704754382,World Bank WDI,2026-09-02
NIC,Nicaragua,2019,gdp_per_capita,1958.62051528095,World Bank WDI,2026-09-02
NIC,Nicaragua,2018,gdp_per_capita,2035.16549390507,World Bank WDI,2026-09-02
NIC,Nicaragua,2017,gdp_per_capita,2182.61380995674,World Bank WDI,2026-09-02
NIC,Nicaragua,2016,gdp_per_capita,2131.68704828322,World Bank WDI,2026-09-02
NIC,Nicaragua,2015,gdp_per_capita,2074.45620634731,World Bank WDI,2026-09-02
NIC,Nicaragua,2014,gdp_per_capita,1958.37047579547,World Bank WDI,2026-09-02
NIC,Nicaragua,2013,gdp_per_capita,1835.43996363715,World Bank WDI,2026-09-02
NIC,Nicaragua,2012,gdp_per_capita,1784.69836017555,World Bank WDI,2026-09-02
NIC,Nicaragua,2011,gdp_per_capita,1679.71192084633,World Bank WDI,2026-09-02
NIC,Nicaragua,2010,gdp_per_capita,1526.56706951408,World Bank WDI,2026-09-02
NIC,Nicaragua,2009,gdp_per_capita,1467.08288052845,World Bank WDI,2026-09-02
NIC,Nicaragua,2008,gdp_per_capita,1523.68437086409,World Bank WDI,2026-09-02
NIC,Nicaragua,2007,gdp_per_capita,1350.38145753377,World Bank WDI,2026-09-02
NIC,Nicaragua,2006,gdp_per_capita,1248.17371577788,World Bank WDI,2026-09-02
NIC,Nicaragua,2005,gdp_per_capita,1183.30214010175,World Bank WDI,2026-09-02
NIC,Nicaragua,2004,gdp_per_capita,1098.62118662335,World Bank WDI,2026-09-02
NIC,Nicaragua,2003,gdp_per_capita,1021.35216668794,World Bank WDI,2026-09-02
NIC,Nicaragua,2002,gdp_per_capita,1014.3339042591,World Bank WDI,2026-09-02
NIC,Nicaragua,2001,gdp_per_capita,1051.874235891,World Bank WDI,2026-09-02
NIC,Nicaragua,2000,gdp_per_capita,1017.3124434882,World Bank WDI,2026-09-02
NER,Niger,2023,gdp_per_capita,647.930108509567,World Bank WDI,2026-09-02
NER,Niger,2022,gdp_per_capita,613.614736429298,World Bank WDI,2026-09-02
NER,Niger,2021,gdp_per_capita,609.585703670137,World Bank WDI,2026-09-02
NER,Niger,2020,gdp_per_capita,575.451340306915,World Bank WDI,2026-09-02
NER,Niger,2019,gdp_per_capita,541.265819870273,World Bank WDI,2026-09-02
NER,Niger,2018,gdp_per_capita,576.927536415462,World Bank WDI,2026-09-02
NER,Niger,2017,gdp_per_capita,529.929418934868,World Bank WDI,2026-09-02
NER,Niger,2016,gdp_per_capita,499.910520068193,World Bank WDI,2026-09-02
NER,Niger,2015,gdp_per_capita,485.662574175279,World Bank WDI,2026-09-02
NER,Niger,2014,gdp_per_capita,565.30989731175,World Bank WDI,2026-09-02
NER,Niger,2013,gdp_per_capita,552.103334363117,World Bank WDI,2026-09-02
NER,Niger,2012,gdp_per_capita,528.510104469655,World Bank WDI,2026-09-02
NER,Niger,2011,gdp_per_capita,510.75956176268,World Bank WDI,2026-09-02
NER,Niger,2010,gdp_per_capita,474.425692340831,World Bank WDI,2026-09-02
NER,Niger,2009,gdp_per_capita,461.131533961487,World Bank WDI,2026-09-02
NER,Niger,2008,gdp_per_capita,475.044955398162,World Bank WDI,2026-09-02
NER,Niger,2007,gdp_per_capita,387.168065883301,World Bank WDI,2026-09-02
NER,Niger,2006,gdp_per_capita,333.345078419447,World Bank WDI,2026-09-02
NER,Niger,2005,gdp_per_capita,318.643121918273,World Bank WDI,2026-09-02
NER,Niger,2004,gdp_per_capita,283.468281798296,World Bank WDI,2026-09-02
NER,Niger,2003,gdp_per_capita,265.225363452469,World Bank WDI,2026-09-02
NER,Niger,2002,gdp_per_capita,225.294391147438,World Bank WDI,2026-09-02
NER,Niger,2001,gdp_per_capita,205.417936120931,World Bank WDI,2026-09-02
NER,Niger,2000,gdp_per_capita,194.771959898935,World Bank WDI,2026-09-02
NGA,Nigeria,2023,gdp_per_capita,2138.76383718757,World Bank WDI,2026-09-02
NGA,Nigeria,2022,gdp_per_capita,2899.16047469267,World Bank WDI,2026-09-02
NGA,Nigeria,2021,gdp_per_capita,2787.48779220991,World Bank WDI,2026-09-02
NGA,Nigeria,2020,gdp_per_capita,2797.184580679,World Bank WDI,2026-09-02
NGA,Nigeria,2019,gdp_per_capita,3189.81286496183,World Bank WDI,2026-09-02
NGA,Nigeria,2018,gdp_per_capita,2057.87944554011,World Bank WDI,2026-09-02
NGA,Nigeria,2017,gdp_per_capita,1876.34027111773,World Bank WDI,2026-09-02
NGA,Nigeria,2016,gdp_per_capita,2070.4127339595,World Bank WDI,2026-09-02
NGA,Nigeria,2015,gdp_per_capita,2585.73360671797,World Bank WDI,2026-09-02
NGA,Nigeria,2014,gdp_per_capita,3088.72131316169,World Bank WDI,2026-09-02
NGA,Nigeria,2013,gdp_per_capita,2872.79083379398,World Bank WDI,2026-09-02
NGA,Nigeria,2012,gdp_per_capita,2633.19734671361,World Bank WDI,2026-09-02
NGA,Nigeria,2011,gdp_per_capita,2418.41316975875,World Bank WDI,2026-09-02
NGA,Nigeria,2010,gdp_per_capita,2202.25672957344,World Bank WDI,2026-09-02
NGA,Nigeria,2009,gdp_per_capita,1820.48633854782,World Bank WDI,2026-09-02
NGA,Nigeria,2008,gdp_per_capita,2154.10543545364,World Bank WDI,2026-09-02
NGA,Nigeria,2007,gdp_per_capita,1815.52697545827,World Bank WDI,2026-09-02
NGA,Nigeria,2006,gdp_per_capita,1599.53891556365,World Bank WDI,2026-09-02
NGA,Nigeria,2005,gdp_per_capita,1211.37703504386,World Bank WDI,2026-09-02
NGA,Nigeria,2004,gdp_per_capita,962.48104194733,World Bank WDI,2026-09-02
NGA,Nigeria,2003,gdp_per_capita,763.388745367223,World Bank WDI,2026-09-02
NGA,Nigeria,2002,gdp_per_capita,712.164852077686,World Bank WDI,2026-09-02
NGA,Nigeria,2001,gdp_per_capita,566.428231812933,World Bank WDI,2026-09-02
NGA,Nigeria,2000,gdp_per_capita,547.318298903379,World Bank WDI,2026-09-02
MKD,North Macedonia,2023,gdp_per_capita,8674.35846327485,World Bank WDI,2026-09-02
MKD,North Macedonia,2022,gdp_per_capita,7606.2375253797,World Bank WDI,2026-09-02
MKD,North Macedonia,2021,gdp_per_capita,7620.80296977508,World Bank WDI,2026-09-02
MKD,North Macedonia,2020,gdp_per_capita,6659.59651070776,World Bank WDI,2026-09-02
MKD,North Macedonia,2019,gdp_per_capita,6718.85826635458,World Bank WDI,2026-09-02
MKD,North Macedonia,2018,gdp_per_capita,6713.98925398989,World Bank WDI,2026-09-02
MKD,North Macedonia,2017,gdp_per_capita,5955.2973863451,World Bank WDI,2026-09-02
MKD,North Macedonia,2016,gdp_per_capita,5598.48622617967,World Bank WDI,2026-09-02
MKD,North Macedonia,2015,gdp_per_capita,5262.68671928674,World Bank WDI,2026-09-02
MKD,North Macedonia,2014,gdp_per_capita,5925.38592218015,World Bank WDI,2026-09-02
MKD,North Macedonia,2013,gdp_per_capita,5626.26115664893,World Bank WDI,2026-09-02
MKD,North Macedonia,2012,gdp_per_capita,5049.8265386157,World Bank WDI,2026-09-02
MKD,North Macedonia,2011,gdp_per_capita,5416.86672931659,World Bank WDI,2026-09-02
MKD,North Macedonia,2010,gdp_per_capita,4833.36586759968,World Bank WDI,2026-09-02
MKD,North Macedonia,2009,gdp_per_capita,4799.78722768888,World Bank WDI,2026-09-02
MKD,North Macedonia,2008,gdp_per_capita,5026.4202989873,World Bank WDI,2026-09-02
MKD,North Macedonia,2007,gdp_per_capita,4204.11328760452,World Bank WDI,2026-09-02
MKD,North Macedonia,2006,gdp_per_capita,3440.4411057968,World Bank WDI,2026-09-02
MKD,North Macedonia,2005,gdp_per_capita,3120.98401394233,World Bank WDI,2026-09-02
MKD,North Macedonia,2004,gdp_per_capita,2818.5814561242,World Bank WDI,2026-09-02
MKD,North Macedonia,2003,gdp_per_capita,2445.36286400013,World Bank WDI,2026-09-02
MKD,North Macedonia,2002,gdp_per_capita,1989.13537265159,World Bank WDI,2026-09-02
MKD,North Macedonia,2001,gdp_per_capita,1823.02267682636,World Bank WDI,2026-09-02
MKD,North Macedonia,2000,gdp_per_capita,1861.89899780644,World Bank WDI,2026-09-02
MNP,Northern Mariana Islands,2022,gdp_per_capita,23785.754590043,World Bank WDI,2026-09-02
MNP,Northern Mariana Islands,2021,gdp_per_capita,19455.50139424,World Bank WDI,2026-09-02
MNP,Northern Mariana Islands,2020,gdp_per_capita,18220.8382427201,World Bank WDI,2026-09-02
MNP,Northern Mariana Islands,2019,gdp_per_capita,24496.6652122421,World Bank WDI,2026-09-02
MNP,Northern Mariana Islands,2018,gdp_per_capita,26509.3628379893,World Bank WDI,2026-09-02
MNP,Northern Mariana Islands,2017,gdp_per_capita,31225.6049960968,World Bank WDI,2026-09-02
MNP,Northern Mariana Islands,2016,gdp_per_capita,24225.474169342,World Bank WDI,2026-09-02
MNP,Northern Mariana Islands,2015,gdp_per_capita,17665.1007493109,World Bank WDI,2026-09-02
MNP,Northern Mariana Islands,2014,gdp_per_capita,15945.417608954,World Bank WDI,2026-09-02
MNP,Northern Mariana Islands,2013,gdp_per_capita,14632.8518897608,World Bank WDI,2026-09-02
MNP,Northern Mariana Islands,2012,gdp_per_capita,14013.6003306158,World Bank WDI,2026-09-02
MNP,Northern Mariana Islands,2011,gdp_per_capita,13598.7166094613,World Bank WDI,2026-09-02
MNP,Northern Mariana Islands,2010,gdp_per_capita,14771.4037455399,World Bank WDI,2026-09-02
MNP,Northern Mariana Islands,2009,gdp_per_capita,14369.6339810212,World Bank WDI,2026-09-02
MNP,Northern Mariana Islands,2008,gdp_per_capita,16430.4461942257,World Bank WDI,2026-09-02
MNP,Northern Mariana Islands,2007,gdp_per_capita,15914.2193040498,World Bank WDI,2026-09-02
MNP,Northern Mariana Islands,2006,gdp_per_capita,16314.5578590027,World Bank WDI,2026-09-02
MNP,Northern Mariana Islands,2005,gdp_per_capita,17015.7487891715,World Bank WDI,2026-09-02
MNP,Northern Mariana Islands,2004,gdp_per_capita,18924.5831899653,World Bank WDI,2026-09-02
MNP,Northern Mariana Islands,2003,gdp_per_capita,18938.8728389967,World Bank WDI,2026-09-02
MNP,Northern Mariana Islands,2002,gdp_per_capita,19227.8894246608,World Bank WDI,2026-09-02
NOR,Norway,2023,gdp_per_capita,90984.4087141111,World Bank WDI,2026-09-02
NOR,Norway,2022,gdp_per_capita,113122.130765691,World Bank WDI,2026-09-02
NOR,Norway,2021,gdp_per_capita,96442.5552173002,World Bank WDI,2026-09-02
NOR,Norway,2020,gdp_per_capita,71057.5879471399,World Bank WDI,2026-09-02
NOR,Norway,2019,gdp_per_capita,79329.3075190012,World Bank WDI,2026-09-02
NOR,Norway,2018,gdp_per_capita,85579.0776455494,World Bank WDI,2026-09-02
NOR,Norway,2017,gdp_per_capita,78771.2151264554,World Bank WDI,2026-09-02
NOR,Norway,2016,gdp_per_capita,73222.4006864905,World Bank WDI,2026-09-02
NOR,Norway,2015,gdp_per_capita,77220.9524311414,World Bank WDI,2026-09-02
NOR,Norway,2014,gdp_per_capita,100410.020200979,World Bank WDI,2026-09-02
NOR,Norway,2013,gdp_per_capita,106333.138368566,World Bank WDI,2026-09-02
NOR,Norway,2012,gdp_per_capita,104627.93694681,World Bank WDI,2026-09-02
NOR,Norway,2011,gdp_per_capita,103545.218988177,World Bank WDI,2026-09-02
NOR,Norway,2010,gdp_per_capita,90020.342257973,World Bank WDI,2026-09-02
NOR,Norway,2009,gdp_per_capita,81939.726548458,World Bank WDI,2026-09-02
NOR,Norway,2008,gdp_per_capita,99001.5300678626,World Bank WDI,2026-09-02
NOR,Norway,2007,gdp_per_capita,86600.2387607877,World Bank WDI,2026-09-02
NOR,Norway,2006,gdp_per_capita,75047.741700385,World Bank WDI,2026-09-02
NOR,Norway,2005,gdp_per_capita,67358.3615969796,World Bank WDI,2026-09-02
NOR,Norway,2004,gdp_per_capita,57854.5698169407,World Bank WDI,2026-09-02
NOR,Norway,2003,gdp_per_capita,50208.0960234078,World Bank WDI,2026-09-02
NOR,Norway,2002,gdp_per_capita,43048.288735011,World Bank WDI,2026-09-02
NOR,Norway,2001,gdp_per_capita,38458.2530907659,World Bank WDI,2026-09-02
NOR,Norway,2000,gdp_per_capita,37991.8907576589,World Bank WDI,2026-09-02
OMN,Oman,2023,gdp_per_capita,21027.7384572657,World Bank WDI,2026-09-02
OMN,Oman,2022,gdp_per_capita,23223.5829405935,World Bank WDI,2026-09-02
OMN,Oman,2021,gdp_per_capita,19403.4600160211,World Bank WDI,2026-09-02
OMN,Oman,2020,gdp_per_capita,16784.8630630058,World Bank WDI,2026-09-02
OMN,Oman,2019,gdp_per_capita,19180.1864152801,World Bank WDI,2026-09-02
OMN,Oman,2018,gdp_per_capita,19901.7615642016,World Bank WDI,2026-09-02
OMN,Oman,2017,gdp_per_capita,17820.0661809335,World Bank WDI,2026-09-02
OMN,Oman,2016,gdp_per_capita,17110.1897460545,World Bank WDI,2026-09-02
OMN,Oman,2015,gdp_per_capita,18808.3077921839,World Bank WDI,2026-09-02
OMN,Oman,2014,gdp_per_capita,23160.6502252547,World Bank WDI,2026-09-02
OMN,Oman,2013,gdp_per_capita,23458.0233840053,World Bank WDI,2026-09-02
OMN,Oman,2012,gdp_per_capita,24642.2978768596,World Bank WDI,2026-09-02
OMN,Oman,2011,gdp_per_capita,25188.0074151885,World Bank WDI,2026-09-02
OMN,Oman,2010,gdp_per_capita,23570.1798147325,World Bank WDI,2026-09-02
OMN,Oman,2009,gdp_per_capita,20655.9180249218,World Bank WDI,2026-09-02
OMN,Oman,2008,gdp_per_capita,26576.779241509,World Bank WDI,2026-09-02
OMN,Oman,2007,gdp_per_capita,18792.653772482,World Bank WDI,2026-09-02
OMN,Oman,2006,gdp_per_capita,16930.8565071853,World Bank WDI,2026-09-02
OMN,Oman,2005,gdp_per_capita,14434.8577924647,World Bank WDI,2026-09-02
OMN,Oman,2004,gdp_per_capita,11800.8507411171,World Bank WDI,2026-09-02
OMN,Oman,2003,gdp_per_capita,10463.5425832141,World Bank WDI,2026-09-02
OMN,Oman,2002,gdp_per_capita,9869.13050219438,World Bank WDI,2026-09-02
OMN,Oman,2001,gdp_per_capita,9611.96360191054,World Bank WDI,2026-09-02
OMN,Oman,2000,gdp_per_capita,9753.84755185404,World Bank WDI,2026-09-02
PAK,Pakistan,2023,gdp_per_capita,1360.32417758419,World Bank WDI,2026-09-02
PAK,Pakistan,2022,gdp_per_capita,1538.3228133171,World Bank WDI,2026-09-02
PAK,Pakistan,2021,gdp_per_capita,1455.31922370186,World Bank WDI,2026-09-02
PAK,Pakistan,2020,gdp_per_capita,1278.39735206896,World Bank WDI,2026-09-02
PAK,Pakistan,2019,gdp_per_capita,1390.41690981745,World Bank WDI,2026-09-02
PAK,Pakistan,2018,gdp_per_capita,1569.33814626355,World Bank WDI,2026-09-02
PAK,Pakistan,2017,gdp_per_capita,1519.23459514248,World Bank WDI,2026-09-02
PAK,Pakistan,2016,gdp_per_capita,1424.69161195897,World Bank WDI,2026-09-02
PAK,Pakistan,2015,gdp_per_capita,1380.47020838317,World Bank WDI,2026-09-02
PAK,Pakistan,2014,gdp_per_capita,1266.61340849959,World Bank WDI,2026-09-02
PAK,Pakistan,2013,gdp_per_capita,1225.4340119198,World Bank WDI,2026-09-02
PAK,Pakistan,2012,gdp_per_capita,1204.36475491585,World Bank WDI,2026-09-02
PAK,Pakistan,2011,gdp_per_capita,1131.73513834324,World Bank WDI,2026-09-02
PAK,Pakistan,2010,gdp_per_capita,987.304571124485,World Bank WDI,2026-09-02
PAK,Pakistan,2009,gdp_per_capita,963.788066395225,World Bank WDI,2026-09-02
PAK,Pakistan,2008,gdp_per_capita,1067.04324565284,World Bank WDI,2026-09-02
PAK,Pakistan,2007,gdp_per_capita,998.090114197524,World Bank WDI,2026-09-02
PAK,Pakistan,2006,gdp_per_capita,900.873564984808,World Bank WDI,2026-09-02
PAK,Pakistan,2005,gdp_per_capita,827.619861189926,World Bank WDI,2026-09-02
PAK,Pakistan,2004,gdp_per_capita,771.902247348954,World Bank WDI,2026-09-02
PAK,Pakistan,2003,gdp_per_capita,672.44178669894,World Bank WDI,2026-09-02
PAK,Pakistan,2002,gdp_per_capita,599.937345723927,World Bank WDI,2026-09-02
PAK,Pakistan,2001,gdp_per_capita,609.939506905073,World Bank WDI,2026-09-02
PAK,Pakistan,2000,gdp_per_capita,642.338346499898,World Bank WDI,2026-09-02
PLW,Palau,2023,gdp_per_capita,15578.3497630733,World Bank WDI,2026-09-02
PLW,Palau,2022,gdp_per_capita,13934.951996171,World Bank WDI,2026-09-02
PLW,Palau,2021,gdp_per_capita,13267.4877340719,World Bank WDI,2026-09-02
PLW,Palau,2020,gdp_per_capita,14556.30954221,World Bank WDI,2026-09-02
PLW,Palau,2019,gdp_per_capita,15841.8923474548,World Bank WDI,2026-09-02
PLW,Palau,2018,gdp_per_capita,16179.877834849,World Bank WDI,2026-09-02
PLW,Palau,2017,gdp_per_capita,16280.241199753,World Bank WDI,2026-09-02
PLW,Palau,2016,gdp_per_capita,17043.6660673147,World Bank WDI,2026-09-02
PLW,Palau,2015,gdp_per_capita,15938.3652222848,World Bank WDI,2026-09-02
PLW,Palau,2014,gdp_per_capita,13854.730278013,World Bank WDI,2026-09-02
PLW,Palau,2013,gdp_per_capita,12820.5931621147,World Bank WDI,2026-09-02
PLW,Palau,2012,gdp_per_capita,12098.4124331551,World Bank WDI,2026-09-02
PLW,Palau,2011,gdp_per_capita,10795.639900708,World Bank WDI,2026-09-02
PLW,Palau,2010,gdp_per_capita,10018.065238367,World Bank WDI,2026-09-02
PLW,Palau,2009,gdp_per_capita,9837.49883077663,World Bank WDI,2026-09-02
PLW,Palau,2008,gdp_per_capita,10471.1510008417,World Bank WDI,2026-09-02
PLW,Palau,2007,gdp_per_capita,10155.0470806134,World Bank WDI,2026-09-02
PLW,Palau,2006,gdp_per_capita,9737.01943934058,World Bank WDI,2026-09-02
PLW,Palau,2005,gdp_per_capita,9367.68615343862,World Bank WDI,2026-09-02
PLW,Palau,2004,gdp_per_capita,8393.73029137235,World Bank WDI,2026-09-02
PLW,Palau,2003,gdp_per_capita,7862.39286077623,World Bank WDI,2026-09-02
PLW,Palau,2002,gdp_per_capita,8340.18965031021,World Bank WDI,2026-09-02
PLW,Palau,2001,gdp_per_capita,8239.26386807565,World Bank WDI,2026-09-02
PLW,Palau,2000,gdp_per_capita,7798.07510558974,World Bank WDI,2026-09-02
PAN,Panama,2023,gdp_per_capita,18797.1933894611,World Bank WDI,2026-09-02
PAN,Panama,2022,gdp_per_capita,17378.6070083597,World Bank WDI,2026-09-02
PAN,Panama,2021,gdp_per_capita,15509.8069109784,World Bank WDI,2026-09-02
PAN,Panama,2020,gdp_per_capita,13290.5608347594,World Bank WDI,2026-09-02
PAN,Panama,2019,gdp_per_capita,16477.9066285687,World Bank WDI,2026-09-02
PAN,Panama,2018,gdp_per_capita,16151.3273478476,World Bank WDI,2026-09-02
PAN,Panama,2017,gdp_per_capita,15694.6297454295,World Bank WDI,2026-09-02
PAN,Panama,2016,gdp_per_capita,14832.3611608191,World Bank WDI,2026-09-02
PAN,Panama,2015,gdp_per_capita,14082.6548502728,World Bank WDI,2026-09-02
PAN,Panama,2014,gdp_per_capita,13213.1989637473,World Bank WDI,2026-09-02
PAN,Panama,2013,gdp_per_capita,12273.3225037637,World Bank WDI,2026-09-02
PAN,Panama,2012,gdp_per_capita,11064.8063606203,World Bank WDI,2026-09-02
PAN,Panama,2011,gdp_per_capita,9662.29592216607,World Bank WDI,2026-09-02
PAN,Panama,2010,gdp_per_capita,8331.46421351868,World Bank WDI,2026-09-02
PAN,Panama,2009,gdp_per_capita,7796.92617035048,World Bank WDI,2026-09-02
PAN,Panama,2008,gdp_per_capita,7347.59050324397,World Bank WDI,2026-09-02
PAN,Panama,2007,gdp_per_capita,6317.81730274124,World Bank WDI,2026-09-02
PAN,Panama,2006,gdp_per_capita,5528.76705469354,World Bank WDI,2026-09-02
PAN,Panama,2005,gdp_per_capita,5017.7410922824,World Bank WDI,2026-09-02
PAN,Panama,2004,gdp_per_capita,4644.56582353041,World Bank WDI,2026-09-02
PAN,Panama,2003,gdp_per_capita,4264.66428846636,World Bank WDI,2026-09-02
PAN,Panama,2002,gdp_per_capita,4090.58617397129,World Bank WDI,2026-09-02
PAN,Panama,2001,gdp_per_capita,3991.7767076924,World Bank WDI,2026-09-02
PAN,Panama,2000,gdp_per_capita,3975.09308659503,World Bank WDI,2026-09-02
PNG,Papua New Guinea,2023,gdp_per_capita,2966.06455045333,World Bank WDI,2026-09-02
PNG,Papua New Guinea,2022,gdp_per_capita,3102.29409730005,World Bank WDI,2026-09-02
PNG,Papua New Guinea,2021,gdp_per_capita,2607.97769973161,World Bank WDI,2026-09-02
PNG,Papua New Guinea,2020,gdp_per_capita,2429.61134585269,World Bank WDI,2026-09-02
PNG,Papua New Guinea,2019,gdp_per_capita,2575.77274140393,World Bank WDI,2026-09-02
PNG,Papua New Guinea,2018,gdp_per_capita,2566.36833735041,World Bank WDI,2026-09-02
PNG,Papua New Guinea,2017,gdp_per_capita,2477.76530986323,World Bank WDI,2026-09-02
PNG,Papua New Guinea,2016,gdp_per_capita,2316.39479758492,World Bank WDI,2026-09-02
PNG,Papua New Guinea,2015,gdp_per_capita,2484.5963398603,World Bank WDI,2026-09-02
PNG,Papua New Guinea,2014,gdp_per_capita,2723.17529825196,World Bank WDI,2026-09-02
PNG,Papua New Guinea,2013,gdp_per_capita,2560.77458976327,World Bank WDI,2026-09-02
PNG,Papua New Guinea,2012,gdp_per_capita,2635.0873631547,World Bank WDI,2026-09-02
PNG,Papua New Guinea,2011,gdp_per_capita,2288.37591141234,World Bank WDI,2026-09-02
PNG,Papua New Guinea,2010,gdp_per_capita,1866.86889851208,World Bank WDI,2026-09-02
PNG,Papua New Guinea,2009,gdp_per_capita,1568.83193368607,World Bank WDI,2026-09-02
PNG,Papua New Guinea,2008,gdp_per_capita,1624.79319935188,World Bank WDI,2026-09-02
PNG,Papua New Guinea,2007,gdp_per_capita,1370.753415829,World Bank WDI,2026-09-02
PNG,Papua New Guinea,2006,gdp_per_capita,1238.18282926706,World Bank WDI,2026-09-02
PNG,Papua New Guinea,2005,gdp_per_capita,744.486489977433,World Bank WDI,2026-09-02
PNG,Papua New Guinea,2004,gdp_per_capita,620.596147680561,World Bank WDI,2026-09-02
PNG,Papua New Guinea,2003,gdp_per_capita,577.467922387259,World Bank WDI,2026-09-02
PNG,Papua New Guinea,2002,gdp_per_capita,506.331789534482,World Bank WDI,2026-09-02
PNG,Papua New Guinea,2001,gdp_per_capita,537.847459634131,World Bank WDI,2026-09-02
PNG,Papua New Guinea,2000,gdp_per_capita,635.957919047725,World Bank WDI,2026-09-02
PRY,Paraguay,2023,gdp_per_capita,6303.26495017292,World Bank WDI,2026-09-02
PRY,Paraguay,2022,gdp_per_capita,6189.10205375331,World Bank WDI,2026-09-02
PRY,Paraguay,2021,gdp_per_capita,5974.9057185863,World Bank WDI,2026-09-02
PRY,Paraguay,2020,gdp_per_capita,5365.47220721191,World Bank WDI,2026-09-02
PRY,Paraguay,2019,gdp_per_capita,5821.18199548637,World Bank WDI,2026-09-02
PRY,Paraguay,2018,gdp_per_capita,6258.44991640954,World Bank WDI,2026-09-02
PRY,Paraguay,2017,gdp_per_capita,6152.26711537703,World Bank WDI,2026-09-02
PRY,Paraguay,2016,gdp_per_capita,5775.1596339946,World Bank WDI,2026-09-02
PRY,Paraguay,2015,gdp_per_capita,5879.33792308671,World Bank WDI,2026-09-02
PRY,Paraguay,2014,gdp_per_capita,6652.25478942291,World Bank WDI,2026-09-02
PRY,Paraguay,2013,gdp_per_capita,6435.68342733182,World Bank WDI,2026-09-02
PRY,Paraguay,2012,gdp_per_capita,5642.1699167298,World Bank WDI,2026-09-02
PRY,Paraguay,2011,gdp_per_capita,5805.40154543044,World Bank WDI,2026-09-02
PRY,Paraguay,2010,gdp_per_capita,4750.96273669322,World Bank WDI,2026-09-02
PRY,Paraguay,2009,gdp_per_capita,3941.84815479271,World Bank WDI,2026-09-02
PRY,Paraguay,2008,gdp_per_capita,4384.9546943793,World Bank WDI,2026-09-02
PRY,Paraguay,2007,gdp_per_capita,3211.93621659546,World Bank WDI,2026-09-02
PRY,Paraguay,2006,gdp_per_capita,2439.43124694576,World Bank WDI,2026-09-02
PRY,Paraguay,2005,gdp_per_capita,1970.87169852378,World Bank WDI,2026-09-02
PRY,Paraguay,2004,gdp_per_capita,1786.21533938543,World Bank WDI,2026-09-02
PRY,Paraguay,2003,gdp_per_capita,1443.99885236205,World Bank WDI,2026-09-02
PRY,Paraguay,2002,gdp_per_capita,1367.76506935997,World Bank WDI,2026-09-02
PRY,Paraguay,2001,gdp_per_capita,1637.68615122932,World Bank WDI,2026-09-02
PRY,Paraguay,2000,gdp_per_capita,1736.11729210765,World Bank WDI,2026-09-02
PER,Peru,2023,gdp_per_capita,7919.04634828547,World Bank WDI,2026-09-02
PER,Peru,2022,gdp_per_capita,7353.74598721667,World Bank WDI,2026-09-02
PER,Peru,2021,gdp_per_capita,6828.53422535638,World Bank WDI,2026-09-02
PER,Peru,2020,gdp_per_capita,6133.32552410183,World Bank WDI,2026-09-02
PER,Peru,2019,gdp_per_capita,7037.00803692604,World Bank WDI,2026-09-02
PER,Peru,2018,gdp_per_capita,6978.49121548627,World Bank WDI,2026-09-02
PER,Peru,2017,gdp_per_capita,6736.16693725487,World Bank WDI,2026-09-02
PER,Peru,2016,gdp_per_capita,6217.03599995447,World Bank WDI,2026-09-02
PER,Peru,2015,gdp_per_capita,6231.71150338894,World Bank WDI,2026-09-02
PER,Peru,2014,gdp_per_capita,6667.13410360861,World Bank WDI,2026-09-02
PER,Peru,2013,gdp_per_capita,6746.80025696601,World Bank WDI,2026-09-02
PER,Peru,2012,gdp_per_capita,6519.37852981527,World Bank WDI,2026-09-02
PER,Peru,2011,gdp_per_capita,5861.35793645245,World Bank WDI,2026-09-02
PER,Peru,2010,gdp_per_capita,5072.11494019615,World Bank WDI,2026-09-02
PER,Peru,2009,gdp_per_capita,4181.18755462253,World Bank WDI,2026-09-02
PER,Peru,2008,gdp_per_capita,4197.58444634142,World Bank WDI,2026-09-02
PER,Peru,2007,gdp_per_capita,3581.0893081917,World Bank WDI,2026-09-02
PER,Peru,2006,gdp_per_capita,3129.55996496982,World Bank WDI,2026-09-02
PER,Peru,2005,gdp_per_capita,2706.66947297608,World Bank WDI,2026-09-02
PER,Peru,2004,gdp_per_capita,2397.25147277714,World Bank WDI,2026-09-02
PER,Peru,2003,gdp_per_capita,2129.44114197634,World Bank WDI,2026-09-02
PER,Peru,2002,gdp_per_capita,2007.37019626753,World Bank WDI,2026-09-02
PER,Peru,2001,gdp_per_capita,1929.57273038846,World Bank WDI,2026-09-02
PER,Peru,2000,gdp_per_capita,1945.41338451698,World Bank WDI,2026-09-02
PHL,Philippines,2023,gdp_per_capita,3804.08274131718,World Bank WDI,2026-09-02
PHL,Philippines,2022,gdp_per_capita,3548.06930572116,World Bank WDI,2026-09-02
PHL,Philippines,2021,gdp_per_capita,3484.38593882819,World Bank WDI,2026-09-02
PHL,Philippines,2020,gdp_per_capita,3227.57910235199,World Bank WDI,2026-09-02
PHL,Philippines,2019,gdp_per_capita,3400.78949767074,World Bank WDI,2026-09-02
PHL,Philippines,2018,gdp_per_capita,3168.51036609727,World Bank WDI,2026-09-02
PHL,Philippines,2017,gdp_per_capita,3038.12124959289,World Bank WDI,2026-09-02
PHL,Philippines,2016,gdp_per_capita,2985.19564024046,World Bank WDI,2026-09-02
PHL,Philippines,2015,gdp_per_capita,2909.85818010301,World Bank WDI,2026-09-02
PHL,Philippines,2014,gdp_per_capita,2866.83803761407,World Bank WDI,2026-09-02
PHL,Philippines,2013,gdp_per_capita,2781.27957677397,World Bank WDI,2026-09-02
PHL,Philippines,2012,gdp_per_capita,2614.61644401308,World Bank WDI,2026-09-02
PHL,Philippines,2011,gdp_per_capita,2383.91892522087,World Bank WDI,2026-09-02
PHL,Philippines,2010,gdp_per_capita,2162.91375885614,World Bank WDI,2026-09-02
PHL,Philippines,2009,gdp_per_capita,1864.45043406471,World Bank WDI,2026-09-02
PHL,Philippines,2008,gdp_per_capita,1959.29233534978,World Bank WDI,2026-09-02
PHL,Philippines,2007,gdp_per_capita,1712.65543282793,World Bank WDI,2026-09-02
PHL,Philippines,2006,gdp_per_capita,1426.14649179546,World Bank WDI,2026-09-02
PHL,Philippines,2005,gdp_per_capita,1220.46018559867,World Bank WDI,2026-09-02
PHL,Philippines,2004,gdp_per_capita,1099.63013023758,World Bank WDI,2026-09-02
PHL,Philippines,2003,gdp_per_capita,1027.2301192843,World Bank WDI,2026-09-02
PHL,Philippines,2002,gdp_per_capita,1014.90879320106,World Bank WDI,2026-09-02
PHL,Philippines,2001,gdp_per_capita,969.530611744453,World Bank WDI,2026-09-02
PHL,Philippines,2000,gdp_per_capita,1050.79273107952,World Bank WDI,2026-09-02
POL,Poland,2023,gdp_per_capita,22145.2660647429,World Bank WDI,2026-09-02
POL,Poland,2022,gdp_per_capita,18891.2121169279,World Bank WDI,2026-09-02
POL,Poland,2021,gdp_per_capita,18635.5104895754,World Bank WDI,2026-09-02
POL,Poland,2020,gdp_per_capita,16150.9304813473,World Bank WDI,2026-09-02
POL,Poland,2019,gdp_per_capita,15874.5220531254,World Bank WDI,2026-09-02
POL,Poland,2018,gdp_per_capita,15658.210586693,World Bank WDI,2026-09-02
POL,Poland,2017,gdp_per_capita,13913.3415190124,World Bank WDI,2026-09-02
POL,Poland,2016,gdp_per_capita,12464.0121044827,World Bank WDI,2026-09-02
POL,Poland,2015,gdp_per_capita,12637.5220324406,World Bank WDI,2026-09-02
POL,Poland,2014,gdp_per_capita,14262.2841914116,World Bank WDI,2026-09-02
POL,Poland,2013,gdp_per_capita,13621.9023794031,World Bank WDI,2026-09-02
POL,Poland,2012,gdp_per_capita,13087.420943321,World Bank WDI,2026-09-02
POL,Poland,2011,gdp_per_capita,13867.6669408192,World Bank WDI,2026-09-02
POL,Poland,2010,gdp_per_capita,12567.7317676382,World Bank WDI,2026-09-02
POL,Poland,2009,gdp_per_capita,11556.3026866026,World Bank WDI,2026-09-02
POL,Poland,2008,gdp_per_capita,14048.5604672654,World Bank WDI,2026-09-02
POL,Poland,2007,gdp_per_capita,11272.5293683383,World Bank WDI,2026-09-02
POL,Poland,2006,gdp_per_capita,9068.85528307627,World Bank WDI,2026-09-02
POL,Poland,2005,gdp_per_capita,8043.92332253757,World Bank WDI,2026-09-02
POL,Poland,2004,gdp_per_capita,6711.72715262967,World Bank WDI,2026-09-02
POL,Poland,2003,gdp_per_capita,5720.81366178104,World Bank WDI,2026-09-02
POL,Poland,2002,gdp_per_capita,5223.45178967082,World Bank WDI,2026-09-02
POL,Poland,2001,gdp_per_capita,5015.23790036613,World Bank WDI,2026-09-02
POL,Poland,2000,gdp_per_capita,4520.64100449111,World Bank WDI,2026-09-02
PRT,Portugal,2023,gdp_per_capita,27634.6183139773,World Bank WDI,2026-09-02
PRT,Portugal,2022,gdp_per_capita,24620.5197587181,World Bank WDI,2026-09-02
PRT,Portugal,2021,gdp_per_capita,24711.4510062111,World Bank WDI,2026-09-02
PRT,Portugal,2020,gdp_per_capita,22299.4044062173,World Bank WDI,2026-09-02
PRT,Portugal,2019,gdp_per_capita,23343.3628970034,World Bank WDI,2026-09-02
PRT,Portugal,2018,gdp_per_capita,23541.1401075289,World Bank WDI,2026-09-02
PRT,Portugal,2017,gdp_per_capita,21442.3842768879,World Bank WDI,2026-09-02
PRT,Portugal,2016,gdp_per_capita,19980.2808866516,World Bank WDI,2026-09-02
PRT,Portugal,2015,gdp_per_capita,19215.7813014347,World Bank WDI,2026-09-02
PRT,Portugal,2014,gdp_per_capita,22120.6850127107,World Bank WDI,2026-09-02
PRT,Portugal,2013,gdp_per_capita,21676.4859642714,World Bank WDI,2026-09-02
PRT,Portugal,2012,gdp_per_capita,20593.4274224109,World Bank WDI,2026-09-02
PRT,Portugal,2011,gdp_per_capita,23246.5425416481,World Bank WDI,2026-09-02
PRT,Portugal,2010,gdp_per_capita,22551.935098809,World Bank WDI,2026-09-02
PRT,Portugal,2009,gdp_per_capita,23151.2154130712,World Bank WDI,2026-09-02
PRT,Portugal,2008,gdp_per_capita,24949.0413566739,World Bank WDI,2026-09-02
PRT,Portugal,2007,gdp_per_capita,22811.0564844365,World Bank WDI,2026-09-02
PRT,Portugal,2006,gdp_per_capita,19839.4540499032,World Bank WDI,2026-09-02
PRT,Portugal,2005,gdp_per_capita,18780.12751241,World Bank WDI,2026-09-02
PRT,Portugal,2004,gdp_per_capita,18064.1580932987,World Bank WDI,2026-09-02
PRT,Portugal,2003,gdp_per_capita,15797.7821340276,World Bank WDI,2026-09-02
PRT,Portugal,2002,gdp_per_capita,12936.6928204482,World Bank WDI,2026-09-02
PRT,Portugal,2001,gdp_per_capita,11734.7649743954,World Bank WDI,2026-09-02
PRT,Portugal,2000,gdp_per_capita,11526.3720667968,World Bank WDI,2026-09-02
PRI,Puerto Rico (US),2023,gdp_per_capita,36980.7653928068,World Bank WDI,2026-09-02
PRI,Puerto Rico (US),2022,gdp_per_capita,35353.5613891039,World Bank WDI,2026-09-02
PRI,Puerto Rico (US),2021,gdp_per_capita,32618.8705106244,World Bank WDI,2026-09-02
PRI,Puerto Rico (US),2020,gdp_per_capita,31427.1034994916,World Bank WDI,2026-09-02
PRI,Puerto Rico (US),2019,gdp_per_capita,31830.5284993358,World Bank WDI,2026-09-02
PRI,Puerto Rico (US),2018,gdp_per_capita,30679.9181934488,World Bank WDI,2026-09-02
PRI,Puerto Rico (US),2017,gdp_per_capita,30328.479490518,World Bank WDI,2026-09-02
PRI,Puerto Rico (US),2016,gdp_per_capita,29978.0889268918,World Bank WDI,2026-09-02
PRI,Puerto Rico (US),2015,gdp_per_capita,29242.041465085,World Bank WDI,2026-09-02
PRI,Puerto Rico (US),2014,gdp_per_capita,28576.0988023209,World Bank WDI,2026-09-02
PRI,Puerto Rico (US),2013,gdp_per_capita,28212.0499737431,World Bank WDI,2026-09-02
PRI,Puerto Rico (US),2012,gdp_per_capita,27742.024476618,World Bank WDI,2026-09-02
PRI,Puerto Rico (US),2011,gdp_per_capita,27170.0766543278,World Bank WDI,2026-09-02
PRI,Puerto Rico (US),2010,gdp_per_capita,26414.8810634548,World Bank WDI,2026-09-02
PRI,Puerto Rico (US),2009,gdp_per_capita,25768.7258883384,World Bank WDI,2026-09-02
PRI,Puerto Rico (US),2008,gdp_per_capita,24898.3345857045,World Bank WDI,2026-09-02
PRI,Puerto Rico (US),2007,gdp_per_capita,23664.8823485096,World Bank WDI,2026-09-02
PRI,Puerto Rico (US),2006,gdp_per_capita,22935.9411586313,World Bank WDI,2026-09-02
PRI,Puerto Rico (US),2005,gdp_per_capita,21959.322696986,World Bank WDI,2026-09-02
PRI,Puerto Rico (US),2004,gdp_per_capita,20988.9923326534,World Bank WDI,2026-09-02
PRI,Puerto Rico (US),2003,gdp_per_capita,19557.1202492358,World Bank WDI,2026-09-02
PRI,Puerto Rico (US),2002,gdp_per_capita,18731.4593897378,World Bank WDI,2026-09-02
PRI,Puerto Rico (US),2001,gdp_per_capita,18123.1987019918,World Bank WDI,2026-09-02
PRI,Puerto Rico (US),2000,gdp_per_capita,16192.1269719638,World Bank WDI,2026-09-02
QAT,Qatar,2023,gdp_per_capita,80195.8746508549,World Bank WDI,2026-09-02
QAT,Qatar,2022,gdp_per_capita,88701.463352273,World Bank WDI,2026-09-02
QAT,Qatar,2021,gdp_per_capita,71751.8831257169,World Bank WDI,2026-09-02
QAT,Qatar,2020,gdp_per_capita,51683.5054376677,World Bank WDI,2026-09-02
QAT,Qatar,2019,gdp_per_capita,66841.3013484919,World Bank WDI,2026-09-02
QAT,Qatar,2018,gdp_per_capita,71039.8490579352,World Bank WDI,2026-09-02
QAT,Qatar,2017,gdp_per_capita,63279.8556949332,World Bank WDI,2026-09-02
QAT,Qatar,2016,gdp_per_capita,61253.6375482797,World Bank WDI,2026-09-02
QAT,Qatar,2015,gdp_per_capita,68985.2946961507,World Bank WDI,2026-09-02
QAT,Qatar,2014,gdp_per_capita,95840.6310094498,World Bank WDI,2026-09-02
QAT,Qatar,2013,gdp_per_capita,103697.008372373,World Bank WDI,2026-09-02
QAT,Qatar,2012,gdp_per_capita,108470.378825036,World Bank WDI,2026-09-02
QAT,Qatar,2011,gdp_per_capita,103261.510293068,World Bank WDI,2026-09-02
QAT,Qatar,2010,gdp_per_capita,77387.2936379616,World Bank WDI,2026-09-02
QAT,Qatar,2009,gdp_per_capita,60785.7351551657,World Bank WDI,2026-09-02
QAT,Qatar,2008,gdp_per_capita,80781.2113909506,World Bank WDI,2026-09-02
QAT,Qatar,2007,gdp_per_capita,65954.1146428814,World Bank WDI,2026-09-02
QAT,Qatar,2006,gdp_per_capita,62582.4453138755,World Bank WDI,2026-09-02
QAT,Qatar,2005,gdp_per_capita,53949.6764091147,World Bank WDI,2026-09-02
QAT,Qatar,2004,gdp_per_capita,41035.5008380177,World Bank WDI,2026-09-02
QAT,Qatar,2003,gdp_per_capita,31602.470865136,World Bank WDI,2026-09-02
QAT,Qatar,2002,gdp_per_capita,27226.6593510117,World Bank WDI,2026-09-02
QAT,Qatar,2001,gdp_per_capita,25870.7991864314,World Bank WDI,2026-09-02
QAT,Qatar,2000,gdp_per_capita,27535.182940934,World Bank WDI,2026-09-02
ROU,Romania,2023,gdp_per_capita,18244.4186876321,World Bank WDI,2026-09-02
ROU,Romania,2022,gdp_per_capita,15503.4691366242,World Bank WDI,2026-09-02
ROU,Romania,2021,gdp_per_capita,14908.0412813921,World Bank WDI,2026-09-02
ROU,Romania,2020,gdp_per_capita,13009.1525348396,World Bank WDI,2026-09-02
ROU,Romania,2019,gdp_per_capita,12909.6104013244,World Bank WDI,2026-09-02
ROU,Romania,2018,gdp_per_capita,12416.134317959,World Bank WDI,2026-09-02
ROU,Romania,2017,gdp_per_capita,10727.9822007426,World Bank WDI,2026-09-02
ROU,Romania,2016,gdp_per_capita,9404.54005870715,World Bank WDI,2026-09-02
ROU,Romania,2015,gdp_per_capita,8977.01748158196,World Bank WDI,2026-09-02
ROU,Romania,2014,gdp_per_capita,10031.7710755404,World Bank WDI,2026-09-02
ROU,Romania,2013,gdp_per_capita,9497.67411615237,World Bank WDI,2026-09-02
ROU,Romania,2012,gdp_per_capita,8929.95366231474,World Bank WDI,2026-09-02
ROU,Romania,2011,gdp_per_capita,9560.6755277458,World Bank WDI,2026-09-02
ROU,Romania,2010,gdp_per_capita,8399.5374234284,World Bank WDI,2026-09-02
ROU,Romania,2009,gdp_per_capita,8548.4543409242,World Bank WDI,2026-09-02
ROU,Romania,2008,gdp_per_capita,10435.1561230787,World Bank WDI,2026-09-02
ROU,Romania,2007,gdp_per_capita,8360.33775916596,World Bank WDI,2026-09-02
ROU,Romania,2006,gdp_per_capita,5757.53127301178,World Bank WDI,2026-09-02
ROU,Romania,2005,gdp_per_capita,4618.00350802913,World Bank WDI,2026-09-02
ROU,Romania,2004,gdp_per_capita,3494.99056448955,World Bank WDI,2026-09-02
ROU,Romania,2003,gdp_per_capita,2679.40626016154,World Bank WDI,2026-09-02
ROU,Romania,2002,gdp_per_capita,2119.85509684554,World Bank WDI,2026-09-02
ROU,Romania,2001,gdp_per_capita,1825.19299373184,World Bank WDI,2026-09-02
ROU,Romania,2000,gdp_per_capita,1659.92904910528,World Bank WDI,2026-09-02
RUS,Russian Federation,2023,gdp_per_capita,13986.9951171875,World Bank WDI,2026-09-02
RUS,Russian Federation,2022,gdp_per_capita,15625.6328125,World Bank WDI,2026-09-02
RUS,Russian Federation,2021,gdp_per_capita,12425.029296875,World Bank WDI,2026-09-02
RUS,Russian Federation,2020,gdp_per_capita,10108.3271484375,World Bank WDI,2026-09-02
RUS,Russian Federation,2019,gdp_per_capita,11447.701171875,World Bank WDI,2026-09-02
RUS,Russian Federation,2018,gdp_per_capita,11211.8876953125,World Bank WDI,2026-09-02
RUS,Russian Federation,2017,gdp_per_capita,10658.9130859375,World Bank WDI,2026-09-02
RUS,Russian Federation,2016,gdp_per_capita,8663.158203125,World Bank WDI,2026-09-02
RUS,Russian Federation,2015,gdp_per_capita,9277.7138671875,World Bank WDI,2026-09-02
RUS,Russian Federation,2014,gdp_per_capita,14055.47265625,World Bank WDI,2026-09-02
RUS,Russian Federation,2013,gdp_per_capita,15941.4482421875,World Bank WDI,2026-09-02
RUS,Russian Federation,2012,gdp_per_capita,15401.8515625,World Bank WDI,2026-09-02
RUS,Russian Federation,2011,gdp_per_capita,14305.33203125,World Bank WDI,2026-09-02
RUS,Russian Federation,2010,gdp_per_capita,10674.990234375,World Bank WDI,2026-09-02
RUS,Russian Federation,2009,gdp_per_capita,8562.82421875,World Bank WDI,2026-09-02
RUS,Russian Federation,2008,gdp_per_capita,11635.2841796875,World Bank WDI,2026-09-02
RUS,Russian Federation,2007,gdp_per_capita,9101.2392578125,World Bank WDI,2026-09-02
RUS,Russian Federation,2006,gdp_per_capita,6920.19970703125,World Bank WDI,2026-09-02
RUS,Russian Federation,2005,gdp_per_capita,5323.455078125,World Bank WDI,2026-09-02
RUS,Russian Federation,2004,gdp_per_capita,4102.36474609375,World Bank WDI,2026-09-02
RUS,Russian Federation,2003,gdp_per_capita,2975.123046875,World Bank WDI,2026-09-02
RUS,Russian Federation,2002,gdp_per_capita,2377.52954101563,World Bank WDI,2026-09-02
RUS,Russian Federation,2001,gdp_per_capita,2100.3525390625,World Bank WDI,2026-09-02
RUS,Russian Federation,2000,gdp_per_capita,1771.59411621094,World Bank WDI,2026-09-02
RWA,Rwanda,2023,gdp_per_capita,1061.05788154076,World Bank WDI,2026-09-02
RWA,Rwanda,2022,gdp_per_capita,1007.05989322914,World Bank WDI,2026-09-02
RWA,Rwanda,2021,gdp_per_capita,842.581492947672,World Bank WDI,2026-09-02
RWA,Rwanda,2020,gdp_per_capita,802.638686936204,World Bank WDI,2026-09-02
RWA,Rwanda,2019,gdp_per_capita,823.355304065304,World Bank WDI,2026-09-02
RWA,Rwanda,2018,gdp_per_capita,772.754982959354,World Bank WDI,2026-09-02
RWA,Rwanda,2017,gdp_per_capita,751.049039527547,World Bank WDI,2026-09-02
RWA,Rwanda,2016,gdp_per_capita,721.258515833094,World Bank WDI,2026-09-02
RWA,Rwanda,2015,gdp_per_capita,725.691418696952,World Bank WDI,2026-09-02
RWA,Rwanda,2014,gdp_per_capita,715.36808783393,World Bank WDI,2026-09-02
RWA,Rwanda,2013,gdp_per_capita,695.397140963607,World Bank WDI,2026-09-02
RWA,Rwanda,2012,gdp_per_capita,697.760143509565,World Bank WDI,2026-09-02
RWA,Rwanda,2011,gdp_per_capita,643.356138618166,World Bank WDI,2026-09-02
RWA,Rwanda,2010,gdp_per_capita,586.599950359877,World Bank WDI,2026-09-02
RWA,Rwanda,2009,gdp_per_capita,556.97399621739,World Bank WDI,2026-09-02
RWA,Rwanda,2008,gdp_per_capita,522.288339420679,World Bank WDI,2026-09-02
RWA,Rwanda,2007,gdp_per_capita,420.733580702508,World Bank WDI,2026-09-02
RWA,Rwanda,2006,gdp_per_capita,352.093916578347,World Bank WDI,2026-09-02
RWA,Rwanda,2005,gdp_per_capita,324.016863847189,World Bank WDI,2026-09-02
RWA,Rwanda,2004,gdp_per_capita,269.540446333402,World Bank WDI,2026-09-02
RWA,Rwanda,2003,gdp_per_capita,249.012274982252,World Bank WDI,2026-09-02
RWA,Rwanda,2002,gdp_per_capita,234.043016755733,World Bank WDI,2026-09-02
RWA,Rwanda,2001,gdp_per_capita,237.308846200901,World Bank WDI,2026-09-02
RWA,Rwanda,2000,gdp_per_capita,251.86926386091,World Bank WDI,2026-09-02
WSM,Samoa,2023,gdp_per_capita,4822.74084650019,World Bank WDI,2026-09-02
WSM,Samoa,2022,gdp_per_capita,4132.44717734444,World Bank WDI,2026-09-02
WSM,Samoa,2021,gdp_per_capita,4021.55934894283,World Bank WDI,2026-09-02
WSM,Samoa,2020,gdp_per_capita,4099.59660548583,World Bank WDI,2026-09-02
WSM,Samoa,2019,gdp_per_capita,4351.94234943706,World Bank WDI,2026-09-02
WSM,Samoa,2018,gdp_per_capita,4231.81409469194,World Bank WDI,2026-09-02
WSM,Samoa,2017,gdp_per_capita,4307.59381964907,World Bank WDI,2026-09-02
WSM,Samoa,2016,gdp_per_capita,4147.07097674888,World Bank WDI,2026-09-02
WSM,Samoa,2015,gdp_per_capita,4084.36083819933,World Bank WDI,2026-09-02
WSM,Samoa,2014,gdp_per_capita,3982.68080202084,World Bank WDI,2026-09-02
WSM,Samoa,2013,gdp_per_capita,4023.5254013825,World Bank WDI,2026-09-02
WSM,Samoa,2012,gdp_per_capita,3934.60320799981,World Bank WDI,2026-09-02
WSM,Samoa,2011,gdp_per_capita,3821.50678264479,World Bank WDI,2026-09-02
WSM,Samoa,2010,gdp_per_capita,3524.2479246203,World Bank WDI,2026-09-02
WSM,Samoa,2009,gdp_per_capita,3279.18269477295,World Bank WDI,2026-09-02
WSM,Samoa,2008,gdp_per_capita,3373.60639884263,World Bank WDI,2026-09-02
WSM,Samoa,2007,gdp_per_capita,3038.61904093377,World Bank WDI,2026-09-02
WSM,Samoa,2006,gdp_per_capita,2663.29135939532,World Bank WDI,2026-09-02
WSM,Samoa,2005,gdp_per_capita,2550.04221437511,World Bank WDI,2026-09-02
WSM,Samoa,2004,gdp_per_capita,2189.26042607992,World Bank WDI,2026-09-02
WSM,Samoa,2003,gdp_per_capita,1798.12429714048,World Bank WDI,2026-09-02
WSM,Samoa,2002,gdp_per_capita,1527.55790455937,World Bank WDI,2026-09-02
WSM,Samoa,2001,gdp_per_capita,1453.87021324606,World Bank WDI,2026-09-02
WSM,Samoa,2000,gdp_per_capita,1424.75240002471,World Bank WDI,2026-09-02
SMR,San Marino,2023,gdp_per_capita,59871.3288101478,World Bank WDI,2026-09-02
SMR,San Marino,2022,gdp_per_capita,54264.5837022908,World Bank WDI,2026-09-02
SMR,San Marino,2021,gdp_per_capita,54168.9744311193,World Bank WDI,2026-09-02
SMR,San Marino,2020,gdp_per_capita,44426.6259613672,World Bank WDI,2026-09-02
SMR,San Marino,2019,gdp_per_capita,46626.9998571568,World Bank WDI,2026-09-02
SMR,San Marino,2018,gdp_per_capita,47950.7076296808,World Bank WDI,2026-09-02
SMR,San Marino,2017,gdp_per_capita,45192.0530047599,World Bank WDI,2026-09-02
SMR,San Marino,2016,gdp_per_capita,44359.4574206971,World Bank WDI,2026-09-02
SMR,San Marino,2015,gdp_per_capita,43146.8035302005,World Bank WDI,2026-09-02
SMR,San Marino,2014,gdp_per_capita,51260.4804236805,World Bank WDI,2026-09-02
SMR,San Marino,2013,gdp_per_capita,50807.8206340193,World Bank WDI,2026-09-02
SMR,San Marino,2012,gdp_per_capita,47945.8917557105,World Bank WDI,2026-09-02
SMR,San Marino,2011,gdp_per_capita,55601.4008139955,World Bank WDI,2026-09-02
SMR,San Marino,2010,gdp_per_capita,56543.190562068,World Bank WDI,2026-09-02
SMR,San Marino,2009,gdp_per_capita,62429.0202738462,World Bank WDI,2026-09-02
SMR,San Marino,2008,gdp_per_capita,75902.1677701187,World Bank WDI,2026-09-02
SMR,San Marino,2007,gdp_per_capita,70124.4249984768,World Bank WDI,2026-09-02
SMR,San Marino,2006,gdp_per_capita,63270.7994496499,World Bank WDI,2026-09-02
SMR,San Marino,2005,gdp_per_capita,59877.7862692185,World Bank WDI,2026-09-02
SMR,San Marino,2004,gdp_per_capita,58232.0431338765,World Bank WDI,2026-09-02
SMR,San Marino,2003,gdp_per_capita,52529.9136967576,World Bank WDI,2026-09-02
SMR,San Marino,2002,gdp_per_capita,41790.8434204136,World Bank WDI,2026-09-02
SMR,San Marino,2001,gdp_per_capita,39035.1004348216,World Bank WDI,2026-09-02
SMR,San Marino,2000,gdp_per_capita,37600.7049136309,World Bank WDI,2026-09-02
STP,Sao Tome and Principe,2023,gdp_per_capita,2990.6606143535,World Bank WDI,2026-09-02
STP,Sao Tome and Principe,2022,gdp_per_capita,2389.73729784737,World Bank WDI,2026-09-02
STP,Sao Tome and Principe,2021,gdp_per_capita,2362.58827248102,World Bank WDI,2026-09-02
STP,Sao Tome and Principe,2020,gdp_per_capita,2167.22001796925,World Bank WDI,2026-09-02
STP,Sao Tome and Principe,2019,gdp_per_capita,1935.2931816596,World Bank WDI,2026-09-02
STP,Sao Tome and Principe,2018,gdp_per_capita,1825.59971753966,World Bank WDI,2026-09-02
STP,Sao Tome and Principe,2017,gdp_per_capita,1555.79477812888,World Bank WDI,2026-09-02
STP,Sao Tome and Principe,2016,gdp_per_capita,1434.87018050521,World Bank WDI,2026-09-02
STP,Sao Tome and Principe,2015,gdp_per_capita,1298.10946596396,World Bank WDI,2026-09-02
STP,Sao Tome and Principe,2014,gdp_per_capita,1489.67633417608,World Bank WDI,2026-09-02
STP,Sao Tome and Principe,2013,gdp_per_capita,1382.5757842916,World Bank WDI,2026-09-02
STP,Sao Tome and Principe,2012,gdp_per_capita,1210.7926479817,World Bank WDI,2026-09-02
STP,Sao Tome and Principe,2011,gdp_per_capita,1219.80189089671,World Bank WDI,2026-09-02
STP,Sao Tome and Principe,2010,gdp_per_capita,1045.20958234528,World Bank WDI,2026-09-02
STP,Sao Tome and Principe,2009,gdp_per_capita,1128.28046213305,World Bank WDI,2026-09-02
STP,Sao Tome and Principe,2008,gdp_per_capita,1081.8684584729,World Bank WDI,2026-09-02
STP,Sao Tome and Principe,2007,gdp_per_capita,878.885791918745,World Bank WDI,2026-09-02
STP,Sao Tome and Principe,2006,gdp_per_capita,861.970707697664,World Bank WDI,2026-09-02
STP,Sao Tome and Principe,2005,gdp_per_capita,844.169181884274,World Bank WDI,2026-09-02
STP,Sao Tome and Principe,2004,gdp_per_capita,726.560882130444,World Bank WDI,2026-09-02
STP,Sao Tome and Principe,2003,gdp_per_capita,663.696211810494,World Bank WDI,2026-09-02
STP,Sao Tome and Principe,2002,gdp_per_capita,568.10257252271,World Bank WDI,2026-09-02
STP,Sao Tome and Principe,2001,gdp_per_capita,518.88050130005,World Bank WDI,2026-09-02
STP,Sao Tome and Principe,2000,gdp_per_capita,529.089383412262,World Bank WDI,2026-09-02
SAU,Saudi Arabia,2023,gdp_per_capita,36156.8562500172,World Bank WDI,2026-09-02
SAU,Saudi Arabia,2022,gdp_per_capita,38510.2276211037,World Bank WDI,2026-09-02
SAU,Saudi Arabia,2021,gdp_per_capita,31920.7653655643,World Bank WDI,2026-09-02
SAU,Saudi Arabia,2020,gdp_per_capita,24338.8307301067,World Bank WDI,2026-09-02
SAU,Saudi Arabia,2019,gdp_per_capita,29566.7933827436,World Bank WDI,2026-09-02
SAU,Saudi Arabia,2018,gdp_per_capita,29360.0658968566,World Bank WDI,2026-09-02
SAU,Saudi Arabia,2017,gdp_per_capita,23929.2907135982,World Bank WDI,2026-09-02
SAU,Saudi Arabia,2016,gdp_per_capita,22267.7217050387,World Bank WDI,2026-09-02
SAU,Saudi Arabia,2015,gdp_per_capita,23256.1549553531,World Bank WDI,2026-09-02
SAU,Saudi Arabia,2014,gdp_per_capita,27805.4850319422,World Bank WDI,2026-09-02
SAU,Saudi Arabia,2013,gdp_per_capita,27865.465604962,World Bank WDI,2026-09-02
SAU,Saudi Arabia,2012,gdp_per_capita,28733.4375513452,World Bank WDI,2026-09-02
SAU,Saudi Arabia,2011,gdp_per_capita,27126.7498747702,World Bank WDI,2026-09-02
SAU,Saudi Arabia,2010,gdp_per_capita,22028.3901426586,World Bank WDI,2026-09-02
SAU,Saudi Arabia,2009,gdp_per_capita,17718.3911648365,World Bank WDI,2026-09-02
SAU,Saudi Arabia,2008,gdp_per_capita,22320.4888964331,World Bank WDI,2026-09-02
SAU,Saudi Arabia,2007,gdp_per_capita,18596.1502627898,World Bank WDI,2026-09-02
SAU,Saudi Arabia,2006,gdp_per_capita,17563.6145370639,World Bank WDI,2026-09-02
SAU,Saudi Arabia,2005,gdp_per_capita,15975.7473782258,World Bank WDI,2026-09-02
SAU,Saudi Arabia,2004,gdp_per_capita,13154.4978989446,World Bank WDI,2026-09-02
SAU,Saudi Arabia,2003,gdp_per_capita,11487.220410693,World Bank WDI,2026-09-02
SAU,Saudi Arabia,2002,gdp_per_capita,10586.0543471363,World Bank WDI,2026-09-02
SAU,Saudi Arabia,2001,gdp_per_capita,10805.311325122,World Bank WDI,2026-09-02
SAU,Saudi Arabia,2000,gdp_per_capita,11714.5623675159,World Bank WDI,2026-09-02
SEN,Senegal,2023,gdp_per_capita,1698.03387300843,World Bank WDI,2026-09-02
SEN,Senegal,2022,gdp_per_capita,1574.0281059306,World Bank WDI,2026-09-02
SEN,Senegal,2021,gdp_per_capita,1598.10676952274,World Bank WDI,2026-09-02
SEN,Senegal,2020,gdp_per_capita,1461.08720350553,World Bank WDI,2026-09-02
SEN,Senegal,2019,gdp_per_capita,1431.18128932159,World Bank WDI,2026-09-02
SEN,Senegal,2018,gdp_per_capita,1452.55612562445,World Bank WDI,2026-09-02
SEN,Senegal,2017,gdp_per_capita,1354.77007193387,World Bank WDI,2026-09-02
SEN,Senegal,2016,gdp_per_capita,1266.43957151587,World Bank WDI,2026-09-02
SEN,Senegal,2015,gdp_per_capita,1218.00613555438,World Bank WDI,2026-09-02
SEN,Senegal,2014,gdp_per_capita,1398.89137601382,World Bank WDI,2026-09-02
SEN,Senegal,2013,gdp_per_capita,1379.83196553924,World Bank WDI,2026-09-02
SEN,Senegal,2012,gdp_per_capita,1326.83798848379,World Bank WDI,2026-09-02
SEN,Senegal,2011,gdp_per_capita,1374.67591873844,World Bank WDI,2026-09-02
SEN,Senegal,2010,gdp_per_capita,1275.88357492357,World Bank WDI,2026-09-02
SEN,Senegal,2009,gdp_per_capita,1308.69404336205,World Bank WDI,2026-09-02
SEN,Senegal,2008,gdp_per_capita,1398.79218010021,World Bank WDI,2026-09-02
SEN,Senegal,2007,gdp_per_capita,1188.93877808175,World Bank WDI,2026-09-02
SEN,Senegal,2006,gdp_per_capita,1017.20196747987,World Bank WDI,2026-09-02
SEN,Senegal,2005,gdp_per_capita,979.846101520171,World Bank WDI,2026-09-02
SEN,Senegal,2004,gdp_per_capita,918.102079522155,World Bank WDI,2026-09-02
SEN,Senegal,2003,gdp_per_capita,817.888034221442,World Bank WDI,2026-09-02
SEN,Senegal,2002,gdp_per_capita,669.430447319209,World Bank WDI,2026-09-02
SEN,Senegal,2001,gdp_per_capita,637.213530563724,World Bank WDI,2026-09-02
SEN,Senegal,2000,gdp_per_capita,603.233162455158,World Bank WDI,2026-09-02
SRB,Serbia,2023,gdp_per_capita,12281.707946167,World Bank WDI,2026-09-02
SRB,Serbia,2022,gdp_per_capita,10024.8191112596,World Bank WDI,2026-09-02
SRB,Serbia,2021,gdp_per_capita,9680.52798074468,World Bank WDI,2026-09-02
SRB,Serbia,2020,gdp_per_capita,8098.70955668849,World Bank WDI,2026-09-02
SRB,Serbia,2019,gdp_per_capita,7755.632986437,World Bank WDI,2026-09-02
SRB,Serbia,2018,gdp_per_capita,7559.86165747394,World Bank WDI,2026-09-02
SRB,Serbia,2017,gdp_per_capita,6548.03653824187,World Bank WDI,2026-09-02
SRB,Serbia,2016,gdp_per_capita,5982.37030126471,World Bank WDI,2026-09-02
SRB,Serbia,2015,gdp_per_capita,5820.3215576888,World Bank WDI,2026-09-02
SRB,Serbia,2014,gdp_per_capita,6886.67809068704,World Bank WDI,2026-09-02
SRB,Serbia,2013,gdp_per_capita,7040.41812068781,World Bank WDI,2026-09-02
SRB,Serbia,2012,gdp_per_capita,6263.04086072815,World Bank WDI,2026-09-02
SRB,Serbia,2011,gdp_per_capita,7082.2861666075,World Bank WDI,2026-09-02
SRB,Serbia,2010,gdp_per_capita,5970.92660940072,World Bank WDI,2026-09-02
SRB,Serbia,2009,gdp_per_capita,6414.0448463847,World Bank WDI,2026-09-02
SRB,Serbia,2008,gdp_per_capita,7376.73517910716,World Bank WDI,2026-09-02
SRB,Serbia,2007,gdp_per_capita,6081.08765700202,World Bank WDI,2026-09-02
SRB,Serbia,2006,gdp_per_capita,4492.7136699046,World Bank WDI,2026-09-02
SRB,Serbia,2005,gdp_per_capita,3807.97417321786,World Bank WDI,2026-09-02
SRB,Serbia,2004,gdp_per_capita,3597.08798057009,World Bank WDI,2026-09-02
SRB,Serbia,2003,gdp_per_capita,3153.9011312754,World Bank WDI,2026-09-02
SRB,Serbia,2002,gdp_per_capita,2390.73459447107,World Bank WDI,2026-09-02
SRB,Serbia,2001,gdp_per_capita,1812.42088281393,World Bank WDI,2026-09-02
SRB,Serbia,2000,gdp_per_capita,974.725469278615,World Bank WDI,2026-09-02
SYC,Seychelles,2023,gdp_per_capita,18130.5297135548,World Bank WDI,2026-09-02
SYC,Seychelles,2022,gdp_per_capita,16682.6990711785,World Bank WDI,2026-09-02
SYC,Seychelles,2021,gdp_per_capita,14982.9111487767,World Bank WDI,2026-09-02
SYC,Seychelles,2020,gdp_per_capita,14041.4754074575,World Bank WDI,2026-09-02
SYC,Seychelles,2019,gdp_per_capita,19141.5118743615,World Bank WDI,2026-09-02
SYC,Seychelles,2018,gdp_per_capita,18440.2340460932,World Bank WDI,2026-09-02
SYC,Seychelles,2017,gdp_per_capita,17480.3651911372,World Bank WDI,2026-09-02
SYC,Seychelles,2016,gdp_per_capita,16566.9946042294,World Bank WDI,2026-09-02
SYC,Seychelles,2015,gdp_per_capita,15333.1051727105,World Bank WDI,2026-09-02
SYC,Seychelles,2014,gdp_per_capita,15188.1902175113,World Bank WDI,2026-09-02
SYC,Seychelles,2013,gdp_per_capita,14821.2921476077,World Bank WDI,2026-09-02
SYC,Seychelles,2012,gdp_per_capita,12337.1554669388,World Bank WDI,2026-09-02
SYC,Seychelles,2011,gdp_per_capita,12110.0937461973,World Bank WDI,2026-09-02
SYC,Seychelles,2010,gdp_per_capita,10934.79494629,World Bank WDI,2026-09-02
SYC,Seychelles,2009,gdp_per_capita,9747.09180546291,World Bank WDI,2026-09-02
SYC,Seychelles,2008,gdp_per_capita,11265.4376270005,World Bank WDI,2026-09-02
SYC,Seychelles,2007,gdp_per_capita,12669.3026687222,World Bank WDI,2026-09-02
SYC,Seychelles,2006,gdp_per_capita,12782.9938926475,World Bank WDI,2026-09-02
SYC,Seychelles,2005,gdp_per_capita,11802.1118276833,World Bank WDI,2026-09-02
SYC,Seychelles,2004,gdp_per_capita,10827.671636033,World Bank WDI,2026-09-02
SYC,Seychelles,2003,gdp_per_capita,9070.28460757013,World Bank WDI,2026-09-02
SYC,Seychelles,2002,gdp_per_capita,8864.16919495467,World Bank WDI,2026-09-02
SYC,Seychelles,2001,gdp_per_capita,8153.2986369879,World Bank WDI,2026-09-02
SYC,Seychelles,2000,gdp_per_capita,8063.65500575169,World Bank WDI,2026-09-02
SLE,Sierra Leone,2023,gdp_per_capita,758.329137301888,World Bank WDI,2026-09-02
SLE,Sierra Leone,2022,gdp_per_capita,860.371067874555,World Bank WDI,2026-09-02
SLE,Sierra Leone,2021,gdp_per_capita,885.396401613729,World Bank WDI,2026-09-02
SLE,Sierra Leone,2020,gdp_per_capita,845.277558236182,World Bank WDI,2026-09-02
SLE,Sierra Leone,2019,gdp_per_capita,843.71251730417,World Bank WDI,2026-09-02
SLE,Sierra Leone,2018,gdp_per_capita,845.914540460932,World Bank WDI,2026-09-02
SLE,Sierra Leone,2017,gdp_per_capita,779.186007841728,World Bank WDI,2026-09-02
SLE,Sierra Leone,2016,gdp_per_capita,844.416411175476,World Bank WDI,2026-09-02
SLE,Sierra Leone,2015,gdp_per_capita,964.575980888989,World Bank WDI,2026-09-02
SLE,Sierra Leone,2014,gdp_per_capita,1117.7586465721,World Bank WDI,2026-09-02
SLE,Sierra Leone,2013,gdp_per_capita,1117.47183075115,World Bank WDI,2026-09-02
SLE,Sierra Leone,2012,gdp_per_capita,937.504428180231,World Bank WDI,2026-09-02
SLE,Sierra Leone,2011,gdp_per_capita,761.146365577281,World Bank WDI,2026-09-02
SLE,Sierra Leone,2010,gdp_per_capita,685.039673490948,World Bank WDI,2026-09-02
SLE,Sierra Leone,2009,gdp_per_capita,652.845806767943,World Bank WDI,2026-09-02
SLE,Sierra Leone,2008,gdp_per_capita,705.359014080005,World Bank WDI,2026-09-02
SLE,Sierra Leone,2007,gdp_per_capita,631.889926264998,World Bank WDI,2026-09-02
SLE,Sierra Leone,2006,gdp_per_capita,580.26796974773,World Bank WDI,2026-09-02
SLE,Sierra Leone,2005,gdp_per_capita,462.633324427945,World Bank WDI,2026-09-02
SLE,Sierra Leone,2004,gdp_per_capita,417.749983329227,World Bank WDI,2026-09-02
SLE,Sierra Leone,2003,gdp_per_capita,413.817607346927,World Bank WDI,2026-09-02
SLE,Sierra Leone,2002,gdp_per_capita,388.995111216836,World Bank WDI,2026-09-02
SLE,Sierra Leone,2001,gdp_per_capita,358.315716051546,World Bank WDI,2026-09-02
SLE,Sierra Leone,2000,gdp_per_capita,143.743743239644,World Bank WDI,2026-09-02
SGP,Singapore,2023,gdp_per_capita,86382.5900499252,World Bank WDI,2026-09-02
SGP,Singapore,2022,gdp_per_capita,91227.6970426492,World Bank WDI,2026-09-02
SGP,Singapore,2021,gdp_per_capita,80884.8565369236,World Bank WDI,2026-09-02
SGP,Singapore,2020,gdp_per_capita,61772.5036492256,World Bank WDI,2026-09-02
SGP,Singapore,2019,gdp_per_capita,66068.7003106378,World Bank WDI,2026-09-02
SGP,Singapore,2018,gdp_per_capita,67032.8225769734,World Bank WDI,2026-09-02
SGP,Singapore,2017,gdp_per_capita,61436.1325502558,World Bank WDI,2026-09-02
SGP,Singapore,2016,gdp_per_capita,57204.0340105222,World Bank WDI,2026-09-02
SGP,Singapore,2015,gdp_per_capita,55645.6068614606,World Bank WDI,2026-09-02
SGP,Singapore,2014,gdp_per_capita,57564.8023114977,World Bank WDI,2026-09-02
SGP,Singapore,2013,gdp_per_capita,56967.4257940383,World Bank WDI,2026-09-02
SGP,Singapore,2012,gdp_per_capita,55547.5553077786,World Bank WDI,2026-09-02
SGP,Singapore,2011,gdp_per_capita,53891.4570264372,World Bank WDI,2026-09-02
SGP,Singapore,2010,gdp_per_capita,47236.683084953,World Bank WDI,2026-09-02
SGP,Singapore,2009,gdp_per_capita,38926.8054365453,World Bank WDI,2026-09-02
SGP,Singapore,2008,gdp_per_capita,40008.5720489092,World Bank WDI,2026-09-02
SGP,Singapore,2007,gdp_per_capita,39432.8860198877,World Bank WDI,2026-09-02
SGP,Singapore,2006,gdp_per_capita,33768.4528234651,World Bank WDI,2026-09-02
SGP,Singapore,2005,gdp_per_capita,29961.3172812732,World Bank WDI,2026-09-02
SGP,Singapore,2004,gdp_per_capita,27608.080013423,World Bank WDI,2026-09-02
SGP,Singapore,2003,gdp_per_capita,23730.3840054566,World Bank WDI,2026-09-02
SGP,Singapore,2002,gdp_per_capita,22159.8373710639,World Bank WDI,2026-09-02
SGP,Singapore,2001,gdp_per_capita,21699.7414868907,World Bank WDI,2026-09-02
SGP,Singapore,2000,gdp_per_capita,23852.8389514753,World Bank WDI,2026-09-02
SXM,Sint Maarten (Dutch part),2023,gdp_per_capita,39451.822911732,World Bank WDI,2026-09-02
SXM,Sint Maarten (Dutch part),2022,gdp_per_capita,37793.1283815826,World Bank WDI,2026-09-02
SXM,Sint Maarten (Dutch part),2021,gdp_per_capita,32548.4366854902,World Bank WDI,2026-09-02
SXM,Sint Maarten (Dutch part),2020,gdp_per_capita,30150.8998380477,World Bank WDI,2026-09-02
SXM,Sint Maarten (Dutch part),2019,gdp_per_capita,34861.469528968,World Bank WDI,2026-09-02
SXM,Sint Maarten (Dutch part),2018,gdp_per_capita,31708.3110124742,World Bank WDI,2026-09-02
SXM,Sint Maarten (Dutch part),2017,gdp_per_capita,34701.3058494468,World Bank WDI,2026-09-02
SXM,Sint Maarten (Dutch part),2016,gdp_per_capita,37308.6147795736,World Bank WDI,2026-09-02
SXM,Sint Maarten (Dutch part),2015,gdp_per_capita,37839.6283815163,World Bank WDI,2026-09-02
SXM,Sint Maarten (Dutch part),2014,gdp_per_capita,37134.912423099,World Bank WDI,2026-09-02
SXM,Sint Maarten (Dutch part),2013,gdp_per_capita,28529.7324687053,World Bank WDI,2026-09-02
SXM,Sint Maarten (Dutch part),2012,gdp_per_capita,28149.0997855041,World Bank WDI,2026-09-02
SXM,Sint Maarten (Dutch part),2011,gdp_per_capita,27317.5178881974,World Bank WDI,2026-09-02
SXM,Sint Maarten (Dutch part),2010,gdp_per_capita,26403.8143692163,World Bank WDI,2026-09-02
SXM,Sint Maarten (Dutch part),2009,gdp_per_capita,25528.412619483,World Bank WDI,2026-09-02
SVK,Slovak Republic,2023,gdp_per_capita,24614.8734642794,World Bank WDI,2026-09-02
SVK,Slovak Republic,2022,gdp_per_capita,21317.7943982363,World Bank WDI,2026-09-02
SVK,Slovak Republic,2021,gdp_per_capita,22123.3342114545,World Bank WDI,2026-09-02
SVK,Slovak Republic,2020,gdp_per_capita,19735.4858280801,World Bank WDI,2026-09-02
SVK,Slovak Republic,2019,gdp_per_capita,19406.0589683582,World Bank WDI,2026-09-02
SVK,Slovak Republic,2018,gdp_per_capita,19573.3717031314,World Bank WDI,2026-09-02
SVK,Slovak Republic,2017,gdp_per_capita,17645.5298716761,World Bank WDI,2026-09-02
SVK,Slovak Republic,2016,gdp_per_capita,16636.0769133073,World Bank WDI,2026-09-02
SVK,Slovak Republic,2015,gdp_per_capita,16442.0760860018,World Bank WDI,2026-09-02
SVK,Slovak Republic,2014,gdp_per_capita,18770.9289896545,World Bank WDI,2026-09-02
SVK,Slovak Republic,2013,gdp_per_capita,18312.7805149823,World Bank WDI,2026-09-02
SVK,Slovak Republic,2012,gdp_per_capita,17516.9691054078,World Bank WDI,2026-09-02
SVK,Slovak Republic,2011,gdp_per_capita,18469.4354316836,World Bank WDI,2026-09-02
SVK,Slovak Republic,2010,gdp_per_capita,16899.448680529,World Bank WDI,2026-09-02
SVK,Slovak Republic,2009,gdp_per_capita,16586.7527805228,World Bank WDI,2026-09-02
SVK,Slovak Republic,2008,gdp_per_capita,17973.8436435514,World Bank WDI,2026-09-02
SVK,Slovak Republic,2007,gdp_per_capita,14330.2064943926,World Bank WDI,2026-09-02
SVK,Slovak Republic,2006,gdp_per_capita,10629.1782325838,World Bank WDI,2026-09-02
SVK,Slovak Republic,2005,gdp_per_capita,9087.20357002472,World Bank WDI,2026-09-02
SVK,Slovak Republic,2004,gdp_per_capita,7996.74076556872,World Bank WDI,2026-09-02
SVK,Slovak Republic,2003,gdp_per_capita,6283.15169311309,World Bank WDI,2026-09-02
SVK,Slovak Republic,2002,gdp_per_capita,4606.38793538107,World Bank WDI,2026-09-02
SVK,Slovak Republic,2001,gdp_per_capita,3974.36802854653,World Bank WDI,2026-09-02
SVK,Slovak Republic,2000,gdp_per_capita,3827.72506501314,World Bank WDI,2026-09-02
SVN,Slovenia,2023,gdp_per_capita,32660.4753581346,World Bank WDI,2026-09-02
SVN,Slovenia,2022,gdp_per_capita,28360.3041467268,World Bank WDI,2026-09-02
SVN,Slovenia,2021,gdp_per_capita,29192.8401933019,World Bank WDI,2026-09-02
SVN,Slovenia,2020,gdp_per_capita,25392.0651093612,World Bank WDI,2026-09-02
SVN,Slovenia,2019,gdp_per_capita,25814.1687167572,World Bank WDI,2026-09-02
SVN,Slovenia,2018,gdp_per_capita,25888.0481065655,World Bank WDI,2026-09-02
SVN,Slovenia,2017,gdp_per_capita,23303.077705959,World Bank WDI,2026-09-02
SVN,Slovenia,2016,gdp_per_capita,21447.8377796036,World Bank WDI,2026-09-02
SVN,Slovenia,2015,gdp_per_capita,20697.2748530619,World Bank WDI,2026-09-02
SVN,Slovenia,2014,gdp_per_capita,24013.0682060959,World Bank WDI,2026-09-02
SVN,Slovenia,2013,gdp_per_capita,23236.9655321695,World Bank WDI,2026-09-02
SVN,Slovenia,2012,gdp_per_capita,22442.1417859955,World Bank WDI,2026-09-02
SVN,Slovenia,2011,gdp_per_capita,24940.6284841605,World Bank WDI,2026-09-02
SVN,Slovenia,2010,gdp_per_capita,23329.8417691156,World Bank WDI,2026-09-02
SVN,Slovenia,2009,gdp_per_capita,24501.7897290425,World Bank WDI,2026-09-02
SVN,Slovenia,2008,gdp_per_capita,27461.9764165315,World Bank WDI,2026-09-02
SVN,Slovenia,2007,gdp_per_capita,23725.1596001515,World Bank WDI,2026-09-02
SVN,Slovenia,2006,gdp_per_capita,19563.005059144,World Bank WDI,2026-09-02
SVN,Slovenia,2005,gdp_per_capita,17969.7095907161,World Bank WDI,2026-09-02
SVN,Slovenia,2004,gdp_per_capita,17103.8297783905,World Bank WDI,2026-09-02
SVN,Slovenia,2003,gdp_per_capita,14711.674874253,World Bank WDI,2026-09-02
SVN,Slovenia,2002,gdp_per_capita,11639.1297780477,World Bank WDI,2026-09-02
SVN,Slovenia,2001,gdp_per_capita,10375.6255869861,World Bank WDI,2026-09-02
SVN,Slovenia,2000,gdp_per_capita,10135.7219109212,World Bank WDI,2026-09-02
SLB,Solomon Islands,2023,gdp_per_capita,1882.64394148042,World Bank WDI,2026-09-02
SLB,Solomon Islands,2022,gdp_per_capita,1877.78104490956,World Bank WDI,2026-09-02
SLB,Solomon Islands,2021,gdp_per_capita,2043.44413170658,World Bank WDI,2026-09-02
SLB,Solomon Islands,2020,gdp_per_capita,2063.32780991967,World Bank WDI,2026-09-02
SLB,Solomon Islands,2019,gdp_per_capita,2223.65890942466,World Bank WDI,2026-09-02
SLB,Solomon Islands,2018,gdp_per_capita,2278.19908624102,World Bank WDI,2026-09-02
SLB,Solomon Islands,2017,gdp_per_capita,2143.57670489272,World Bank WDI,2026-09-02
SLB,Solomon Islands,2016,gdp_per_capita,2082.62383124213,World Bank WDI,2026-09-02
SLB,Solomon Islands,2015,gdp_per_capita,2045.47721526649,World Bank WDI,2026-09-02
SLB,Solomon Islands,2014,gdp_per_capita,2164.95289873002,World Bank WDI,2026-09-02
SLB,Solomon Islands,2013,gdp_per_capita,2161.38627543917,World Bank WDI,2026-09-02
SLB,Solomon Islands,2012,gdp_per_capita,2066.25738638356,World Bank WDI,2026-09-02
SLB,Solomon Islands,2011,gdp_per_capita,1924.05795643133,World Bank WDI,2026-09-02
SLB,Solomon Islands,2010,gdp_per_capita,1685.14535823757,World Bank WDI,2026-09-02
SLB,Solomon Islands,2009,gdp_per_capita,1554.70671006386,World Bank WDI,2026-09-02
SLB,Solomon Islands,2008,gdp_per_capita,1525.84666261203,World Bank WDI,2026-09-02
SLB,Solomon Islands,2007,gdp_per_capita,1390.14870956707,World Bank WDI,2026-09-02
SLB,Solomon Islands,2006,gdp_per_capita,1255.62447417684,World Bank WDI,2026-09-02
SLB,Solomon Islands,2005,gdp_per_capita,1144.49233397681,World Bank WDI,2026-09-02
SLB,Solomon Islands,2004,gdp_per_capita,986.070953503889,World Bank WDI,2026-09-02
SLB,Solomon Islands,2003,gdp_per_capita,895.984242546501,World Bank WDI,2026-09-02
SLB,Solomon Islands,2002,gdp_per_capita,756.890296490792,World Bank WDI,2026-09-02
SLB,Solomon Islands,2001,gdp_per_capita,911.791935385411,World Bank WDI,2026-09-02
SLB,Solomon Islands,2000,gdp_per_capita,953.17190137706,World Bank WDI,2026-09-02
SOM,"Somalia, Fed. Rep.",2023,gdp_per_capita,596.885985135589,World Bank WDI,2026-09-02
SOM,"Somalia, Fed. Rep.",2022,gdp_per_capita,573.141165798229,World Bank WDI,2026-09-02
SOM,"Somalia, Fed. Rep.",2021,gdp_per_capita,549.056994756254,World Bank WDI,2026-09-02
SOM,"Somalia, Fed. Rep.",2020,gdp_per_capita,518.16113333875,World Bank WDI,2026-09-02
SOM,"Somalia, Fed. Rep.",2019,gdp_per_capita,539.954816211694,World Bank WDI,2026-09-02
SOM,"Somalia, Fed. Rep.",2018,gdp_per_capita,509.497273804534,World Bank WDI,2026-09-02
SOM,"Somalia, Fed. Rep.",2017,gdp_per_capita,510.939952317726,World Bank WDI,2026-09-02
SOM,"Somalia, Fed. Rep.",2016,gdp_per_capita,460.928490585175,World Bank WDI,2026-09-02
SOM,"Somalia, Fed. Rep.",2015,gdp_per_capita,445.583080073396,World Bank WDI,2026-09-02
SOM,"Somalia, Fed. Rep.",2014,gdp_per_capita,429.431656725102,World Bank WDI,2026-09-02
SOM,"Somalia, Fed. Rep.",2013,gdp_per_capita,393.398703952979,World Bank WDI,2026-09-02
SOM,"Somalia, Fed. Rep.",2012,gdp_per_capita,350.261946720512,World Bank WDI,2026-09-02
SOM,"Somalia, Fed. Rep.",2011,gdp_per_capita,235.325945610434,World Bank WDI,2026-09-02
SOM,"Somalia, Fed. Rep.",2010,gdp_per_capita,219.202453852397,World Bank WDI,2026-09-02
SOM,"Somalia, Fed. Rep.",2009,gdp_per_capita,246.513251675105,World Bank WDI,2026-09-02
SOM,"Somalia, Fed. Rep.",2008,gdp_per_capita,507.03744334738,World Bank WDI,2026-09-02
SOM,"Somalia, Fed. Rep.",2007,gdp_per_capita,479.635628065289,World Bank WDI,2026-09-02
SOM,"Somalia, Fed. Rep.",2006,gdp_per_capita,457.996662206659,World Bank WDI,2026-09-02
SOM,"Somalia, Fed. Rep.",2005,gdp_per_capita,439.979907805478,World Bank WDI,2026-09-02
SOM,"Somalia, Fed. Rep.",2004,gdp_per_capita,375.410326225387,World Bank WDI,2026-09-02
SOM,"Somalia, Fed. Rep.",2003,gdp_per_capita,286.273025198975,World Bank WDI,2026-09-02
SOM,"Somalia, Fed. Rep.",2002,gdp_per_capita,229.598918310039,World Bank WDI,2026-09-02
SOM,"Somalia, Fed. Rep.",2001,gdp_per_capita,244.914842538455,World Bank WDI,2026-09-02
SOM,"Somalia, Fed. Rep.",2000,gdp_per_capita,386.119274401275,World Bank WDI,2026-09-02
ZAF,South Africa,2023,gdp_per_capita,6034.27208964673,World Bank WDI,2026-09-02
ZAF,South Africa,2022,gdp_per_capita,6534.24867783397,World Bank WDI,2026-09-02
ZAF,South Africa,2021,gdp_per_capita,6828.75624590017,World Bank WDI,2026-09-02
ZAF,South Africa,2020,gdp_per_capita,5580.60383075189,World Bank WDI,2026-09-02
ZAF,South Africa,2019,gdp_per_capita,6533.71121032856,World Bank WDI,2026-09-02
ZAF,South Africa,2018,gdp_per_capita,6914.1780318076,World Bank WDI,2026-09-02
ZAF,South Africa,2017,gdp_per_capita,6618.33508255701,World Bank WDI,2026-09-02
ZAF,South Africa,2016,gdp_per_capita,5651.20585165749,World Bank WDI,2026-09-02
ZAF,South Africa,2015,gdp_per_capita,6112.27382485974,World Bank WDI,2026-09-02
ZAF,South Africa,2014,gdp_per_capita,6856.73137092522,World Bank WDI,2026-09-02
ZAF,South Africa,2013,gdp_per_capita,7331.65467384919,World Bank WDI,2026-09-02
ZAF,South Africa,2012,gdp_per_capita,8076.97678479741,World Bank WDI,2026-09-02
ZAF,South Africa,2011,gdp_per_capita,8646.05571071635,World Bank WDI,2026-09-02
ZAF,South Africa,2010,gdp_per_capita,7973.47195771517,World Bank WDI,2026-09-02
ZAF,South Africa,2009,gdp_per_capita,6374.70560042992,World Bank WDI,2026-09-02
ZAF,South Africa,2008,gdp_per_capita,6184.75474328399,World Bank WDI,2026-09-02
ZAF,South Africa,2007,gdp_per_capita,6591.85535960564,World Bank WDI,2026-09-02
ZAF,South Africa,2006,gdp_per_capita,6077.38293388876,World Bank WDI,2026-09-02
ZAF,South Africa,2005,gdp_per_capita,5836.87663325127,World Bank WDI,2026-09-02
ZAF,South Africa,2004,gdp_per_capita,5221.46333731721,World Bank WDI,2026-09-02
ZAF,South Africa,2003,gdp_per_capita,4062.21755993786,World Bank WDI,2026-09-02
ZAF,South Africa,2002,gdp_per_capita,2688.23676032806,World Bank WDI,2026-09-02
ZAF,South Africa,2001,gdp_per_capita,2847.15191945908,World Bank WDI,2026-09-02
ZAF,South Africa,2000,gdp_per_capita,3217.84693448467,World Bank WDI,2026-09-02
SSD,South Sudan,2015,gdp_per_capita,1080.14718624765,World Bank WDI,2026-09-02
SSD,South Sudan,2014,gdp_per_capita,1242.73450181032,World Bank WDI,2026-09-02
SSD,South Sudan,2013,gdp_per_capita,1650.18943353528,World Bank WDI,2026-09-02
SSD,South Sudan,2012,gdp_per_capita,1109.26050083408,World Bank WDI,2026-09-02
SSD,South Sudan,2011,gdp_per_capita,1448.98435006408,World Bank WDI,2026-09-02
SSD,South Sudan,2010,gdp_per_capita,1498.27034985194,World Bank WDI,2026-09-02
SSD,South Sudan,2009,gdp_per_capita,1323.22068747862,World Bank WDI,2026-09-02
SSD,South Sudan,2008,gdp_per_capita,1654.21153546555,World Bank WDI,2026-09-02
ESP,Spain,2023,gdp_per_capita,33493.2225409111,World Bank WDI,2026-09-02
ESP,Spain,2022,gdp_per_capita,30319.4987196616,World Bank WDI,2026-09-02
ESP,Spain,2021,gdp_per_capita,30799.4775937775,World Bank WDI,2026-09-02
ESP,Spain,2020,gdp_per_capita,27233.9426461608,World Bank WDI,2026-09-02
ESP,Spain,2019,gdp_per_capita,29786.5245689007,World Bank WDI,2026-09-02
ESP,Spain,2018,gdp_per_capita,30602.4212881113,World Bank WDI,2026-09-02
ESP,Spain,2017,gdp_per_capita,28381.3425596906,World Bank WDI,2026-09-02
ESP,Spain,2016,gdp_per_capita,26755.6061149398,World Bank WDI,2026-09-02
ESP,Spain,2015,gdp_per_capita,25982.4416197775,World Bank WDI,2026-09-02
ESP,Spain,2014,gdp_per_capita,29707.765509467,World Bank WDI,2026-09-02
ESP,Spain,2013,gdp_per_capita,29228.846559842,World Bank WDI,2026-09-02
ESP,Spain,2012,gdp_per_capita,28456.4438151477,World Bank WDI,2026-09-02
ESP,Spain,2011,gdp_per_capita,31824.6219134777,World Bank WDI,2026-09-02
ESP,Spain,2010,gdp_per_capita,30658.7422282912,World Bank WDI,2026-09-02
ESP,Spain,2009,gdp_per_capita,32279.8208476151,World Bank WDI,2026-09-02
ESP,Spain,2008,gdp_per_capita,35603.248328071,World Bank WDI,2026-09-02
ESP,Spain,2007,gdp_per_capita,32652.015594702,World Bank WDI,2026-09-02
ESP,Spain,2006,gdp_per_capita,28421.686527407,World Bank WDI,2026-09-02
ESP,Spain,2005,gdp_per_capita,26450.9530130382,World Bank WDI,2026-09-02
ESP,Spain,2004,gdp_per_capita,24925.0267844576,World Bank WDI,2026-09-02
ESP,Spain,2003,gdp_per_capita,21522.0170990262,World Bank WDI,2026-09-02
ESP,Spain,2002,gdp_per_capita,17111.0685058941,World Bank WDI,2026-09-02
ESP,Spain,2001,gdp_per_capita,15368.2337984435,World Bank WDI,2026-09-02
ESP,Spain,2000,gdp_per_capita,14743.2671031455,World Bank WDI,2026-09-02
LKA,Sri Lanka,2023,gdp_per_capita,3815.41531767474,World Bank WDI,2026-09-02
LKA,Sri Lanka,2022,gdp_per_capita,3342.63650438046,World Bank WDI,2026-09-02
LKA,Sri Lanka,2021,gdp_per_capita,3996.96240531688,World Bank WDI,2026-09-02
LKA,Sri Lanka,2020,gdp_per_capita,3847.60136741182,World Bank WDI,2026-09-02
LKA,Sri Lanka,2019,gdp_per_capita,4081.94772178134,World Bank WDI,2026-09-02
LKA,Sri Lanka,2018,gdp_per_capita,4358.56095905888,World Bank WDI,2026-09-02
LKA,Sri Lanka,2017,gdp_per_capita,4398.88828786059,World Bank WDI,2026-09-02
LKA,Sri Lanka,2016,gdp_per_capita,4149.19189391879,World Bank WDI,2026-09-02
LKA,Sri Lanka,2015,gdp_per_capita,4057.71582716521,World Bank WDI,2026-09-02
LKA,Sri Lanka,2014,gdp_per_capita,3972.04377042271,World Bank WDI,2026-09-02
LKA,Sri Lanka,2013,gdp_per_capita,3739.43182292825,World Bank WDI,2026-09-02
LKA,Sri Lanka,2012,gdp_per_capita,3327.77612404326,World Bank WDI,2026-09-02
LKA,Sri Lanka,2011,gdp_per_capita,3224.95745082305,World Bank WDI,2026-09-02
LKA,Sri Lanka,2010,gdp_per_capita,2808.36245207687,World Bank WDI,2026-09-02
LKA,Sri Lanka,2009,gdp_per_capita,2026.65939950702,World Bank WDI,2026-09-02
LKA,Sri Lanka,2008,gdp_per_capita,1973.58476901287,World Bank WDI,2026-09-02
LKA,Sri Lanka,2007,gdp_per_capita,1578.63451125392,World Bank WDI,2026-09-02
LKA,Sri Lanka,2006,gdp_per_capita,1388.89739119932,World Bank WDI,2026-09-02
LKA,Sri Lanka,2005,gdp_per_capita,1207.21994764165,World Bank WDI,2026-09-02
LKA,Sri Lanka,2004,gdp_per_capita,1028.62068132555,World Bank WDI,2026-09-02
LKA,Sri Lanka,2003,gdp_per_capita,946.382255128072,World Bank WDI,2026-09-02
LKA,Sri Lanka,2002,gdp_per_capita,834.936014905338,World Bank WDI,2026-09-02
LKA,Sri Lanka,2001,gdp_per_capita,803.544026627385,World Bank WDI,2026-09-02
LKA,Sri Lanka,2000,gdp_per_capita,860.199884304769,World Bank WDI,2026-09-02
KNA,St. Kitts and Nevis,2023,gdp_per_capita,22576.9248439166,World Bank WDI,2026-09-02
KNA,St. Kitts and Nevis,2022,gdp_per_capita,21011.5744209816,World Bank WDI,2026-09-02
KNA,St. Kitts and Nevis,2021,gdp_per_capita,18361.1449697886,World Bank WDI,2026-09-02
KNA,St. Kitts and Nevis,2020,gdp_per_capita,18859.0190361046,World Bank WDI,2026-09-02
KNA,St. Kitts and Nevis,2019,gdp_per_capita,23595.4923231291,World Bank WDI,2026-09-02
KNA,St. Kitts and Nevis,2018,gdp_per_capita,22901.3816403197,World Bank WDI,2026-09-02
KNA,St. Kitts and Nevis,2017,gdp_per_capita,22464.9899633959,World Bank WDI,2026-09-02
KNA,St. Kitts and Nevis,2016,gdp_per_capita,21387.5415511103,World Bank WDI,2026-09-02
KNA,St. Kitts and Nevis,2015,gdp_per_capita,20328.8003530109,World Bank WDI,2026-09-02
KNA,St. Kitts and Nevis,2014,gdp_per_capita,20219.3954237956,World Bank WDI,2026-09-02
KNA,St. Kitts and Nevis,2013,gdp_per_capita,18580.1301949935,World Bank WDI,2026-09-02
KNA,St. Kitts and Nevis,2012,gdp_per_capita,17532.0559008608,World Bank WDI,2026-09-02
KNA,St. Kitts and Nevis,2011,gdp_per_capita,17832.4572919975,World Bank WDI,2026-09-02
KNA,St. Kitts and Nevis,2010,gdp_per_capita,16622.9457908577,World Bank WDI,2026-09-02
KNA,St. Kitts and Nevis,2009,gdp_per_capita,16503.4119292794,World Bank WDI,2026-09-02
KNA,St. Kitts and Nevis,2008,gdp_per_capita,16604.9448615905,World Bank WDI,2026-09-02
KNA,St. Kitts and Nevis,2007,gdp_per_capita,14757.9579751035,World Bank WDI,2026-09-02
KNA,St. Kitts and Nevis,2006,gdp_per_capita,13837.8495311219,World Bank WDI,2026-09-02
KNA,St. Kitts and Nevis,2005,gdp_per_capita,11783.7867154145,World Bank WDI,2026-09-02
KNA,St. Kitts and Nevis,2004,gdp_per_capita,10944.6183741768,World Bank WDI,2026-09-02
KNA,St. Kitts and Nevis,2003,gdp_per_capita,10175.6295449989,World Bank WDI,2026-09-02
KNA,St. Kitts and Nevis,2002,gdp_per_capita,10453.6587064313,World Bank WDI,2026-09-02
KNA,St. Kitts and Nevis,2001,gdp_per_capita,10022.5919235637,World Bank WDI,2026-09-02
KNA,St. Kitts and Nevis,2000,gdp_per_capita,9319.65545093525,World Bank WDI,2026-09-02
LCA,St. Lucia,2023,gdp_per_capita,13616.6397593734,World Bank WDI,2026-09-02
LCA,St. Lucia,2022,gdp_per_capita,12976.1489693474,World Bank WDI,2026-09-02
LCA,St. Lucia,2021,gdp_per_capita,10481.1233971786,World Bank WDI,2026-09-02
LCA,St. Lucia,2020,gdp_per_capita,8537.11495506727,World Bank WDI,2026-09-02
LCA,St. Lucia,2019,gdp_per_capita,11764.3944032403,World Bank WDI,2026-09-02
LCA,St. Lucia,2018,gdp_per_capita,11642.6984727769,World Bank WDI,2026-09-02
LCA,St. Lucia,2017,gdp_per_capita,11333.1123822102,World Bank WDI,2026-09-02
LCA,St. Lucia,2016,gdp_per_capita,10638.1269396653,World Bank WDI,2026-09-02
LCA,St. Lucia,2015,gdp_per_capita,10334.9860823918,World Bank WDI,2026-09-02
LCA,St. Lucia,2014,gdp_per_capita,10044.8218377677,World Bank WDI,2026-09-02
LCA,St. Lucia,2013,gdp_per_capita,9577.21733754358,World Bank WDI,2026-09-02
LCA,St. Lucia,2012,gdp_per_capita,9260.30006551714,World Bank WDI,2026-09-02
LCA,St. Lucia,2011,gdp_per_capita,9128.99442011613,World Bank WDI,2026-09-02
LCA,St. Lucia,2010,gdp_per_capita,8673.68720340529,World Bank WDI,2026-09-02
LCA,St. Lucia,2009,gdp_per_capita,8250.52180732734,World Bank WDI,2026-09-02
LCA,St. Lucia,2008,gdp_per_capita,8516.96075488787,World Bank WDI,2026-09-02
LCA,St. Lucia,2007,gdp_per_capita,7964.38211480117,World Bank WDI,2026-09-02
LCA,St. Lucia,2006,gdp_per_capita,7611.17856675319,World Bank WDI,2026-09-02
LCA,St. Lucia,2005,gdp_per_capita,6863.43641919345,World Bank WDI,2026-09-02
LCA,St. Lucia,2004,gdp_per_capita,6494.60034867886,World Bank WDI,2026-09-02
LCA,St. Lucia,2003,gdp_per_capita,6058.60622059326,World Bank WDI,2026-09-02
LCA,St. Lucia,2002,gdp_per_capita,5567.89428424719,World Bank WDI,2026-09-02
LCA,St. Lucia,2001,gdp_per_capita,5570.45247098106,World Bank WDI,2026-09-02
LCA,St. Lucia,2000,gdp_per_capita,5879.56191426207,World Bank WDI,2026-09-02
MAF,St. Martin (French part),2021,gdp_per_capita,21668.3776525323,World Bank WDI,2026-09-02
MAF,St. Martin (French part),2019,gdp_per_capita,19033.0649634889,World Bank WDI,2026-09-02
MAF,St. Martin (French part),2014,gdp_per_capita,20638.7705882379,World Bank WDI,2026-09-02
MAF,St. Martin (French part),2011,gdp_per_capita,20930.5821177758,World Bank WDI,2026-09-02
VCT,St. Vincent and the Grenadines,2023,gdp_per_capita,10582.3656725229,World Bank WDI,2026-09-02
VCT,St. Vincent and the Grenadines,2022,gdp_per_capita,9693.55867833025,World Bank WDI,2026-09-02
VCT,St. Vincent and the Grenadines,2021,gdp_per_capita,8641.27904024443,World Bank WDI,2026-09-02
VCT,St. Vincent and the Grenadines,2020,gdp_per_capita,8351.20324040982,World Bank WDI,2026-09-02
VCT,St. Vincent and the Grenadines,2019,gdp_per_capita,8740.59425232061,World Bank WDI,2026-09-02
VCT,St. Vincent and the Grenadines,2018,gdp_per_capita,8428.12677153069,World Bank WDI,2026-09-02
VCT,St. Vincent and the Grenadines,2017,gdp_per_capita,7988.04445019298,World Bank WDI,2026-09-02
VCT,St. Vincent and the Grenadines,2016,gdp_per_capita,7656.90042881178,World Bank WDI,2026-09-02
VCT,St. Vincent and the Grenadines,2015,gdp_per_capita,7353.73556054184,World Bank WDI,2026-09-02
VCT,St. Vincent and the Grenadines,2014,gdp_per_capita,7168.82875342911,World Bank WDI,2026-09-02
VCT,St. Vincent and the Grenadines,2013,gdp_per_capita,7072.46737188939,World Bank WDI,2026-09-02
VCT,St. Vincent and the Grenadines,2012,gdp_per_capita,6713.80768643865,World Bank WDI,2026-09-02
VCT,St. Vincent and the Grenadines,2011,gdp_per_capita,6527.68996854448,World Bank WDI,2026-09-02
VCT,St. Vincent and the Grenadines,2010,gdp_per_capita,6551.96835992405,World Bank WDI,2026-09-02
VCT,St. Vincent and the Grenadines,2009,gdp_per_capita,6463.78777336717,World Bank WDI,2026-09-02
VCT,St. Vincent and the Grenadines,2008,gdp_per_capita,6598.90531450859,World Bank WDI,2026-09-02
VCT,St. Vincent and the Grenadines,2007,gdp_per_capita,6398.19123532172,World Bank WDI,2026-09-02
VCT,St. Vincent and the Grenadines,2006,gdp_per_capita,5744.8278621257,World Bank WDI,2026-09-02
VCT,St. Vincent and the Grenadines,2005,gdp_per_capita,5157.39373878102,World Bank WDI,2026-09-02
VCT,St. Vincent and the Grenadines,2004,gdp_per_capita,4873.48947742443,World Bank WDI,2026-09-02
VCT,St. Vincent and the Grenadines,2003,gdp_per_capita,4499.61454193342,World Bank WDI,2026-09-02
VCT,St. Vincent and the Grenadines,2002,gdp_per_capita,4303.27976789727,World Bank WDI,2026-09-02
VCT,St. Vincent and the Grenadines,2001,gdp_per_capita,4071.08601098962,World Bank WDI,2026-09-02
VCT,St. Vincent and the Grenadines,2000,gdp_per_capita,3768.95536604022,World Bank WDI,2026-09-02
SDN,Sudan,2023,gdp_per_capita,797.283447265625,World Bank WDI,2026-09-02
SDN,Sudan,2022,gdp_per_capita,1046.24084472656,World Bank WDI,2026-09-02
SDN,Sudan,2021,gdp_per_capita,712.122009277344,World Bank WDI,2026-09-02
SDN,Sudan,2020,gdp_per_capita,577.795227050781,World Bank WDI,2026-09-02
SDN,Sudan,2019,gdp_per_capita,709.975280761719,World Bank WDI,2026-09-02
SDN,Sudan,2018,gdp_per_capita,731.027465820313,World Bank WDI,2026-09-02
SDN,Sudan,2017,gdp_per_capita,966.505676269531,World Bank WDI,2026-09-02
SDN,Sudan,2016,gdp_per_capita,1033.21594238281,World Bank WDI,2026-09-02
SDN,Sudan,2015,gdp_per_capita,1292.37963867188,World Bank WDI,2026-09-02
SDN,Sudan,2014,gdp_per_capita,1275.43835449219,World Bank WDI,2026-09-02
SDN,Sudan,2013,gdp_per_capita,1138.62780761719,World Bank WDI,2026-09-02
SDN,Sudan,2012,gdp_per_capita,1019.22210693359,World Bank WDI,2026-09-02
SDN,Sudan,2011,gdp_per_capita,1332.6572265625,World Bank WDI,2026-09-02
SDN,Sudan,2010,gdp_per_capita,1305.63598632813,World Bank WDI,2026-09-02
SDN,Sudan,2009,gdp_per_capita,1178.22180175781,World Bank WDI,2026-09-02
SDN,Sudan,2008,gdp_per_capita,1527.58239746094,World Bank WDI,2026-09-02
SDN,Sudan,2007,gdp_per_capita,1444.37219238281,World Bank WDI,2026-09-02
SDN,Sudan,2006,gdp_per_capita,1132.474609375,World Bank WDI,2026-09-02
SDN,Sudan,2005,gdp_per_capita,905.543640136719,World Bank WDI,2026-09-02
SDN,Sudan,2004,gdp_per_capita,705.113342285156,World Bank WDI,2026-09-02
SDN,Sudan,2003,gdp_per_capita,580.320251464844,World Bank WDI,2026-09-02
SDN,Sudan,2002,gdp_per_capita,506.262634277344,World Bank WDI,2026-09-02
SDN,Sudan,2001,gdp_per_capita,451.293304443359,World Bank WDI,2026-09-02
SDN,Sudan,2000,gdp_per_capita,362.116882324219,World Bank WDI,2026-09-02
SUR,Suriname,2023,gdp_per_capita,5521.97602122638,World Bank WDI,2026-09-02
SUR,Suriname,2022,gdp_per_capita,6084.43876736445,World Bank WDI,2026-09-02
SUR,Suriname,2021,gdp_per_capita,5029.84838543953,World Bank WDI,2026-09-02
SUR,Suriname,2020,gdp_per_capita,4755.39221710693,World Bank WDI,2026-09-02
SUR,Suriname,2019,gdp_per_capita,6629.66775248603,World Bank WDI,2026-09-02
SUR,Suriname,2018,gdp_per_capita,6665.74180472239,World Bank WDI,2026-09-02
SUR,Suriname,2017,gdp_per_capita,6049.52128553675,World Bank WDI,2026-09-02
SUR,Suriname,2016,gdp_per_capita,5644.2061057532,World Bank WDI,2026-09-02
SUR,Suriname,2015,gdp_per_capita,8813.61705392067,World Bank WDI,2026-09-02
SUR,Suriname,2014,gdp_per_capita,9108.18905406764,World Bank WDI,2026-09-02
SUR,Suriname,2013,gdp_per_capita,9043.19281529222,World Bank WDI,2026-09-02
SUR,Suriname,2012,gdp_per_capita,8851.24050668908,World Bank WDI,2026-09-02
SUR,Suriname,2011,gdp_per_capita,7949.88867218383,World Bank WDI,2026-09-02
SUR,Suriname,2010,gdp_per_capita,7943.60482816915,World Bank WDI,2026-09-02
SUR,Suriname,2009,gdp_per_capita,7129.5768626291,World Bank WDI,2026-09-02
SUR,Suriname,2008,gdp_per_capita,6576.08546307249,World Bank WDI,2026-09-02
SUR,Suriname,2007,gdp_per_capita,5530.17615638309,World Bank WDI,2026-09-02
SUR,Suriname,2006,gdp_per_capita,5002.65798695759,World Bank WDI,2026-09-02
SUR,Suriname,2005,gdp_per_capita,3453.42865937765,World Bank WDI,2026-09-02
SUR,Suriname,2004,gdp_per_capita,2887.7721728844,World Bank WDI,2026-09-02
SUR,Suriname,2003,gdp_per_capita,2516.10404020956,World Bank WDI,2026-09-02
SUR,Suriname,2002,gdp_per_capita,2202.340682196,World Bank WDI,2026-09-02
SUR,Suriname,2001,gdp_per_capita,1714.64846637242,World Bank WDI,2026-09-02
SUR,Suriname,2000,gdp_per_capita,1988.22172925433,World Bank WDI,2026-09-02
SWE,Sweden,2023,gdp_per_capita,54950.2834725622,World Bank WDI,2026-09-02
SWE,Sweden,2022,gdp_per_capita,54836.8907235124,World Bank WDI,2026-09-02
SWE,Sweden,2021,gdp_per_capita,60647.5416365347,World Bank WDI,2026-09-02
SWE,Sweden,2020,gdp_per_capita,52568.5726980146,World Bank WDI,2026-09-02
SWE,Sweden,2019,gdp_per_capita,51648.9892820514,World Bank WDI,2026-09-02
SWE,Sweden,2018,gdp_per_capita,54018.4554391861,World Bank WDI,2026-09-02
SWE,Sweden,2017,gdp_per_capita,53210.2233318965,World Bank WDI,2026-09-02
SWE,Sweden,2016,gdp_per_capita,51703.5088332851,World Bank WDI,2026-09-02
SWE,Sweden,2015,gdp_per_capita,51188.1652120493,World Bank WDI,2026-09-02
SWE,Sweden,2014,gdp_per_capita,59583.4584491714,World Bank WDI,2026-09-02
SWE,Sweden,2013,gdp_per_capita,60843.9888799369,World Bank WDI,2026-09-02
SWE,Sweden,2012,gdp_per_capita,57749.5615420853,World Bank WDI,2026-09-02
SWE,Sweden,2011,gdp_per_capita,60379.4814599322,World Bank WDI,2026-09-02
SWE,Sweden,2010,gdp_per_capita,52542.5759090299,World Bank WDI,2026-09-02
SWE,Sweden,2009,gdp_per_capita,46707.6425044751,World Bank WDI,2026-09-02
SWE,Sweden,2008,gdp_per_capita,55817.1759726485,World Bank WDI,2026-09-02
SWE,Sweden,2007,gdp_per_capita,53568.3057787832,World Bank WDI,2026-09-02
SWE,Sweden,2006,gdp_per_capita,46531.3762240485,World Bank WDI,2026-09-02
SWE,Sweden,2005,gdp_per_capita,43378.4077394363,World Bank WDI,2026-09-02
SWE,Sweden,2004,gdp_per_capita,42758.0048564929,World Bank WDI,2026-09-02
SWE,Sweden,2003,gdp_per_capita,37292.2419727801,World Bank WDI,2026-09-02
SWE,Sweden,2002,gdp_per_capita,29957.7776664916,World Bank WDI,2026-09-02
SWE,Sweden,2001,gdp_per_capita,27259.3174300217,World Bank WDI,2026-09-02
SWE,Sweden,2000,gdp_per_capita,29632.5890811623,World Bank WDI,2026-09-02
CHE,Switzerland,2023,gdp_per_capita,104449.75451772,World Bank WDI,2026-09-02
CHE,Switzerland,2022,gdp_per_capita,97809.095567203,World Bank WDI,2026-09-02
CHE,Switzerland,2021,gdp_per_capita,96582.8687080693,World Bank WDI,2026-09-02
CHE,Switzerland,2020,gdp_per_capita,87529.7016394892,World Bank WDI,2026-09-02
CHE,Switzerland,2019,gdp_per_capita,85872.9702303454,World Bank WDI,2026-09-02
CHE,Switzerland,2018,gdp_per_capita,87002.3382293532,World Bank WDI,2026-09-02
CHE,Switzerland,2017,gdp_per_capita,83610.248611484,World Bank WDI,2026-09-02
CHE,Switzerland,2016,gdp_per_capita,83432.4111596314,World Bank WDI,2026-09-02
CHE,Switzerland,2015,gdp_per_capita,85265.06205193,World Bank WDI,2026-09-02
CHE,Switzerland,2014,gdp_per_capita,90511.6484558843,World Bank WDI,2026-09-02
CHE,Switzerland,2013,gdp_per_capita,88851.2374497983,World Bank WDI,2026-09-02
CHE,Switzerland,2012,gdp_per_capita,87269.5594780124,World Bank WDI,2026-09-02
CHE,Switzerland,2011,gdp_per_capita,91910.3964565203,World Bank WDI,2026-09-02
CHE,Switzerland,2010,gdp_per_capita,77956.1262043942,World Bank WDI,2026-09-02
CHE,Switzerland,2009,gdp_per_capita,72788.2049524379,World Bank WDI,2026-09-02
CHE,Switzerland,2008,gdp_per_capita,75147.5376709155,World Bank WDI,2026-09-02
CHE,Switzerland,2007,gdp_per_capita,66082.1233977532,World Bank WDI,2026-09-02
CHE,Switzerland,2006,gdp_per_capita,59910.293405504,World Bank WDI,2026-09-02
CHE,Switzerland,2005,gdp_per_capita,57080.0704338193,World Bank WDI,2026-09-02
CHE,Switzerland,2004,gdp_per_capita,55349.6164595028,World Bank WDI,2026-09-02
CHE,Switzerland,2003,gdp_per_capita,49947.3910175152,World Bank WDI,2026-09-02
CHE,Switzerland,2002,gdp_per_capita,43094.2492848494,World Bank WDI,2026-09-02
CHE,Switzerland,2001,gdp_per_capita,40133.6101965261,World Bank WDI,2026-09-02
CHE,Switzerland,2000,gdp_per_capita,39298.0968042444,World Bank WDI,2026-09-02
SYR,Syrian Arab Republic,2022,gdp_per_capita,1056.78264718197,World Bank WDI,2026-09-02
SYR,Syrian Arab Republic,2021,gdp_per_capita,688.566109726934,World Bank WDI,2026-09-02
SYR,Syrian Arab Republic,2020,gdp_per_capita,593.911771822527,World Bank WDI,2026-09-02
SYR,Syrian Arab Republic,2019,gdp_per_capita,1109.53933821464,World Bank WDI,2026-09-02
SYR,Syrian Arab Republic,2018,gdp_per_capita,1098.06667935023,World Bank WDI,2026-09-02
SYR,Syrian Arab Republic,2017,gdp_per_capita,851.501972646386,World Bank WDI,2026-09-02
SYR,Syrian Arab Republic,2016,gdp_per_capita,656.349017520952,World Bank WDI,2026-09-02
SYR,Syrian Arab Republic,2015,gdp_per_capita,847.731545352582,World Bank WDI,2026-09-02
SYR,Syrian Arab Republic,2014,gdp_per_capita,1060.59105887433,World Bank WDI,2026-09-02
SYR,Syrian Arab Republic,2013,gdp_per_capita,985.892669221634,World Bank WDI,2026-09-02
SYR,Syrian Arab Republic,2012,gdp_per_capita,1897.66115018696,World Bank WDI,2026-09-02
SYR,Syrian Arab Republic,2011,gdp_per_capita,2952.14372909443,World Bank WDI,2026-09-02
SYR,Syrian Arab Republic,2010,gdp_per_capita,2730.61487784917,World Bank WDI,2026-09-02
SYR,Syrian Arab Republic,2009,gdp_per_capita,2462.20127278738,World Bank WDI,2026-09-02
SYR,Syrian Arab Republic,2008,gdp_per_capita,2429.1247629459,World Bank WDI,2026-09-02
SYR,Syrian Arab Republic,2007,gdp_per_capita,1937.61199094087,World Bank WDI,2026-09-02
SYR,Syrian Arab Republic,2006,gdp_per_capita,1718.78469956591,World Bank WDI,2026-09-02
SYR,Syrian Arab Republic,2005,gdp_per_capita,1533.90017615946,World Bank WDI,2026-09-02
SYR,Syrian Arab Republic,2004,gdp_per_capita,1368.11263904001,World Bank WDI,2026-09-02
SYR,Syrian Arab Republic,2003,gdp_per_capita,1220.179077256,World Bank WDI,2026-09-02
SYR,Syrian Arab Republic,2002,gdp_per_capita,1189.98119453595,World Bank WDI,2026-09-02
SYR,Syrian Arab Republic,2001,gdp_per_capita,1177.53806921268,World Bank WDI,2026-09-02
SYR,Syrian Arab Republic,2000,gdp_per_capita,1138.18722723683,World Bank WDI,2026-09-02
TJK,Tajikistan,2023,gdp_per_capita,1178.47990060249,World Bank WDI,2026-09-02
TJK,Tajikistan,2022,gdp_per_capita,1052.17949484894,World Bank WDI,2026-09-02
TJK,Tajikistan,2021,gdp_per_capita,896.748053372182,World Bank WDI,2026-09-02
TJK,Tajikistan,2020,gdp_per_capita,834.311715460625,World Bank WDI,2026-09-02
TJK,Tajikistan,2019,gdp_per_capita,871.022372934846,World Bank WDI,2026-09-02
TJK,Tajikistan,2018,gdp_per_capita,834.288404578801,World Bank WDI,2026-09-02
TJK,Tajikistan,2017,gdp_per_capita,829.45714764957,World Bank WDI,2026-09-02
TJK,Tajikistan,2016,gdp_per_capita,788.710481734485,World Bank WDI,2026-09-02
TJK,Tajikistan,2015,gdp_per_capita,956.916310930656,World Bank WDI,2026-09-02
TJK,Tajikistan,2014,gdp_per_capita,1081.54402932039,World Bank WDI,2026-09-02
TJK,Tajikistan,2013,gdp_per_capita,1028.19704279396,World Bank WDI,2026-09-02
TJK,Tajikistan,2012,gdp_per_capita,952.452819695469,World Bank WDI,2026-09-02
TJK,Tajikistan,2011,gdp_per_capita,833.601978202852,World Bank WDI,2026-09-02
TJK,Tajikistan,2010,gdp_per_capita,737.338883219356,World Bank WDI,2026-09-02
TJK,Tajikistan,2009,gdp_per_capita,664.795655734657,World Bank WDI,2026-09-02
TJK,Tajikistan,2008,gdp_per_capita,703.327375898643,World Bank WDI,2026-09-02
TJK,Tajikistan,2007,gdp_per_capita,516.997210618914,World Bank WDI,2026-09-02
TJK,Tajikistan,2006,gdp_per_capita,401.018403316427,World Bank WDI,2026-09-02
TJK,Tajikistan,2005,gdp_per_capita,333.927150941684,World Bank WDI,2026-09-02
TJK,Tajikistan,2004,gdp_per_capita,305.745158587502,World Bank WDI,2026-09-02
TJK,Tajikistan,2003,gdp_per_capita,233.58124845289,World Bank WDI,2026-09-02
TJK,Tajikistan,2002,gdp_per_capita,186.951638285222,World Bank WDI,2026-09-02
TJK,Tajikistan,2001,gdp_per_capita,168.676285365186,World Bank WDI,2026-09-02
TJK,Tajikistan,2000,gdp_per_capita,136.925716400723,World Bank WDI,2026-09-02
TZA,Tanzania,2023,gdp_per_capita,1224.00219726563,World Bank WDI,2026-09-02
TZA,Tanzania,2022,gdp_per_capita,1207.52062988281,World Bank WDI,2026-09-02
TZA,Tanzania,2021,gdp_per_capita,1159.85656738281,World Bank WDI,2026-09-02
TZA,Tanzania,2020,gdp_per_capita,1117.41528320313,World Bank WDI,2026-09-02
TZA,Tanzania,2019,gdp_per_capita,1063.32250976563,World Bank WDI,2026-09-02
TZA,Tanzania,2018,gdp_per_capita,1023.10626220703,World Bank WDI,2026-09-02
TZA,Tanzania,2017,gdp_per_capita,986.674011230469,World Bank WDI,2026-09-02
TZA,Tanzania,2016,gdp_per_capita,953.0107421875,World Bank WDI,2026-09-02
TZA,Tanzania,2015,gdp_per_capita,939.127319335938,World Bank WDI,2026-09-02
TZA,Tanzania,2014,gdp_per_capita,1022.74841308594,World Bank WDI,2026-09-02
TZA,Tanzania,2013,gdp_per_capita,963.05712890625,World Bank WDI,2026-09-02
TZA,Tanzania,2012,gdp_per_capita,861.969909667969,World Bank WDI,2026-09-02
TZA,Tanzania,2011,gdp_per_capita,775.392761230469,World Bank WDI,2026-09-02
TZA,Tanzania,2010,gdp_per_capita,736.530151367188,World Bank WDI,2026-09-02
TZA,Tanzania,2009,gdp_per_capita,693.823547363281,World Bank WDI,2026-09-02
TZA,Tanzania,2008,gdp_per_capita,675.977233886719,World Bank WDI,2026-09-02
TZA,Tanzania,2007,gdp_per_capita,543.198303222656,World Bank WDI,2026-09-02
TZA,Tanzania,2006,gdp_per_capita,475.746734619141,World Bank WDI,2026-09-02
TZA,Tanzania,2005,gdp_per_capita,483.334869384766,World Bank WDI,2026-09-02
TZA,Tanzania,2004,gdp_per_capita,450.385284423828,World Bank WDI,2026-09-02
TZA,Tanzania,2003,gdp_per_capita,422.18359375,World Bank WDI,2026-09-02
TZA,Tanzania,2002,gdp_per_capita,402.649047851563,World Bank WDI,2026-09-02
TZA,Tanzania,2001,gdp_per_capita,396.638732910156,World Bank WDI,2026-09-02
TZA,Tanzania,2000,gdp_per_capita,401.698150634766,World Bank WDI,2026-09-02
THA,Thailand,2023,gdp_per_capita,7210.54130832685,World Bank WDI,2026-09-02
THA,Thailand,2022,gdp_per_capita,6910.00995211206,World Bank WDI,2026-09-02
THA,Thailand,2021,gdp_per_capita,7055.18760721422,World Bank WDI,2026-09-02
THA,Thailand,2020,gdp_per_capita,6983.03412836245,World Bank WDI,2026-09-02
THA,Thailand,2019,gdp_per_capita,7605.69657797759,World Bank WDI,2026-09-02
THA,Thailand,2018,gdp_per_capita,7099.77650081458,World Bank WDI,2026-09-02
THA,Thailand,2017,gdp_per_capita,6413.09182530343,World Bank WDI,2026-09-02
THA,Thailand,2016,gdp_per_capita,5833.57715617098,World Bank WDI,2026-09-02
THA,Thailand,2015,gdp_per_capita,5688.85335397884,World Bank WDI,2026-09-02
THA,Thailand,2014,gdp_per_capita,5801.1978916205,World Bank WDI,2026-09-02
THA,Thailand,2013,gdp_per_capita,6018.08244729255,World Bank WDI,2026-09-02
THA,Thailand,2012,gdp_per_capita,5725.52802835463,World Bank WDI,2026-09-02
THA,Thailand,2011,gdp_per_capita,5373.6232832898,World Bank WDI,2026-09-02
THA,Thailand,2010,gdp_per_capita,4973.86288823778,World Bank WDI,2026-09-02
THA,Thailand,2009,gdp_per_capita,4135.43986952819,World Bank WDI,2026-09-02
THA,Thailand,2008,gdp_per_capita,4309.13509292986,World Bank WDI,2026-09-02
THA,Thailand,2007,gdp_per_capita,3918.52817434581,World Bank WDI,2026-09-02
THA,Thailand,2006,gdp_per_capita,3331.32043511773,World Bank WDI,2026-09-02
THA,Thailand,2005,gdp_per_capita,2867.70383436062,World Bank WDI,2026-09-02
THA,Thailand,2004,gdp_per_capita,2641.56268717857,World Bank WDI,2026-09-02
THA,Thailand,2003,gdp_per_capita,2347.54001286066,World Bank WDI,2026-09-02
THA,Thailand,2002,gdp_per_capita,2089.75183111554,World Bank WDI,2026-09-02
THA,Thailand,2001,gdp_per_capita,1889.93432467144,World Bank WDI,2026-09-02
THA,Thailand,2000,gdp_per_capita,2005.97694514234,World Bank WDI,2026-09-02
TLS,Timor-Leste,2023,gdp_per_capita,1502.4114958903,World Bank WDI,2026-09-02
TLS,Timor-Leste,2022,gdp_per_capita,2343.24955542816,World Bank WDI,2026-09-02
TLS,Timor-Leste,2021,gdp_per_capita,2684.92673717299,World Bank WDI,2026-09-02
TLS,Timor-Leste,2020,gdp_per_capita,1630.86935439232,World Bank WDI,2026-09-02
TLS,Timor-Leste,2019,gdp_per_capita,1562.36458881813,World Bank WDI,2026-09-02
TLS,Timor-Leste,2018,gdp_per_capita,1219.46598597604,World Bank WDI,2026-09-02
TLS,Timor-Leste,2017,gdp_per_capita,1266.17767952941,World Bank WDI,2026-09-02
TLS,Timor-Leste,2016,gdp_per_capita,1335.54390089814,World Bank WDI,2026-09-02
TLS,Timor-Leste,2015,gdp_per_capita,1319.59297370991,World Bank WDI,2026-09-02
TLS,Timor-Leste,2014,gdp_per_capita,1224.74957758801,World Bank WDI,2026-09-02
TLS,Timor-Leste,2013,gdp_per_capita,1204.56841532931,World Bank WDI,2026-09-02
TLS,Timor-Leste,2012,gdp_per_capita,1022.61903188429,World Bank WDI,2026-09-02
TLS,Timor-Leste,2011,gdp_per_capita,939.045241112693,World Bank WDI,2026-09-02
TLS,Timor-Leste,2010,gdp_per_capita,813.060177250597,World Bank WDI,2026-09-02
TLS,Timor-Leste,2009,gdp_per_capita,686.579295832381,World Bank WDI,2026-09-02
TLS,Timor-Leste,2008,gdp_per_capita,628.153219252849,World Bank WDI,2026-09-02
TLS,Timor-Leste,2007,gdp_per_capita,540.154584237662,World Bank WDI,2026-09-02
TLS,Timor-Leste,2006,gdp_per_capita,464.667001844159,World Bank WDI,2026-09-02
TLS,Timor-Leste,2005,gdp_per_capita,487.464555404292,World Bank WDI,2026-09-02
TLS,Timor-Leste,2004,gdp_per_capita,474.420767344689,World Bank WDI,2026-09-02
TLS,Timor-Leste,2003,gdp_per_capita,534.901153697657,World Bank WDI,2026-09-02
TLS,Timor-Leste,2002,gdp_per_capita,533.982476434866,World Bank WDI,2026-09-02
TLS,Timor-Leste,2001,gdp_per_capita,587.700692767858,World Bank WDI,2026-09-02
TLS,Timor-Leste,2000,gdp_per_capita,492.457669429651,World Bank WDI,2026-09-02
TGO,Togo,2023,gdp_per_capita,1182.32951436696,World Bank WDI,2026-09-02
TGO,Togo,2022,gdp_per_capita,1071.61539220759,World Bank WDI,2026-09-02
TGO,Togo,2021,gdp_per_capita,1076.29520076949,World Bank WDI,2026-09-02
TGO,Togo,2020,gdp_per_capita,961.219781201934,World Bank WDI,2026-09-02
TGO,Togo,2019,gdp_per_capita,917.718016777619,World Bank WDI,2026-09-02
TGO,Togo,2018,gdp_per_capita,942.480774393154,World Bank WDI,2026-09-02
TGO,Togo,2017,gdp_per_capita,872.076408845752,World Bank WDI,2026-09-02
TGO,Togo,2016,gdp_per_capita,843.114204338675,World Bank WDI,2026-09-02
TGO,Togo,2015,gdp_per_capita,813.894676975085,World Bank WDI,2026-09-02
TGO,Togo,2014,gdp_per_capita,921.539748631461,World Bank WDI,2026-09-02
TGO,Togo,2013,gdp_per_capita,885.698522723929,World Bank WDI,2026-09-02
TGO,Togo,2012,gdp_per_capita,813.611525037432,World Bank WDI,2026-09-02
TGO,Togo,2011,gdp_per_capita,834.14671980279,World Bank WDI,2026-09-02
TGO,Togo,2010,gdp_per_capita,750.323421086121,World Bank WDI,2026-09-02
TGO,Togo,2009,gdp_per_capita,770.172869777254,World Bank WDI,2026-09-02
TGO,Togo,2008,gdp_per_capita,771.351190404751,World Bank WDI,2026-09-02
TGO,Togo,2007,gdp_per_capita,654.083697666439,World Bank WDI,2026-09-02
TGO,Togo,2006,gdp_per_capita,596.249203137762,World Bank WDI,2026-09-02
TGO,Togo,2005,gdp_per_capita,595.200212014134,World Bank WDI,2026-09-02
TGO,Togo,2004,gdp_per_capita,604.311329116751,World Bank WDI,2026-09-02
TGO,Togo,2003,gdp_per_capita,579.728195854724,World Bank WDI,2026-09-02
TGO,Togo,2002,gdp_per_capita,479.438373869587,World Bank WDI,2026-09-02
TGO,Togo,2001,gdp_per_capita,426.883605884489,World Bank WDI,2026-09-02
TGO,Togo,2000,gdp_per_capita,440.420399069497,World Bank WDI,2026-09-02
TON,Tonga,2023,gdp_per_capita,5651.59357939286,World Bank WDI,2026-09-02
TON,Tonga,2022,gdp_per_capita,5298.01942454298,World Bank WDI,2026-09-02
TON,Tonga,2021,gdp_per_capita,4922.8015864044,World Bank WDI,2026-09-02
TON,Tonga,2020,gdp_per_capita,4792.35872413906,World Bank WDI,2026-09-02
TON,Tonga,2019,gdp_per_capita,4788.83350468584,World Bank WDI,2026-09-02
TON,Tonga,2018,gdp_per_capita,4675.04776047973,World Bank WDI,2026-09-02
TON,Tonga,2017,gdp_per_capita,4365.92929788648,World Bank WDI,2026-09-02
TON,Tonga,2016,gdp_per_capita,3987.98618837043,World Bank WDI,2026-09-02
TON,Tonga,2015,gdp_per_capita,4123.90347238813,World Bank WDI,2026-09-02
TON,Tonga,2014,gdp_per_capita,4136.59010898445,World Bank WDI,2026-09-02
TON,Tonga,2013,gdp_per_capita,4219.24670113014,World Bank WDI,2026-09-02
TON,Tonga,2012,gdp_per_capita,4384.17058724217,World Bank WDI,2026-09-02
TON,Tonga,2011,gdp_per_capita,3849.99375750134,World Bank WDI,2026-09-02
TON,Tonga,2010,gdp_per_capita,3416.08356601207,World Bank WDI,2026-09-02
TON,Tonga,2009,gdp_per_capita,2914.23774004564,World Bank WDI,2026-09-02
TON,Tonga,2008,gdp_per_capita,3218.45303993196,World Bank WDI,2026-09-02
TON,Tonga,2007,gdp_per_capita,2797.06560109144,World Bank WDI,2026-09-02
TON,Tonga,2006,gdp_per_capita,2750.34778600857,World Bank WDI,2026-09-02
TON,Tonga,2005,gdp_per_capita,2477.72620144825,World Bank WDI,2026-09-02
TON,Tonga,2004,gdp_per_capita,2195.44890047673,World Bank WDI,2026-09-02
TON,Tonga,2003,gdp_per_capita,1936.04104012389,World Bank WDI,2026-09-02
TON,Tonga,2002,gdp_per_capita,1759.4805324576,World Bank WDI,2026-09-02
TON,Tonga,2001,gdp_per_capita,1753.51667576626,World Bank WDI,2026-09-02
TON,Tonga,2000,gdp_per_capita,1995.07667546271,World Bank WDI,2026-09-02
TTO,Trinidad and Tobago,2023,gdp_per_capita,18308.4536298575,World Bank WDI,2026-09-02
TTO,Trinidad and Tobago,2022,gdp_per_capita,20750.5202434652,World Bank WDI,2026-09-02
TTO,Trinidad and Tobago,2021,gdp_per_capita,17712.5674104655,World Bank WDI,2026-09-02
TTO,Trinidad and Tobago,2020,gdp_per_capita,15283.6270531554,World Bank WDI,2026-09-02
TTO,Trinidad and Tobago,2019,gdp_per_capita,17212.6128892163,World Bank WDI,2026-09-02
TTO,Trinidad and Tobago,2018,gdp_per_capita,17571.498737278,World Bank WDI,2026-09-02
TTO,Trinidad and Tobago,2017,gdp_per_capita,17566.0999700656,World Bank WDI,2026-09-02
TTO,Trinidad and Tobago,2016,gdp_per_capita,17449.1538801956,World Bank WDI,2026-09-02
TTO,Trinidad and Tobago,2015,gdp_per_capita,19887.2327716498,World Bank WDI,2026-09-02
TTO,Trinidad and Tobago,2014,gdp_per_capita,21908.3014555644,World Bank WDI,2026-09-02
TTO,Trinidad and Tobago,2013,gdp_per_capita,21304.9777496628,World Bank WDI,2026-09-02
TTO,Trinidad and Tobago,2012,gdp_per_capita,20332.1389531925,World Bank WDI,2026-09-02
TTO,Trinidad and Tobago,2011,gdp_per_capita,19151.0870229722,World Bank WDI,2026-09-02
TTO,Trinidad and Tobago,2010,gdp_per_capita,16815.424737361,World Bank WDI,2026-09-02
TTO,Trinidad and Tobago,2009,gdp_per_capita,14634.0565003912,World Bank WDI,2026-09-02
TTO,Trinidad and Tobago,2008,gdp_per_capita,21298.9945258063,World Bank WDI,2026-09-02
TTO,Trinidad and Tobago,2007,gdp_per_capita,16606.675360681,World Bank WDI,2026-09-02
TTO,Trinidad and Tobago,2006,gdp_per_capita,14152.6607422113,World Bank WDI,2026-09-02
TTO,Trinidad and Tobago,2005,gdp_per_capita,12346.4373094075,World Bank WDI,2026-09-02
TTO,Trinidad and Tobago,2004,gdp_per_capita,9871.03419820086,World Bank WDI,2026-09-02
TTO,Trinidad and Tobago,2003,gdp_per_capita,8445.04653518298,World Bank WDI,2026-09-02
TTO,Trinidad and Tobago,2002,gdp_per_capita,6762.93080808096,World Bank WDI,2026-09-02
TTO,Trinidad and Tobago,2001,gdp_per_capita,6657.41466937221,World Bank WDI,2026-09-02
TTO,Trinidad and Tobago,2000,gdp_per_capita,6178.58975559687,World Bank WDI,2026-09-02
TUN,Tunisia,2023,gdp_per_capita,3951.11683376921,World Bank WDI,2026-09-02
TUN,Tunisia,2022,gdp_per_capita,3707.29283414381,World Bank WDI,2026-09-02
TUN,Tunisia,2021,gdp_per_capita,3906.93926319391,World Bank WDI,2026-09-02
TUN,Tunisia,2020,gdp_per_capita,3548.65363663803,World Bank WDI,2026-09-02
TUN,Tunisia,2019,gdp_per_capita,3528.87213306798,World Bank WDI,2026-09-02
TUN,Tunisia,2018,gdp_per_capita,3628.10366464236,World Bank WDI,2026-09-02
TUN,Tunisia,2017,gdp_per_capita,3619.03247319953,World Bank WDI,2026-09-02
TUN,Tunisia,2016,gdp_per_capita,3847.80354448809,World Bank WDI,2026-09-02
TUN,Tunisia,2015,gdp_per_capita,4014.94773686432,World Bank WDI,2026-09-02
TUN,Tunisia,2014,gdp_per_capita,4458.97895464547,World Bank WDI,2026-09-02
TUN,Tunisia,2013,gdp_per_capita,4369.79345826358,World Bank WDI,2026-09-02
TUN,Tunisia,2012,gdp_per_capita,4297.26782454273,World Bank WDI,2026-09-02
TUN,Tunisia,2011,gdp_per_capita,4420.64772206537,World Bank WDI,2026-09-02
TUN,Tunisia,2010,gdp_per_capita,4291.86120891575,World Bank WDI,2026-09-02
TUN,Tunisia,2009,gdp_per_capita,4080.09032448781,World Bank WDI,2026-09-02
TUN,Tunisia,2008,gdp_per_capita,4255.05008019523,World Bank WDI,2026-09-02
TUN,Tunisia,2007,gdp_per_capita,3726.91672935667,World Bank WDI,2026-09-02
TUN,Tunisia,2006,gdp_per_capita,3322.56933570096,World Bank WDI,2026-09-02
TUN,Tunisia,2005,gdp_per_capita,3146.8260743927,World Bank WDI,2026-09-02
TUN,Tunisia,2004,gdp_per_capita,3067.41936376975,World Bank WDI,2026-09-02
TUN,Tunisia,2003,gdp_per_capita,2725.8643148859,World Bank WDI,2026-09-02
TUN,Tunisia,2002,gdp_per_capita,2320.7723805785,World Bank WDI,2026-09-02
TUN,Tunisia,2001,gdp_per_capita,2235.71981624751,World Bank WDI,2026-09-02
TUN,Tunisia,2000,gdp_per_capita,2199.04465936314,World Bank WDI,2026-09-02
TUR,Turkiye,2023,gdp_per_capita,13375.0947282864,World Bank WDI,2026-09-02
TUR,Turkiye,2022,gdp_per_capita,10897.8397861365,World Bank WDI,2026-09-02
TUR,Turkiye,2021,gdp_per_capita,9981.76398411336,World Bank WDI,2026-09-02
TUR,Turkiye,2020,gdp_per_capita,8798.11791709313,World Bank WDI,2026-09-02
TUR,Turkiye,2019,gdp_per_capita,9395.23378001368,World Bank WDI,2026-09-02
TUR,Turkiye,2018,gdp_per_capita,9684.11819884721,World Bank WDI,2026-09-02
TUR,Turkiye,2017,gdp_per_capita,10756.3877677883,World Bank WDI,2026-09-02
TUR,Turkiye,2016,gdp_per_capita,10984.3643169061,World Bank WDI,2026-09-02
TUR,Turkiye,2015,gdp_per_capita,11064.6494504662,World Bank WDI,2026-09-02
TUR,Turkiye,2014,gdp_per_capita,12209.3862327674,World Bank WDI,2026-09-02
TUR,Turkiye,2013,gdp_per_capita,12635.5570016068,World Bank WDI,2026-09-02
TUR,Turkiye,2012,gdp_per_capita,11776.7593362033,World Bank WDI,2026-09-02
TUR,Turkiye,2011,gdp_per_capita,11373.6355760885,World Bank WDI,2026-09-02
TUR,Turkiye,2010,gdp_per_capita,10698.9699409757,World Bank WDI,2026-09-02
TUR,Turkiye,2009,gdp_per_capita,9076.92472236977,World Bank WDI,2026-09-02
TUR,Turkiye,2008,gdp_per_capita,10913.4079047769,World Bank WDI,2026-09-02
TUR,Turkiye,2007,gdp_per_capita,9766.91734545294,World Bank WDI,2026-09-02
TUR,Turkiye,2006,gdp_per_capita,7990.08251407245,World Bank WDI,2026-09-02
TUR,Turkiye,2005,gdp_per_capita,7331.85429430255,World Bank WDI,2026-09-02
TUR,Turkiye,2004,gdp_per_capita,5979.6054216148,World Bank WDI,2026-09-02
TUR,Turkiye,2003,gdp_per_capita,4649.63668068586,World Bank WDI,2026-09-02
TUR,Turkiye,2002,gdp_per_capita,3591.08628982587,World Bank WDI,2026-09-02
TUR,Turkiye,2001,gdp_per_capita,3052.2256706793,World Bank WDI,2026-09-02
TUR,Turkiye,2000,gdp_per_capita,4199.3798635759,World Bank WDI,2026-09-02
TKM,Turkmenistan,2023,gdp_per_capita,5298.46421949276,World Bank WDI,2026-09-02
TKM,Turkmenistan,2022,gdp_per_capita,5198.18947409551,World Bank WDI,2026-09-02
TKM,Turkmenistan,2021,gdp_per_capita,3713.20113171765,World Bank WDI,2026-09-02
TKM,Turkmenistan,2020,gdp_per_capita,3935.37749365223,World Bank WDI,2026-09-02
TKM,Turkmenistan,2019,gdp_per_capita,4365.1152919542,World Bank WDI,2026-09-02
TKM,Turkmenistan,2018,gdp_per_capita,3911.98557297865,World Bank WDI,2026-09-02
TKM,Turkmenistan,2017,gdp_per_capita,5125.54920055808,World Bank WDI,2026-09-02
TKM,Turkmenistan,2016,gdp_per_capita,5238.00827202546,World Bank WDI,2026-09-02
TKM,Turkmenistan,2015,gdp_per_capita,5759.497903834,World Bank WDI,2026-09-02
TKM,Turkmenistan,2014,gdp_per_capita,7164.14536184006,World Bank WDI,2026-09-02
TKM,Turkmenistan,2013,gdp_per_capita,6599.64529055481,World Bank WDI,2026-09-02
TKM,Turkmenistan,2012,gdp_per_capita,6053.8748468749,World Bank WDI,2026-09-02
TKM,Turkmenistan,2011,gdp_per_capita,5143.61929334647,World Bank WDI,2026-09-02
TKM,Turkmenistan,2010,gdp_per_capita,4058.53937000739,World Bank WDI,2026-09-02
TKM,Turkmenistan,2009,gdp_per_capita,3707.97850699617,World Bank WDI,2026-09-02
TKM,Turkmenistan,2008,gdp_per_capita,3605.50395120549,World Bank WDI,2026-09-02
TKM,Turkmenistan,2007,gdp_per_capita,2414.96071986964,World Bank WDI,2026-09-02
TKM,Turkmenistan,2006,gdp_per_capita,1996.59310717308,World Bank WDI,2026-09-02
TKM,Turkmenistan,2005,gdp_per_capita,1604.01618452312,World Bank WDI,2026-09-02
TKM,Turkmenistan,2004,gdp_per_capita,1379.23009682692,World Bank WDI,2026-09-02
TKM,Turkmenistan,2003,gdp_per_capita,1228.94870289404,World Bank WDI,2026-09-02
TKM,Turkmenistan,2002,gdp_per_capita,935.540801478466,World Bank WDI,2026-09-02
TKM,Turkmenistan,2001,gdp_per_capita,756.034976276398,World Bank WDI,2026-09-02
TKM,Turkmenistan,2000,gdp_per_capita,633.835487638011,World Bank WDI,2026-09-02
TCA,Turks and Caicos Islands,2023,gdp_per_capita,35470.2151608295,World Bank WDI,2026-09-02
TCA,Turks and Caicos Islands,2022,gdp_per_capita,31280.5418020808,World Bank WDI,2026-09-02
TCA,Turks and Caicos Islands,2021,gdp_per_capita,27329.2885087196,World Bank WDI,2026-09-02
TCA,Turks and Caicos Islands,2020,gdp_per_capita,20690.9160546118,World Bank WDI,2026-09-02
TCA,Turks and Caicos Islands,2019,gdp_per_capita,31780.5217068989,World Bank WDI,2026-09-02
TCA,Turks and Caicos Islands,2018,gdp_per_capita,31625.616593277,World Bank WDI,2026-09-02
TCA,Turks and Caicos Islands,2017,gdp_per_capita,30014.2309523213,World Bank WDI,2026-09-02
TCA,Turks and Caicos Islands,2016,gdp_per_capita,31373.5612684327,World Bank WDI,2026-09-02
TCA,Turks and Caicos Islands,2015,gdp_per_capita,29457.0140691162,World Bank WDI,2026-09-02
TCA,Turks and Caicos Islands,2014,gdp_per_capita,27292.5820256776,World Bank WDI,2026-09-02
TCA,Turks and Caicos Islands,2013,gdp_per_capita,25653.819867471,World Bank WDI,2026-09-02
TCA,Turks and Caicos Islands,2012,gdp_per_capita,25923.6156503875,World Bank WDI,2026-09-02
TCA,Turks and Caicos Islands,2011,gdp_per_capita,27327.4006354146,World Bank WDI,2026-09-02
TCA,Turks and Caicos Islands,2010,gdp_per_capita,23093.8498268267,World Bank WDI,2026-09-02
TCA,Turks and Caicos Islands,2009,gdp_per_capita,24596.8938015951,World Bank WDI,2026-09-02
TCA,Turks and Caicos Islands,2008,gdp_per_capita,31453.8228752689,World Bank WDI,2026-09-02
TCA,Turks and Caicos Islands,2007,gdp_per_capita,29443.8523030072,World Bank WDI,2026-09-02
TCA,Turks and Caicos Islands,2006,gdp_per_capita,28734.2873064523,World Bank WDI,2026-09-02
TCA,Turks and Caicos Islands,2005,gdp_per_capita,24122.3028180757,World Bank WDI,2026-09-02
TCA,Turks and Caicos Islands,2004,gdp_per_capita,21246.00980049,World Bank WDI,2026-09-02
TCA,Turks and Caicos Islands,2003,gdp_per_capita,18859.1890274773,World Bank WDI,2026-09-02
TCA,Turks and Caicos Islands,2002,gdp_per_capita,17803.9471767733,World Bank WDI,2026-09-02
TCA,Turks and Caicos Islands,2001,gdp_per_capita,18325.7458111974,World Bank WDI,2026-09-02
TUV,Tuvalu,2023,gdp_per_capita,5143.8397437226,World Bank WDI,2026-09-02
TUV,Tuvalu,2022,gdp_per_capita,5414.74642912412,World Bank WDI,2026-09-02
TUV,Tuvalu,2021,gdp_per_capita,6042.51983141155,World Bank WDI,2026-09-02
TUV,Tuvalu,2020,gdp_per_capita,5029.57159284173,World Bank WDI,2026-09-02
TUV,Tuvalu,2019,gdp_per_capita,5058.85266607659,World Bank WDI,2026-09-02
TUV,Tuvalu,2018,gdp_per_capita,4467.21144027065,World Bank WDI,2026-09-02
TUV,Tuvalu,2017,gdp_per_capita,4166.79162422818,World Bank WDI,2026-09-02
TUV,Tuvalu,2016,gdp_per_capita,3779.15293916285,World Bank WDI,2026-09-02
TUV,Tuvalu,2015,gdp_per_capita,3352.66722400181,World Bank WDI,2026-09-02
TUV,Tuvalu,2014,gdp_per_capita,3518.13249227107,World Bank WDI,2026-09-02
TUV,Tuvalu,2013,gdp_per_capita,3524.00277634143,World Bank WDI,2026-09-02
TUV,Tuvalu,2012,gdp_per_capita,3558.89749224226,World Bank WDI,2026-09-02
TUV,Tuvalu,2011,gdp_per_capita,3679.5325726267,World Bank WDI,2026-09-02
TUV,Tuvalu,2010,gdp_per_capita,3054.96154183353,World Bank WDI,2026-09-02
TUV,Tuvalu,2009,gdp_per_capita,2662.42865634448,World Bank WDI,2026-09-02
TUV,Tuvalu,2008,gdp_per_capita,3062.00125965971,World Bank WDI,2026-09-02
TUV,Tuvalu,2007,gdp_per_capita,2803.75365477849,World Bank WDI,2026-09-02
TUV,Tuvalu,2006,gdp_per_capita,2413.97836453913,World Bank WDI,2026-09-02
TUV,Tuvalu,2005,gdp_per_capita,2298.44257265761,World Bank WDI,2026-09-02
TUV,Tuvalu,2004,gdp_per_capita,2330.77403351989,World Bank WDI,2026-09-02
TUV,Tuvalu,2003,gdp_per_capita,2020.10103886055,World Bank WDI,2026-09-02
TUV,Tuvalu,2002,gdp_per_capita,1729.16968588975,World Bank WDI,2026-09-02
TUV,Tuvalu,2001,gdp_per_capita,1475.03705936258,World Bank WDI,2026-09-02
TUV,Tuvalu,2000,gdp_per_capita,1559.22072281826,World Bank WDI,2026-09-02
UGA,Uganda,2023,gdp_per_capita,1002.30913917142,World Bank WDI,2026-09-02
UGA,Uganda,2022,gdp_per_capita,963.067314117178,World Bank WDI,2026-09-02
UGA,Uganda,2021,gdp_per_capita,882.791717542504,World Bank WDI,2026-09-02
UGA,Uganda,2020,gdp_per_capita,845.766463890124,World Bank WDI,2026-09-02
UGA,Uganda,2019,gdp_per_capita,822.171150036357,World Bank WDI,2026-09-02
UGA,Uganda,2018,gdp_per_capita,792.16570022814,World Bank WDI,2026-09-02
UGA,Uganda,2017,gdp_per_capita,765.218332297361,World Bank WDI,2026-09-02
UGA,Uganda,2016,gdp_per_capita,752.696571725656,World Bank WDI,2026-09-02
UGA,Uganda,2015,gdp_per_capita,862.934610355811,World Bank WDI,2026-09-02
UGA,Uganda,2014,gdp_per_capita,896.054795546394,World Bank WDI,2026-09-02
UGA,Uganda,2013,gdp_per_capita,818.285427416713,World Bank WDI,2026-09-02
UGA,Uganda,2012,gdp_per_capita,795.222867553127,World Bank WDI,2026-09-02
UGA,Uganda,2011,gdp_per_capita,835.620060555838,World Bank WDI,2026-09-02
UGA,Uganda,2010,gdp_per_capita,823.488144282,World Bank WDI,2026-09-02
UGA,Uganda,2009,gdp_per_capita,798.947089938247,World Bank WDI,2026-09-02
UGA,Uganda,2008,gdp_per_capita,472.842681495852,World Bank WDI,2026-09-02
UGA,Uganda,2007,gdp_per_capita,401.389130865581,World Bank WDI,2026-09-02
UGA,Uganda,2006,gdp_per_capita,346.518255310647,World Bank WDI,2026-09-02
UGA,Uganda,2005,gdp_per_capita,330.405402707025,World Bank WDI,2026-09-02
UGA,Uganda,2004,gdp_per_capita,292.38185796262,World Bank WDI,2026-09-02
UGA,Uganda,2003,gdp_per_capita,250.71543664681,World Bank WDI,2026-09-02
UGA,Uganda,2002,gdp_per_capita,241.984688408335,World Bank WDI,2026-09-02
UGA,Uganda,2001,gdp_per_capita,236.021188853993,World Bank WDI,2026-09-02
UGA,Uganda,2000,gdp_per_capita,258.050338731086,World Bank WDI,2026-09-02
UKR,Ukraine,2023,gdp_per_capita,5139.59814453125,World Bank WDI,2026-09-02
UKR,Ukraine,2022,gdp_per_capita,4199.6708984375,World Bank WDI,2026-09-02
UKR,Ukraine,2021,gdp_per_capita,4775.94580078125,World Bank WDI,2026-09-02
UKR,Ukraine,2020,gdp_per_capita,3709.76928710938,World Bank WDI,2026-09-02
UKR,Ukraine,2019,gdp_per_capita,3619.86157226563,World Bank WDI,2026-09-02
UKR,Ukraine,2018,gdp_per_capita,3059.0517578125,World Bank WDI,2026-09-02
UKR,Ukraine,2017,gdp_per_capita,2604.28759765625,World Bank WDI,2026-09-02
UKR,Ukraine,2016,gdp_per_capita,2158.46118164063,World Bank WDI,2026-09-02
UKR,Ukraine,2015,gdp_per_capita,2094.47387695313,World Bank WDI,2026-09-02
UKR,Ukraine,2014,gdp_per_capita,3054.908203125,World Bank WDI,2026-09-02
UKR,Ukraine,2013,gdp_per_capita,4129.89697265625,World Bank WDI,2026-09-02
UKR,Ukraine,2012,gdp_per_capita,3951.34228515625,World Bank WDI,2026-09-02
UKR,Ukraine,2011,gdp_per_capita,3656.69799804688,World Bank WDI,2026-09-02
UKR,Ukraine,2010,gdp_per_capita,3039.63232421875,World Bank WDI,2026-09-02
UKR,Ukraine,2009,gdp_per_capita,2607.08764648438,World Bank WDI,2026-09-02
UKR,Ukraine,2008,gdp_per_capita,4017.806640625,World Bank WDI,2026-09-02
UKR,Ukraine,2007,gdp_per_capita,3160.32763671875,World Bank WDI,2026-09-02
UKR,Ukraine,2006,gdp_per_capita,2366.494140625,World Bank WDI,2026-09-02
UKR,Ukraine,2005,gdp_per_capita,1875.33508300781,World Bank WDI,2026-09-02
UKR,Ukraine,2004,gdp_per_capita,1401.01806640625,World Bank WDI,2026-09-02
UKR,Ukraine,2003,gdp_per_capita,1076.48156738281,World Bank WDI,2026-09-02
UKR,Ukraine,2002,gdp_per_capita,903.011901855469,World Bank WDI,2026-09-02
UKR,Ukraine,2001,gdp_per_capita,800.49072265625,World Bank WDI,2026-09-02
UKR,Ukraine,2000,gdp_per_capita,653.294311523438,World Bank WDI,2026-09-02
ARE,United Arab Emirates,2023,gdp_per_capita,49850.6945082084,World Bank WDI,2026-09-02
ARE,United Arab Emirates,2022,gdp_per_capita,50759.7590190204,World Bank WDI,2026-09-02
ARE,United Arab Emirates,2021,gdp_per_capita,44118.4936214315,World Bank WDI,2026-09-02
ARE,United Arab Emirates,2020,gdp_per_capita,37991.738387966,World Bank WDI,2026-09-02
ARE,United Arab Emirates,2019,gdp_per_capita,45938.6084572227,World Bank WDI,2026-09-02
ARE,United Arab Emirates,2018,gdp_per_capita,47135.3478795605,World Bank WDI,2026-09-02
ARE,United Arab Emirates,2017,gdp_per_capita,43733.6242018215,World Bank WDI,2026-09-02
ARE,United Arab Emirates,2016,gdp_per_capita,42721.1136110991,World Bank WDI,2026-09-02
ARE,United Arab Emirates,2015,gdp_per_capita,44910.3458860776,World Bank WDI,2026-09-02
ARE,United Arab Emirates,2014,gdp_per_capita,52725.2307981936,World Bank WDI,2026-09-02
ARE,United Arab Emirates,2013,gdp_per_capita,53247.2278745159,World Bank WDI,2026-09-02
ARE,United Arab Emirates,2012,gdp_per_capita,53141.6251661086,World Bank WDI,2026-09-02
ARE,United Arab Emirates,2011,gdp_per_capita,51921.8890746408,World Bank WDI,2026-09-02
ARE,United Arab Emirates,2010,gdp_per_capita,44795.2846234991,World Bank WDI,2026-09-02
ARE,United Arab Emirates,2009,gdp_per_capita,37803.0663737818,World Bank WDI,2026-09-02
ARE,United Arab Emirates,2008,gdp_per_capita,50054.1700685968,World Bank WDI,2026-09-02
ARE,United Arab Emirates,2007,gdp_per_capita,45854.7352436978,World Bank WDI,2026-09-02
ARE,United Arab Emirates,2006,gdp_per_capita,44342.603055045,World Bank WDI,2026-09-02
ARE,United Arab Emirates,2005,gdp_per_capita,38719.3138285388,World Bank WDI,2026-09-02
ARE,United Arab Emirates,2004,gdp_per_capita,33376.6880534412,World Bank WDI,2026-09-02
ARE,United Arab Emirates,2003,gdp_per_capita,29659.5710296993,World Bank WDI,2026-09-02
ARE,United Arab Emirates,2002,gdp_per_capita,27753.5810466782,World Bank WDI,2026-09-02
ARE,United Arab Emirates,2001,gdp_per_capita,27745.1684523079,World Bank WDI,2026-09-02
ARE,United Arab Emirates,2000,gdp_per_capita,29865.5285002232,World Bank WDI,2026-09-02
GBR,United Kingdom,2023,gdp_per_capita,49919.6896621586,World Bank WDI,2026-09-02
GBR,United Kingdom,2022,gdp_per_capita,47034.7795621476,World Bank WDI,2026-09-02
GBR,United Kingdom,2021,gdp_per_capita,47695.6491523474,World Bank WDI,2026-09-02
GBR,United Kingdom,2020,gdp_per_capita,40815.1255364787,World Bank WDI,2026-09-02
GBR,United Kingdom,2019,gdp_per_capita,43160.6843971799,World Bank WDI,2026-09-02
GBR,United Kingdom,2018,gdp_per_capita,43704.3162296687,World Bank WDI,2026-09-02
GBR,United Kingdom,2017,gdp_per_capita,40918.0520870944,World Bank WDI,2026-09-02
GBR,United Kingdom,2016,gdp_per_capita,41258.5374285695,World Bank WDI,2026-09-02
GBR,United Kingdom,2015,gdp_per_capita,45256.040227057,World Bank WDI,2026-09-02
GBR,United Kingdom,2014,gdp_per_capita,47746.9810645521,World Bank WDI,2026-09-02
GBR,United Kingdom,2013,gdp_per_capita,43607.6636827371,World Bank WDI,2026-09-02
GBR,United Kingdom,2012,gdp_per_capita,42688.3263728372,World Bank WDI,2026-09-02
GBR,United Kingdom,2011,gdp_per_capita,42295.9273835322,World Bank WDI,2026-09-02
GBR,United Kingdom,2010,gdp_per_capita,39778.3220528565,World Bank WDI,2026-09-02
GBR,United Kingdom,2009,gdp_per_capita,39009.3715547821,World Bank WDI,2026-09-02
GBR,United Kingdom,2008,gdp_per_capita,47652.4030691881,World Bank WDI,2026-09-02
GBR,United Kingdom,2007,gdp_per_capita,50629.0799172887,World Bank WDI,2026-09-02
GBR,United Kingdom,2006,gdp_per_capita,44695.161023424,World Bank WDI,2026-09-02
GBR,United Kingdom,2005,gdp_per_capita,42240.2462987547,World Bank WDI,2026-09-02
GBR,United Kingdom,2004,gdp_per_capita,40504.4118103928,World Bank WDI,2026-09-02
GBR,United Kingdom,2003,gdp_per_capita,34556.7726095905,World Bank WDI,2026-09-02
GBR,United Kingdom,2002,gdp_per_capita,30158.7017807858,World Bank WDI,2026-09-02
GBR,United Kingdom,2001,gdp_per_capita,28013.8729635508,World Bank WDI,2026-09-02
GBR,United Kingdom,2000,gdp_per_capita,28383.8761094996,World Bank WDI,2026-09-02
USA,United States,2023,gdp_per_capita,82586.7847707894,World Bank WDI,2026-09-02
USA,United States,2022,gdp_per_capita,78008.6895811877,World Bank WDI,2026-09-02
USA,United States,2021,gdp_per_capita,71441.2319805947,World Bank WDI,2026-09-02
USA,United States,2020,gdp_per_capita,64465.2971415748,World Bank WDI,2026-09-02
USA,United States,2019,gdp_per_capita,65227.9565911038,World Bank WDI,2026-09-02
USA,United States,2018,gdp_per_capita,62875.6661382728,World Bank WDI,2026-09-02
USA,United States,2017,gdp_per_capita,60047.7190728307,World Bank WDI,2026-09-02
USA,United States,2016,gdp_per_capita,57976.628204291,World Bank WDI,2026-09-02
USA,United States,2015,gdp_per_capita,56849.4697923159,World Bank WDI,2026-09-02
USA,United States,2014,gdp_per_capita,55153.3940182967,World Bank WDI,2026-09-02
USA,United States,2013,gdp_per_capita,53297.3862901595,World Bank WDI,2026-09-02
USA,United States,2012,gdp_per_capita,51708.3940614082,World Bank WDI,2026-09-02
USA,United States,2011,gdp_per_capita,50024.8812320773,World Bank WDI,2026-09-02
USA,United States,2010,gdp_per_capita,48642.6312088213,World Bank WDI,2026-09-02
USA,United States,2009,gdp_per_capita,47194.9500893872,World Bank WDI,2026-09-02
USA,United States,2008,gdp_per_capita,48570.0594269601,World Bank WDI,2026-09-02
USA,United States,2007,gdp_per_capita,48050.227412195,World Bank WDI,2026-09-02
USA,United States,2006,gdp_per_capita,46301.9876485519,World Bank WDI,2026-09-02
USA,United States,2005,gdp_per_capita,44123.3996470026,World Bank WDI,2026-09-02
USA,United States,2004,gdp_per_capita,41724.6411982614,World Bank WDI,2026-09-02
USA,United States,2003,gdp_per_capita,39490.3023903176,World Bank WDI,2026-09-02
USA,United States,2002,gdp_per_capita,37997.7424300242,World Bank WDI,2026-09-02
USA,United States,2001,gdp_per_capita,37133.6203973517,World Bank WDI,2026-09-02
USA,United States,2000,gdp_per_capita,36329.9702595751,World Bank WDI,2026-09-02
URY,Uruguay,2023,gdp_per_capita,23378.6399733516,World Bank WDI,2026-09-02
URY,Uruguay,2022,gdp_per_capita,21009.2883798725,World Bank WDI,2026-09-02
URY,Uruguay,2021,gdp_per_capita,17881.8119616753,World Bank WDI,2026-09-02
URY,Uruguay,2020,gdp_per_capita,15757.5341990356,World Bank WDI,2026-09-02
URY,Uruguay,2019,gdp_per_capita,18315.7350377437,World Bank WDI,2026-09-02
URY,Uruguay,2018,gdp_per_capita,19249.9404677501,World Bank WDI,2026-09-02
URY,Uruguay,2017,gdp_per_capita,19184.6626114272,World Bank WDI,2026-09-02
URY,Uruguay,2016,gdp_per_capita,17009.7584207276,World Bank WDI,2026-09-02
URY,Uruguay,2015,gdp_per_capita,17125.9016800298,World Bank WDI,2026-09-02
URY,Uruguay,2014,gdp_per_capita,18322.4276767157,World Bank WDI,2026-09-02
URY,Uruguay,2013,gdp_per_capita,18335.2594772322,World Bank WDI,2026-09-02
URY,Uruguay,2012,gdp_per_capita,16259.5940814256,World Bank WDI,2026-09-02
URY,Uruguay,2011,gdp_per_capita,15132.2675725587,World Bank WDI,2026-09-02
URY,Uruguay,2010,gdp_per_capita,12641.0576849008,World Bank WDI,2026-09-02
URY,Uruguay,2009,gdp_per_capita,9881.39573127081,World Bank WDI,2026-09-02
URY,Uruguay,2008,gdp_per_capita,9423.96562595893,World Bank WDI,2026-09-02
URY,Uruguay,2007,gdp_per_capita,7222.05403645877,World Bank WDI,2026-09-02
URY,Uruguay,2006,gdp_per_capita,6001.33294783172,World Bank WDI,2026-09-02
URY,Uruguay,2005,gdp_per_capita,5284.25677987129,World Bank WDI,2026-09-02
URY,Uruguay,2004,gdp_per_capita,4168.66065438387,World Bank WDI,2026-09-02
URY,Uruguay,2003,gdp_per_capita,3671.12329256883,World Bank WDI,2026-09-02
URY,Uruguay,2002,gdp_per_capita,4149.76140312687,World Bank WDI,2026-09-02
URY,Uruguay,2001,gdp_per_capita,6382.76104740859,World Bank WDI,2026-09-02
URY,Uruguay,2000,gdp_per_capita,6987.70098766257,World Bank WDI,2026-09-02
UZB,Uzbekistan,2023,gdp_per_capita,3015.97705069457,World Bank WDI,2026-09-02
UZB,Uzbekistan,2022,gdp_per_capita,2698.60262953369,World Bank WDI,2026-09-02
UZB,Uzbekistan,2021,gdp_per_capita,2370.36480555669,World Bank WDI,2026-09-02
UZB,Uzbekistan,2020,gdp_per_capita,2087.96374711792,World Bank WDI,2026-09-02
UZB,Uzbekistan,2019,gdp_per_capita,2128.66067138334,World Bank WDI,2026-09-02
UZB,Uzbekistan,2018,gdp_per_capita,1894.09088741408,World Bank WDI,2026-09-02
UZB,Uzbekistan,2017,gdp_per_capita,2271.4730109511,World Bank WDI,2026-09-02
UZB,Uzbekistan,2016,gdp_per_capita,3128.42307170099,World Bank WDI,2026-09-02
UZB,Uzbekistan,2015,gdp_per_capita,3172.89899391083,World Bank WDI,2026-09-02
UZB,Uzbekistan,2014,gdp_per_capita,3021.00331668049,World Bank WDI,2026-09-02
UZB,Uzbekistan,2013,gdp_per_capita,2781.38869470315,World Bank WDI,2026-09-02
UZB,Uzbekistan,2012,gdp_per_capita,2573.95586785056,World Bank WDI,2026-09-02
UZB,Uzbekistan,2011,gdp_per_capita,2338.55462817306,World Bank WDI,2026-09-02
UZB,Uzbekistan,2010,gdp_per_capita,1956.78127255673,World Bank WDI,2026-09-02
UZB,Uzbekistan,2009,gdp_per_capita,1205.7993547038,World Bank WDI,2026-09-02
UZB,Uzbekistan,2008,gdp_per_capita,1074.72928796701,World Bank WDI,2026-09-02
UZB,Uzbekistan,2007,gdp_per_capita,824.028192334768,World Bank WDI,2026-09-02
UZB,Uzbekistan,2006,gdp_per_capita,649.118167003925,World Bank WDI,2026-09-02
UZB,Uzbekistan,2005,gdp_per_capita,542.835808692209,World Bank WDI,2026-09-02
UZB,Uzbekistan,2004,gdp_per_capita,462.171492867885,World Bank WDI,2026-09-02
UZB,Uzbekistan,2003,gdp_per_capita,394.164028897235,World Bank WDI,2026-09-02
UZB,Uzbekistan,2002,gdp_per_capita,381.409296889283,World Bank WDI,2026-09-02
UZB,Uzbekistan,2001,gdp_per_capita,454.415812256778,World Bank WDI,2026-09-02
UZB,Uzbekistan,2000,gdp_per_capita,555.149231099186,World Bank WDI,2026-09-02
VUT,Vanuatu,2023,gdp_per_capita,3708.18942411253,World Bank WDI,2026-09-02
VUT,Vanuatu,2022,gdp_per_capita,3679.53524327491,World Bank WDI,2026-09-02
VUT,Vanuatu,2021,gdp_per_capita,3576.13770954363,World Bank WDI,2026-09-02
VUT,Vanuatu,2020,gdp_per_capita,3404.30359167624,World Bank WDI,2026-09-02
VUT,Vanuatu,2019,gdp_per_capita,3635.62344878185,World Bank WDI,2026-09-02
VUT,Vanuatu,2018,gdp_per_capita,3626.18862522473,World Bank WDI,2026-09-02
VUT,Vanuatu,2017,gdp_per_capita,3585.31798081216,World Bank WDI,2026-09-02
VUT,Vanuatu,2016,gdp_per_capita,3339.83436471043,World Bank WDI,2026-09-02
VUT,Vanuatu,2015,gdp_per_capita,3214.41948587141,World Bank WDI,2026-09-02
VUT,Vanuatu,2014,gdp_per_capita,3378.36411965135,World Bank WDI,2026-09-02
VUT,Vanuatu,2013,gdp_per_capita,3392.56675091682,World Bank WDI,2026-09-02
VUT,Vanuatu,2012,gdp_per_capita,3004.78416664293,World Bank WDI,2026-09-02
VUT,Vanuatu,2011,gdp_per_capita,3163.1861645138,World Bank WDI,2026-09-02
VUT,Vanuatu,2010,gdp_per_capita,2815.18828985779,World Bank WDI,2026-09-02
VUT,Vanuatu,2009,gdp_per_capita,2546.38324565986,World Bank WDI,2026-09-02
VUT,Vanuatu,2008,gdp_per_capita,2603.60883136724,World Bank WDI,2026-09-02
VUT,Vanuatu,2007,gdp_per_capita,2333.70506748914,World Bank WDI,2026-09-02
VUT,Vanuatu,2006,gdp_per_capita,2034.79289624351,World Bank WDI,2026-09-02
VUT,Vanuatu,2005,gdp_per_capita,1873.99142640619,World Bank WDI,2026-09-02
VUT,Vanuatu,2004,gdp_per_capita,1774.31867585894,World Bank WDI,2026-09-02
VUT,Vanuatu,2003,gdp_per_capita,1566.51396790858,World Bank WDI,2026-09-02
VUT,Vanuatu,2002,gdp_per_capita,1340.71537528287,World Bank WDI,2026-09-02
VUT,Vanuatu,2001,gdp_per_capita,1350.18338238522,World Bank WDI,2026-09-02
VUT,Vanuatu,2000,gdp_per_capita,1460.23817692229,World Bank WDI,2026-09-02
VEN,"Venezuela, RB",2023,gdp_per_capita,3617.47038396528,World Bank WDI,2026-09-02
VEN,"Venezuela, RB",2022,gdp_per_capita,3155.04190923584,World Bank WDI,2026-09-02
VEN,"Venezuela, RB",2021,gdp_per_capita,2004.93572921136,World Bank WDI,2026-09-02
VEN,"Venezuela, RB",2020,gdp_per_capita,1506.04169391285,World Bank WDI,2026-09-02
VEN,"Venezuela, RB",2019,gdp_per_capita,2523.11527549578,World Bank WDI,2026-09-02
VEN,"Venezuela, RB",2018,gdp_per_capita,3421.51341607593,World Bank WDI,2026-09-02
VEN,"Venezuela, RB",2017,gdp_per_capita,3791.63262049576,World Bank WDI,2026-09-02
VEN,"Venezuela, RB",2016,gdp_per_capita,3671.23004093383,World Bank WDI,2026-09-02
VEN,"Venezuela, RB",2015,gdp_per_capita,4096.61989137473,World Bank WDI,2026-09-02
VEN,"Venezuela, RB",2014,gdp_per_capita,7101.15006382986,World Bank WDI,2026-09-02
VEN,"Venezuela, RB",2013,gdp_per_capita,8642.37380007027,World Bank WDI,2026-09-02
VEN,"Venezuela, RB",2012,gdp_per_capita,12582.0125686037,World Bank WDI,2026-09-02
VEN,"Venezuela, RB",2011,gdp_per_capita,10843.9229703167,World Bank WDI,2026-09-02
VEN,"Venezuela, RB",2010,gdp_per_capita,13646.3046622664,World Bank WDI,2026-09-02
VEN,"Venezuela, RB",2009,gdp_per_capita,11596.6021921731,World Bank WDI,2026-09-02
VEN,"Venezuela, RB",2008,gdp_per_capita,11262.4514256759,World Bank WDI,2026-09-02
VEN,"Venezuela, RB",2007,gdp_per_capita,8331.62096991844,World Bank WDI,2026-09-02
VEN,"Venezuela, RB",2006,gdp_per_capita,6739.38065342218,World Bank WDI,2026-09-02
VEN,"Venezuela, RB",2005,gdp_per_capita,5432.4854184654,World Bank WDI,2026-09-02
VEN,"Venezuela, RB",2004,gdp_per_capita,4269.08970872392,World Bank WDI,2026-09-02
VEN,"Venezuela, RB",2003,gdp_per_capita,3229.50557082079,World Bank WDI,2026-09-02
VEN,"Venezuela, RB",2002,gdp_per_capita,3652.09896501865,World Bank WDI,2026-09-02
VEN,"Venezuela, RB",2001,gdp_per_capita,4920.39313600453,World Bank WDI,2026-09-02
VEN,"Venezuela, RB",2000,gdp_per_capita,4776.2816763938,World Bank WDI,2026-09-02
VNM,Viet Nam,2023,gdp_per_capita,4322.82572261566,World Bank WDI,2026-09-02
VNM,Viet Nam,2022,gdp_per_capita,4147.69777213621,World Bank WDI,2026-09-02
VNM,Viet Nam,2021,gdp_per_capita,3704.1935590038,World Bank WDI,2026-09-02
VNM,Viet Nam,2020,gdp_per_capita,3534.03953482647,World Bank WDI,2026-09-02
VNM,Viet Nam,2019,gdp_per_capita,3440.90025375434,World Bank WDI,2026-09-02
VNM,Viet Nam,2018,gdp_per_capita,3222.31003125366,World Bank WDI,2026-09-02
VNM,Viet Nam,2017,gdp_per_capita,2956.10992127753,World Bank WDI,2026-09-02
VNM,Viet Nam,2016,gdp_per_capita,2735.0604380416,World Bank WDI,2026-09-02
VNM,Viet Nam,2015,gdp_per_capita,2577.56885340113,World Bank WDI,2026-09-02
VNM,Viet Nam,2014,gdp_per_capita,2546.38464459903,World Bank WDI,2026-09-02
VNM,Viet Nam,2013,gdp_per_capita,2359.51736472828,World Bank WDI,2026-09-02
VNM,Viet Nam,2012,gdp_per_capita,2185.11767654291,World Bank WDI,2026-09-02
VNM,Viet Nam,2011,gdp_per_capita,1950.92504174913,World Bank WDI,2026-09-02
VNM,Viet Nam,2010,gdp_per_capita,1683.16182443979,World Bank WDI,2026-09-02
VNM,Viet Nam,2009,gdp_per_capita,1226.16976051536,World Bank WDI,2026-09-02
VNM,Viet Nam,2008,gdp_per_capita,1163.83195772873,World Bank WDI,2026-09-02
VNM,Viet Nam,2007,gdp_per_capita,925.640338348717,World Bank WDI,2026-09-02
VNM,Viet Nam,2006,gdp_per_capita,807.756645117054,World Bank WDI,2026-09-02
VNM,Viet Nam,2005,gdp_per_capita,710.746759994861,World Bank WDI,2026-09-02
VNM,Viet Nam,2004,gdp_per_capita,565.452284586212,World Bank WDI,2026-09-02
VNM,Viet Nam,2003,gdp_per_capita,497.117089249256,World Bank WDI,2026-09-02
VNM,Viet Nam,2002,gdp_per_capita,445.132861817313,World Bank WDI,2026-09-02
VNM,Viet Nam,2001,gdp_per_capita,419.205677580901,World Bank WDI,2026-09-02
VNM,Viet Nam,2000,gdp_per_capita,404.029784055118,World Bank WDI,2026-09-02
VIR,Virgin Islands (U.S.),2022,gdp_per_capita,44320.909185774,World Bank WDI,2026-09-02
VIR,Virgin Islands (U.S.),2021,gdp_per_capita,42571.0777368471,World Bank WDI,2026-09-02
VIR,Virgin Islands (U.S.),2020,gdp_per_capita,39787.3741650202,World Bank WDI,2026-09-02
VIR,Virgin Islands (U.S.),2019,gdp_per_capita,38633.5298915336,World Bank WDI,2026-09-02
VIR,Virgin Islands (U.S.),2018,gdp_per_capita,36663.2087550584,World Bank WDI,2026-09-02
VIR,Virgin Islands (U.S.),2017,gdp_per_capita,35365.0693039774,World Bank WDI,2026-09-02
VIR,Virgin Islands (U.S.),2016,gdp_per_capita,35324.9748874586,World Bank WDI,2026-09-02
VIR,Virgin Islands (U.S.),2015,gdp_per_capita,34007.3529411765,World Bank WDI,2026-09-02
VIR,Virgin Islands (U.S.),2014,gdp_per_capita,33045.3643795999,World Bank WDI,2026-09-02
VIR,Virgin Islands (U.S.),2013,gdp_per_capita,34597.9766940328,World Bank WDI,2026-09-02
VIR,Virgin Islands (U.S.),2012,gdp_per_capita,37795.3192590675,World Bank WDI,2026-09-02
VIR,Virgin Islands (U.S.),2011,gdp_per_capita,38997.1373164651,World Bank WDI,2026-09-02
VIR,Virgin Islands (U.S.),2010,gdp_per_capita,39905.1284180994,World Bank WDI,2026-09-02
VIR,Virgin Islands (U.S.),2009,gdp_per_capita,38753.1825393897,World Bank WDI,2026-09-02
VIR,Virgin Islands (U.S.),2008,gdp_per_capita,39152.3750657306,World Bank WDI,2026-09-02
VIR,Virgin Islands (U.S.),2007,gdp_per_capita,44158.5054044325,World Bank WDI,2026-09-02
VIR,Virgin Islands (U.S.),2006,gdp_per_capita,41377.1466009652,World Bank WDI,2026-09-02
VIR,Virgin Islands (U.S.),2005,gdp_per_capita,40828.7460927775,World Bank WDI,2026-09-02
VIR,Virgin Islands (U.S.),2004,gdp_per_capita,35006.3614404514,World Bank WDI,2026-09-02
VIR,Virgin Islands (U.S.),2003,gdp_per_capita,31731.2566241187,World Bank WDI,2026-09-02
VIR,Virgin Islands (U.S.),2002,gdp_per_capita,30062.0225050457,World Bank WDI,2026-09-02
PSE,West Bank and Gaza,2023,gdp_per_capita,3607.41611858821,World Bank WDI,2026-09-02
PSE,West Bank and Gaza,2022,gdp_per_capita,3799.95527015163,World Bank WDI,2026-09-02
PSE,West Bank and Gaza,2021,gdp_per_capita,3678.63565662194,World Bank WDI,2026-09-02
PSE,West Bank and Gaza,2020,gdp_per_capita,3233.56863835858,World Bank WDI,2026-09-02
PSE,West Bank and Gaza,2019,gdp_per_capita,3656.85827137011,World Bank WDI,2026-09-02
PSE,West Bank and Gaza,2018,gdp_per_capita,3562.33094270256,World Bank WDI,2026-09-02
PSE,West Bank and Gaza,2017,gdp_per_capita,3620.36048715937,World Bank WDI,2026-09-02
PSE,West Bank and Gaza,2016,gdp_per_capita,3527.61382413178,World Bank WDI,2026-09-02
PSE,West Bank and Gaza,2015,gdp_per_capita,3272.15432360708,World Bank WDI,2026-09-02
PSE,West Bank and Gaza,2014,gdp_per_capita,3352.11259506043,World Bank WDI,2026-09-02
PSE,West Bank and Gaza,2013,gdp_per_capita,3315.29753909282,World Bank WDI,2026-09-02
PSE,West Bank and Gaza,2012,gdp_per_capita,3067.43872735614,World Bank WDI,2026-09-02
PSE,West Bank and Gaza,2011,gdp_per_capita,2880.79843707909,World Bank WDI,2026-09-02
PSE,West Bank and Gaza,2010,gdp_per_capita,2557.07562356699,World Bank WDI,2026-09-02
PSE,West Bank and Gaza,2009,gdp_per_capita,2191.78178736868,World Bank WDI,2026-09-02
PSE,West Bank and Gaza,2008,gdp_per_capita,2035.20234121766,World Bank WDI,2026-09-02
PSE,West Bank and Gaza,2007,gdp_per_capita,1664.24571669276,World Bank WDI,2026-09-02
PSE,West Bank and Gaza,2006,gdp_per_capita,1570.10439962728,World Bank WDI,2026-09-02
PSE,West Bank and Gaza,2005,gdp_per_capita,1543.70141392774,World Bank WDI,2026-09-02
PSE,West Bank and Gaza,2004,gdp_per_capita,1422.19088643544,World Bank WDI,2026-09-02
PSE,West Bank and Gaza,2003,gdp_per_capita,1257.69857009689,World Bank WDI,2026-09-02
PSE,West Bank and Gaza,2002,gdp_per_capita,1156.21747345769,World Bank WDI,2026-09-02
PSE,West Bank and Gaza,2001,gdp_per_capita,1335.55319529359,World Bank WDI,2026-09-02
PSE,West Bank and Gaza,2000,gdp_per_capita,1476.17185000238,World Bank WDI,2026-09-02
YEM,"Yemen, Rep.",2018,gdp_per_capita,633.887202451545,World Bank WDI,2026-09-02
YEM,"Yemen, Rep.",2017,gdp_per_capita,811.165970405745,World Bank WDI,2026-09-02
YEM,"Yemen, Rep.",2016,gdp_per_capita,975.359417003225,World Bank WDI,2026-09-02
YEM,"Yemen, Rep.",2015,gdp_per_capita,1362.1738120601,World Bank WDI,2026-09-02
YEM,"Yemen, Rep.",2014,gdp_per_capita,1430.16420964026,World Bank WDI,2026-09-02
YEM,"Yemen, Rep.",2013,gdp_per_capita,1378.75002954928,World Bank WDI,2026-09-02
YEM,"Yemen, Rep.",2012,gdp_per_capita,1245.05068272078,World Bank WDI,2026-09-02
YEM,"Yemen, Rep.",2011,gdp_per_capita,1186.47500581215,World Bank WDI,2026-09-02
YEM,"Yemen, Rep.",2010,gdp_per_capita,1155.20305261418,World Bank WDI,2026-09-02
YEM,"Yemen, Rep.",2009,gdp_per_capita,969.243509864478,World Bank WDI,2026-09-02
YEM,"Yemen, Rep.",2008,gdp_per_capita,1071.63583282105,World Bank WDI,2026-09-02
YEM,"Yemen, Rep.",2007,gdp_per_capita,890.305768114988,World Bank WDI,2026-09-02
YEM,"Yemen, Rep.",2006,gdp_per_capita,809.713127624703,World Bank WDI,2026-09-02
YEM,"Yemen, Rep.",2005,gdp_per_capita,734.159908450927,World Bank WDI,2026-09-02
YEM,"Yemen, Rep.",2004,gdp_per_capita,627.632023395762,World Bank WDI,2026-09-02
YEM,"Yemen, Rep.",2003,gdp_per_capita,548.905883049973,World Bank WDI,2026-09-02
YEM,"Yemen, Rep.",2002,gdp_per_capita,513.241486570603,World Bank WDI,2026-09-02
YEM,"Yemen, Rep.",2001,gdp_per_capita,487.141257946318,World Bank WDI,2026-09-02
YEM,"Yemen, Rep.",2000,gdp_per_capita,493.235182634814,World Bank WDI,2026-09-02
ZMB,Zambia,2023,gdp_per_capita,1330.72780576709,World Bank WDI,2026-09-02
ZMB,Zambia,2022,gdp_per_capita,1447.12310138035,World Bank WDI,2026-09-02
ZMB,Zambia,2021,gdp_per_capita,1127.16077872857,World Bank WDI,2026-09-02
ZMB,Zambia,2020,gdp_per_capita,951.644316655957,World Bank WDI,2026-09-02
ZMB,Zambia,2019,gdp_per_capita,1258.98619844462,World Bank WDI,2026-09-02
ZMB,Zambia,2018,gdp_per_capita,1463.89997855593,World Bank WDI,2026-09-02
ZMB,Zambia,2017,gdp_per_capita,1483.46577328065,World Bank WDI,2026-09-02
ZMB,Zambia,2016,gdp_per_capita,1239.08527877713,World Bank WDI,2026-09-02
ZMB,Zambia,2015,gdp_per_capita,1295.87788680068,World Bank WDI,2026-09-02
ZMB,Zambia,2014,gdp_per_capita,1707.48573136694,World Bank WDI,2026-09-02
ZMB,Zambia,2013,gdp_per_capita,1820.71854827391,World Bank WDI,2026-09-02
ZMB,Zambia,2012,gdp_per_capita,1710.05061343728,World Bank WDI,2026-09-02
ZMB,Zambia,2011,gdp_per_capita,1624.86817763443,World Bank WDI,2026-09-02
ZMB,Zambia,2010,gdp_per_capita,1451.10616017155,World Bank WDI,2026-09-02
ZMB,Zambia,2009,gdp_per_capita,1136.24168316848,World Bank WDI,2026-09-02
ZMB,Zambia,2008,gdp_per_capita,1375.50211006997,World Bank WDI,2026-09-02
ZMB,Zambia,2007,gdp_per_capita,1118.73162626953,World Bank WDI,2026-09-02
ZMB,Zambia,2006,gdp_per_capita,1051.71714895686,World Bank WDI,2026-09-02
ZMB,Zambia,2005,gdp_per_capita,710.982068171696,World Bank WDI,2026-09-02
ZMB,Zambia,2004,gdp_per_capita,548.685974566277,World Bank WDI,2026-09-02
ZMB,Zambia,2003,gdp_per_capita,446.290104839041,World Bank WDI,2026-09-02
ZMB,Zambia,2002,gdp_per_capita,393.864625518616,World Bank WDI,2026-09-02
ZMB,Zambia,2001,gdp_per_capita,396.548952993504,World Bank WDI,2026-09-02
ZMB,Zambia,2000,gdp_per_capita,359.429500988221,World Bank WDI,2026-09-02
ZWE,Zimbabwe,2023,gdp_per_capita,2195.22502010174,World Bank WDI,2026-09-02
ZWE,Zimbabwe,2022,gdp_per_capita,2536.40197087505,World Bank WDI,2026-09-02
ZWE,Zimbabwe,2021,gdp_per_capita,2613.6167414057,World Bank WDI,2026-09-02
ZWE,Zimbabwe,2020,gdp_per_capita,2059.63704025274,World Bank WDI,2026-09-02
ZWE,Zimbabwe,2019,gdp_per_capita,2184.52155388801,World Bank WDI,2026-09-02
ZWE,Zimbabwe,2018,gdp_per_capita,2270.89531874302,World Bank WDI,2026-09-02
ZWE,Zimbabwe,2017,gdp_per_capita,3445.44941020134,World Bank WDI,2026-09-02
ZWE,Zimbabwe,2016,gdp_per_capita,1408.13945253431,World Bank WDI,2026-09-02
ZWE,Zimbabwe,2015,gdp_per_capita,1387.12632595026,World Bank WDI,2026-09-02
ZWE,Zimbabwe,2014,gdp_per_capita,1372.91526173161,World Bank WDI,2026-09-02
ZWE,Zimbabwe,2013,gdp_per_capita,1362.99498323368,World Bank WDI,2026-09-02
ZWE,Zimbabwe,2012,gdp_per_capita,1239.22709745709,World Bank WDI,2026-09-02
ZWE,Zimbabwe,2011,gdp_per_capita,1037.77565157218,World Bank WDI,2026-09-02
ZWE,Zimbabwe,2010,gdp_per_capita,902.010759067388,World Bank WDI,2026-09-02
ZWE,Zimbabwe,2009,gdp_per_capita,735.821693871697,World Bank WDI,2026-09-02
ZWE,Zimbabwe,2008,gdp_per_capita,340.917447588572,World Bank WDI,2026-09-02
ZWE,Zimbabwe,2007,gdp_per_capita,413.521244592925,World Bank WDI,2026-09-02
ZWE,Zimbabwe,2006,gdp_per_capita,431.034994414964,World Bank WDI,2026-09-02
ZWE,Zimbabwe,2005,gdp_per_capita,461.271387547912,World Bank WDI,2026-09-02
ZWE,Zimbabwe,2004,gdp_per_capita,469.719298949304,World Bank WDI,2026-09-02
ZWE,Zimbabwe,2003,gdp_per_capita,468.471932927213,World Bank WDI,2026-09-02
ZWE,Zimbabwe,2002,gdp_per_capita,524.936478570323,World Bank WDI,2026-09-02
ZWE,Zimbabwe,2001,gdp_per_capita,566.388746448872,World Bank WDI,2026-09-02
ZWE,Zimbabwe,2000,gdp_per_capita,562.833757496076,World Bank WDI,2026-09-02
