country_code,country_name,year,indicator_name,value,source,retrieved_date
AFG,Afghanistan,2023,mortality_u5,54.9,UN IGME (via World Bank API),2026-09-02
AFG,Afghanistan,2022,mortality_u5,56.8,UN IGME (via World Bank API),2026-09-02
AFG,Afghanistan,2021,mortality_u5,58.7,UN IGME (via World Bank API),2026-09-02
AFG,Afghanistan,2020,mortality_u5,60.7,UN IGME (via World Bank API),2026-09-02
AFG,Afghanistan,2019,mortality_u5,62.7,UN IGME (via World Bank API),2026-09-02
AFG,Afghanistan,2018,mortality_u5,64.8,UN IGME (via World Bank API),2026-09-02
AFG,Afghanistan,2017,mortality_u5,67.1,UN IGME (via World Bank API),2026-09-02
AFG,Afghanistan,2016,mortality_u5,69.4,UN IGME (via World Bank API),2026-09-02
AFG,Afghanistan,2015,mortality_u5,71.9,UN IGME (via World Bank API),2026-09-02
AFG,Afghanistan,2014,mortality_u5,74.6,UN IGME (via World Bank API),2026-09-02
AFG,Afghanistan,2013,mortality_u5,77.6,UN IGME (via World Bank API),2026-09-02
AFG,Afghanistan,2012,mortality_u5,80.8,UN IGME (via World Bank API),2026-09-02
AFG,Afghanistan,2011,mortality_u5,84.3,UN IGME (via World Bank API),2026-09-02
AFG,Afghanistan,2010,mortality_u5,88.0,UN IGME (via World Bank API),2026-09-02
AFG,Afghanistan,2009,mortality_u5,91.9,UN IGME (via World Bank API),2026-09-02
AFG,Afghanistan,2008,mortality_u5,96.1,UN IGME (via World Bank API),2026-09-02
AFG,Afghanistan,2007,mortality_u5,100.4,UN IGME (via World Bank API),2026-09-02
AFG,Afghanistan,2006,mortality_u5,104.8,UN IGME (via World Bank API),2026-09-02
AFG,Afghanistan,2005,mortality_u5,109.3,UN IGME (via World Bank API),2026-09-02
AFG,Afghanistan,2004,mortality_u5,113.9,UN IGME (via World Bank API),2026-09-02
AFG,Afghanistan,2003,mortality_u5,118.5,UN IGME (via World Bank API),2026-09-02
AFG,Afghanistan,2002,mortality_u5,123.1,UN IGME (via World Bank API),2026-09-02
AFG,Afghanistan,2001,mortality_u5,127.5,UN IGME (via World Bank API),2026-09-02
AFG,Afghanistan,2000,mortality_u5,131.7,UN IGME (via World Bank API),2026-09-02
ALB,Albania,2023,mortality_u5,9.4,UN IGME (via World Bank API),2026-09-02
ALB,Albania,2022,mortality_u5,9.4,UN IGME (via World Bank API),2026-09-02
ALB,Albania,2021,mortality_u5,9.5,UN IGME (via World Bank API),2026-09-02
ALB,Albania,2020,mortality_u5,9.4,UN IGME (via World Bank API),2026-09-02
ALB,Albania,2019,mortality_u5,9.4,UN IGME (via World Bank API),2026-09-02
ALB,Albania,2018,mortality_u5,9.3,UN IGME (via World Bank API),2026-09-02
ALB,Albania,2017,mortality_u5,9.3,UN IGME (via World Bank API),2026-09-02
ALB,Albania,2016,mortality_u5,9.4,UN IGME (via World Bank API),2026-09-02
ALB,Albania,2015,mortality_u5,9.6,UN IGME (via World Bank API),2026-09-02
ALB,Albania,2014,mortality_u5,9.9,UN IGME (via World Bank API),2026-09-02
ALB,Albania,2013,mortality_u5,10.5,UN IGME (via World Bank API),2026-09-02
ALB,Albania,2012,mortality_u5,11.2,UN IGME (via World Bank API),2026-09-02
ALB,Albania,2011,mortality_u5,12.2,UN IGME (via World Bank API),2026-09-02
ALB,Albania,2010,mortality_u5,13.3,UN IGME (via World Bank API),2026-09-02
ALB,Albania,2009,mortality_u5,14.5,UN IGME (via World Bank API),2026-09-02
ALB,Albania,2008,mortality_u5,15.8,UN IGME (via World Bank API),2026-09-02
ALB,Albania,2007,mortality_u5,17.1,UN IGME (via World Bank API),2026-09-02
ALB,Albania,2006,mortality_u5,18.5,UN IGME (via World Bank API),2026-09-02
ALB,Albania,2005,mortality_u5,20.0,UN IGME (via World Bank API),2026-09-02
ALB,Albania,2004,mortality_u5,21.4,UN IGME (via World Bank API),2026-09-02
ALB,Albania,2003,mortality_u5,22.9,UN IGME (via World Bank API),2026-09-02
ALB,Albania,2002,mortality_u5,24.3,UN IGME (via World Bank API),2026-09-02
ALB,Albania,2001,mortality_u5,25.6,UN IGME (via World Bank API),2026-09-02
ALB,Albania,2000,mortality_u5,27.0,UN IGME (via World Bank API),2026-09-02
DZA,Algeria,2023,mortality_u5,22.0,UN IGME (via World Bank API),2026-09-02
DZA,Algeria,2022,mortality_u5,22.3,UN IGME (via World Bank API),2026-09-02
DZA,Algeria,2021,mortality_u5,22.6,UN IGME (via World Bank API),2026-09-02
DZA,Algeria,2020,mortality_u5,22.9,UN IGME (via World Bank API),2026-09-02
DZA,Algeria,2019,mortality_u5,23.3,UN IGME (via World Bank API),2026-09-02
DZA,Algeria,2018,mortality_u5,23.7,UN IGME (via World Bank API),2026-09-02
DZA,Algeria,2017,mortality_u5,24.0,UN IGME (via World Bank API),2026-09-02
DZA,Algeria,2016,mortality_u5,24.5,UN IGME (via World Bank API),2026-09-02
DZA,Algeria,2015,mortality_u5,24.9,UN IGME (via World Bank API),2026-09-02
DZA,Algeria,2014,mortality_u5,25.4,UN IGME (via World Bank API),2026-09-02
DZA,Algeria,2013,mortality_u5,25.9,UN IGME (via World Bank API),2026-09-02
DZA,Algeria,2012,mortality_u5,26.6,UN IGME (via World Bank API),2026-09-02
DZA,Algeria,2011,mortality_u5,27.3,UN IGME (via World Bank API),2026-09-02
DZA,Algeria,2010,mortality_u5,28.1,UN IGME (via World Bank API),2026-09-02
DZA,Algeria,2009,mortality_u5,29.0,UN IGME (via World Bank API),2026-09-02
DZA,Algeria,2008,mortality_u5,30.1,UN IGME (via World Bank API),2026-09-02
DZA,Algeria,2007,mortality_u5,31.2,UN IGME (via World Bank API),2026-09-02
DZA,Algeria,2006,mortality_u5,32.5,UN IGME (via World Bank API),2026-09-02
DZA,Algeria,2005,mortality_u5,33.9,UN IGME (via World Bank API),2026-09-02
DZA,Algeria,2004,mortality_u5,35.4,UN IGME (via World Bank API),2026-09-02
DZA,Algeria,2003,mortality_u5,37.0,UN IGME (via World Bank API),2026-09-02
DZA,Algeria,2002,mortality_u5,38.6,UN IGME (via World Bank API),2026-09-02
DZA,Algeria,2001,mortality_u5,40.2,UN IGME (via World Bank API),2026-09-02
DZA,Algeria,2000,mortality_u5,41.7,UN IGME (via World Bank API),2026-09-02
AND,Andorra,2023,mortality_u5,2.6,UN IGME (via World Bank API),2026-09-02
AND,Andorra,2022,mortality_u5,2.7,UN IGME (via World Bank API),2026-09-02
AND,Andorra,2021,mortality_u5,2.8,UN IGME (via World Bank API),2026-09-02
AND,Andorra,2020,mortality_u5,2.9,UN IGME (via World Bank API),2026-09-02
AND,Andorra,2019,mortality_u5,3.0,UN IGME (via World Bank API),2026-09-02
AND,Andorra,2018,mortality_u5,3.1,UN IGME (via World Bank API),2026-09-02
AND,Andorra,2017,mortality_u5,3.2,UN IGME (via World Bank API),2026-09-02
AND,Andorra,2016,mortality_u5,3.4,UN IGME (via World Bank API),2026-09-02
AND,Andorra,2015,mortality_u5,3.5,UN IGME (via World Bank API),2026-09-02
AND,Andorra,2014,mortality_u5,3.7,UN IGME (via World Bank API),2026-09-02
AND,Andorra,2013,mortality_u5,3.9,UN IGME (via World Bank API),2026-09-02
AND,Andorra,2012,mortality_u5,4.1,UN IGME (via World Bank API),2026-09-02
AND,Andorra,2011,mortality_u5,4.3,UN IGME (via World Bank API),2026-09-02
AND,Andorra,2010,mortality_u5,4.5,UN IGME (via World Bank API),2026-09-02
AND,Andorra,2009,mortality_u5,4.8,UN IGME (via World Bank API),2026-09-02
AND,Andorra,2008,mortality_u5,5.0,UN IGME (via World Bank API),2026-09-02
AND,Andorra,2007,mortality_u5,5.3,UN IGME (via World Bank API),2026-09-02
AND,Andorra,2006,mortality_u5,5.6,UN IGME (via World Bank API),2026-09-02
AND,Andorra,2005,mortality_u5,5.9,UN IGME (via World Bank API),2026-09-02
AND,Andorra,2004,mortality_u5,6.2,UN IGME (via World Bank API),2026-09-02
AND,Andorra,2003,mortality_u5,6.5,UN IGME (via World Bank API),2026-09-02
AND,Andorra,2002,mortality_u5,6.8,UN IGME (via World Bank API),2026-09-02
AND,Andorra,2001,mortality_u5,7.2,UN IGME (via World Bank API),2026-09-02
AND,Andorra,2000,mortality_u5,7.6,UN IGME (via World Bank API),2026-09-02
AGO,Angola,2023,mortality_u5,50.5,UN IGME (via World Bank API),2026-09-02
AGO,Angola,2022,mortality_u5,51.9,UN IGME (via World Bank API),2026-09-02
AGO,Angola,2021,mortality_u5,53.2,UN IGME (via World Bank API),2026-09-02
AGO,Angola,2020,mortality_u5,54.2,UN IGME (via World Bank API),2026-09-02
AGO,Angola,2019,mortality_u5,55.3,UN IGME (via World Bank API),2026-09-02
AGO,Angola,2018,mortality_u5,56.5,UN IGME (via World Bank API),2026-09-02
AGO,Angola,2017,mortality_u5,57.9,UN IGME (via World Bank API),2026-09-02
AGO,Angola,2016,mortality_u5,59.6,UN IGME (via World Bank API),2026-09-02
AGO,Angola,2015,mortality_u5,61.8,UN IGME (via World Bank API),2026-09-02
AGO,Angola,2014,mortality_u5,64.5,UN IGME (via World Bank API),2026-09-02
AGO,Angola,2013,mortality_u5,67.9,UN IGME (via World Bank API),2026-09-02
AGO,Angola,2012,mortality_u5,72.0,UN IGME (via World Bank API),2026-09-02
AGO,Angola,2011,mortality_u5,77.2,UN IGME (via World Bank API),2026-09-02
AGO,Angola,2010,mortality_u5,83.4,UN IGME (via World Bank API),2026-09-02
AGO,Angola,2009,mortality_u5,90.7,UN IGME (via World Bank API),2026-09-02
AGO,Angola,2008,mortality_u5,99.2,UN IGME (via World Bank API),2026-09-02
AGO,Angola,2007,mortality_u5,109.0,UN IGME (via World Bank API),2026-09-02
AGO,Angola,2006,mortality_u5,119.8,UN IGME (via World Bank API),2026-09-02
AGO,Angola,2005,mortality_u5,131.5,UN IGME (via World Bank API),2026-09-02
AGO,Angola,2004,mortality_u5,143.7,UN IGME (via World Bank API),2026-09-02
AGO,Angola,2003,mortality_u5,155.5,UN IGME (via World Bank API),2026-09-02
AGO,Angola,2002,mortality_u5,166.4,UN IGME (via World Bank API),2026-09-02
AGO,Angola,2001,mortality_u5,176.3,UN IGME (via World Bank API),2026-09-02
AGO,Angola,2000,mortality_u5,185.0,UN IGME (via World Bank API),2026-09-02
ATG,Antigua and Barbuda,2023,mortality_u5,9.3,UN IGME (via World Bank API),2026-09-02
ATG,Antigua and Barbuda,2022,mortality_u5,9.6,UN IGME (via World Bank API),2026-09-02
ATG,Antigua and Barbuda,2021,mortality_u5,9.8,UN IGME (via World Bank API),2026-09-02
ATG,Antigua and Barbuda,2020,mortality_u5,10.1,UN IGME (via World Bank API),2026-09-02
ATG,Antigua and Barbuda,2019,mortality_u5,10.3,UN IGME (via World Bank API),2026-09-02
ATG,Antigua and Barbuda,2018,mortality_u5,10.5,UN IGME (via World Bank API),2026-09-02
ATG,Antigua and Barbuda,2017,mortality_u5,10.7,UN IGME (via World Bank API),2026-09-02
ATG,Antigua and Barbuda,2016,mortality_u5,10.8,UN IGME (via World Bank API),2026-09-02
ATG,Antigua and Barbuda,2015,mortality_u5,11.0,UN IGME (via World Bank API),2026-09-02
ATG,Antigua and Barbuda,2014,mortality_u5,11.2,UN IGME (via World Bank API),2026-09-02
ATG,Antigua and Barbuda,2013,mortality_u5,11.4,UN IGME (via World Bank API),2026-09-02
ATG,Antigua and Barbuda,2012,mortality_u5,11.6,UN IGME (via World Bank API),2026-09-02
ATG,Antigua and Barbuda,2011,mortality_u5,11.8,UN IGME (via World Bank API),2026-09-02
ATG,Antigua and Barbuda,2010,mortality_u5,12.0,UN IGME (via World Bank API),2026-09-02
ATG,Antigua and Barbuda,2009,mortality_u5,12.2,UN IGME (via World Bank API),2026-09-02
ATG,Antigua and Barbuda,2008,mortality_u5,12.5,UN IGME (via World Bank API),2026-09-02
ATG,Antigua and Barbuda,2007,mortality_u5,12.7,UN IGME (via World Bank API),2026-09-02
ATG,Antigua and Barbuda,2006,mortality_u5,13.0,UN IGME (via World Bank API),2026-09-02
ATG,Antigua and Barbuda,2005,mortality_u5,13.3,UN IGME (via World Bank API),2026-09-02
ATG,Antigua and Barbuda,2004,mortality_u5,13.6,UN IGME (via World Bank API),2026-09-02
ATG,Antigua and Barbuda,2003,mortality_u5,13.9,UN IGME (via World Bank API),2026-09-02
ATG,Antigua and Barbuda,2002,mortality_u5,14.3,UN IGME (via World Bank API),2026-09-02
ATG,Antigua and Barbuda,2001,mortality_u5,14.6,UN IGME (via World Bank API),2026-09-02
ATG,Antigua and Barbuda,2000,mortality_u5,14.9,UN IGME (via World Bank API),2026-09-02
ARG,Argentina,2023,mortality_u5,9.7,UN IGME (via World Bank API),2026-09-02
ARG,Argentina,2022,mortality_u5,9.9,UN IGME (via World Bank API),2026-09-02
ARG,Argentina,2021,mortality_u5,10.1,UN IGME (via World Bank API),2026-09-02
ARG,Argentina,2020,mortality_u5,10.3,UN IGME (via World Bank API),2026-09-02
ARG,Argentina,2019,mortality_u5,10.5,UN IGME (via World Bank API),2026-09-02
ARG,Argentina,2018,mortality_u5,10.7,UN IGME (via World Bank API),2026-09-02
ARG,Argentina,2017,mortality_u5,11.0,UN IGME (via World Bank API),2026-09-02
ARG,Argentina,2016,mortality_u5,11.4,UN IGME (via World Bank API),2026-09-02
ARG,Argentina,2015,mortality_u5,11.7,UN IGME (via World Bank API),2026-09-02
ARG,Argentina,2014,mortality_u5,12.2,UN IGME (via World Bank API),2026-09-02
ARG,Argentina,2013,mortality_u5,12.7,UN IGME (via World Bank API),2026-09-02
ARG,Argentina,2012,mortality_u5,13.3,UN IGME (via World Bank API),2026-09-02
ARG,Argentina,2011,mortality_u5,13.9,UN IGME (via World Bank API),2026-09-02
ARG,Argentina,2010,mortality_u5,14.4,UN IGME (via World Bank API),2026-09-02
ARG,Argentina,2009,mortality_u5,15.0,UN IGME (via World Bank API),2026-09-02
ARG,Argentina,2008,mortality_u5,15.4,UN IGME (via World Bank API),2026-09-02
ARG,Argentina,2007,mortality_u5,15.8,UN IGME (via World Bank API),2026-09-02
ARG,Argentina,2006,mortality_u5,16.2,UN IGME (via World Bank API),2026-09-02
ARG,Argentina,2005,mortality_u5,16.7,UN IGME (via World Bank API),2026-09-02
ARG,Argentina,2004,mortality_u5,17.3,UN IGME (via World Bank API),2026-09-02
ARG,Argentina,2003,mortality_u5,17.8,UN IGME (via World Bank API),2026-09-02
ARG,Argentina,2002,mortality_u5,18.3,UN IGME (via World Bank API),2026-09-02
ARG,Argentina,2001,mortality_u5,18.8,UN IGME (via World Bank API),2026-09-02
ARG,Argentina,2000,mortality_u5,19.4,UN IGME (via World Bank API),2026-09-02
ARM,Armenia,2023,mortality_u5,10.0,UN IGME (via World Bank API),2026-09-02
ARM,Armenia,2022,mortality_u5,10.5,UN IGME (via World Bank API),2026-09-02
ARM,Armenia,2021,mortality_u5,11.0,UN IGME (via World Bank API),2026-09-02
ARM,Armenia,2020,mortality_u5,11.6,UN IGME (via World Bank API),2026-09-02
ARM,Armenia,2019,mortality_u5,12.1,UN IGME (via World Bank API),2026-09-02
ARM,Armenia,2018,mortality_u5,12.7,UN IGME (via World Bank API),2026-09-02
ARM,Armenia,2017,mortality_u5,13.3,UN IGME (via World Bank API),2026-09-02
ARM,Armenia,2016,mortality_u5,14.0,UN IGME (via World Bank API),2026-09-02
ARM,Armenia,2015,mortality_u5,14.7,UN IGME (via World Bank API),2026-09-02
ARM,Armenia,2014,mortality_u5,15.4,UN IGME (via World Bank API),2026-09-02
ARM,Armenia,2013,mortality_u5,16.1,UN IGME (via World Bank API),2026-09-02
ARM,Armenia,2012,mortality_u5,16.9,UN IGME (via World Bank API),2026-09-02
ARM,Armenia,2011,mortality_u5,17.8,UN IGME (via World Bank API),2026-09-02
ARM,Armenia,2010,mortality_u5,18.7,UN IGME (via World Bank API),2026-09-02
ARM,Armenia,2009,mortality_u5,19.6,UN IGME (via World Bank API),2026-09-02
ARM,Armenia,2008,mortality_u5,20.6,UN IGME (via World Bank API),2026-09-02
ARM,Armenia,2007,mortality_u5,21.6,UN IGME (via World Bank API),2026-09-02
ARM,Armenia,2006,mortality_u5,22.7,UN IGME (via World Bank API),2026-09-02
ARM,Armenia,2005,mortality_u5,23.9,UN IGME (via World Bank API),2026-09-02
ARM,Armenia,2004,mortality_u5,25.1,UN IGME (via World Bank API),2026-09-02
ARM,Armenia,2003,mortality_u5,26.4,UN IGME (via World Bank API),2026-09-02
ARM,Armenia,2002,mortality_u5,27.7,UN IGME (via World Bank API),2026-09-02
ARM,Armenia,2001,mortality_u5,29.1,UN IGME (via World Bank API),2026-09-02
ARM,Armenia,2000,mortality_u5,30.6,UN IGME (via World Bank API),2026-09-02
AUS,Australia,2023,mortality_u5,3.7,UN IGME (via World Bank API),2026-09-02
AUS,Australia,2022,mortality_u5,3.7,UN IGME (via World Bank API),2026-09-02
AUS,Australia,2021,mortality_u5,3.7,UN IGME (via World Bank API),2026-09-02
AUS,Australia,2020,mortality_u5,3.8,UN IGME (via World Bank API),2026-09-02
AUS,Australia,2019,mortality_u5,3.8,UN IGME (via World Bank API),2026-09-02
AUS,Australia,2018,mortality_u5,3.8,UN IGME (via World Bank API),2026-09-02
AUS,Australia,2017,mortality_u5,3.8,UN IGME (via World Bank API),2026-09-02
AUS,Australia,2016,mortality_u5,3.8,UN IGME (via World Bank API),2026-09-02
AUS,Australia,2015,mortality_u5,3.9,UN IGME (via World Bank API),2026-09-02
AUS,Australia,2014,mortality_u5,4.0,UN IGME (via World Bank API),2026-09-02
AUS,Australia,2013,mortality_u5,4.1,UN IGME (via World Bank API),2026-09-02
AUS,Australia,2012,mortality_u5,4.3,UN IGME (via World Bank API),2026-09-02
AUS,Australia,2011,mortality_u5,4.5,UN IGME (via World Bank API),2026-09-02
AUS,Australia,2010,mortality_u5,4.8,UN IGME (via World Bank API),2026-09-02
AUS,Australia,2009,mortality_u5,5.0,UN IGME (via World Bank API),2026-09-02
AUS,Australia,2008,mortality_u5,5.2,UN IGME (via World Bank API),2026-09-02
AUS,Australia,2007,mortality_u5,5.4,UN IGME (via World Bank API),2026-09-02
AUS,Australia,2006,mortality_u5,5.6,UN IGME (via World Bank API),2026-09-02
AUS,Australia,2005,mortality_u5,5.7,UN IGME (via World Bank API),2026-09-02
AUS,Australia,2004,mortality_u5,5.8,UN IGME (via World Bank API),2026-09-02
AUS,Australia,2003,mortality_u5,5.9,UN IGME (via World Bank API),2026-09-02
AUS,Australia,2002,mortality_u5,6.0,UN IGME (via World Bank API),2026-09-02
AUS,Australia,2001,mortality_u5,6.1,UN IGME (via World Bank API),2026-09-02
AUS,Australia,2000,mortality_u5,6.2,UN IGME (via World Bank API),2026-09-02
AUT,Austria,2023,mortality_u5,3.3,UN IGME (via World Bank API),2026-09-02
AUT,Austria,2022,mortality_u5,3.3,UN IGME (via World Bank API),2026-09-02
AUT,Austria,2021,mortality_u5,3.4,UN IGME (via World Bank API),2026-09-02
AUT,Austria,2020,mortality_u5,3.4,UN IGME (via World Bank API),2026-09-02
AUT,Austria,2019,mortality_u5,3.5,UN IGME (via World Bank API),2026-09-02
AUT,Austria,2018,mortality_u5,3.5,UN IGME (via World Bank API),2026-09-02
AUT,Austria,2017,mortality_u5,3.6,UN IGME (via World Bank API),2026-09-02
AUT,Austria,2016,mortality_u5,3.6,UN IGME (via World Bank API),2026-09-02
AUT,Austria,2015,mortality_u5,3.7,UN IGME (via World Bank API),2026-09-02
AUT,Austria,2014,mortality_u5,3.8,UN IGME (via World Bank API),2026-09-02
AUT,Austria,2013,mortality_u5,3.9,UN IGME (via World Bank API),2026-09-02
AUT,Austria,2012,mortality_u5,4.0,UN IGME (via World Bank API),2026-09-02
AUT,Austria,2011,mortality_u5,4.2,UN IGME (via World Bank API),2026-09-02
AUT,Austria,2010,mortality_u5,4.3,UN IGME (via World Bank API),2026-09-02
AUT,Austria,2009,mortality_u5,4.4,UN IGME (via World Bank API),2026-09-02
AUT,Austria,2008,mortality_u5,4.5,UN IGME (via World Bank API),2026-09-02
AUT,Austria,2007,mortality_u5,4.6,UN IGME (via World Bank API),2026-09-02
AUT,Austria,2006,mortality_u5,4.8,UN IGME (via World Bank API),2026-09-02
AUT,Austria,2005,mortality_u5,4.9,UN IGME (via World Bank API),2026-09-02
AUT,Austria,2004,mortality_u5,5.0,UN IGME (via World Bank API),2026-09-02
AUT,Austria,2003,mortality_u5,5.2,UN IGME (via World Bank API),2026-09-02
AUT,Austria,2002,mortality_u5,5.3,UN IGME (via World Bank API),2026-09-02
AUT,Austria,2001,mortality_u5,5.4,UN IGME (via World Bank API),2026-09-02
AUT,Austria,2000,mortality_u5,5.5,UN IGME (via World Bank API),2026-09-02
AZE,Azerbaijan,2023,mortality_u5,18.7,UN IGME (via World Bank API),2026-09-02
AZE,Azerbaijan,2022,mortality_u5,19.6,UN IGME (via World Bank API),2026-09-02
AZE,Azerbaijan,2021,mortality_u5,20.5,UN IGME (via World Bank API),2026-09-02
AZE,Azerbaijan,2020,mortality_u5,21.5,UN IGME (via World Bank API),2026-09-02
AZE,Azerbaijan,2019,mortality_u5,22.7,UN IGME (via World Bank API),2026-09-02
AZE,Azerbaijan,2018,mortality_u5,23.8,UN IGME (via World Bank API),2026-09-02
AZE,Azerbaijan,2017,mortality_u5,25.1,UN IGME (via World Bank API),2026-09-02
AZE,Azerbaijan,2016,mortality_u5,26.5,UN IGME (via World Bank API),2026-09-02
AZE,Azerbaijan,2015,mortality_u5,27.9,UN IGME (via World Bank API),2026-09-02
AZE,Azerbaijan,2014,mortality_u5,29.6,UN IGME (via World Bank API),2026-09-02
AZE,Azerbaijan,2013,mortality_u5,31.4,UN IGME (via World Bank API),2026-09-02
AZE,Azerbaijan,2012,mortality_u5,33.4,UN IGME (via World Bank API),2026-09-02
AZE,Azerbaijan,2011,mortality_u5,35.5,UN IGME (via World Bank API),2026-09-02
AZE,Azerbaijan,2010,mortality_u5,37.8,UN IGME (via World Bank API),2026-09-02
AZE,Azerbaijan,2009,mortality_u5,40.2,UN IGME (via World Bank API),2026-09-02
AZE,Azerbaijan,2008,mortality_u5,42.9,UN IGME (via World Bank API),2026-09-02
AZE,Azerbaijan,2007,mortality_u5,45.7,UN IGME (via World Bank API),2026-09-02
AZE,Azerbaijan,2006,mortality_u5,48.7,UN IGME (via World Bank API),2026-09-02
AZE,Azerbaijan,2005,mortality_u5,52.1,UN IGME (via World Bank API),2026-09-02
AZE,Azerbaijan,2004,mortality_u5,55.8,UN IGME (via World Bank API),2026-09-02
AZE,Azerbaijan,2003,mortality_u5,59.9,UN IGME (via World Bank API),2026-09-02
AZE,Azerbaijan,2002,mortality_u5,64.4,UN IGME (via World Bank API),2026-09-02
AZE,Azerbaijan,2001,mortality_u5,69.3,UN IGME (via World Bank API),2026-09-02
AZE,Azerbaijan,2000,mortality_u5,74.3,UN IGME (via World Bank API),2026-09-02
BHS,"Bahamas, The",2023,mortality_u5,12.7,UN IGME (via World Bank API),2026-09-02
BHS,"Bahamas, The",2022,mortality_u5,12.9,UN IGME (via World Bank API),2026-09-02
BHS,"Bahamas, The",2021,mortality_u5,13.1,UN IGME (via World Bank API),2026-09-02
BHS,"Bahamas, The",2020,mortality_u5,13.3,UN IGME (via World Bank API),2026-09-02
BHS,"Bahamas, The",2019,mortality_u5,24.3,UN IGME (via World Bank API),2026-09-02
BHS,"Bahamas, The",2018,mortality_u5,13.5,UN IGME (via World Bank API),2026-09-02
BHS,"Bahamas, The",2017,mortality_u5,13.7,UN IGME (via World Bank API),2026-09-02
BHS,"Bahamas, The",2016,mortality_u5,13.8,UN IGME (via World Bank API),2026-09-02
BHS,"Bahamas, The",2015,mortality_u5,14.0,UN IGME (via World Bank API),2026-09-02
BHS,"Bahamas, The",2014,mortality_u5,14.2,UN IGME (via World Bank API),2026-09-02
BHS,"Bahamas, The",2013,mortality_u5,14.4,UN IGME (via World Bank API),2026-09-02
BHS,"Bahamas, The",2012,mortality_u5,14.7,UN IGME (via World Bank API),2026-09-02
BHS,"Bahamas, The",2011,mortality_u5,15.1,UN IGME (via World Bank API),2026-09-02
BHS,"Bahamas, The",2010,mortality_u5,15.4,UN IGME (via World Bank API),2026-09-02
BHS,"Bahamas, The",2009,mortality_u5,15.8,UN IGME (via World Bank API),2026-09-02
BHS,"Bahamas, The",2008,mortality_u5,16.2,UN IGME (via World Bank API),2026-09-02
BHS,"Bahamas, The",2007,mortality_u5,16.5,UN IGME (via World Bank API),2026-09-02
BHS,"Bahamas, The",2006,mortality_u5,16.8,UN IGME (via World Bank API),2026-09-02
BHS,"Bahamas, The",2005,mortality_u5,16.9,UN IGME (via World Bank API),2026-09-02
BHS,"Bahamas, The",2004,mortality_u5,16.8,UN IGME (via World Bank API),2026-09-02
BHS,"Bahamas, The",2003,mortality_u5,16.7,UN IGME (via World Bank API),2026-09-02
BHS,"Bahamas, The",2002,mortality_u5,16.5,UN IGME (via World Bank API),2026-09-02
BHS,"Bahamas, The",2001,mortality_u5,16.3,UN IGME (via World Bank API),2026-09-02
BHS,"Bahamas, The",2000,mortality_u5,16.2,UN IGME (via World Bank API),2026-09-02
BHR,Bahrain,2023,mortality_u5,8.6,UN IGME (via World Bank API),2026-09-02
BHR,Bahrain,2022,mortality_u5,8.4,UN IGME (via World Bank API),2026-09-02
BHR,Bahrain,2021,mortality_u5,8.2,UN IGME (via World Bank API),2026-09-02
BHR,Bahrain,2020,mortality_u5,8.0,UN IGME (via World Bank API),2026-09-02
BHR,Bahrain,2019,mortality_u5,7.8,UN IGME (via World Bank API),2026-09-02
BHR,Bahrain,2018,mortality_u5,7.7,UN IGME (via World Bank API),2026-09-02
BHR,Bahrain,2017,mortality_u5,7.7,UN IGME (via World Bank API),2026-09-02
BHR,Bahrain,2016,mortality_u5,7.6,UN IGME (via World Bank API),2026-09-02
BHR,Bahrain,2015,mortality_u5,7.7,UN IGME (via World Bank API),2026-09-02
BHR,Bahrain,2014,mortality_u5,7.8,UN IGME (via World Bank API),2026-09-02
BHR,Bahrain,2013,mortality_u5,7.9,UN IGME (via World Bank API),2026-09-02
BHR,Bahrain,2012,mortality_u5,8.1,UN IGME (via World Bank API),2026-09-02
BHR,Bahrain,2011,mortality_u5,8.3,UN IGME (via World Bank API),2026-09-02
BHR,Bahrain,2010,mortality_u5,8.6,UN IGME (via World Bank API),2026-09-02
BHR,Bahrain,2009,mortality_u5,9.0,UN IGME (via World Bank API),2026-09-02
BHR,Bahrain,2008,mortality_u5,9.4,UN IGME (via World Bank API),2026-09-02
BHR,Bahrain,2007,mortality_u5,9.8,UN IGME (via World Bank API),2026-09-02
BHR,Bahrain,2006,mortality_u5,10.3,UN IGME (via World Bank API),2026-09-02
BHR,Bahrain,2005,mortality_u5,10.6,UN IGME (via World Bank API),2026-09-02
BHR,Bahrain,2004,mortality_u5,11.0,UN IGME (via World Bank API),2026-09-02
BHR,Bahrain,2003,mortality_u5,11.3,UN IGME (via World Bank API),2026-09-02
BHR,Bahrain,2002,mortality_u5,11.6,UN IGME (via World Bank API),2026-09-02
BHR,Bahrain,2001,mortality_u5,12.0,UN IGME (via World Bank API),2026-09-02
BHR,Bahrain,2000,mortality_u5,12.5,UN IGME (via World Bank API),2026-09-02
BGD,Bangladesh,2023,mortality_u5,30.6,UN IGME (via World Bank API),2026-09-02
BGD,Bangladesh,2022,mortality_u5,30.7,UN IGME (via World Bank API),2026-09-02
BGD,Bangladesh,2021,mortality_u5,30.9,UN IGME (via World Bank API),2026-09-02
BGD,Bangladesh,2020,mortality_u5,31.4,UN IGME (via World Bank API),2026-09-02
BGD,Bangladesh,2019,mortality_u5,32.3,UN IGME (via World Bank API),2026-09-02
BGD,Bangladesh,2018,mortality_u5,33.5,UN IGME (via World Bank API),2026-09-02
BGD,Bangladesh,2017,mortality_u5,35.0,UN IGME (via World Bank API),2026-09-02
BGD,Bangladesh,2016,mortality_u5,36.7,UN IGME (via World Bank API),2026-09-02
BGD,Bangladesh,2015,mortality_u5,38.5,UN IGME (via World Bank API),2026-09-02
BGD,Bangladesh,2014,mortality_u5,40.5,UN IGME (via World Bank API),2026-09-02
BGD,Bangladesh,2013,mortality_u5,42.4,UN IGME (via World Bank API),2026-09-02
BGD,Bangladesh,2012,mortality_u5,44.4,UN IGME (via World Bank API),2026-09-02
BGD,Bangladesh,2011,mortality_u5,46.5,UN IGME (via World Bank API),2026-09-02
BGD,Bangladesh,2010,mortality_u5,48.7,UN IGME (via World Bank API),2026-09-02
BGD,Bangladesh,2009,mortality_u5,51.1,UN IGME (via World Bank API),2026-09-02
BGD,Bangladesh,2008,mortality_u5,53.6,UN IGME (via World Bank API),2026-09-02
BGD,Bangladesh,2007,mortality_u5,56.5,UN IGME (via World Bank API),2026-09-02
BGD,Bangladesh,2006,mortality_u5,59.6,UN IGME (via World Bank API),2026-09-02
BGD,Bangladesh,2005,mortality_u5,63.0,UN IGME (via World Bank API),2026-09-02
BGD,Bangladesh,2004,mortality_u5,66.8,UN IGME (via World Bank API),2026-09-02
BGD,Bangladesh,2003,mortality_u5,70.8,UN IGME (via World Bank API),2026-09-02
BGD,Bangladesh,2002,mortality_u5,75.3,UN IGME (via World Bank API),2026-09-02
BGD,Bangladesh,2001,mortality_u5,80.2,UN IGME (via World Bank API),2026-09-02
BGD,Bangladesh,2000,mortality_u5,85.5,UN IGME (via World Bank API),2026-09-02
BRB,Barbados,2023,mortality_u5,10.1,UN IGME (via World Bank API),2026-09-02
BRB,Barbados,2022,mortality_u5,10.4,UN IGME (via World Bank API),2026-09-02
BRB,Barbados,2021,mortality_u5,10.7,UN IGME (via World Bank API),2026-09-02
BRB,Barbados,2020,mortality_u5,11.1,UN IGME (via World Bank API),2026-09-02
BRB,Barbados,2019,mortality_u5,11.4,UN IGME (via World Bank API),2026-09-02
BRB,Barbados,2018,mortality_u5,11.8,UN IGME (via World Bank API),2026-09-02
BRB,Barbados,2017,mortality_u5,12.1,UN IGME (via World Bank API),2026-09-02
BRB,Barbados,2016,mortality_u5,12.4,UN IGME (via World Bank API),2026-09-02
BRB,Barbados,2015,mortality_u5,12.8,UN IGME (via World Bank API),2026-09-02
BRB,Barbados,2014,mortality_u5,13.1,UN IGME (via World Bank API),2026-09-02
BRB,Barbados,2013,mortality_u5,13.3,UN IGME (via World Bank API),2026-09-02
BRB,Barbados,2012,mortality_u5,13.5,UN IGME (via World Bank API),2026-09-02
BRB,Barbados,2011,mortality_u5,13.7,UN IGME (via World Bank API),2026-09-02
BRB,Barbados,2010,mortality_u5,13.9,UN IGME (via World Bank API),2026-09-02
BRB,Barbados,2009,mortality_u5,14.1,UN IGME (via World Bank API),2026-09-02
BRB,Barbados,2008,mortality_u5,14.3,UN IGME (via World Bank API),2026-09-02
BRB,Barbados,2007,mortality_u5,14.5,UN IGME (via World Bank API),2026-09-02
BRB,Barbados,2006,mortality_u5,14.7,UN IGME (via World Bank API),2026-09-02
BRB,Barbados,2005,mortality_u5,14.8,UN IGME (via World Bank API),2026-09-02
BRB,Barbados,2004,mortality_u5,14.9,UN IGME (via World Bank API),2026-09-02
BRB,Barbados,2003,mortality_u5,14.8,UN IGME (via World Bank API),2026-09-02
BRB,Barbados,2002,mortality_u5,14.7,UN IGME (via World Bank API),2026-09-02
BRB,Barbados,2001,mortality_u5,14.5,UN IGME (via World Bank API),2026-09-02
BRB,Barbados,2000,mortality_u5,14.4,UN IGME (via World Bank API),2026-09-02
BLR,Belarus,2023,mortality_u5,2.4,UN IGME (via World Bank API),2026-09-02
BLR,Belarus,2022,mortality_u5,2.6,UN IGME (via World Bank API),2026-09-02
BLR,Belarus,2021,mortality_u5,2.7,UN IGME (via World Bank API),2026-09-02
BLR,Belarus,2020,mortality_u5,2.9,UN IGME (via World Bank API),2026-09-02
BLR,Belarus,2019,mortality_u5,3.1,UN IGME (via World Bank API),2026-09-02
BLR,Belarus,2018,mortality_u5,3.4,UN IGME (via World Bank API),2026-09-02
BLR,Belarus,2017,mortality_u5,3.6,UN IGME (via World Bank API),2026-09-02
BLR,Belarus,2016,mortality_u5,3.9,UN IGME (via World Bank API),2026-09-02
BLR,Belarus,2015,mortality_u5,4.1,UN IGME (via World Bank API),2026-09-02
BLR,Belarus,2014,mortality_u5,4.3,UN IGME (via World Bank API),2026-09-02
BLR,Belarus,2013,mortality_u5,4.6,UN IGME (via World Bank API),2026-09-02
BLR,Belarus,2012,mortality_u5,4.9,UN IGME (via World Bank API),2026-09-02
BLR,Belarus,2011,mortality_u5,5.2,UN IGME (via World Bank API),2026-09-02
BLR,Belarus,2010,mortality_u5,5.6,UN IGME (via World Bank API),2026-09-02
BLR,Belarus,2009,mortality_u5,6.1,UN IGME (via World Bank API),2026-09-02
BLR,Belarus,2008,mortality_u5,6.6,UN IGME (via World Bank API),2026-09-02
BLR,Belarus,2007,mortality_u5,7.3,UN IGME (via World Bank API),2026-09-02
BLR,Belarus,2006,mortality_u5,8.0,UN IGME (via World Bank API),2026-09-02
BLR,Belarus,2005,mortality_u5,8.7,UN IGME (via World Bank API),2026-09-02
BLR,Belarus,2004,mortality_u5,9.4,UN IGME (via World Bank API),2026-09-02
BLR,Belarus,2003,mortality_u5,10.1,UN IGME (via World Bank API),2026-09-02
BLR,Belarus,2002,mortality_u5,10.9,UN IGME (via World Bank API),2026-09-02
BLR,Belarus,2001,mortality_u5,11.8,UN IGME (via World Bank API),2026-09-02
BLR,Belarus,2000,mortality_u5,12.8,UN IGME (via World Bank API),2026-09-02
BEL,Belgium,2023,mortality_u5,3.7,UN IGME (via World Bank API),2026-09-02
BEL,Belgium,2022,mortality_u5,3.8,UN IGME (via World Bank API),2026-09-02
BEL,Belgium,2021,mortality_u5,3.8,UN IGME (via World Bank API),2026-09-02
BEL,Belgium,2020,mortality_u5,3.9,UN IGME (via World Bank API),2026-09-02
BEL,Belgium,2019,mortality_u5,3.9,UN IGME (via World Bank API),2026-09-02
BEL,Belgium,2018,mortality_u5,4.0,UN IGME (via World Bank API),2026-09-02
BEL,Belgium,2017,mortality_u5,4.0,UN IGME (via World Bank API),2026-09-02
BEL,Belgium,2016,mortality_u5,4.1,UN IGME (via World Bank API),2026-09-02
BEL,Belgium,2015,mortality_u5,4.1,UN IGME (via World Bank API),2026-09-02
BEL,Belgium,2014,mortality_u5,4.1,UN IGME (via World Bank API),2026-09-02
BEL,Belgium,2013,mortality_u5,4.2,UN IGME (via World Bank API),2026-09-02
BEL,Belgium,2012,mortality_u5,4.3,UN IGME (via World Bank API),2026-09-02
BEL,Belgium,2011,mortality_u5,4.4,UN IGME (via World Bank API),2026-09-02
BEL,Belgium,2010,mortality_u5,4.5,UN IGME (via World Bank API),2026-09-02
BEL,Belgium,2009,mortality_u5,4.6,UN IGME (via World Bank API),2026-09-02
BEL,Belgium,2008,mortality_u5,4.7,UN IGME (via World Bank API),2026-09-02
BEL,Belgium,2007,mortality_u5,4.8,UN IGME (via World Bank API),2026-09-02
BEL,Belgium,2006,mortality_u5,4.9,UN IGME (via World Bank API),2026-09-02
BEL,Belgium,2005,mortality_u5,5.0,UN IGME (via World Bank API),2026-09-02
BEL,Belgium,2004,mortality_u5,5.2,UN IGME (via World Bank API),2026-09-02
BEL,Belgium,2003,mortality_u5,5.3,UN IGME (via World Bank API),2026-09-02
BEL,Belgium,2002,mortality_u5,5.5,UN IGME (via World Bank API),2026-09-02
BEL,Belgium,2001,mortality_u5,5.7,UN IGME (via World Bank API),2026-09-02
BEL,Belgium,2000,mortality_u5,5.9,UN IGME (via World Bank API),2026-09-02
BLZ,Belize,2023,mortality_u5,12.8,UN IGME (via World Bank API),2026-09-02
BLZ,Belize,2022,mortality_u5,12.8,UN IGME (via World Bank API),2026-09-02
BLZ,Belize,2021,mortality_u5,13.0,UN IGME (via World Bank API),2026-09-02
BLZ,Belize,2020,mortality_u5,13.2,UN IGME (via World Bank API),2026-09-02
BLZ,Belize,2019,mortality_u5,13.5,UN IGME (via World Bank API),2026-09-02
BLZ,Belize,2018,mortality_u5,13.9,UN IGME (via World Bank API),2026-09-02
BLZ,Belize,2017,mortality_u5,14.4,UN IGME (via World Bank API),2026-09-02
BLZ,Belize,2016,mortality_u5,15.0,UN IGME (via World Bank API),2026-09-02
BLZ,Belize,2015,mortality_u5,15.6,UN IGME (via World Bank API),2026-09-02
BLZ,Belize,2014,mortality_u5,16.3,UN IGME (via World Bank API),2026-09-02
BLZ,Belize,2013,mortality_u5,17.0,UN IGME (via World Bank API),2026-09-02
BLZ,Belize,2012,mortality_u5,17.7,UN IGME (via World Bank API),2026-09-02
BLZ,Belize,2011,mortality_u5,18.3,UN IGME (via World Bank API),2026-09-02
BLZ,Belize,2010,mortality_u5,18.8,UN IGME (via World Bank API),2026-09-02
BLZ,Belize,2009,mortality_u5,19.3,UN IGME (via World Bank API),2026-09-02
BLZ,Belize,2008,mortality_u5,19.7,UN IGME (via World Bank API),2026-09-02
BLZ,Belize,2007,mortality_u5,20.2,UN IGME (via World Bank API),2026-09-02
BLZ,Belize,2006,mortality_u5,20.6,UN IGME (via World Bank API),2026-09-02
BLZ,Belize,2005,mortality_u5,21.0,UN IGME (via World Bank API),2026-09-02
BLZ,Belize,2004,mortality_u5,21.5,UN IGME (via World Bank API),2026-09-02
BLZ,Belize,2003,mortality_u5,22.1,UN IGME (via World Bank API),2026-09-02
BLZ,Belize,2002,mortality_u5,22.8,UN IGME (via World Bank API),2026-09-02
BLZ,Belize,2001,mortality_u5,23.6,UN IGME (via World Bank API),2026-09-02
BLZ,Belize,2000,mortality_u5,24.5,UN IGME (via World Bank API),2026-09-02
BEN,Benin,2023,mortality_u5,77.2,UN IGME (via World Bank API),2026-09-02
BEN,Benin,2022,mortality_u5,79.6,UN IGME (via World Bank API),2026-09-02
BEN,Benin,2021,mortality_u5,82.2,UN IGME (via World Bank API),2026-09-02
BEN,Benin,2020,mortality_u5,84.6,UN IGME (via World Bank API),2026-09-02
BEN,Benin,2019,mortality_u5,87.0,UN IGME (via World Bank API),2026-09-02
BEN,Benin,2018,mortality_u5,89.4,UN IGME (via World Bank API),2026-09-02
BEN,Benin,2017,mortality_u5,91.8,UN IGME (via World Bank API),2026-09-02
BEN,Benin,2016,mortality_u5,94.0,UN IGME (via World Bank API),2026-09-02
BEN,Benin,2015,mortality_u5,96.1,UN IGME (via World Bank API),2026-09-02
BEN,Benin,2014,mortality_u5,98.4,UN IGME (via World Bank API),2026-09-02
BEN,Benin,2013,mortality_u5,100.6,UN IGME (via World Bank API),2026-09-02
BEN,Benin,2012,mortality_u5,102.9,UN IGME (via World Bank API),2026-09-02
BEN,Benin,2011,mortality_u5,105.1,UN IGME (via World Bank API),2026-09-02
BEN,Benin,2010,mortality_u5,107.4,UN IGME (via World Bank API),2026-09-02
BEN,Benin,2009,mortality_u5,109.7,UN IGME (via World Bank API),2026-09-02
BEN,Benin,2008,mortality_u5,112.0,UN IGME (via World Bank API),2026-09-02
BEN,Benin,2007,mortality_u5,114.4,UN IGME (via World Bank API),2026-09-02
BEN,Benin,2006,mortality_u5,117.0,UN IGME (via World Bank API),2026-09-02
BEN,Benin,2005,mortality_u5,119.7,UN IGME (via World Bank API),2026-09-02
BEN,Benin,2004,mortality_u5,122.5,UN IGME (via World Bank API),2026-09-02
BEN,Benin,2003,mortality_u5,125.4,UN IGME (via World Bank API),2026-09-02
BEN,Benin,2002,mortality_u5,128.5,UN IGME (via World Bank API),2026-09-02
BEN,Benin,2001,mortality_u5,131.7,UN IGME (via World Bank API),2026-09-02
BEN,Benin,2000,mortality_u5,135.0,UN IGME (via World Bank API),2026-09-02
BTN,Bhutan,2023,mortality_u5,18.0,UN IGME (via World Bank API),2026-09-02
BTN,Bhutan,2022,mortality_u5,19.0,UN IGME (via World Bank API),2026-09-02
BTN,Bhutan,2021,mortality_u5,20.0,UN IGME (via World Bank API),2026-09-02
BTN,Bhutan,2020,mortality_u5,21.3,UN IGME (via World Bank API),2026-09-02
BTN,Bhutan,2019,mortality_u5,22.7,UN IGME (via World Bank API),2026-09-02
BTN,Bhutan,2018,mortality_u5,24.2,UN IGME (via World Bank API),2026-09-02
BTN,Bhutan,2017,mortality_u5,25.8,UN IGME (via World Bank API),2026-09-02
BTN,Bhutan,2016,mortality_u5,27.4,UN IGME (via World Bank API),2026-09-02
BTN,Bhutan,2015,mortality_u5,29.2,UN IGME (via World Bank API),2026-09-02
BTN,Bhutan,2014,mortality_u5,31.2,UN IGME (via World Bank API),2026-09-02
BTN,Bhutan,2013,mortality_u5,33.2,UN IGME (via World Bank API),2026-09-02
BTN,Bhutan,2012,mortality_u5,35.5,UN IGME (via World Bank API),2026-09-02
BTN,Bhutan,2011,mortality_u5,37.9,UN IGME (via World Bank API),2026-09-02
BTN,Bhutan,2010,mortality_u5,40.5,UN IGME (via World Bank API),2026-09-02
BTN,Bhutan,2009,mortality_u5,43.3,UN IGME (via World Bank API),2026-09-02
BTN,Bhutan,2008,mortality_u5,46.2,UN IGME (via World Bank API),2026-09-02
BTN,Bhutan,2007,mortality_u5,49.5,UN IGME (via World Bank API),2026-09-02
BTN,Bhutan,2006,mortality_u5,52.9,UN IGME (via World Bank API),2026-09-02
BTN,Bhutan,2005,mortality_u5,56.7,UN IGME (via World Bank API),2026-09-02
BTN,Bhutan,2004,mortality_u5,60.6,UN IGME (via World Bank API),2026-09-02
BTN,Bhutan,2003,mortality_u5,64.6,UN IGME (via World Bank API),2026-09-02
BTN,Bhutan,2002,mortality_u5,68.8,UN IGME (via World Bank API),2026-09-02
BTN,Bhutan,2001,mortality_u5,73.2,UN IGME (via World Bank API),2026-09-02
BTN,Bhutan,2000,mortality_u5,77.7,UN IGME (via World Bank API),2026-09-02
BOL,Bolivia,2023,mortality_u5,16.4,UN IGME (via World Bank API),2026-09-02
BOL,Bolivia,2022,mortality_u5,17.3,UN IGME (via World Bank API),2026-09-02
BOL,Bolivia,2021,mortality_u5,18.2,UN IGME (via World Bank API),2026-09-02
BOL,Bolivia,2020,mortality_u5,19.3,UN IGME (via World Bank API),2026-09-02
BOL,Bolivia,2019,mortality_u5,20.6,UN IGME (via World Bank API),2026-09-02
BOL,Bolivia,2018,mortality_u5,22.0,UN IGME (via World Bank API),2026-09-02
BOL,Bolivia,2017,mortality_u5,23.4,UN IGME (via World Bank API),2026-09-02
BOL,Bolivia,2016,mortality_u5,25.0,UN IGME (via World Bank API),2026-09-02
BOL,Bolivia,2015,mortality_u5,26.7,UN IGME (via World Bank API),2026-09-02
BOL,Bolivia,2014,mortality_u5,28.4,UN IGME (via World Bank API),2026-09-02
BOL,Bolivia,2013,mortality_u5,30.3,UN IGME (via World Bank API),2026-09-02
BOL,Bolivia,2012,mortality_u5,32.3,UN IGME (via World Bank API),2026-09-02
BOL,Bolivia,2011,mortality_u5,34.4,UN IGME (via World Bank API),2026-09-02
BOL,Bolivia,2010,mortality_u5,36.7,UN IGME (via World Bank API),2026-09-02
BOL,Bolivia,2009,mortality_u5,39.1,UN IGME (via World Bank API),2026-09-02
BOL,Bolivia,2008,mortality_u5,41.8,UN IGME (via World Bank API),2026-09-02
BOL,Bolivia,2007,mortality_u5,44.7,UN IGME (via World Bank API),2026-09-02
BOL,Bolivia,2006,mortality_u5,47.7,UN IGME (via World Bank API),2026-09-02
BOL,Bolivia,2005,mortality_u5,51.0,UN IGME (via World Bank API),2026-09-02
BOL,Bolivia,2004,mortality_u5,54.5,UN IGME (via World Bank API),2026-09-02
BOL,Bolivia,2003,mortality_u5,58.2,UN IGME (via World Bank API),2026-09-02
BOL,Bolivia,2002,mortality_u5,62.1,UN IGME (via World Bank API),2026-09-02
BOL,Bolivia,2001,mortality_u5,66.3,UN IGME (via World Bank API),2026-09-02
BOL,Bolivia,2000,mortality_u5,70.7,UN IGME (via World Bank API),2026-09-02
BIH,Bosnia and Herzegovina,2023,mortality_u5,6.0,UN IGME (via World Bank API),2026-09-02
BIH,Bosnia and Herzegovina,2022,mortality_u5,6.2,UN IGME (via World Bank API),2026-09-02
BIH,Bosnia and Herzegovina,2021,mortality_u5,6.4,UN IGME (via World Bank API),2026-09-02
BIH,Bosnia and Herzegovina,2020,mortality_u5,6.6,UN IGME (via World Bank API),2026-09-02
BIH,Bosnia and Herzegovina,2019,mortality_u5,6.7,UN IGME (via World Bank API),2026-09-02
BIH,Bosnia and Herzegovina,2018,mortality_u5,6.8,UN IGME (via World Bank API),2026-09-02
BIH,Bosnia and Herzegovina,2017,mortality_u5,6.8,UN IGME (via World Bank API),2026-09-02
BIH,Bosnia and Herzegovina,2016,mortality_u5,6.8,UN IGME (via World Bank API),2026-09-02
BIH,Bosnia and Herzegovina,2015,mortality_u5,6.7,UN IGME (via World Bank API),2026-09-02
BIH,Bosnia and Herzegovina,2014,mortality_u5,6.7,UN IGME (via World Bank API),2026-09-02
BIH,Bosnia and Herzegovina,2013,mortality_u5,6.7,UN IGME (via World Bank API),2026-09-02
BIH,Bosnia and Herzegovina,2012,mortality_u5,6.7,UN IGME (via World Bank API),2026-09-02
BIH,Bosnia and Herzegovina,2011,mortality_u5,6.8,UN IGME (via World Bank API),2026-09-02
BIH,Bosnia and Herzegovina,2010,mortality_u5,6.8,UN IGME (via World Bank API),2026-09-02
BIH,Bosnia and Herzegovina,2009,mortality_u5,6.9,UN IGME (via World Bank API),2026-09-02
BIH,Bosnia and Herzegovina,2008,mortality_u5,7.0,UN IGME (via World Bank API),2026-09-02
BIH,Bosnia and Herzegovina,2007,mortality_u5,7.1,UN IGME (via World Bank API),2026-09-02
BIH,Bosnia and Herzegovina,2006,mortality_u5,7.2,UN IGME (via World Bank API),2026-09-02
BIH,Bosnia and Herzegovina,2005,mortality_u5,7.4,UN IGME (via World Bank API),2026-09-02
BIH,Bosnia and Herzegovina,2004,mortality_u5,7.6,UN IGME (via World Bank API),2026-09-02
BIH,Bosnia and Herzegovina,2003,mortality_u5,8.0,UN IGME (via World Bank API),2026-09-02
BIH,Bosnia and Herzegovina,2002,mortality_u5,8.4,UN IGME (via World Bank API),2026-09-02
BIH,Bosnia and Herzegovina,2001,mortality_u5,8.9,UN IGME (via World Bank API),2026-09-02
BIH,Bosnia and Herzegovina,2000,mortality_u5,9.5,UN IGME (via World Bank API),2026-09-02
BWA,Botswana,2023,mortality_u5,34.6,UN IGME (via World Bank API),2026-09-02
BWA,Botswana,2022,mortality_u5,35.7,UN IGME (via World Bank API),2026-09-02
BWA,Botswana,2021,mortality_u5,37.1,UN IGME (via World Bank API),2026-09-02
BWA,Botswana,2020,mortality_u5,38.9,UN IGME (via World Bank API),2026-09-02
BWA,Botswana,2019,mortality_u5,40.0,UN IGME (via World Bank API),2026-09-02
BWA,Botswana,2018,mortality_u5,41.2,UN IGME (via World Bank API),2026-09-02
BWA,Botswana,2017,mortality_u5,42.1,UN IGME (via World Bank API),2026-09-02
BWA,Botswana,2016,mortality_u5,45.1,UN IGME (via World Bank API),2026-09-02
BWA,Botswana,2015,mortality_u5,46.7,UN IGME (via World Bank API),2026-09-02
BWA,Botswana,2014,mortality_u5,49.0,UN IGME (via World Bank API),2026-09-02
BWA,Botswana,2013,mortality_u5,50.3,UN IGME (via World Bank API),2026-09-02
BWA,Botswana,2012,mortality_u5,53.9,UN IGME (via World Bank API),2026-09-02
BWA,Botswana,2011,mortality_u5,58.8,UN IGME (via World Bank API),2026-09-02
BWA,Botswana,2010,mortality_u5,58.4,UN IGME (via World Bank API),2026-09-02
BWA,Botswana,2009,mortality_u5,60.6,UN IGME (via World Bank API),2026-09-02
BWA,Botswana,2008,mortality_u5,63.7,UN IGME (via World Bank API),2026-09-02
BWA,Botswana,2007,mortality_u5,64.3,UN IGME (via World Bank API),2026-09-02
BWA,Botswana,2006,mortality_u5,66.0,UN IGME (via World Bank API),2026-09-02
BWA,Botswana,2005,mortality_u5,70.8,UN IGME (via World Bank API),2026-09-02
BWA,Botswana,2004,mortality_u5,75.7,UN IGME (via World Bank API),2026-09-02
BWA,Botswana,2003,mortality_u5,76.7,UN IGME (via World Bank API),2026-09-02
BWA,Botswana,2002,mortality_u5,77.9,UN IGME (via World Bank API),2026-09-02
BWA,Botswana,2001,mortality_u5,79.3,UN IGME (via World Bank API),2026-09-02
BWA,Botswana,2000,mortality_u5,79.8,UN IGME (via World Bank API),2026-09-02
BRA,Brazil,2023,mortality_u5,14.4,UN IGME (via World Bank API),2026-09-02
BRA,Brazil,2022,mortality_u5,14.6,UN IGME (via World Bank API),2026-09-02
BRA,Brazil,2021,mortality_u5,14.7,UN IGME (via World Bank API),2026-09-02
BRA,Brazil,2020,mortality_u5,14.9,UN IGME (via World Bank API),2026-09-02
BRA,Brazil,2019,mortality_u5,15.0,UN IGME (via World Bank API),2026-09-02
BRA,Brazil,2018,mortality_u5,15.2,UN IGME (via World Bank API),2026-09-02
BRA,Brazil,2017,mortality_u5,15.4,UN IGME (via World Bank API),2026-09-02
BRA,Brazil,2016,mortality_u5,16.8,UN IGME (via World Bank API),2026-09-02
BRA,Brazil,2015,mortality_u5,16.0,UN IGME (via World Bank API),2026-09-02
BRA,Brazil,2014,mortality_u5,16.3,UN IGME (via World Bank API),2026-09-02
BRA,Brazil,2013,mortality_u5,16.7,UN IGME (via World Bank API),2026-09-02
BRA,Brazil,2012,mortality_u5,17.2,UN IGME (via World Bank API),2026-09-02
BRA,Brazil,2011,mortality_u5,17.9,UN IGME (via World Bank API),2026-09-02
BRA,Brazil,2010,mortality_u5,18.6,UN IGME (via World Bank API),2026-09-02
BRA,Brazil,2009,mortality_u5,19.5,UN IGME (via World Bank API),2026-09-02
BRA,Brazil,2008,mortality_u5,20.5,UN IGME (via World Bank API),2026-09-02
BRA,Brazil,2007,mortality_u5,21.7,UN IGME (via World Bank API),2026-09-02
BRA,Brazil,2006,mortality_u5,23.1,UN IGME (via World Bank API),2026-09-02
BRA,Brazil,2005,mortality_u5,24.6,UN IGME (via World Bank API),2026-09-02
BRA,Brazil,2004,mortality_u5,26.3,UN IGME (via World Bank API),2026-09-02
BRA,Brazil,2003,mortality_u5,28.2,UN IGME (via World Bank API),2026-09-02
BRA,Brazil,2002,mortality_u5,30.1,UN IGME (via World Bank API),2026-09-02
BRA,Brazil,2001,mortality_u5,32.2,UN IGME (via World Bank API),2026-09-02
BRA,Brazil,2000,mortality_u5,34.4,UN IGME (via World Bank API),2026-09-02
VGB,British Virgin Islands,2023,mortality_u5,12.7,UN IGME (via World Bank API),2026-09-02
VGB,British Virgin Islands,2022,mortality_u5,13.1,UN IGME (via World Bank API),2026-09-02
VGB,British Virgin Islands,2021,mortality_u5,13.5,UN IGME (via World Bank API),2026-09-02
VGB,British Virgin Islands,2020,mortality_u5,13.8,UN IGME (via World Bank API),2026-09-02
VGB,British Virgin Islands,2019,mortality_u5,14.2,UN IGME (via World Bank API),2026-09-02
VGB,British Virgin Islands,2018,mortality_u5,14.6,UN IGME (via World Bank API),2026-09-02
VGB,British Virgin Islands,2017,mortality_u5,14.9,UN IGME (via World Bank API),2026-09-02
VGB,British Virgin Islands,2016,mortality_u5,15.2,UN IGME (via World Bank API),2026-09-02
VGB,British Virgin Islands,2015,mortality_u5,15.5,UN IGME (via World Bank API),2026-09-02
VGB,British Virgin Islands,2014,mortality_u5,15.6,UN IGME (via World Bank API),2026-09-02
VGB,British Virgin Islands,2013,mortality_u5,15.6,UN IGME (via World Bank API),2026-09-02
VGB,British Virgin Islands,2012,mortality_u5,15.6,UN IGME (via World Bank API),2026-09-02
VGB,British Virgin Islands,2011,mortality_u5,15.6,UN IGME (via World Bank API),2026-09-02
VGB,British Virgin Islands,2010,mortality_u5,15.6,UN IGME (via World Bank API),2026-09-02
VGB,British Virgin Islands,2009,mortality_u5,15.6,UN IGME (via World Bank API),2026-09-02
VGB,British Virgin Islands,2008,mortality_u5,15.7,UN IGME (via World Bank API),2026-09-02
VGB,British Virgin Islands,2007,mortality_u5,15.7,UN IGME (via World Bank API),2026-09-02
VGB,British Virgin Islands,2006,mortality_u5,15.8,UN IGME (via World Bank API),2026-09-02
VGB,British Virgin Islands,2005,mortality_u5,15.9,UN IGME (via World Bank API),2026-09-02
VGB,British Virgin Islands,2004,mortality_u5,16.0,UN IGME (via World Bank API),2026-09-02
VGB,British Virgin Islands,2003,mortality_u5,16.1,UN IGME (via World Bank API),2026-09-02
VGB,British Virgin Islands,2002,mortality_u5,16.4,UN IGME (via World Bank API),2026-09-02
VGB,British Virgin Islands,2001,mortality_u5,16.6,UN IGME (via World Bank API),2026-09-02
VGB,British Virgin Islands,2000,mortality_u5,16.8,UN IGME (via World Bank API),2026-09-02
BRN,Brunei Darussalam,2023,mortality_u5,10.1,UN IGME (via World Bank API),2026-09-02
BRN,Brunei Darussalam,2022,mortality_u5,10.2,UN IGME (via World Bank API),2026-09-02
BRN,Brunei Darussalam,2021,mortality_u5,10.3,UN IGME (via World Bank API),2026-09-02
BRN,Brunei Darussalam,2020,mortality_u5,10.4,UN IGME (via World Bank API),2026-09-02
BRN,Brunei Darussalam,2019,mortality_u5,10.5,UN IGME (via World Bank API),2026-09-02
BRN,Brunei Darussalam,2018,mortality_u5,10.6,UN IGME (via World Bank API),2026-09-02
BRN,Brunei Darussalam,2017,mortality_u5,10.7,UN IGME (via World Bank API),2026-09-02
BRN,Brunei Darussalam,2016,mortality_u5,10.7,UN IGME (via World Bank API),2026-09-02
BRN,Brunei Darussalam,2015,mortality_u5,10.7,UN IGME (via World Bank API),2026-09-02
BRN,Brunei Darussalam,2014,mortality_u5,10.6,UN IGME (via World Bank API),2026-09-02
BRN,Brunei Darussalam,2013,mortality_u5,10.4,UN IGME (via World Bank API),2026-09-02
BRN,Brunei Darussalam,2012,mortality_u5,10.2,UN IGME (via World Bank API),2026-09-02
BRN,Brunei Darussalam,2011,mortality_u5,10.0,UN IGME (via World Bank API),2026-09-02
BRN,Brunei Darussalam,2010,mortality_u5,9.9,UN IGME (via World Bank API),2026-09-02
BRN,Brunei Darussalam,2009,mortality_u5,9.7,UN IGME (via World Bank API),2026-09-02
BRN,Brunei Darussalam,2008,mortality_u5,9.6,UN IGME (via World Bank API),2026-09-02
BRN,Brunei Darussalam,2007,mortality_u5,9.6,UN IGME (via World Bank API),2026-09-02
BRN,Brunei Darussalam,2006,mortality_u5,9.5,UN IGME (via World Bank API),2026-09-02
BRN,Brunei Darussalam,2005,mortality_u5,9.5,UN IGME (via World Bank API),2026-09-02
BRN,Brunei Darussalam,2004,mortality_u5,9.6,UN IGME (via World Bank API),2026-09-02
BRN,Brunei Darussalam,2003,mortality_u5,9.7,UN IGME (via World Bank API),2026-09-02
BRN,Brunei Darussalam,2002,mortality_u5,9.8,UN IGME (via World Bank API),2026-09-02
BRN,Brunei Darussalam,2001,mortality_u5,10.0,UN IGME (via World Bank API),2026-09-02
BRN,Brunei Darussalam,2000,mortality_u5,10.3,UN IGME (via World Bank API),2026-09-02
BGR,Bulgaria,2023,mortality_u5,5.9,UN IGME (via World Bank API),2026-09-02
BGR,Bulgaria,2022,mortality_u5,6.1,UN IGME (via World Bank API),2026-09-02
BGR,Bulgaria,2021,mortality_u5,6.3,UN IGME (via World Bank API),2026-09-02
BGR,Bulgaria,2020,mortality_u5,6.5,UN IGME (via World Bank API),2026-09-02
BGR,Bulgaria,2019,mortality_u5,6.7,UN IGME (via World Bank API),2026-09-02
BGR,Bulgaria,2018,mortality_u5,7.0,UN IGME (via World Bank API),2026-09-02
BGR,Bulgaria,2017,mortality_u5,7.3,UN IGME (via World Bank API),2026-09-02
BGR,Bulgaria,2016,mortality_u5,7.7,UN IGME (via World Bank API),2026-09-02
BGR,Bulgaria,2015,mortality_u5,8.2,UN IGME (via World Bank API),2026-09-02
BGR,Bulgaria,2014,mortality_u5,8.7,UN IGME (via World Bank API),2026-09-02
BGR,Bulgaria,2013,mortality_u5,9.3,UN IGME (via World Bank API),2026-09-02
BGR,Bulgaria,2012,mortality_u5,9.9,UN IGME (via World Bank API),2026-09-02
BGR,Bulgaria,2011,mortality_u5,10.4,UN IGME (via World Bank API),2026-09-02
BGR,Bulgaria,2010,mortality_u5,10.9,UN IGME (via World Bank API),2026-09-02
BGR,Bulgaria,2009,mortality_u5,11.1,UN IGME (via World Bank API),2026-09-02
BGR,Bulgaria,2008,mortality_u5,11.4,UN IGME (via World Bank API),2026-09-02
BGR,Bulgaria,2007,mortality_u5,11.9,UN IGME (via World Bank API),2026-09-02
BGR,Bulgaria,2006,mortality_u5,12.5,UN IGME (via World Bank API),2026-09-02
BGR,Bulgaria,2005,mortality_u5,13.3,UN IGME (via World Bank API),2026-09-02
BGR,Bulgaria,2004,mortality_u5,14.2,UN IGME (via World Bank API),2026-09-02
BGR,Bulgaria,2003,mortality_u5,15.1,UN IGME (via World Bank API),2026-09-02
BGR,Bulgaria,2002,mortality_u5,16.0,UN IGME (via World Bank API),2026-09-02
BGR,Bulgaria,2001,mortality_u5,16.7,UN IGME (via World Bank API),2026-09-02
BGR,Bulgaria,2000,mortality_u5,17.5,UN IGME (via World Bank API),2026-09-02
BFA,Burkina Faso,2023,mortality_u5,77.4,UN IGME (via World Bank API),2026-09-02
BFA,Burkina Faso,2022,mortality_u5,79.8,UN IGME (via World Bank API),2026-09-02
BFA,Burkina Faso,2021,mortality_u5,82.4,UN IGME (via World Bank API),2026-09-02
BFA,Burkina Faso,2020,mortality_u5,85.1,UN IGME (via World Bank API),2026-09-02
BFA,Burkina Faso,2019,mortality_u5,88.1,UN IGME (via World Bank API),2026-09-02
BFA,Burkina Faso,2018,mortality_u5,91.0,UN IGME (via World Bank API),2026-09-02
BFA,Burkina Faso,2017,mortality_u5,94.1,UN IGME (via World Bank API),2026-09-02
BFA,Burkina Faso,2016,mortality_u5,97.4,UN IGME (via World Bank API),2026-09-02
BFA,Burkina Faso,2015,mortality_u5,100.8,UN IGME (via World Bank API),2026-09-02
BFA,Burkina Faso,2014,mortality_u5,104.3,UN IGME (via World Bank API),2026-09-02
BFA,Burkina Faso,2013,mortality_u5,108.2,UN IGME (via World Bank API),2026-09-02
BFA,Burkina Faso,2012,mortality_u5,112.3,UN IGME (via World Bank API),2026-09-02
BFA,Burkina Faso,2011,mortality_u5,116.6,UN IGME (via World Bank API),2026-09-02
BFA,Burkina Faso,2010,mortality_u5,121.3,UN IGME (via World Bank API),2026-09-02
BFA,Burkina Faso,2009,mortality_u5,126.5,UN IGME (via World Bank API),2026-09-02
BFA,Burkina Faso,2008,mortality_u5,132.1,UN IGME (via World Bank API),2026-09-02
BFA,Burkina Faso,2007,mortality_u5,138.1,UN IGME (via World Bank API),2026-09-02
BFA,Burkina Faso,2006,mortality_u5,144.4,UN IGME (via World Bank API),2026-09-02
BFA,Burkina Faso,2005,mortality_u5,150.8,UN IGME (via World Bank API),2026-09-02
BFA,Burkina Faso,2004,mortality_u5,156.8,UN IGME (via World Bank API),2026-09-02
BFA,Burkina Faso,2003,mortality_u5,162.3,UN IGME (via World Bank API),2026-09-02
BFA,Burkina Faso,2002,mortality_u5,167.3,UN IGME (via World Bank API),2026-09-02
BFA,Burkina Faso,2001,mortality_u5,171.9,UN IGME (via World Bank API),2026-09-02
BFA,Burkina Faso,2000,mortality_u5,176.0,UN IGME (via World Bank API),2026-09-02
BDI,Burundi,2023,mortality_u5,48.7,UN IGME (via World Bank API),2026-09-02
BDI,Burundi,2022,mortality_u5,50.3,UN IGME (via World Bank API),2026-09-02
BDI,Burundi,2021,mortality_u5,52.3,UN IGME (via World Bank API),2026-09-02
BDI,Burundi,2020,mortality_u5,54.3,UN IGME (via World Bank API),2026-09-02
BDI,Burundi,2019,mortality_u5,56.2,UN IGME (via World Bank API),2026-09-02
BDI,Burundi,2018,mortality_u5,58.5,UN IGME (via World Bank API),2026-09-02
BDI,Burundi,2017,mortality_u5,60.9,UN IGME (via World Bank API),2026-09-02
BDI,Burundi,2016,mortality_u5,63.7,UN IGME (via World Bank API),2026-09-02
BDI,Burundi,2015,mortality_u5,66.9,UN IGME (via World Bank API),2026-09-02
BDI,Burundi,2014,mortality_u5,70.6,UN IGME (via World Bank API),2026-09-02
BDI,Burundi,2013,mortality_u5,74.9,UN IGME (via World Bank API),2026-09-02
BDI,Burundi,2012,mortality_u5,79.6,UN IGME (via World Bank API),2026-09-02
BDI,Burundi,2011,mortality_u5,84.7,UN IGME (via World Bank API),2026-09-02
BDI,Burundi,2010,mortality_u5,90.2,UN IGME (via World Bank API),2026-09-02
BDI,Burundi,2009,mortality_u5,96.1,UN IGME (via World Bank API),2026-09-02
BDI,Burundi,2008,mortality_u5,102.6,UN IGME (via World Bank API),2026-09-02
BDI,Burundi,2007,mortality_u5,109.5,UN IGME (via World Bank API),2026-09-02
BDI,Burundi,2006,mortality_u5,116.6,UN IGME (via World Bank API),2026-09-02
BDI,Burundi,2005,mortality_u5,123.7,UN IGME (via World Bank API),2026-09-02
BDI,Burundi,2004,mortality_u5,130.4,UN IGME (via World Bank API),2026-09-02
BDI,Burundi,2003,mortality_u5,136.6,UN IGME (via World Bank API),2026-09-02
BDI,Burundi,2002,mortality_u5,142.3,UN IGME (via World Bank API),2026-09-02
BDI,Burundi,2001,mortality_u5,147.5,UN IGME (via World Bank API),2026-09-02
BDI,Burundi,2000,mortality_u5,152.4,UN IGME (via World Bank API),2026-09-02
CPV,Cabo Verde,2023,mortality_u5,11.6,UN IGME (via World Bank API),2026-09-02
CPV,Cabo Verde,2022,mortality_u5,12.1,UN IGME (via World Bank API),2026-09-02
CPV,Cabo Verde,2021,mortality_u5,12.7,UN IGME (via World Bank API),2026-09-02
CPV,Cabo Verde,2020,mortality_u5,13.3,UN IGME (via World Bank API),2026-09-02
CPV,Cabo Verde,2019,mortality_u5,14.1,UN IGME (via World Bank API),2026-09-02
CPV,Cabo Verde,2018,mortality_u5,15.1,UN IGME (via World Bank API),2026-09-02
CPV,Cabo Verde,2017,mortality_u5,16.2,UN IGME (via World Bank API),2026-09-02
CPV,Cabo Verde,2016,mortality_u5,17.6,UN IGME (via World Bank API),2026-09-02
CPV,Cabo Verde,2015,mortality_u5,19.2,UN IGME (via World Bank API),2026-09-02
CPV,Cabo Verde,2014,mortality_u5,20.9,UN IGME (via World Bank API),2026-09-02
CPV,Cabo Verde,2013,mortality_u5,22.6,UN IGME (via World Bank API),2026-09-02
CPV,Cabo Verde,2012,mortality_u5,24.2,UN IGME (via World Bank API),2026-09-02
CPV,Cabo Verde,2011,mortality_u5,25.6,UN IGME (via World Bank API),2026-09-02
CPV,Cabo Verde,2010,mortality_u5,26.7,UN IGME (via World Bank API),2026-09-02
CPV,Cabo Verde,2009,mortality_u5,27.5,UN IGME (via World Bank API),2026-09-02
CPV,Cabo Verde,2008,mortality_u5,27.9,UN IGME (via World Bank API),2026-09-02
CPV,Cabo Verde,2007,mortality_u5,28.1,UN IGME (via World Bank API),2026-09-02
CPV,Cabo Verde,2006,mortality_u5,28.0,UN IGME (via World Bank API),2026-09-02
CPV,Cabo Verde,2005,mortality_u5,28.0,UN IGME (via World Bank API),2026-09-02
CPV,Cabo Verde,2004,mortality_u5,28.2,UN IGME (via World Bank API),2026-09-02
CPV,Cabo Verde,2003,mortality_u5,29.0,UN IGME (via World Bank API),2026-09-02
CPV,Cabo Verde,2002,mortality_u5,30.5,UN IGME (via World Bank API),2026-09-02
CPV,Cabo Verde,2001,mortality_u5,32.8,UN IGME (via World Bank API),2026-09-02
CPV,Cabo Verde,2000,mortality_u5,36.0,UN IGME (via World Bank API),2026-09-02
KHM,Cambodia,2023,mortality_u5,19.1,UN IGME (via World Bank API),2026-09-02
KHM,Cambodia,2022,mortality_u5,19.9,UN IGME (via World Bank API),2026-09-02
KHM,Cambodia,2021,mortality_u5,20.8,UN IGME (via World Bank API),2026-09-02
KHM,Cambodia,2020,mortality_u5,21.8,UN IGME (via World Bank API),2026-09-02
KHM,Cambodia,2019,mortality_u5,22.8,UN IGME (via World Bank API),2026-09-02
KHM,Cambodia,2018,mortality_u5,24.1,UN IGME (via World Bank API),2026-09-02
KHM,Cambodia,2017,mortality_u5,25.6,UN IGME (via World Bank API),2026-09-02
KHM,Cambodia,2016,mortality_u5,27.5,UN IGME (via World Bank API),2026-09-02
KHM,Cambodia,2015,mortality_u5,29.6,UN IGME (via World Bank API),2026-09-02
KHM,Cambodia,2014,mortality_u5,32.0,UN IGME (via World Bank API),2026-09-02
KHM,Cambodia,2013,mortality_u5,34.5,UN IGME (via World Bank API),2026-09-02
KHM,Cambodia,2012,mortality_u5,37.2,UN IGME (via World Bank API),2026-09-02
KHM,Cambodia,2011,mortality_u5,40.3,UN IGME (via World Bank API),2026-09-02
KHM,Cambodia,2010,mortality_u5,43.5,UN IGME (via World Bank API),2026-09-02
KHM,Cambodia,2009,mortality_u5,47.0,UN IGME (via World Bank API),2026-09-02
KHM,Cambodia,2008,mortality_u5,50.8,UN IGME (via World Bank API),2026-09-02
KHM,Cambodia,2007,mortality_u5,54.9,UN IGME (via World Bank API),2026-09-02
KHM,Cambodia,2006,mortality_u5,59.3,UN IGME (via World Bank API),2026-09-02
KHM,Cambodia,2005,mortality_u5,64.4,UN IGME (via World Bank API),2026-09-02
KHM,Cambodia,2004,mortality_u5,70.4,UN IGME (via World Bank API),2026-09-02
KHM,Cambodia,2003,mortality_u5,77.5,UN IGME (via World Bank API),2026-09-02
KHM,Cambodia,2002,mortality_u5,86.2,UN IGME (via World Bank API),2026-09-02
KHM,Cambodia,2001,mortality_u5,96.0,UN IGME (via World Bank API),2026-09-02
KHM,Cambodia,2000,mortality_u5,105.2,UN IGME (via World Bank API),2026-09-02
CMR,Cameroon,2023,mortality_u5,67.0,UN IGME (via World Bank API),2026-09-02
CMR,Cameroon,2022,mortality_u5,69.4,UN IGME (via World Bank API),2026-09-02
CMR,Cameroon,2021,mortality_u5,71.9,UN IGME (via World Bank API),2026-09-02
CMR,Cameroon,2020,mortality_u5,74.4,UN IGME (via World Bank API),2026-09-02
CMR,Cameroon,2019,mortality_u5,76.6,UN IGME (via World Bank API),2026-09-02
CMR,Cameroon,2018,mortality_u5,78.9,UN IGME (via World Bank API),2026-09-02
CMR,Cameroon,2017,mortality_u5,81.9,UN IGME (via World Bank API),2026-09-02
CMR,Cameroon,2016,mortality_u5,85.1,UN IGME (via World Bank API),2026-09-02
CMR,Cameroon,2015,mortality_u5,88.5,UN IGME (via World Bank API),2026-09-02
CMR,Cameroon,2014,mortality_u5,92.4,UN IGME (via World Bank API),2026-09-02
CMR,Cameroon,2013,mortality_u5,96.5,UN IGME (via World Bank API),2026-09-02
CMR,Cameroon,2012,mortality_u5,100.8,UN IGME (via World Bank API),2026-09-02
CMR,Cameroon,2011,mortality_u5,105.2,UN IGME (via World Bank API),2026-09-02
CMR,Cameroon,2010,mortality_u5,109.5,UN IGME (via World Bank API),2026-09-02
CMR,Cameroon,2009,mortality_u5,113.7,UN IGME (via World Bank API),2026-09-02
CMR,Cameroon,2008,mortality_u5,117.2,UN IGME (via World Bank API),2026-09-02
CMR,Cameroon,2007,mortality_u5,120.8,UN IGME (via World Bank API),2026-09-02
CMR,Cameroon,2006,mortality_u5,124.2,UN IGME (via World Bank API),2026-09-02
CMR,Cameroon,2005,mortality_u5,127.6,UN IGME (via World Bank API),2026-09-02
CMR,Cameroon,2004,mortality_u5,130.9,UN IGME (via World Bank API),2026-09-02
CMR,Cameroon,2003,mortality_u5,134.3,UN IGME (via World Bank API),2026-09-02
CMR,Cameroon,2002,mortality_u5,137.6,UN IGME (via World Bank API),2026-09-02
CMR,Cameroon,2001,mortality_u5,141.0,UN IGME (via World Bank API),2026-09-02
CMR,Cameroon,2000,mortality_u5,143.9,UN IGME (via World Bank API),2026-09-02
CAN,Canada,2023,mortality_u5,5.4,UN IGME (via World Bank API),2026-09-02
CAN,Canada,2022,mortality_u5,5.3,UN IGME (via World Bank API),2026-09-02
CAN,Canada,2021,mortality_u5,5.2,UN IGME (via World Bank API),2026-09-02
CAN,Canada,2020,mortality_u5,5.2,UN IGME (via World Bank API),2026-09-02
CAN,Canada,2019,mortality_u5,5.2,UN IGME (via World Bank API),2026-09-02
CAN,Canada,2018,mortality_u5,5.2,UN IGME (via World Bank API),2026-09-02
CAN,Canada,2017,mortality_u5,5.2,UN IGME (via World Bank API),2026-09-02
CAN,Canada,2016,mortality_u5,5.3,UN IGME (via World Bank API),2026-09-02
CAN,Canada,2015,mortality_u5,5.3,UN IGME (via World Bank API),2026-09-02
CAN,Canada,2014,mortality_u5,5.4,UN IGME (via World Bank API),2026-09-02
CAN,Canada,2013,mortality_u5,5.5,UN IGME (via World Bank API),2026-09-02
CAN,Canada,2012,mortality_u5,5.6,UN IGME (via World Bank API),2026-09-02
CAN,Canada,2011,mortality_u5,5.6,UN IGME (via World Bank API),2026-09-02
CAN,Canada,2010,mortality_u5,5.7,UN IGME (via World Bank API),2026-09-02
CAN,Canada,2009,mortality_u5,5.8,UN IGME (via World Bank API),2026-09-02
CAN,Canada,2008,mortality_u5,5.9,UN IGME (via World Bank API),2026-09-02
CAN,Canada,2007,mortality_u5,6.0,UN IGME (via World Bank API),2026-09-02
CAN,Canada,2006,mortality_u5,6.0,UN IGME (via World Bank API),2026-09-02
CAN,Canada,2005,mortality_u5,6.1,UN IGME (via World Bank API),2026-09-02
CAN,Canada,2004,mortality_u5,6.1,UN IGME (via World Bank API),2026-09-02
CAN,Canada,2003,mortality_u5,6.2,UN IGME (via World Bank API),2026-09-02
CAN,Canada,2002,mortality_u5,6.2,UN IGME (via World Bank API),2026-09-02
CAN,Canada,2001,mortality_u5,6.2,UN IGME (via World Bank API),2026-09-02
CAN,Canada,2000,mortality_u5,6.2,UN IGME (via World Bank API),2026-09-02
CAF,Central African Republic,2023,mortality_u5,92.6,UN IGME (via World Bank API),2026-09-02
CAF,Central African Republic,2022,mortality_u5,424.6,UN IGME (via World Bank API),2026-09-02
CAF,Central African Republic,2021,mortality_u5,178.7,UN IGME (via World Bank API),2026-09-02
CAF,Central African Republic,2020,mortality_u5,124.2,UN IGME (via World Bank API),2026-09-02
CAF,Central African Republic,2019,mortality_u5,254.7,UN IGME (via World Bank API),2026-09-02
CAF,Central African Republic,2018,mortality_u5,120.2,UN IGME (via World Bank API),2026-09-02
CAF,Central African Republic,2017,mortality_u5,155.2,UN IGME (via World Bank API),2026-09-02
CAF,Central African Republic,2016,mortality_u5,126.8,UN IGME (via World Bank API),2026-09-02
CAF,Central African Republic,2015,mortality_u5,113.7,UN IGME (via World Bank API),2026-09-02
CAF,Central African Republic,2014,mortality_u5,186.8,UN IGME (via World Bank API),2026-09-02
CAF,Central African Republic,2013,mortality_u5,134.2,UN IGME (via World Bank API),2026-09-02
CAF,Central African Republic,2012,mortality_u5,121.9,UN IGME (via World Bank API),2026-09-02
CAF,Central African Republic,2011,mortality_u5,125.1,UN IGME (via World Bank API),2026-09-02
CAF,Central African Republic,2010,mortality_u5,150.7,UN IGME (via World Bank API),2026-09-02
CAF,Central African Republic,2009,mortality_u5,489.3,UN IGME (via World Bank API),2026-09-02
CAF,Central African Republic,2008,mortality_u5,135.5,UN IGME (via World Bank API),2026-09-02
CAF,Central African Republic,2007,mortality_u5,139.3,UN IGME (via World Bank API),2026-09-02
CAF,Central African Republic,2006,mortality_u5,143.5,UN IGME (via World Bank API),2026-09-02
CAF,Central African Republic,2005,mortality_u5,147.9,UN IGME (via World Bank API),2026-09-02
CAF,Central African Republic,2004,mortality_u5,151.8,UN IGME (via World Bank API),2026-09-02
CAF,Central African Republic,2003,mortality_u5,155.6,UN IGME (via World Bank API),2026-09-02
CAF,Central African Republic,2002,mortality_u5,159.0,UN IGME (via World Bank API),2026-09-02
CAF,Central African Republic,2001,mortality_u5,162.5,UN IGME (via World Bank API),2026-09-02
CAF,Central African Republic,2000,mortality_u5,165.5,UN IGME (via World Bank API),2026-09-02
TCD,Chad,2023,mortality_u5,100.6,UN IGME (via World Bank API),2026-09-02
TCD,Chad,2022,mortality_u5,103.9,UN IGME (via World Bank API),2026-09-02
TCD,Chad,2021,mortality_u5,107.3,UN IGME (via World Bank API),2026-09-02
TCD,Chad,2020,mortality_u5,110.6,UN IGME (via World Bank API),2026-09-02
TCD,Chad,2019,mortality_u5,114.0,UN IGME (via World Bank API),2026-09-02
TCD,Chad,2018,mortality_u5,117.6,UN IGME (via World Bank API),2026-09-02
TCD,Chad,2017,mortality_u5,121.4,UN IGME (via World Bank API),2026-09-02
TCD,Chad,2016,mortality_u5,125.0,UN IGME (via World Bank API),2026-09-02
TCD,Chad,2015,mortality_u5,128.7,UN IGME (via World Bank API),2026-09-02
TCD,Chad,2014,mortality_u5,132.3,UN IGME (via World Bank API),2026-09-02
TCD,Chad,2013,mortality_u5,135.8,UN IGME (via World Bank API),2026-09-02
TCD,Chad,2012,mortality_u5,139.3,UN IGME (via World Bank API),2026-09-02
TCD,Chad,2011,mortality_u5,142.9,UN IGME (via World Bank API),2026-09-02
TCD,Chad,2010,mortality_u5,146.7,UN IGME (via World Bank API),2026-09-02
TCD,Chad,2009,mortality_u5,150.5,UN IGME (via World Bank API),2026-09-02
TCD,Chad,2008,mortality_u5,154.3,UN IGME (via World Bank API),2026-09-02
TCD,Chad,2007,mortality_u5,158.1,UN IGME (via World Bank API),2026-09-02
TCD,Chad,2006,mortality_u5,161.8,UN IGME (via World Bank API),2026-09-02
TCD,Chad,2005,mortality_u5,165.4,UN IGME (via World Bank API),2026-09-02
TCD,Chad,2004,mortality_u5,168.8,UN IGME (via World Bank API),2026-09-02
TCD,Chad,2003,mortality_u5,172.3,UN IGME (via World Bank API),2026-09-02
TCD,Chad,2002,mortality_u5,175.6,UN IGME (via World Bank API),2026-09-02
TCD,Chad,2001,mortality_u5,179.0,UN IGME (via World Bank API),2026-09-02
TCD,Chad,2000,mortality_u5,182.4,UN IGME (via World Bank API),2026-09-02
CHL,Chile,2023,mortality_u5,6.9,UN IGME (via World Bank API),2026-09-02
CHL,Chile,2022,mortality_u5,6.8,UN IGME (via World Bank API),2026-09-02
CHL,Chile,2021,mortality_u5,6.7,UN IGME (via World Bank API),2026-09-02
CHL,Chile,2020,mortality_u5,6.8,UN IGME (via World Bank API),2026-09-02
CHL,Chile,2019,mortality_u5,7.0,UN IGME (via World Bank API),2026-09-02
CHL,Chile,2018,mortality_u5,7.3,UN IGME (via World Bank API),2026-09-02
CHL,Chile,2017,mortality_u5,7.6,UN IGME (via World Bank API),2026-09-02
CHL,Chile,2016,mortality_u5,7.7,UN IGME (via World Bank API),2026-09-02
CHL,Chile,2015,mortality_u5,7.9,UN IGME (via World Bank API),2026-09-02
CHL,Chile,2014,mortality_u5,8.1,UN IGME (via World Bank API),2026-09-02
CHL,Chile,2013,mortality_u5,8.3,UN IGME (via World Bank API),2026-09-02
CHL,Chile,2012,mortality_u5,8.4,UN IGME (via World Bank API),2026-09-02
CHL,Chile,2011,mortality_u5,8.6,UN IGME (via World Bank API),2026-09-02
CHL,Chile,2010,mortality_u5,8.7,UN IGME (via World Bank API),2026-09-02
CHL,Chile,2009,mortality_u5,8.8,UN IGME (via World Bank API),2026-09-02
CHL,Chile,2008,mortality_u5,8.8,UN IGME (via World Bank API),2026-09-02
CHL,Chile,2007,mortality_u5,8.9,UN IGME (via World Bank API),2026-09-02
CHL,Chile,2006,mortality_u5,9.0,UN IGME (via World Bank API),2026-09-02
CHL,Chile,2005,mortality_u5,9.1,UN IGME (via World Bank API),2026-09-02
CHL,Chile,2004,mortality_u5,9.2,UN IGME (via World Bank API),2026-09-02
CHL,Chile,2003,mortality_u5,9.4,UN IGME (via World Bank API),2026-09-02
CHL,Chile,2002,mortality_u5,9.8,UN IGME (via World Bank API),2026-09-02
CHL,Chile,2001,mortality_u5,10.3,UN IGME (via World Bank API),2026-09-02
CHL,Chile,2000,mortality_u5,10.9,UN IGME (via World Bank API),2026-09-02
CHN,China,2023,mortality_u5,6.1,UN IGME (via World Bank API),2026-09-02
CHN,China,2022,mortality_u5,6.6,UN IGME (via World Bank API),2026-09-02
CHN,China,2021,mortality_u5,7.0,UN IGME (via World Bank API),2026-09-02
CHN,China,2020,mortality_u5,7.5,UN IGME (via World Bank API),2026-09-02
CHN,China,2019,mortality_u5,8.0,UN IGME (via World Bank API),2026-09-02
CHN,China,2018,mortality_u5,8.6,UN IGME (via World Bank API),2026-09-02
CHN,China,2017,mortality_u5,9.3,UN IGME (via World Bank API),2026-09-02
CHN,China,2016,mortality_u5,10.0,UN IGME (via World Bank API),2026-09-02
CHN,China,2015,mortality_u5,10.7,UN IGME (via World Bank API),2026-09-02
CHN,China,2014,mortality_u5,11.6,UN IGME (via World Bank API),2026-09-02
CHN,China,2013,mortality_u5,12.5,UN IGME (via World Bank API),2026-09-02
CHN,China,2012,mortality_u5,13.5,UN IGME (via World Bank API),2026-09-02
CHN,China,2011,mortality_u5,14.6,UN IGME (via World Bank API),2026-09-02
CHN,China,2010,mortality_u5,15.7,UN IGME (via World Bank API),2026-09-02
CHN,China,2009,mortality_u5,17.1,UN IGME (via World Bank API),2026-09-02
CHN,China,2008,mortality_u5,18.5,UN IGME (via World Bank API),2026-09-02
CHN,China,2007,mortality_u5,20.1,UN IGME (via World Bank API),2026-09-02
CHN,China,2006,mortality_u5,21.9,UN IGME (via World Bank API),2026-09-02
CHN,China,2005,mortality_u5,24.0,UN IGME (via World Bank API),2026-09-02
CHN,China,2004,mortality_u5,26.3,UN IGME (via World Bank API),2026-09-02
CHN,China,2003,mortality_u5,28.8,UN IGME (via World Bank API),2026-09-02
CHN,China,2002,mortality_u5,31.4,UN IGME (via World Bank API),2026-09-02
CHN,China,2001,mortality_u5,34.1,UN IGME (via World Bank API),2026-09-02
CHN,China,2000,mortality_u5,36.6,UN IGME (via World Bank API),2026-09-02
COL,Colombia,2023,mortality_u5,11.9,UN IGME (via World Bank API),2026-09-02
COL,Colombia,2022,mortality_u5,12.3,UN IGME (via World Bank API),2026-09-02
COL,Colombia,2021,mortality_u5,12.7,UN IGME (via World Bank API),2026-09-02
COL,Colombia,2020,mortality_u5,13.1,UN IGME (via World Bank API),2026-09-02
COL,Colombia,2019,mortality_u5,13.5,UN IGME (via World Bank API),2026-09-02
COL,Colombia,2018,mortality_u5,14.0,UN IGME (via World Bank API),2026-09-02
COL,Colombia,2017,mortality_u5,14.5,UN IGME (via World Bank API),2026-09-02
COL,Colombia,2016,mortality_u5,15.0,UN IGME (via World Bank API),2026-09-02
COL,Colombia,2015,mortality_u5,15.5,UN IGME (via World Bank API),2026-09-02
COL,Colombia,2014,mortality_u5,16.0,UN IGME (via World Bank API),2026-09-02
COL,Colombia,2013,mortality_u5,16.5,UN IGME (via World Bank API),2026-09-02
COL,Colombia,2012,mortality_u5,17.1,UN IGME (via World Bank API),2026-09-02
COL,Colombia,2011,mortality_u5,17.6,UN IGME (via World Bank API),2026-09-02
COL,Colombia,2010,mortality_u5,18.2,UN IGME (via World Bank API),2026-09-02
COL,Colombia,2009,mortality_u5,18.8,UN IGME (via World Bank API),2026-09-02
COL,Colombia,2008,mortality_u5,19.5,UN IGME (via World Bank API),2026-09-02
COL,Colombia,2007,mortality_u5,20.1,UN IGME (via World Bank API),2026-09-02
COL,Colombia,2006,mortality_u5,20.7,UN IGME (via World Bank API),2026-09-02
COL,Colombia,2005,mortality_u5,21.4,UN IGME (via World Bank API),2026-09-02
COL,Colombia,2004,mortality_u5,22.1,UN IGME (via World Bank API),2026-09-02
COL,Colombia,2003,mortality_u5,22.7,UN IGME (via World Bank API),2026-09-02
COL,Colombia,2002,mortality_u5,23.5,UN IGME (via World Bank API),2026-09-02
COL,Colombia,2001,mortality_u5,24.2,UN IGME (via World Bank API),2026-09-02
COL,Colombia,2000,mortality_u5,25.0,UN IGME (via World Bank API),2026-09-02
COM,Comoros,2023,mortality_u5,40.2,UN IGME (via World Bank API),2026-09-02
COM,Comoros,2022,mortality_u5,41.4,UN IGME (via World Bank API),2026-09-02
COM,Comoros,2021,mortality_u5,42.6,UN IGME (via World Bank API),2026-09-02
COM,Comoros,2020,mortality_u5,43.7,UN IGME (via World Bank API),2026-09-02
COM,Comoros,2019,mortality_u5,44.8,UN IGME (via World Bank API),2026-09-02
COM,Comoros,2018,mortality_u5,45.8,UN IGME (via World Bank API),2026-09-02
COM,Comoros,2017,mortality_u5,46.9,UN IGME (via World Bank API),2026-09-02
COM,Comoros,2016,mortality_u5,47.9,UN IGME (via World Bank API),2026-09-02
COM,Comoros,2015,mortality_u5,48.9,UN IGME (via World Bank API),2026-09-02
COM,Comoros,2014,mortality_u5,50.0,UN IGME (via World Bank API),2026-09-02
COM,Comoros,2013,mortality_u5,51.2,UN IGME (via World Bank API),2026-09-02
COM,Comoros,2012,mortality_u5,52.5,UN IGME (via World Bank API),2026-09-02
COM,Comoros,2011,mortality_u5,54.0,UN IGME (via World Bank API),2026-09-02
COM,Comoros,2010,mortality_u5,55.6,UN IGME (via World Bank API),2026-09-02
COM,Comoros,2009,mortality_u5,57.3,UN IGME (via World Bank API),2026-09-02
COM,Comoros,2008,mortality_u5,59.2,UN IGME (via World Bank API),2026-09-02
COM,Comoros,2007,mortality_u5,61.2,UN IGME (via World Bank API),2026-09-02
COM,Comoros,2006,mortality_u5,63.4,UN IGME (via World Bank API),2026-09-02
COM,Comoros,2005,mortality_u5,65.8,UN IGME (via World Bank API),2026-09-02
COM,Comoros,2004,mortality_u5,68.3,UN IGME (via World Bank API),2026-09-02
COM,Comoros,2003,mortality_u5,71.0,UN IGME (via World Bank API),2026-09-02
COM,Comoros,2002,mortality_u5,73.8,UN IGME (via World Bank API),2026-09-02
COM,Comoros,2001,mortality_u5,76.8,UN IGME (via World Bank API),2026-09-02
COM,Comoros,2000,mortality_u5,79.9,UN IGME (via World Bank API),2026-09-02
COD,"Congo, Dem. Rep.",2023,mortality_u5,91.3,UN IGME (via World Bank API),2026-09-02
COD,"Congo, Dem. Rep.",2022,mortality_u5,92.5,UN IGME (via World Bank API),2026-09-02
COD,"Congo, Dem. Rep.",2021,mortality_u5,92.9,UN IGME (via World Bank API),2026-09-02
COD,"Congo, Dem. Rep.",2020,mortality_u5,92.7,UN IGME (via World Bank API),2026-09-02
COD,"Congo, Dem. Rep.",2019,mortality_u5,92.2,UN IGME (via World Bank API),2026-09-02
COD,"Congo, Dem. Rep.",2018,mortality_u5,91.7,UN IGME (via World Bank API),2026-09-02
COD,"Congo, Dem. Rep.",2017,mortality_u5,91.5,UN IGME (via World Bank API),2026-09-02
COD,"Congo, Dem. Rep.",2016,mortality_u5,91.5,UN IGME (via World Bank API),2026-09-02
COD,"Congo, Dem. Rep.",2015,mortality_u5,91.9,UN IGME (via World Bank API),2026-09-02
COD,"Congo, Dem. Rep.",2014,mortality_u5,92.7,UN IGME (via World Bank API),2026-09-02
COD,"Congo, Dem. Rep.",2013,mortality_u5,94.1,UN IGME (via World Bank API),2026-09-02
COD,"Congo, Dem. Rep.",2012,mortality_u5,95.9,UN IGME (via World Bank API),2026-09-02
COD,"Congo, Dem. Rep.",2011,mortality_u5,98.3,UN IGME (via World Bank API),2026-09-02
COD,"Congo, Dem. Rep.",2010,mortality_u5,101.4,UN IGME (via World Bank API),2026-09-02
COD,"Congo, Dem. Rep.",2009,mortality_u5,105.0,UN IGME (via World Bank API),2026-09-02
COD,"Congo, Dem. Rep.",2008,mortality_u5,109.2,UN IGME (via World Bank API),2026-09-02
COD,"Congo, Dem. Rep.",2007,mortality_u5,113.8,UN IGME (via World Bank API),2026-09-02
COD,"Congo, Dem. Rep.",2006,mortality_u5,118.9,UN IGME (via World Bank API),2026-09-02
COD,"Congo, Dem. Rep.",2005,mortality_u5,124.4,UN IGME (via World Bank API),2026-09-02
COD,"Congo, Dem. Rep.",2004,mortality_u5,159.4,UN IGME (via World Bank API),2026-09-02
COD,"Congo, Dem. Rep.",2003,mortality_u5,165.9,UN IGME (via World Bank API),2026-09-02
COD,"Congo, Dem. Rep.",2002,mortality_u5,172.2,UN IGME (via World Bank API),2026-09-02
COD,"Congo, Dem. Rep.",2001,mortality_u5,178.4,UN IGME (via World Bank API),2026-09-02
COD,"Congo, Dem. Rep.",2000,mortality_u5,184.6,UN IGME (via World Bank API),2026-09-02
COG,"Congo, Rep.",2023,mortality_u5,40.3,UN IGME (via World Bank API),2026-09-02
COG,"Congo, Rep.",2022,mortality_u5,41.5,UN IGME (via World Bank API),2026-09-02
COG,"Congo, Rep.",2021,mortality_u5,43.0,UN IGME (via World Bank API),2026-09-02
COG,"Congo, Rep.",2020,mortality_u5,44.5,UN IGME (via World Bank API),2026-09-02
COG,"Congo, Rep.",2019,mortality_u5,52.2,UN IGME (via World Bank API),2026-09-02
COG,"Congo, Rep.",2018,mortality_u5,47.6,UN IGME (via World Bank API),2026-09-02
COG,"Congo, Rep.",2017,mortality_u5,49.3,UN IGME (via World Bank API),2026-09-02
COG,"Congo, Rep.",2016,mortality_u5,51.0,UN IGME (via World Bank API),2026-09-02
COG,"Congo, Rep.",2015,mortality_u5,52.7,UN IGME (via World Bank API),2026-09-02
COG,"Congo, Rep.",2014,mortality_u5,54.5,UN IGME (via World Bank API),2026-09-02
COG,"Congo, Rep.",2013,mortality_u5,56.2,UN IGME (via World Bank API),2026-09-02
COG,"Congo, Rep.",2012,mortality_u5,57.9,UN IGME (via World Bank API),2026-09-02
COG,"Congo, Rep.",2011,mortality_u5,60.0,UN IGME (via World Bank API),2026-09-02
COG,"Congo, Rep.",2010,mortality_u5,62.4,UN IGME (via World Bank API),2026-09-02
COG,"Congo, Rep.",2009,mortality_u5,65.3,UN IGME (via World Bank API),2026-09-02
COG,"Congo, Rep.",2008,mortality_u5,69.2,UN IGME (via World Bank API),2026-09-02
COG,"Congo, Rep.",2007,mortality_u5,73.9,UN IGME (via World Bank API),2026-09-02
COG,"Congo, Rep.",2006,mortality_u5,79.5,UN IGME (via World Bank API),2026-09-02
COG,"Congo, Rep.",2005,mortality_u5,85.7,UN IGME (via World Bank API),2026-09-02
COG,"Congo, Rep.",2004,mortality_u5,92.3,UN IGME (via World Bank API),2026-09-02
COG,"Congo, Rep.",2003,mortality_u5,98.9,UN IGME (via World Bank API),2026-09-02
COG,"Congo, Rep.",2002,mortality_u5,104.6,UN IGME (via World Bank API),2026-09-02
COG,"Congo, Rep.",2001,mortality_u5,109.3,UN IGME (via World Bank API),2026-09-02
COG,"Congo, Rep.",2000,mortality_u5,112.5,UN IGME (via World Bank API),2026-09-02
CRI,Costa Rica,2023,mortality_u5,10.1,UN IGME (via World Bank API),2026-09-02
CRI,Costa Rica,2022,mortality_u5,9.9,UN IGME (via World Bank API),2026-09-02
CRI,Costa Rica,2021,mortality_u5,9.6,UN IGME (via World Bank API),2026-09-02
CRI,Costa Rica,2020,mortality_u5,9.3,UN IGME (via World Bank API),2026-09-02
CRI,Costa Rica,2019,mortality_u5,9.1,UN IGME (via World Bank API),2026-09-02
CRI,Costa Rica,2018,mortality_u5,9.0,UN IGME (via World Bank API),2026-09-02
CRI,Costa Rica,2017,mortality_u5,8.9,UN IGME (via World Bank API),2026-09-02
CRI,Costa Rica,2016,mortality_u5,8.9,UN IGME (via World Bank API),2026-09-02
CRI,Costa Rica,2015,mortality_u5,9.0,UN IGME (via World Bank API),2026-09-02
CRI,Costa Rica,2014,mortality_u5,9.2,UN IGME (via World Bank API),2026-09-02
CRI,Costa Rica,2013,mortality_u5,9.5,UN IGME (via World Bank API),2026-09-02
CRI,Costa Rica,2012,mortality_u5,9.8,UN IGME (via World Bank API),2026-09-02
CRI,Costa Rica,2011,mortality_u5,10.2,UN IGME (via World Bank API),2026-09-02
CRI,Costa Rica,2010,mortality_u5,10.5,UN IGME (via World Bank API),2026-09-02
CRI,Costa Rica,2009,mortality_u5,10.7,UN IGME (via World Bank API),2026-09-02
CRI,Costa Rica,2008,mortality_u5,10.9,UN IGME (via World Bank API),2026-09-02
CRI,Costa Rica,2007,mortality_u5,11.1,UN IGME (via World Bank API),2026-09-02
CRI,Costa Rica,2006,mortality_u5,11.2,UN IGME (via World Bank API),2026-09-02
CRI,Costa Rica,2005,mortality_u5,11.3,UN IGME (via World Bank API),2026-09-02
CRI,Costa Rica,2004,mortality_u5,11.5,UN IGME (via World Bank API),2026-09-02
CRI,Costa Rica,2003,mortality_u5,11.8,UN IGME (via World Bank API),2026-09-02
CRI,Costa Rica,2002,mortality_u5,12.2,UN IGME (via World Bank API),2026-09-02
CRI,Costa Rica,2001,mortality_u5,12.6,UN IGME (via World Bank API),2026-09-02
CRI,Costa Rica,2000,mortality_u5,13.1,UN IGME (via World Bank API),2026-09-02
CIV,Cote d'Ivoire,2023,mortality_u5,66.5,UN IGME (via World Bank API),2026-09-02
CIV,Cote d'Ivoire,2022,mortality_u5,68.7,UN IGME (via World Bank API),2026-09-02
CIV,Cote d'Ivoire,2021,mortality_u5,70.8,UN IGME (via World Bank API),2026-09-02
CIV,Cote d'Ivoire,2020,mortality_u5,73.0,UN IGME (via World Bank API),2026-09-02
CIV,Cote d'Ivoire,2019,mortality_u5,75.3,UN IGME (via World Bank API),2026-09-02
CIV,Cote d'Ivoire,2018,mortality_u5,77.9,UN IGME (via World Bank API),2026-09-02
CIV,Cote d'Ivoire,2017,mortality_u5,80.5,UN IGME (via World Bank API),2026-09-02
CIV,Cote d'Ivoire,2016,mortality_u5,83.0,UN IGME (via World Bank API),2026-09-02
CIV,Cote d'Ivoire,2015,mortality_u5,85.5,UN IGME (via World Bank API),2026-09-02
CIV,Cote d'Ivoire,2014,mortality_u5,88.6,UN IGME (via World Bank API),2026-09-02
CIV,Cote d'Ivoire,2013,mortality_u5,92.0,UN IGME (via World Bank API),2026-09-02
CIV,Cote d'Ivoire,2012,mortality_u5,95.3,UN IGME (via World Bank API),2026-09-02
CIV,Cote d'Ivoire,2011,mortality_u5,98.4,UN IGME (via World Bank API),2026-09-02
CIV,Cote d'Ivoire,2010,mortality_u5,101.6,UN IGME (via World Bank API),2026-09-02
CIV,Cote d'Ivoire,2009,mortality_u5,105.2,UN IGME (via World Bank API),2026-09-02
CIV,Cote d'Ivoire,2008,mortality_u5,109.0,UN IGME (via World Bank API),2026-09-02
CIV,Cote d'Ivoire,2007,mortality_u5,113.5,UN IGME (via World Bank API),2026-09-02
CIV,Cote d'Ivoire,2006,mortality_u5,117.4,UN IGME (via World Bank API),2026-09-02
CIV,Cote d'Ivoire,2005,mortality_u5,121.2,UN IGME (via World Bank API),2026-09-02
CIV,Cote d'Ivoire,2004,mortality_u5,125.3,UN IGME (via World Bank API),2026-09-02
CIV,Cote d'Ivoire,2003,mortality_u5,129.2,UN IGME (via World Bank API),2026-09-02
CIV,Cote d'Ivoire,2002,mortality_u5,133.1,UN IGME (via World Bank API),2026-09-02
CIV,Cote d'Ivoire,2001,mortality_u5,136.9,UN IGME (via World Bank API),2026-09-02
CIV,Cote d'Ivoire,2000,mortality_u5,140.4,UN IGME (via World Bank API),2026-09-02
HRV,Croatia,2023,mortality_u5,5.1,UN IGME (via World Bank API),2026-09-02
HRV,Croatia,2022,mortality_u5,4.6,UN IGME (via World Bank API),2026-09-02
HRV,Croatia,2021,mortality_u5,4.6,UN IGME (via World Bank API),2026-09-02
HRV,Croatia,2020,mortality_u5,4.7,UN IGME (via World Bank API),2026-09-02
HRV,Croatia,2019,mortality_u5,4.7,UN IGME (via World Bank API),2026-09-02
HRV,Croatia,2018,mortality_u5,4.8,UN IGME (via World Bank API),2026-09-02
HRV,Croatia,2017,mortality_u5,4.8,UN IGME (via World Bank API),2026-09-02
HRV,Croatia,2016,mortality_u5,4.9,UN IGME (via World Bank API),2026-09-02
HRV,Croatia,2015,mortality_u5,4.9,UN IGME (via World Bank API),2026-09-02
HRV,Croatia,2014,mortality_u5,5.0,UN IGME (via World Bank API),2026-09-02
HRV,Croatia,2013,mortality_u5,5.1,UN IGME (via World Bank API),2026-09-02
HRV,Croatia,2012,mortality_u5,5.2,UN IGME (via World Bank API),2026-09-02
HRV,Croatia,2011,mortality_u5,5.3,UN IGME (via World Bank API),2026-09-02
HRV,Croatia,2010,mortality_u5,5.5,UN IGME (via World Bank API),2026-09-02
HRV,Croatia,2009,mortality_u5,5.7,UN IGME (via World Bank API),2026-09-02
HRV,Croatia,2008,mortality_u5,5.9,UN IGME (via World Bank API),2026-09-02
HRV,Croatia,2007,mortality_u5,6.2,UN IGME (via World Bank API),2026-09-02
HRV,Croatia,2006,mortality_u5,6.4,UN IGME (via World Bank API),2026-09-02
HRV,Croatia,2005,mortality_u5,6.7,UN IGME (via World Bank API),2026-09-02
HRV,Croatia,2004,mortality_u5,7.1,UN IGME (via World Bank API),2026-09-02
HRV,Croatia,2003,mortality_u5,8.2,UN IGME (via World Bank API),2026-09-02
HRV,Croatia,2002,mortality_u5,7.7,UN IGME (via World Bank API),2026-09-02
HRV,Croatia,2001,mortality_u5,8.0,UN IGME (via World Bank API),2026-09-02
HRV,Croatia,2000,mortality_u5,8.3,UN IGME (via World Bank API),2026-09-02
CUB,Cuba,2023,mortality_u5,8.2,UN IGME (via World Bank API),2026-09-02
CUB,Cuba,2022,mortality_u5,7.8,UN IGME (via World Bank API),2026-09-02
CUB,Cuba,2021,mortality_u5,7.5,UN IGME (via World Bank API),2026-09-02
CUB,Cuba,2020,mortality_u5,7.2,UN IGME (via World Bank API),2026-09-02
CUB,Cuba,2019,mortality_u5,6.9,UN IGME (via World Bank API),2026-09-02
CUB,Cuba,2018,mortality_u5,6.6,UN IGME (via World Bank API),2026-09-02
CUB,Cuba,2017,mortality_u5,6.4,UN IGME (via World Bank API),2026-09-02
CUB,Cuba,2016,mortality_u5,6.3,UN IGME (via World Bank API),2026-09-02
CUB,Cuba,2015,mortality_u5,6.1,UN IGME (via World Bank API),2026-09-02
CUB,Cuba,2014,mortality_u5,6.1,UN IGME (via World Bank API),2026-09-02
CUB,Cuba,2013,mortality_u5,6.0,UN IGME (via World Bank API),2026-09-02
CUB,Cuba,2012,mortality_u5,6.1,UN IGME (via World Bank API),2026-09-02
CUB,Cuba,2011,mortality_u5,6.1,UN IGME (via World Bank API),2026-09-02
CUB,Cuba,2010,mortality_u5,6.2,UN IGME (via World Bank API),2026-09-02
CUB,Cuba,2009,mortality_u5,6.3,UN IGME (via World Bank API),2026-09-02
CUB,Cuba,2008,mortality_u5,6.5,UN IGME (via World Bank API),2026-09-02
CUB,Cuba,2007,mortality_u5,6.6,UN IGME (via World Bank API),2026-09-02
CUB,Cuba,2006,mortality_u5,6.8,UN IGME (via World Bank API),2026-09-02
CUB,Cuba,2005,mortality_u5,7.1,UN IGME (via World Bank API),2026-09-02
CUB,Cuba,2004,mortality_u5,7.3,UN IGME (via World Bank API),2026-09-02
CUB,Cuba,2003,mortality_u5,7.6,UN IGME (via World Bank API),2026-09-02
CUB,Cuba,2002,mortality_u5,7.9,UN IGME (via World Bank API),2026-09-02
CUB,Cuba,2001,mortality_u5,8.2,UN IGME (via World Bank API),2026-09-02
CUB,Cuba,2000,mortality_u5,8.6,UN IGME (via World Bank API),2026-09-02
CYP,Cyprus,2023,mortality_u5,4.6,UN IGME (via World Bank API),2026-09-02
CYP,Cyprus,2022,mortality_u5,4.1,UN IGME (via World Bank API),2026-09-02
CYP,Cyprus,2021,mortality_u5,3.7,UN IGME (via World Bank API),2026-09-02
CYP,Cyprus,2020,mortality_u5,3.3,UN IGME (via World Bank API),2026-09-02
CYP,Cyprus,2019,mortality_u5,3.0,UN IGME (via World Bank API),2026-09-02
CYP,Cyprus,2018,mortality_u5,2.7,UN IGME (via World Bank API),2026-09-02
CYP,Cyprus,2017,mortality_u5,2.6,UN IGME (via World Bank API),2026-09-02
CYP,Cyprus,2016,mortality_u5,2.5,UN IGME (via World Bank API),2026-09-02
CYP,Cyprus,2015,mortality_u5,2.5,UN IGME (via World Bank API),2026-09-02
CYP,Cyprus,2014,mortality_u5,2.6,UN IGME (via World Bank API),2026-09-02
CYP,Cyprus,2013,mortality_u5,2.7,UN IGME (via World Bank API),2026-09-02
CYP,Cyprus,2012,mortality_u5,2.8,UN IGME (via World Bank API),2026-09-02
CYP,Cyprus,2011,mortality_u5,3.0,UN IGME (via World Bank API),2026-09-02
CYP,Cyprus,2010,mortality_u5,3.2,UN IGME (via World Bank API),2026-09-02
CYP,Cyprus,2009,mortality_u5,3.5,UN IGME (via World Bank API),2026-09-02
CYP,Cyprus,2008,mortality_u5,3.8,UN IGME (via World Bank API),2026-09-02
CYP,Cyprus,2007,mortality_u5,4.1,UN IGME (via World Bank API),2026-09-02
CYP,Cyprus,2006,mortality_u5,4.4,UN IGME (via World Bank API),2026-09-02
CYP,Cyprus,2005,mortality_u5,4.7,UN IGME (via World Bank API),2026-09-02
CYP,Cyprus,2004,mortality_u5,5.1,UN IGME (via World Bank API),2026-09-02
CYP,Cyprus,2003,mortality_u5,5.4,UN IGME (via World Bank API),2026-09-02
CYP,Cyprus,2002,mortality_u5,5.8,UN IGME (via World Bank API),2026-09-02
CYP,Cyprus,2001,mortality_u5,6.2,UN IGME (via World Bank API),2026-09-02
CYP,Cyprus,2000,mortality_u5,6.6,UN IGME (via World Bank API),2026-09-02
CZE,Czechia,2023,mortality_u5,2.6,UN IGME (via World Bank API),2026-09-02
CZE,Czechia,2022,mortality_u5,2.7,UN IGME (via World Bank API),2026-09-02
CZE,Czechia,2021,mortality_u5,2.8,UN IGME (via World Bank API),2026-09-02
CZE,Czechia,2020,mortality_u5,2.9,UN IGME (via World Bank API),2026-09-02
CZE,Czechia,2019,mortality_u5,3.0,UN IGME (via World Bank API),2026-09-02
CZE,Czechia,2018,mortality_u5,3.1,UN IGME (via World Bank API),2026-09-02
CZE,Czechia,2017,mortality_u5,3.2,UN IGME (via World Bank API),2026-09-02
CZE,Czechia,2016,mortality_u5,3.2,UN IGME (via World Bank API),2026-09-02
CZE,Czechia,2015,mortality_u5,3.2,UN IGME (via World Bank API),2026-09-02
CZE,Czechia,2014,mortality_u5,3.1,UN IGME (via World Bank API),2026-09-02
CZE,Czechia,2013,mortality_u5,3.1,UN IGME (via World Bank API),2026-09-02
CZE,Czechia,2012,mortality_u5,3.2,UN IGME (via World Bank API),2026-09-02
CZE,Czechia,2011,mortality_u5,3.3,UN IGME (via World Bank API),2026-09-02
CZE,Czechia,2010,mortality_u5,3.4,UN IGME (via World Bank API),2026-09-02
CZE,Czechia,2009,mortality_u5,3.5,UN IGME (via World Bank API),2026-09-02
CZE,Czechia,2008,mortality_u5,3.7,UN IGME (via World Bank API),2026-09-02
CZE,Czechia,2007,mortality_u5,3.9,UN IGME (via World Bank API),2026-09-02
CZE,Czechia,2006,mortality_u5,4.1,UN IGME (via World Bank API),2026-09-02
CZE,Czechia,2005,mortality_u5,4.4,UN IGME (via World Bank API),2026-09-02
CZE,Czechia,2004,mortality_u5,4.6,UN IGME (via World Bank API),2026-09-02
CZE,Czechia,2003,mortality_u5,4.8,UN IGME (via World Bank API),2026-09-02
CZE,Czechia,2002,mortality_u5,5.0,UN IGME (via World Bank API),2026-09-02
CZE,Czechia,2001,mortality_u5,5.2,UN IGME (via World Bank API),2026-09-02
CZE,Czechia,2000,mortality_u5,5.5,UN IGME (via World Bank API),2026-09-02
DNK,Denmark,2023,mortality_u5,3.9,UN IGME (via World Bank API),2026-09-02
DNK,Denmark,2022,mortality_u5,3.8,UN IGME (via World Bank API),2026-09-02
DNK,Denmark,2021,mortality_u5,3.7,UN IGME (via World Bank API),2026-09-02
DNK,Denmark,2020,mortality_u5,3.7,UN IGME (via World Bank API),2026-09-02
DNK,Denmark,2019,mortality_u5,3.8,UN IGME (via World Bank API),2026-09-02
DNK,Denmark,2018,mortality_u5,3.9,UN IGME (via World Bank API),2026-09-02
DNK,Denmark,2017,mortality_u5,3.9,UN IGME (via World Bank API),2026-09-02
DNK,Denmark,2016,mortality_u5,4.0,UN IGME (via World Bank API),2026-09-02
DNK,Denmark,2015,mortality_u5,4.1,UN IGME (via World Bank API),2026-09-02
DNK,Denmark,2014,mortality_u5,4.1,UN IGME (via World Bank API),2026-09-02
DNK,Denmark,2013,mortality_u5,4.1,UN IGME (via World Bank API),2026-09-02
DNK,Denmark,2012,mortality_u5,4.1,UN IGME (via World Bank API),2026-09-02
DNK,Denmark,2011,mortality_u5,4.1,UN IGME (via World Bank API),2026-09-02
DNK,Denmark,2010,mortality_u5,4.1,UN IGME (via World Bank API),2026-09-02
DNK,Denmark,2009,mortality_u5,4.2,UN IGME (via World Bank API),2026-09-02
DNK,Denmark,2008,mortality_u5,4.3,UN IGME (via World Bank API),2026-09-02
DNK,Denmark,2007,mortality_u5,4.5,UN IGME (via World Bank API),2026-09-02
DNK,Denmark,2006,mortality_u5,4.6,UN IGME (via World Bank API),2026-09-02
DNK,Denmark,2005,mortality_u5,4.8,UN IGME (via World Bank API),2026-09-02
DNK,Denmark,2004,mortality_u5,5.0,UN IGME (via World Bank API),2026-09-02
DNK,Denmark,2003,mortality_u5,5.2,UN IGME (via World Bank API),2026-09-02
DNK,Denmark,2002,mortality_u5,5.4,UN IGME (via World Bank API),2026-09-02
DNK,Denmark,2001,mortality_u5,5.5,UN IGME (via World Bank API),2026-09-02
DNK,Denmark,2000,mortality_u5,5.6,UN IGME (via World Bank API),2026-09-02
DJI,Djibouti,2023,mortality_u5,50.5,UN IGME (via World Bank API),2026-09-02
DJI,Djibouti,2022,mortality_u5,52.1,UN IGME (via World Bank API),2026-09-02
DJI,Djibouti,2021,mortality_u5,54.0,UN IGME (via World Bank API),2026-09-02
DJI,Djibouti,2020,mortality_u5,55.7,UN IGME (via World Bank API),2026-09-02
DJI,Djibouti,2019,mortality_u5,57.5,UN IGME (via World Bank API),2026-09-02
DJI,Djibouti,2018,mortality_u5,59.4,UN IGME (via World Bank API),2026-09-02
DJI,Djibouti,2017,mortality_u5,61.2,UN IGME (via World Bank API),2026-09-02
DJI,Djibouti,2016,mortality_u5,63.2,UN IGME (via World Bank API),2026-09-02
DJI,Djibouti,2015,mortality_u5,65.2,UN IGME (via World Bank API),2026-09-02
DJI,Djibouti,2014,mortality_u5,67.2,UN IGME (via World Bank API),2026-09-02
DJI,Djibouti,2013,mortality_u5,69.2,UN IGME (via World Bank API),2026-09-02
DJI,Djibouti,2012,mortality_u5,71.3,UN IGME (via World Bank API),2026-09-02
DJI,Djibouti,2011,mortality_u5,73.4,UN IGME (via World Bank API),2026-09-02
DJI,Djibouti,2010,mortality_u5,75.5,UN IGME (via World Bank API),2026-09-02
DJI,Djibouti,2009,mortality_u5,77.7,UN IGME (via World Bank API),2026-09-02
DJI,Djibouti,2008,mortality_u5,79.9,UN IGME (via World Bank API),2026-09-02
DJI,Djibouti,2007,mortality_u5,82.3,UN IGME (via World Bank API),2026-09-02
DJI,Djibouti,2006,mortality_u5,84.6,UN IGME (via World Bank API),2026-09-02
DJI,Djibouti,2005,mortality_u5,86.9,UN IGME (via World Bank API),2026-09-02
DJI,Djibouti,2004,mortality_u5,89.3,UN IGME (via World Bank API),2026-09-02
DJI,Djibouti,2003,mortality_u5,91.6,UN IGME (via World Bank API),2026-09-02
DJI,Djibouti,2002,mortality_u5,94.0,UN IGME (via World Bank API),2026-09-02
DJI,Djibouti,2001,mortality_u5,96.3,UN IGME (via World Bank API),2026-09-02
DJI,Djibouti,2000,mortality_u5,98.5,UN IGME (via World Bank API),2026-09-02
DMA,Dominica,2023,mortality_u5,35.4,UN IGME (via World Bank API),2026-09-02
DMA,Dominica,2022,mortality_u5,35.0,UN IGME (via World Bank API),2026-09-02
DMA,Dominica,2021,mortality_u5,34.4,UN IGME (via World Bank API),2026-09-02
DMA,Dominica,2020,mortality_u5,33.8,UN IGME (via World Bank API),2026-09-02
DMA,Dominica,2019,mortality_u5,33.0,UN IGME (via World Bank API),2026-09-02
DMA,Dominica,2018,mortality_u5,32.1,UN IGME (via World Bank API),2026-09-02
DMA,Dominica,2017,mortality_u5,31.1,UN IGME (via World Bank API),2026-09-02
DMA,Dominica,2016,mortality_u5,30.2,UN IGME (via World Bank API),2026-09-02
DMA,Dominica,2015,mortality_u5,29.2,UN IGME (via World Bank API),2026-09-02
DMA,Dominica,2014,mortality_u5,28.3,UN IGME (via World Bank API),2026-09-02
DMA,Dominica,2013,mortality_u5,27.4,UN IGME (via World Bank API),2026-09-02
DMA,Dominica,2012,mortality_u5,26.5,UN IGME (via World Bank API),2026-09-02
DMA,Dominica,2011,mortality_u5,25.7,UN IGME (via World Bank API),2026-09-02
DMA,Dominica,2010,mortality_u5,24.9,UN IGME (via World Bank API),2026-09-02
DMA,Dominica,2009,mortality_u5,24.2,UN IGME (via World Bank API),2026-09-02
DMA,Dominica,2008,mortality_u5,23.5,UN IGME (via World Bank API),2026-09-02
DMA,Dominica,2007,mortality_u5,22.8,UN IGME (via World Bank API),2026-09-02
DMA,Dominica,2006,mortality_u5,22.2,UN IGME (via World Bank API),2026-09-02
DMA,Dominica,2005,mortality_u5,21.6,UN IGME (via World Bank API),2026-09-02
DMA,Dominica,2004,mortality_u5,21.1,UN IGME (via World Bank API),2026-09-02
DMA,Dominica,2003,mortality_u5,20.6,UN IGME (via World Bank API),2026-09-02
DMA,Dominica,2002,mortality_u5,20.1,UN IGME (via World Bank API),2026-09-02
DMA,Dominica,2001,mortality_u5,19.7,UN IGME (via World Bank API),2026-09-02
DMA,Dominica,2000,mortality_u5,19.4,UN IGME (via World Bank API),2026-09-02
DOM,Dominican Republic,2023,mortality_u5,31.5,UN IGME (via World Bank API),2026-09-02
DOM,Dominican Republic,2022,mortality_u5,32.3,UN IGME (via World Bank API),2026-09-02
DOM,Dominican Republic,2021,mortality_u5,33.0,UN IGME (via World Bank API),2026-09-02
DOM,Dominican Republic,2020,mortality_u5,33.8,UN IGME (via World Bank API),2026-09-02
DOM,Dominican Republic,2019,mortality_u5,34.4,UN IGME (via World Bank API),2026-09-02
DOM,Dominican Republic,2018,mortality_u5,34.7,UN IGME (via World Bank API),2026-09-02
DOM,Dominican Republic,2017,mortality_u5,34.9,UN IGME (via World Bank API),2026-09-02
DOM,Dominican Republic,2016,mortality_u5,34.9,UN IGME (via World Bank API),2026-09-02
DOM,Dominican Republic,2015,mortality_u5,34.9,UN IGME (via World Bank API),2026-09-02
DOM,Dominican Republic,2014,mortality_u5,34.9,UN IGME (via World Bank API),2026-09-02
DOM,Dominican Republic,2013,mortality_u5,34.8,UN IGME (via World Bank API),2026-09-02
DOM,Dominican Republic,2012,mortality_u5,34.8,UN IGME (via World Bank API),2026-09-02
DOM,Dominican Republic,2011,mortality_u5,34.8,UN IGME (via World Bank API),2026-09-02
DOM,Dominican Republic,2010,mortality_u5,34.9,UN IGME (via World Bank API),2026-09-02
DOM,Dominican Republic,2009,mortality_u5,34.9,UN IGME (via World Bank API),2026-09-02
DOM,Dominican Republic,2008,mortality_u5,35.1,UN IGME (via World Bank API),2026-09-02
DOM,Dominican Republic,2007,mortality_u5,35.3,UN IGME (via World Bank API),2026-09-02
DOM,Dominican Republic,2006,mortality_u5,35.6,UN IGME (via World Bank API),2026-09-02
DOM,Dominican Republic,2005,mortality_u5,36.0,UN IGME (via World Bank API),2026-09-02
DOM,Dominican Republic,2004,mortality_u5,36.4,UN IGME (via World Bank API),2026-09-02
DOM,Dominican Republic,2003,mortality_u5,37.0,UN IGME (via World Bank API),2026-09-02
DOM,Dominican Republic,2002,mortality_u5,37.7,UN IGME (via World Bank API),2026-09-02
DOM,Dominican Republic,2001,mortality_u5,38.6,UN IGME (via World Bank API),2026-09-02
DOM,Dominican Republic,2000,mortality_u5,39.6,UN IGME (via World Bank API),2026-09-02
ECU,Ecuador,2023,mortality_u5,13.0,UN IGME (via World Bank API),2026-09-02
ECU,Ecuador,2022,mortality_u5,13.2,UN IGME (via World Bank API),2026-09-02
ECU,Ecuador,2021,mortality_u5,13.4,UN IGME (via World Bank API),2026-09-02
ECU,Ecuador,2020,mortality_u5,13.6,UN IGME (via World Bank API),2026-09-02
ECU,Ecuador,2019,mortality_u5,13.8,UN IGME (via World Bank API),2026-09-02
ECU,Ecuador,2018,mortality_u5,14.1,UN IGME (via World Bank API),2026-09-02
ECU,Ecuador,2017,mortality_u5,14.4,UN IGME (via World Bank API),2026-09-02
ECU,Ecuador,2016,mortality_u5,14.8,UN IGME (via World Bank API),2026-09-02
ECU,Ecuador,2015,mortality_u5,15.3,UN IGME (via World Bank API),2026-09-02
ECU,Ecuador,2014,mortality_u5,15.9,UN IGME (via World Bank API),2026-09-02
ECU,Ecuador,2013,mortality_u5,16.6,UN IGME (via World Bank API),2026-09-02
ECU,Ecuador,2012,mortality_u5,17.4,UN IGME (via World Bank API),2026-09-02
ECU,Ecuador,2011,mortality_u5,18.2,UN IGME (via World Bank API),2026-09-02
ECU,Ecuador,2010,mortality_u5,19.1,UN IGME (via World Bank API),2026-09-02
ECU,Ecuador,2009,mortality_u5,20.0,UN IGME (via World Bank API),2026-09-02
ECU,Ecuador,2008,mortality_u5,20.9,UN IGME (via World Bank API),2026-09-02
ECU,Ecuador,2007,mortality_u5,21.8,UN IGME (via World Bank API),2026-09-02
ECU,Ecuador,2006,mortality_u5,22.7,UN IGME (via World Bank API),2026-09-02
ECU,Ecuador,2005,mortality_u5,23.6,UN IGME (via World Bank API),2026-09-02
ECU,Ecuador,2004,mortality_u5,24.5,UN IGME (via World Bank API),2026-09-02
ECU,Ecuador,2003,mortality_u5,25.5,UN IGME (via World Bank API),2026-09-02
ECU,Ecuador,2002,mortality_u5,26.6,UN IGME (via World Bank API),2026-09-02
ECU,Ecuador,2001,mortality_u5,28.0,UN IGME (via World Bank API),2026-09-02
ECU,Ecuador,2000,mortality_u5,29.6,UN IGME (via World Bank API),2026-09-02
EGY,"Egypt, Arab Rep.",2023,mortality_u5,22.9,UN IGME (via World Bank API),2026-09-02
EGY,"Egypt, Arab Rep.",2022,mortality_u5,23.5,UN IGME (via World Bank API),2026-09-02
EGY,"Egypt, Arab Rep.",2021,mortality_u5,24.0,UN IGME (via World Bank API),2026-09-02
EGY,"Egypt, Arab Rep.",2020,mortality_u5,24.4,UN IGME (via World Bank API),2026-09-02
EGY,"Egypt, Arab Rep.",2019,mortality_u5,24.8,UN IGME (via World Bank API),2026-09-02
EGY,"Egypt, Arab Rep.",2018,mortality_u5,25.2,UN IGME (via World Bank API),2026-09-02
EGY,"Egypt, Arab Rep.",2017,mortality_u5,25.6,UN IGME (via World Bank API),2026-09-02
EGY,"Egypt, Arab Rep.",2016,mortality_u5,26.0,UN IGME (via World Bank API),2026-09-02
EGY,"Egypt, Arab Rep.",2015,mortality_u5,26.5,UN IGME (via World Bank API),2026-09-02
EGY,"Egypt, Arab Rep.",2014,mortality_u5,27.1,UN IGME (via World Bank API),2026-09-02
EGY,"Egypt, Arab Rep.",2013,mortality_u5,27.8,UN IGME (via World Bank API),2026-09-02
EGY,"Egypt, Arab Rep.",2012,mortality_u5,28.6,UN IGME (via World Bank API),2026-09-02
EGY,"Egypt, Arab Rep.",2011,mortality_u5,29.5,UN IGME (via World Bank API),2026-09-02
EGY,"Egypt, Arab Rep.",2010,mortality_u5,30.5,UN IGME (via World Bank API),2026-09-02
EGY,"Egypt, Arab Rep.",2009,mortality_u5,31.6,UN IGME (via World Bank API),2026-09-02
EGY,"Egypt, Arab Rep.",2008,mortality_u5,32.8,UN IGME (via World Bank API),2026-09-02
EGY,"Egypt, Arab Rep.",2007,mortality_u5,34.2,UN IGME (via World Bank API),2026-09-02
EGY,"Egypt, Arab Rep.",2006,mortality_u5,35.6,UN IGME (via World Bank API),2026-09-02
EGY,"Egypt, Arab Rep.",2005,mortality_u5,37.0,UN IGME (via World Bank API),2026-09-02
EGY,"Egypt, Arab Rep.",2004,mortality_u5,38.6,UN IGME (via World Bank API),2026-09-02
EGY,"Egypt, Arab Rep.",2003,mortality_u5,40.4,UN IGME (via World Bank API),2026-09-02
EGY,"Egypt, Arab Rep.",2002,mortality_u5,42.5,UN IGME (via World Bank API),2026-09-02
EGY,"Egypt, Arab Rep.",2001,mortality_u5,44.8,UN IGME (via World Bank API),2026-09-02
EGY,"Egypt, Arab Rep.",2000,mortality_u5,47.3,UN IGME (via World Bank API),2026-09-02
SLV,El Salvador,2023,mortality_u5,10.4,UN IGME (via World Bank API),2026-09-02
SLV,El Salvador,2022,mortality_u5,10.8,UN IGME (via World Bank API),2026-09-02
SLV,El Salvador,2021,mortality_u5,11.2,UN IGME (via World Bank API),2026-09-02
SLV,El Salvador,2020,mortality_u5,11.7,UN IGME (via World Bank API),2026-09-02
SLV,El Salvador,2019,mortality_u5,12.2,UN IGME (via World Bank API),2026-09-02
SLV,El Salvador,2018,mortality_u5,12.7,UN IGME (via World Bank API),2026-09-02
SLV,El Salvador,2017,mortality_u5,13.3,UN IGME (via World Bank API),2026-09-02
SLV,El Salvador,2016,mortality_u5,13.9,UN IGME (via World Bank API),2026-09-02
SLV,El Salvador,2015,mortality_u5,14.6,UN IGME (via World Bank API),2026-09-02
SLV,El Salvador,2014,mortality_u5,15.3,UN IGME (via World Bank API),2026-09-02
SLV,El Salvador,2013,mortality_u5,16.0,UN IGME (via World Bank API),2026-09-02
SLV,El Salvador,2012,mortality_u5,16.7,UN IGME (via World Bank API),2026-09-02
SLV,El Salvador,2011,mortality_u5,17.6,UN IGME (via World Bank API),2026-09-02
SLV,El Salvador,2010,mortality_u5,18.4,UN IGME (via World Bank API),2026-09-02
SLV,El Salvador,2009,mortality_u5,19.4,UN IGME (via World Bank API),2026-09-02
SLV,El Salvador,2008,mortality_u5,20.4,UN IGME (via World Bank API),2026-09-02
SLV,El Salvador,2007,mortality_u5,21.5,UN IGME (via World Bank API),2026-09-02
SLV,El Salvador,2006,mortality_u5,22.7,UN IGME (via World Bank API),2026-09-02
SLV,El Salvador,2005,mortality_u5,24.0,UN IGME (via World Bank API),2026-09-02
SLV,El Salvador,2004,mortality_u5,25.4,UN IGME (via World Bank API),2026-09-02
SLV,El Salvador,2003,mortality_u5,26.9,UN IGME (via World Bank API),2026-09-02
SLV,El Salvador,2002,mortality_u5,28.6,UN IGME (via World Bank API),2026-09-02
SLV,El Salvador,2001,mortality_u5,30.3,UN IGME (via World Bank API),2026-09-02
SLV,El Salvador,2000,mortality_u5,32.2,UN IGME (via World Bank API),2026-09-02
GNQ,Equatorial Guinea,2023,mortality_u5,70.4,UN IGME (via World Bank API),2026-09-02
GNQ,Equatorial Guinea,2022,mortality_u5,72.8,UN IGME (via World Bank API),2026-09-02
GNQ,Equatorial Guinea,2021,mortality_u5,75.1,UN IGME (via World Bank API),2026-09-02
GNQ,Equatorial Guinea,2020,mortality_u5,77.9,UN IGME (via World Bank API),2026-09-02
GNQ,Equatorial Guinea,2019,mortality_u5,80.7,UN IGME (via World Bank API),2026-09-02
GNQ,Equatorial Guinea,2018,mortality_u5,83.2,UN IGME (via World Bank API),2026-09-02
GNQ,Equatorial Guinea,2017,mortality_u5,86.1,UN IGME (via World Bank API),2026-09-02
GNQ,Equatorial Guinea,2016,mortality_u5,89.0,UN IGME (via World Bank API),2026-09-02
GNQ,Equatorial Guinea,2015,mortality_u5,92.1,UN IGME (via World Bank API),2026-09-02
GNQ,Equatorial Guinea,2014,mortality_u5,95.3,UN IGME (via World Bank API),2026-09-02
GNQ,Equatorial Guinea,2013,mortality_u5,98.6,UN IGME (via World Bank API),2026-09-02
GNQ,Equatorial Guinea,2012,mortality_u5,102.0,UN IGME (via World Bank API),2026-09-02
GNQ,Equatorial Guinea,2011,mortality_u5,105.6,UN IGME (via World Bank API),2026-09-02
GNQ,Equatorial Guinea,2010,mortality_u5,109.4,UN IGME (via World Bank API),2026-09-02
GNQ,Equatorial Guinea,2009,mortality_u5,113.5,UN IGME (via World Bank API),2026-09-02
GNQ,Equatorial Guinea,2008,mortality_u5,118.0,UN IGME (via World Bank API),2026-09-02
GNQ,Equatorial Guinea,2007,mortality_u5,122.6,UN IGME (via World Bank API),2026-09-02
GNQ,Equatorial Guinea,2006,mortality_u5,127.4,UN IGME (via World Bank API),2026-09-02
GNQ,Equatorial Guinea,2005,mortality_u5,132.3,UN IGME (via World Bank API),2026-09-02
GNQ,Equatorial Guinea,2004,mortality_u5,137.0,UN IGME (via World Bank API),2026-09-02
GNQ,Equatorial Guinea,2003,mortality_u5,141.5,UN IGME (via World Bank API),2026-09-02
GNQ,Equatorial Guinea,2002,mortality_u5,145.9,UN IGME (via World Bank API),2026-09-02
GNQ,Equatorial Guinea,2001,mortality_u5,150.2,UN IGME (via World Bank API),2026-09-02
GNQ,Equatorial Guinea,2000,mortality_u5,154.5,UN IGME (via World Bank API),2026-09-02
ERI,Eritrea,2023,mortality_u5,35.4,UN IGME (via World Bank API),2026-09-02
ERI,Eritrea,2022,mortality_u5,36.6,UN IGME (via World Bank API),2026-09-02
ERI,Eritrea,2021,mortality_u5,37.8,UN IGME (via World Bank API),2026-09-02
ERI,Eritrea,2020,mortality_u5,39.1,UN IGME (via World Bank API),2026-09-02
ERI,Eritrea,2019,mortality_u5,40.5,UN IGME (via World Bank API),2026-09-02
ERI,Eritrea,2018,mortality_u5,41.9,UN IGME (via World Bank API),2026-09-02
ERI,Eritrea,2017,mortality_u5,43.3,UN IGME (via World Bank API),2026-09-02
ERI,Eritrea,2016,mortality_u5,44.7,UN IGME (via World Bank API),2026-09-02
ERI,Eritrea,2015,mortality_u5,46.4,UN IGME (via World Bank API),2026-09-02
ERI,Eritrea,2014,mortality_u5,48.1,UN IGME (via World Bank API),2026-09-02
ERI,Eritrea,2013,mortality_u5,49.7,UN IGME (via World Bank API),2026-09-02
ERI,Eritrea,2012,mortality_u5,51.4,UN IGME (via World Bank API),2026-09-02
ERI,Eritrea,2011,mortality_u5,53.3,UN IGME (via World Bank API),2026-09-02
ERI,Eritrea,2010,mortality_u5,55.2,UN IGME (via World Bank API),2026-09-02
ERI,Eritrea,2009,mortality_u5,57.3,UN IGME (via World Bank API),2026-09-02
ERI,Eritrea,2008,mortality_u5,59.6,UN IGME (via World Bank API),2026-09-02
ERI,Eritrea,2007,mortality_u5,62.0,UN IGME (via World Bank API),2026-09-02
ERI,Eritrea,2006,mortality_u5,64.7,UN IGME (via World Bank API),2026-09-02
ERI,Eritrea,2005,mortality_u5,67.5,UN IGME (via World Bank API),2026-09-02
ERI,Eritrea,2004,mortality_u5,70.5,UN IGME (via World Bank API),2026-09-02
ERI,Eritrea,2003,mortality_u5,73.8,UN IGME (via World Bank API),2026-09-02
ERI,Eritrea,2002,mortality_u5,77.3,UN IGME (via World Bank API),2026-09-02
ERI,Eritrea,2001,mortality_u5,81.1,UN IGME (via World Bank API),2026-09-02
ERI,Eritrea,2000,mortality_u5,85.3,UN IGME (via World Bank API),2026-09-02
EST,Estonia,2023,mortality_u5,2.1,UN IGME (via World Bank API),2026-09-02
EST,Estonia,2022,mortality_u5,2.2,UN IGME (via World Bank API),2026-09-02
EST,Estonia,2021,mortality_u5,2.3,UN IGME (via World Bank API),2026-09-02
EST,Estonia,2020,mortality_u5,2.4,UN IGME (via World Bank API),2026-09-02
EST,Estonia,2019,mortality_u5,2.5,UN IGME (via World Bank API),2026-09-02
EST,Estonia,2018,mortality_u5,2.7,UN IGME (via World Bank API),2026-09-02
EST,Estonia,2017,mortality_u5,2.8,UN IGME (via World Bank API),2026-09-02
EST,Estonia,2016,mortality_u5,3.0,UN IGME (via World Bank API),2026-09-02
EST,Estonia,2015,mortality_u5,3.2,UN IGME (via World Bank API),2026-09-02
EST,Estonia,2014,mortality_u5,3.4,UN IGME (via World Bank API),2026-09-02
EST,Estonia,2013,mortality_u5,3.6,UN IGME (via World Bank API),2026-09-02
EST,Estonia,2012,mortality_u5,3.9,UN IGME (via World Bank API),2026-09-02
EST,Estonia,2011,mortality_u5,4.2,UN IGME (via World Bank API),2026-09-02
EST,Estonia,2010,mortality_u5,4.6,UN IGME (via World Bank API),2026-09-02
EST,Estonia,2009,mortality_u5,5.0,UN IGME (via World Bank API),2026-09-02
EST,Estonia,2008,mortality_u5,5.4,UN IGME (via World Bank API),2026-09-02
EST,Estonia,2007,mortality_u5,5.9,UN IGME (via World Bank API),2026-09-02
EST,Estonia,2006,mortality_u5,6.5,UN IGME (via World Bank API),2026-09-02
EST,Estonia,2005,mortality_u5,7.1,UN IGME (via World Bank API),2026-09-02
EST,Estonia,2004,mortality_u5,7.8,UN IGME (via World Bank API),2026-09-02
EST,Estonia,2003,mortality_u5,8.5,UN IGME (via World Bank API),2026-09-02
EST,Estonia,2002,mortality_u5,9.3,UN IGME (via World Bank API),2026-09-02
EST,Estonia,2001,mortality_u5,10.1,UN IGME (via World Bank API),2026-09-02
EST,Estonia,2000,mortality_u5,11.0,UN IGME (via World Bank API),2026-09-02
SWZ,Eswatini,2023,mortality_u5,46.2,UN IGME (via World Bank API),2026-09-02
SWZ,Eswatini,2022,mortality_u5,47.3,UN IGME (via World Bank API),2026-09-02
SWZ,Eswatini,2021,mortality_u5,47.9,UN IGME (via World Bank API),2026-09-02
SWZ,Eswatini,2020,mortality_u5,50.5,UN IGME (via World Bank API),2026-09-02
SWZ,Eswatini,2019,mortality_u5,51.5,UN IGME (via World Bank API),2026-09-02
SWZ,Eswatini,2018,mortality_u5,50.4,UN IGME (via World Bank API),2026-09-02
SWZ,Eswatini,2017,mortality_u5,53.6,UN IGME (via World Bank API),2026-09-02
SWZ,Eswatini,2016,mortality_u5,54.4,UN IGME (via World Bank API),2026-09-02
SWZ,Eswatini,2015,mortality_u5,57.5,UN IGME (via World Bank API),2026-09-02
SWZ,Eswatini,2014,mortality_u5,60.0,UN IGME (via World Bank API),2026-09-02
SWZ,Eswatini,2013,mortality_u5,59.7,UN IGME (via World Bank API),2026-09-02
SWZ,Eswatini,2012,mortality_u5,62.7,UN IGME (via World Bank API),2026-09-02
SWZ,Eswatini,2011,mortality_u5,67.6,UN IGME (via World Bank API),2026-09-02
SWZ,Eswatini,2010,mortality_u5,82.1,UN IGME (via World Bank API),2026-09-02
SWZ,Eswatini,2009,mortality_u5,92.4,UN IGME (via World Bank API),2026-09-02
SWZ,Eswatini,2008,mortality_u5,97.9,UN IGME (via World Bank API),2026-09-02
SWZ,Eswatini,2007,mortality_u5,100.3,UN IGME (via World Bank API),2026-09-02
SWZ,Eswatini,2006,mortality_u5,106.4,UN IGME (via World Bank API),2026-09-02
SWZ,Eswatini,2005,mortality_u5,117.0,UN IGME (via World Bank API),2026-09-02
SWZ,Eswatini,2004,mortality_u5,118.0,UN IGME (via World Bank API),2026-09-02
SWZ,Eswatini,2003,mortality_u5,117.9,UN IGME (via World Bank API),2026-09-02
SWZ,Eswatini,2002,mortality_u5,117.0,UN IGME (via World Bank API),2026-09-02
SWZ,Eswatini,2001,mortality_u5,115.7,UN IGME (via World Bank API),2026-09-02
SWZ,Eswatini,2000,mortality_u5,112.5,UN IGME (via World Bank API),2026-09-02
ETH,Ethiopia,2023,mortality_u5,51.5,UN IGME (via World Bank API),2026-09-02
ETH,Ethiopia,2022,mortality_u5,68.1,UN IGME (via World Bank API),2026-09-02
ETH,Ethiopia,2021,mortality_u5,70.4,UN IGME (via World Bank API),2026-09-02
ETH,Ethiopia,2020,mortality_u5,51.5,UN IGME (via World Bank API),2026-09-02
ETH,Ethiopia,2019,mortality_u5,53.6,UN IGME (via World Bank API),2026-09-02
ETH,Ethiopia,2018,mortality_u5,55.8,UN IGME (via World Bank API),2026-09-02
ETH,Ethiopia,2017,mortality_u5,58.4,UN IGME (via World Bank API),2026-09-02
ETH,Ethiopia,2016,mortality_u5,61.3,UN IGME (via World Bank API),2026-09-02
ETH,Ethiopia,2015,mortality_u5,64.4,UN IGME (via World Bank API),2026-09-02
ETH,Ethiopia,2014,mortality_u5,67.7,UN IGME (via World Bank API),2026-09-02
ETH,Ethiopia,2013,mortality_u5,71.2,UN IGME (via World Bank API),2026-09-02
ETH,Ethiopia,2012,mortality_u5,74.8,UN IGME (via World Bank API),2026-09-02
ETH,Ethiopia,2011,mortality_u5,78.6,UN IGME (via World Bank API),2026-09-02
ETH,Ethiopia,2010,mortality_u5,82.7,UN IGME (via World Bank API),2026-09-02
ETH,Ethiopia,2009,mortality_u5,87.1,UN IGME (via World Bank API),2026-09-02
ETH,Ethiopia,2008,mortality_u5,91.8,UN IGME (via World Bank API),2026-09-02
ETH,Ethiopia,2007,mortality_u5,96.9,UN IGME (via World Bank API),2026-09-02
ETH,Ethiopia,2006,mortality_u5,102.4,UN IGME (via World Bank API),2026-09-02
ETH,Ethiopia,2005,mortality_u5,108.3,UN IGME (via World Bank API),2026-09-02
ETH,Ethiopia,2004,mortality_u5,114.6,UN IGME (via World Bank API),2026-09-02
ETH,Ethiopia,2003,mortality_u5,121.0,UN IGME (via World Bank API),2026-09-02
ETH,Ethiopia,2002,mortality_u5,127.4,UN IGME (via World Bank API),2026-09-02
ETH,Ethiopia,2001,mortality_u5,133.8,UN IGME (via World Bank API),2026-09-02
ETH,Ethiopia,2000,mortality_u5,140.1,UN IGME (via World Bank API),2026-09-02
FJI,Fiji,2023,mortality_u5,29.2,UN IGME (via World Bank API),2026-09-02
FJI,Fiji,2022,mortality_u5,28.9,UN IGME (via World Bank API),2026-09-02
FJI,Fiji,2021,mortality_u5,28.3,UN IGME (via World Bank API),2026-09-02
FJI,Fiji,2020,mortality_u5,27.2,UN IGME (via World Bank API),2026-09-02
FJI,Fiji,2019,mortality_u5,25.7,UN IGME (via World Bank API),2026-09-02
FJI,Fiji,2018,mortality_u5,24.2,UN IGME (via World Bank API),2026-09-02
FJI,Fiji,2017,mortality_u5,22.7,UN IGME (via World Bank API),2026-09-02
FJI,Fiji,2016,mortality_u5,21.6,UN IGME (via World Bank API),2026-09-02
FJI,Fiji,2015,mortality_u5,20.9,UN IGME (via World Bank API),2026-09-02
FJI,Fiji,2014,mortality_u5,20.6,UN IGME (via World Bank API),2026-09-02
FJI,Fiji,2013,mortality_u5,20.7,UN IGME (via World Bank API),2026-09-02
FJI,Fiji,2012,mortality_u5,21.0,UN IGME (via World Bank API),2026-09-02
FJI,Fiji,2011,mortality_u5,21.6,UN IGME (via World Bank API),2026-09-02
FJI,Fiji,2010,mortality_u5,22.2,UN IGME (via World Bank API),2026-09-02
FJI,Fiji,2009,mortality_u5,22.8,UN IGME (via World Bank API),2026-09-02
FJI,Fiji,2008,mortality_u5,23.2,UN IGME (via World Bank API),2026-09-02
FJI,Fiji,2007,mortality_u5,23.5,UN IGME (via World Bank API),2026-09-02
FJI,Fiji,2006,mortality_u5,23.5,UN IGME (via World Bank API),2026-09-02
FJI,Fiji,2005,mortality_u5,23.3,UN IGME (via World Bank API),2026-09-02
FJI,Fiji,2004,mortality_u5,23.1,UN IGME (via World Bank API),2026-09-02
FJI,Fiji,2003,mortality_u5,22.8,UN IGME (via World Bank API),2026-09-02
FJI,Fiji,2002,mortality_u5,22.7,UN IGME (via World Bank API),2026-09-02
FJI,Fiji,2001,mortality_u5,22.6,UN IGME (via World Bank API),2026-09-02
FJI,Fiji,2000,mortality_u5,22.6,UN IGME (via World Bank API),2026-09-02
FIN,Finland,2023,mortality_u5,2.4,UN IGME (via World Bank API),2026-09-02
FIN,Finland,2022,mortality_u5,2.4,UN IGME (via World Bank API),2026-09-02
FIN,Finland,2021,mortality_u5,2.4,UN IGME (via World Bank API),2026-09-02
FIN,Finland,2020,mortality_u5,2.4,UN IGME (via World Bank API),2026-09-02
FIN,Finland,2019,mortality_u5,2.4,UN IGME (via World Bank API),2026-09-02
FIN,Finland,2018,mortality_u5,2.4,UN IGME (via World Bank API),2026-09-02
FIN,Finland,2017,mortality_u5,2.4,UN IGME (via World Bank API),2026-09-02
FIN,Finland,2016,mortality_u5,2.4,UN IGME (via World Bank API),2026-09-02
FIN,Finland,2015,mortality_u5,2.5,UN IGME (via World Bank API),2026-09-02
FIN,Finland,2014,mortality_u5,2.6,UN IGME (via World Bank API),2026-09-02
FIN,Finland,2013,mortality_u5,2.6,UN IGME (via World Bank API),2026-09-02
FIN,Finland,2012,mortality_u5,2.8,UN IGME (via World Bank API),2026-09-02
FIN,Finland,2011,mortality_u5,2.9,UN IGME (via World Bank API),2026-09-02
FIN,Finland,2010,mortality_u5,3.0,UN IGME (via World Bank API),2026-09-02
FIN,Finland,2009,mortality_u5,3.2,UN IGME (via World Bank API),2026-09-02
FIN,Finland,2008,mortality_u5,3.3,UN IGME (via World Bank API),2026-09-02
FIN,Finland,2007,mortality_u5,3.5,UN IGME (via World Bank API),2026-09-02
FIN,Finland,2006,mortality_u5,3.6,UN IGME (via World Bank API),2026-09-02
FIN,Finland,2005,mortality_u5,3.7,UN IGME (via World Bank API),2026-09-02
FIN,Finland,2004,mortality_u5,3.9,UN IGME (via World Bank API),2026-09-02
FIN,Finland,2003,mortality_u5,4.0,UN IGME (via World Bank API),2026-09-02
FIN,Finland,2002,mortality_u5,4.1,UN IGME (via World Bank API),2026-09-02
FIN,Finland,2001,mortality_u5,4.2,UN IGME (via World Bank API),2026-09-02
FIN,Finland,2000,mortality_u5,4.3,UN IGME (via World Bank API),2026-09-02
FRA,France,2023,mortality_u5,4.3,UN IGME (via World Bank API),2026-09-02
FRA,France,2022,mortality_u5,4.3,UN IGME (via World Bank API),2026-09-02
FRA,France,2021,mortality_u5,4.3,UN IGME (via World Bank API),2026-09-02
FRA,France,2020,mortality_u5,4.2,UN IGME (via World Bank API),2026-09-02
FRA,France,2019,mortality_u5,4.2,UN IGME (via World Bank API),2026-09-02
FRA,France,2018,mortality_u5,4.2,UN IGME (via World Bank API),2026-09-02
FRA,France,2017,mortality_u5,4.2,UN IGME (via World Bank API),2026-09-02
FRA,France,2016,mortality_u5,4.2,UN IGME (via World Bank API),2026-09-02
FRA,France,2015,mortality_u5,4.2,UN IGME (via World Bank API),2026-09-02
FRA,France,2014,mortality_u5,4.1,UN IGME (via World Bank API),2026-09-02
FRA,France,2013,mortality_u5,4.1,UN IGME (via World Bank API),2026-09-02
FRA,France,2012,mortality_u5,4.1,UN IGME (via World Bank API),2026-09-02
FRA,France,2011,mortality_u5,4.2,UN IGME (via World Bank API),2026-09-02
FRA,France,2010,mortality_u5,4.2,UN IGME (via World Bank API),2026-09-02
FRA,France,2009,mortality_u5,4.3,UN IGME (via World Bank API),2026-09-02
FRA,France,2008,mortality_u5,4.4,UN IGME (via World Bank API),2026-09-02
FRA,France,2007,mortality_u5,4.4,UN IGME (via World Bank API),2026-09-02
FRA,France,2006,mortality_u5,4.5,UN IGME (via World Bank API),2026-09-02
FRA,France,2005,mortality_u5,4.6,UN IGME (via World Bank API),2026-09-02
FRA,France,2004,mortality_u5,4.8,UN IGME (via World Bank API),2026-09-02
FRA,France,2003,mortality_u5,4.9,UN IGME (via World Bank API),2026-09-02
FRA,France,2002,mortality_u5,5.1,UN IGME (via World Bank API),2026-09-02
FRA,France,2001,mortality_u5,5.2,UN IGME (via World Bank API),2026-09-02
FRA,France,2000,mortality_u5,5.4,UN IGME (via World Bank API),2026-09-02
GAB,Gabon,2023,mortality_u5,33.8,UN IGME (via World Bank API),2026-09-02
GAB,Gabon,2022,mortality_u5,34.7,UN IGME (via World Bank API),2026-09-02
GAB,Gabon,2021,mortality_u5,35.8,UN IGME (via World Bank API),2026-09-02
GAB,Gabon,2020,mortality_u5,36.8,UN IGME (via World Bank API),2026-09-02
GAB,Gabon,2019,mortality_u5,38.5,UN IGME (via World Bank API),2026-09-02
GAB,Gabon,2018,mortality_u5,39.9,UN IGME (via World Bank API),2026-09-02
GAB,Gabon,2017,mortality_u5,41.4,UN IGME (via World Bank API),2026-09-02
GAB,Gabon,2016,mortality_u5,42.7,UN IGME (via World Bank API),2026-09-02
GAB,Gabon,2015,mortality_u5,44.4,UN IGME (via World Bank API),2026-09-02
GAB,Gabon,2014,mortality_u5,45.8,UN IGME (via World Bank API),2026-09-02
GAB,Gabon,2013,mortality_u5,47.3,UN IGME (via World Bank API),2026-09-02
GAB,Gabon,2012,mortality_u5,49.4,UN IGME (via World Bank API),2026-09-02
GAB,Gabon,2011,mortality_u5,51.3,UN IGME (via World Bank API),2026-09-02
GAB,Gabon,2010,mortality_u5,53.4,UN IGME (via World Bank API),2026-09-02
GAB,Gabon,2009,mortality_u5,55.6,UN IGME (via World Bank API),2026-09-02
GAB,Gabon,2008,mortality_u5,57.6,UN IGME (via World Bank API),2026-09-02
GAB,Gabon,2007,mortality_u5,59.7,UN IGME (via World Bank API),2026-09-02
GAB,Gabon,2006,mortality_u5,61.8,UN IGME (via World Bank API),2026-09-02
GAB,Gabon,2005,mortality_u5,63.6,UN IGME (via World Bank API),2026-09-02
GAB,Gabon,2004,mortality_u5,65.6,UN IGME (via World Bank API),2026-09-02
GAB,Gabon,2003,mortality_u5,67.7,UN IGME (via World Bank API),2026-09-02
GAB,Gabon,2002,mortality_u5,69.6,UN IGME (via World Bank API),2026-09-02
GAB,Gabon,2001,mortality_u5,71.5,UN IGME (via World Bank API),2026-09-02
GAB,Gabon,2000,mortality_u5,73.3,UN IGME (via World Bank API),2026-09-02
GMB,"Gambia, The",2023,mortality_u5,43.8,UN IGME (via World Bank API),2026-09-02
GMB,"Gambia, The",2022,mortality_u5,45.3,UN IGME (via World Bank API),2026-09-02
GMB,"Gambia, The",2021,mortality_u5,47.0,UN IGME (via World Bank API),2026-09-02
GMB,"Gambia, The",2020,mortality_u5,48.6,UN IGME (via World Bank API),2026-09-02
GMB,"Gambia, The",2019,mortality_u5,50.4,UN IGME (via World Bank API),2026-09-02
GMB,"Gambia, The",2018,mortality_u5,52.3,UN IGME (via World Bank API),2026-09-02
GMB,"Gambia, The",2017,mortality_u5,54.3,UN IGME (via World Bank API),2026-09-02
GMB,"Gambia, The",2016,mortality_u5,56.6,UN IGME (via World Bank API),2026-09-02
GMB,"Gambia, The",2015,mortality_u5,58.9,UN IGME (via World Bank API),2026-09-02
GMB,"Gambia, The",2014,mortality_u5,61.4,UN IGME (via World Bank API),2026-09-02
GMB,"Gambia, The",2013,mortality_u5,64.0,UN IGME (via World Bank API),2026-09-02
GMB,"Gambia, The",2012,mortality_u5,66.8,UN IGME (via World Bank API),2026-09-02
GMB,"Gambia, The",2011,mortality_u5,69.7,UN IGME (via World Bank API),2026-09-02
GMB,"Gambia, The",2010,mortality_u5,72.7,UN IGME (via World Bank API),2026-09-02
GMB,"Gambia, The",2009,mortality_u5,76.0,UN IGME (via World Bank API),2026-09-02
GMB,"Gambia, The",2008,mortality_u5,79.4,UN IGME (via World Bank API),2026-09-02
GMB,"Gambia, The",2007,mortality_u5,83.0,UN IGME (via World Bank API),2026-09-02
GMB,"Gambia, The",2006,mortality_u5,86.8,UN IGME (via World Bank API),2026-09-02
GMB,"Gambia, The",2005,mortality_u5,90.7,UN IGME (via World Bank API),2026-09-02
GMB,"Gambia, The",2004,mortality_u5,94.9,UN IGME (via World Bank API),2026-09-02
GMB,"Gambia, The",2003,mortality_u5,99.2,UN IGME (via World Bank API),2026-09-02
GMB,"Gambia, The",2002,mortality_u5,103.6,UN IGME (via World Bank API),2026-09-02
GMB,"Gambia, The",2001,mortality_u5,108.1,UN IGME (via World Bank API),2026-09-02
GMB,"Gambia, The",2000,mortality_u5,112.8,UN IGME (via World Bank API),2026-09-02
GEO,Georgia,2023,mortality_u5,8.8,UN IGME (via World Bank API),2026-09-02
GEO,Georgia,2022,mortality_u5,9.0,UN IGME (via World Bank API),2026-09-02
GEO,Georgia,2021,mortality_u5,9.2,UN IGME (via World Bank API),2026-09-02
GEO,Georgia,2020,mortality_u5,9.4,UN IGME (via World Bank API),2026-09-02
GEO,Georgia,2019,mortality_u5,9.6,UN IGME (via World Bank API),2026-09-02
GEO,Georgia,2018,mortality_u5,9.8,UN IGME (via World Bank API),2026-09-02
GEO,Georgia,2017,mortality_u5,10.0,UN IGME (via World Bank API),2026-09-02
GEO,Georgia,2016,mortality_u5,10.2,UN IGME (via World Bank API),2026-09-02
GEO,Georgia,2015,mortality_u5,10.6,UN IGME (via World Bank API),2026-09-02
GEO,Georgia,2014,mortality_u5,11.0,UN IGME (via World Bank API),2026-09-02
GEO,Georgia,2013,mortality_u5,11.5,UN IGME (via World Bank API),2026-09-02
GEO,Georgia,2012,mortality_u5,12.2,UN IGME (via World Bank API),2026-09-02
GEO,Georgia,2011,mortality_u5,13.1,UN IGME (via World Bank API),2026-09-02
GEO,Georgia,2010,mortality_u5,14.2,UN IGME (via World Bank API),2026-09-02
GEO,Georgia,2009,mortality_u5,15.5,UN IGME (via World Bank API),2026-09-02
GEO,Georgia,2008,mortality_u5,17.1,UN IGME (via World Bank API),2026-09-02
GEO,Georgia,2007,mortality_u5,19.0,UN IGME (via World Bank API),2026-09-02
GEO,Georgia,2006,mortality_u5,21.0,UN IGME (via World Bank API),2026-09-02
GEO,Georgia,2005,mortality_u5,23.3,UN IGME (via World Bank API),2026-09-02
GEO,Georgia,2004,mortality_u5,25.8,UN IGME (via World Bank API),2026-09-02
GEO,Georgia,2003,mortality_u5,28.3,UN IGME (via World Bank API),2026-09-02
GEO,Georgia,2002,mortality_u5,30.9,UN IGME (via World Bank API),2026-09-02
GEO,Georgia,2001,mortality_u5,33.4,UN IGME (via World Bank API),2026-09-02
GEO,Georgia,2000,mortality_u5,35.8,UN IGME (via World Bank API),2026-09-02
DEU,Germany,2023,mortality_u5,3.7,UN IGME (via World Bank API),2026-09-02
DEU,Germany,2022,mortality_u5,3.7,UN IGME (via World Bank API),2026-09-02
DEU,Germany,2021,mortality_u5,3.7,UN IGME (via World Bank API),2026-09-02
DEU,Germany,2020,mortality_u5,3.7,UN IGME (via World Bank API),2026-09-02
DEU,Germany,2019,mortality_u5,3.7,UN IGME (via World Bank API),2026-09-02
DEU,Germany,2018,mortality_u5,3.8,UN IGME (via World Bank API),2026-09-02
DEU,Germany,2017,mortality_u5,3.8,UN IGME (via World Bank API),2026-09-02
DEU,Germany,2016,mortality_u5,3.9,UN IGME (via World Bank API),2026-09-02
DEU,Germany,2015,mortality_u5,3.9,UN IGME (via World Bank API),2026-09-02
DEU,Germany,2014,mortality_u5,4.0,UN IGME (via World Bank API),2026-09-02
DEU,Germany,2013,mortality_u5,4.0,UN IGME (via World Bank API),2026-09-02
DEU,Germany,2012,mortality_u5,4.0,UN IGME (via World Bank API),2026-09-02
DEU,Germany,2011,mortality_u5,4.1,UN IGME (via World Bank API),2026-09-02
DEU,Germany,2010,mortality_u5,4.2,UN IGME (via World Bank API),2026-09-02
DEU,Germany,2009,mortality_u5,4.3,UN IGME (via World Bank API),2026-09-02
DEU,Germany,2008,mortality_u5,4.4,UN IGME (via World Bank API),2026-09-02
DEU,Germany,2007,mortality_u5,4.5,UN IGME (via World Bank API),2026-09-02
DEU,Germany,2006,mortality_u5,4.6,UN IGME (via World Bank API),2026-09-02
DEU,Germany,2005,mortality_u5,4.7,UN IGME (via World Bank API),2026-09-02
DEU,Germany,2004,mortality_u5,4.9,UN IGME (via World Bank API),2026-09-02
DEU,Germany,2003,mortality_u5,5.0,UN IGME (via World Bank API),2026-09-02
DEU,Germany,2002,mortality_u5,5.1,UN IGME (via World Bank API),2026-09-02
DEU,Germany,2001,mortality_u5,5.2,UN IGME (via World Bank API),2026-09-02
DEU,Germany,2000,mortality_u5,5.4,UN IGME (via World Bank API),2026-09-02
GHA,Ghana,2023,mortality_u5,37.2,UN IGME (via World Bank API),2026-09-02
GHA,Ghana,2022,mortality_u5,38.6,UN IGME (via World Bank API),2026-09-02
GHA,Ghana,2021,mortality_u5,40.3,UN IGME (via World Bank API),2026-09-02
GHA,Ghana,2020,mortality_u5,42.2,UN IGME (via World Bank API),2026-09-02
GHA,Ghana,2019,mortality_u5,44.1,UN IGME (via World Bank API),2026-09-02
GHA,Ghana,2018,mortality_u5,46.1,UN IGME (via World Bank API),2026-09-02
GHA,Ghana,2017,mortality_u5,48.2,UN IGME (via World Bank API),2026-09-02
GHA,Ghana,2016,mortality_u5,50.3,UN IGME (via World Bank API),2026-09-02
GHA,Ghana,2015,mortality_u5,52.5,UN IGME (via World Bank API),2026-09-02
GHA,Ghana,2014,mortality_u5,54.9,UN IGME (via World Bank API),2026-09-02
GHA,Ghana,2013,mortality_u5,57.5,UN IGME (via World Bank API),2026-09-02
GHA,Ghana,2012,mortality_u5,60.3,UN IGME (via World Bank API),2026-09-02
GHA,Ghana,2011,mortality_u5,63.3,UN IGME (via World Bank API),2026-09-02
GHA,Ghana,2010,mortality_u5,66.5,UN IGME (via World Bank API),2026-09-02
GHA,Ghana,2009,mortality_u5,69.8,UN IGME (via World Bank API),2026-09-02
GHA,Ghana,2008,mortality_u5,73.1,UN IGME (via World Bank API),2026-09-02
GHA,Ghana,2007,mortality_u5,76.2,UN IGME (via World Bank API),2026-09-02
GHA,Ghana,2006,mortality_u5,79.1,UN IGME (via World Bank API),2026-09-02
GHA,Ghana,2005,mortality_u5,82.0,UN IGME (via World Bank API),2026-09-02
GHA,Ghana,2004,mortality_u5,85.0,UN IGME (via World Bank API),2026-09-02
GHA,Ghana,2003,mortality_u5,88.2,UN IGME (via World Bank API),2026-09-02
GHA,Ghana,2002,mortality_u5,91.9,UN IGME (via World Bank API),2026-09-02
GHA,Ghana,2001,mortality_u5,95.8,UN IGME (via World Bank API),2026-09-02
GHA,Ghana,2000,mortality_u5,99.9,UN IGME (via World Bank API),2026-09-02
GRC,Greece,2023,mortality_u5,3.9,UN IGME (via World Bank API),2026-09-02
GRC,Greece,2022,mortality_u5,4.0,UN IGME (via World Bank API),2026-09-02
GRC,Greece,2021,mortality_u5,4.0,UN IGME (via World Bank API),2026-09-02
GRC,Greece,2020,mortality_u5,4.1,UN IGME (via World Bank API),2026-09-02
GRC,Greece,2019,mortality_u5,4.1,UN IGME (via World Bank API),2026-09-02
GRC,Greece,2018,mortality_u5,4.2,UN IGME (via World Bank API),2026-09-02
GRC,Greece,2017,mortality_u5,4.3,UN IGME (via World Bank API),2026-09-02
GRC,Greece,2016,mortality_u5,4.3,UN IGME (via World Bank API),2026-09-02
GRC,Greece,2015,mortality_u5,4.3,UN IGME (via World Bank API),2026-09-02
GRC,Greece,2014,mortality_u5,4.2,UN IGME (via World Bank API),2026-09-02
GRC,Greece,2013,mortality_u5,4.1,UN IGME (via World Bank API),2026-09-02
GRC,Greece,2012,mortality_u5,4.0,UN IGME (via World Bank API),2026-09-02
GRC,Greece,2011,mortality_u5,4.0,UN IGME (via World Bank API),2026-09-02
GRC,Greece,2010,mortality_u5,3.9,UN IGME (via World Bank API),2026-09-02
GRC,Greece,2009,mortality_u5,4.0,UN IGME (via World Bank API),2026-09-02
GRC,Greece,2008,mortality_u5,4.0,UN IGME (via World Bank API),2026-09-02
GRC,Greece,2007,mortality_u5,4.1,UN IGME (via World Bank API),2026-09-02
GRC,Greece,2006,mortality_u5,4.3,UN IGME (via World Bank API),2026-09-02
GRC,Greece,2005,mortality_u5,4.6,UN IGME (via World Bank API),2026-09-02
GRC,Greece,2004,mortality_u5,4.9,UN IGME (via World Bank API),2026-09-02
GRC,Greece,2003,mortality_u5,5.2,UN IGME (via World Bank API),2026-09-02
GRC,Greece,2002,mortality_u5,5.6,UN IGME (via World Bank API),2026-09-02
GRC,Greece,2001,mortality_u5,6.0,UN IGME (via World Bank API),2026-09-02
GRC,Greece,2000,mortality_u5,6.4,UN IGME (via World Bank API),2026-09-02
GRD,Grenada,2023,mortality_u5,18.3,UN IGME (via World Bank API),2026-09-02
GRD,Grenada,2022,mortality_u5,18.5,UN IGME (via World Bank API),2026-09-02
GRD,Grenada,2021,mortality_u5,18.7,UN IGME (via World Bank API),2026-09-02
GRD,Grenada,2020,mortality_u5,18.6,UN IGME (via World Bank API),2026-09-02
GRD,Grenada,2019,mortality_u5,18.5,UN IGME (via World Bank API),2026-09-02
GRD,Grenada,2018,mortality_u5,18.3,UN IGME (via World Bank API),2026-09-02
GRD,Grenada,2017,mortality_u5,18.1,UN IGME (via World Bank API),2026-09-02
GRD,Grenada,2016,mortality_u5,17.8,UN IGME (via World Bank API),2026-09-02
GRD,Grenada,2015,mortality_u5,17.5,UN IGME (via World Bank API),2026-09-02
GRD,Grenada,2014,mortality_u5,17.2,UN IGME (via World Bank API),2026-09-02
GRD,Grenada,2013,mortality_u5,16.8,UN IGME (via World Bank API),2026-09-02
GRD,Grenada,2012,mortality_u5,16.4,UN IGME (via World Bank API),2026-09-02
GRD,Grenada,2011,mortality_u5,16.0,UN IGME (via World Bank API),2026-09-02
GRD,Grenada,2010,mortality_u5,15.7,UN IGME (via World Bank API),2026-09-02
GRD,Grenada,2009,mortality_u5,15.4,UN IGME (via World Bank API),2026-09-02
GRD,Grenada,2008,mortality_u5,15.1,UN IGME (via World Bank API),2026-09-02
GRD,Grenada,2007,mortality_u5,14.9,UN IGME (via World Bank API),2026-09-02
GRD,Grenada,2006,mortality_u5,14.9,UN IGME (via World Bank API),2026-09-02
GRD,Grenada,2005,mortality_u5,14.8,UN IGME (via World Bank API),2026-09-02
GRD,Grenada,2004,mortality_u5,14.8,UN IGME (via World Bank API),2026-09-02
GRD,Grenada,2003,mortality_u5,14.9,UN IGME (via World Bank API),2026-09-02
GRD,Grenada,2002,mortality_u5,15.1,UN IGME (via World Bank API),2026-09-02
GRD,Grenada,2001,mortality_u5,15.3,UN IGME (via World Bank API),2026-09-02
GRD,Grenada,2000,mortality_u5,15.5,UN IGME (via World Bank API),2026-09-02
GTM,Guatemala,2023,mortality_u5,21.2,UN IGME (via World Bank API),2026-09-02
GTM,Guatemala,2022,mortality_u5,21.9,UN IGME (via World Bank API),2026-09-02
GTM,Guatemala,2021,mortality_u5,22.7,UN IGME (via World Bank API),2026-09-02
GTM,Guatemala,2020,mortality_u5,23.5,UN IGME (via World Bank API),2026-09-02
GTM,Guatemala,2019,mortality_u5,24.3,UN IGME (via World Bank API),2026-09-02
GTM,Guatemala,2018,mortality_u5,25.1,UN IGME (via World Bank API),2026-09-02
GTM,Guatemala,2017,mortality_u5,26.1,UN IGME (via World Bank API),2026-09-02
GTM,Guatemala,2016,mortality_u5,27.0,UN IGME (via World Bank API),2026-09-02
GTM,Guatemala,2015,mortality_u5,28.1,UN IGME (via World Bank API),2026-09-02
GTM,Guatemala,2014,mortality_u5,29.2,UN IGME (via World Bank API),2026-09-02
GTM,Guatemala,2013,mortality_u5,30.4,UN IGME (via World Bank API),2026-09-02
GTM,Guatemala,2012,mortality_u5,31.8,UN IGME (via World Bank API),2026-09-02
GTM,Guatemala,2011,mortality_u5,33.1,UN IGME (via World Bank API),2026-09-02
GTM,Guatemala,2010,mortality_u5,34.5,UN IGME (via World Bank API),2026-09-02
GTM,Guatemala,2009,mortality_u5,36.0,UN IGME (via World Bank API),2026-09-02
GTM,Guatemala,2008,mortality_u5,37.5,UN IGME (via World Bank API),2026-09-02
GTM,Guatemala,2007,mortality_u5,39.1,UN IGME (via World Bank API),2026-09-02
GTM,Guatemala,2006,mortality_u5,40.7,UN IGME (via World Bank API),2026-09-02
GTM,Guatemala,2005,mortality_u5,42.4,UN IGME (via World Bank API),2026-09-02
GTM,Guatemala,2004,mortality_u5,44.1,UN IGME (via World Bank API),2026-09-02
GTM,Guatemala,2003,mortality_u5,45.9,UN IGME (via World Bank API),2026-09-02
GTM,Guatemala,2002,mortality_u5,47.7,UN IGME (via World Bank API),2026-09-02
GTM,Guatemala,2001,mortality_u5,49.7,UN IGME (via World Bank API),2026-09-02
GTM,Guatemala,2000,mortality_u5,51.8,UN IGME (via World Bank API),2026-09-02
GIN,Guinea,2023,mortality_u5,95.0,UN IGME (via World Bank API),2026-09-02
GIN,Guinea,2022,mortality_u5,97.6,UN IGME (via World Bank API),2026-09-02
GIN,Guinea,2021,mortality_u5,100.3,UN IGME (via World Bank API),2026-09-02
GIN,Guinea,2020,mortality_u5,102.9,UN IGME (via World Bank API),2026-09-02
GIN,Guinea,2019,mortality_u5,105.4,UN IGME (via World Bank API),2026-09-02
GIN,Guinea,2018,mortality_u5,107.5,UN IGME (via World Bank API),2026-09-02
GIN,Guinea,2017,mortality_u5,109.5,UN IGME (via World Bank API),2026-09-02
GIN,Guinea,2016,mortality_u5,111.4,UN IGME (via World Bank API),2026-09-02
GIN,Guinea,2015,mortality_u5,113.7,UN IGME (via World Bank API),2026-09-02
GIN,Guinea,2014,mortality_u5,115.4,UN IGME (via World Bank API),2026-09-02
GIN,Guinea,2013,mortality_u5,116.6,UN IGME (via World Bank API),2026-09-02
GIN,Guinea,2012,mortality_u5,118.4,UN IGME (via World Bank API),2026-09-02
GIN,Guinea,2011,mortality_u5,120.3,UN IGME (via World Bank API),2026-09-02
GIN,Guinea,2010,mortality_u5,122.2,UN IGME (via World Bank API),2026-09-02
GIN,Guinea,2009,mortality_u5,124.4,UN IGME (via World Bank API),2026-09-02
GIN,Guinea,2008,mortality_u5,126.9,UN IGME (via World Bank API),2026-09-02
GIN,Guinea,2007,mortality_u5,129.7,UN IGME (via World Bank API),2026-09-02
GIN,Guinea,2006,mortality_u5,133.1,UN IGME (via World Bank API),2026-09-02
GIN,Guinea,2005,mortality_u5,137.0,UN IGME (via World Bank API),2026-09-02
GIN,Guinea,2004,mortality_u5,141.6,UN IGME (via World Bank API),2026-09-02
GIN,Guinea,2003,mortality_u5,146.9,UN IGME (via World Bank API),2026-09-02
GIN,Guinea,2002,mortality_u5,152.7,UN IGME (via World Bank API),2026-09-02
GIN,Guinea,2001,mortality_u5,159.0,UN IGME (via World Bank API),2026-09-02
GIN,Guinea,2000,mortality_u5,165.7,UN IGME (via World Bank API),2026-09-02
GNB,Guinea-Bissau,2023,mortality_u5,69.7,UN IGME (via World Bank API),2026-09-02
GNB,Guinea-Bissau,2022,mortality_u5,72.0,UN IGME (via World Bank API),2026-09-02
GNB,Guinea-Bissau,2021,mortality_u5,74.3,UN IGME (via World Bank API),2026-09-02
GNB,Guinea-Bissau,2020,mortality_u5,76.7,UN IGME (via World Bank API),2026-09-02
GNB,Guinea-Bissau,2019,mortality_u5,79.5,UN IGME (via World Bank API),2026-09-02
GNB,Guinea-Bissau,2018,mortality_u5,82.2,UN IGME (via World Bank API),2026-09-02
GNB,Guinea-Bissau,2017,mortality_u5,85.1,UN IGME (via World Bank API),2026-09-02
GNB,Guinea-Bissau,2016,mortality_u5,88.2,UN IGME (via World Bank API),2026-09-02
GNB,Guinea-Bissau,2015,mortality_u5,91.6,UN IGME (via World Bank API),2026-09-02
GNB,Guinea-Bissau,2014,mortality_u5,95.2,UN IGME (via World Bank API),2026-09-02
GNB,Guinea-Bissau,2013,mortality_u5,99.1,UN IGME (via World Bank API),2026-09-02
GNB,Guinea-Bissau,2012,mortality_u5,103.6,UN IGME (via World Bank API),2026-09-02
GNB,Guinea-Bissau,2011,mortality_u5,108.6,UN IGME (via World Bank API),2026-09-02
GNB,Guinea-Bissau,2010,mortality_u5,114.3,UN IGME (via World Bank API),2026-09-02
GNB,Guinea-Bissau,2009,mortality_u5,120.2,UN IGME (via World Bank API),2026-09-02
GNB,Guinea-Bissau,2008,mortality_u5,126.5,UN IGME (via World Bank API),2026-09-02
GNB,Guinea-Bissau,2007,mortality_u5,132.8,UN IGME (via World Bank API),2026-09-02
GNB,Guinea-Bissau,2006,mortality_u5,139.1,UN IGME (via World Bank API),2026-09-02
GNB,Guinea-Bissau,2005,mortality_u5,145.3,UN IGME (via World Bank API),2026-09-02
GNB,Guinea-Bissau,2004,mortality_u5,151.6,UN IGME (via World Bank API),2026-09-02
GNB,Guinea-Bissau,2003,mortality_u5,157.7,UN IGME (via World Bank API),2026-09-02
GNB,Guinea-Bissau,2002,mortality_u5,163.6,UN IGME (via World Bank API),2026-09-02
GNB,Guinea-Bissau,2001,mortality_u5,169.3,UN IGME (via World Bank API),2026-09-02
GNB,Guinea-Bissau,2000,mortality_u5,174.8,UN IGME (via World Bank API),2026-09-02
GUY,Guyana,2023,mortality_u5,26.0,UN IGME (via World Bank API),2026-09-02
GUY,Guyana,2022,mortality_u5,26.9,UN IGME (via World Bank API),2026-09-02
GUY,Guyana,2021,mortality_u5,27.8,UN IGME (via World Bank API),2026-09-02
GUY,Guyana,2020,mortality_u5,28.6,UN IGME (via World Bank API),2026-09-02
GUY,Guyana,2019,mortality_u5,29.6,UN IGME (via World Bank API),2026-09-02
GUY,Guyana,2018,mortality_u5,30.5,UN IGME (via World Bank API),2026-09-02
GUY,Guyana,2017,mortality_u5,31.4,UN IGME (via World Bank API),2026-09-02
GUY,Guyana,2016,mortality_u5,32.4,UN IGME (via World Bank API),2026-09-02
GUY,Guyana,2015,mortality_u5,33.3,UN IGME (via World Bank API),2026-09-02
GUY,Guyana,2014,mortality_u5,34.3,UN IGME (via World Bank API),2026-09-02
GUY,Guyana,2013,mortality_u5,35.2,UN IGME (via World Bank API),2026-09-02
GUY,Guyana,2012,mortality_u5,36.0,UN IGME (via World Bank API),2026-09-02
GUY,Guyana,2011,mortality_u5,36.8,UN IGME (via World Bank API),2026-09-02
GUY,Guyana,2010,mortality_u5,37.6,UN IGME (via World Bank API),2026-09-02
GUY,Guyana,2009,mortality_u5,38.3,UN IGME (via World Bank API),2026-09-02
GUY,Guyana,2008,mortality_u5,39.1,UN IGME (via World Bank API),2026-09-02
GUY,Guyana,2007,mortality_u5,39.9,UN IGME (via World Bank API),2026-09-02
GUY,Guyana,2006,mortality_u5,40.7,UN IGME (via World Bank API),2026-09-02
GUY,Guyana,2005,mortality_u5,41.6,UN IGME (via World Bank API),2026-09-02
GUY,Guyana,2004,mortality_u5,42.5,UN IGME (via World Bank API),2026-09-02
GUY,Guyana,2003,mortality_u5,43.4,UN IGME (via World Bank API),2026-09-02
GUY,Guyana,2002,mortality_u5,44.5,UN IGME (via World Bank API),2026-09-02
GUY,Guyana,2001,mortality_u5,45.6,UN IGME (via World Bank API),2026-09-02
GUY,Guyana,2000,mortality_u5,46.7,UN IGME (via World Bank API),2026-09-02
HTI,Haiti,2023,mortality_u5,54.4,UN IGME (via World Bank API),2026-09-02
HTI,Haiti,2022,mortality_u5,56.2,UN IGME (via World Bank API),2026-09-02
HTI,Haiti,2021,mortality_u5,58.1,UN IGME (via World Bank API),2026-09-02
HTI,Haiti,2020,mortality_u5,59.8,UN IGME (via World Bank API),2026-09-02
HTI,Haiti,2019,mortality_u5,61.5,UN IGME (via World Bank API),2026-09-02
HTI,Haiti,2018,mortality_u5,63.4,UN IGME (via World Bank API),2026-09-02
HTI,Haiti,2017,mortality_u5,65.3,UN IGME (via World Bank API),2026-09-02
HTI,Haiti,2016,mortality_u5,67.2,UN IGME (via World Bank API),2026-09-02
HTI,Haiti,2015,mortality_u5,69.1,UN IGME (via World Bank API),2026-09-02
HTI,Haiti,2014,mortality_u5,70.9,UN IGME (via World Bank API),2026-09-02
HTI,Haiti,2013,mortality_u5,72.8,UN IGME (via World Bank API),2026-09-02
HTI,Haiti,2012,mortality_u5,74.6,UN IGME (via World Bank API),2026-09-02
HTI,Haiti,2011,mortality_u5,76.5,UN IGME (via World Bank API),2026-09-02
HTI,Haiti,2010,mortality_u5,137.7,UN IGME (via World Bank API),2026-09-02
HTI,Haiti,2009,mortality_u5,80.2,UN IGME (via World Bank API),2026-09-02
HTI,Haiti,2008,mortality_u5,82.2,UN IGME (via World Bank API),2026-09-02
HTI,Haiti,2007,mortality_u5,84.1,UN IGME (via World Bank API),2026-09-02
HTI,Haiti,2006,mortality_u5,86.2,UN IGME (via World Bank API),2026-09-02
HTI,Haiti,2005,mortality_u5,88.4,UN IGME (via World Bank API),2026-09-02
HTI,Haiti,2004,mortality_u5,90.7,UN IGME (via World Bank API),2026-09-02
HTI,Haiti,2003,mortality_u5,93.3,UN IGME (via World Bank API),2026-09-02
HTI,Haiti,2002,mortality_u5,96.2,UN IGME (via World Bank API),2026-09-02
HTI,Haiti,2001,mortality_u5,99.4,UN IGME (via World Bank API),2026-09-02
HTI,Haiti,2000,mortality_u5,102.9,UN IGME (via World Bank API),2026-09-02
HND,Honduras,2023,mortality_u5,15.5,UN IGME (via World Bank API),2026-09-02
HND,Honduras,2022,mortality_u5,16.0,UN IGME (via World Bank API),2026-09-02
HND,Honduras,2021,mortality_u5,16.5,UN IGME (via World Bank API),2026-09-02
HND,Honduras,2020,mortality_u5,17.1,UN IGME (via World Bank API),2026-09-02
HND,Honduras,2019,mortality_u5,17.7,UN IGME (via World Bank API),2026-09-02
HND,Honduras,2018,mortality_u5,18.2,UN IGME (via World Bank API),2026-09-02
HND,Honduras,2017,mortality_u5,18.9,UN IGME (via World Bank API),2026-09-02
HND,Honduras,2016,mortality_u5,19.6,UN IGME (via World Bank API),2026-09-02
HND,Honduras,2015,mortality_u5,20.3,UN IGME (via World Bank API),2026-09-02
HND,Honduras,2014,mortality_u5,21.1,UN IGME (via World Bank API),2026-09-02
HND,Honduras,2013,mortality_u5,21.9,UN IGME (via World Bank API),2026-09-02
HND,Honduras,2012,mortality_u5,22.7,UN IGME (via World Bank API),2026-09-02
HND,Honduras,2011,mortality_u5,23.5,UN IGME (via World Bank API),2026-09-02
HND,Honduras,2010,mortality_u5,24.4,UN IGME (via World Bank API),2026-09-02
HND,Honduras,2009,mortality_u5,25.4,UN IGME (via World Bank API),2026-09-02
HND,Honduras,2008,mortality_u5,26.4,UN IGME (via World Bank API),2026-09-02
HND,Honduras,2007,mortality_u5,27.4,UN IGME (via World Bank API),2026-09-02
HND,Honduras,2006,mortality_u5,28.6,UN IGME (via World Bank API),2026-09-02
HND,Honduras,2005,mortality_u5,29.8,UN IGME (via World Bank API),2026-09-02
HND,Honduras,2004,mortality_u5,31.1,UN IGME (via World Bank API),2026-09-02
HND,Honduras,2003,mortality_u5,32.5,UN IGME (via World Bank API),2026-09-02
HND,Honduras,2002,mortality_u5,34.0,UN IGME (via World Bank API),2026-09-02
HND,Honduras,2001,mortality_u5,35.6,UN IGME (via World Bank API),2026-09-02
HND,Honduras,2000,mortality_u5,37.3,UN IGME (via World Bank API),2026-09-02
HUN,Hungary,2023,mortality_u5,3.8,UN IGME (via World Bank API),2026-09-02
HUN,Hungary,2022,mortality_u5,3.9,UN IGME (via World Bank API),2026-09-02
HUN,Hungary,2021,mortality_u5,4.0,UN IGME (via World Bank API),2026-09-02
HUN,Hungary,2020,mortality_u5,4.0,UN IGME (via World Bank API),2026-09-02
HUN,Hungary,2019,mortality_u5,4.1,UN IGME (via World Bank API),2026-09-02
HUN,Hungary,2018,mortality_u5,4.3,UN IGME (via World Bank API),2026-09-02
HUN,Hungary,2017,mortality_u5,4.5,UN IGME (via World Bank API),2026-09-02
HUN,Hungary,2016,mortality_u5,4.7,UN IGME (via World Bank API),2026-09-02
HUN,Hungary,2015,mortality_u5,5.1,UN IGME (via World Bank API),2026-09-02
HUN,Hungary,2014,mortality_u5,5.3,UN IGME (via World Bank API),2026-09-02
HUN,Hungary,2013,mortality_u5,5.6,UN IGME (via World Bank API),2026-09-02
HUN,Hungary,2012,mortality_u5,5.7,UN IGME (via World Bank API),2026-09-02
HUN,Hungary,2011,mortality_u5,5.9,UN IGME (via World Bank API),2026-09-02
HUN,Hungary,2010,mortality_u5,6.0,UN IGME (via World Bank API),2026-09-02
HUN,Hungary,2009,mortality_u5,6.2,UN IGME (via World Bank API),2026-09-02
HUN,Hungary,2008,mortality_u5,6.5,UN IGME (via World Bank API),2026-09-02
HUN,Hungary,2007,mortality_u5,6.8,UN IGME (via World Bank API),2026-09-02
HUN,Hungary,2006,mortality_u5,7.2,UN IGME (via World Bank API),2026-09-02
HUN,Hungary,2005,mortality_u5,7.5,UN IGME (via World Bank API),2026-09-02
HUN,Hungary,2004,mortality_u5,8.0,UN IGME (via World Bank API),2026-09-02
HUN,Hungary,2003,mortality_u5,8.4,UN IGME (via World Bank API),2026-09-02
HUN,Hungary,2002,mortality_u5,9.0,UN IGME (via World Bank API),2026-09-02
HUN,Hungary,2001,mortality_u5,9.5,UN IGME (via World Bank API),2026-09-02
HUN,Hungary,2000,mortality_u5,10.1,UN IGME (via World Bank API),2026-09-02
ISL,Iceland,2023,mortality_u5,2.9,UN IGME (via World Bank API),2026-09-02
ISL,Iceland,2022,mortality_u5,2.9,UN IGME (via World Bank API),2026-09-02
ISL,Iceland,2021,mortality_u5,2.9,UN IGME (via World Bank API),2026-09-02
ISL,Iceland,2020,mortality_u5,2.8,UN IGME (via World Bank API),2026-09-02
ISL,Iceland,2019,mortality_u5,2.8,UN IGME (via World Bank API),2026-09-02
ISL,Iceland,2018,mortality_u5,2.7,UN IGME (via World Bank API),2026-09-02
ISL,Iceland,2017,mortality_u5,2.7,UN IGME (via World Bank API),2026-09-02
ISL,Iceland,2016,mortality_u5,2.6,UN IGME (via World Bank API),2026-09-02
ISL,Iceland,2015,mortality_u5,2.6,UN IGME (via World Bank API),2026-09-02
ISL,Iceland,2014,mortality_u5,2.6,UN IGME (via World Bank API),2026-09-02
ISL,Iceland,2013,mortality_u5,2.6,UN IGME (via World Bank API),2026-09-02
ISL,Iceland,2012,mortality_u5,2.6,UN IGME (via World Bank API),2026-09-02
ISL,Iceland,2011,mortality_u5,2.6,UN IGME (via World Bank API),2026-09-02
ISL,Iceland,2010,mortality_u5,2.7,UN IGME (via World Bank API),2026-09-02
ISL,Iceland,2009,mortality_u5,2.7,UN IGME (via World Bank API),2026-09-02
ISL,Iceland,2008,mortality_u5,2.8,UN IGME (via World Bank API),2026-09-02
ISL,Iceland,2007,mortality_u5,2.8,UN IGME (via World Bank API),2026-09-02
ISL,Iceland,2006,mortality_u5,2.9,UN IGME (via World Bank API),2026-09-02
ISL,Iceland,2005,mortality_u5,3.1,UN IGME (via World Bank API),2026-09-02
ISL,Iceland,2004,mortality_u5,3.2,UN IGME (via World Bank API),2026-09-02
ISL,Iceland,2003,mortality_u5,3.3,UN IGME (via World Bank API),2026-09-02
ISL,Iceland,2002,mortality_u5,3.5,UN IGME (via World Bank API),2026-09-02
ISL,Iceland,2001,mortality_u5,3.7,UN IGME (via World Bank API),2026-09-02
ISL,Iceland,2000,mortality_u5,3.9,UN IGME (via World Bank API),2026-09-02
IND,India,2023,mortality_u5,28.0,UN IGME (via World Bank API),2026-09-02
IND,India,2022,mortality_u5,29.5,UN IGME (via World Bank API),2026-09-02
IND,India,2021,mortality_u5,31.2,UN IGME (via World Bank API),2026-09-02
IND,India,2020,mortality_u5,33.0,UN IGME (via World Bank API),2026-09-02
IND,India,2019,mortality_u5,34.9,UN IGME (via World Bank API),2026-09-02
IND,India,2018,mortality_u5,36.9,UN IGME (via World Bank API),2026-09-02
IND,India,2017,mortality_u5,39.0,UN IGME (via World Bank API),2026-09-02
IND,India,2016,mortality_u5,41.3,UN IGME (via World Bank API),2026-09-02
IND,India,2015,mortality_u5,43.7,UN IGME (via World Bank API),2026-09-02
IND,India,2014,mortality_u5,46.4,UN IGME (via World Bank API),2026-09-02
IND,India,2013,mortality_u5,49.1,UN IGME (via World Bank API),2026-09-02
IND,India,2012,mortality_u5,52.0,UN IGME (via World Bank API),2026-09-02
IND,India,2011,mortality_u5,55.0,UN IGME (via World Bank API),2026-09-02
IND,India,2010,mortality_u5,58.1,UN IGME (via World Bank API),2026-09-02
IND,India,2009,mortality_u5,61.2,UN IGME (via World Bank API),2026-09-02
IND,India,2008,mortality_u5,64.5,UN IGME (via World Bank API),2026-09-02
IND,India,2007,mortality_u5,67.8,UN IGME (via World Bank API),2026-09-02
IND,India,2006,mortality_u5,71.0,UN IGME (via World Bank API),2026-09-02
IND,India,2005,mortality_u5,74.3,UN IGME (via World Bank API),2026-09-02
IND,India,2004,mortality_u5,77.7,UN IGME (via World Bank API),2026-09-02
IND,India,2003,mortality_u5,81.1,UN IGME (via World Bank API),2026-09-02
IND,India,2002,mortality_u5,84.6,UN IGME (via World Bank API),2026-09-02
IND,India,2001,mortality_u5,88.1,UN IGME (via World Bank API),2026-09-02
IND,India,2000,mortality_u5,91.8,UN IGME (via World Bank API),2026-09-02
IDN,Indonesia,2023,mortality_u5,18.4,UN IGME (via World Bank API),2026-09-02
IDN,Indonesia,2022,mortality_u5,19.1,UN IGME (via World Bank API),2026-09-02
IDN,Indonesia,2021,mortality_u5,19.9,UN IGME (via World Bank API),2026-09-02
IDN,Indonesia,2020,mortality_u5,20.8,UN IGME (via World Bank API),2026-09-02
IDN,Indonesia,2019,mortality_u5,21.8,UN IGME (via World Bank API),2026-09-02
IDN,Indonesia,2018,mortality_u5,22.8,UN IGME (via World Bank API),2026-09-02
IDN,Indonesia,2017,mortality_u5,23.8,UN IGME (via World Bank API),2026-09-02
IDN,Indonesia,2016,mortality_u5,25.0,UN IGME (via World Bank API),2026-09-02
IDN,Indonesia,2015,mortality_u5,26.1,UN IGME (via World Bank API),2026-09-02
IDN,Indonesia,2014,mortality_u5,27.3,UN IGME (via World Bank API),2026-09-02
IDN,Indonesia,2013,mortality_u5,28.6,UN IGME (via World Bank API),2026-09-02
IDN,Indonesia,2012,mortality_u5,29.9,UN IGME (via World Bank API),2026-09-02
IDN,Indonesia,2011,mortality_u5,31.2,UN IGME (via World Bank API),2026-09-02
IDN,Indonesia,2010,mortality_u5,32.6,UN IGME (via World Bank API),2026-09-02
IDN,Indonesia,2009,mortality_u5,34.1,UN IGME (via World Bank API),2026-09-02
IDN,Indonesia,2008,mortality_u5,35.6,UN IGME (via World Bank API),2026-09-02
IDN,Indonesia,2007,mortality_u5,37.2,UN IGME (via World Bank API),2026-09-02
IDN,Indonesia,2006,mortality_u5,38.9,UN IGME (via World Bank API),2026-09-02
IDN,Indonesia,2005,mortality_u5,40.7,UN IGME (via World Bank API),2026-09-02
IDN,Indonesia,2004,mortality_u5,48.6,UN IGME (via World Bank API),2026-09-02
IDN,Indonesia,2003,mortality_u5,44.6,UN IGME (via World Bank API),2026-09-02
IDN,Indonesia,2002,mortality_u5,46.7,UN IGME (via World Bank API),2026-09-02
IDN,Indonesia,2001,mortality_u5,49.0,UN IGME (via World Bank API),2026-09-02
IDN,Indonesia,2000,mortality_u5,51.4,UN IGME (via World Bank API),2026-09-02
IRN,"Iran, Islamic Rep.",2023,mortality_u5,11.7,UN IGME (via World Bank API),2026-09-02
IRN,"Iran, Islamic Rep.",2022,mortality_u5,12.1,UN IGME (via World Bank API),2026-09-02
IRN,"Iran, Islamic Rep.",2021,mortality_u5,12.6,UN IGME (via World Bank API),2026-09-02
IRN,"Iran, Islamic Rep.",2020,mortality_u5,13.0,UN IGME (via World Bank API),2026-09-02
IRN,"Iran, Islamic Rep.",2019,mortality_u5,13.4,UN IGME (via World Bank API),2026-09-02
IRN,"Iran, Islamic Rep.",2018,mortality_u5,13.9,UN IGME (via World Bank API),2026-09-02
IRN,"Iran, Islamic Rep.",2017,mortality_u5,14.4,UN IGME (via World Bank API),2026-09-02
IRN,"Iran, Islamic Rep.",2016,mortality_u5,14.9,UN IGME (via World Bank API),2026-09-02
IRN,"Iran, Islamic Rep.",2015,mortality_u5,15.5,UN IGME (via World Bank API),2026-09-02
IRN,"Iran, Islamic Rep.",2014,mortality_u5,16.1,UN IGME (via World Bank API),2026-09-02
IRN,"Iran, Islamic Rep.",2013,mortality_u5,16.8,UN IGME (via World Bank API),2026-09-02
IRN,"Iran, Islamic Rep.",2012,mortality_u5,17.5,UN IGME (via World Bank API),2026-09-02
IRN,"Iran, Islamic Rep.",2011,mortality_u5,18.3,UN IGME (via World Bank API),2026-09-02
IRN,"Iran, Islamic Rep.",2010,mortality_u5,19.3,UN IGME (via World Bank API),2026-09-02
IRN,"Iran, Islamic Rep.",2009,mortality_u5,20.4,UN IGME (via World Bank API),2026-09-02
IRN,"Iran, Islamic Rep.",2008,mortality_u5,21.7,UN IGME (via World Bank API),2026-09-02
IRN,"Iran, Islamic Rep.",2007,mortality_u5,23.1,UN IGME (via World Bank API),2026-09-02
IRN,"Iran, Islamic Rep.",2006,mortality_u5,24.7,UN IGME (via World Bank API),2026-09-02
IRN,"Iran, Islamic Rep.",2005,mortality_u5,26.5,UN IGME (via World Bank API),2026-09-02
IRN,"Iran, Islamic Rep.",2004,mortality_u5,28.3,UN IGME (via World Bank API),2026-09-02
IRN,"Iran, Islamic Rep.",2003,mortality_u5,30.3,UN IGME (via World Bank API),2026-09-02
IRN,"Iran, Islamic Rep.",2002,mortality_u5,32.3,UN IGME (via World Bank API),2026-09-02
IRN,"Iran, Islamic Rep.",2001,mortality_u5,34.3,UN IGME (via World Bank API),2026-09-02
IRN,"Iran, Islamic Rep.",2000,mortality_u5,36.4,UN IGME (via World Bank API),2026-09-02
IRQ,Iraq,2023,mortality_u5,22.5,UN IGME (via World Bank API),2026-09-02
IRQ,Iraq,2022,mortality_u5,23.3,UN IGME (via World Bank API),2026-09-02
IRQ,Iraq,2021,mortality_u5,24.0,UN IGME (via World Bank API),2026-09-02
IRQ,Iraq,2020,mortality_u5,24.9,UN IGME (via World Bank API),2026-09-02
IRQ,Iraq,2019,mortality_u5,25.7,UN IGME (via World Bank API),2026-09-02
IRQ,Iraq,2018,mortality_u5,26.5,UN IGME (via World Bank API),2026-09-02
IRQ,Iraq,2017,mortality_u5,27.5,UN IGME (via World Bank API),2026-09-02
IRQ,Iraq,2016,mortality_u5,28.4,UN IGME (via World Bank API),2026-09-02
IRQ,Iraq,2015,mortality_u5,29.3,UN IGME (via World Bank API),2026-09-02
IRQ,Iraq,2014,mortality_u5,30.3,UN IGME (via World Bank API),2026-09-02
IRQ,Iraq,2013,mortality_u5,31.3,UN IGME (via World Bank API),2026-09-02
IRQ,Iraq,2012,mortality_u5,32.4,UN IGME (via World Bank API),2026-09-02
IRQ,Iraq,2011,mortality_u5,33.4,UN IGME (via World Bank API),2026-09-02
IRQ,Iraq,2010,mortality_u5,34.5,UN IGME (via World Bank API),2026-09-02
IRQ,Iraq,2009,mortality_u5,35.6,UN IGME (via World Bank API),2026-09-02
IRQ,Iraq,2008,mortality_u5,36.7,UN IGME (via World Bank API),2026-09-02
IRQ,Iraq,2007,mortality_u5,37.7,UN IGME (via World Bank API),2026-09-02
IRQ,Iraq,2006,mortality_u5,38.8,UN IGME (via World Bank API),2026-09-02
IRQ,Iraq,2005,mortality_u5,39.7,UN IGME (via World Bank API),2026-09-02
IRQ,Iraq,2004,mortality_u5,40.7,UN IGME (via World Bank API),2026-09-02
IRQ,Iraq,2003,mortality_u5,41.6,UN IGME (via World Bank API),2026-09-02
IRQ,Iraq,2002,mortality_u5,42.5,UN IGME (via World Bank API),2026-09-02
IRQ,Iraq,2001,mortality_u5,43.4,UN IGME (via World Bank API),2026-09-02
IRQ,Iraq,2000,mortality_u5,44.3,UN IGME (via World Bank API),2026-09-02
IRL,Ireland,2023,mortality_u5,3.8,UN IGME (via World Bank API),2026-09-02
IRL,Ireland,2022,mortality_u5,3.7,UN IGME (via World Bank API),2026-09-02
IRL,Ireland,2021,mortality_u5,3.6,UN IGME (via World Bank API),2026-09-02
IRL,Ireland,2020,mortality_u5,3.5,UN IGME (via World Bank API),2026-09-02
IRL,Ireland,2019,mortality_u5,3.4,UN IGME (via World Bank API),2026-09-02
IRL,Ireland,2018,mortality_u5,3.4,UN IGME (via World Bank API),2026-09-02
IRL,Ireland,2017,mortality_u5,3.5,UN IGME (via World Bank API),2026-09-02
IRL,Ireland,2016,mortality_u5,3.6,UN IGME (via World Bank API),2026-09-02
IRL,Ireland,2015,mortality_u5,3.7,UN IGME (via World Bank API),2026-09-02
IRL,Ireland,2014,mortality_u5,3.8,UN IGME (via World Bank API),2026-09-02
IRL,Ireland,2013,mortality_u5,3.9,UN IGME (via World Bank API),2026-09-02
IRL,Ireland,2012,mortality_u5,4.0,UN IGME (via World Bank API),2026-09-02
IRL,Ireland,2011,mortality_u5,4.1,UN IGME (via World Bank API),2026-09-02
IRL,Ireland,2010,mortality_u5,4.2,UN IGME (via World Bank API),2026-09-02
IRL,Ireland,2009,mortality_u5,4.3,UN IGME (via World Bank API),2026-09-02
IRL,Ireland,2008,mortality_u5,4.4,UN IGME (via World Bank API),2026-09-02
IRL,Ireland,2007,mortality_u5,4.6,UN IGME (via World Bank API),2026-09-02
IRL,Ireland,2006,mortality_u5,4.8,UN IGME (via World Bank API),2026-09-02
IRL,Ireland,2005,mortality_u5,5.2,UN IGME (via World Bank API),2026-09-02
IRL,Ireland,2004,mortality_u5,5.6,UN IGME (via World Bank API),2026-09-02
IRL,Ireland,2003,mortality_u5,6.1,UN IGME (via World Bank API),2026-09-02
IRL,Ireland,2002,mortality_u5,6.5,UN IGME (via World Bank API),2026-09-02
IRL,Ireland,2001,mortality_u5,6.9,UN IGME (via World Bank API),2026-09-02
IRL,Ireland,2000,mortality_u5,7.2,UN IGME (via World Bank API),2026-09-02
ISR,Israel,2023,mortality_u5,3.4,UN IGME (via World Bank API),2026-09-02
ISR,Israel,2022,mortality_u5,3.4,UN IGME (via World Bank API),2026-09-02
ISR,Israel,2021,mortality_u5,3.5,UN IGME (via World Bank API),2026-09-02
ISR,Israel,2020,mortality_u5,3.5,UN IGME (via World Bank API),2026-09-02
ISR,Israel,2019,mortality_u5,3.6,UN IGME (via World Bank API),2026-09-02
ISR,Israel,2018,mortality_u5,3.7,UN IGME (via World Bank API),2026-09-02
ISR,Israel,2017,mortality_u5,3.7,UN IGME (via World Bank API),2026-09-02
ISR,Israel,2016,mortality_u5,3.8,UN IGME (via World Bank API),2026-09-02
ISR,Israel,2015,mortality_u5,3.9,UN IGME (via World Bank API),2026-09-02
ISR,Israel,2014,mortality_u5,4.0,UN IGME (via World Bank API),2026-09-02
ISR,Israel,2013,mortality_u5,4.1,UN IGME (via World Bank API),2026-09-02
ISR,Israel,2012,mortality_u5,4.3,UN IGME (via World Bank API),2026-09-02
ISR,Israel,2011,mortality_u5,4.4,UN IGME (via World Bank API),2026-09-02
ISR,Israel,2010,mortality_u5,4.6,UN IGME (via World Bank API),2026-09-02
ISR,Israel,2009,mortality_u5,4.7,UN IGME (via World Bank API),2026-09-02
ISR,Israel,2008,mortality_u5,4.9,UN IGME (via World Bank API),2026-09-02
ISR,Israel,2007,mortality_u5,5.1,UN IGME (via World Bank API),2026-09-02
ISR,Israel,2006,mortality_u5,5.3,UN IGME (via World Bank API),2026-09-02
ISR,Israel,2005,mortality_u5,5.6,UN IGME (via World Bank API),2026-09-02
ISR,Israel,2004,mortality_u5,5.8,UN IGME (via World Bank API),2026-09-02
ISR,Israel,2003,mortality_u5,6.1,UN IGME (via World Bank API),2026-09-02
ISR,Israel,2002,mortality_u5,6.4,UN IGME (via World Bank API),2026-09-02
ISR,Israel,2001,mortality_u5,6.6,UN IGME (via World Bank API),2026-09-02
ISR,Israel,2000,mortality_u5,6.9,UN IGME (via World Bank API),2026-09-02
ITA,Italy,2023,mortality_u5,2.8,UN IGME (via World Bank API),2026-09-02
ITA,Italy,2022,mortality_u5,2.8,UN IGME (via World Bank API),2026-09-02
ITA,Italy,2021,mortality_u5,2.9,UN IGME (via World Bank API),2026-09-02
ITA,Italy,2020,mortality_u5,3.0,UN IGME (via World Bank API),2026-09-02
ITA,Italy,2019,mortality_u5,3.1,UN IGME (via World Bank API),2026-09-02
ITA,Italy,2018,mortality_u5,3.2,UN IGME (via World Bank API),2026-09-02
ITA,Italy,2017,mortality_u5,3.3,UN IGME (via World Bank API),2026-09-02
ITA,Italy,2016,mortality_u5,3.4,UN IGME (via World Bank API),2026-09-02
ITA,Italy,2015,mortality_u5,3.5,UN IGME (via World Bank API),2026-09-02
ITA,Italy,2014,mortality_u5,3.6,UN IGME (via World Bank API),2026-09-02
ITA,Italy,2013,mortality_u5,3.7,UN IGME (via World Bank API),2026-09-02
ITA,Italy,2012,mortality_u5,3.8,UN IGME (via World Bank API),2026-09-02
ITA,Italy,2011,mortality_u5,3.9,UN IGME (via World Bank API),2026-09-02
ITA,Italy,2010,mortality_u5,4.0,UN IGME (via World Bank API),2026-09-02
ITA,Italy,2009,mortality_u5,4.1,UN IGME (via World Bank API),2026-09-02
ITA,Italy,2008,mortality_u5,4.1,UN IGME (via World Bank API),2026-09-02
ITA,Italy,2007,mortality_u5,4.2,UN IGME (via World Bank API),2026-09-02
ITA,Italy,2006,mortality_u5,4.3,UN IGME (via World Bank API),2026-09-02
ITA,Italy,2005,mortality_u5,4.5,UN IGME (via World Bank API),2026-09-02
ITA,Italy,2004,mortality_u5,4.6,UN IGME (via World Bank API),2026-09-02
ITA,Italy,2003,mortality_u5,4.8,UN IGME (via World Bank API),2026-09-02
ITA,Italy,2002,mortality_u5,5.1,UN IGME (via World Bank API),2026-09-02
ITA,Italy,2001,mortality_u5,5.3,UN IGME (via World Bank API),2026-09-02
ITA,Italy,2000,mortality_u5,5.6,UN IGME (via World Bank API),2026-09-02
JAM,Jamaica,2023,mortality_u5,18.1,UN IGME (via World Bank API),2026-09-02
JAM,Jamaica,2022,mortality_u5,18.4,UN IGME (via World Bank API),2026-09-02
JAM,Jamaica,2021,mortality_u5,18.6,UN IGME (via World Bank API),2026-09-02
JAM,Jamaica,2020,mortality_u5,18.7,UN IGME (via World Bank API),2026-09-02
JAM,Jamaica,2019,mortality_u5,18.8,UN IGME (via World Bank API),2026-09-02
JAM,Jamaica,2018,mortality_u5,18.7,UN IGME (via World Bank API),2026-09-02
JAM,Jamaica,2017,mortality_u5,18.7,UN IGME (via World Bank API),2026-09-02
JAM,Jamaica,2016,mortality_u5,18.7,UN IGME (via World Bank API),2026-09-02
JAM,Jamaica,2015,mortality_u5,18.7,UN IGME (via World Bank API),2026-09-02
JAM,Jamaica,2014,mortality_u5,18.8,UN IGME (via World Bank API),2026-09-02
JAM,Jamaica,2013,mortality_u5,18.9,UN IGME (via World Bank API),2026-09-02
JAM,Jamaica,2012,mortality_u5,18.9,UN IGME (via World Bank API),2026-09-02
JAM,Jamaica,2011,mortality_u5,19.0,UN IGME (via World Bank API),2026-09-02
JAM,Jamaica,2010,mortality_u5,19.0,UN IGME (via World Bank API),2026-09-02
JAM,Jamaica,2009,mortality_u5,19.1,UN IGME (via World Bank API),2026-09-02
JAM,Jamaica,2008,mortality_u5,19.1,UN IGME (via World Bank API),2026-09-02
JAM,Jamaica,2007,mortality_u5,19.1,UN IGME (via World Bank API),2026-09-02
JAM,Jamaica,2006,mortality_u5,19.1,UN IGME (via World Bank API),2026-09-02
JAM,Jamaica,2005,mortality_u5,19.1,UN IGME (via World Bank API),2026-09-02
JAM,Jamaica,2004,mortality_u5,19.1,UN IGME (via World Bank API),2026-09-02
JAM,Jamaica,2003,mortality_u5,19.3,UN IGME (via World Bank API),2026-09-02
JAM,Jamaica,2002,mortality_u5,19.6,UN IGME (via World Bank API),2026-09-02
JAM,Jamaica,2001,mortality_u5,20.0,UN IGME (via World Bank API),2026-09-02
JAM,Jamaica,2000,mortality_u5,20.5,UN IGME (via World Bank API),2026-09-02
JPN,Japan,2023,mortality_u5,2.4,UN IGME (via World Bank API),2026-09-02
JPN,Japan,2022,mortality_u5,2.4,UN IGME (via World Bank API),2026-09-02
JPN,Japan,2021,mortality_u5,2.4,UN IGME (via World Bank API),2026-09-02
JPN,Japan,2020,mortality_u5,2.4,UN IGME (via World Bank API),2026-09-02
JPN,Japan,2019,mortality_u5,2.5,UN IGME (via World Bank API),2026-09-02
JPN,Japan,2018,mortality_u5,2.5,UN IGME (via World Bank API),2026-09-02
JPN,Japan,2017,mortality_u5,2.6,UN IGME (via World Bank API),2026-09-02
JPN,Japan,2016,mortality_u5,2.7,UN IGME (via World Bank API),2026-09-02
JPN,Japan,2015,mortality_u5,2.8,UN IGME (via World Bank API),2026-09-02
JPN,Japan,2014,mortality_u5,2.9,UN IGME (via World Bank API),2026-09-02
JPN,Japan,2013,mortality_u5,3.0,UN IGME (via World Bank API),2026-09-02
JPN,Japan,2012,mortality_u5,3.1,UN IGME (via World Bank API),2026-09-02
JPN,Japan,2011,mortality_u5,3.3,UN IGME (via World Bank API),2026-09-02
JPN,Japan,2010,mortality_u5,3.3,UN IGME (via World Bank API),2026-09-02
JPN,Japan,2009,mortality_u5,3.4,UN IGME (via World Bank API),2026-09-02
JPN,Japan,2008,mortality_u5,3.4,UN IGME (via World Bank API),2026-09-02
JPN,Japan,2007,mortality_u5,3.5,UN IGME (via World Bank API),2026-09-02
JPN,Japan,2006,mortality_u5,3.6,UN IGME (via World Bank API),2026-09-02
JPN,Japan,2005,mortality_u5,3.7,UN IGME (via World Bank API),2026-09-02
JPN,Japan,2004,mortality_u5,3.9,UN IGME (via World Bank API),2026-09-02
JPN,Japan,2003,mortality_u5,4.0,UN IGME (via World Bank API),2026-09-02
JPN,Japan,2002,mortality_u5,4.1,UN IGME (via World Bank API),2026-09-02
JPN,Japan,2001,mortality_u5,4.3,UN IGME (via World Bank API),2026-09-02
JPN,Japan,2000,mortality_u5,4.5,UN IGME (via World Bank API),2026-09-02
JOR,Jordan,2023,mortality_u5,13.3,UN IGME (via World Bank API),2026-09-02
JOR,Jordan,2022,mortality_u5,13.7,UN IGME (via World Bank API),2026-09-02
JOR,Jordan,2021,mortality_u5,14.1,UN IGME (via World Bank API),2026-09-02
JOR,Jordan,2020,mortality_u5,14.5,UN IGME (via World Bank API),2026-09-02
JOR,Jordan,2019,mortality_u5,14.9,UN IGME (via World Bank API),2026-09-02
JOR,Jordan,2018,mortality_u5,15.3,UN IGME (via World Bank API),2026-09-02
JOR,Jordan,2017,mortality_u5,15.7,UN IGME (via World Bank API),2026-09-02
JOR,Jordan,2016,mortality_u5,16.1,UN IGME (via World Bank API),2026-09-02
JOR,Jordan,2015,mortality_u5,16.5,UN IGME (via World Bank API),2026-09-02
JOR,Jordan,2014,mortality_u5,17.0,UN IGME (via World Bank API),2026-09-02
JOR,Jordan,2013,mortality_u5,17.4,UN IGME (via World Bank API),2026-09-02
JOR,Jordan,2012,mortality_u5,17.9,UN IGME (via World Bank API),2026-09-02
JOR,Jordan,2011,mortality_u5,18.4,UN IGME (via World Bank API),2026-09-02
JOR,Jordan,2010,mortality_u5,18.9,UN IGME (via World Bank API),2026-09-02
JOR,Jordan,2009,mortality_u5,19.5,UN IGME (via World Bank API),2026-09-02
JOR,Jordan,2008,mortality_u5,20.1,UN IGME (via World Bank API),2026-09-02
JOR,Jordan,2007,mortality_u5,20.7,UN IGME (via World Bank API),2026-09-02
JOR,Jordan,2006,mortality_u5,21.3,UN IGME (via World Bank API),2026-09-02
JOR,Jordan,2005,mortality_u5,22.0,UN IGME (via World Bank API),2026-09-02
JOR,Jordan,2004,mortality_u5,22.7,UN IGME (via World Bank API),2026-09-02
JOR,Jordan,2003,mortality_u5,23.5,UN IGME (via World Bank API),2026-09-02
JOR,Jordan,2002,mortality_u5,24.2,UN IGME (via World Bank API),2026-09-02
JOR,Jordan,2001,mortality_u5,25.0,UN IGME (via World Bank API),2026-09-02
JOR,Jordan,2000,mortality_u5,25.8,UN IGME (via World Bank API),2026-09-02
KAZ,Kazakhstan,2023,mortality_u5,9.6,UN IGME (via World Bank API),2026-09-02
KAZ,Kazakhstan,2022,mortality_u5,9.8,UN IGME (via World Bank API),2026-09-02
KAZ,Kazakhstan,2021,mortality_u5,10.0,UN IGME (via World Bank API),2026-09-02
KAZ,Kazakhstan,2020,mortality_u5,10.1,UN IGME (via World Bank API),2026-09-02
KAZ,Kazakhstan,2019,mortality_u5,10.2,UN IGME (via World Bank API),2026-09-02
KAZ,Kazakhstan,2018,mortality_u5,10.3,UN IGME (via World Bank API),2026-09-02
KAZ,Kazakhstan,2017,mortality_u5,10.5,UN IGME (via World Bank API),2026-09-02
KAZ,Kazakhstan,2016,mortality_u5,11.0,UN IGME (via World Bank API),2026-09-02
KAZ,Kazakhstan,2015,mortality_u5,11.9,UN IGME (via World Bank API),2026-09-02
KAZ,Kazakhstan,2014,mortality_u5,13.0,UN IGME (via World Bank API),2026-09-02
KAZ,Kazakhstan,2013,mortality_u5,14.5,UN IGME (via World Bank API),2026-09-02
KAZ,Kazakhstan,2012,mortality_u5,16.3,UN IGME (via World Bank API),2026-09-02
KAZ,Kazakhstan,2011,mortality_u5,18.3,UN IGME (via World Bank API),2026-09-02
KAZ,Kazakhstan,2010,mortality_u5,20.4,UN IGME (via World Bank API),2026-09-02
KAZ,Kazakhstan,2009,mortality_u5,22.5,UN IGME (via World Bank API),2026-09-02
KAZ,Kazakhstan,2008,mortality_u5,24.7,UN IGME (via World Bank API),2026-09-02
KAZ,Kazakhstan,2007,mortality_u5,26.8,UN IGME (via World Bank API),2026-09-02
KAZ,Kazakhstan,2006,mortality_u5,28.9,UN IGME (via World Bank API),2026-09-02
KAZ,Kazakhstan,2005,mortality_u5,31.0,UN IGME (via World Bank API),2026-09-02
KAZ,Kazakhstan,2004,mortality_u5,33.0,UN IGME (via World Bank API),2026-09-02
KAZ,Kazakhstan,2003,mortality_u5,35.1,UN IGME (via World Bank API),2026-09-02
KAZ,Kazakhstan,2002,mortality_u5,37.2,UN IGME (via World Bank API),2026-09-02
KAZ,Kazakhstan,2001,mortality_u5,39.6,UN IGME (via World Bank API),2026-09-02
KAZ,Kazakhstan,2000,mortality_u5,42.1,UN IGME (via World Bank API),2026-09-02
KEN,Kenya,2023,mortality_u5,39.6,UN IGME (via World Bank API),2026-09-02
KEN,Kenya,2022,mortality_u5,40.5,UN IGME (via World Bank API),2026-09-02
KEN,Kenya,2021,mortality_u5,41.3,UN IGME (via World Bank API),2026-09-02
KEN,Kenya,2020,mortality_u5,42.1,UN IGME (via World Bank API),2026-09-02
KEN,Kenya,2019,mortality_u5,42.7,UN IGME (via World Bank API),2026-09-02
KEN,Kenya,2018,mortality_u5,43.7,UN IGME (via World Bank API),2026-09-02
KEN,Kenya,2017,mortality_u5,44.7,UN IGME (via World Bank API),2026-09-02
KEN,Kenya,2016,mortality_u5,45.5,UN IGME (via World Bank API),2026-09-02
KEN,Kenya,2015,mortality_u5,46.8,UN IGME (via World Bank API),2026-09-02
KEN,Kenya,2014,mortality_u5,48.3,UN IGME (via World Bank API),2026-09-02
KEN,Kenya,2013,mortality_u5,49.4,UN IGME (via World Bank API),2026-09-02
KEN,Kenya,2012,mortality_u5,50.7,UN IGME (via World Bank API),2026-09-02
KEN,Kenya,2011,mortality_u5,51.7,UN IGME (via World Bank API),2026-09-02
KEN,Kenya,2010,mortality_u5,53.1,UN IGME (via World Bank API),2026-09-02
KEN,Kenya,2009,mortality_u5,55.2,UN IGME (via World Bank API),2026-09-02
KEN,Kenya,2008,mortality_u5,58.0,UN IGME (via World Bank API),2026-09-02
KEN,Kenya,2007,mortality_u5,62.9,UN IGME (via World Bank API),2026-09-02
KEN,Kenya,2006,mortality_u5,66.8,UN IGME (via World Bank API),2026-09-02
KEN,Kenya,2005,mortality_u5,71.2,UN IGME (via World Bank API),2026-09-02
KEN,Kenya,2004,mortality_u5,76.1,UN IGME (via World Bank API),2026-09-02
KEN,Kenya,2003,mortality_u5,80.8,UN IGME (via World Bank API),2026-09-02
KEN,Kenya,2002,mortality_u5,85.6,UN IGME (via World Bank API),2026-09-02
KEN,Kenya,2001,mortality_u5,90.5,UN IGME (via World Bank API),2026-09-02
KEN,Kenya,2000,mortality_u5,95.2,UN IGME (via World Bank API),2026-09-02
KIR,Kiribati,2023,mortality_u5,54.5,UN IGME (via World Bank API),2026-09-02
KIR,Kiribati,2022,mortality_u5,55.9,UN IGME (via World Bank API),2026-09-02
KIR,Kiribati,2021,mortality_u5,57.2,UN IGME (via World Bank API),2026-09-02
KIR,Kiribati,2020,mortality_u5,58.3,UN IGME (via World Bank API),2026-09-02
KIR,Kiribati,2019,mortality_u5,59.1,UN IGME (via World Bank API),2026-09-02
KIR,Kiribati,2018,mortality_u5,59.6,UN IGME (via World Bank API),2026-09-02
KIR,Kiribati,2017,mortality_u5,59.6,UN IGME (via World Bank API),2026-09-02
KIR,Kiribati,2016,mortality_u5,59.1,UN IGME (via World Bank API),2026-09-02
KIR,Kiribati,2015,mortality_u5,58.6,UN IGME (via World Bank API),2026-09-02
KIR,Kiribati,2014,mortality_u5,58.0,UN IGME (via World Bank API),2026-09-02
KIR,Kiribati,2013,mortality_u5,57.7,UN IGME (via World Bank API),2026-09-02
KIR,Kiribati,2012,mortality_u5,57.4,UN IGME (via World Bank API),2026-09-02
KIR,Kiribati,2011,mortality_u5,57.5,UN IGME (via World Bank API),2026-09-02
KIR,Kiribati,2010,mortality_u5,57.7,UN IGME (via World Bank API),2026-09-02
KIR,Kiribati,2009,mortality_u5,58.2,UN IGME (via World Bank API),2026-09-02
KIR,Kiribati,2008,mortality_u5,58.7,UN IGME (via World Bank API),2026-09-02
KIR,Kiribati,2007,mortality_u5,59.2,UN IGME (via World Bank API),2026-09-02
KIR,Kiribati,2006,mortality_u5,59.7,UN IGME (via World Bank API),2026-09-02
KIR,Kiribati,2005,mortality_u5,60.1,UN IGME (via World Bank API),2026-09-02
KIR,Kiribati,2004,mortality_u5,60.7,UN IGME (via World Bank API),2026-09-02
KIR,Kiribati,2003,mortality_u5,61.4,UN IGME (via World Bank API),2026-09-02
KIR,Kiribati,2002,mortality_u5,62.5,UN IGME (via World Bank API),2026-09-02
KIR,Kiribati,2001,mortality_u5,64.1,UN IGME (via World Bank API),2026-09-02
KIR,Kiribati,2000,mortality_u5,65.8,UN IGME (via World Bank API),2026-09-02
PRK,"Korea, Dem. People's Rep.",2023,mortality_u5,18.0,UN IGME (via World Bank API),2026-09-02
PRK,"Korea, Dem. People's Rep.",2022,mortality_u5,17.7,UN IGME (via World Bank API),2026-09-02
PRK,"Korea, Dem. People's Rep.",2021,mortality_u5,17.4,UN IGME (via World Bank API),2026-09-02
PRK,"Korea, Dem. People's Rep.",2020,mortality_u5,17.4,UN IGME (via World Bank API),2026-09-02
PRK,"Korea, Dem. People's Rep.",2019,mortality_u5,17.7,UN IGME (via World Bank API),2026-09-02
PRK,"Korea, Dem. People's Rep.",2018,mortality_u5,18.4,UN IGME (via World Bank API),2026-09-02
PRK,"Korea, Dem. People's Rep.",2017,mortality_u5,19.1,UN IGME (via World Bank API),2026-09-02
PRK,"Korea, Dem. People's Rep.",2016,mortality_u5,20.6,UN IGME (via World Bank API),2026-09-02
PRK,"Korea, Dem. People's Rep.",2015,mortality_u5,21.4,UN IGME (via World Bank API),2026-09-02
PRK,"Korea, Dem. People's Rep.",2014,mortality_u5,22.6,UN IGME (via World Bank API),2026-09-02
PRK,"Korea, Dem. People's Rep.",2013,mortality_u5,24.1,UN IGME (via World Bank API),2026-09-02
PRK,"Korea, Dem. People's Rep.",2012,mortality_u5,25.7,UN IGME (via World Bank API),2026-09-02
PRK,"Korea, Dem. People's Rep.",2011,mortality_u5,27.2,UN IGME (via World Bank API),2026-09-02
PRK,"Korea, Dem. People's Rep.",2010,mortality_u5,28.7,UN IGME (via World Bank API),2026-09-02
PRK,"Korea, Dem. People's Rep.",2009,mortality_u5,30.0,UN IGME (via World Bank API),2026-09-02
PRK,"Korea, Dem. People's Rep.",2008,mortality_u5,31.0,UN IGME (via World Bank API),2026-09-02
PRK,"Korea, Dem. People's Rep.",2007,mortality_u5,32.4,UN IGME (via World Bank API),2026-09-02
PRK,"Korea, Dem. People's Rep.",2006,mortality_u5,32.8,UN IGME (via World Bank API),2026-09-02
PRK,"Korea, Dem. People's Rep.",2005,mortality_u5,33.3,UN IGME (via World Bank API),2026-09-02
PRK,"Korea, Dem. People's Rep.",2004,mortality_u5,33.8,UN IGME (via World Bank API),2026-09-02
PRK,"Korea, Dem. People's Rep.",2003,mortality_u5,34.5,UN IGME (via World Bank API),2026-09-02
PRK,"Korea, Dem. People's Rep.",2002,mortality_u5,97.8,UN IGME (via World Bank API),2026-09-02
PRK,"Korea, Dem. People's Rep.",2001,mortality_u5,99.0,UN IGME (via World Bank API),2026-09-02
PRK,"Korea, Dem. People's Rep.",2000,mortality_u5,100.2,UN IGME (via World Bank API),2026-09-02
KOR,"Korea, Rep.",2023,mortality_u5,2.9,UN IGME (via World Bank API),2026-09-02
KOR,"Korea, Rep.",2022,mortality_u5,2.9,UN IGME (via World Bank API),2026-09-02
KOR,"Korea, Rep.",2021,mortality_u5,3.0,UN IGME (via World Bank API),2026-09-02
KOR,"Korea, Rep.",2020,mortality_u5,3.1,UN IGME (via World Bank API),2026-09-02
KOR,"Korea, Rep.",2019,mortality_u5,3.1,UN IGME (via World Bank API),2026-09-02
KOR,"Korea, Rep.",2018,mortality_u5,3.2,UN IGME (via World Bank API),2026-09-02
KOR,"Korea, Rep.",2017,mortality_u5,3.3,UN IGME (via World Bank API),2026-09-02
KOR,"Korea, Rep.",2016,mortality_u5,3.4,UN IGME (via World Bank API),2026-09-02
KOR,"Korea, Rep.",2015,mortality_u5,3.5,UN IGME (via World Bank API),2026-09-02
KOR,"Korea, Rep.",2014,mortality_u5,3.6,UN IGME (via World Bank API),2026-09-02
KOR,"Korea, Rep.",2013,mortality_u5,3.7,UN IGME (via World Bank API),2026-09-02
KOR,"Korea, Rep.",2012,mortality_u5,3.8,UN IGME (via World Bank API),2026-09-02
KOR,"Korea, Rep.",2011,mortality_u5,4.0,UN IGME (via World Bank API),2026-09-02
KOR,"Korea, Rep.",2010,mortality_u5,4.1,UN IGME (via World Bank API),2026-09-02
KOR,"Korea, Rep.",2009,mortality_u5,4.3,UN IGME (via World Bank API),2026-09-02
KOR,"Korea, Rep.",2008,mortality_u5,4.5,UN IGME (via World Bank API),2026-09-02
KOR,"Korea, Rep.",2007,mortality_u5,4.8,UN IGME (via World Bank API),2026-09-02
KOR,"Korea, Rep.",2006,mortality_u5,5.2,UN IGME (via World Bank API),2026-09-02
KOR,"Korea, Rep.",2005,mortality_u5,5.6,UN IGME (via World Bank API),2026-09-02
KOR,"Korea, Rep.",2004,mortality_u5,6.0,UN IGME (via World Bank API),2026-09-02
KOR,"Korea, Rep.",2003,mortality_u5,6.4,UN IGME (via World Bank API),2026-09-02
KOR,"Korea, Rep.",2002,mortality_u5,6.8,UN IGME (via World Bank API),2026-09-02
KOR,"Korea, Rep.",2001,mortality_u5,7.2,UN IGME (via World Bank API),2026-09-02
KOR,"Korea, Rep.",2000,mortality_u5,7.6,UN IGME (via World Bank API),2026-09-02
XKX,Kosovo,2023,mortality_u5,9.1,UN IGME (via World Bank API),2026-09-02
XKX,Kosovo,2022,mortality_u5,9.5,UN IGME (via World Bank API),2026-09-02
XKX,Kosovo,2021,mortality_u5,10.0,UN IGME (via World Bank API),2026-09-02
XKX,Kosovo,2020,mortality_u5,10.5,UN IGME (via World Bank API),2026-09-02
XKX,Kosovo,2019,mortality_u5,11.2,UN IGME (via World Bank API),2026-09-02
XKX,Kosovo,2018,mortality_u5,11.9,UN IGME (via World Bank API),2026-09-02
XKX,Kosovo,2017,mortality_u5,12.6,UN IGME (via World Bank API),2026-09-02
XKX,Kosovo,2016,mortality_u5,13.4,UN IGME (via World Bank API),2026-09-02
XKX,Kosovo,2015,mortality_u5,14.3,UN IGME (via World Bank API),2026-09-02
XKX,Kosovo,2014,mortality_u5,15.2,UN IGME (via World Bank API),2026-09-02
XKX,Kosovo,2013,mortality_u5,16.3,UN IGME (via World Bank API),2026-09-02
XKX,Kosovo,2012,mortality_u5,17.4,UN IGME (via World Bank API),2026-09-02
XKX,Kosovo,2011,mortality_u5,18.7,UN IGME (via World Bank API),2026-09-02
XKX,Kosovo,2010,mortality_u5,20.1,UN IGME (via World Bank API),2026-09-02
XKX,Kosovo,2009,mortality_u5,21.7,UN IGME (via World Bank API),2026-09-02
XKX,Kosovo,2008,mortality_u5,23.6,UN IGME (via World Bank API),2026-09-02
XKX,Kosovo,2007,mortality_u5,25.7,UN IGME (via World Bank API),2026-09-02
XKX,Kosovo,2006,mortality_u5,28.0,UN IGME (via World Bank API),2026-09-02
XKX,Kosovo,2005,mortality_u5,30.6,UN IGME (via World Bank API),2026-09-02
XKX,Kosovo,2004,mortality_u5,33.5,UN IGME (via World Bank API),2026-09-02
XKX,Kosovo,2003,mortality_u5,36.7,UN IGME (via World Bank API),2026-09-02
XKX,Kosovo,2002,mortality_u5,40.3,UN IGME (via World Bank API),2026-09-02
XKX,Kosovo,2001,mortality_u5,44.2,UN IGME (via World Bank API),2026-09-02
XKX,Kosovo,2000,mortality_u5,48.4,UN IGME (via World Bank API),2026-09-02
KWT,Kuwait,2023,mortality_u5,8.4,UN IGME (via World Bank API),2026-09-02
KWT,Kuwait,2022,mortality_u5,8.6,UN IGME (via World Bank API),2026-09-02
KWT,Kuwait,2021,mortality_u5,8.7,UN IGME (via World Bank API),2026-09-02
KWT,Kuwait,2020,mortality_u5,8.8,UN IGME (via World Bank API),2026-09-02
KWT,Kuwait,2019,mortality_u5,8.9,UN IGME (via World Bank API),2026-09-02
KWT,Kuwait,2018,mortality_u5,8.9,UN IGME (via World Bank API),2026-09-02
KWT,Kuwait,2017,mortality_u5,8.9,UN IGME (via World Bank API),2026-09-02
KWT,Kuwait,2016,mortality_u5,9.0,UN IGME (via World Bank API),2026-09-02
KWT,Kuwait,2015,mortality_u5,9.1,UN IGME (via World Bank API),2026-09-02
KWT,Kuwait,2014,mortality_u5,9.3,UN IGME (via World Bank API),2026-09-02
KWT,Kuwait,2013,mortality_u5,9.6,UN IGME (via World Bank API),2026-09-02
KWT,Kuwait,2012,mortality_u5,10.0,UN IGME (via World Bank API),2026-09-02
KWT,Kuwait,2011,mortality_u5,10.3,UN IGME (via World Bank API),2026-09-02
KWT,Kuwait,2010,mortality_u5,10.7,UN IGME (via World Bank API),2026-09-02
KWT,Kuwait,2009,mortality_u5,11.0,UN IGME (via World Bank API),2026-09-02
KWT,Kuwait,2008,mortality_u5,11.2,UN IGME (via World Bank API),2026-09-02
KWT,Kuwait,2007,mortality_u5,11.4,UN IGME (via World Bank API),2026-09-02
KWT,Kuwait,2006,mortality_u5,11.6,UN IGME (via World Bank API),2026-09-02
KWT,Kuwait,2005,mortality_u5,11.8,UN IGME (via World Bank API),2026-09-02
KWT,Kuwait,2004,mortality_u5,12.0,UN IGME (via World Bank API),2026-09-02
KWT,Kuwait,2003,mortality_u5,12.2,UN IGME (via World Bank API),2026-09-02
KWT,Kuwait,2002,mortality_u5,12.3,UN IGME (via World Bank API),2026-09-02
KWT,Kuwait,2001,mortality_u5,12.5,UN IGME (via World Bank API),2026-09-02
KWT,Kuwait,2000,mortality_u5,12.7,UN IGME (via World Bank API),2026-09-02
KGZ,Kyrgyz Republic,2023,mortality_u5,17.0,UN IGME (via World Bank API),2026-09-02
KGZ,Kyrgyz Republic,2022,mortality_u5,17.3,UN IGME (via World Bank API),2026-09-02
KGZ,Kyrgyz Republic,2021,mortality_u5,17.5,UN IGME (via World Bank API),2026-09-02
KGZ,Kyrgyz Republic,2020,mortality_u5,17.8,UN IGME (via World Bank API),2026-09-02
KGZ,Kyrgyz Republic,2019,mortality_u5,18.3,UN IGME (via World Bank API),2026-09-02
KGZ,Kyrgyz Republic,2018,mortality_u5,19.0,UN IGME (via World Bank API),2026-09-02
KGZ,Kyrgyz Republic,2017,mortality_u5,20.0,UN IGME (via World Bank API),2026-09-02
KGZ,Kyrgyz Republic,2016,mortality_u5,21.1,UN IGME (via World Bank API),2026-09-02
KGZ,Kyrgyz Republic,2015,mortality_u5,22.3,UN IGME (via World Bank API),2026-09-02
KGZ,Kyrgyz Republic,2014,mortality_u5,23.5,UN IGME (via World Bank API),2026-09-02
KGZ,Kyrgyz Republic,2013,mortality_u5,24.7,UN IGME (via World Bank API),2026-09-02
KGZ,Kyrgyz Republic,2012,mortality_u5,26.0,UN IGME (via World Bank API),2026-09-02
KGZ,Kyrgyz Republic,2011,mortality_u5,27.6,UN IGME (via World Bank API),2026-09-02
KGZ,Kyrgyz Republic,2010,mortality_u5,29.5,UN IGME (via World Bank API),2026-09-02
KGZ,Kyrgyz Republic,2009,mortality_u5,31.6,UN IGME (via World Bank API),2026-09-02
KGZ,Kyrgyz Republic,2008,mortality_u5,33.8,UN IGME (via World Bank API),2026-09-02
KGZ,Kyrgyz Republic,2007,mortality_u5,35.9,UN IGME (via World Bank API),2026-09-02
KGZ,Kyrgyz Republic,2006,mortality_u5,37.6,UN IGME (via World Bank API),2026-09-02
KGZ,Kyrgyz Republic,2005,mortality_u5,39.2,UN IGME (via World Bank API),2026-09-02
KGZ,Kyrgyz Republic,2004,mortality_u5,40.9,UN IGME (via World Bank API),2026-09-02
KGZ,Kyrgyz Republic,2003,mortality_u5,43.0,UN IGME (via World Bank API),2026-09-02
KGZ,Kyrgyz Republic,2002,mortality_u5,45.5,UN IGME (via World Bank API),2026-09-02
KGZ,Kyrgyz Republic,2001,mortality_u5,48.1,UN IGME (via World Bank API),2026-09-02
KGZ,Kyrgyz Republic,2000,mortality_u5,50.8,UN IGME (via World Bank API),2026-09-02
LAO,Lao PDR,2023,mortality_u5,30.5,UN IGME (via World Bank API),2026-09-02
LAO,Lao PDR,2022,mortality_u5,31.8,UN IGME (via World Bank API),2026-09-02
LAO,Lao PDR,2021,mortality_u5,33.2,UN IGME (via World Bank API),2026-09-02
LAO,Lao PDR,2020,mortality_u5,34.8,UN IGME (via World Bank API),2026-09-02
LAO,Lao PDR,2019,mortality_u5,36.5,UN IGME (via World Bank API),2026-09-02
LAO,Lao PDR,2018,mortality_u5,38.3,UN IGME (via World Bank API),2026-09-02
LAO,Lao PDR,2017,mortality_u5,40.2,UN IGME (via World Bank API),2026-09-02
LAO,Lao PDR,2016,mortality_u5,42.2,UN IGME (via World Bank API),2026-09-02
LAO,Lao PDR,2015,mortality_u5,44.4,UN IGME (via World Bank API),2026-09-02
LAO,Lao PDR,2014,mortality_u5,46.8,UN IGME (via World Bank API),2026-09-02
LAO,Lao PDR,2013,mortality_u5,49.4,UN IGME (via World Bank API),2026-09-02
LAO,Lao PDR,2012,mortality_u5,52.1,UN IGME (via World Bank API),2026-09-02
LAO,Lao PDR,2011,mortality_u5,55.1,UN IGME (via World Bank API),2026-09-02
LAO,Lao PDR,2010,mortality_u5,58.4,UN IGME (via World Bank API),2026-09-02
LAO,Lao PDR,2009,mortality_u5,61.8,UN IGME (via World Bank API),2026-09-02
LAO,Lao PDR,2008,mortality_u5,65.5,UN IGME (via World Bank API),2026-09-02
LAO,Lao PDR,2007,mortality_u5,69.5,UN IGME (via World Bank API),2026-09-02
LAO,Lao PDR,2006,mortality_u5,73.5,UN IGME (via World Bank API),2026-09-02
LAO,Lao PDR,2005,mortality_u5,77.7,UN IGME (via World Bank API),2026-09-02
LAO,Lao PDR,2004,mortality_u5,82.1,UN IGME (via World Bank API),2026-09-02
LAO,Lao PDR,2003,mortality_u5,86.6,UN IGME (via World Bank API),2026-09-02
LAO,Lao PDR,2002,mortality_u5,91.1,UN IGME (via World Bank API),2026-09-02
LAO,Lao PDR,2001,mortality_u5,95.6,UN IGME (via World Bank API),2026-09-02
LAO,Lao PDR,2000,mortality_u5,100.1,UN IGME (via World Bank API),2026-09-02
LVA,Latvia,2023,mortality_u5,2.8,UN IGME (via World Bank API),2026-09-02
LVA,Latvia,2022,mortality_u5,3.0,UN IGME (via World Bank API),2026-09-02
LVA,Latvia,2021,mortality_u5,3.3,UN IGME (via World Bank API),2026-09-02
LVA,Latvia,2020,mortality_u5,3.6,UN IGME (via World Bank API),2026-09-02
LVA,Latvia,2019,mortality_u5,3.9,UN IGME (via World Bank API),2026-09-02
LVA,Latvia,2018,mortality_u5,4.2,UN IGME (via World Bank API),2026-09-02
LVA,Latvia,2017,mortality_u5,4.5,UN IGME (via World Bank API),2026-09-02
LVA,Latvia,2016,mortality_u5,4.8,UN IGME (via World Bank API),2026-09-02
LVA,Latvia,2015,mortality_u5,5.1,UN IGME (via World Bank API),2026-09-02
LVA,Latvia,2014,mortality_u5,5.6,UN IGME (via World Bank API),2026-09-02
LVA,Latvia,2013,mortality_u5,6.1,UN IGME (via World Bank API),2026-09-02
LVA,Latvia,2012,mortality_u5,6.6,UN IGME (via World Bank API),2026-09-02
LVA,Latvia,2011,mortality_u5,7.2,UN IGME (via World Bank API),2026-09-02
LVA,Latvia,2010,mortality_u5,7.7,UN IGME (via World Bank API),2026-09-02
LVA,Latvia,2009,mortality_u5,8.3,UN IGME (via World Bank API),2026-09-02
LVA,Latvia,2008,mortality_u5,8.8,UN IGME (via World Bank API),2026-09-02
LVA,Latvia,2007,mortality_u5,9.3,UN IGME (via World Bank API),2026-09-02
LVA,Latvia,2006,mortality_u5,9.9,UN IGME (via World Bank API),2026-09-02
LVA,Latvia,2005,mortality_u5,10.5,UN IGME (via World Bank API),2026-09-02
LVA,Latvia,2004,mortality_u5,11.1,UN IGME (via World Bank API),2026-09-02
LVA,Latvia,2003,mortality_u5,11.9,UN IGME (via World Bank API),2026-09-02
LVA,Latvia,2002,mortality_u5,12.6,UN IGME (via World Bank API),2026-09-02
LVA,Latvia,2001,mortality_u5,13.4,UN IGME (via World Bank API),2026-09-02
LVA,Latvia,2000,mortality_u5,14.3,UN IGME (via World Bank API),2026-09-02
LBN,Lebanon,2023,mortality_u5,17.0,UN IGME (via World Bank API),2026-09-02
LBN,Lebanon,2022,mortality_u5,16.3,UN IGME (via World Bank API),2026-09-02
LBN,Lebanon,2021,mortality_u5,15.7,UN IGME (via World Bank API),2026-09-02
LBN,Lebanon,2020,mortality_u5,15.1,UN IGME (via World Bank API),2026-09-02
LBN,Lebanon,2019,mortality_u5,14.5,UN IGME (via World Bank API),2026-09-02
LBN,Lebanon,2018,mortality_u5,14.0,UN IGME (via World Bank API),2026-09-02
LBN,Lebanon,2017,mortality_u5,13.5,UN IGME (via World Bank API),2026-09-02
LBN,Lebanon,2016,mortality_u5,13.2,UN IGME (via World Bank API),2026-09-02
LBN,Lebanon,2015,mortality_u5,12.9,UN IGME (via World Bank API),2026-09-02
LBN,Lebanon,2014,mortality_u5,12.8,UN IGME (via World Bank API),2026-09-02
LBN,Lebanon,2013,mortality_u5,12.7,UN IGME (via World Bank API),2026-09-02
LBN,Lebanon,2012,mortality_u5,12.7,UN IGME (via World Bank API),2026-09-02
LBN,Lebanon,2011,mortality_u5,12.8,UN IGME (via World Bank API),2026-09-02
LBN,Lebanon,2010,mortality_u5,13.0,UN IGME (via World Bank API),2026-09-02
LBN,Lebanon,2009,mortality_u5,13.2,UN IGME (via World Bank API),2026-09-02
LBN,Lebanon,2008,mortality_u5,13.6,UN IGME (via World Bank API),2026-09-02
LBN,Lebanon,2007,mortality_u5,14.1,UN IGME (via World Bank API),2026-09-02
LBN,Lebanon,2006,mortality_u5,14.6,UN IGME (via World Bank API),2026-09-02
LBN,Lebanon,2005,mortality_u5,15.3,UN IGME (via World Bank API),2026-09-02
LBN,Lebanon,2004,mortality_u5,16.1,UN IGME (via World Bank API),2026-09-02
LBN,Lebanon,2003,mortality_u5,17.0,UN IGME (via World Bank API),2026-09-02
LBN,Lebanon,2002,mortality_u5,18.0,UN IGME (via World Bank API),2026-09-02
LBN,Lebanon,2001,mortality_u5,18.9,UN IGME (via World Bank API),2026-09-02
LBN,Lebanon,2000,mortality_u5,20.0,UN IGME (via World Bank API),2026-09-02
LSO,Lesotho,2023,mortality_u5,61.3,UN IGME (via World Bank API),2026-09-02
LSO,Lesotho,2022,mortality_u5,62.0,UN IGME (via World Bank API),2026-09-02
LSO,Lesotho,2021,mortality_u5,64.0,UN IGME (via World Bank API),2026-09-02
LSO,Lesotho,2020,mortality_u5,66.3,UN IGME (via World Bank API),2026-09-02
LSO,Lesotho,2019,mortality_u5,68.1,UN IGME (via World Bank API),2026-09-02
LSO,Lesotho,2018,mortality_u5,68.8,UN IGME (via World Bank API),2026-09-02
LSO,Lesotho,2017,mortality_u5,70.1,UN IGME (via World Bank API),2026-09-02
LSO,Lesotho,2016,mortality_u5,71.4,UN IGME (via World Bank API),2026-09-02
LSO,Lesotho,2015,mortality_u5,75.1,UN IGME (via World Bank API),2026-09-02
LSO,Lesotho,2014,mortality_u5,77.6,UN IGME (via World Bank API),2026-09-02
LSO,Lesotho,2013,mortality_u5,79.3,UN IGME (via World Bank API),2026-09-02
LSO,Lesotho,2012,mortality_u5,81.4,UN IGME (via World Bank API),2026-09-02
LSO,Lesotho,2011,mortality_u5,85.2,UN IGME (via World Bank API),2026-09-02
LSO,Lesotho,2010,mortality_u5,90.9,UN IGME (via World Bank API),2026-09-02
LSO,Lesotho,2009,mortality_u5,99.1,UN IGME (via World Bank API),2026-09-02
LSO,Lesotho,2008,mortality_u5,111.6,UN IGME (via World Bank API),2026-09-02
LSO,Lesotho,2007,mortality_u5,111.9,UN IGME (via World Bank API),2026-09-02
LSO,Lesotho,2006,mortality_u5,114.7,UN IGME (via World Bank API),2026-09-02
LSO,Lesotho,2005,mortality_u5,114.6,UN IGME (via World Bank API),2026-09-02
LSO,Lesotho,2004,mortality_u5,113.9,UN IGME (via World Bank API),2026-09-02
LSO,Lesotho,2003,mortality_u5,113.2,UN IGME (via World Bank API),2026-09-02
LSO,Lesotho,2002,mortality_u5,112.1,UN IGME (via World Bank API),2026-09-02
LSO,Lesotho,2001,mortality_u5,110.3,UN IGME (via World Bank API),2026-09-02
LSO,Lesotho,2000,mortality_u5,108.3,UN IGME (via World Bank API),2026-09-02
LBR,Liberia,2023,mortality_u5,87.3,UN IGME (via World Bank API),2026-09-02
LBR,Liberia,2022,mortality_u5,87.8,UN IGME (via World Bank API),2026-09-02
LBR,Liberia,2021,mortality_u5,88.0,UN IGME (via World Bank API),2026-09-02
LBR,Liberia,2020,mortality_u5,88.3,UN IGME (via World Bank API),2026-09-02
LBR,Liberia,2019,mortality_u5,88.7,UN IGME (via World Bank API),2026-09-02
LBR,Liberia,2018,mortality_u5,89.4,UN IGME (via World Bank API),2026-09-02
LBR,Liberia,2017,mortality_u5,90.3,UN IGME (via World Bank API),2026-09-02
LBR,Liberia,2016,mortality_u5,91.5,UN IGME (via World Bank API),2026-09-02
LBR,Liberia,2015,mortality_u5,93.2,UN IGME (via World Bank API),2026-09-02
LBR,Liberia,2014,mortality_u5,97.0,UN IGME (via World Bank API),2026-09-02
LBR,Liberia,2013,mortality_u5,97.0,UN IGME (via World Bank API),2026-09-02
LBR,Liberia,2012,mortality_u5,99.5,UN IGME (via World Bank API),2026-09-02
LBR,Liberia,2011,mortality_u5,102.4,UN IGME (via World Bank API),2026-09-02
LBR,Liberia,2010,mortality_u5,105.7,UN IGME (via World Bank API),2026-09-02
LBR,Liberia,2009,mortality_u5,109.5,UN IGME (via World Bank API),2026-09-02
LBR,Liberia,2008,mortality_u5,114.0,UN IGME (via World Bank API),2026-09-02
LBR,Liberia,2007,mortality_u5,119.6,UN IGME (via World Bank API),2026-09-02
LBR,Liberia,2006,mortality_u5,126.5,UN IGME (via World Bank API),2026-09-02
LBR,Liberia,2005,mortality_u5,134.9,UN IGME (via World Bank API),2026-09-02
LBR,Liberia,2004,mortality_u5,144.8,UN IGME (via World Bank API),2026-09-02
LBR,Liberia,2003,mortality_u5,156.2,UN IGME (via World Bank API),2026-09-02
LBR,Liberia,2002,mortality_u5,168.6,UN IGME (via World Bank API),2026-09-02
LBR,Liberia,2001,mortality_u5,181.7,UN IGME (via World Bank API),2026-09-02
LBR,Liberia,2000,mortality_u5,194.9,UN IGME (via World Bank API),2026-09-02
LBY,Libya,2023,mortality_u5,31.7,UN IGME (via World Bank API),2026-09-02
LBY,Libya,2022,mortality_u5,10.4,UN IGME (via World Bank API),2026-09-02
LBY,Libya,2021,mortality_u5,10.8,UN IGME (via World Bank API),2026-09-02
LBY,Libya,2020,mortality_u5,11.2,UN IGME (via World Bank API),2026-09-02
LBY,Libya,2019,mortality_u5,11.6,UN IGME (via World Bank API),2026-09-02
LBY,Libya,2018,mortality_u5,11.9,UN IGME (via World Bank API),2026-09-02
LBY,Libya,2017,mortality_u5,12.4,UN IGME (via World Bank API),2026-09-02
LBY,Libya,2016,mortality_u5,12.8,UN IGME (via World Bank API),2026-09-02
LBY,Libya,2015,mortality_u5,13.3,UN IGME (via World Bank API),2026-09-02
LBY,Libya,2014,mortality_u5,13.8,UN IGME (via World Bank API),2026-09-02
LBY,Libya,2013,mortality_u5,14.4,UN IGME (via World Bank API),2026-09-02
LBY,Libya,2012,mortality_u5,15.0,UN IGME (via World Bank API),2026-09-02
LBY,Libya,2011,mortality_u5,19.6,UN IGME (via World Bank API),2026-09-02
LBY,Libya,2010,mortality_u5,16.6,UN IGME (via World Bank API),2026-09-02
LBY,Libya,2009,mortality_u5,17.6,UN IGME (via World Bank API),2026-09-02
LBY,Libya,2008,mortality_u5,18.8,UN IGME (via World Bank API),2026-09-02
LBY,Libya,2007,mortality_u5,20.2,UN IGME (via World Bank API),2026-09-02
LBY,Libya,2006,mortality_u5,21.7,UN IGME (via World Bank API),2026-09-02
LBY,Libya,2005,mortality_u5,23.1,UN IGME (via World Bank API),2026-09-02
LBY,Libya,2004,mortality_u5,24.4,UN IGME (via World Bank API),2026-09-02
LBY,Libya,2003,mortality_u5,25.5,UN IGME (via World Bank API),2026-09-02
LBY,Libya,2002,mortality_u5,26.5,UN IGME (via World Bank API),2026-09-02
LBY,Libya,2001,mortality_u5,27.3,UN IGME (via World Bank API),2026-09-02
LBY,Libya,2000,mortality_u5,28.1,UN IGME (via World Bank API),2026-09-02
LTU,Lithuania,2023,mortality_u5,3.4,UN IGME (via World Bank API),2026-09-02
LTU,Lithuania,2022,mortality_u5,3.5,UN IGME (via World Bank API),2026-09-02
LTU,Lithuania,2021,mortality_u5,3.6,UN IGME (via World Bank API),2026-09-02
LTU,Lithuania,2020,mortality_u5,3.7,UN IGME (via World Bank API),2026-09-02
LTU,Lithuania,2019,mortality_u5,3.9,UN IGME (via World Bank API),2026-09-02
LTU,Lithuania,2018,mortality_u5,4.2,UN IGME (via World Bank API),2026-09-02
LTU,Lithuania,2017,mortality_u5,4.5,UN IGME (via World Bank API),2026-09-02
LTU,Lithuania,2016,mortality_u5,4.8,UN IGME (via World Bank API),2026-09-02
LTU,Lithuania,2015,mortality_u5,5.0,UN IGME (via World Bank API),2026-09-02
LTU,Lithuania,2014,mortality_u5,5.1,UN IGME (via World Bank API),2026-09-02
LTU,Lithuania,2013,mortality_u5,5.1,UN IGME (via World Bank API),2026-09-02
LTU,Lithuania,2012,mortality_u5,5.3,UN IGME (via World Bank API),2026-09-02
LTU,Lithuania,2011,mortality_u5,5.6,UN IGME (via World Bank API),2026-09-02
LTU,Lithuania,2010,mortality_u5,6.1,UN IGME (via World Bank API),2026-09-02
LTU,Lithuania,2009,mortality_u5,6.7,UN IGME (via World Bank API),2026-09-02
LTU,Lithuania,2008,mortality_u5,7.3,UN IGME (via World Bank API),2026-09-02
LTU,Lithuania,2007,mortality_u5,8.0,UN IGME (via World Bank API),2026-09-02
LTU,Lithuania,2006,mortality_u5,8.6,UN IGME (via World Bank API),2026-09-02
LTU,Lithuania,2005,mortality_u5,9.0,UN IGME (via World Bank API),2026-09-02
LTU,Lithuania,2004,mortality_u5,9.3,UN IGME (via World Bank API),2026-09-02
LTU,Lithuania,2003,mortality_u5,9.6,UN IGME (via World Bank API),2026-09-02
LTU,Lithuania,2002,mortality_u5,9.9,UN IGME (via World Bank API),2026-09-02
LTU,Lithuania,2001,mortality_u5,10.3,UN IGME (via World Bank API),2026-09-02
LTU,Lithuania,2000,mortality_u5,10.7,UN IGME (via World Bank API),2026-09-02
LUX,Luxembourg,2023,mortality_u5,2.2,UN IGME (via World Bank API),2026-09-02
LUX,Luxembourg,2022,mortality_u5,2.3,UN IGME (via World Bank API),2026-09-02
LUX,Luxembourg,2021,mortality_u5,2.3,UN IGME (via World Bank API),2026-09-02
LUX,Luxembourg,2020,mortality_u5,2.4,UN IGME (via World Bank API),2026-09-02
LUX,Luxembourg,2019,mortality_u5,2.4,UN IGME (via World Bank API),2026-09-02
LUX,Luxembourg,2018,mortality_u5,2.4,UN IGME (via World Bank API),2026-09-02
LUX,Luxembourg,2017,mortality_u5,2.5,UN IGME (via World Bank API),2026-09-02
LUX,Luxembourg,2016,mortality_u5,2.5,UN IGME (via World Bank API),2026-09-02
LUX,Luxembourg,2015,mortality_u5,2.5,UN IGME (via World Bank API),2026-09-02
LUX,Luxembourg,2014,mortality_u5,2.6,UN IGME (via World Bank API),2026-09-02
LUX,Luxembourg,2013,mortality_u5,2.6,UN IGME (via World Bank API),2026-09-02
LUX,Luxembourg,2012,mortality_u5,2.7,UN IGME (via World Bank API),2026-09-02
LUX,Luxembourg,2011,mortality_u5,2.7,UN IGME (via World Bank API),2026-09-02
LUX,Luxembourg,2010,mortality_u5,2.8,UN IGME (via World Bank API),2026-09-02
LUX,Luxembourg,2009,mortality_u5,2.9,UN IGME (via World Bank API),2026-09-02
LUX,Luxembourg,2008,mortality_u5,3.0,UN IGME (via World Bank API),2026-09-02
LUX,Luxembourg,2007,mortality_u5,3.1,UN IGME (via World Bank API),2026-09-02
LUX,Luxembourg,2006,mortality_u5,3.3,UN IGME (via World Bank API),2026-09-02
LUX,Luxembourg,2005,mortality_u5,3.5,UN IGME (via World Bank API),2026-09-02
LUX,Luxembourg,2004,mortality_u5,3.7,UN IGME (via World Bank API),2026-09-02
LUX,Luxembourg,2003,mortality_u5,3.9,UN IGME (via World Bank API),2026-09-02
LUX,Luxembourg,2002,mortality_u5,4.2,UN IGME (via World Bank API),2026-09-02
LUX,Luxembourg,2001,mortality_u5,4.4,UN IGME (via World Bank API),2026-09-02
LUX,Luxembourg,2000,mortality_u5,4.7,UN IGME (via World Bank API),2026-09-02
MDG,Madagascar,2023,mortality_u5,63.6,UN IGME (via World Bank API),2026-09-02
MDG,Madagascar,2022,mortality_u5,64.5,UN IGME (via World Bank API),2026-09-02
MDG,Madagascar,2021,mortality_u5,65.0,UN IGME (via World Bank API),2026-09-02
MDG,Madagascar,2020,mortality_u5,65.1,UN IGME (via World Bank API),2026-09-02
MDG,Madagascar,2019,mortality_u5,65.0,UN IGME (via World Bank API),2026-09-02
MDG,Madagascar,2018,mortality_u5,64.9,UN IGME (via World Bank API),2026-09-02
MDG,Madagascar,2017,mortality_u5,64.9,UN IGME (via World Bank API),2026-09-02
MDG,Madagascar,2016,mortality_u5,64.9,UN IGME (via World Bank API),2026-09-02
MDG,Madagascar,2015,mortality_u5,65.3,UN IGME (via World Bank API),2026-09-02
MDG,Madagascar,2014,mortality_u5,65.7,UN IGME (via World Bank API),2026-09-02
MDG,Madagascar,2013,mortality_u5,66.4,UN IGME (via World Bank API),2026-09-02
MDG,Madagascar,2012,mortality_u5,67.3,UN IGME (via World Bank API),2026-09-02
MDG,Madagascar,2011,mortality_u5,68.6,UN IGME (via World Bank API),2026-09-02
MDG,Madagascar,2010,mortality_u5,70.3,UN IGME (via World Bank API),2026-09-02
MDG,Madagascar,2009,mortality_u5,72.4,UN IGME (via World Bank API),2026-09-02
MDG,Madagascar,2008,mortality_u5,74.8,UN IGME (via World Bank API),2026-09-02
MDG,Madagascar,2007,mortality_u5,77.6,UN IGME (via World Bank API),2026-09-02
MDG,Madagascar,2006,mortality_u5,80.8,UN IGME (via World Bank API),2026-09-02
MDG,Madagascar,2005,mortality_u5,84.1,UN IGME (via World Bank API),2026-09-02
MDG,Madagascar,2004,mortality_u5,87.8,UN IGME (via World Bank API),2026-09-02
MDG,Madagascar,2003,mortality_u5,91.6,UN IGME (via World Bank API),2026-09-02
MDG,Madagascar,2002,mortality_u5,95.6,UN IGME (via World Bank API),2026-09-02
MDG,Madagascar,2001,mortality_u5,99.8,UN IGME (via World Bank API),2026-09-02
MDG,Madagascar,2000,mortality_u5,104.4,UN IGME (via World Bank API),2026-09-02
MWI,Malawi,2023,mortality_u5,49.6,UN IGME (via World Bank API),2026-09-02
MWI,Malawi,2022,mortality_u5,50.1,UN IGME (via World Bank API),2026-09-02
MWI,Malawi,2021,mortality_u5,50.0,UN IGME (via World Bank API),2026-09-02
MWI,Malawi,2020,mortality_u5,50.4,UN IGME (via World Bank API),2026-09-02
MWI,Malawi,2019,mortality_u5,51.3,UN IGME (via World Bank API),2026-09-02
MWI,Malawi,2018,mortality_u5,52.0,UN IGME (via World Bank API),2026-09-02
MWI,Malawi,2017,mortality_u5,53.8,UN IGME (via World Bank API),2026-09-02
MWI,Malawi,2016,mortality_u5,55.8,UN IGME (via World Bank API),2026-09-02
MWI,Malawi,2015,mortality_u5,57.4,UN IGME (via World Bank API),2026-09-02
MWI,Malawi,2014,mortality_u5,60.0,UN IGME (via World Bank API),2026-09-02
MWI,Malawi,2013,mortality_u5,62.9,UN IGME (via World Bank API),2026-09-02
MWI,Malawi,2012,mortality_u5,67.9,UN IGME (via World Bank API),2026-09-02
MWI,Malawi,2011,mortality_u5,74.0,UN IGME (via World Bank API),2026-09-02
MWI,Malawi,2010,mortality_u5,80.1,UN IGME (via World Bank API),2026-09-02
MWI,Malawi,2009,mortality_u5,85.3,UN IGME (via World Bank API),2026-09-02
MWI,Malawi,2008,mortality_u5,91.0,UN IGME (via World Bank API),2026-09-02
MWI,Malawi,2007,mortality_u5,96.9,UN IGME (via World Bank API),2026-09-02
MWI,Malawi,2006,mortality_u5,102.7,UN IGME (via World Bank API),2026-09-02
MWI,Malawi,2005,mortality_u5,109.7,UN IGME (via World Bank API),2026-09-02
MWI,Malawi,2004,mortality_u5,118.7,UN IGME (via World Bank API),2026-09-02
MWI,Malawi,2003,mortality_u5,130.0,UN IGME (via World Bank API),2026-09-02
MWI,Malawi,2002,mortality_u5,143.2,UN IGME (via World Bank API),2026-09-02
MWI,Malawi,2001,mortality_u5,239.0,UN IGME (via World Bank API),2026-09-02
MWI,Malawi,2000,mortality_u5,171.0,UN IGME (via World Bank API),2026-09-02
MYS,Malaysia,2023,mortality_u5,8.3,UN IGME (via World Bank API),2026-09-02
MYS,Malaysia,2022,mortality_u5,8.2,UN IGME (via World Bank API),2026-09-02
MYS,Malaysia,2021,mortality_u5,8.2,UN IGME (via World Bank API),2026-09-02
MYS,Malaysia,2020,mortality_u5,8.2,UN IGME (via World Bank API),2026-09-02
MYS,Malaysia,2019,mortality_u5,8.2,UN IGME (via World Bank API),2026-09-02
MYS,Malaysia,2018,mortality_u5,8.2,UN IGME (via World Bank API),2026-09-02
MYS,Malaysia,2017,mortality_u5,8.2,UN IGME (via World Bank API),2026-09-02
MYS,Malaysia,2016,mortality_u5,8.2,UN IGME (via World Bank API),2026-09-02
MYS,Malaysia,2015,mortality_u5,8.2,UN IGME (via World Bank API),2026-09-02
MYS,Malaysia,2014,mortality_u5,8.1,UN IGME (via World Bank API),2026-09-02
MYS,Malaysia,2013,mortality_u5,8.0,UN IGME (via World Bank API),2026-09-02
MYS,Malaysia,2012,mortality_u5,8.0,UN IGME (via World Bank API),2026-09-02
MYS,Malaysia,2011,mortality_u5,8.1,UN IGME (via World Bank API),2026-09-02
MYS,Malaysia,2010,mortality_u5,8.1,UN IGME (via World Bank API),2026-09-02
MYS,Malaysia,2009,mortality_u5,8.2,UN IGME (via World Bank API),2026-09-02
MYS,Malaysia,2008,mortality_u5,8.2,UN IGME (via World Bank API),2026-09-02
MYS,Malaysia,2007,mortality_u5,8.3,UN IGME (via World Bank API),2026-09-02
MYS,Malaysia,2006,mortality_u5,8.3,UN IGME (via World Bank API),2026-09-02
MYS,Malaysia,2005,mortality_u5,8.3,UN IGME (via World Bank API),2026-09-02
MYS,Malaysia,2004,mortality_u5,8.4,UN IGME (via World Bank API),2026-09-02
MYS,Malaysia,2003,mortality_u5,8.6,UN IGME (via World Bank API),2026-09-02
MYS,Malaysia,2002,mortality_u5,8.8,UN IGME (via World Bank API),2026-09-02
MYS,Malaysia,2001,mortality_u5,9.3,UN IGME (via World Bank API),2026-09-02
MYS,Malaysia,2000,mortality_u5,9.9,UN IGME (via World Bank API),2026-09-02
MDV,Maldives,2023,mortality_u5,5.7,UN IGME (via World Bank API),2026-09-02
MDV,Maldives,2022,mortality_u5,6.0,UN IGME (via World Bank API),2026-09-02
MDV,Maldives,2021,mortality_u5,6.4,UN IGME (via World Bank API),2026-09-02
MDV,Maldives,2020,mortality_u5,6.9,UN IGME (via World Bank API),2026-09-02
MDV,Maldives,2019,mortality_u5,7.4,UN IGME (via World Bank API),2026-09-02
MDV,Maldives,2018,mortality_u5,8.0,UN IGME (via World Bank API),2026-09-02
MDV,Maldives,2017,mortality_u5,8.6,UN IGME (via World Bank API),2026-09-02
MDV,Maldives,2016,mortality_u5,9.2,UN IGME (via World Bank API),2026-09-02
MDV,Maldives,2015,mortality_u5,9.9,UN IGME (via World Bank API),2026-09-02
MDV,Maldives,2014,mortality_u5,10.6,UN IGME (via World Bank API),2026-09-02
MDV,Maldives,2013,mortality_u5,11.3,UN IGME (via World Bank API),2026-09-02
MDV,Maldives,2012,mortality_u5,12.1,UN IGME (via World Bank API),2026-09-02
MDV,Maldives,2011,mortality_u5,12.9,UN IGME (via World Bank API),2026-09-02
MDV,Maldives,2010,mortality_u5,13.8,UN IGME (via World Bank API),2026-09-02
MDV,Maldives,2009,mortality_u5,14.9,UN IGME (via World Bank API),2026-09-02
MDV,Maldives,2008,mortality_u5,16.1,UN IGME (via World Bank API),2026-09-02
MDV,Maldives,2007,mortality_u5,17.6,UN IGME (via World Bank API),2026-09-02
MDV,Maldives,2006,mortality_u5,19.4,UN IGME (via World Bank API),2026-09-02
MDV,Maldives,2005,mortality_u5,21.6,UN IGME (via World Bank API),2026-09-02
MDV,Maldives,2004,mortality_u5,27.2,UN IGME (via World Bank API),2026-09-02
MDV,Maldives,2003,mortality_u5,27.4,UN IGME (via World Bank API),2026-09-02
MDV,Maldives,2002,mortality_u5,31.1,UN IGME (via World Bank API),2026-09-02
MDV,Maldives,2001,mortality_u5,35.1,UN IGME (via World Bank API),2026-09-02
MDV,Maldives,2000,mortality_u5,39.5,UN IGME (via World Bank API),2026-09-02
MLI,Mali,2023,mortality_u5,76.2,UN IGME (via World Bank API),2026-09-02
MLI,Mali,2022,mortality_u5,79.7,UN IGME (via World Bank API),2026-09-02
MLI,Mali,2021,mortality_u5,83.6,UN IGME (via World Bank API),2026-09-02
MLI,Mali,2020,mortality_u5,87.6,UN IGME (via World Bank API),2026-09-02
MLI,Mali,2019,mortality_u5,91.9,UN IGME (via World Bank API),2026-09-02
MLI,Mali,2018,mortality_u5,96.2,UN IGME (via World Bank API),2026-09-02
MLI,Mali,2017,mortality_u5,100.6,UN IGME (via World Bank API),2026-09-02
MLI,Mali,2016,mortality_u5,105.1,UN IGME (via World Bank API),2026-09-02
MLI,Mali,2015,mortality_u5,109.7,UN IGME (via World Bank API),2026-09-02
MLI,Mali,2014,mortality_u5,114.4,UN IGME (via World Bank API),2026-09-02
MLI,Mali,2013,mortality_u5,119.1,UN IGME (via World Bank API),2026-09-02
MLI,Mali,2012,mortality_u5,123.9,UN IGME (via World Bank API),2026-09-02
MLI,Mali,2011,mortality_u5,128.8,UN IGME (via World Bank API),2026-09-02
MLI,Mali,2010,mortality_u5,133.8,UN IGME (via World Bank API),2026-09-02
MLI,Mali,2009,mortality_u5,138.9,UN IGME (via World Bank API),2026-09-02
MLI,Mali,2008,mortality_u5,144.0,UN IGME (via World Bank API),2026-09-02
MLI,Mali,2007,mortality_u5,149.2,UN IGME (via World Bank API),2026-09-02
MLI,Mali,2006,mortality_u5,154.6,UN IGME (via World Bank API),2026-09-02
MLI,Mali,2005,mortality_u5,160.1,UN IGME (via World Bank API),2026-09-02
MLI,Mali,2004,mortality_u5,165.8,UN IGME (via World Bank API),2026-09-02
MLI,Mali,2003,mortality_u5,171.7,UN IGME (via World Bank API),2026-09-02
MLI,Mali,2002,mortality_u5,177.7,UN IGME (via World Bank API),2026-09-02
MLI,Mali,2001,mortality_u5,183.9,UN IGME (via World Bank API),2026-09-02
MLI,Mali,2000,mortality_u5,189.9,UN IGME (via World Bank API),2026-09-02
MLT,Malta,2023,mortality_u5,5.5,UN IGME (via World Bank API),2026-09-02
MLT,Malta,2022,mortality_u5,5.6,UN IGME (via World Bank API),2026-09-02
MLT,Malta,2021,mortality_u5,5.8,UN IGME (via World Bank API),2026-09-02
MLT,Malta,2020,mortality_u5,6.0,UN IGME (via World Bank API),2026-09-02
MLT,Malta,2019,mortality_u5,6.1,UN IGME (via World Bank API),2026-09-02
MLT,Malta,2018,mortality_u5,6.3,UN IGME (via World Bank API),2026-09-02
MLT,Malta,2017,mortality_u5,6.4,UN IGME (via World Bank API),2026-09-02
MLT,Malta,2016,mortality_u5,6.5,UN IGME (via World Bank API),2026-09-02
MLT,Malta,2015,mortality_u5,6.6,UN IGME (via World Bank API),2026-09-02
MLT,Malta,2014,mortality_u5,6.7,UN IGME (via World Bank API),2026-09-02
MLT,Malta,2013,mortality_u5,6.7,UN IGME (via World Bank API),2026-09-02
MLT,Malta,2012,mortality_u5,6.8,UN IGME (via World Bank API),2026-09-02
MLT,Malta,2011,mortality_u5,6.8,UN IGME (via World Bank API),2026-09-02
MLT,Malta,2010,mortality_u5,6.9,UN IGME (via World Bank API),2026-09-02
MLT,Malta,2009,mortality_u5,6.9,UN IGME (via World Bank API),2026-09-02
MLT,Malta,2008,mortality_u5,6.9,UN IGME (via World Bank API),2026-09-02
MLT,Malta,2007,mortality_u5,6.9,UN IGME (via World Bank API),2026-09-02
MLT,Malta,2006,mortality_u5,6.9,UN IGME (via World Bank API),2026-09-02
MLT,Malta,2005,mortality_u5,6.9,UN IGME (via World Bank API),2026-09-02
MLT,Malta,2004,mortality_u5,7.0,UN IGME (via World Bank API),2026-09-02
MLT,Malta,2003,mortality_u5,7.1,UN IGME (via World Bank API),2026-09-02
MLT,Malta,2002,mortality_u5,7.2,UN IGME (via World Bank API),2026-09-02
MLT,Malta,2001,mortality_u5,7.4,UN IGME (via World Bank API),2026-09-02
MLT,Malta,2000,mortality_u5,7.6,UN IGME (via World Bank API),2026-09-02
MHL,Marshall Islands,2023,mortality_u5,27.6,UN IGME (via World Bank API),2026-09-02
MHL,Marshall Islands,2022,mortality_u5,28.5,UN IGME (via World Bank API),2026-09-02
MHL,Marshall Islands,2021,mortality_u5,29.4,UN IGME (via World Bank API),2026-09-02
MHL,Marshall Islands,2020,mortality_u5,30.3,UN IGME (via World Bank API),2026-09-02
MHL,Marshall Islands,2019,mortality_u5,31.2,UN IGME (via World Bank API),2026-09-02
MHL,Marshall Islands,2018,mortality_u5,32.2,UN IGME (via World Bank API),2026-09-02
MHL,Marshall Islands,2017,mortality_u5,33.2,UN IGME (via World Bank API),2026-09-02
MHL,Marshall Islands,2016,mortality_u5,34.2,UN IGME (via World Bank API),2026-09-02
MHL,Marshall Islands,2015,mortality_u5,35.2,UN IGME (via World Bank API),2026-09-02
MHL,Marshall Islands,2014,mortality_u5,36.1,UN IGME (via World Bank API),2026-09-02
MHL,Marshall Islands,2013,mortality_u5,37.0,UN IGME (via World Bank API),2026-09-02
MHL,Marshall Islands,2012,mortality_u5,37.8,UN IGME (via World Bank API),2026-09-02
MHL,Marshall Islands,2011,mortality_u5,38.4,UN IGME (via World Bank API),2026-09-02
MHL,Marshall Islands,2010,mortality_u5,39.0,UN IGME (via World Bank API),2026-09-02
MHL,Marshall Islands,2009,mortality_u5,39.5,UN IGME (via World Bank API),2026-09-02
MHL,Marshall Islands,2008,mortality_u5,40.0,UN IGME (via World Bank API),2026-09-02
MHL,Marshall Islands,2007,mortality_u5,40.4,UN IGME (via World Bank API),2026-09-02
MHL,Marshall Islands,2006,mortality_u5,40.9,UN IGME (via World Bank API),2026-09-02
MHL,Marshall Islands,2005,mortality_u5,41.3,UN IGME (via World Bank API),2026-09-02
MHL,Marshall Islands,2004,mortality_u5,41.8,UN IGME (via World Bank API),2026-09-02
MHL,Marshall Islands,2003,mortality_u5,42.2,UN IGME (via World Bank API),2026-09-02
MHL,Marshall Islands,2002,mortality_u5,42.5,UN IGME (via World Bank API),2026-09-02
MHL,Marshall Islands,2001,mortality_u5,42.7,UN IGME (via World Bank API),2026-09-02
MHL,Marshall Islands,2000,mortality_u5,42.7,UN IGME (via World Bank API),2026-09-02
MRT,Mauritania,2023,mortality_u5,38.1,UN IGME (via World Bank API),2026-09-02
MRT,Mauritania,2022,mortality_u5,39.4,UN IGME (via World Bank API),2026-09-02
MRT,Mauritania,2021,mortality_u5,40.7,UN IGME (via World Bank API),2026-09-02
MRT,Mauritania,2020,mortality_u5,42.0,UN IGME (via World Bank API),2026-09-02
MRT,Mauritania,2019,mortality_u5,43.4,UN IGME (via World Bank API),2026-09-02
MRT,Mauritania,2018,mortality_u5,44.7,UN IGME (via World Bank API),2026-09-02
MRT,Mauritania,2017,mortality_u5,46.2,UN IGME (via World Bank API),2026-09-02
MRT,Mauritania,2016,mortality_u5,47.7,UN IGME (via World Bank API),2026-09-02
MRT,Mauritania,2015,mortality_u5,49.1,UN IGME (via World Bank API),2026-09-02
MRT,Mauritania,2014,mortality_u5,50.6,UN IGME (via World Bank API),2026-09-02
MRT,Mauritania,2013,mortality_u5,52.1,UN IGME (via World Bank API),2026-09-02
MRT,Mauritania,2012,mortality_u5,53.5,UN IGME (via World Bank API),2026-09-02
MRT,Mauritania,2011,mortality_u5,55.1,UN IGME (via World Bank API),2026-09-02
MRT,Mauritania,2010,mortality_u5,56.8,UN IGME (via World Bank API),2026-09-02
MRT,Mauritania,2009,mortality_u5,58.8,UN IGME (via World Bank API),2026-09-02
MRT,Mauritania,2008,mortality_u5,61.3,UN IGME (via World Bank API),2026-09-02
MRT,Mauritania,2007,mortality_u5,64.3,UN IGME (via World Bank API),2026-09-02
MRT,Mauritania,2006,mortality_u5,68.1,UN IGME (via World Bank API),2026-09-02
MRT,Mauritania,2005,mortality_u5,72.5,UN IGME (via World Bank API),2026-09-02
MRT,Mauritania,2004,mortality_u5,77.5,UN IGME (via World Bank API),2026-09-02
MRT,Mauritania,2003,mortality_u5,82.8,UN IGME (via World Bank API),2026-09-02
MRT,Mauritania,2002,mortality_u5,88.2,UN IGME (via World Bank API),2026-09-02
MRT,Mauritania,2001,mortality_u5,93.4,UN IGME (via World Bank API),2026-09-02
MRT,Mauritania,2000,mortality_u5,98.0,UN IGME (via World Bank API),2026-09-02
MUS,Mauritius,2023,mortality_u5,15.4,UN IGME (via World Bank API),2026-09-02
MUS,Mauritius,2022,mortality_u5,15.5,UN IGME (via World Bank API),2026-09-02
MUS,Mauritius,2021,mortality_u5,15.7,UN IGME (via World Bank API),2026-09-02
MUS,Mauritius,2020,mortality_u5,15.8,UN IGME (via World Bank API),2026-09-02
MUS,Mauritius,2019,mortality_u5,15.7,UN IGME (via World Bank API),2026-09-02
MUS,Mauritius,2018,mortality_u5,15.4,UN IGME (via World Bank API),2026-09-02
MUS,Mauritius,2017,mortality_u5,15.0,UN IGME (via World Bank API),2026-09-02
MUS,Mauritius,2016,mortality_u5,14.6,UN IGME (via World Bank API),2026-09-02
MUS,Mauritius,2015,mortality_u5,14.5,UN IGME (via World Bank API),2026-09-02
MUS,Mauritius,2014,mortality_u5,14.7,UN IGME (via World Bank API),2026-09-02
MUS,Mauritius,2013,mortality_u5,14.9,UN IGME (via World Bank API),2026-09-02
MUS,Mauritius,2012,mortality_u5,15.0,UN IGME (via World Bank API),2026-09-02
MUS,Mauritius,2011,mortality_u5,14.9,UN IGME (via World Bank API),2026-09-02
MUS,Mauritius,2010,mortality_u5,14.8,UN IGME (via World Bank API),2026-09-02
MUS,Mauritius,2009,mortality_u5,14.9,UN IGME (via World Bank API),2026-09-02
MUS,Mauritius,2008,mortality_u5,15.0,UN IGME (via World Bank API),2026-09-02
MUS,Mauritius,2007,mortality_u5,15.2,UN IGME (via World Bank API),2026-09-02
MUS,Mauritius,2006,mortality_u5,15.4,UN IGME (via World Bank API),2026-09-02
MUS,Mauritius,2005,mortality_u5,15.6,UN IGME (via World Bank API),2026-09-02
MUS,Mauritius,2004,mortality_u5,15.7,UN IGME (via World Bank API),2026-09-02
MUS,Mauritius,2003,mortality_u5,16.0,UN IGME (via World Bank API),2026-09-02
MUS,Mauritius,2002,mortality_u5,16.6,UN IGME (via World Bank API),2026-09-02
MUS,Mauritius,2001,mortality_u5,17.5,UN IGME (via World Bank API),2026-09-02
MUS,Mauritius,2000,mortality_u5,18.8,UN IGME (via World Bank API),2026-09-02
MEX,Mexico,2023,mortality_u5,13.4,UN IGME (via World Bank API),2026-09-02
MEX,Mexico,2022,mortality_u5,13.8,UN IGME (via World Bank API),2026-09-02
MEX,Mexico,2021,mortality_u5,14.2,UN IGME (via World Bank API),2026-09-02
MEX,Mexico,2020,mortality_u5,14.6,UN IGME (via World Bank API),2026-09-02
MEX,Mexico,2019,mortality_u5,15.0,UN IGME (via World Bank API),2026-09-02
MEX,Mexico,2018,mortality_u5,15.4,UN IGME (via World Bank API),2026-09-02
MEX,Mexico,2017,mortality_u5,15.8,UN IGME (via World Bank API),2026-09-02
MEX,Mexico,2016,mortality_u5,16.2,UN IGME (via World Bank API),2026-09-02
MEX,Mexico,2015,mortality_u5,16.6,UN IGME (via World Bank API),2026-09-02
MEX,Mexico,2014,mortality_u5,17.0,UN IGME (via World Bank API),2026-09-02
MEX,Mexico,2013,mortality_u5,17.5,UN IGME (via World Bank API),2026-09-02
MEX,Mexico,2012,mortality_u5,17.9,UN IGME (via World Bank API),2026-09-02
MEX,Mexico,2011,mortality_u5,18.4,UN IGME (via World Bank API),2026-09-02
MEX,Mexico,2010,mortality_u5,18.9,UN IGME (via World Bank API),2026-09-02
MEX,Mexico,2009,mortality_u5,19.5,UN IGME (via World Bank API),2026-09-02
MEX,Mexico,2008,mortality_u5,20.0,UN IGME (via World Bank API),2026-09-02
MEX,Mexico,2007,mortality_u5,20.7,UN IGME (via World Bank API),2026-09-02
MEX,Mexico,2006,mortality_u5,21.3,UN IGME (via World Bank API),2026-09-02
MEX,Mexico,2005,mortality_u5,22.1,UN IGME (via World Bank API),2026-09-02
MEX,Mexico,2004,mortality_u5,23.0,UN IGME (via World Bank API),2026-09-02
MEX,Mexico,2003,mortality_u5,23.9,UN IGME (via World Bank API),2026-09-02
MEX,Mexico,2002,mortality_u5,25.0,UN IGME (via World Bank API),2026-09-02
MEX,Mexico,2001,mortality_u5,26.2,UN IGME (via World Bank API),2026-09-02
MEX,Mexico,2000,mortality_u5,27.4,UN IGME (via World Bank API),2026-09-02
FSM,"Micronesia, Fed. Sts.",2023,mortality_u5,23.1,UN IGME (via World Bank API),2026-09-02
FSM,"Micronesia, Fed. Sts.",2022,mortality_u5,23.9,UN IGME (via World Bank API),2026-09-02
FSM,"Micronesia, Fed. Sts.",2021,mortality_u5,24.7,UN IGME (via World Bank API),2026-09-02
FSM,"Micronesia, Fed. Sts.",2020,mortality_u5,25.6,UN IGME (via World Bank API),2026-09-02
FSM,"Micronesia, Fed. Sts.",2019,mortality_u5,26.4,UN IGME (via World Bank API),2026-09-02
FSM,"Micronesia, Fed. Sts.",2018,mortality_u5,27.3,UN IGME (via World Bank API),2026-09-02
FSM,"Micronesia, Fed. Sts.",2017,mortality_u5,28.1,UN IGME (via World Bank API),2026-09-02
FSM,"Micronesia, Fed. Sts.",2016,mortality_u5,28.9,UN IGME (via World Bank API),2026-09-02
FSM,"Micronesia, Fed. Sts.",2015,mortality_u5,29.8,UN IGME (via World Bank API),2026-09-02
FSM,"Micronesia, Fed. Sts.",2014,mortality_u5,30.7,UN IGME (via World Bank API),2026-09-02
FSM,"Micronesia, Fed. Sts.",2013,mortality_u5,31.6,UN IGME (via World Bank API),2026-09-02
FSM,"Micronesia, Fed. Sts.",2012,mortality_u5,32.6,UN IGME (via World Bank API),2026-09-02
FSM,"Micronesia, Fed. Sts.",2011,mortality_u5,33.4,UN IGME (via World Bank API),2026-09-02
FSM,"Micronesia, Fed. Sts.",2010,mortality_u5,34.1,UN IGME (via World Bank API),2026-09-02
FSM,"Micronesia, Fed. Sts.",2009,mortality_u5,34.8,UN IGME (via World Bank API),2026-09-02
FSM,"Micronesia, Fed. Sts.",2008,mortality_u5,35.3,UN IGME (via World Bank API),2026-09-02
FSM,"Micronesia, Fed. Sts.",2007,mortality_u5,35.6,UN IGME (via World Bank API),2026-09-02
FSM,"Micronesia, Fed. Sts.",2006,mortality_u5,35.9,UN IGME (via World Bank API),2026-09-02
FSM,"Micronesia, Fed. Sts.",2005,mortality_u5,35.9,UN IGME (via World Bank API),2026-09-02
FSM,"Micronesia, Fed. Sts.",2004,mortality_u5,36.1,UN IGME (via World Bank API),2026-09-02
FSM,"Micronesia, Fed. Sts.",2003,mortality_u5,36.4,UN IGME (via World Bank API),2026-09-02
FSM,"Micronesia, Fed. Sts.",2002,mortality_u5,41.5,UN IGME (via World Bank API),2026-09-02
FSM,"Micronesia, Fed. Sts.",2001,mortality_u5,37.7,UN IGME (via World Bank API),2026-09-02
FSM,"Micronesia, Fed. Sts.",2000,mortality_u5,38.6,UN IGME (via World Bank API),2026-09-02
MDA,Moldova,2023,mortality_u5,16.2,UN IGME (via World Bank API),2026-09-02
MDA,Moldova,2022,mortality_u5,16.0,UN IGME (via World Bank API),2026-09-02
MDA,Moldova,2021,mortality_u5,15.8,UN IGME (via World Bank API),2026-09-02
MDA,Moldova,2020,mortality_u5,15.6,UN IGME (via World Bank API),2026-09-02
MDA,Moldova,2019,mortality_u5,15.5,UN IGME (via World Bank API),2026-09-02
MDA,Moldova,2018,mortality_u5,15.4,UN IGME (via World Bank API),2026-09-02
MDA,Moldova,2017,mortality_u5,15.4,UN IGME (via World Bank API),2026-09-02
MDA,Moldova,2016,mortality_u5,15.5,UN IGME (via World Bank API),2026-09-02
MDA,Moldova,2015,mortality_u5,15.6,UN IGME (via World Bank API),2026-09-02
MDA,Moldova,2014,mortality_u5,15.8,UN IGME (via World Bank API),2026-09-02
MDA,Moldova,2013,mortality_u5,16.0,UN IGME (via World Bank API),2026-09-02
MDA,Moldova,2012,mortality_u5,16.2,UN IGME (via World Bank API),2026-09-02
MDA,Moldova,2011,mortality_u5,16.5,UN IGME (via World Bank API),2026-09-02
MDA,Moldova,2010,mortality_u5,16.8,UN IGME (via World Bank API),2026-09-02
MDA,Moldova,2009,mortality_u5,17.2,UN IGME (via World Bank API),2026-09-02
MDA,Moldova,2008,mortality_u5,17.7,UN IGME (via World Bank API),2026-09-02
MDA,Moldova,2007,mortality_u5,18.2,UN IGME (via World Bank API),2026-09-02
MDA,Moldova,2006,mortality_u5,19.0,UN IGME (via World Bank API),2026-09-02
MDA,Moldova,2005,mortality_u5,20.1,UN IGME (via World Bank API),2026-09-02
MDA,Moldova,2004,mortality_u5,21.5,UN IGME (via World Bank API),2026-09-02
MDA,Moldova,2003,mortality_u5,23.4,UN IGME (via World Bank API),2026-09-02
MDA,Moldova,2002,mortality_u5,25.8,UN IGME (via World Bank API),2026-09-02
MDA,Moldova,2001,mortality_u5,28.5,UN IGME (via World Bank API),2026-09-02
MDA,Moldova,2000,mortality_u5,31.4,UN IGME (via World Bank API),2026-09-02
MCO,Monaco,2023,mortality_u5,2.7,UN IGME (via World Bank API),2026-09-02
MCO,Monaco,2022,mortality_u5,2.8,UN IGME (via World Bank API),2026-09-02
MCO,Monaco,2021,mortality_u5,2.9,UN IGME (via World Bank API),2026-09-02
MCO,Monaco,2020,mortality_u5,3.0,UN IGME (via World Bank API),2026-09-02
MCO,Monaco,2019,mortality_u5,3.1,UN IGME (via World Bank API),2026-09-02
MCO,Monaco,2018,mortality_u5,3.2,UN IGME (via World Bank API),2026-09-02
MCO,Monaco,2017,mortality_u5,3.3,UN IGME (via World Bank API),2026-09-02
MCO,Monaco,2016,mortality_u5,3.4,UN IGME (via World Bank API),2026-09-02
MCO,Monaco,2015,mortality_u5,3.5,UN IGME (via World Bank API),2026-09-02
MCO,Monaco,2014,mortality_u5,3.6,UN IGME (via World Bank API),2026-09-02
MCO,Monaco,2013,mortality_u5,3.7,UN IGME (via World Bank API),2026-09-02
MCO,Monaco,2012,mortality_u5,3.8,UN IGME (via World Bank API),2026-09-02
MCO,Monaco,2011,mortality_u5,3.9,UN IGME (via World Bank API),2026-09-02
MCO,Monaco,2010,mortality_u5,4.0,UN IGME (via World Bank API),2026-09-02
MCO,Monaco,2009,mortality_u5,4.1,UN IGME (via World Bank API),2026-09-02
MCO,Monaco,2008,mortality_u5,4.2,UN IGME (via World Bank API),2026-09-02
MCO,Monaco,2007,mortality_u5,4.3,UN IGME (via World Bank API),2026-09-02
MCO,Monaco,2006,mortality_u5,4.4,UN IGME (via World Bank API),2026-09-02
MCO,Monaco,2005,mortality_u5,4.5,UN IGME (via World Bank API),2026-09-02
MCO,Monaco,2004,mortality_u5,4.6,UN IGME (via World Bank API),2026-09-02
MCO,Monaco,2003,mortality_u5,4.7,UN IGME (via World Bank API),2026-09-02
MCO,Monaco,2002,mortality_u5,4.8,UN IGME (via World Bank API),2026-09-02
MCO,Monaco,2001,mortality_u5,5.0,UN IGME (via World Bank API),2026-09-02
MCO,Monaco,2000,mortality_u5,5.2,UN IGME (via World Bank API),2026-09-02
MNG,Mongolia,2023,mortality_u5,13.6,UN IGME (via World Bank API),2026-09-02
MNG,Mongolia,2022,mortality_u5,13.9,UN IGME (via World Bank API),2026-09-02
MNG,Mongolia,2021,mortality_u5,14.3,UN IGME (via World Bank API),2026-09-02
MNG,Mongolia,2020,mortality_u5,14.8,UN IGME (via World Bank API),2026-09-02
MNG,Mongolia,2019,mortality_u5,15.6,UN IGME (via World Bank API),2026-09-02
MNG,Mongolia,2018,mortality_u5,16.4,UN IGME (via World Bank API),2026-09-02
MNG,Mongolia,2017,mortality_u5,17.4,UN IGME (via World Bank API),2026-09-02
MNG,Mongolia,2016,mortality_u5,18.4,UN IGME (via World Bank API),2026-09-02
MNG,Mongolia,2015,mortality_u5,19.4,UN IGME (via World Bank API),2026-09-02
MNG,Mongolia,2014,mortality_u5,20.4,UN IGME (via World Bank API),2026-09-02
MNG,Mongolia,2013,mortality_u5,21.5,UN IGME (via World Bank API),2026-09-02
MNG,Mongolia,2012,mortality_u5,22.8,UN IGME (via World Bank API),2026-09-02
MNG,Mongolia,2011,mortality_u5,24.4,UN IGME (via World Bank API),2026-09-02
MNG,Mongolia,2010,mortality_u5,26.3,UN IGME (via World Bank API),2026-09-02
MNG,Mongolia,2009,mortality_u5,28.5,UN IGME (via World Bank API),2026-09-02
MNG,Mongolia,2008,mortality_u5,31.0,UN IGME (via World Bank API),2026-09-02
MNG,Mongolia,2007,mortality_u5,33.8,UN IGME (via World Bank API),2026-09-02
MNG,Mongolia,2006,mortality_u5,37.0,UN IGME (via World Bank API),2026-09-02
MNG,Mongolia,2005,mortality_u5,40.5,UN IGME (via World Bank API),2026-09-02
MNG,Mongolia,2004,mortality_u5,44.3,UN IGME (via World Bank API),2026-09-02
MNG,Mongolia,2003,mortality_u5,48.5,UN IGME (via World Bank API),2026-09-02
MNG,Mongolia,2002,mortality_u5,52.9,UN IGME (via World Bank API),2026-09-02
MNG,Mongolia,2001,mortality_u5,57.7,UN IGME (via World Bank API),2026-09-02
MNG,Mongolia,2000,mortality_u5,62.5,UN IGME (via World Bank API),2026-09-02
MNE,Montenegro,2023,mortality_u5,2.5,UN IGME (via World Bank API),2026-09-02
MNE,Montenegro,2022,mortality_u5,2.6,UN IGME (via World Bank API),2026-09-02
MNE,Montenegro,2021,mortality_u5,2.8,UN IGME (via World Bank API),2026-09-02
MNE,Montenegro,2020,mortality_u5,2.9,UN IGME (via World Bank API),2026-09-02
MNE,Montenegro,2019,mortality_u5,3.1,UN IGME (via World Bank API),2026-09-02
MNE,Montenegro,2018,mortality_u5,3.3,UN IGME (via World Bank API),2026-09-02
MNE,Montenegro,2017,mortality_u5,3.6,UN IGME (via World Bank API),2026-09-02
MNE,Montenegro,2016,mortality_u5,3.9,UN IGME (via World Bank API),2026-09-02
MNE,Montenegro,2015,mortality_u5,4.2,UN IGME (via World Bank API),2026-09-02
MNE,Montenegro,2014,mortality_u5,4.6,UN IGME (via World Bank API),2026-09-02
MNE,Montenegro,2013,mortality_u5,5.0,UN IGME (via World Bank API),2026-09-02
MNE,Montenegro,2012,mortality_u5,5.5,UN IGME (via World Bank API),2026-09-02
MNE,Montenegro,2011,mortality_u5,6.1,UN IGME (via World Bank API),2026-09-02
MNE,Montenegro,2010,mortality_u5,6.7,UN IGME (via World Bank API),2026-09-02
MNE,Montenegro,2009,mortality_u5,7.4,UN IGME (via World Bank API),2026-09-02
MNE,Montenegro,2008,mortality_u5,8.1,UN IGME (via World Bank API),2026-09-02
MNE,Montenegro,2007,mortality_u5,8.9,UN IGME (via World Bank API),2026-09-02
MNE,Montenegro,2006,mortality_u5,9.7,UN IGME (via World Bank API),2026-09-02
MNE,Montenegro,2005,mortality_u5,10.6,UN IGME (via World Bank API),2026-09-02
MNE,Montenegro,2004,mortality_u5,11.4,UN IGME (via World Bank API),2026-09-02
MNE,Montenegro,2003,mortality_u5,12.2,UN IGME (via World Bank API),2026-09-02
MNE,Montenegro,2002,mortality_u5,13.0,UN IGME (via World Bank API),2026-09-02
MNE,Montenegro,2001,mortality_u5,13.7,UN IGME (via World Bank API),2026-09-02
MNE,Montenegro,2000,mortality_u5,14.2,UN IGME (via World Bank API),2026-09-02
MAR,Morocco,2023,mortality_u5,16.3,UN IGME (via World Bank API),2026-09-02
MAR,Morocco,2022,mortality_u5,17.0,UN IGME (via World Bank API),2026-09-02
MAR,Morocco,2021,mortality_u5,17.6,UN IGME (via World Bank API),2026-09-02
MAR,Morocco,2020,mortality_u5,18.3,UN IGME (via World Bank API),2026-09-02
MAR,Morocco,2019,mortality_u5,19.1,UN IGME (via World Bank API),2026-09-02
MAR,Morocco,2018,mortality_u5,19.9,UN IGME (via World Bank API),2026-09-02
MAR,Morocco,2017,mortality_u5,20.8,UN IGME (via World Bank API),2026-09-02
MAR,Morocco,2016,mortality_u5,21.9,UN IGME (via World Bank API),2026-09-02
MAR,Morocco,2015,mortality_u5,23.1,UN IGME (via World Bank API),2026-09-02
MAR,Morocco,2014,mortality_u5,24.5,UN IGME (via World Bank API),2026-09-02
MAR,Morocco,2013,mortality_u5,26.0,UN IGME (via World Bank API),2026-09-02
MAR,Morocco,2012,mortality_u5,27.5,UN IGME (via World Bank API),2026-09-02
MAR,Morocco,2011,mortality_u5,29.2,UN IGME (via World Bank API),2026-09-02
MAR,Morocco,2010,mortality_u5,30.9,UN IGME (via World Bank API),2026-09-02
MAR,Morocco,2009,mortality_u5,32.8,UN IGME (via World Bank API),2026-09-02
MAR,Morocco,2008,mortality_u5,34.8,UN IGME (via World Bank API),2026-09-02
MAR,Morocco,2007,mortality_u5,36.9,UN IGME (via World Bank API),2026-09-02
MAR,Morocco,2006,mortality_u5,39.2,UN IGME (via World Bank API),2026-09-02
MAR,Morocco,2005,mortality_u5,41.4,UN IGME (via World Bank API),2026-09-02
MAR,Morocco,2004,mortality_u5,43.6,UN IGME (via World Bank API),2026-09-02
MAR,Morocco,2003,mortality_u5,45.8,UN IGME (via World Bank API),2026-09-02
MAR,Morocco,2002,mortality_u5,48.0,UN IGME (via World Bank API),2026-09-02
MAR,Morocco,2001,mortality_u5,50.2,UN IGME (via World Bank API),2026-09-02
MAR,Morocco,2000,mortality_u5,52.4,UN IGME (via World Bank API),2026-09-02
MOZ,Mozambique,2023,mortality_u5,61.7,UN IGME (via World Bank API),2026-09-02
MOZ,Mozambique,2022,mortality_u5,63.9,UN IGME (via World Bank API),2026-09-02
MOZ,Mozambique,2021,mortality_u5,65.5,UN IGME (via World Bank API),2026-09-02
MOZ,Mozambique,2020,mortality_u5,67.6,UN IGME (via World Bank API),2026-09-02
MOZ,Mozambique,2019,mortality_u5,68.6,UN IGME (via World Bank API),2026-09-02
MOZ,Mozambique,2018,mortality_u5,70.2,UN IGME (via World Bank API),2026-09-02
MOZ,Mozambique,2017,mortality_u5,72.0,UN IGME (via World Bank API),2026-09-02
MOZ,Mozambique,2016,mortality_u5,73.3,UN IGME (via World Bank API),2026-09-02
MOZ,Mozambique,2015,mortality_u5,75.8,UN IGME (via World Bank API),2026-09-02
MOZ,Mozambique,2014,mortality_u5,79.7,UN IGME (via World Bank API),2026-09-02
MOZ,Mozambique,2013,mortality_u5,82.9,UN IGME (via World Bank API),2026-09-02
MOZ,Mozambique,2012,mortality_u5,86.5,UN IGME (via World Bank API),2026-09-02
MOZ,Mozambique,2011,mortality_u5,91.1,UN IGME (via World Bank API),2026-09-02
MOZ,Mozambique,2010,mortality_u5,95.6,UN IGME (via World Bank API),2026-09-02
MOZ,Mozambique,2009,mortality_u5,98.3,UN IGME (via World Bank API),2026-09-02
MOZ,Mozambique,2008,mortality_u5,104.4,UN IGME (via World Bank API),2026-09-02
MOZ,Mozambique,2007,mortality_u5,110.7,UN IGME (via World Bank API),2026-09-02
MOZ,Mozambique,2006,mortality_u5,118.8,UN IGME (via World Bank API),2026-09-02
MOZ,Mozambique,2005,mortality_u5,125.7,UN IGME (via World Bank API),2026-09-02
MOZ,Mozambique,2004,mortality_u5,132.5,UN IGME (via World Bank API),2026-09-02
MOZ,Mozambique,2003,mortality_u5,139.8,UN IGME (via World Bank API),2026-09-02
MOZ,Mozambique,2002,mortality_u5,147.5,UN IGME (via World Bank API),2026-09-02
MOZ,Mozambique,2001,mortality_u5,155.7,UN IGME (via World Bank API),2026-09-02
MOZ,Mozambique,2000,mortality_u5,164.6,UN IGME (via World Bank API),2026-09-02
MMR,Myanmar,2023,mortality_u5,38.1,UN IGME (via World Bank API),2026-09-02
MMR,Myanmar,2022,mortality_u5,39.5,UN IGME (via World Bank API),2026-09-02
MMR,Myanmar,2021,mortality_u5,40.8,UN IGME (via World Bank API),2026-09-02
MMR,Myanmar,2020,mortality_u5,42.1,UN IGME (via World Bank API),2026-09-02
MMR,Myanmar,2019,mortality_u5,43.6,UN IGME (via World Bank API),2026-09-02
MMR,Myanmar,2018,mortality_u5,45.2,UN IGME (via World Bank API),2026-09-02
MMR,Myanmar,2017,mortality_u5,46.8,UN IGME (via World Bank API),2026-09-02
MMR,Myanmar,2016,mortality_u5,48.7,UN IGME (via World Bank API),2026-09-02
MMR,Myanmar,2015,mortality_u5,50.5,UN IGME (via World Bank API),2026-09-02
MMR,Myanmar,2014,mortality_u5,52.4,UN IGME (via World Bank API),2026-09-02
MMR,Myanmar,2013,mortality_u5,54.6,UN IGME (via World Bank API),2026-09-02
MMR,Myanmar,2012,mortality_u5,57.0,UN IGME (via World Bank API),2026-09-02
MMR,Myanmar,2011,mortality_u5,59.7,UN IGME (via World Bank API),2026-09-02
MMR,Myanmar,2010,mortality_u5,62.4,UN IGME (via World Bank API),2026-09-02
MMR,Myanmar,2009,mortality_u5,65.1,UN IGME (via World Bank API),2026-09-02
MMR,Myanmar,2008,mortality_u5,101.7,UN IGME (via World Bank API),2026-09-02
MMR,Myanmar,2007,mortality_u5,70.8,UN IGME (via World Bank API),2026-09-02
MMR,Myanmar,2006,mortality_u5,73.6,UN IGME (via World Bank API),2026-09-02
MMR,Myanmar,2005,mortality_u5,76.3,UN IGME (via World Bank API),2026-09-02
MMR,Myanmar,2004,mortality_u5,79.1,UN IGME (via World Bank API),2026-09-02
MMR,Myanmar,2003,mortality_u5,81.6,UN IGME (via World Bank API),2026-09-02
MMR,Myanmar,2002,mortality_u5,84.1,UN IGME (via World Bank API),2026-09-02
MMR,Myanmar,2001,mortality_u5,86.5,UN IGME (via World Bank API),2026-09-02
MMR,Myanmar,2000,mortality_u5,88.9,UN IGME (via World Bank API),2026-09-02
NAM,Namibia,2023,mortality_u5,41.1,UN IGME (via World Bank API),2026-09-02
NAM,Namibia,2022,mortality_u5,41.6,UN IGME (via World Bank API),2026-09-02
NAM,Namibia,2021,mortality_u5,43.2,UN IGME (via World Bank API),2026-09-02
NAM,Namibia,2020,mortality_u5,44.8,UN IGME (via World Bank API),2026-09-02
NAM,Namibia,2019,mortality_u5,46.6,UN IGME (via World Bank API),2026-09-02
NAM,Namibia,2018,mortality_u5,48.5,UN IGME (via World Bank API),2026-09-02
NAM,Namibia,2017,mortality_u5,49.8,UN IGME (via World Bank API),2026-09-02
NAM,Namibia,2016,mortality_u5,51.4,UN IGME (via World Bank API),2026-09-02
NAM,Namibia,2015,mortality_u5,51.8,UN IGME (via World Bank API),2026-09-02
NAM,Namibia,2014,mortality_u5,50.0,UN IGME (via World Bank API),2026-09-02
NAM,Namibia,2013,mortality_u5,50.8,UN IGME (via World Bank API),2026-09-02
NAM,Namibia,2012,mortality_u5,52.6,UN IGME (via World Bank API),2026-09-02
NAM,Namibia,2011,mortality_u5,50.0,UN IGME (via World Bank API),2026-09-02
NAM,Namibia,2010,mortality_u5,50.3,UN IGME (via World Bank API),2026-09-02
NAM,Namibia,2009,mortality_u5,53.2,UN IGME (via World Bank API),2026-09-02
NAM,Namibia,2008,mortality_u5,57.5,UN IGME (via World Bank API),2026-09-02
NAM,Namibia,2007,mortality_u5,62.0,UN IGME (via World Bank API),2026-09-02
NAM,Namibia,2006,mortality_u5,66.0,UN IGME (via World Bank API),2026-09-02
NAM,Namibia,2005,mortality_u5,71.0,UN IGME (via World Bank API),2026-09-02
NAM,Namibia,2004,mortality_u5,74.4,UN IGME (via World Bank API),2026-09-02
NAM,Namibia,2003,mortality_u5,75.6,UN IGME (via World Bank API),2026-09-02
NAM,Namibia,2002,mortality_u5,76.6,UN IGME (via World Bank API),2026-09-02
NAM,Namibia,2001,mortality_u5,77.6,UN IGME (via World Bank API),2026-09-02
NAM,Namibia,2000,mortality_u5,78.2,UN IGME (via World Bank API),2026-09-02
NRU,Naoero,2023,mortality_u5,8.7,UN IGME (via World Bank API),2026-09-02
NRU,Naoero,2022,mortality_u5,9.3,UN IGME (via World Bank API),2026-09-02
NRU,Naoero,2021,mortality_u5,10.0,UN IGME (via World Bank API),2026-09-02
NRU,Naoero,2020,mortality_u5,10.9,UN IGME (via World Bank API),2026-09-02
NRU,Naoero,2019,mortality_u5,12.0,UN IGME (via World Bank API),2026-09-02
NRU,Naoero,2018,mortality_u5,13.1,UN IGME (via World Bank API),2026-09-02
NRU,Naoero,2017,mortality_u5,14.4,UN IGME (via World Bank API),2026-09-02
NRU,Naoero,2016,mortality_u5,15.9,UN IGME (via World Bank API),2026-09-02
NRU,Naoero,2015,mortality_u5,17.5,UN IGME (via World Bank API),2026-09-02
NRU,Naoero,2014,mortality_u5,19.2,UN IGME (via World Bank API),2026-09-02
NRU,Naoero,2013,mortality_u5,20.9,UN IGME (via World Bank API),2026-09-02
NRU,Naoero,2012,mortality_u5,22.7,UN IGME (via World Bank API),2026-09-02
NRU,Naoero,2011,mortality_u5,24.6,UN IGME (via World Bank API),2026-09-02
NRU,Naoero,2010,mortality_u5,26.4,UN IGME (via World Bank API),2026-09-02
NRU,Naoero,2009,mortality_u5,28.2,UN IGME (via World Bank API),2026-09-02
NRU,Naoero,2008,mortality_u5,29.8,UN IGME (via World Bank API),2026-09-02
NRU,Naoero,2007,mortality_u5,31.4,UN IGME (via World Bank API),2026-09-02
NRU,Naoero,2006,mortality_u5,32.7,UN IGME (via World Bank API),2026-09-02
NRU,Naoero,2005,mortality_u5,34.0,UN IGME (via World Bank API),2026-09-02
NRU,Naoero,2004,mortality_u5,35.2,UN IGME (via World Bank API),2026-09-02
NRU,Naoero,2003,mortality_u5,36.5,UN IGME (via World Bank API),2026-09-02
NRU,Naoero,2002,mortality_u5,37.9,UN IGME (via World Bank API),2026-09-02
NRU,Naoero,2001,mortality_u5,39.4,UN IGME (via World Bank API),2026-09-02
NRU,Naoero,2000,mortality_u5,41.1,UN IGME (via World Bank API),2026-09-02
NPL,Nepal,2023,mortality_u5,26.1,UN IGME (via World Bank API),2026-09-02
NPL,Nepal,2022,mortality_u5,27.1,UN IGME (via World Bank API),2026-09-02
NPL,Nepal,2021,mortality_u5,28.3,UN IGME (via World Bank API),2026-09-02
NPL,Nepal,2020,mortality_u5,29.6,UN IGME (via World Bank API),2026-09-02
NPL,Nepal,2019,mortality_u5,31.0,UN IGME (via World Bank API),2026-09-02
NPL,Nepal,2018,mortality_u5,32.6,UN IGME (via World Bank API),2026-09-02
NPL,Nepal,2017,mortality_u5,34.2,UN IGME (via World Bank API),2026-09-02
NPL,Nepal,2016,mortality_u5,36.0,UN IGME (via World Bank API),2026-09-02
NPL,Nepal,2015,mortality_u5,37.8,UN IGME (via World Bank API),2026-09-02
NPL,Nepal,2014,mortality_u5,39.7,UN IGME (via World Bank API),2026-09-02
NPL,Nepal,2013,mortality_u5,41.7,UN IGME (via World Bank API),2026-09-02
NPL,Nepal,2012,mortality_u5,43.7,UN IGME (via World Bank API),2026-09-02
NPL,Nepal,2011,mortality_u5,45.8,UN IGME (via World Bank API),2026-09-02
NPL,Nepal,2010,mortality_u5,47.9,UN IGME (via World Bank API),2026-09-02
NPL,Nepal,2009,mortality_u5,50.1,UN IGME (via World Bank API),2026-09-02
NPL,Nepal,2008,mortality_u5,52.4,UN IGME (via World Bank API),2026-09-02
NPL,Nepal,2007,mortality_u5,54.7,UN IGME (via World Bank API),2026-09-02
NPL,Nepal,2006,mortality_u5,57.3,UN IGME (via World Bank API),2026-09-02
NPL,Nepal,2005,mortality_u5,60.0,UN IGME (via World Bank API),2026-09-02
NPL,Nepal,2004,mortality_u5,63.1,UN IGME (via World Bank API),2026-09-02
NPL,Nepal,2003,mortality_u5,66.5,UN IGME (via World Bank API),2026-09-02
NPL,Nepal,2002,mortality_u5,70.2,UN IGME (via World Bank API),2026-09-02
NPL,Nepal,2001,mortality_u5,74.3,UN IGME (via World Bank API),2026-09-02
NPL,Nepal,2000,mortality_u5,78.7,UN IGME (via World Bank API),2026-09-02
NLD,Netherlands,2023,mortality_u5,3.9,UN IGME (via World Bank API),2026-09-02
NLD,Netherlands,2022,mortality_u5,4.0,UN IGME (via World Bank API),2026-09-02
NLD,Netherlands,2021,mortality_u5,4.0,UN IGME (via World Bank API),2026-09-02
NLD,Netherlands,2020,mortality_u5,4.0,UN IGME (via World Bank API),2026-09-02
NLD,Netherlands,2019,mortality_u5,4.0,UN IGME (via World Bank API),2026-09-02
NLD,Netherlands,2018,mortality_u5,4.0,UN IGME (via World Bank API),2026-09-02
NLD,Netherlands,2017,mortality_u5,4.0,UN IGME (via World Bank API),2026-09-02
NLD,Netherlands,2016,mortality_u5,4.1,UN IGME (via World Bank API),2026-09-02
NLD,Netherlands,2015,mortality_u5,4.1,UN IGME (via World Bank API),2026-09-02
NLD,Netherlands,2014,mortality_u5,4.1,UN IGME (via World Bank API),2026-09-02
NLD,Netherlands,2013,mortality_u5,4.2,UN IGME (via World Bank API),2026-09-02
NLD,Netherlands,2012,mortality_u5,4.2,UN IGME (via World Bank API),2026-09-02
NLD,Netherlands,2011,mortality_u5,4.3,UN IGME (via World Bank API),2026-09-02
NLD,Netherlands,2010,mortality_u5,4.4,UN IGME (via World Bank API),2026-09-02
NLD,Netherlands,2009,mortality_u5,4.6,UN IGME (via World Bank API),2026-09-02
NLD,Netherlands,2008,mortality_u5,4.7,UN IGME (via World Bank API),2026-09-02
NLD,Netherlands,2007,mortality_u5,4.9,UN IGME (via World Bank API),2026-09-02
NLD,Netherlands,2006,mortality_u5,5.1,UN IGME (via World Bank API),2026-09-02
NLD,Netherlands,2005,mortality_u5,5.3,UN IGME (via World Bank API),2026-09-02
NLD,Netherlands,2004,mortality_u5,5.5,UN IGME (via World Bank API),2026-09-02
NLD,Netherlands,2003,mortality_u5,5.7,UN IGME (via World Bank API),2026-09-02
NLD,Netherlands,2002,mortality_u5,5.9,UN IGME (via World Bank API),2026-09-02
NLD,Netherlands,2001,mortality_u5,6.0,UN IGME (via World Bank API),2026-09-02
NLD,Netherlands,2000,mortality_u5,6.2,UN IGME (via World Bank API),2026-09-02
NZL,New Zealand,2023,mortality_u5,4.9,UN IGME (via World Bank API),2026-09-02
NZL,New Zealand,2022,mortality_u5,5.0,UN IGME (via World Bank API),2026-09-02
NZL,New Zealand,2021,mortality_u5,5.0,UN IGME (via World Bank API),2026-09-02
NZL,New Zealand,2020,mortality_u5,5.1,UN IGME (via World Bank API),2026-09-02
NZL,New Zealand,2019,mortality_u5,5.2,UN IGME (via World Bank API),2026-09-02
NZL,New Zealand,2018,mortality_u5,5.3,UN IGME (via World Bank API),2026-09-02
NZL,New Zealand,2017,mortality_u5,5.4,UN IGME (via World Bank API),2026-09-02
NZL,New Zealand,2016,mortality_u5,5.5,UN IGME (via World Bank API),2026-09-02
NZL,New Zealand,2015,mortality_u5,5.6,UN IGME (via World Bank API),2026-09-02
NZL,New Zealand,2014,mortality_u5,5.8,UN IGME (via World Bank API),2026-09-02
NZL,New Zealand,2013,mortality_u5,5.9,UN IGME (via World Bank API),2026-09-02
NZL,New Zealand,2012,mortality_u5,6.0,UN IGME (via World Bank API),2026-09-02
NZL,New Zealand,2011,mortality_u5,6.1,UN IGME (via World Bank API),2026-09-02
NZL,New Zealand,2010,mortality_u5,6.2,UN IGME (via World Bank API),2026-09-02
NZL,New Zealand,2009,mortality_u5,6.3,UN IGME (via World Bank API),2026-09-02
NZL,New Zealand,2008,mortality_u5,6.4,UN IGME (via World Bank API),2026-09-02
NZL,New Zealand,2007,mortality_u5,6.4,UN IGME (via World Bank API),2026-09-02
NZL,New Zealand,2006,mortality_u5,6.5,UN IGME (via World Bank API),2026-09-02
NZL,New Zealand,2005,mortality_u5,6.6,UN IGME (via World Bank API),2026-09-02
NZL,New Zealand,2004,mortality_u5,6.7,UN IGME (via World Bank API),2026-09-02
NZL,New Zealand,2003,mortality_u5,6.9,UN IGME (via World Bank API),2026-09-02
NZL,New Zealand,2002,mortality_u5,7.0,UN IGME (via World Bank API),2026-09-02
NZL,New Zealand,2001,mortality_u5,7.2,UN IGME (via World Bank API),2026-09-02
NZL,New Zealand,2000,mortality_u5,7.4,UN IGME (via World Bank API),2026-09-02
NIC,Nicaragua,2023,mortality_u5,13.8,UN IGME (via World Bank API),2026-09-02
NIC,Nicaragua,2022,mortality_u5,14.3,UN IGME (via World Bank API),2026-09-02
NIC,Nicaragua,2021,mortality_u5,14.2,UN IGME (via World Bank API),2026-09-02
NIC,Nicaragua,2020,mortality_u5,14.2,UN IGME (via World Bank API),2026-09-02
NIC,Nicaragua,2019,mortality_u5,14.3,UN IGME (via World Bank API),2026-09-02
NIC,Nicaragua,2018,mortality_u5,14.6,UN IGME (via World Bank API),2026-09-02
NIC,Nicaragua,2017,mortality_u5,15.3,UN IGME (via World Bank API),2026-09-02
NIC,Nicaragua,2016,mortality_u5,16.1,UN IGME (via World Bank API),2026-09-02
NIC,Nicaragua,2015,mortality_u5,17.2,UN IGME (via World Bank API),2026-09-02
NIC,Nicaragua,2014,mortality_u5,18.3,UN IGME (via World Bank API),2026-09-02
NIC,Nicaragua,2013,mortality_u5,19.4,UN IGME (via World Bank API),2026-09-02
NIC,Nicaragua,2012,mortality_u5,20.6,UN IGME (via World Bank API),2026-09-02
NIC,Nicaragua,2011,mortality_u5,21.9,UN IGME (via World Bank API),2026-09-02
NIC,Nicaragua,2010,mortality_u5,23.2,UN IGME (via World Bank API),2026-09-02
NIC,Nicaragua,2009,mortality_u5,24.5,UN IGME (via World Bank API),2026-09-02
NIC,Nicaragua,2008,mortality_u5,25.8,UN IGME (via World Bank API),2026-09-02
NIC,Nicaragua,2007,mortality_u5,27.1,UN IGME (via World Bank API),2026-09-02
NIC,Nicaragua,2006,mortality_u5,28.4,UN IGME (via World Bank API),2026-09-02
NIC,Nicaragua,2005,mortality_u5,29.7,UN IGME (via World Bank API),2026-09-02
NIC,Nicaragua,2004,mortality_u5,31.1,UN IGME (via World Bank API),2026-09-02
NIC,Nicaragua,2003,mortality_u5,32.4,UN IGME (via World Bank API),2026-09-02
NIC,Nicaragua,2002,mortality_u5,33.8,UN IGME (via World Bank API),2026-09-02
NIC,Nicaragua,2001,mortality_u5,35.3,UN IGME (via World Bank API),2026-09-02
NIC,Nicaragua,2000,mortality_u5,37.1,UN IGME (via World Bank API),2026-09-02
NER,Niger,2023,mortality_u5,113.5,UN IGME (via World Bank API),2026-09-02
NER,Niger,2022,mortality_u5,116.0,UN IGME (via World Bank API),2026-09-02
NER,Niger,2021,mortality_u5,118.0,UN IGME (via World Bank API),2026-09-02
NER,Niger,2020,mortality_u5,119.5,UN IGME (via World Bank API),2026-09-02
NER,Niger,2019,mortality_u5,120.8,UN IGME (via World Bank API),2026-09-02
NER,Niger,2018,mortality_u5,121.9,UN IGME (via World Bank API),2026-09-02
NER,Niger,2017,mortality_u5,123.1,UN IGME (via World Bank API),2026-09-02
NER,Niger,2016,mortality_u5,124.3,UN IGME (via World Bank API),2026-09-02
NER,Niger,2015,mortality_u5,125.4,UN IGME (via World Bank API),2026-09-02
NER,Niger,2014,mortality_u5,126.8,UN IGME (via World Bank API),2026-09-02
NER,Niger,2013,mortality_u5,128.3,UN IGME (via World Bank API),2026-09-02
NER,Niger,2012,mortality_u5,130.3,UN IGME (via World Bank API),2026-09-02
NER,Niger,2011,mortality_u5,132.7,UN IGME (via World Bank API),2026-09-02
NER,Niger,2010,mortality_u5,136.0,UN IGME (via World Bank API),2026-09-02
NER,Niger,2009,mortality_u5,140.3,UN IGME (via World Bank API),2026-09-02
NER,Niger,2008,mortality_u5,146.0,UN IGME (via World Bank API),2026-09-02
NER,Niger,2007,mortality_u5,153.1,UN IGME (via World Bank API),2026-09-02
NER,Niger,2006,mortality_u5,161.6,UN IGME (via World Bank API),2026-09-02
NER,Niger,2005,mortality_u5,171.4,UN IGME (via World Bank API),2026-09-02
NER,Niger,2004,mortality_u5,182.4,UN IGME (via World Bank API),2026-09-02
NER,Niger,2003,mortality_u5,194.1,UN IGME (via World Bank API),2026-09-02
NER,Niger,2002,mortality_u5,205.9,UN IGME (via World Bank API),2026-09-02
NER,Niger,2001,mortality_u5,217.4,UN IGME (via World Bank API),2026-09-02
NER,Niger,2000,mortality_u5,227.9,UN IGME (via World Bank API),2026-09-02
NGA,Nigeria,2023,mortality_u5,116.8,UN IGME (via World Bank API),2026-09-02
NGA,Nigeria,2022,mortality_u5,117.5,UN IGME (via World Bank API),2026-09-02
NGA,Nigeria,2021,mortality_u5,117.6,UN IGME (via World Bank API),2026-09-02
NGA,Nigeria,2020,mortality_u5,117.4,UN IGME (via World Bank API),2026-09-02
NGA,Nigeria,2019,mortality_u5,117.4,UN IGME (via World Bank API),2026-09-02
NGA,Nigeria,2018,mortality_u5,117.2,UN IGME (via World Bank API),2026-09-02
NGA,Nigeria,2017,mortality_u5,117.2,UN IGME (via World Bank API),2026-09-02
NGA,Nigeria,2016,mortality_u5,117.4,UN IGME (via World Bank API),2026-09-02
NGA,Nigeria,2015,mortality_u5,117.8,UN IGME (via World Bank API),2026-09-02
NGA,Nigeria,2014,mortality_u5,118.7,UN IGME (via World Bank API),2026-09-02
NGA,Nigeria,2013,mortality_u5,119.9,UN IGME (via World Bank API),2026-09-02
NGA,Nigeria,2012,mortality_u5,121.6,UN IGME (via World Bank API),2026-09-02
NGA,Nigeria,2011,mortality_u5,123.8,UN IGME (via World Bank API),2026-09-02
NGA,Nigeria,2010,mortality_u5,126.3,UN IGME (via World Bank API),2026-09-02
NGA,Nigeria,2009,mortality_u5,129.2,UN IGME (via World Bank API),2026-09-02
NGA,Nigeria,2008,mortality_u5,132.5,UN IGME (via World Bank API),2026-09-02
NGA,Nigeria,2007,mortality_u5,136.5,UN IGME (via World Bank API),2026-09-02
NGA,Nigeria,2006,mortality_u5,140.9,UN IGME (via World Bank API),2026-09-02
NGA,Nigeria,2005,mortality_u5,145.8,UN IGME (via World Bank API),2026-09-02
NGA,Nigeria,2004,mortality_u5,151.4,UN IGME (via World Bank API),2026-09-02
NGA,Nigeria,2003,mortality_u5,157.4,UN IGME (via World Bank API),2026-09-02
NGA,Nigeria,2002,mortality_u5,163.9,UN IGME (via World Bank API),2026-09-02
NGA,Nigeria,2001,mortality_u5,170.5,UN IGME (via World Bank API),2026-09-02
NGA,Nigeria,2000,mortality_u5,177.3,UN IGME (via World Bank API),2026-09-02
MKD,North Macedonia,2023,mortality_u5,3.4,UN IGME (via World Bank API),2026-09-02
MKD,North Macedonia,2022,mortality_u5,4.2,UN IGME (via World Bank API),2026-09-02
MKD,North Macedonia,2021,mortality_u5,5.1,UN IGME (via World Bank API),2026-09-02
MKD,North Macedonia,2020,mortality_u5,6.0,UN IGME (via World Bank API),2026-09-02
MKD,North Macedonia,2019,mortality_u5,7.1,UN IGME (via World Bank API),2026-09-02
MKD,North Macedonia,2018,mortality_u5,8.4,UN IGME (via World Bank API),2026-09-02
MKD,North Macedonia,2017,mortality_u5,9.6,UN IGME (via World Bank API),2026-09-02
MKD,North Macedonia,2016,mortality_u5,10.6,UN IGME (via World Bank API),2026-09-02
MKD,North Macedonia,2015,mortality_u5,11.1,UN IGME (via World Bank API),2026-09-02
MKD,North Macedonia,2014,mortality_u5,11.1,UN IGME (via World Bank API),2026-09-02
MKD,North Macedonia,2013,mortality_u5,10.7,UN IGME (via World Bank API),2026-09-02
MKD,North Macedonia,2012,mortality_u5,10.4,UN IGME (via World Bank API),2026-09-02
MKD,North Macedonia,2011,mortality_u5,10.2,UN IGME (via World Bank API),2026-09-02
MKD,North Macedonia,2010,mortality_u5,10.4,UN IGME (via World Bank API),2026-09-02
MKD,North Macedonia,2009,mortality_u5,10.8,UN IGME (via World Bank API),2026-09-02
MKD,North Macedonia,2008,mortality_u5,11.5,UN IGME (via World Bank API),2026-09-02
MKD,North Macedonia,2007,mortality_u5,12.3,UN IGME (via World Bank API),2026-09-02
MKD,North Macedonia,2006,mortality_u5,13.1,UN IGME (via World Bank API),2026-09-02
MKD,North Macedonia,2005,mortality_u5,13.7,UN IGME (via World Bank API),2026-09-02
MKD,North Macedonia,2004,mortality_u5,14.0,UN IGME (via World Bank API),2026-09-02
MKD,North Macedonia,2003,mortality_u5,14.2,UN IGME (via World Bank API),2026-09-02
MKD,North Macedonia,2002,mortality_u5,14.5,UN IGME (via World Bank API),2026-09-02
MKD,North Macedonia,2001,mortality_u5,15.1,UN IGME (via World Bank API),2026-09-02
MKD,North Macedonia,2000,mortality_u5,16.0,UN IGME (via World Bank API),2026-09-02
NOR,Norway,2023,mortality_u5,2.4,UN IGME (via World Bank API),2026-09-02
NOR,Norway,2022,mortality_u5,2.4,UN IGME (via World Bank API),2026-09-02
NOR,Norway,2021,mortality_u5,2.4,UN IGME (via World Bank API),2026-09-02
NOR,Norway,2020,mortality_u5,2.4,UN IGME (via World Bank API),2026-09-02
NOR,Norway,2019,mortality_u5,2.4,UN IGME (via World Bank API),2026-09-02
NOR,Norway,2018,mortality_u5,2.5,UN IGME (via World Bank API),2026-09-02
NOR,Norway,2017,mortality_u5,2.5,UN IGME (via World Bank API),2026-09-02
NOR,Norway,2016,mortality_u5,2.6,UN IGME (via World Bank API),2026-09-02
NOR,Norway,2015,mortality_u5,2.7,UN IGME (via World Bank API),2026-09-02
NOR,Norway,2014,mortality_u5,2.8,UN IGME (via World Bank API),2026-09-02
NOR,Norway,2013,mortality_u5,2.9,UN IGME (via World Bank API),2026-09-02
NOR,Norway,2012,mortality_u5,3.0,UN IGME (via World Bank API),2026-09-02
NOR,Norway,2011,mortality_u5,3.1,UN IGME (via World Bank API),2026-09-02
NOR,Norway,2010,mortality_u5,3.3,UN IGME (via World Bank API),2026-09-02
NOR,Norway,2009,mortality_u5,3.4,UN IGME (via World Bank API),2026-09-02
NOR,Norway,2008,mortality_u5,3.6,UN IGME (via World Bank API),2026-09-02
NOR,Norway,2007,mortality_u5,3.7,UN IGME (via World Bank API),2026-09-02
NOR,Norway,2006,mortality_u5,3.9,UN IGME (via World Bank API),2026-09-02
NOR,Norway,2005,mortality_u5,4.1,UN IGME (via World Bank API),2026-09-02
NOR,Norway,2004,mortality_u5,4.2,UN IGME (via World Bank API),2026-09-02
NOR,Norway,2003,mortality_u5,4.4,UN IGME (via World Bank API),2026-09-02
NOR,Norway,2002,mortality_u5,4.6,UN IGME (via World Bank API),2026-09-02
NOR,Norway,2001,mortality_u5,4.7,UN IGME (via World Bank API),2026-09-02
NOR,Norway,2000,mortality_u5,4.9,UN IGME (via World Bank API),2026-09-02
OMN,Oman,2023,mortality_u5,10.4,UN IGME (via World Bank API),2026-09-02
OMN,Oman,2022,mortality_u5,10.5,UN IGME (via World Bank API),2026-09-02
OMN,Oman,2021,mortality_u5,10.6,UN IGME (via World Bank API),2026-09-02
OMN,Oman,2020,mortality_u5,10.7,UN IGME (via World Bank API),2026-09-02
OMN,Oman,2019,mortality_u5,10.8,UN IGME (via World Bank API),2026-09-02
OMN,Oman,2018,mortality_u5,10.9,UN IGME (via World Bank API),2026-09-02
OMN,Oman,2017,mortality_u5,11.0,UN IGME (via World Bank API),2026-09-02
OMN,Oman,2016,mortality_u5,11.0,UN IGME (via World Bank API),2026-09-02
OMN,Oman,2015,mortality_u5,11.1,UN IGME (via World Bank API),2026-09-02
OMN,Oman,2014,mortality_u5,11.2,UN IGME (via World Bank API),2026-09-02
OMN,Oman,2013,mortality_u5,11.3,UN IGME (via World Bank API),2026-09-02
OMN,Oman,2012,mortality_u5,11.4,UN IGME (via World Bank API),2026-09-02
OMN,Oman,2011,mortality_u5,11.6,UN IGME (via World Bank API),2026-09-02
OMN,Oman,2010,mortality_u5,11.7,UN IGME (via World Bank API),2026-09-02
OMN,Oman,2009,mortality_u5,11.9,UN IGME (via World Bank API),2026-09-02
OMN,Oman,2008,mortality_u5,12.0,UN IGME (via World Bank API),2026-09-02
OMN,Oman,2007,mortality_u5,12.2,UN IGME (via World Bank API),2026-09-02
OMN,Oman,2006,mortality_u5,12.5,UN IGME (via World Bank API),2026-09-02
OMN,Oman,2005,mortality_u5,12.9,UN IGME (via World Bank API),2026-09-02
OMN,Oman,2004,mortality_u5,13.3,UN IGME (via World Bank API),2026-09-02
OMN,Oman,2003,mortality_u5,13.9,UN IGME (via World Bank API),2026-09-02
OMN,Oman,2002,mortality_u5,14.6,UN IGME (via World Bank API),2026-09-02
OMN,Oman,2001,mortality_u5,15.5,UN IGME (via World Bank API),2026-09-02
OMN,Oman,2000,mortality_u5,16.5,UN IGME (via World Bank API),2026-09-02
PAK,Pakistan,2023,mortality_u5,57.8,UN IGME (via World Bank API),2026-09-02
PAK,Pakistan,2022,mortality_u5,59.7,UN IGME (via World Bank API),2026-09-02
PAK,Pakistan,2021,mortality_u5,61.7,UN IGME (via World Bank API),2026-09-02
PAK,Pakistan,2020,mortality_u5,63.7,UN IGME (via World Bank API),2026-09-02
PAK,Pakistan,2019,mortality_u5,65.8,UN IGME (via World Bank API),2026-09-02
PAK,Pakistan,2018,mortality_u5,67.9,UN IGME (via World Bank API),2026-09-02
PAK,Pakistan,2017,mortality_u5,70.1,UN IGME (via World Bank API),2026-09-02
PAK,Pakistan,2016,mortality_u5,72.4,UN IGME (via World Bank API),2026-09-02
PAK,Pakistan,2015,mortality_u5,74.8,UN IGME (via World Bank API),2026-09-02
PAK,Pakistan,2014,mortality_u5,77.2,UN IGME (via World Bank API),2026-09-02
PAK,Pakistan,2013,mortality_u5,79.6,UN IGME (via World Bank API),2026-09-02
PAK,Pakistan,2012,mortality_u5,82.0,UN IGME (via World Bank API),2026-09-02
PAK,Pakistan,2011,mortality_u5,84.3,UN IGME (via World Bank API),2026-09-02
PAK,Pakistan,2010,mortality_u5,86.5,UN IGME (via World Bank API),2026-09-02
PAK,Pakistan,2009,mortality_u5,88.5,UN IGME (via World Bank API),2026-09-02
PAK,Pakistan,2008,mortality_u5,90.5,UN IGME (via World Bank API),2026-09-02
PAK,Pakistan,2007,mortality_u5,92.3,UN IGME (via World Bank API),2026-09-02
PAK,Pakistan,2006,mortality_u5,94.2,UN IGME (via World Bank API),2026-09-02
PAK,Pakistan,2005,mortality_u5,96.0,UN IGME (via World Bank API),2026-09-02
PAK,Pakistan,2004,mortality_u5,98.0,UN IGME (via World Bank API),2026-09-02
PAK,Pakistan,2003,mortality_u5,100.1,UN IGME (via World Bank API),2026-09-02
PAK,Pakistan,2002,mortality_u5,102.5,UN IGME (via World Bank API),2026-09-02
PAK,Pakistan,2001,mortality_u5,105.1,UN IGME (via World Bank API),2026-09-02
PAK,Pakistan,2000,mortality_u5,107.9,UN IGME (via World Bank API),2026-09-02
PLW,Palau,2023,mortality_u5,21.9,UN IGME (via World Bank API),2026-09-02
PLW,Palau,2022,mortality_u5,22.4,UN IGME (via World Bank API),2026-09-02
PLW,Palau,2021,mortality_u5,22.7,UN IGME (via World Bank API),2026-09-02
PLW,Palau,2020,mortality_u5,22.9,UN IGME (via World Bank API),2026-09-02
PLW,Palau,2019,mortality_u5,23.0,UN IGME (via World Bank API),2026-09-02
PLW,Palau,2018,mortality_u5,22.9,UN IGME (via World Bank API),2026-09-02
PLW,Palau,2017,mortality_u5,22.5,UN IGME (via World Bank API),2026-09-02
PLW,Palau,2016,mortality_u5,21.9,UN IGME (via World Bank API),2026-09-02
PLW,Palau,2015,mortality_u5,21.3,UN IGME (via World Bank API),2026-09-02
PLW,Palau,2014,mortality_u5,20.6,UN IGME (via World Bank API),2026-09-02
PLW,Palau,2013,mortality_u5,20.1,UN IGME (via World Bank API),2026-09-02
PLW,Palau,2012,mortality_u5,19.7,UN IGME (via World Bank API),2026-09-02
PLW,Palau,2011,mortality_u5,19.5,UN IGME (via World Bank API),2026-09-02
PLW,Palau,2010,mortality_u5,19.5,UN IGME (via World Bank API),2026-09-02
PLW,Palau,2009,mortality_u5,19.7,UN IGME (via World Bank API),2026-09-02
PLW,Palau,2008,mortality_u5,20.1,UN IGME (via World Bank API),2026-09-02
PLW,Palau,2007,mortality_u5,20.6,UN IGME (via World Bank API),2026-09-02
PLW,Palau,2006,mortality_u5,21.3,UN IGME (via World Bank API),2026-09-02
PLW,Palau,2005,mortality_u5,22.1,UN IGME (via World Bank API),2026-09-02
PLW,Palau,2004,mortality_u5,22.9,UN IGME (via World Bank API),2026-09-02
PLW,Palau,2003,mortality_u5,23.7,UN IGME (via World Bank API),2026-09-02
PLW,Palau,2002,mortality_u5,24.6,UN IGME (via World Bank API),2026-09-02
PLW,Palau,2001,mortality_u5,25.5,UN IGME (via World Bank API),2026-09-02
PLW,Palau,2000,mortality_u5,26.5,UN IGME (via World Bank API),2026-09-02
PAN,Panama,2023,mortality_u5,15.1,UN IGME (via World Bank API),2026-09-02
PAN,Panama,2022,mortality_u5,15.1,UN IGME (via World Bank API),2026-09-02
PAN,Panama,2021,mortality_u5,15.2,UN IGME (via World Bank API),2026-09-02
PAN,Panama,2020,mortality_u5,15.5,UN IGME (via World Bank API),2026-09-02
PAN,Panama,2019,mortality_u5,15.9,UN IGME (via World Bank API),2026-09-02
PAN,Panama,2018,mortality_u5,16.3,UN IGME (via World Bank API),2026-09-02
PAN,Panama,2017,mortality_u5,16.7,UN IGME (via World Bank API),2026-09-02
PAN,Panama,2016,mortality_u5,17.0,UN IGME (via World Bank API),2026-09-02
PAN,Panama,2015,mortality_u5,17.1,UN IGME (via World Bank API),2026-09-02
PAN,Panama,2014,mortality_u5,17.3,UN IGME (via World Bank API),2026-09-02
PAN,Panama,2013,mortality_u5,17.5,UN IGME (via World Bank API),2026-09-02
PAN,Panama,2012,mortality_u5,17.9,UN IGME (via World Bank API),2026-09-02
PAN,Panama,2011,mortality_u5,18.3,UN IGME (via World Bank API),2026-09-02
PAN,Panama,2010,mortality_u5,18.7,UN IGME (via World Bank API),2026-09-02
PAN,Panama,2009,mortality_u5,19.2,UN IGME (via World Bank API),2026-09-02
PAN,Panama,2008,mortality_u5,19.8,UN IGME (via World Bank API),2026-09-02
PAN,Panama,2007,mortality_u5,20.5,UN IGME (via World Bank API),2026-09-02
PAN,Panama,2006,mortality_u5,21.2,UN IGME (via World Bank API),2026-09-02
PAN,Panama,2005,mortality_u5,21.9,UN IGME (via World Bank API),2026-09-02
PAN,Panama,2004,mortality_u5,22.6,UN IGME (via World Bank API),2026-09-02
PAN,Panama,2003,mortality_u5,23.4,UN IGME (via World Bank API),2026-09-02
PAN,Panama,2002,mortality_u5,24.2,UN IGME (via World Bank API),2026-09-02
PAN,Panama,2001,mortality_u5,25.0,UN IGME (via World Bank API),2026-09-02
PAN,Panama,2000,mortality_u5,25.7,UN IGME (via World Bank API),2026-09-02
PNG,Papua New Guinea,2023,mortality_u5,40.6,UN IGME (via World Bank API),2026-09-02
PNG,Papua New Guinea,2022,mortality_u5,41.9,UN IGME (via World Bank API),2026-09-02
PNG,Papua New Guinea,2021,mortality_u5,43.2,UN IGME (via World Bank API),2026-09-02
PNG,Papua New Guinea,2020,mortality_u5,44.7,UN IGME (via World Bank API),2026-09-02
PNG,Papua New Guinea,2019,mortality_u5,46.1,UN IGME (via World Bank API),2026-09-02
PNG,Papua New Guinea,2018,mortality_u5,47.5,UN IGME (via World Bank API),2026-09-02
PNG,Papua New Guinea,2017,mortality_u5,48.9,UN IGME (via World Bank API),2026-09-02
PNG,Papua New Guinea,2016,mortality_u5,50.4,UN IGME (via World Bank API),2026-09-02
PNG,Papua New Guinea,2015,mortality_u5,57.3,UN IGME (via World Bank API),2026-09-02
PNG,Papua New Guinea,2014,mortality_u5,53.3,UN IGME (via World Bank API),2026-09-02
PNG,Papua New Guinea,2013,mortality_u5,54.7,UN IGME (via World Bank API),2026-09-02
PNG,Papua New Guinea,2012,mortality_u5,56.1,UN IGME (via World Bank API),2026-09-02
PNG,Papua New Guinea,2011,mortality_u5,57.5,UN IGME (via World Bank API),2026-09-02
PNG,Papua New Guinea,2010,mortality_u5,58.9,UN IGME (via World Bank API),2026-09-02
PNG,Papua New Guinea,2009,mortality_u5,60.3,UN IGME (via World Bank API),2026-09-02
PNG,Papua New Guinea,2008,mortality_u5,61.8,UN IGME (via World Bank API),2026-09-02
PNG,Papua New Guinea,2007,mortality_u5,63.2,UN IGME (via World Bank API),2026-09-02
PNG,Papua New Guinea,2006,mortality_u5,64.6,UN IGME (via World Bank API),2026-09-02
PNG,Papua New Guinea,2005,mortality_u5,65.9,UN IGME (via World Bank API),2026-09-02
PNG,Papua New Guinea,2004,mortality_u5,67.2,UN IGME (via World Bank API),2026-09-02
PNG,Papua New Guinea,2003,mortality_u5,68.4,UN IGME (via World Bank API),2026-09-02
PNG,Papua New Guinea,2002,mortality_u5,69.6,UN IGME (via World Bank API),2026-09-02
PNG,Papua New Guinea,2001,mortality_u5,70.8,UN IGME (via World Bank API),2026-09-02
PNG,Papua New Guinea,2000,mortality_u5,72.0,UN IGME (via World Bank API),2026-09-02
PRY,Paraguay,2023,mortality_u5,16.9,UN IGME (via World Bank API),2026-09-02
PRY,Paraguay,2022,mortality_u5,17.5,UN IGME (via World Bank API),2026-09-02
PRY,Paraguay,2021,mortality_u5,18.0,UN IGME (via World Bank API),2026-09-02
PRY,Paraguay,2020,mortality_u5,18.6,UN IGME (via World Bank API),2026-09-02
PRY,Paraguay,2019,mortality_u5,19.2,UN IGME (via World Bank API),2026-09-02
PRY,Paraguay,2018,mortality_u5,19.9,UN IGME (via World Bank API),2026-09-02
PRY,Paraguay,2017,mortality_u5,20.5,UN IGME (via World Bank API),2026-09-02
PRY,Paraguay,2016,mortality_u5,21.2,UN IGME (via World Bank API),2026-09-02
PRY,Paraguay,2015,mortality_u5,21.9,UN IGME (via World Bank API),2026-09-02
PRY,Paraguay,2014,mortality_u5,22.7,UN IGME (via World Bank API),2026-09-02
PRY,Paraguay,2013,mortality_u5,23.4,UN IGME (via World Bank API),2026-09-02
PRY,Paraguay,2012,mortality_u5,24.2,UN IGME (via World Bank API),2026-09-02
PRY,Paraguay,2011,mortality_u5,24.9,UN IGME (via World Bank API),2026-09-02
PRY,Paraguay,2010,mortality_u5,25.7,UN IGME (via World Bank API),2026-09-02
PRY,Paraguay,2009,mortality_u5,26.5,UN IGME (via World Bank API),2026-09-02
PRY,Paraguay,2008,mortality_u5,27.3,UN IGME (via World Bank API),2026-09-02
PRY,Paraguay,2007,mortality_u5,28.2,UN IGME (via World Bank API),2026-09-02
PRY,Paraguay,2006,mortality_u5,28.9,UN IGME (via World Bank API),2026-09-02
PRY,Paraguay,2005,mortality_u5,29.7,UN IGME (via World Bank API),2026-09-02
PRY,Paraguay,2004,mortality_u5,30.5,UN IGME (via World Bank API),2026-09-02
PRY,Paraguay,2003,mortality_u5,31.3,UN IGME (via World Bank API),2026-09-02
PRY,Paraguay,2002,mortality_u5,32.0,UN IGME (via World Bank API),2026-09-02
PRY,Paraguay,2001,mortality_u5,32.8,UN IGME (via World Bank API),2026-09-02
PRY,Paraguay,2000,mortality_u5,33.6,UN IGME (via World Bank API),2026-09-02
PER,Peru,2023,mortality_u5,13.3,UN IGME (via World Bank API),2026-09-02
PER,Peru,2022,mortality_u5,13.7,UN IGME (via World Bank API),2026-09-02
PER,Peru,2021,mortality_u5,14.1,UN IGME (via World Bank API),2026-09-02
PER,Peru,2020,mortality_u5,14.5,UN IGME (via World Bank API),2026-09-02
PER,Peru,2019,mortality_u5,14.9,UN IGME (via World Bank API),2026-09-02
PER,Peru,2018,mortality_u5,15.3,UN IGME (via World Bank API),2026-09-02
PER,Peru,2017,mortality_u5,15.7,UN IGME (via World Bank API),2026-09-02
PER,Peru,2016,mortality_u5,16.1,UN IGME (via World Bank API),2026-09-02
PER,Peru,2015,mortality_u5,16.6,UN IGME (via World Bank API),2026-09-02
PER,Peru,2014,mortality_u5,17.2,UN IGME (via World Bank API),2026-09-02
PER,Peru,2013,mortality_u5,17.8,UN IGME (via World Bank API),2026-09-02
PER,Peru,2012,mortality_u5,18.5,UN IGME (via World Bank API),2026-09-02
PER,Peru,2011,mortality_u5,19.3,UN IGME (via World Bank API),2026-09-02
PER,Peru,2010,mortality_u5,20.2,UN IGME (via World Bank API),2026-09-02
PER,Peru,2009,mortality_u5,21.2,UN IGME (via World Bank API),2026-09-02
PER,Peru,2008,mortality_u5,22.3,UN IGME (via World Bank API),2026-09-02
PER,Peru,2007,mortality_u5,23.6,UN IGME (via World Bank API),2026-09-02
PER,Peru,2006,mortality_u5,25.0,UN IGME (via World Bank API),2026-09-02
PER,Peru,2005,mortality_u5,26.6,UN IGME (via World Bank API),2026-09-02
PER,Peru,2004,mortality_u5,28.4,UN IGME (via World Bank API),2026-09-02
PER,Peru,2003,mortality_u5,30.4,UN IGME (via World Bank API),2026-09-02
PER,Peru,2002,mortality_u5,32.7,UN IGME (via World Bank API),2026-09-02
PER,Peru,2001,mortality_u5,35.3,UN IGME (via World Bank API),2026-09-02
PER,Peru,2000,mortality_u5,38.3,UN IGME (via World Bank API),2026-09-02
PHL,Philippines,2023,mortality_u5,27.0,UN IGME (via World Bank API),2026-09-02
PHL,Philippines,2022,mortality_u5,27.5,UN IGME (via World Bank API),2026-09-02
PHL,Philippines,2021,mortality_u5,27.9,UN IGME (via World Bank API),2026-09-02
PHL,Philippines,2020,mortality_u5,28.0,UN IGME (via World Bank API),2026-09-02
PHL,Philippines,2019,mortality_u5,28.0,UN IGME (via World Bank API),2026-09-02
PHL,Philippines,2018,mortality_u5,27.9,UN IGME (via World Bank API),2026-09-02
PHL,Philippines,2017,mortality_u5,27.8,UN IGME (via World Bank API),2026-09-02
PHL,Philippines,2016,mortality_u5,27.8,UN IGME (via World Bank API),2026-09-02
PHL,Philippines,2015,mortality_u5,27.9,UN IGME (via World Bank API),2026-09-02
PHL,Philippines,2014,mortality_u5,28.0,UN IGME (via World Bank API),2026-09-02
PHL,Philippines,2013,mortality_u5,28.3,UN IGME (via World Bank API),2026-09-02
PHL,Philippines,2012,mortality_u5,28.6,UN IGME (via World Bank API),2026-09-02
PHL,Philippines,2011,mortality_u5,29.0,UN IGME (via World Bank API),2026-09-02
PHL,Philippines,2010,mortality_u5,29.5,UN IGME (via World Bank API),2026-09-02
PHL,Philippines,2009,mortality_u5,30.1,UN IGME (via World Bank API),2026-09-02
PHL,Philippines,2008,mortality_u5,30.7,UN IGME (via World Bank API),2026-09-02
PHL,Philippines,2007,mortality_u5,31.3,UN IGME (via World Bank API),2026-09-02
PHL,Philippines,2006,mortality_u5,32.0,UN IGME (via World Bank API),2026-09-02
PHL,Philippines,2005,mortality_u5,32.8,UN IGME (via World Bank API),2026-09-02
PHL,Philippines,2004,mortality_u5,33.6,UN IGME (via World Bank API),2026-09-02
PHL,Philippines,2003,mortality_u5,34.4,UN IGME (via World Bank API),2026-09-02
PHL,Philippines,2002,mortality_u5,35.2,UN IGME (via World Bank API),2026-09-02
PHL,Philippines,2001,mortality_u5,36.0,UN IGME (via World Bank API),2026-09-02
PHL,Philippines,2000,mortality_u5,36.8,UN IGME (via World Bank API),2026-09-02
POL,Poland,2023,mortality_u5,4.3,UN IGME (via World Bank API),2026-09-02
POL,Poland,2022,mortality_u5,4.3,UN IGME (via World Bank API),2026-09-02
POL,Poland,2021,mortality_u5,4.4,UN IGME (via World Bank API),2026-09-02
POL,Poland,2020,mortality_u5,4.4,UN IGME (via World Bank API),2026-09-02
POL,Poland,2019,mortality_u5,4.5,UN IGME (via World Bank API),2026-09-02
POL,Poland,2018,mortality_u5,4.5,UN IGME (via World Bank API),2026-09-02
POL,Poland,2017,mortality_u5,4.6,UN IGME (via World Bank API),2026-09-02
POL,Poland,2016,mortality_u5,4.8,UN IGME (via World Bank API),2026-09-02
POL,Poland,2015,mortality_u5,4.9,UN IGME (via World Bank API),2026-09-02
POL,Poland,2014,mortality_u5,5.0,UN IGME (via World Bank API),2026-09-02
POL,Poland,2013,mortality_u5,5.2,UN IGME (via World Bank API),2026-09-02
POL,Poland,2012,mortality_u5,5.4,UN IGME (via World Bank API),2026-09-02
POL,Poland,2011,mortality_u5,5.7,UN IGME (via World Bank API),2026-09-02
POL,Poland,2010,mortality_u5,6.0,UN IGME (via World Bank API),2026-09-02
POL,Poland,2009,mortality_u5,6.3,UN IGME (via World Bank API),2026-09-02
POL,Poland,2008,mortality_u5,6.7,UN IGME (via World Bank API),2026-09-02
POL,Poland,2007,mortality_u5,7.0,UN IGME (via World Bank API),2026-09-02
POL,Poland,2006,mortality_u5,7.3,UN IGME (via World Bank API),2026-09-02
POL,Poland,2005,mortality_u5,7.6,UN IGME (via World Bank API),2026-09-02
POL,Poland,2004,mortality_u5,7.8,UN IGME (via World Bank API),2026-09-02
POL,Poland,2003,mortality_u5,8.1,UN IGME (via World Bank API),2026-09-02
POL,Poland,2002,mortality_u5,8.4,UN IGME (via World Bank API),2026-09-02
POL,Poland,2001,mortality_u5,8.8,UN IGME (via World Bank API),2026-09-02
POL,Poland,2000,mortality_u5,9.3,UN IGME (via World Bank API),2026-09-02
PRT,Portugal,2023,mortality_u5,3.2,UN IGME (via World Bank API),2026-09-02
PRT,Portugal,2022,mortality_u5,3.3,UN IGME (via World Bank API),2026-09-02
PRT,Portugal,2021,mortality_u5,3.3,UN IGME (via World Bank API),2026-09-02
PRT,Portugal,2020,mortality_u5,3.4,UN IGME (via World Bank API),2026-09-02
PRT,Portugal,2019,mortality_u5,3.5,UN IGME (via World Bank API),2026-09-02
PRT,Portugal,2018,mortality_u5,3.5,UN IGME (via World Bank API),2026-09-02
PRT,Portugal,2017,mortality_u5,3.6,UN IGME (via World Bank API),2026-09-02
PRT,Portugal,2016,mortality_u5,3.6,UN IGME (via World Bank API),2026-09-02
PRT,Portugal,2015,mortality_u5,3.6,UN IGME (via World Bank API),2026-09-02
PRT,Portugal,2014,mortality_u5,3.6,UN IGME (via World Bank API),2026-09-02
PRT,Portugal,2013,mortality_u5,3.6,UN IGME (via World Bank API),2026-09-02
PRT,Portugal,2012,mortality_u5,3.7,UN IGME (via World Bank API),2026-09-02
PRT,Portugal,2011,mortality_u5,3.7,UN IGME (via World Bank API),2026-09-02
PRT,Portugal,2010,mortality_u5,3.8,UN IGME (via World Bank API),2026-09-02
PRT,Portugal,2009,mortality_u5,3.9,UN IGME (via World Bank API),2026-09-02
PRT,Portugal,2008,mortality_u5,4.0,UN IGME (via World Bank API),2026-09-02
PRT,Portugal,2007,mortality_u5,4.2,UN IGME (via World Bank API),2026-09-02
PRT,Portugal,2006,mortality_u5,4.4,UN IGME (via World Bank API),2026-09-02
PRT,Portugal,2005,mortality_u5,4.7,UN IGME (via World Bank API),2026-09-02
PRT,Portugal,2004,mortality_u5,5.0,UN IGME (via World Bank API),2026-09-02
PRT,Portugal,2003,mortality_u5,5.5,UN IGME (via World Bank API),2026-09-02
PRT,Portugal,2002,mortality_u5,6.0,UN IGME (via World Bank API),2026-09-02
PRT,Portugal,2001,mortality_u5,6.6,UN IGME (via World Bank API),2026-09-02
PRT,Portugal,2000,mortality_u5,7.2,UN IGME (via World Bank API),2026-09-02
QAT,Qatar,2023,mortality_u5,6.0,UN IGME (via World Bank API),2026-09-02
QAT,Qatar,2022,mortality_u5,6.1,UN IGME (via World Bank API),2026-09-02
QAT,Qatar,2021,mortality_u5,6.2,UN IGME (via World Bank API),2026-09-02
QAT,Qatar,2020,mortality_u5,6.3,UN IGME (via World Bank API),2026-09-02
QAT,Qatar,2019,mortality_u5,6.6,UN IGME (via World Bank API),2026-09-02
QAT,Qatar,2018,mortality_u5,6.8,UN IGME (via World Bank API),2026-09-02
QAT,Qatar,2017,mortality_u5,7.1,UN IGME (via World Bank API),2026-09-02
QAT,Qatar,2016,mortality_u5,7.5,UN IGME (via World Bank API),2026-09-02
QAT,Qatar,2015,mortality_u5,7.8,UN IGME (via World Bank API),2026-09-02
QAT,Qatar,2014,mortality_u5,8.1,UN IGME (via World Bank API),2026-09-02
QAT,Qatar,2013,mortality_u5,8.4,UN IGME (via World Bank API),2026-09-02
QAT,Qatar,2012,mortality_u5,8.7,UN IGME (via World Bank API),2026-09-02
QAT,Qatar,2011,mortality_u5,8.9,UN IGME (via World Bank API),2026-09-02
QAT,Qatar,2010,mortality_u5,9.1,UN IGME (via World Bank API),2026-09-02
QAT,Qatar,2009,mortality_u5,9.3,UN IGME (via World Bank API),2026-09-02
QAT,Qatar,2008,mortality_u5,9.6,UN IGME (via World Bank API),2026-09-02
QAT,Qatar,2007,mortality_u5,9.8,UN IGME (via World Bank API),2026-09-02
QAT,Qatar,2006,mortality_u5,10.1,UN IGME (via World Bank API),2026-09-02
QAT,Qatar,2005,mortality_u5,10.4,UN IGME (via World Bank API),2026-09-02
QAT,Qatar,2004,mortality_u5,10.8,UN IGME (via World Bank API),2026-09-02
QAT,Qatar,2003,mortality_u5,11.2,UN IGME (via World Bank API),2026-09-02
QAT,Qatar,2002,mortality_u5,11.6,UN IGME (via World Bank API),2026-09-02
QAT,Qatar,2001,mortality_u5,12.0,UN IGME (via World Bank API),2026-09-02
QAT,Qatar,2000,mortality_u5,12.5,UN IGME (via World Bank API),2026-09-02
ROU,Romania,2023,mortality_u5,6.9,UN IGME (via World Bank API),2026-09-02
ROU,Romania,2022,mortality_u5,6.6,UN IGME (via World Bank API),2026-09-02
ROU,Romania,2021,mortality_u5,6.4,UN IGME (via World Bank API),2026-09-02
ROU,Romania,2020,mortality_u5,6.5,UN IGME (via World Bank API),2026-09-02
ROU,Romania,2019,mortality_u5,6.8,UN IGME (via World Bank API),2026-09-02
ROU,Romania,2018,mortality_u5,7.3,UN IGME (via World Bank API),2026-09-02
ROU,Romania,2017,mortality_u5,7.9,UN IGME (via World Bank API),2026-09-02
ROU,Romania,2016,mortality_u5,8.5,UN IGME (via World Bank API),2026-09-02
ROU,Romania,2015,mortality_u5,9.2,UN IGME (via World Bank API),2026-09-02
ROU,Romania,2014,mortality_u5,9.9,UN IGME (via World Bank API),2026-09-02
ROU,Romania,2013,mortality_u5,10.6,UN IGME (via World Bank API),2026-09-02
ROU,Romania,2012,mortality_u5,11.2,UN IGME (via World Bank API),2026-09-02
ROU,Romania,2011,mortality_u5,11.8,UN IGME (via World Bank API),2026-09-02
ROU,Romania,2010,mortality_u5,12.4,UN IGME (via World Bank API),2026-09-02
ROU,Romania,2009,mortality_u5,13.0,UN IGME (via World Bank API),2026-09-02
ROU,Romania,2008,mortality_u5,13.9,UN IGME (via World Bank API),2026-09-02
ROU,Romania,2007,mortality_u5,15.2,UN IGME (via World Bank API),2026-09-02
ROU,Romania,2006,mortality_u5,16.7,UN IGME (via World Bank API),2026-09-02
ROU,Romania,2005,mortality_u5,18.2,UN IGME (via World Bank API),2026-09-02
ROU,Romania,2004,mortality_u5,19.3,UN IGME (via World Bank API),2026-09-02
ROU,Romania,2003,mortality_u5,19.9,UN IGME (via World Bank API),2026-09-02
ROU,Romania,2002,mortality_u5,20.2,UN IGME (via World Bank API),2026-09-02
ROU,Romania,2001,mortality_u5,20.6,UN IGME (via World Bank API),2026-09-02
ROU,Romania,2000,mortality_u5,21.4,UN IGME (via World Bank API),2026-09-02
RUS,Russian Federation,2023,mortality_u5,5.3,UN IGME (via World Bank API),2026-09-02
RUS,Russian Federation,2022,mortality_u5,5.4,UN IGME (via World Bank API),2026-09-02
RUS,Russian Federation,2021,mortality_u5,5.5,UN IGME (via World Bank API),2026-09-02
RUS,Russian Federation,2020,mortality_u5,5.7,UN IGME (via World Bank API),2026-09-02
RUS,Russian Federation,2019,mortality_u5,6.0,UN IGME (via World Bank API),2026-09-02
RUS,Russian Federation,2018,mortality_u5,6.4,UN IGME (via World Bank API),2026-09-02
RUS,Russian Federation,2017,mortality_u5,6.9,UN IGME (via World Bank API),2026-09-02
RUS,Russian Federation,2016,mortality_u5,7.5,UN IGME (via World Bank API),2026-09-02
RUS,Russian Federation,2015,mortality_u5,8.2,UN IGME (via World Bank API),2026-09-02
RUS,Russian Federation,2014,mortality_u5,8.9,UN IGME (via World Bank API),2026-09-02
RUS,Russian Federation,2013,mortality_u5,9.5,UN IGME (via World Bank API),2026-09-02
RUS,Russian Federation,2012,mortality_u5,9.9,UN IGME (via World Bank API),2026-09-02
RUS,Russian Federation,2011,mortality_u5,10.2,UN IGME (via World Bank API),2026-09-02
RUS,Russian Federation,2010,mortality_u5,10.4,UN IGME (via World Bank API),2026-09-02
RUS,Russian Federation,2009,mortality_u5,10.7,UN IGME (via World Bank API),2026-09-02
RUS,Russian Federation,2008,mortality_u5,11.3,UN IGME (via World Bank API),2026-09-02
RUS,Russian Federation,2007,mortality_u5,12.0,UN IGME (via World Bank API),2026-09-02
RUS,Russian Federation,2006,mortality_u5,12.8,UN IGME (via World Bank API),2026-09-02
RUS,Russian Federation,2005,mortality_u5,13.9,UN IGME (via World Bank API),2026-09-02
RUS,Russian Federation,2004,mortality_u5,15.0,UN IGME (via World Bank API),2026-09-02
RUS,Russian Federation,2003,mortality_u5,16.1,UN IGME (via World Bank API),2026-09-02
RUS,Russian Federation,2002,mortality_u5,17.3,UN IGME (via World Bank API),2026-09-02
RUS,Russian Federation,2001,mortality_u5,18.4,UN IGME (via World Bank API),2026-09-02
RUS,Russian Federation,2000,mortality_u5,19.4,UN IGME (via World Bank API),2026-09-02
RWA,Rwanda,2023,mortality_u5,38.8,UN IGME (via World Bank API),2026-09-02
RWA,Rwanda,2022,mortality_u5,39.7,UN IGME (via World Bank API),2026-09-02
RWA,Rwanda,2021,mortality_u5,40.6,UN IGME (via World Bank API),2026-09-02
RWA,Rwanda,2020,mortality_u5,41.6,UN IGME (via World Bank API),2026-09-02
RWA,Rwanda,2019,mortality_u5,42.7,UN IGME (via World Bank API),2026-09-02
RWA,Rwanda,2018,mortality_u5,43.7,UN IGME (via World Bank API),2026-09-02
RWA,Rwanda,2017,mortality_u5,44.7,UN IGME (via World Bank API),2026-09-02
RWA,Rwanda,2016,mortality_u5,45.8,UN IGME (via World Bank API),2026-09-02
RWA,Rwanda,2015,mortality_u5,47.3,UN IGME (via World Bank API),2026-09-02
RWA,Rwanda,2014,mortality_u5,49.2,UN IGME (via World Bank API),2026-09-02
RWA,Rwanda,2013,mortality_u5,51.4,UN IGME (via World Bank API),2026-09-02
RWA,Rwanda,2012,mortality_u5,54.2,UN IGME (via World Bank API),2026-09-02
RWA,Rwanda,2011,mortality_u5,58.1,UN IGME (via World Bank API),2026-09-02
RWA,Rwanda,2010,mortality_u5,63.3,UN IGME (via World Bank API),2026-09-02
RWA,Rwanda,2009,mortality_u5,69.1,UN IGME (via World Bank API),2026-09-02
RWA,Rwanda,2008,mortality_u5,76.0,UN IGME (via World Bank API),2026-09-02
RWA,Rwanda,2007,mortality_u5,84.1,UN IGME (via World Bank API),2026-09-02
RWA,Rwanda,2006,mortality_u5,93.4,UN IGME (via World Bank API),2026-09-02
RWA,Rwanda,2005,mortality_u5,104.5,UN IGME (via World Bank API),2026-09-02
RWA,Rwanda,2004,mortality_u5,117.5,UN IGME (via World Bank API),2026-09-02
RWA,Rwanda,2003,mortality_u5,132.7,UN IGME (via World Bank API),2026-09-02
RWA,Rwanda,2002,mortality_u5,149.1,UN IGME (via World Bank API),2026-09-02
RWA,Rwanda,2001,mortality_u5,166.5,UN IGME (via World Bank API),2026-09-02
RWA,Rwanda,2000,mortality_u5,184.2,UN IGME (via World Bank API),2026-09-02
WSM,Samoa,2023,mortality_u5,15.3,UN IGME (via World Bank API),2026-09-02
WSM,Samoa,2022,mortality_u5,15.8,UN IGME (via World Bank API),2026-09-02
WSM,Samoa,2021,mortality_u5,16.2,UN IGME (via World Bank API),2026-09-02
WSM,Samoa,2020,mortality_u5,16.7,UN IGME (via World Bank API),2026-09-02
WSM,Samoa,2019,mortality_u5,20.0,UN IGME (via World Bank API),2026-09-02
WSM,Samoa,2018,mortality_u5,17.5,UN IGME (via World Bank API),2026-09-02
WSM,Samoa,2017,mortality_u5,17.8,UN IGME (via World Bank API),2026-09-02
WSM,Samoa,2016,mortality_u5,18.1,UN IGME (via World Bank API),2026-09-02
WSM,Samoa,2015,mortality_u5,18.3,UN IGME (via World Bank API),2026-09-02
WSM,Samoa,2014,mortality_u5,18.5,UN IGME (via World Bank API),2026-09-02
WSM,Samoa,2013,mortality_u5,18.7,UN IGME (via World Bank API),2026-09-02
WSM,Samoa,2012,mortality_u5,18.8,UN IGME (via World Bank API),2026-09-02
WSM,Samoa,2011,mortality_u5,19.0,UN IGME (via World Bank API),2026-09-02
WSM,Samoa,2010,mortality_u5,19.1,UN IGME (via World Bank API),2026-09-02
WSM,Samoa,2009,mortality_u5,25.3,UN IGME (via World Bank API),2026-09-02
WSM,Samoa,2008,mortality_u5,19.0,UN IGME (via World Bank API),2026-09-02
WSM,Samoa,2007,mortality_u5,19.0,UN IGME (via World Bank API),2026-09-02
WSM,Samoa,2006,mortality_u5,19.0,UN IGME (via World Bank API),2026-09-02
WSM,Samoa,2005,mortality_u5,19.0,UN IGME (via World Bank API),2026-09-02
WSM,Samoa,2004,mortality_u5,19.1,UN IGME (via World Bank API),2026-09-02
WSM,Samoa,2003,mortality_u5,19.4,UN IGME (via World Bank API),2026-09-02
WSM,Samoa,2002,mortality_u5,19.8,UN IGME (via World Bank API),2026-09-02
WSM,Samoa,2001,mortality_u5,20.3,UN IGME (via World Bank API),2026-09-02
WSM,Samoa,2000,mortality_u5,21.0,UN IGME (via World Bank API),2026-09-02
SMR,San Marino,2023,mortality_u5,1.3,UN IGME (via World Bank API),2026-09-02
SMR,San Marino,2022,mortality_u5,1.4,UN IGME (via World Bank API),2026-09-02
SMR,San Marino,2021,mortality_u5,1.4,UN IGME (via World Bank API),2026-09-02
SMR,San Marino,2020,mortality_u5,1.5,UN IGME (via World Bank API),2026-09-02
SMR,San Marino,2019,mortality_u5,1.5,UN IGME (via World Bank API),2026-09-02
SMR,San Marino,2018,mortality_u5,1.6,UN IGME (via World Bank API),2026-09-02
SMR,San Marino,2017,mortality_u5,1.7,UN IGME (via World Bank API),2026-09-02
SMR,San Marino,2016,mortality_u5,1.8,UN IGME (via World Bank API),2026-09-02
SMR,San Marino,2015,mortality_u5,1.9,UN IGME (via World Bank API),2026-09-02
SMR,San Marino,2014,mortality_u5,2.0,UN IGME (via World Bank API),2026-09-02
SMR,San Marino,2013,mortality_u5,2.1,UN IGME (via World Bank API),2026-09-02
SMR,San Marino,2012,mortality_u5,2.3,UN IGME (via World Bank API),2026-09-02
SMR,San Marino,2011,mortality_u5,2.4,UN IGME (via World Bank API),2026-09-02
SMR,San Marino,2010,mortality_u5,2.6,UN IGME (via World Bank API),2026-09-02
SMR,San Marino,2009,mortality_u5,2.7,UN IGME (via World Bank API),2026-09-02
SMR,San Marino,2008,mortality_u5,2.9,UN IGME (via World Bank API),2026-09-02
SMR,San Marino,2007,mortality_u5,3.1,UN IGME (via World Bank API),2026-09-02
SMR,San Marino,2006,mortality_u5,3.3,UN IGME (via World Bank API),2026-09-02
SMR,San Marino,2005,mortality_u5,3.6,UN IGME (via World Bank API),2026-09-02
SMR,San Marino,2004,mortality_u5,3.8,UN IGME (via World Bank API),2026-09-02
SMR,San Marino,2003,mortality_u5,4.1,UN IGME (via World Bank API),2026-09-02
SMR,San Marino,2002,mortality_u5,4.5,UN IGME (via World Bank API),2026-09-02
SMR,San Marino,2001,mortality_u5,4.8,UN IGME (via World Bank API),2026-09-02
SMR,San Marino,2000,mortality_u5,5.2,UN IGME (via World Bank API),2026-09-02
STP,Sao Tome and Principe,2023,mortality_u5,14.1,UN IGME (via World Bank API),2026-09-02
STP,Sao Tome and Principe,2022,mortality_u5,14.7,UN IGME (via World Bank API),2026-09-02
STP,Sao Tome and Principe,2021,mortality_u5,15.3,UN IGME (via World Bank API),2026-09-02
STP,Sao Tome and Principe,2020,mortality_u5,16.1,UN IGME (via World Bank API),2026-09-02
STP,Sao Tome and Principe,2019,mortality_u5,17.1,UN IGME (via World Bank API),2026-09-02
STP,Sao Tome and Principe,2018,mortality_u5,18.2,UN IGME (via World Bank API),2026-09-02
STP,Sao Tome and Principe,2017,mortality_u5,19.6,UN IGME (via World Bank API),2026-09-02
STP,Sao Tome and Principe,2016,mortality_u5,21.3,UN IGME (via World Bank API),2026-09-02
STP,Sao Tome and Principe,2015,mortality_u5,23.3,UN IGME (via World Bank API),2026-09-02
STP,Sao Tome and Principe,2014,mortality_u5,25.5,UN IGME (via World Bank API),2026-09-02
STP,Sao Tome and Principe,2013,mortality_u5,27.9,UN IGME (via World Bank API),2026-09-02
STP,Sao Tome and Principe,2012,mortality_u5,30.4,UN IGME (via World Bank API),2026-09-02
STP,Sao Tome and Principe,2011,mortality_u5,33.2,UN IGME (via World Bank API),2026-09-02
STP,Sao Tome and Principe,2010,mortality_u5,36.2,UN IGME (via World Bank API),2026-09-02
STP,Sao Tome and Principe,2009,mortality_u5,39.5,UN IGME (via World Bank API),2026-09-02
STP,Sao Tome and Principe,2008,mortality_u5,43.1,UN IGME (via World Bank API),2026-09-02
STP,Sao Tome and Principe,2007,mortality_u5,46.9,UN IGME (via World Bank API),2026-09-02
STP,Sao Tome and Principe,2006,mortality_u5,51.1,UN IGME (via World Bank API),2026-09-02
STP,Sao Tome and Principe,2005,mortality_u5,55.7,UN IGME (via World Bank API),2026-09-02
STP,Sao Tome and Principe,2004,mortality_u5,60.5,UN IGME (via World Bank API),2026-09-02
STP,Sao Tome and Principe,2003,mortality_u5,65.7,UN IGME (via World Bank API),2026-09-02
STP,Sao Tome and Principe,2002,mortality_u5,71.1,UN IGME (via World Bank API),2026-09-02
STP,Sao Tome and Principe,2001,mortality_u5,76.7,UN IGME (via World Bank API),2026-09-02
STP,Sao Tome and Principe,2000,mortality_u5,82.2,UN IGME (via World Bank API),2026-09-02
SAU,Saudi Arabia,2023,mortality_u5,6.2,UN IGME (via World Bank API),2026-09-02
SAU,Saudi Arabia,2022,mortality_u5,6.4,UN IGME (via World Bank API),2026-09-02
SAU,Saudi Arabia,2021,mortality_u5,6.7,UN IGME (via World Bank API),2026-09-02
SAU,Saudi Arabia,2020,mortality_u5,6.9,UN IGME (via World Bank API),2026-09-02
SAU,Saudi Arabia,2019,mortality_u5,7.2,UN IGME (via World Bank API),2026-09-02
SAU,Saudi Arabia,2018,mortality_u5,7.6,UN IGME (via World Bank API),2026-09-02
SAU,Saudi Arabia,2017,mortality_u5,8.0,UN IGME (via World Bank API),2026-09-02
SAU,Saudi Arabia,2016,mortality_u5,8.5,UN IGME (via World Bank API),2026-09-02
SAU,Saudi Arabia,2015,mortality_u5,9.0,UN IGME (via World Bank API),2026-09-02
SAU,Saudi Arabia,2014,mortality_u5,9.6,UN IGME (via World Bank API),2026-09-02
SAU,Saudi Arabia,2013,mortality_u5,10.1,UN IGME (via World Bank API),2026-09-02
SAU,Saudi Arabia,2012,mortality_u5,10.8,UN IGME (via World Bank API),2026-09-02
SAU,Saudi Arabia,2011,mortality_u5,11.4,UN IGME (via World Bank API),2026-09-02
SAU,Saudi Arabia,2010,mortality_u5,12.1,UN IGME (via World Bank API),2026-09-02
SAU,Saudi Arabia,2009,mortality_u5,12.9,UN IGME (via World Bank API),2026-09-02
SAU,Saudi Arabia,2008,mortality_u5,13.7,UN IGME (via World Bank API),2026-09-02
SAU,Saudi Arabia,2007,mortality_u5,14.5,UN IGME (via World Bank API),2026-09-02
SAU,Saudi Arabia,2006,mortality_u5,15.4,UN IGME (via World Bank API),2026-09-02
SAU,Saudi Arabia,2005,mortality_u5,16.3,UN IGME (via World Bank API),2026-09-02
SAU,Saudi Arabia,2004,mortality_u5,17.3,UN IGME (via World Bank API),2026-09-02
SAU,Saudi Arabia,2003,mortality_u5,18.4,UN IGME (via World Bank API),2026-09-02
SAU,Saudi Arabia,2002,mortality_u5,19.4,UN IGME (via World Bank API),2026-09-02
SAU,Saudi Arabia,2001,mortality_u5,20.6,UN IGME (via World Bank API),2026-09-02
SAU,Saudi Arabia,2000,mortality_u5,21.9,UN IGME (via World Bank API),2026-09-02
SEN,Senegal,2023,mortality_u5,38.2,UN IGME (via World Bank API),2026-09-02
SEN,Senegal,2022,mortality_u5,40.1,UN IGME (via World Bank API),2026-09-02
SEN,Senegal,2021,mortality_u5,42.2,UN IGME (via World Bank API),2026-09-02
SEN,Senegal,2020,mortality_u5,44.2,UN IGME (via World Bank API),2026-09-02
SEN,Senegal,2019,mortality_u5,46.2,UN IGME (via World Bank API),2026-09-02
SEN,Senegal,2018,mortality_u5,47.9,UN IGME (via World Bank API),2026-09-02
SEN,Senegal,2017,mortality_u5,49.4,UN IGME (via World Bank API),2026-09-02
SEN,Senegal,2016,mortality_u5,50.8,UN IGME (via World Bank API),2026-09-02
SEN,Senegal,2015,mortality_u5,52.2,UN IGME (via World Bank API),2026-09-02
SEN,Senegal,2014,mortality_u5,53.7,UN IGME (via World Bank API),2026-09-02
SEN,Senegal,2013,mortality_u5,55.5,UN IGME (via World Bank API),2026-09-02
SEN,Senegal,2012,mortality_u5,57.6,UN IGME (via World Bank API),2026-09-02
SEN,Senegal,2011,mortality_u5,60.0,UN IGME (via World Bank API),2026-09-02
SEN,Senegal,2010,mortality_u5,62.8,UN IGME (via World Bank API),2026-09-02
SEN,Senegal,2009,mortality_u5,66.1,UN IGME (via World Bank API),2026-09-02
SEN,Senegal,2008,mortality_u5,70.1,UN IGME (via World Bank API),2026-09-02
SEN,Senegal,2007,mortality_u5,75.0,UN IGME (via World Bank API),2026-09-02
SEN,Senegal,2006,mortality_u5,80.8,UN IGME (via World Bank API),2026-09-02
SEN,Senegal,2005,mortality_u5,87.6,UN IGME (via World Bank API),2026-09-02
SEN,Senegal,2004,mortality_u5,95.5,UN IGME (via World Bank API),2026-09-02
SEN,Senegal,2003,mortality_u5,104.2,UN IGME (via World Bank API),2026-09-02
SEN,Senegal,2002,mortality_u5,113.2,UN IGME (via World Bank API),2026-09-02
SEN,Senegal,2001,mortality_u5,121.7,UN IGME (via World Bank API),2026-09-02
SEN,Senegal,2000,mortality_u5,128.9,UN IGME (via World Bank API),2026-09-02
SRB,Serbia,2023,mortality_u5,5.4,UN IGME (via World Bank API),2026-09-02
SRB,Serbia,2022,mortality_u5,5.4,UN IGME (via World Bank API),2026-09-02
SRB,Serbia,2021,mortality_u5,5.4,UN IGME (via World Bank API),2026-09-02
SRB,Serbia,2020,mortality_u5,5.5,UN IGME (via World Bank API),2026-09-02
SRB,Serbia,2019,mortality_u5,5.6,UN IGME (via World Bank API),2026-09-02
SRB,Serbia,2018,mortality_u5,5.8,UN IGME (via World Bank API),2026-09-02
SRB,Serbia,2017,mortality_u5,5.9,UN IGME (via World Bank API),2026-09-02
SRB,Serbia,2016,mortality_u5,6.1,UN IGME (via World Bank API),2026-09-02
SRB,Serbia,2015,mortality_u5,6.3,UN IGME (via World Bank API),2026-09-02
SRB,Serbia,2014,mortality_u5,6.6,UN IGME (via World Bank API),2026-09-02
SRB,Serbia,2013,mortality_u5,6.8,UN IGME (via World Bank API),2026-09-02
SRB,Serbia,2012,mortality_u5,7.1,UN IGME (via World Bank API),2026-09-02
SRB,Serbia,2011,mortality_u5,7.4,UN IGME (via World Bank API),2026-09-02
SRB,Serbia,2010,mortality_u5,7.6,UN IGME (via World Bank API),2026-09-02
SRB,Serbia,2009,mortality_u5,7.8,UN IGME (via World Bank API),2026-09-02
SRB,Serbia,2008,mortality_u5,7.9,UN IGME (via World Bank API),2026-09-02
SRB,Serbia,2007,mortality_u5,8.1,UN IGME (via World Bank API),2026-09-02
SRB,Serbia,2006,mortality_u5,8.5,UN IGME (via World Bank API),2026-09-02
SRB,Serbia,2005,mortality_u5,9.0,UN IGME (via World Bank API),2026-09-02
SRB,Serbia,2004,mortality_u5,9.7,UN IGME (via World Bank API),2026-09-02
SRB,Serbia,2003,mortality_u5,10.6,UN IGME (via World Bank API),2026-09-02
SRB,Serbia,2002,mortality_u5,11.4,UN IGME (via World Bank API),2026-09-02
SRB,Serbia,2001,mortality_u5,12.1,UN IGME (via World Bank API),2026-09-02
SRB,Serbia,2000,mortality_u5,12.7,UN IGME (via World Bank API),2026-09-02
SYC,Seychelles,2023,mortality_u5,14.3,UN IGME (via World Bank API),2026-09-02
SYC,Seychelles,2022,mortality_u5,14.5,UN IGME (via World Bank API),2026-09-02
SYC,Seychelles,2021,mortality_u5,14.7,UN IGME (via World Bank API),2026-09-02
SYC,Seychelles,2020,mortality_u5,14.8,UN IGME (via World Bank API),2026-09-02
SYC,Seychelles,2019,mortality_u5,14.8,UN IGME (via World Bank API),2026-09-02
SYC,Seychelles,2018,mortality_u5,14.8,UN IGME (via World Bank API),2026-09-02
SYC,Seychelles,2017,mortality_u5,14.7,UN IGME (via World Bank API),2026-09-02
SYC,Seychelles,2016,mortality_u5,14.7,UN IGME (via World Bank API),2026-09-02
SYC,Seychelles,2015,mortality_u5,14.6,UN IGME (via World Bank API),2026-09-02
SYC,Seychelles,2014,mortality_u5,14.5,UN IGME (via World Bank API),2026-09-02
SYC,Seychelles,2013,mortality_u5,14.4,UN IGME (via World Bank API),2026-09-02
SYC,Seychelles,2012,mortality_u5,14.3,UN IGME (via World Bank API),2026-09-02
SYC,Seychelles,2011,mortality_u5,14.2,UN IGME (via World Bank API),2026-09-02
SYC,Seychelles,2010,mortality_u5,14.1,UN IGME (via World Bank API),2026-09-02
SYC,Seychelles,2009,mortality_u5,14.0,UN IGME (via World Bank API),2026-09-02
SYC,Seychelles,2008,mortality_u5,13.9,UN IGME (via World Bank API),2026-09-02
SYC,Seychelles,2007,mortality_u5,13.9,UN IGME (via World Bank API),2026-09-02
SYC,Seychelles,2006,mortality_u5,13.8,UN IGME (via World Bank API),2026-09-02
SYC,Seychelles,2005,mortality_u5,13.8,UN IGME (via World Bank API),2026-09-02
SYC,Seychelles,2004,mortality_u5,13.8,UN IGME (via World Bank API),2026-09-02
SYC,Seychelles,2003,mortality_u5,13.8,UN IGME (via World Bank API),2026-09-02
SYC,Seychelles,2002,mortality_u5,13.7,UN IGME (via World Bank API),2026-09-02
SYC,Seychelles,2001,mortality_u5,13.8,UN IGME (via World Bank API),2026-09-02
SYC,Seychelles,2000,mortality_u5,13.8,UN IGME (via World Bank API),2026-09-02
SLE,Sierra Leone,2023,mortality_u5,93.8,UN IGME (via World Bank API),2026-09-02
SLE,Sierra Leone,2022,mortality_u5,97.1,UN IGME (via World Bank API),2026-09-02
SLE,Sierra Leone,2021,mortality_u5,100.6,UN IGME (via World Bank API),2026-09-02
SLE,Sierra Leone,2020,mortality_u5,104.4,UN IGME (via World Bank API),2026-09-02
SLE,Sierra Leone,2019,mortality_u5,108.3,UN IGME (via World Bank API),2026-09-02
SLE,Sierra Leone,2018,mortality_u5,112.4,UN IGME (via World Bank API),2026-09-02
SLE,Sierra Leone,2017,mortality_u5,117.0,UN IGME (via World Bank API),2026-09-02
SLE,Sierra Leone,2016,mortality_u5,121.8,UN IGME (via World Bank API),2026-09-02
SLE,Sierra Leone,2015,mortality_u5,136.8,UN IGME (via World Bank API),2026-09-02
SLE,Sierra Leone,2014,mortality_u5,135.9,UN IGME (via World Bank API),2026-09-02
SLE,Sierra Leone,2013,mortality_u5,137.9,UN IGME (via World Bank API),2026-09-02
SLE,Sierra Leone,2012,mortality_u5,144.1,UN IGME (via World Bank API),2026-09-02
SLE,Sierra Leone,2011,mortality_u5,150.8,UN IGME (via World Bank API),2026-09-02
SLE,Sierra Leone,2010,mortality_u5,157.9,UN IGME (via World Bank API),2026-09-02
SLE,Sierra Leone,2009,mortality_u5,165.2,UN IGME (via World Bank API),2026-09-02
SLE,Sierra Leone,2008,mortality_u5,172.4,UN IGME (via World Bank API),2026-09-02
SLE,Sierra Leone,2007,mortality_u5,179.6,UN IGME (via World Bank API),2026-09-02
SLE,Sierra Leone,2006,mortality_u5,186.5,UN IGME (via World Bank API),2026-09-02
SLE,Sierra Leone,2005,mortality_u5,193.2,UN IGME (via World Bank API),2026-09-02
SLE,Sierra Leone,2004,mortality_u5,199.6,UN IGME (via World Bank API),2026-09-02
SLE,Sierra Leone,2003,mortality_u5,205.7,UN IGME (via World Bank API),2026-09-02
SLE,Sierra Leone,2002,mortality_u5,211.6,UN IGME (via World Bank API),2026-09-02
SLE,Sierra Leone,2001,mortality_u5,217.3,UN IGME (via World Bank API),2026-09-02
SLE,Sierra Leone,2000,mortality_u5,222.8,UN IGME (via World Bank API),2026-09-02
SGP,Singapore,2023,mortality_u5,2.6,UN IGME (via World Bank API),2026-09-02
SGP,Singapore,2022,mortality_u5,2.5,UN IGME (via World Bank API),2026-09-02
SGP,Singapore,2021,mortality_u5,2.4,UN IGME (via World Bank API),2026-09-02
SGP,Singapore,2020,mortality_u5,2.4,UN IGME (via World Bank API),2026-09-02
SGP,Singapore,2019,mortality_u5,2.5,UN IGME (via World Bank API),2026-09-02
SGP,Singapore,2018,mortality_u5,2.5,UN IGME (via World Bank API),2026-09-02
SGP,Singapore,2017,mortality_u5,2.6,UN IGME (via World Bank API),2026-09-02
SGP,Singapore,2016,mortality_u5,2.6,UN IGME (via World Bank API),2026-09-02
SGP,Singapore,2015,mortality_u5,2.7,UN IGME (via World Bank API),2026-09-02
SGP,Singapore,2014,mortality_u5,2.7,UN IGME (via World Bank API),2026-09-02
SGP,Singapore,2013,mortality_u5,2.8,UN IGME (via World Bank API),2026-09-02
SGP,Singapore,2012,mortality_u5,2.8,UN IGME (via World Bank API),2026-09-02
SGP,Singapore,2011,mortality_u5,2.8,UN IGME (via World Bank API),2026-09-02
SGP,Singapore,2010,mortality_u5,2.8,UN IGME (via World Bank API),2026-09-02
SGP,Singapore,2009,mortality_u5,2.8,UN IGME (via World Bank API),2026-09-02
SGP,Singapore,2008,mortality_u5,2.8,UN IGME (via World Bank API),2026-09-02
SGP,Singapore,2007,mortality_u5,2.9,UN IGME (via World Bank API),2026-09-02
SGP,Singapore,2006,mortality_u5,2.9,UN IGME (via World Bank API),2026-09-02
SGP,Singapore,2005,mortality_u5,3.0,UN IGME (via World Bank API),2026-09-02
SGP,Singapore,2004,mortality_u5,3.1,UN IGME (via World Bank API),2026-09-02
SGP,Singapore,2003,mortality_u5,3.2,UN IGME (via World Bank API),2026-09-02
SGP,Singapore,2002,mortality_u5,3.4,UN IGME (via World Bank API),2026-09-02
SGP,Singapore,2001,mortality_u5,3.6,UN IGME (via World Bank API),2026-09-02
SGP,Singapore,2000,mortality_u5,3.9,UN IGME (via World Bank API),2026-09-02
SVK,Slovak Republic,2023,mortality_u5,6.2,UN IGME (via World Bank API),2026-09-02
SVK,Slovak Republic,2022,mortality_u5,6.1,UN IGME (via World Bank API),2026-09-02
SVK,Slovak Republic,2021,mortality_u5,6.0,UN IGME (via World Bank API),2026-09-02
SVK,Slovak Republic,2020,mortality_u5,5.9,UN IGME (via World Bank API),2026-09-02
SVK,Slovak Republic,2019,mortality_u5,5.9,UN IGME (via World Bank API),2026-09-02
SVK,Slovak Republic,2018,mortality_u5,5.9,UN IGME (via World Bank API),2026-09-02
SVK,Slovak Republic,2017,mortality_u5,6.0,UN IGME (via World Bank API),2026-09-02
SVK,Slovak Republic,2016,mortality_u5,6.1,UN IGME (via World Bank API),2026-09-02
SVK,Slovak Republic,2015,mortality_u5,6.2,UN IGME (via World Bank API),2026-09-02
SVK,Slovak Republic,2014,mortality_u5,6.3,UN IGME (via World Bank API),2026-09-02
SVK,Slovak Republic,2013,mortality_u5,6.4,UN IGME (via World Bank API),2026-09-02
SVK,Slovak Republic,2012,mortality_u5,6.6,UN IGME (via World Bank API),2026-09-02
SVK,Slovak Republic,2011,mortality_u5,6.7,UN IGME (via World Bank API),2026-09-02
SVK,Slovak Republic,2010,mortality_u5,6.9,UN IGME (via World Bank API),2026-09-02
SVK,Slovak Republic,2009,mortality_u5,7.1,UN IGME (via World Bank API),2026-09-02
SVK,Slovak Republic,2008,mortality_u5,7.4,UN IGME (via World Bank API),2026-09-02
SVK,Slovak Republic,2007,mortality_u5,7.7,UN IGME (via World Bank API),2026-09-02
SVK,Slovak Republic,2006,mortality_u5,8.0,UN IGME (via World Bank API),2026-09-02
SVK,Slovak Republic,2005,mortality_u5,8.3,UN IGME (via World Bank API),2026-09-02
SVK,Slovak Republic,2004,mortality_u5,8.6,UN IGME (via World Bank API),2026-09-02
SVK,Slovak Republic,2003,mortality_u5,8.8,UN IGME (via World Bank API),2026-09-02
SVK,Slovak Republic,2002,mortality_u5,9.1,UN IGME (via World Bank API),2026-09-02
SVK,Slovak Republic,2001,mortality_u5,9.3,UN IGME (via World Bank API),2026-09-02
SVK,Slovak Republic,2000,mortality_u5,9.6,UN IGME (via World Bank API),2026-09-02
SVN,Slovenia,2023,mortality_u5,2.3,UN IGME (via World Bank API),2026-09-02
SVN,Slovenia,2022,mortality_u5,2.3,UN IGME (via World Bank API),2026-09-02
SVN,Slovenia,2021,mortality_u5,2.3,UN IGME (via World Bank API),2026-09-02
SVN,Slovenia,2020,mortality_u5,2.4,UN IGME (via World Bank API),2026-09-02
SVN,Slovenia,2019,mortality_u5,2.4,UN IGME (via World Bank API),2026-09-02
SVN,Slovenia,2018,mortality_u5,2.4,UN IGME (via World Bank API),2026-09-02
SVN,Slovenia,2017,mortality_u5,2.5,UN IGME (via World Bank API),2026-09-02
SVN,Slovenia,2016,mortality_u5,2.5,UN IGME (via World Bank API),2026-09-02
SVN,Slovenia,2015,mortality_u5,2.6,UN IGME (via World Bank API),2026-09-02
SVN,Slovenia,2014,mortality_u5,2.7,UN IGME (via World Bank API),2026-09-02
SVN,Slovenia,2013,mortality_u5,2.8,UN IGME (via World Bank API),2026-09-02
SVN,Slovenia,2012,mortality_u5,2.9,UN IGME (via World Bank API),2026-09-02
SVN,Slovenia,2011,mortality_u5,3.1,UN IGME (via World Bank API),2026-09-02
SVN,Slovenia,2010,mortality_u5,3.2,UN IGME (via World Bank API),2026-09-02
SVN,Slovenia,2009,mortality_u5,3.4,UN IGME (via World Bank API),2026-09-02
SVN,Slovenia,2008,mortality_u5,3.6,UN IGME (via World Bank API),2026-09-02
SVN,Slovenia,2007,mortality_u5,3.8,UN IGME (via World Bank API),2026-09-02
SVN,Slovenia,2006,mortality_u5,4.0,UN IGME (via World Bank API),2026-09-02
SVN,Slovenia,2005,mortality_u5,4.2,UN IGME (via World Bank API),2026-09-02
SVN,Slovenia,2004,mortality_u5,4.4,UN IGME (via World Bank API),2026-09-02
SVN,Slovenia,2003,mortality_u5,4.7,UN IGME (via World Bank API),2026-09-02
SVN,Slovenia,2002,mortality_u5,4.9,UN IGME (via World Bank API),2026-09-02
SVN,Slovenia,2001,mortality_u5,5.2,UN IGME (via World Bank API),2026-09-02
SVN,Slovenia,2000,mortality_u5,5.4,UN IGME (via World Bank API),2026-09-02
SLB,Solomon Islands,2023,mortality_u5,20.6,UN IGME (via World Bank API),2026-09-02
SLB,Solomon Islands,2022,mortality_u5,21.3,UN IGME (via World Bank API),2026-09-02
SLB,Solomon Islands,2021,mortality_u5,21.9,UN IGME (via World Bank API),2026-09-02
SLB,Solomon Islands,2020,mortality_u5,22.5,UN IGME (via World Bank API),2026-09-02
SLB,Solomon Islands,2019,mortality_u5,23.1,UN IGME (via World Bank API),2026-09-02
SLB,Solomon Islands,2018,mortality_u5,23.6,UN IGME (via World Bank API),2026-09-02
SLB,Solomon Islands,2017,mortality_u5,24.1,UN IGME (via World Bank API),2026-09-02
SLB,Solomon Islands,2016,mortality_u5,24.6,UN IGME (via World Bank API),2026-09-02
SLB,Solomon Islands,2015,mortality_u5,25.0,UN IGME (via World Bank API),2026-09-02
SLB,Solomon Islands,2014,mortality_u5,25.4,UN IGME (via World Bank API),2026-09-02
SLB,Solomon Islands,2013,mortality_u5,25.8,UN IGME (via World Bank API),2026-09-02
SLB,Solomon Islands,2012,mortality_u5,26.2,UN IGME (via World Bank API),2026-09-02
SLB,Solomon Islands,2011,mortality_u5,26.7,UN IGME (via World Bank API),2026-09-02
SLB,Solomon Islands,2010,mortality_u5,27.2,UN IGME (via World Bank API),2026-09-02
SLB,Solomon Islands,2009,mortality_u5,27.6,UN IGME (via World Bank API),2026-09-02
SLB,Solomon Islands,2008,mortality_u5,28.0,UN IGME (via World Bank API),2026-09-02
SLB,Solomon Islands,2007,mortality_u5,28.4,UN IGME (via World Bank API),2026-09-02
SLB,Solomon Islands,2006,mortality_u5,28.8,UN IGME (via World Bank API),2026-09-02
SLB,Solomon Islands,2005,mortality_u5,29.1,UN IGME (via World Bank API),2026-09-02
SLB,Solomon Islands,2004,mortality_u5,29.3,UN IGME (via World Bank API),2026-09-02
SLB,Solomon Islands,2003,mortality_u5,29.6,UN IGME (via World Bank API),2026-09-02
SLB,Solomon Islands,2002,mortality_u5,29.8,UN IGME (via World Bank API),2026-09-02
SLB,Solomon Islands,2001,mortality_u5,30.2,UN IGME (via World Bank API),2026-09-02
SLB,Solomon Islands,2000,mortality_u5,30.5,UN IGME (via World Bank API),2026-09-02
SOM,"Somalia, Fed. Rep.",2023,mortality_u5,104.3,UN IGME (via World Bank API),2026-09-02
SOM,"Somalia, Fed. Rep.",2022,mortality_u5,143.1,UN IGME (via World Bank API),2026-09-02
SOM,"Somalia, Fed. Rep.",2021,mortality_u5,111.0,UN IGME (via World Bank API),2026-09-02
SOM,"Somalia, Fed. Rep.",2020,mortality_u5,114.7,UN IGME (via World Bank API),2026-09-02
SOM,"Somalia, Fed. Rep.",2019,mortality_u5,118.4,UN IGME (via World Bank API),2026-09-02
SOM,"Somalia, Fed. Rep.",2018,mortality_u5,136.4,UN IGME (via World Bank API),2026-09-02
SOM,"Somalia, Fed. Rep.",2017,mortality_u5,156.4,UN IGME (via World Bank API),2026-09-02
SOM,"Somalia, Fed. Rep.",2016,mortality_u5,130.2,UN IGME (via World Bank API),2026-09-02
SOM,"Somalia, Fed. Rep.",2015,mortality_u5,134.3,UN IGME (via World Bank API),2026-09-02
SOM,"Somalia, Fed. Rep.",2014,mortality_u5,138.6,UN IGME (via World Bank API),2026-09-02
SOM,"Somalia, Fed. Rep.",2013,mortality_u5,143.2,UN IGME (via World Bank API),2026-09-02
SOM,"Somalia, Fed. Rep.",2012,mortality_u5,185.4,UN IGME (via World Bank API),2026-09-02
SOM,"Somalia, Fed. Rep.",2011,mortality_u5,363.1,UN IGME (via World Bank API),2026-09-02
SOM,"Somalia, Fed. Rep.",2010,mortality_u5,186.7,UN IGME (via World Bank API),2026-09-02
SOM,"Somalia, Fed. Rep.",2009,mortality_u5,162.4,UN IGME (via World Bank API),2026-09-02
SOM,"Somalia, Fed. Rep.",2008,mortality_u5,166.7,UN IGME (via World Bank API),2026-09-02
SOM,"Somalia, Fed. Rep.",2007,mortality_u5,170.5,UN IGME (via World Bank API),2026-09-02
SOM,"Somalia, Fed. Rep.",2006,mortality_u5,172.6,UN IGME (via World Bank API),2026-09-02
SOM,"Somalia, Fed. Rep.",2005,mortality_u5,173.2,UN IGME (via World Bank API),2026-09-02
SOM,"Somalia, Fed. Rep.",2004,mortality_u5,173.2,UN IGME (via World Bank API),2026-09-02
SOM,"Somalia, Fed. Rep.",2003,mortality_u5,173.2,UN IGME (via World Bank API),2026-09-02
SOM,"Somalia, Fed. Rep.",2002,mortality_u5,173.2,UN IGME (via World Bank API),2026-09-02
SOM,"Somalia, Fed. Rep.",2001,mortality_u5,173.2,UN IGME (via World Bank API),2026-09-02
SOM,"Somalia, Fed. Rep.",2000,mortality_u5,173.2,UN IGME (via World Bank API),2026-09-02
ZAF,South Africa,2023,mortality_u5,34.8,UN IGME (via World Bank API),2026-09-02
ZAF,South Africa,2022,mortality_u5,34.3,UN IGME (via World Bank API),2026-09-02
ZAF,South Africa,2021,mortality_u5,34.0,UN IGME (via World Bank API),2026-09-02
ZAF,South Africa,2020,mortality_u5,33.9,UN IGME (via World Bank API),2026-09-02
ZAF,South Africa,2019,mortality_u5,34.3,UN IGME (via World Bank API),2026-09-02
ZAF,South Africa,2018,mortality_u5,34.9,UN IGME (via World Bank API),2026-09-02
ZAF,South Africa,2017,mortality_u5,35.7,UN IGME (via World Bank API),2026-09-02
ZAF,South Africa,2016,mortality_u5,36.8,UN IGME (via World Bank API),2026-09-02
ZAF,South Africa,2015,mortality_u5,38.2,UN IGME (via World Bank API),2026-09-02
ZAF,South Africa,2014,mortality_u5,39.7,UN IGME (via World Bank API),2026-09-02
ZAF,South Africa,2013,mortality_u5,41.4,UN IGME (via World Bank API),2026-09-02
ZAF,South Africa,2012,mortality_u5,43.1,UN IGME (via World Bank API),2026-09-02
ZAF,South Africa,2011,mortality_u5,45.6,UN IGME (via World Bank API),2026-09-02
ZAF,South Africa,2010,mortality_u5,50.3,UN IGME (via World Bank API),2026-09-02
ZAF,South Africa,2009,mortality_u5,56.9,UN IGME (via World Bank API),2026-09-02
ZAF,South Africa,2008,mortality_u5,63.7,UN IGME (via World Bank API),2026-09-02
ZAF,South Africa,2007,mortality_u5,71.2,UN IGME (via World Bank API),2026-09-02
ZAF,South Africa,2006,mortality_u5,76.9,UN IGME (via World Bank API),2026-09-02
ZAF,South Africa,2005,mortality_u5,79.8,UN IGME (via World Bank API),2026-09-02
ZAF,South Africa,2004,mortality_u5,80.7,UN IGME (via World Bank API),2026-09-02
ZAF,South Africa,2003,mortality_u5,79.2,UN IGME (via World Bank API),2026-09-02
ZAF,South Africa,2002,mortality_u5,77.0,UN IGME (via World Bank API),2026-09-02
ZAF,South Africa,2001,mortality_u5,74.5,UN IGME (via World Bank API),2026-09-02
ZAF,South Africa,2000,mortality_u5,71.4,UN IGME (via World Bank API),2026-09-02
SSD,South Sudan,2023,mortality_u5,96.7,UN IGME (via World Bank API),2026-09-02
SSD,South Sudan,2022,mortality_u5,96.7,UN IGME (via World Bank API),2026-09-02
SSD,South Sudan,2021,mortality_u5,96.7,UN IGME (via World Bank API),2026-09-02
SSD,South Sudan,2020,mortality_u5,96.7,UN IGME (via World Bank API),2026-09-02
SSD,South Sudan,2019,mortality_u5,96.7,UN IGME (via World Bank API),2026-09-02
SSD,South Sudan,2018,mortality_u5,133.7,UN IGME (via World Bank API),2026-09-02
SSD,South Sudan,2017,mortality_u5,292.0,UN IGME (via World Bank API),2026-09-02
SSD,South Sudan,2016,mortality_u5,272.9,UN IGME (via World Bank API),2026-09-02
SSD,South Sudan,2015,mortality_u5,240.8,UN IGME (via World Bank API),2026-09-02
SSD,South Sudan,2014,mortality_u5,182.6,UN IGME (via World Bank API),2026-09-02
SSD,South Sudan,2013,mortality_u5,97.2,UN IGME (via World Bank API),2026-09-02
SSD,South Sudan,2012,mortality_u5,98.9,UN IGME (via World Bank API),2026-09-02
SSD,South Sudan,2011,mortality_u5,102.3,UN IGME (via World Bank API),2026-09-02
SSD,South Sudan,2010,mortality_u5,107.2,UN IGME (via World Bank API),2026-09-02
SSD,South Sudan,2009,mortality_u5,112.7,UN IGME (via World Bank API),2026-09-02
SSD,South Sudan,2008,mortality_u5,118.7,UN IGME (via World Bank API),2026-09-02
SSD,South Sudan,2007,mortality_u5,124.9,UN IGME (via World Bank API),2026-09-02
SSD,South Sudan,2006,mortality_u5,131.5,UN IGME (via World Bank API),2026-09-02
SSD,South Sudan,2005,mortality_u5,138.4,UN IGME (via World Bank API),2026-09-02
SSD,South Sudan,2004,mortality_u5,145.8,UN IGME (via World Bank API),2026-09-02
SSD,South Sudan,2003,mortality_u5,153.7,UN IGME (via World Bank API),2026-09-02
SSD,South Sudan,2002,mortality_u5,162.2,UN IGME (via World Bank API),2026-09-02
SSD,South Sudan,2001,mortality_u5,171.1,UN IGME (via World Bank API),2026-09-02
SSD,South Sudan,2000,mortality_u5,180.1,UN IGME (via World Bank API),2026-09-02
ESP,Spain,2023,mortality_u5,3.2,UN IGME (via World Bank API),2026-09-02
ESP,Spain,2022,mortality_u5,3.2,UN IGME (via World Bank API),2026-09-02
ESP,Spain,2021,mortality_u5,3.2,UN IGME (via World Bank API),2026-09-02
ESP,Spain,2020,mortality_u5,3.2,UN IGME (via World Bank API),2026-09-02
ESP,Spain,2019,mortality_u5,3.2,UN IGME (via World Bank API),2026-09-02
ESP,Spain,2018,mortality_u5,3.2,UN IGME (via World Bank API),2026-09-02
ESP,Spain,2017,mortality_u5,3.2,UN IGME (via World Bank API),2026-09-02
ESP,Spain,2016,mortality_u5,3.3,UN IGME (via World Bank API),2026-09-02
ESP,Spain,2015,mortality_u5,3.3,UN IGME (via World Bank API),2026-09-02
ESP,Spain,2014,mortality_u5,3.4,UN IGME (via World Bank API),2026-09-02
ESP,Spain,2013,mortality_u5,3.5,UN IGME (via World Bank API),2026-09-02
ESP,Spain,2012,mortality_u5,3.6,UN IGME (via World Bank API),2026-09-02
ESP,Spain,2011,mortality_u5,3.7,UN IGME (via World Bank API),2026-09-02
ESP,Spain,2010,mortality_u5,3.8,UN IGME (via World Bank API),2026-09-02
ESP,Spain,2009,mortality_u5,4.0,UN IGME (via World Bank API),2026-09-02
ESP,Spain,2008,mortality_u5,4.2,UN IGME (via World Bank API),2026-09-02
ESP,Spain,2007,mortality_u5,4.4,UN IGME (via World Bank API),2026-09-02
ESP,Spain,2006,mortality_u5,4.5,UN IGME (via World Bank API),2026-09-02
ESP,Spain,2005,mortality_u5,4.7,UN IGME (via World Bank API),2026-09-02
ESP,Spain,2004,mortality_u5,4.9,UN IGME (via World Bank API),2026-09-02
ESP,Spain,2003,mortality_u5,5.0,UN IGME (via World Bank API),2026-09-02
ESP,Spain,2002,mortality_u5,5.1,UN IGME (via World Bank API),2026-09-02
ESP,Spain,2001,mortality_u5,5.3,UN IGME (via World Bank API),2026-09-02
ESP,Spain,2000,mortality_u5,5.4,UN IGME (via World Bank API),2026-09-02
LKA,Sri Lanka,2023,mortality_u5,6.1,UN IGME (via World Bank API),2026-09-02
LKA,Sri Lanka,2022,mortality_u5,6.3,UN IGME (via World Bank API),2026-09-02
LKA,Sri Lanka,2021,mortality_u5,6.6,UN IGME (via World Bank API),2026-09-02
LKA,Sri Lanka,2020,mortality_u5,6.9,UN IGME (via World Bank API),2026-09-02
LKA,Sri Lanka,2019,mortality_u5,7.2,UN IGME (via World Bank API),2026-09-02
LKA,Sri Lanka,2018,mortality_u5,7.6,UN IGME (via World Bank API),2026-09-02
LKA,Sri Lanka,2017,mortality_u5,7.9,UN IGME (via World Bank API),2026-09-02
LKA,Sri Lanka,2016,mortality_u5,8.3,UN IGME (via World Bank API),2026-09-02
LKA,Sri Lanka,2015,mortality_u5,8.7,UN IGME (via World Bank API),2026-09-02
LKA,Sri Lanka,2014,mortality_u5,9.2,UN IGME (via World Bank API),2026-09-02
LKA,Sri Lanka,2013,mortality_u5,9.8,UN IGME (via World Bank API),2026-09-02
LKA,Sri Lanka,2012,mortality_u5,10.3,UN IGME (via World Bank API),2026-09-02
LKA,Sri Lanka,2011,mortality_u5,10.8,UN IGME (via World Bank API),2026-09-02
LKA,Sri Lanka,2010,mortality_u5,11.2,UN IGME (via World Bank API),2026-09-02
LKA,Sri Lanka,2009,mortality_u5,21.5,UN IGME (via World Bank API),2026-09-02
LKA,Sri Lanka,2008,mortality_u5,12.0,UN IGME (via World Bank API),2026-09-02
LKA,Sri Lanka,2007,mortality_u5,12.6,UN IGME (via World Bank API),2026-09-02
LKA,Sri Lanka,2006,mortality_u5,13.3,UN IGME (via World Bank API),2026-09-02
LKA,Sri Lanka,2005,mortality_u5,14.0,UN IGME (via World Bank API),2026-09-02
LKA,Sri Lanka,2004,mortality_u5,29.0,UN IGME (via World Bank API),2026-09-02
LKA,Sri Lanka,2003,mortality_u5,15.2,UN IGME (via World Bank API),2026-09-02
LKA,Sri Lanka,2002,mortality_u5,15.5,UN IGME (via World Bank API),2026-09-02
LKA,Sri Lanka,2001,mortality_u5,15.8,UN IGME (via World Bank API),2026-09-02
LKA,Sri Lanka,2000,mortality_u5,16.3,UN IGME (via World Bank API),2026-09-02
KNA,St. Kitts and Nevis,2023,mortality_u5,16.4,UN IGME (via World Bank API),2026-09-02
KNA,St. Kitts and Nevis,2022,mortality_u5,16.8,UN IGME (via World Bank API),2026-09-02
KNA,St. Kitts and Nevis,2021,mortality_u5,17.3,UN IGME (via World Bank API),2026-09-02
KNA,St. Kitts and Nevis,2020,mortality_u5,17.8,UN IGME (via World Bank API),2026-09-02
KNA,St. Kitts and Nevis,2019,mortality_u5,18.2,UN IGME (via World Bank API),2026-09-02
KNA,St. Kitts and Nevis,2018,mortality_u5,18.6,UN IGME (via World Bank API),2026-09-02
KNA,St. Kitts and Nevis,2017,mortality_u5,19.0,UN IGME (via World Bank API),2026-09-02
KNA,St. Kitts and Nevis,2016,mortality_u5,19.3,UN IGME (via World Bank API),2026-09-02
KNA,St. Kitts and Nevis,2015,mortality_u5,19.4,UN IGME (via World Bank API),2026-09-02
KNA,St. Kitts and Nevis,2014,mortality_u5,19.4,UN IGME (via World Bank API),2026-09-02
KNA,St. Kitts and Nevis,2013,mortality_u5,19.3,UN IGME (via World Bank API),2026-09-02
KNA,St. Kitts and Nevis,2012,mortality_u5,19.1,UN IGME (via World Bank API),2026-09-02
KNA,St. Kitts and Nevis,2011,mortality_u5,18.9,UN IGME (via World Bank API),2026-09-02
KNA,St. Kitts and Nevis,2010,mortality_u5,18.8,UN IGME (via World Bank API),2026-09-02
KNA,St. Kitts and Nevis,2009,mortality_u5,18.7,UN IGME (via World Bank API),2026-09-02
KNA,St. Kitts and Nevis,2008,mortality_u5,18.8,UN IGME (via World Bank API),2026-09-02
KNA,St. Kitts and Nevis,2007,mortality_u5,18.9,UN IGME (via World Bank API),2026-09-02
KNA,St. Kitts and Nevis,2006,mortality_u5,19.2,UN IGME (via World Bank API),2026-09-02
KNA,St. Kitts and Nevis,2005,mortality_u5,19.7,UN IGME (via World Bank API),2026-09-02
KNA,St. Kitts and Nevis,2004,mortality_u5,20.3,UN IGME (via World Bank API),2026-09-02
KNA,St. Kitts and Nevis,2003,mortality_u5,21.1,UN IGME (via World Bank API),2026-09-02
KNA,St. Kitts and Nevis,2002,mortality_u5,22.0,UN IGME (via World Bank API),2026-09-02
KNA,St. Kitts and Nevis,2001,mortality_u5,22.9,UN IGME (via World Bank API),2026-09-02
KNA,St. Kitts and Nevis,2000,mortality_u5,23.9,UN IGME (via World Bank API),2026-09-02
LCA,St. Lucia,2023,mortality_u5,17.5,UN IGME (via World Bank API),2026-09-02
LCA,St. Lucia,2022,mortality_u5,17.7,UN IGME (via World Bank API),2026-09-02
LCA,St. Lucia,2021,mortality_u5,17.9,UN IGME (via World Bank API),2026-09-02
LCA,St. Lucia,2020,mortality_u5,18.1,UN IGME (via World Bank API),2026-09-02
LCA,St. Lucia,2019,mortality_u5,18.2,UN IGME (via World Bank API),2026-09-02
LCA,St. Lucia,2018,mortality_u5,18.4,UN IGME (via World Bank API),2026-09-02
LCA,St. Lucia,2017,mortality_u5,18.5,UN IGME (via World Bank API),2026-09-02
LCA,St. Lucia,2016,mortality_u5,18.6,UN IGME (via World Bank API),2026-09-02
LCA,St. Lucia,2015,mortality_u5,18.7,UN IGME (via World Bank API),2026-09-02
LCA,St. Lucia,2014,mortality_u5,18.8,UN IGME (via World Bank API),2026-09-02
LCA,St. Lucia,2013,mortality_u5,18.8,UN IGME (via World Bank API),2026-09-02
LCA,St. Lucia,2012,mortality_u5,18.8,UN IGME (via World Bank API),2026-09-02
LCA,St. Lucia,2011,mortality_u5,18.8,UN IGME (via World Bank API),2026-09-02
LCA,St. Lucia,2010,mortality_u5,18.8,UN IGME (via World Bank API),2026-09-02
LCA,St. Lucia,2009,mortality_u5,18.8,UN IGME (via World Bank API),2026-09-02
LCA,St. Lucia,2008,mortality_u5,18.7,UN IGME (via World Bank API),2026-09-02
LCA,St. Lucia,2007,mortality_u5,18.6,UN IGME (via World Bank API),2026-09-02
LCA,St. Lucia,2006,mortality_u5,18.6,UN IGME (via World Bank API),2026-09-02
LCA,St. Lucia,2005,mortality_u5,18.5,UN IGME (via World Bank API),2026-09-02
LCA,St. Lucia,2004,mortality_u5,18.5,UN IGME (via World Bank API),2026-09-02
LCA,St. Lucia,2003,mortality_u5,18.4,UN IGME (via World Bank API),2026-09-02
LCA,St. Lucia,2002,mortality_u5,18.4,UN IGME (via World Bank API),2026-09-02
LCA,St. Lucia,2001,mortality_u5,18.4,UN IGME (via World Bank API),2026-09-02
LCA,St. Lucia,2000,mortality_u5,18.5,UN IGME (via World Bank API),2026-09-02
VCT,St. Vincent and the Grenadines,2023,mortality_u5,11.8,UN IGME (via World Bank API),2026-09-02
VCT,St. Vincent and the Grenadines,2022,mortality_u5,12.3,UN IGME (via World Bank API),2026-09-02
VCT,St. Vincent and the Grenadines,2021,mortality_u5,12.9,UN IGME (via World Bank API),2026-09-02
VCT,St. Vincent and the Grenadines,2020,mortality_u5,13.6,UN IGME (via World Bank API),2026-09-02
VCT,St. Vincent and the Grenadines,2019,mortality_u5,14.3,UN IGME (via World Bank API),2026-09-02
VCT,St. Vincent and the Grenadines,2018,mortality_u5,15.0,UN IGME (via World Bank API),2026-09-02
VCT,St. Vincent and the Grenadines,2017,mortality_u5,15.8,UN IGME (via World Bank API),2026-09-02
VCT,St. Vincent and the Grenadines,2016,mortality_u5,16.6,UN IGME (via World Bank API),2026-09-02
VCT,St. Vincent and the Grenadines,2015,mortality_u5,17.4,UN IGME (via World Bank API),2026-09-02
VCT,St. Vincent and the Grenadines,2014,mortality_u5,18.2,UN IGME (via World Bank API),2026-09-02
VCT,St. Vincent and the Grenadines,2013,mortality_u5,19.1,UN IGME (via World Bank API),2026-09-02
VCT,St. Vincent and the Grenadines,2012,mortality_u5,19.9,UN IGME (via World Bank API),2026-09-02
VCT,St. Vincent and the Grenadines,2011,mortality_u5,20.7,UN IGME (via World Bank API),2026-09-02
VCT,St. Vincent and the Grenadines,2010,mortality_u5,21.4,UN IGME (via World Bank API),2026-09-02
VCT,St. Vincent and the Grenadines,2009,mortality_u5,22.0,UN IGME (via World Bank API),2026-09-02
VCT,St. Vincent and the Grenadines,2008,mortality_u5,22.4,UN IGME (via World Bank API),2026-09-02
VCT,St. Vincent and the Grenadines,2007,mortality_u5,22.7,UN IGME (via World Bank API),2026-09-02
VCT,St. Vincent and the Grenadines,2006,mortality_u5,22.8,UN IGME (via World Bank API),2026-09-02
VCT,St. Vincent and the Grenadines,2005,mortality_u5,22.8,UN IGME (via World Bank API),2026-09-02
VCT,St. Vincent and the Grenadines,2004,mortality_u5,22.7,UN IGME (via World Bank API),2026-09-02
VCT,St. Vincent and the Grenadines,2003,mortality_u5,22.6,UN IGME (via World Bank API),2026-09-02
VCT,St. Vincent and the Grenadines,2002,mortality_u5,22.6,UN IGME (via World Bank API),2026-09-02
VCT,St. Vincent and the Grenadines,2001,mortality_u5,22.6,UN IGME (via World Bank API),2026-09-02
VCT,St. Vincent and the Grenadines,2000,mortality_u5,22.6,UN IGME (via World Bank API),2026-09-02
SDN,Sudan,2023,mortality_u5,63.1,UN IGME (via World Bank API),2026-09-02
SDN,Sudan,2022,mortality_u5,51.0,UN IGME (via World Bank API),2026-09-02
SDN,Sudan,2021,mortality_u5,52.7,UN IGME (via World Bank API),2026-09-02
SDN,Sudan,2020,mortality_u5,54.3,UN IGME (via World Bank API),2026-09-02
SDN,Sudan,2019,mortality_u5,56.1,UN IGME (via World Bank API),2026-09-02
SDN,Sudan,2018,mortality_u5,57.8,UN IGME (via World Bank API),2026-09-02
SDN,Sudan,2017,mortality_u5,59.7,UN IGME (via World Bank API),2026-09-02
SDN,Sudan,2016,mortality_u5,61.6,UN IGME (via World Bank API),2026-09-02
SDN,Sudan,2015,mortality_u5,63.5,UN IGME (via World Bank API),2026-09-02
SDN,Sudan,2014,mortality_u5,65.4,UN IGME (via World Bank API),2026-09-02
SDN,Sudan,2013,mortality_u5,67.3,UN IGME (via World Bank API),2026-09-02
SDN,Sudan,2012,mortality_u5,69.3,UN IGME (via World Bank API),2026-09-02
SDN,Sudan,2011,mortality_u5,71.3,UN IGME (via World Bank API),2026-09-02
SDN,Sudan,2010,mortality_u5,73.4,UN IGME (via World Bank API),2026-09-02
SDN,Sudan,2009,mortality_u5,75.5,UN IGME (via World Bank API),2026-09-02
SDN,Sudan,2008,mortality_u5,77.9,UN IGME (via World Bank API),2026-09-02
SDN,Sudan,2007,mortality_u5,80.4,UN IGME (via World Bank API),2026-09-02
SDN,Sudan,2006,mortality_u5,83.0,UN IGME (via World Bank API),2026-09-02
SDN,Sudan,2005,mortality_u5,98.8,UN IGME (via World Bank API),2026-09-02
SDN,Sudan,2004,mortality_u5,101.1,UN IGME (via World Bank API),2026-09-02
SDN,Sudan,2003,mortality_u5,91.9,UN IGME (via World Bank API),2026-09-02
SDN,Sudan,2002,mortality_u5,95.2,UN IGME (via World Bank API),2026-09-02
SDN,Sudan,2001,mortality_u5,98.6,UN IGME (via World Bank API),2026-09-02
SDN,Sudan,2000,mortality_u5,102.0,UN IGME (via World Bank API),2026-09-02
SUR,Suriname,2023,mortality_u5,16.3,UN IGME (via World Bank API),2026-09-02
SUR,Suriname,2022,mortality_u5,16.8,UN IGME (via World Bank API),2026-09-02
SUR,Suriname,2021,mortality_u5,17.4,UN IGME (via World Bank API),2026-09-02
SUR,Suriname,2020,mortality_u5,17.9,UN IGME (via World Bank API),2026-09-02
SUR,Suriname,2019,mortality_u5,18.4,UN IGME (via World Bank API),2026-09-02
SUR,Suriname,2018,mortality_u5,18.9,UN IGME (via World Bank API),2026-09-02
SUR,Suriname,2017,mortality_u5,19.5,UN IGME (via World Bank API),2026-09-02
SUR,Suriname,2016,mortality_u5,20.1,UN IGME (via World Bank API),2026-09-02
SUR,Suriname,2015,mortality_u5,20.6,UN IGME (via World Bank API),2026-09-02
SUR,Suriname,2014,mortality_u5,21.1,UN IGME (via World Bank API),2026-09-02
SUR,Suriname,2013,mortality_u5,21.6,UN IGME (via World Bank API),2026-09-02
SUR,Suriname,2012,mortality_u5,22.2,UN IGME (via World Bank API),2026-09-02
SUR,Suriname,2011,mortality_u5,22.7,UN IGME (via World Bank API),2026-09-02
SUR,Suriname,2010,mortality_u5,23.2,UN IGME (via World Bank API),2026-09-02
SUR,Suriname,2009,mortality_u5,23.8,UN IGME (via World Bank API),2026-09-02
SUR,Suriname,2008,mortality_u5,24.4,UN IGME (via World Bank API),2026-09-02
SUR,Suriname,2007,mortality_u5,25.1,UN IGME (via World Bank API),2026-09-02
SUR,Suriname,2006,mortality_u5,25.7,UN IGME (via World Bank API),2026-09-02
SUR,Suriname,2005,mortality_u5,26.5,UN IGME (via World Bank API),2026-09-02
SUR,Suriname,2004,mortality_u5,27.2,UN IGME (via World Bank API),2026-09-02
SUR,Suriname,2003,mortality_u5,28.1,UN IGME (via World Bank API),2026-09-02
SUR,Suriname,2002,mortality_u5,29.0,UN IGME (via World Bank API),2026-09-02
SUR,Suriname,2001,mortality_u5,30.0,UN IGME (via World Bank API),2026-09-02
SUR,Suriname,2000,mortality_u5,31.0,UN IGME (via World Bank API),2026-09-02
SWE,Sweden,2023,mortality_u5,2.4,UN IGME (via World Bank API),2026-09-02
SWE,Sweden,2022,mortality_u5,2.5,UN IGME (via World Bank API),2026-09-02
SWE,Sweden,2021,mortality_u5,2.5,UN IGME (via World Bank API),2026-09-02
SWE,Sweden,2020,mortality_u5,2.6,UN IGME (via World Bank API),2026-09-02
SWE,Sweden,2019,mortality_u5,2.6,UN IGME (via World Bank API),2026-09-02
SWE,Sweden,2018,mortality_u5,2.7,UN IGME (via World Bank API),2026-09-02
SWE,Sweden,2017,mortality_u5,2.8,UN IGME (via World Bank API),2026-09-02
SWE,Sweden,2016,mortality_u5,2.8,UN IGME (via World Bank API),2026-09-02
SWE,Sweden,2015,mortality_u5,2.9,UN IGME (via World Bank API),2026-09-02
SWE,Sweden,2014,mortality_u5,2.9,UN IGME (via World Bank API),2026-09-02
SWE,Sweden,2013,mortality_u5,2.9,UN IGME (via World Bank API),2026-09-02
SWE,Sweden,2012,mortality_u5,3.0,UN IGME (via World Bank API),2026-09-02
SWE,Sweden,2011,mortality_u5,3.0,UN IGME (via World Bank API),2026-09-02
SWE,Sweden,2010,mortality_u5,3.1,UN IGME (via World Bank API),2026-09-02
SWE,Sweden,2009,mortality_u5,3.1,UN IGME (via World Bank API),2026-09-02
SWE,Sweden,2008,mortality_u5,3.2,UN IGME (via World Bank API),2026-09-02
SWE,Sweden,2007,mortality_u5,3.3,UN IGME (via World Bank API),2026-09-02
SWE,Sweden,2006,mortality_u5,3.5,UN IGME (via World Bank API),2026-09-02
SWE,Sweden,2005,mortality_u5,3.6,UN IGME (via World Bank API),2026-09-02
SWE,Sweden,2004,mortality_u5,3.7,UN IGME (via World Bank API),2026-09-02
SWE,Sweden,2003,mortality_u5,3.9,UN IGME (via World Bank API),2026-09-02
SWE,Sweden,2002,mortality_u5,4.0,UN IGME (via World Bank API),2026-09-02
SWE,Sweden,2001,mortality_u5,4.0,UN IGME (via World Bank API),2026-09-02
SWE,Sweden,2000,mortality_u5,4.1,UN IGME (via World Bank API),2026-09-02
CHE,Switzerland,2023,mortality_u5,3.9,UN IGME (via World Bank API),2026-09-02
CHE,Switzerland,2022,mortality_u5,3.9,UN IGME (via World Bank API),2026-09-02
CHE,Switzerland,2021,mortality_u5,4.0,UN IGME (via World Bank API),2026-09-02
CHE,Switzerland,2020,mortality_u5,4.0,UN IGME (via World Bank API),2026-09-02
CHE,Switzerland,2019,mortality_u5,4.0,UN IGME (via World Bank API),2026-09-02
CHE,Switzerland,2018,mortality_u5,4.1,UN IGME (via World Bank API),2026-09-02
CHE,Switzerland,2017,mortality_u5,4.1,UN IGME (via World Bank API),2026-09-02
CHE,Switzerland,2016,mortality_u5,4.2,UN IGME (via World Bank API),2026-09-02
CHE,Switzerland,2015,mortality_u5,4.3,UN IGME (via World Bank API),2026-09-02
CHE,Switzerland,2014,mortality_u5,4.3,UN IGME (via World Bank API),2026-09-02
CHE,Switzerland,2013,mortality_u5,4.4,UN IGME (via World Bank API),2026-09-02
CHE,Switzerland,2012,mortality_u5,4.4,UN IGME (via World Bank API),2026-09-02
CHE,Switzerland,2011,mortality_u5,4.5,UN IGME (via World Bank API),2026-09-02
CHE,Switzerland,2010,mortality_u5,4.6,UN IGME (via World Bank API),2026-09-02
CHE,Switzerland,2009,mortality_u5,4.6,UN IGME (via World Bank API),2026-09-02
CHE,Switzerland,2008,mortality_u5,4.7,UN IGME (via World Bank API),2026-09-02
CHE,Switzerland,2007,mortality_u5,4.8,UN IGME (via World Bank API),2026-09-02
CHE,Switzerland,2006,mortality_u5,4.9,UN IGME (via World Bank API),2026-09-02
CHE,Switzerland,2005,mortality_u5,5.1,UN IGME (via World Bank API),2026-09-02
CHE,Switzerland,2004,mortality_u5,5.2,UN IGME (via World Bank API),2026-09-02
CHE,Switzerland,2003,mortality_u5,5.3,UN IGME (via World Bank API),2026-09-02
CHE,Switzerland,2002,mortality_u5,5.4,UN IGME (via World Bank API),2026-09-02
CHE,Switzerland,2001,mortality_u5,5.5,UN IGME (via World Bank API),2026-09-02
CHE,Switzerland,2000,mortality_u5,5.6,UN IGME (via World Bank API),2026-09-02
SYR,Syrian Arab Republic,2023,mortality_u5,20.1,UN IGME (via World Bank API),2026-09-02
SYR,Syrian Arab Republic,2022,mortality_u5,20.7,UN IGME (via World Bank API),2026-09-02
SYR,Syrian Arab Republic,2021,mortality_u5,20.5,UN IGME (via World Bank API),2026-09-02
SYR,Syrian Arab Republic,2020,mortality_u5,21.9,UN IGME (via World Bank API),2026-09-02
SYR,Syrian Arab Republic,2019,mortality_u5,24.6,UN IGME (via World Bank API),2026-09-02
SYR,Syrian Arab Republic,2018,mortality_u5,32.5,UN IGME (via World Bank API),2026-09-02
SYR,Syrian Arab Republic,2017,mortality_u5,32.9,UN IGME (via World Bank API),2026-09-02
SYR,Syrian Arab Republic,2016,mortality_u5,32.2,UN IGME (via World Bank API),2026-09-02
SYR,Syrian Arab Republic,2015,mortality_u5,37.1,UN IGME (via World Bank API),2026-09-02
SYR,Syrian Arab Republic,2014,mortality_u5,35.5,UN IGME (via World Bank API),2026-09-02
SYR,Syrian Arab Republic,2013,mortality_u5,36.9,UN IGME (via World Bank API),2026-09-02
SYR,Syrian Arab Republic,2012,mortality_u5,34.2,UN IGME (via World Bank API),2026-09-02
SYR,Syrian Arab Republic,2011,mortality_u5,21.6,UN IGME (via World Bank API),2026-09-02
SYR,Syrian Arab Republic,2010,mortality_u5,18.8,UN IGME (via World Bank API),2026-09-02
SYR,Syrian Arab Republic,2009,mortality_u5,18.8,UN IGME (via World Bank API),2026-09-02
SYR,Syrian Arab Republic,2008,mortality_u5,18.9,UN IGME (via World Bank API),2026-09-02
SYR,Syrian Arab Republic,2007,mortality_u5,19.1,UN IGME (via World Bank API),2026-09-02
SYR,Syrian Arab Republic,2006,mortality_u5,19.4,UN IGME (via World Bank API),2026-09-02
SYR,Syrian Arab Republic,2005,mortality_u5,19.8,UN IGME (via World Bank API),2026-09-02
SYR,Syrian Arab Republic,2004,mortality_u5,20.2,UN IGME (via World Bank API),2026-09-02
SYR,Syrian Arab Republic,2003,mortality_u5,20.8,UN IGME (via World Bank API),2026-09-02
SYR,Syrian Arab Republic,2002,mortality_u5,21.4,UN IGME (via World Bank API),2026-09-02
SYR,Syrian Arab Republic,2001,mortality_u5,22.2,UN IGME (via World Bank API),2026-09-02
SYR,Syrian Arab Republic,2000,mortality_u5,23.1,UN IGME (via World Bank API),2026-09-02
TJK,Tajikistan,2023,mortality_u5,28.8,UN IGME (via World Bank API),2026-09-02
TJK,Tajikistan,2022,mortality_u5,29.4,UN IGME (via World Bank API),2026-09-02
TJK,Tajikistan,2021,mortality_u5,29.8,UN IGME (via World Bank API),2026-09-02
TJK,Tajikistan,2020,mortality_u5,30.1,UN IGME (via World Bank API),2026-09-02
TJK,Tajikistan,2019,mortality_u5,30.4,UN IGME (via World Bank API),2026-09-02
TJK,Tajikistan,2018,mortality_u5,30.7,UN IGME (via World Bank API),2026-09-02
TJK,Tajikistan,2017,mortality_u5,31.0,UN IGME (via World Bank API),2026-09-02
TJK,Tajikistan,2016,mortality_u5,31.5,UN IGME (via World Bank API),2026-09-02
TJK,Tajikistan,2015,mortality_u5,32.2,UN IGME (via World Bank API),2026-09-02
TJK,Tajikistan,2014,mortality_u5,33.0,UN IGME (via World Bank API),2026-09-02
TJK,Tajikistan,2013,mortality_u5,34.0,UN IGME (via World Bank API),2026-09-02
TJK,Tajikistan,2012,mortality_u5,35.0,UN IGME (via World Bank API),2026-09-02
TJK,Tajikistan,2011,mortality_u5,36.2,UN IGME (via World Bank API),2026-09-02
TJK,Tajikistan,2010,mortality_u5,37.6,UN IGME (via World Bank API),2026-09-02
TJK,Tajikistan,2009,mortality_u5,39.3,UN IGME (via World Bank API),2026-09-02
TJK,Tajikistan,2008,mortality_u5,41.2,UN IGME (via World Bank API),2026-09-02
TJK,Tajikistan,2007,mortality_u5,43.6,UN IGME (via World Bank API),2026-09-02
TJK,Tajikistan,2006,mortality_u5,46.6,UN IGME (via World Bank API),2026-09-02
TJK,Tajikistan,2005,mortality_u5,50.3,UN IGME (via World Bank API),2026-09-02
TJK,Tajikistan,2004,mortality_u5,54.6,UN IGME (via World Bank API),2026-09-02
TJK,Tajikistan,2003,mortality_u5,59.8,UN IGME (via World Bank API),2026-09-02
TJK,Tajikistan,2002,mortality_u5,65.6,UN IGME (via World Bank API),2026-09-02
TJK,Tajikistan,2001,mortality_u5,71.8,UN IGME (via World Bank API),2026-09-02
TJK,Tajikistan,2000,mortality_u5,78.4,UN IGME (via World Bank API),2026-09-02
TZA,Tanzania,2023,mortality_u5,38.5,UN IGME (via World Bank API),2026-09-02
TZA,Tanzania,2022,mortality_u5,40.1,UN IGME (via World Bank API),2026-09-02
TZA,Tanzania,2021,mortality_u5,41.7,UN IGME (via World Bank API),2026-09-02
TZA,Tanzania,2020,mortality_u5,43.8,UN IGME (via World Bank API),2026-09-02
TZA,Tanzania,2019,mortality_u5,45.6,UN IGME (via World Bank API),2026-09-02
TZA,Tanzania,2018,mortality_u5,47.6,UN IGME (via World Bank API),2026-09-02
TZA,Tanzania,2017,mortality_u5,49.8,UN IGME (via World Bank API),2026-09-02
TZA,Tanzania,2016,mortality_u5,52.0,UN IGME (via World Bank API),2026-09-02
TZA,Tanzania,2015,mortality_u5,54.3,UN IGME (via World Bank API),2026-09-02
TZA,Tanzania,2014,mortality_u5,56.3,UN IGME (via World Bank API),2026-09-02
TZA,Tanzania,2013,mortality_u5,59.0,UN IGME (via World Bank API),2026-09-02
TZA,Tanzania,2012,mortality_u5,61.7,UN IGME (via World Bank API),2026-09-02
TZA,Tanzania,2011,mortality_u5,64.6,UN IGME (via World Bank API),2026-09-02
TZA,Tanzania,2010,mortality_u5,68.2,UN IGME (via World Bank API),2026-09-02
TZA,Tanzania,2009,mortality_u5,72.0,UN IGME (via World Bank API),2026-09-02
TZA,Tanzania,2008,mortality_u5,76.6,UN IGME (via World Bank API),2026-09-02
TZA,Tanzania,2007,mortality_u5,81.3,UN IGME (via World Bank API),2026-09-02
TZA,Tanzania,2006,mortality_u5,86.7,UN IGME (via World Bank API),2026-09-02
TZA,Tanzania,2005,mortality_u5,92.2,UN IGME (via World Bank API),2026-09-02
TZA,Tanzania,2004,mortality_u5,98.3,UN IGME (via World Bank API),2026-09-02
TZA,Tanzania,2003,mortality_u5,105.0,UN IGME (via World Bank API),2026-09-02
TZA,Tanzania,2002,mortality_u5,112.4,UN IGME (via World Bank API),2026-09-02
TZA,Tanzania,2001,mortality_u5,120.3,UN IGME (via World Bank API),2026-09-02
TZA,Tanzania,2000,mortality_u5,128.0,UN IGME (via World Bank API),2026-09-02
THA,Thailand,2023,mortality_u5,9.2,UN IGME (via World Bank API),2026-09-02
THA,Thailand,2022,mortality_u5,9.5,UN IGME (via World Bank API),2026-09-02
THA,Thailand,2021,mortality_u5,9.8,UN IGME (via World Bank API),2026-09-02
THA,Thailand,2020,mortality_u5,10.1,UN IGME (via World Bank API),2026-09-02
THA,Thailand,2019,mortality_u5,10.4,UN IGME (via World Bank API),2026-09-02
THA,Thailand,2018,mortality_u5,10.8,UN IGME (via World Bank API),2026-09-02
THA,Thailand,2017,mortality_u5,11.1,UN IGME (via World Bank API),2026-09-02
THA,Thailand,2016,mortality_u5,11.5,UN IGME (via World Bank API),2026-09-02
THA,Thailand,2015,mortality_u5,11.9,UN IGME (via World Bank API),2026-09-02
THA,Thailand,2014,mortality_u5,12.3,UN IGME (via World Bank API),2026-09-02
THA,Thailand,2013,mortality_u5,12.7,UN IGME (via World Bank API),2026-09-02
THA,Thailand,2012,mortality_u5,13.1,UN IGME (via World Bank API),2026-09-02
THA,Thailand,2011,mortality_u5,13.6,UN IGME (via World Bank API),2026-09-02
THA,Thailand,2010,mortality_u5,14.1,UN IGME (via World Bank API),2026-09-02
THA,Thailand,2009,mortality_u5,14.7,UN IGME (via World Bank API),2026-09-02
THA,Thailand,2008,mortality_u5,15.2,UN IGME (via World Bank API),2026-09-02
THA,Thailand,2007,mortality_u5,15.9,UN IGME (via World Bank API),2026-09-02
THA,Thailand,2006,mortality_u5,16.5,UN IGME (via World Bank API),2026-09-02
THA,Thailand,2005,mortality_u5,17.2,UN IGME (via World Bank API),2026-09-02
THA,Thailand,2004,mortality_u5,18.0,UN IGME (via World Bank API),2026-09-02
THA,Thailand,2003,mortality_u5,18.9,UN IGME (via World Bank API),2026-09-02
THA,Thailand,2002,mortality_u5,19.7,UN IGME (via World Bank API),2026-09-02
THA,Thailand,2001,mortality_u5,20.7,UN IGME (via World Bank API),2026-09-02
THA,Thailand,2000,mortality_u5,21.7,UN IGME (via World Bank API),2026-09-02
TLS,Timor-Leste,2023,mortality_u5,49.2,UN IGME (via World Bank API),2026-09-02
TLS,Timor-Leste,2022,mortality_u5,50.7,UN IGME (via World Bank API),2026-09-02
TLS,Timor-Leste,2021,mortality_u5,52.0,UN IGME (via World Bank API),2026-09-02
TLS,Timor-Leste,2020,mortality_u5,53.4,UN IGME (via World Bank API),2026-09-02
TLS,Timor-Leste,2019,mortality_u5,54.8,UN IGME (via World Bank API),2026-09-02
TLS,Timor-Leste,2018,mortality_u5,56.0,UN IGME (via World Bank API),2026-09-02
TLS,Timor-Leste,2017,mortality_u5,57.3,UN IGME (via World Bank API),2026-09-02
TLS,Timor-Leste,2016,mortality_u5,58.7,UN IGME (via World Bank API),2026-09-02
TLS,Timor-Leste,2015,mortality_u5,60.2,UN IGME (via World Bank API),2026-09-02
TLS,Timor-Leste,2014,mortality_u5,61.9,UN IGME (via World Bank API),2026-09-02
TLS,Timor-Leste,2013,mortality_u5,63.9,UN IGME (via World Bank API),2026-09-02
TLS,Timor-Leste,2012,mortality_u5,65.9,UN IGME (via World Bank API),2026-09-02
TLS,Timor-Leste,2011,mortality_u5,68.4,UN IGME (via World Bank API),2026-09-02
TLS,Timor-Leste,2010,mortality_u5,71.0,UN IGME (via World Bank API),2026-09-02
TLS,Timor-Leste,2009,mortality_u5,73.9,UN IGME (via World Bank API),2026-09-02
TLS,Timor-Leste,2008,mortality_u5,76.9,UN IGME (via World Bank API),2026-09-02
TLS,Timor-Leste,2007,mortality_u5,80.4,UN IGME (via World Bank API),2026-09-02
TLS,Timor-Leste,2006,mortality_u5,84.0,UN IGME (via World Bank API),2026-09-02
TLS,Timor-Leste,2005,mortality_u5,88.0,UN IGME (via World Bank API),2026-09-02
TLS,Timor-Leste,2004,mortality_u5,92.3,UN IGME (via World Bank API),2026-09-02
TLS,Timor-Leste,2003,mortality_u5,96.8,UN IGME (via World Bank API),2026-09-02
TLS,Timor-Leste,2002,mortality_u5,101.5,UN IGME (via World Bank API),2026-09-02
TLS,Timor-Leste,2001,mortality_u5,106.4,UN IGME (via World Bank API),2026-09-02
TLS,Timor-Leste,2000,mortality_u5,111.5,UN IGME (via World Bank API),2026-09-02
TGO,Togo,2023,mortality_u5,58.1,UN IGME (via World Bank API),2026-09-02
TGO,Togo,2022,mortality_u5,60.0,UN IGME (via World Bank API),2026-09-02
TGO,Togo,2021,mortality_u5,62.0,UN IGME (via World Bank API),2026-09-02
TGO,Togo,2020,mortality_u5,63.9,UN IGME (via World Bank API),2026-09-02
TGO,Togo,2019,mortality_u5,66.0,UN IGME (via World Bank API),2026-09-02
TGO,Togo,2018,mortality_u5,68.1,UN IGME (via World Bank API),2026-09-02
TGO,Togo,2017,mortality_u5,70.4,UN IGME (via World Bank API),2026-09-02
TGO,Togo,2016,mortality_u5,72.8,UN IGME (via World Bank API),2026-09-02
TGO,Togo,2015,mortality_u5,75.2,UN IGME (via World Bank API),2026-09-02
TGO,Togo,2014,mortality_u5,77.7,UN IGME (via World Bank API),2026-09-02
TGO,Togo,2013,mortality_u5,80.2,UN IGME (via World Bank API),2026-09-02
TGO,Togo,2012,mortality_u5,82.9,UN IGME (via World Bank API),2026-09-02
TGO,Togo,2011,mortality_u5,85.6,UN IGME (via World Bank API),2026-09-02
TGO,Togo,2010,mortality_u5,88.3,UN IGME (via World Bank API),2026-09-02
TGO,Togo,2009,mortality_u5,90.9,UN IGME (via World Bank API),2026-09-02
TGO,Togo,2008,mortality_u5,93.7,UN IGME (via World Bank API),2026-09-02
TGO,Togo,2007,mortality_u5,96.5,UN IGME (via World Bank API),2026-09-02
TGO,Togo,2006,mortality_u5,99.3,UN IGME (via World Bank API),2026-09-02
TGO,Togo,2005,mortality_u5,102.4,UN IGME (via World Bank API),2026-09-02
TGO,Togo,2004,mortality_u5,105.5,UN IGME (via World Bank API),2026-09-02
TGO,Togo,2003,mortality_u5,108.8,UN IGME (via World Bank API),2026-09-02
TGO,Togo,2002,mortality_u5,112.2,UN IGME (via World Bank API),2026-09-02
TGO,Togo,2001,mortality_u5,115.7,UN IGME (via World Bank API),2026-09-02
TGO,Togo,2000,mortality_u5,119.2,UN IGME (via World Bank API),2026-09-02
TON,Tonga,2023,mortality_u5,9.8,UN IGME (via World Bank API),2026-09-02
TON,Tonga,2022,mortality_u5,10.1,UN IGME (via World Bank API),2026-09-02
TON,Tonga,2021,mortality_u5,10.4,UN IGME (via World Bank API),2026-09-02
TON,Tonga,2020,mortality_u5,10.6,UN IGME (via World Bank API),2026-09-02
TON,Tonga,2019,mortality_u5,10.9,UN IGME (via World Bank API),2026-09-02
TON,Tonga,2018,mortality_u5,11.1,UN IGME (via World Bank API),2026-09-02
TON,Tonga,2017,mortality_u5,11.4,UN IGME (via World Bank API),2026-09-02
TON,Tonga,2016,mortality_u5,11.6,UN IGME (via World Bank API),2026-09-02
TON,Tonga,2015,mortality_u5,11.9,UN IGME (via World Bank API),2026-09-02
TON,Tonga,2014,mortality_u5,12.1,UN IGME (via World Bank API),2026-09-02
TON,Tonga,2013,mortality_u5,12.3,UN IGME (via World Bank API),2026-09-02
TON,Tonga,2012,mortality_u5,12.6,UN IGME (via World Bank API),2026-09-02
TON,Tonga,2011,mortality_u5,12.8,UN IGME (via World Bank API),2026-09-02
TON,Tonga,2010,mortality_u5,13.1,UN IGME (via World Bank API),2026-09-02
TON,Tonga,2009,mortality_u5,13.4,UN IGME (via World Bank API),2026-09-02
TON,Tonga,2008,mortality_u5,13.7,UN IGME (via World Bank API),2026-09-02
TON,Tonga,2007,mortality_u5,14.0,UN IGME (via World Bank API),2026-09-02
TON,Tonga,2006,mortality_u5,14.4,UN IGME (via World Bank API),2026-09-02
TON,Tonga,2005,mortality_u5,14.8,UN IGME (via World Bank API),2026-09-02
TON,Tonga,2004,mortality_u5,15.2,UN IGME (via World Bank API),2026-09-02
TON,Tonga,2003,mortality_u5,15.6,UN IGME (via World Bank API),2026-09-02
TON,Tonga,2002,mortality_u5,16.0,UN IGME (via World Bank API),2026-09-02
TON,Tonga,2001,mortality_u5,16.5,UN IGME (via World Bank API),2026-09-02
TON,Tonga,2000,mortality_u5,16.9,UN IGME (via World Bank API),2026-09-02
TTO,Trinidad and Tobago,2023,mortality_u5,19.3,UN IGME (via World Bank API),2026-09-02
TTO,Trinidad and Tobago,2022,mortality_u5,19.9,UN IGME (via World Bank API),2026-09-02
TTO,Trinidad and Tobago,2021,mortality_u5,20.4,UN IGME (via World Bank API),2026-09-02
TTO,Trinidad and Tobago,2020,mortality_u5,20.8,UN IGME (via World Bank API),2026-09-02
TTO,Trinidad and Tobago,2019,mortality_u5,21.2,UN IGME (via World Bank API),2026-09-02
TTO,Trinidad and Tobago,2018,mortality_u5,21.6,UN IGME (via World Bank API),2026-09-02
TTO,Trinidad and Tobago,2017,mortality_u5,22.0,UN IGME (via World Bank API),2026-09-02
TTO,Trinidad and Tobago,2016,mortality_u5,22.3,UN IGME (via World Bank API),2026-09-02
TTO,Trinidad and Tobago,2015,mortality_u5,22.7,UN IGME (via World Bank API),2026-09-02
TTO,Trinidad and Tobago,2014,mortality_u5,23.1,UN IGME (via World Bank API),2026-09-02
TTO,Trinidad and Tobago,2013,mortality_u5,23.5,UN IGME (via World Bank API),2026-09-02
TTO,Trinidad and Tobago,2012,mortality_u5,23.9,UN IGME (via World Bank API),2026-09-02
TTO,Trinidad and Tobago,2011,mortality_u5,24.4,UN IGME (via World Bank API),2026-09-02
TTO,Trinidad and Tobago,2010,mortality_u5,24.8,UN IGME (via World Bank API),2026-09-02
TTO,Trinidad and Tobago,2009,mortality_u5,25.3,UN IGME (via World Bank API),2026-09-02
TTO,Trinidad and Tobago,2008,mortality_u5,25.7,UN IGME (via World Bank API),2026-09-02
TTO,Trinidad and Tobago,2007,mortality_u5,26.1,UN IGME (via World Bank API),2026-09-02
TTO,Trinidad and Tobago,2006,mortality_u5,26.5,UN IGME (via World Bank API),2026-09-02
TTO,Trinidad and Tobago,2005,mortality_u5,26.9,UN IGME (via World Bank API),2026-09-02
TTO,Trinidad and Tobago,2004,mortality_u5,27.3,UN IGME (via World Bank API),2026-09-02
TTO,Trinidad and Tobago,2003,mortality_u5,27.7,UN IGME (via World Bank API),2026-09-02
TTO,Trinidad and Tobago,2002,mortality_u5,28.1,UN IGME (via World Bank API),2026-09-02
TTO,Trinidad and Tobago,2001,mortality_u5,28.5,UN IGME (via World Bank API),2026-09-02
TTO,Trinidad and Tobago,2000,mortality_u5,28.8,UN IGME (via World Bank API),2026-09-02
TUN,Tunisia,2023,mortality_u5,12.9,UN IGME (via World Bank API),2026-09-02
TUN,Tunisia,2022,mortality_u5,13.9,UN IGME (via World Bank API),2026-09-02
TUN,Tunisia,2021,mortality_u5,15.0,UN IGME (via World Bank API),2026-09-02
TUN,Tunisia,2020,mortality_u5,16.0,UN IGME (via World Bank API),2026-09-02
TUN,Tunisia,2019,mortality_u5,16.9,UN IGME (via World Bank API),2026-09-02
TUN,Tunisia,2018,mortality_u5,17.5,UN IGME (via World Bank API),2026-09-02
TUN,Tunisia,2017,mortality_u5,17.9,UN IGME (via World Bank API),2026-09-02
TUN,Tunisia,2016,mortality_u5,18.1,UN IGME (via World Bank API),2026-09-02
TUN,Tunisia,2015,mortality_u5,18.2,UN IGME (via World Bank API),2026-09-02
TUN,Tunisia,2014,mortality_u5,18.3,UN IGME (via World Bank API),2026-09-02
TUN,Tunisia,2013,mortality_u5,18.3,UN IGME (via World Bank API),2026-09-02
TUN,Tunisia,2012,mortality_u5,18.4,UN IGME (via World Bank API),2026-09-02
TUN,Tunisia,2011,mortality_u5,18.5,UN IGME (via World Bank API),2026-09-02
TUN,Tunisia,2010,mortality_u5,18.7,UN IGME (via World Bank API),2026-09-02
TUN,Tunisia,2009,mortality_u5,19.0,UN IGME (via World Bank API),2026-09-02
TUN,Tunisia,2008,mortality_u5,19.4,UN IGME (via World Bank API),2026-09-02
TUN,Tunisia,2007,mortality_u5,20.0,UN IGME (via World Bank API),2026-09-02
TUN,Tunisia,2006,mortality_u5,20.7,UN IGME (via World Bank API),2026-09-02
TUN,Tunisia,2005,mortality_u5,21.6,UN IGME (via World Bank API),2026-09-02
TUN,Tunisia,2004,mortality_u5,22.7,UN IGME (via World Bank API),2026-09-02
TUN,Tunisia,2003,mortality_u5,24.0,UN IGME (via World Bank API),2026-09-02
TUN,Tunisia,2002,mortality_u5,25.5,UN IGME (via World Bank API),2026-09-02
TUN,Tunisia,2001,mortality_u5,27.2,UN IGME (via World Bank API),2026-09-02
TUN,Tunisia,2000,mortality_u5,29.2,UN IGME (via World Bank API),2026-09-02
TUR,Turkiye,2023,mortality_u5,13.8,UN IGME (via World Bank API),2026-09-02
TUR,Turkiye,2022,mortality_u5,10.2,UN IGME (via World Bank API),2026-09-02
TUR,Turkiye,2021,mortality_u5,10.6,UN IGME (via World Bank API),2026-09-02
TUR,Turkiye,2020,mortality_u5,10.9,UN IGME (via World Bank API),2026-09-02
TUR,Turkiye,2019,mortality_u5,11.3,UN IGME (via World Bank API),2026-09-02
TUR,Turkiye,2018,mortality_u5,11.7,UN IGME (via World Bank API),2026-09-02
TUR,Turkiye,2017,mortality_u5,12.2,UN IGME (via World Bank API),2026-09-02
TUR,Turkiye,2016,mortality_u5,12.7,UN IGME (via World Bank API),2026-09-02
TUR,Turkiye,2015,mortality_u5,13.3,UN IGME (via World Bank API),2026-09-02
TUR,Turkiye,2014,mortality_u5,14.0,UN IGME (via World Bank API),2026-09-02
TUR,Turkiye,2013,mortality_u5,14.7,UN IGME (via World Bank API),2026-09-02
TUR,Turkiye,2012,mortality_u5,15.6,UN IGME (via World Bank API),2026-09-02
TUR,Turkiye,2011,mortality_u5,16.6,UN IGME (via World Bank API),2026-09-02
TUR,Turkiye,2010,mortality_u5,17.6,UN IGME (via World Bank API),2026-09-02
TUR,Turkiye,2009,mortality_u5,18.9,UN IGME (via World Bank API),2026-09-02
TUR,Turkiye,2008,mortality_u5,20.3,UN IGME (via World Bank API),2026-09-02
TUR,Turkiye,2007,mortality_u5,21.8,UN IGME (via World Bank API),2026-09-02
TUR,Turkiye,2006,mortality_u5,23.5,UN IGME (via World Bank API),2026-09-02
TUR,Turkiye,2005,mortality_u5,25.3,UN IGME (via World Bank API),2026-09-02
TUR,Turkiye,2004,mortality_u5,27.4,UN IGME (via World Bank API),2026-09-02
TUR,Turkiye,2003,mortality_u5,29.6,UN IGME (via World Bank API),2026-09-02
TUR,Turkiye,2002,mortality_u5,32.0,UN IGME (via World Bank API),2026-09-02
TUR,Turkiye,2001,mortality_u5,34.5,UN IGME (via World Bank API),2026-09-02
TUR,Turkiye,2000,mortality_u5,37.2,UN IGME (via World Bank API),2026-09-02
TKM,Turkmenistan,2023,mortality_u5,40.2,UN IGME (via World Bank API),2026-09-02
TKM,Turkmenistan,2022,mortality_u5,41.1,UN IGME (via World Bank API),2026-09-02
TKM,Turkmenistan,2021,mortality_u5,42.1,UN IGME (via World Bank API),2026-09-02
TKM,Turkmenistan,2020,mortality_u5,42.9,UN IGME (via World Bank API),2026-09-02
TKM,Turkmenistan,2019,mortality_u5,43.5,UN IGME (via World Bank API),2026-09-02
TKM,Turkmenistan,2018,mortality_u5,43.8,UN IGME (via World Bank API),2026-09-02
TKM,Turkmenistan,2017,mortality_u5,43.8,UN IGME (via World Bank API),2026-09-02
TKM,Turkmenistan,2016,mortality_u5,43.5,UN IGME (via World Bank API),2026-09-02
TKM,Turkmenistan,2015,mortality_u5,43.2,UN IGME (via World Bank API),2026-09-02
TKM,Turkmenistan,2014,mortality_u5,42.9,UN IGME (via World Bank API),2026-09-02
TKM,Turkmenistan,2013,mortality_u5,42.8,UN IGME (via World Bank API),2026-09-02
TKM,Turkmenistan,2012,mortality_u5,42.9,UN IGME (via World Bank API),2026-09-02
TKM,Turkmenistan,2011,mortality_u5,43.4,UN IGME (via World Bank API),2026-09-02
TKM,Turkmenistan,2010,mortality_u5,44.0,UN IGME (via World Bank API),2026-09-02
TKM,Turkmenistan,2009,mortality_u5,45.0,UN IGME (via World Bank API),2026-09-02
TKM,Turkmenistan,2008,mortality_u5,46.4,UN IGME (via World Bank API),2026-09-02
TKM,Turkmenistan,2007,mortality_u5,48.1,UN IGME (via World Bank API),2026-09-02
TKM,Turkmenistan,2006,mortality_u5,50.1,UN IGME (via World Bank API),2026-09-02
TKM,Turkmenistan,2005,mortality_u5,52.6,UN IGME (via World Bank API),2026-09-02
TKM,Turkmenistan,2004,mortality_u5,55.4,UN IGME (via World Bank API),2026-09-02
TKM,Turkmenistan,2003,mortality_u5,58.6,UN IGME (via World Bank API),2026-09-02
TKM,Turkmenistan,2002,mortality_u5,61.9,UN IGME (via World Bank API),2026-09-02
TKM,Turkmenistan,2001,mortality_u5,65.4,UN IGME (via World Bank API),2026-09-02
TKM,Turkmenistan,2000,mortality_u5,68.7,UN IGME (via World Bank API),2026-09-02
TCA,Turks and Caicos Islands,2023,mortality_u5,4.8,UN IGME (via World Bank API),2026-09-02
TCA,Turks and Caicos Islands,2022,mortality_u5,5.0,UN IGME (via World Bank API),2026-09-02
TCA,Turks and Caicos Islands,2021,mortality_u5,5.1,UN IGME (via World Bank API),2026-09-02
TCA,Turks and Caicos Islands,2020,mortality_u5,5.3,UN IGME (via World Bank API),2026-09-02
TCA,Turks and Caicos Islands,2019,mortality_u5,5.5,UN IGME (via World Bank API),2026-09-02
TCA,Turks and Caicos Islands,2018,mortality_u5,5.6,UN IGME (via World Bank API),2026-09-02
TCA,Turks and Caicos Islands,2017,mortality_u5,5.8,UN IGME (via World Bank API),2026-09-02
TCA,Turks and Caicos Islands,2016,mortality_u5,6.0,UN IGME (via World Bank API),2026-09-02
TCA,Turks and Caicos Islands,2015,mortality_u5,6.2,UN IGME (via World Bank API),2026-09-02
TCA,Turks and Caicos Islands,2014,mortality_u5,6.4,UN IGME (via World Bank API),2026-09-02
TCA,Turks and Caicos Islands,2013,mortality_u5,6.6,UN IGME (via World Bank API),2026-09-02
TCA,Turks and Caicos Islands,2012,mortality_u5,6.8,UN IGME (via World Bank API),2026-09-02
TCA,Turks and Caicos Islands,2011,mortality_u5,7.0,UN IGME (via World Bank API),2026-09-02
TCA,Turks and Caicos Islands,2010,mortality_u5,7.3,UN IGME (via World Bank API),2026-09-02
TCA,Turks and Caicos Islands,2009,mortality_u5,7.5,UN IGME (via World Bank API),2026-09-02
TCA,Turks and Caicos Islands,2008,mortality_u5,7.8,UN IGME (via World Bank API),2026-09-02
TCA,Turks and Caicos Islands,2007,mortality_u5,8.1,UN IGME (via World Bank API),2026-09-02
TCA,Turks and Caicos Islands,2006,mortality_u5,8.5,UN IGME (via World Bank API),2026-09-02
TCA,Turks and Caicos Islands,2005,mortality_u5,8.9,UN IGME (via World Bank API),2026-09-02
TCA,Turks and Caicos Islands,2004,mortality_u5,9.4,UN IGME (via World Bank API),2026-09-02
TCA,Turks and Caicos Islands,2003,mortality_u5,9.9,UN IGME (via World Bank API),2026-09-02
TCA,Turks and Caicos Islands,2002,mortality_u5,10.5,UN IGME (via World Bank API),2026-09-02
TCA,Turks and Caicos Islands,2001,mortality_u5,11.1,UN IGME (via World Bank API),2026-09-02
TCA,Turks and Caicos Islands,2000,mortality_u5,11.7,UN IGME (via World Bank API),2026-09-02
TUV,Tuvalu,2023,mortality_u5,19.8,UN IGME (via World Bank API),2026-09-02
TUV,Tuvalu,2022,mortality_u5,20.5,UN IGME (via World Bank API),2026-09-02
TUV,Tuvalu,2021,mortality_u5,21.2,UN IGME (via World Bank API),2026-09-02
TUV,Tuvalu,2020,mortality_u5,21.9,UN IGME (via World Bank API),2026-09-02
TUV,Tuvalu,2019,mortality_u5,22.7,UN IGME (via World Bank API),2026-09-02
TUV,Tuvalu,2018,mortality_u5,23.5,UN IGME (via World Bank API),2026-09-02
TUV,Tuvalu,2017,mortality_u5,24.3,UN IGME (via World Bank API),2026-09-02
TUV,Tuvalu,2016,mortality_u5,25.2,UN IGME (via World Bank API),2026-09-02
TUV,Tuvalu,2015,mortality_u5,26.0,UN IGME (via World Bank API),2026-09-02
TUV,Tuvalu,2014,mortality_u5,26.9,UN IGME (via World Bank API),2026-09-02
TUV,Tuvalu,2013,mortality_u5,28.0,UN IGME (via World Bank API),2026-09-02
TUV,Tuvalu,2012,mortality_u5,29.0,UN IGME (via World Bank API),2026-09-02
TUV,Tuvalu,2011,mortality_u5,30.2,UN IGME (via World Bank API),2026-09-02
TUV,Tuvalu,2010,mortality_u5,31.4,UN IGME (via World Bank API),2026-09-02
TUV,Tuvalu,2009,mortality_u5,32.8,UN IGME (via World Bank API),2026-09-02
TUV,Tuvalu,2008,mortality_u5,34.2,UN IGME (via World Bank API),2026-09-02
TUV,Tuvalu,2007,mortality_u5,35.6,UN IGME (via World Bank API),2026-09-02
TUV,Tuvalu,2006,mortality_u5,36.9,UN IGME (via World Bank API),2026-09-02
TUV,Tuvalu,2005,mortality_u5,38.1,UN IGME (via World Bank API),2026-09-02
TUV,Tuvalu,2004,mortality_u5,39.1,UN IGME (via World Bank API),2026-09-02
TUV,Tuvalu,2003,mortality_u5,40.0,UN IGME (via World Bank API),2026-09-02
TUV,Tuvalu,2002,mortality_u5,40.8,UN IGME (via World Bank API),2026-09-02
TUV,Tuvalu,2001,mortality_u5,41.8,UN IGME (via World Bank API),2026-09-02
TUV,Tuvalu,2000,mortality_u5,42.8,UN IGME (via World Bank API),2026-09-02
UGA,Uganda,2023,mortality_u5,49.4,UN IGME (via World Bank API),2026-09-02
UGA,Uganda,2022,mortality_u5,50.0,UN IGME (via World Bank API),2026-09-02
UGA,Uganda,2021,mortality_u5,50.2,UN IGME (via World Bank API),2026-09-02
UGA,Uganda,2020,mortality_u5,50.9,UN IGME (via World Bank API),2026-09-02
UGA,Uganda,2019,mortality_u5,51.6,UN IGME (via World Bank API),2026-09-02
UGA,Uganda,2018,mortality_u5,52.7,UN IGME (via World Bank API),2026-09-02
UGA,Uganda,2017,mortality_u5,54.0,UN IGME (via World Bank API),2026-09-02
UGA,Uganda,2016,mortality_u5,55.6,UN IGME (via World Bank API),2026-09-02
UGA,Uganda,2015,mortality_u5,57.9,UN IGME (via World Bank API),2026-09-02
UGA,Uganda,2014,mortality_u5,60.2,UN IGME (via World Bank API),2026-09-02
UGA,Uganda,2013,mortality_u5,62.8,UN IGME (via World Bank API),2026-09-02
UGA,Uganda,2012,mortality_u5,66.5,UN IGME (via World Bank API),2026-09-02
UGA,Uganda,2011,mortality_u5,70.9,UN IGME (via World Bank API),2026-09-02
UGA,Uganda,2010,mortality_u5,76.0,UN IGME (via World Bank API),2026-09-02
UGA,Uganda,2009,mortality_u5,81.2,UN IGME (via World Bank API),2026-09-02
UGA,Uganda,2008,mortality_u5,86.4,UN IGME (via World Bank API),2026-09-02
UGA,Uganda,2007,mortality_u5,92.5,UN IGME (via World Bank API),2026-09-02
UGA,Uganda,2006,mortality_u5,99.2,UN IGME (via World Bank API),2026-09-02
UGA,Uganda,2005,mortality_u5,106.5,UN IGME (via World Bank API),2026-09-02
UGA,Uganda,2004,mortality_u5,114.2,UN IGME (via World Bank API),2026-09-02
UGA,Uganda,2003,mortality_u5,122.1,UN IGME (via World Bank API),2026-09-02
UGA,Uganda,2002,mortality_u5,129.9,UN IGME (via World Bank API),2026-09-02
UGA,Uganda,2001,mortality_u5,137.2,UN IGME (via World Bank API),2026-09-02
UGA,Uganda,2000,mortality_u5,143.9,UN IGME (via World Bank API),2026-09-02
UKR,Ukraine,2023,mortality_u5,8.0,UN IGME (via World Bank API),2026-09-02
UKR,Ukraine,2022,mortality_u5,8.5,UN IGME (via World Bank API),2026-09-02
UKR,Ukraine,2021,mortality_u5,8.2,UN IGME (via World Bank API),2026-09-02
UKR,Ukraine,2020,mortality_u5,8.4,UN IGME (via World Bank API),2026-09-02
UKR,Ukraine,2019,mortality_u5,8.5,UN IGME (via World Bank API),2026-09-02
UKR,Ukraine,2018,mortality_u5,8.7,UN IGME (via World Bank API),2026-09-02
UKR,Ukraine,2017,mortality_u5,8.9,UN IGME (via World Bank API),2026-09-02
UKR,Ukraine,2016,mortality_u5,9.1,UN IGME (via World Bank API),2026-09-02
UKR,Ukraine,2015,mortality_u5,9.5,UN IGME (via World Bank API),2026-09-02
UKR,Ukraine,2014,mortality_u5,9.8,UN IGME (via World Bank API),2026-09-02
UKR,Ukraine,2013,mortality_u5,10.2,UN IGME (via World Bank API),2026-09-02
UKR,Ukraine,2012,mortality_u5,10.7,UN IGME (via World Bank API),2026-09-02
UKR,Ukraine,2011,mortality_u5,11.2,UN IGME (via World Bank API),2026-09-02
UKR,Ukraine,2010,mortality_u5,11.7,UN IGME (via World Bank API),2026-09-02
UKR,Ukraine,2009,mortality_u5,12.3,UN IGME (via World Bank API),2026-09-02
UKR,Ukraine,2008,mortality_u5,12.9,UN IGME (via World Bank API),2026-09-02
UKR,Ukraine,2007,mortality_u5,13.4,UN IGME (via World Bank API),2026-09-02
UKR,Ukraine,2006,mortality_u5,14.0,UN IGME (via World Bank API),2026-09-02
UKR,Ukraine,2005,mortality_u5,14.5,UN IGME (via World Bank API),2026-09-02
UKR,Ukraine,2004,mortality_u5,15.1,UN IGME (via World Bank API),2026-09-02
UKR,Ukraine,2003,mortality_u5,15.8,UN IGME (via World Bank API),2026-09-02
UKR,Ukraine,2002,mortality_u5,16.6,UN IGME (via World Bank API),2026-09-02
UKR,Ukraine,2001,mortality_u5,17.4,UN IGME (via World Bank API),2026-09-02
UKR,Ukraine,2000,mortality_u5,18.2,UN IGME (via World Bank API),2026-09-02
ARE,United Arab Emirates,2023,mortality_u5,5.0,UN IGME (via World Bank API),2026-09-02
ARE,United Arab Emirates,2022,mortality_u5,5.3,UN IGME (via World Bank API),2026-09-02
ARE,United Arab Emirates,2021,mortality_u5,5.6,UN IGME (via World Bank API),2026-09-02
ARE,United Arab Emirates,2020,mortality_u5,5.9,UN IGME (via World Bank API),2026-09-02
ARE,United Arab Emirates,2019,mortality_u5,6.3,UN IGME (via World Bank API),2026-09-02
ARE,United Arab Emirates,2018,mortality_u5,6.7,UN IGME (via World Bank API),2026-09-02
ARE,United Arab Emirates,2017,mortality_u5,7.0,UN IGME (via World Bank API),2026-09-02
ARE,United Arab Emirates,2016,mortality_u5,7.3,UN IGME (via World Bank API),2026-09-02
ARE,United Arab Emirates,2015,mortality_u5,7.6,UN IGME (via World Bank API),2026-09-02
ARE,United Arab Emirates,2014,mortality_u5,7.9,UN IGME (via World Bank API),2026-09-02
ARE,United Arab Emirates,2013,mortality_u5,8.2,UN IGME (via World Bank API),2026-09-02
ARE,United Arab Emirates,2012,mortality_u5,8.4,UN IGME (via World Bank API),2026-09-02
ARE,United Arab Emirates,2011,mortality_u5,8.6,UN IGME (via World Bank API),2026-09-02
ARE,United Arab Emirates,2010,mortality_u5,8.8,UN IGME (via World Bank API),2026-09-02
ARE,United Arab Emirates,2009,mortality_u5,9.0,UN IGME (via World Bank API),2026-09-02
ARE,United Arab Emirates,2008,mortality_u5,9.2,UN IGME (via World Bank API),2026-09-02
ARE,United Arab Emirates,2007,mortality_u5,9.4,UN IGME (via World Bank API),2026-09-02
ARE,United Arab Emirates,2006,mortality_u5,9.6,UN IGME (via World Bank API),2026-09-02
ARE,United Arab Emirates,2005,mortality_u5,9.8,UN IGME (via World Bank API),2026-09-02
ARE,United Arab Emirates,2004,mortality_u5,10.0,UN IGME (via World Bank API),2026-09-02
ARE,United Arab Emirates,2003,mortality_u5,10.2,UN IGME (via World Bank API),2026-09-02
ARE,United Arab Emirates,2002,mortality_u5,10.3,UN IGME (via World Bank API),2026-09-02
ARE,United Arab Emirates,2001,mortality_u5,10.5,UN IGME (via World Bank API),2026-09-02
ARE,United Arab Emirates,2000,mortality_u5,10.7,UN IGME (via World Bank API),2026-09-02
GBR,United Kingdom,2023,mortality_u5,4.6,UN IGME (via World Bank API),2026-09-02
GBR,United Kingdom,2022,mortality_u5,4.5,UN IGME (via World Bank API),2026-09-02
GBR,United Kingdom,2021,mortality_u5,4.4,UN IGME (via World Bank API),2026-09-02
GBR,United Kingdom,2020,mortality_u5,4.4,UN IGME (via World Bank API),2026-09-02
GBR,United Kingdom,2019,mortality_u5,4.4,UN IGME (via World Bank API),2026-09-02
GBR,United Kingdom,2018,mortality_u5,4.4,UN IGME (via World Bank API),2026-09-02
GBR,United Kingdom,2017,mortality_u5,4.4,UN IGME (via World Bank API),2026-09-02
GBR,United Kingdom,2016,mortality_u5,4.4,UN IGME (via World Bank API),2026-09-02
GBR,United Kingdom,2015,mortality_u5,4.5,UN IGME (via World Bank API),2026-09-02
GBR,United Kingdom,2014,mortality_u5,4.5,UN IGME (via World Bank API),2026-09-02
GBR,United Kingdom,2013,mortality_u5,4.6,UN IGME (via World Bank API),2026-09-02
GBR,United Kingdom,2012,mortality_u5,4.8,UN IGME (via World Bank API),2026-09-02
GBR,United Kingdom,2011,mortality_u5,5.0,UN IGME (via World Bank API),2026-09-02
GBR,United Kingdom,2010,mortality_u5,5.2,UN IGME (via World Bank API),2026-09-02
GBR,United Kingdom,2009,mortality_u5,5.4,UN IGME (via World Bank API),2026-09-02
GBR,United Kingdom,2008,mortality_u5,5.6,UN IGME (via World Bank API),2026-09-02
GBR,United Kingdom,2007,mortality_u5,5.8,UN IGME (via World Bank API),2026-09-02
GBR,United Kingdom,2006,mortality_u5,5.9,UN IGME (via World Bank API),2026-09-02
GBR,United Kingdom,2005,mortality_u5,6.0,UN IGME (via World Bank API),2026-09-02
GBR,United Kingdom,2004,mortality_u5,6.1,UN IGME (via World Bank API),2026-09-02
GBR,United Kingdom,2003,mortality_u5,6.2,UN IGME (via World Bank API),2026-09-02
GBR,United Kingdom,2002,mortality_u5,6.3,UN IGME (via World Bank API),2026-09-02
GBR,United Kingdom,2001,mortality_u5,6.4,UN IGME (via World Bank API),2026-09-02
GBR,United Kingdom,2000,mortality_u5,6.5,UN IGME (via World Bank API),2026-09-02
USA,United States,2023,mortality_u5,6.5,UN IGME (via World Bank API),2026-09-02
USA,United States,2022,mortality_u5,6.5,UN IGME (via World Bank API),2026-09-02
USA,United States,2021,mortality_u5,6.5,UN IGME (via World Bank API),2026-09-02
USA,United States,2020,mortality_u5,6.5,UN IGME (via World Bank API),2026-09-02
USA,United States,2019,mortality_u5,6.5,UN IGME (via World Bank API),2026-09-02
USA,United States,2018,mortality_u5,6.5,UN IGME (via World Bank API),2026-09-02
USA,United States,2017,mortality_u5,6.6,UN IGME (via World Bank API),2026-09-02
USA,United States,2016,mortality_u5,6.7,UN IGME (via World Bank API),2026-09-02
USA,United States,2015,mortality_u5,6.8,UN IGME (via World Bank API),2026-09-02
USA,United States,2014,mortality_u5,6.8,UN IGME (via World Bank API),2026-09-02
USA,United States,2013,mortality_u5,6.9,UN IGME (via World Bank API),2026-09-02
USA,United States,2012,mortality_u5,7.0,UN IGME (via World Bank API),2026-09-02
USA,United States,2011,mortality_u5,7.2,UN IGME (via World Bank API),2026-09-02
USA,United States,2010,mortality_u5,7.3,UN IGME (via World Bank API),2026-09-02
USA,United States,2009,mortality_u5,7.5,UN IGME (via World Bank API),2026-09-02
USA,United States,2008,mortality_u5,7.6,UN IGME (via World Bank API),2026-09-02
USA,United States,2007,mortality_u5,7.7,UN IGME (via World Bank API),2026-09-02
USA,United States,2006,mortality_u5,7.9,UN IGME (via World Bank API),2026-09-02
USA,United States,2005,mortality_u5,8.0,UN IGME (via World Bank API),2026-09-02
USA,United States,2004,mortality_u5,8.1,UN IGME (via World Bank API),2026-09-02
USA,United States,2003,mortality_u5,8.1,UN IGME (via World Bank API),2026-09-02
USA,United States,2002,mortality_u5,8.2,UN IGME (via World Bank API),2026-09-02
USA,United States,2001,mortality_u5,8.3,UN IGME (via World Bank API),2026-09-02
USA,United States,2000,mortality_u5,8.4,UN IGME (via World Bank API),2026-09-02
URY,Uruguay,2023,mortality_u5,7.4,UN IGME (via World Bank API),2026-09-02
URY,Uruguay,2022,mortality_u5,7.3,UN IGME (via World Bank API),2026-09-02
URY,Uruguay,2021,mortality_u5,7.3,UN IGME (via World Bank API),2026-09-02
URY,Uruguay,2020,mortality_u5,7.3,UN IGME (via World Bank API),2026-09-02
URY,Uruguay,2019,mortality_u5,7.5,UN IGME (via World Bank API),2026-09-02
URY,Uruguay,2018,mortality_u5,7.7,UN IGME (via World Bank API),2026-09-02
URY,Uruguay,2017,mortality_u5,8.0,UN IGME (via World Bank API),2026-09-02
URY,Uruguay,2016,mortality_u5,8.4,UN IGME (via World Bank API),2026-09-02
URY,Uruguay,2015,mortality_u5,8.9,UN IGME (via World Bank API),2026-09-02
URY,Uruguay,2014,mortality_u5,9.3,UN IGME (via World Bank API),2026-09-02
URY,Uruguay,2013,mortality_u5,9.7,UN IGME (via World Bank API),2026-09-02
URY,Uruguay,2012,mortality_u5,10.0,UN IGME (via World Bank API),2026-09-02
URY,Uruguay,2011,mortality_u5,10.4,UN IGME (via World Bank API),2026-09-02
URY,Uruguay,2010,mortality_u5,10.8,UN IGME (via World Bank API),2026-09-02
URY,Uruguay,2009,mortality_u5,11.3,UN IGME (via World Bank API),2026-09-02
URY,Uruguay,2008,mortality_u5,11.9,UN IGME (via World Bank API),2026-09-02
URY,Uruguay,2007,mortality_u5,12.7,UN IGME (via World Bank API),2026-09-02
URY,Uruguay,2006,mortality_u5,13.6,UN IGME (via World Bank API),2026-09-02
URY,Uruguay,2005,mortality_u5,14.4,UN IGME (via World Bank API),2026-09-02
URY,Uruguay,2004,mortality_u5,15.2,UN IGME (via World Bank API),2026-09-02
URY,Uruguay,2003,mortality_u5,15.7,UN IGME (via World Bank API),2026-09-02
URY,Uruguay,2002,mortality_u5,16.2,UN IGME (via World Bank API),2026-09-02
URY,Uruguay,2001,mortality_u5,16.6,UN IGME (via World Bank API),2026-09-02
URY,Uruguay,2000,mortality_u5,17.0,UN IGME (via World Bank API),2026-09-02
UZB,Uzbekistan,2023,mortality_u5,13.7,UN IGME (via World Bank API),2026-09-02
UZB,Uzbekistan,2022,mortality_u5,14.1,UN IGME (via World Bank API),2026-09-02
UZB,Uzbekistan,2021,mortality_u5,14.6,UN IGME (via World Bank API),2026-09-02
UZB,Uzbekistan,2020,mortality_u5,15.1,UN IGME (via World Bank API),2026-09-02
UZB,Uzbekistan,2019,mortality_u5,15.7,UN IGME (via World Bank API),2026-09-02
UZB,Uzbekistan,2018,mortality_u5,16.4,UN IGME (via World Bank API),2026-09-02
UZB,Uzbekistan,2017,mortality_u5,17.3,UN IGME (via World Bank API),2026-09-02
UZB,Uzbekistan,2016,mortality_u5,18.4,UN IGME (via World Bank API),2026-09-02
UZB,Uzbekistan,2015,mortality_u5,19.7,UN IGME (via World Bank API),2026-09-02
UZB,Uzbekistan,2014,mortality_u5,21.3,UN IGME (via World Bank API),2026-09-02
UZB,Uzbekistan,2013,mortality_u5,23.0,UN IGME (via World Bank API),2026-09-02
UZB,Uzbekistan,2012,mortality_u5,25.0,UN IGME (via World Bank API),2026-09-02
UZB,Uzbekistan,2011,mortality_u5,27.3,UN IGME (via World Bank API),2026-09-02
UZB,Uzbekistan,2010,mortality_u5,29.8,UN IGME (via World Bank API),2026-09-02
UZB,Uzbekistan,2009,mortality_u5,32.6,UN IGME (via World Bank API),2026-09-02
UZB,Uzbekistan,2008,mortality_u5,35.5,UN IGME (via World Bank API),2026-09-02
UZB,Uzbekistan,2007,mortality_u5,38.6,UN IGME (via World Bank API),2026-09-02
UZB,Uzbekistan,2006,mortality_u5,41.9,UN IGME (via World Bank API),2026-09-02
UZB,Uzbekistan,2005,mortality_u5,45.2,UN IGME (via World Bank API),2026-09-02
UZB,Uzbekistan,2004,mortality_u5,48.6,UN IGME (via World Bank API),2026-09-02
UZB,Uzbekistan,2003,mortality_u5,51.9,UN IGME (via World Bank API),2026-09-02
UZB,Uzbekistan,2002,mortality_u5,55.0,UN IGME (via World Bank API),2026-09-02
UZB,Uzbekistan,2001,mortality_u5,58.0,UN IGME (via World Bank API),2026-09-02
UZB,Uzbekistan,2000,mortality_u5,60.7,UN IGME (via World Bank API),2026-09-02
VUT,Vanuatu,2023,mortality_u5,17.5,UN IGME (via World Bank API),2026-09-02
VUT,Vanuatu,2022,mortality_u5,17.8,UN IGME (via World Bank API),2026-09-02
VUT,Vanuatu,2021,mortality_u5,18.0,UN IGME (via World Bank API),2026-09-02
VUT,Vanuatu,2020,mortality_u5,18.1,UN IGME (via World Bank API),2026-09-02
VUT,Vanuatu,2019,mortality_u5,18.1,UN IGME (via World Bank API),2026-09-02
VUT,Vanuatu,2018,mortality_u5,18.2,UN IGME (via World Bank API),2026-09-02
VUT,Vanuatu,2017,mortality_u5,18.3,UN IGME (via World Bank API),2026-09-02
VUT,Vanuatu,2016,mortality_u5,18.4,UN IGME (via World Bank API),2026-09-02
VUT,Vanuatu,2015,mortality_u5,18.6,UN IGME (via World Bank API),2026-09-02
VUT,Vanuatu,2014,mortality_u5,18.8,UN IGME (via World Bank API),2026-09-02
VUT,Vanuatu,2013,mortality_u5,19.2,UN IGME (via World Bank API),2026-09-02
VUT,Vanuatu,2012,mortality_u5,19.7,UN IGME (via World Bank API),2026-09-02
VUT,Vanuatu,2011,mortality_u5,20.3,UN IGME (via World Bank API),2026-09-02
VUT,Vanuatu,2010,mortality_u5,21.1,UN IGME (via World Bank API),2026-09-02
VUT,Vanuatu,2009,mortality_u5,21.9,UN IGME (via World Bank API),2026-09-02
VUT,Vanuatu,2008,mortality_u5,22.7,UN IGME (via World Bank API),2026-09-02
VUT,Vanuatu,2007,mortality_u5,23.5,UN IGME (via World Bank API),2026-09-02
VUT,Vanuatu,2006,mortality_u5,24.1,UN IGME (via World Bank API),2026-09-02
VUT,Vanuatu,2005,mortality_u5,24.5,UN IGME (via World Bank API),2026-09-02
VUT,Vanuatu,2004,mortality_u5,25.0,UN IGME (via World Bank API),2026-09-02
VUT,Vanuatu,2003,mortality_u5,25.3,UN IGME (via World Bank API),2026-09-02
VUT,Vanuatu,2002,mortality_u5,25.7,UN IGME (via World Bank API),2026-09-02
VUT,Vanuatu,2001,mortality_u5,26.1,UN IGME (via World Bank API),2026-09-02
VUT,Vanuatu,2000,mortality_u5,26.6,UN IGME (via World Bank API),2026-09-02
VEN,"Venezuela, RB",2023,mortality_u5,24.2,UN IGME (via World Bank API),2026-09-02
VEN,"Venezuela, RB",2022,mortality_u5,24.2,UN IGME (via World Bank API),2026-09-02
VEN,"Venezuela, RB",2021,mortality_u5,24.2,UN IGME (via World Bank API),2026-09-02
VEN,"Venezuela, RB",2020,mortality_u5,24.2,UN IGME (via World Bank API),2026-09-02
VEN,"Venezuela, RB",2019,mortality_u5,24.2,UN IGME (via World Bank API),2026-09-02
VEN,"Venezuela, RB",2018,mortality_u5,24.2,UN IGME (via World Bank API),2026-09-02
VEN,"Venezuela, RB",2017,mortality_u5,24.2,UN IGME (via World Bank API),2026-09-02
VEN,"Venezuela, RB",2016,mortality_u5,24.2,UN IGME (via World Bank API),2026-09-02
VEN,"Venezuela, RB",2015,mortality_u5,19.1,UN IGME (via World Bank API),2026-09-02
VEN,"Venezuela, RB",2014,mortality_u5,18.3,UN IGME (via World Bank API),2026-09-02
VEN,"Venezuela, RB",2013,mortality_u5,17.9,UN IGME (via World Bank API),2026-09-02
VEN,"Venezuela, RB",2012,mortality_u5,17.6,UN IGME (via World Bank API),2026-09-02
VEN,"Venezuela, RB",2011,mortality_u5,17.4,UN IGME (via World Bank API),2026-09-02
VEN,"Venezuela, RB",2010,mortality_u5,17.2,UN IGME (via World Bank API),2026-09-02
VEN,"Venezuela, RB",2009,mortality_u5,17.1,UN IGME (via World Bank API),2026-09-02
VEN,"Venezuela, RB",2008,mortality_u5,17.2,UN IGME (via World Bank API),2026-09-02
VEN,"Venezuela, RB",2007,mortality_u5,17.4,UN IGME (via World Bank API),2026-09-02
VEN,"Venezuela, RB",2006,mortality_u5,17.9,UN IGME (via World Bank API),2026-09-02
VEN,"Venezuela, RB",2005,mortality_u5,18.5,UN IGME (via World Bank API),2026-09-02
VEN,"Venezuela, RB",2004,mortality_u5,19.2,UN IGME (via World Bank API),2026-09-02
VEN,"Venezuela, RB",2003,mortality_u5,19.8,UN IGME (via World Bank API),2026-09-02
VEN,"Venezuela, RB",2002,mortality_u5,20.3,UN IGME (via World Bank API),2026-09-02
VEN,"Venezuela, RB",2001,mortality_u5,20.9,UN IGME (via World Bank API),2026-09-02
VEN,"Venezuela, RB",2000,mortality_u5,21.5,UN IGME (via World Bank API),2026-09-02
VNM,Viet Nam,2023,mortality_u5,17.8,UN IGME (via World Bank API),2026-09-02
VNM,Viet Nam,2022,mortality_u5,18.4,UN IGME (via World Bank API),2026-09-02
VNM,Viet Nam,2021,mortality_u5,18.9,UN IGME (via World Bank API),2026-09-02
VNM,Viet Nam,2020,mortality_u5,19.5,UN IGME (via World Bank API),2026-09-02
VNM,Viet Nam,2019,mortality_u5,20.0,UN IGME (via World Bank API),2026-09-02
VNM,Viet Nam,2018,mortality_u5,20.5,UN IGME (via World Bank API),2026-09-02
VNM,Viet Nam,2017,mortality_u5,20.9,UN IGME (via World Bank API),2026-09-02
VNM,Viet Nam,2016,mortality_u5,21.3,UN IGME (via World Bank API),2026-09-02
VNM,Viet Nam,2015,mortality_u5,21.6,UN IGME (via World Bank API),2026-09-02
VNM,Viet Nam,2014,mortality_u5,22.0,UN IGME (via World Bank API),2026-09-02
VNM,Viet Nam,2013,mortality_u5,22.3,UN IGME (via World Bank API),2026-09-02
VNM,Viet Nam,2012,mortality_u5,22.5,UN IGME (via World Bank API),2026-09-02
VNM,Viet Nam,2011,mortality_u5,22.8,UN IGME (via World Bank API),2026-09-02
VNM,Viet Nam,2010,mortality_u5,23.1,UN IGME (via World Bank API),2026-09-02
VNM,Viet Nam,2009,mortality_u5,23.4,UN IGME (via World Bank API),2026-09-02
VNM,Viet Nam,2008,mortality_u5,23.8,UN IGME (via World Bank API),2026-09-02
VNM,Viet Nam,2007,mortality_u5,24.3,UN IGME (via World Bank API),2026-09-02
VNM,Viet Nam,2006,mortality_u5,24.8,UN IGME (via World Bank API),2026-09-02
VNM,Viet Nam,2005,mortality_u5,25.4,UN IGME (via World Bank API),2026-09-02
VNM,Viet Nam,2004,mortality_u5,26.1,UN IGME (via World Bank API),2026-09-02
VNM,Viet Nam,2003,mortality_u5,26.9,UN IGME (via World Bank API),2026-09-02
VNM,Viet Nam,2002,mortality_u5,27.9,UN IGME (via World Bank API),2026-09-02
VNM,Viet Nam,2001,mortality_u5,29.0,UN IGME (via World Bank API),2026-09-02
VNM,Viet Nam,2000,mortality_u5,30.3,UN IGME (via World Bank API),2026-09-02
PSE,West Bank and Gaza,2023,mortality_u5,41.9,UN IGME (via World Bank API),2026-09-02
PSE,West Bank and Gaza,2022,mortality_u5,14.1,UN IGME (via World Bank API),2026-09-02
PSE,West Bank and Gaza,2021,mortality_u5,14.6,UN IGME (via World Bank API),2026-09-02
PSE,West Bank and Gaza,2020,mortality_u5,15.2,UN IGME (via World Bank API),2026-09-02
PSE,West Bank and Gaza,2019,mortality_u5,15.7,UN IGME (via World Bank API),2026-09-02
PSE,West Bank and Gaza,2018,mortality_u5,16.3,UN IGME (via World Bank API),2026-09-02
PSE,West Bank and Gaza,2017,mortality_u5,16.9,UN IGME (via World Bank API),2026-09-02
PSE,West Bank and Gaza,2016,mortality_u5,17.5,UN IGME (via World Bank API),2026-09-02
PSE,West Bank and Gaza,2015,mortality_u5,18.2,UN IGME (via World Bank API),2026-09-02
PSE,West Bank and Gaza,2014,mortality_u5,21.9,UN IGME (via World Bank API),2026-09-02
PSE,West Bank and Gaza,2013,mortality_u5,19.6,UN IGME (via World Bank API),2026-09-02
PSE,West Bank and Gaza,2012,mortality_u5,20.3,UN IGME (via World Bank API),2026-09-02
PSE,West Bank and Gaza,2011,mortality_u5,21.1,UN IGME (via World Bank API),2026-09-02
PSE,West Bank and Gaza,2010,mortality_u5,21.9,UN IGME (via World Bank API),2026-09-02
PSE,West Bank and Gaza,2009,mortality_u5,22.7,UN IGME (via World Bank API),2026-09-02
PSE,West Bank and Gaza,2008,mortality_u5,23.5,UN IGME (via World Bank API),2026-09-02
PSE,West Bank and Gaza,2007,mortality_u5,24.3,UN IGME (via World Bank API),2026-09-02
PSE,West Bank and Gaza,2006,mortality_u5,25.1,UN IGME (via World Bank API),2026-09-02
PSE,West Bank and Gaza,2005,mortality_u5,26.0,UN IGME (via World Bank API),2026-09-02
PSE,West Bank and Gaza,2004,mortality_u5,26.8,UN IGME (via World Bank API),2026-09-02
PSE,West Bank and Gaza,2003,mortality_u5,27.7,UN IGME (via World Bank API),2026-09-02
PSE,West Bank and Gaza,2002,mortality_u5,28.5,UN IGME (via World Bank API),2026-09-02
PSE,West Bank and Gaza,2001,mortality_u5,29.4,UN IGME (via World Bank API),2026-09-02
PSE,West Bank and Gaza,2000,mortality_u5,30.3,UN IGME (via World Bank API),2026-09-02
YEM,"Yemen, Rep.",2023,mortality_u5,39.5,UN IGME (via World Bank API),2026-09-02
YEM,"Yemen, Rep.",2022,mortality_u5,41.1,UN IGME (via World Bank API),2026-09-02
YEM,"Yemen, Rep.",2021,mortality_u5,42.6,UN IGME (via World Bank API),2026-09-02
YEM,"Yemen, Rep.",2020,mortality_u5,43.4,UN IGME (via World Bank API),2026-09-02
YEM,"Yemen, Rep.",2019,mortality_u5,46.1,UN IGME (via World Bank API),2026-09-02
YEM,"Yemen, Rep.",2018,mortality_u5,47.3,UN IGME (via World Bank API),2026-09-02
YEM,"Yemen, Rep.",2017,mortality_u5,47.5,UN IGME (via World Bank API),2026-09-02
YEM,"Yemen, Rep.",2016,mortality_u5,47.9,UN IGME (via World Bank API),2026-09-02
YEM,"Yemen, Rep.",2015,mortality_u5,49.3,UN IGME (via World Bank API),2026-09-02
YEM,"Yemen, Rep.",2014,mortality_u5,48.7,UN IGME (via World Bank API),2026-09-02
YEM,"Yemen, Rep.",2013,mortality_u5,49.6,UN IGME (via World Bank API),2026-09-02
YEM,"Yemen, Rep.",2012,mortality_u5,51.6,UN IGME (via World Bank API),2026-09-02
YEM,"Yemen, Rep.",2011,mortality_u5,53.1,UN IGME (via World Bank API),2026-09-02
YEM,"Yemen, Rep.",2010,mortality_u5,55.0,UN IGME (via World Bank API),2026-09-02
YEM,"Yemen, Rep.",2009,mortality_u5,57.5,UN IGME (via World Bank API),2026-09-02
YEM,"Yemen, Rep.",2008,mortality_u5,60.2,UN IGME (via World Bank API),2026-09-02
YEM,"Yemen, Rep.",2007,mortality_u5,63.4,UN IGME (via World Bank API),2026-09-02
YEM,"Yemen, Rep.",2006,mortality_u5,66.9,UN IGME (via World Bank API),2026-09-02
YEM,"Yemen, Rep.",2005,mortality_u5,70.6,UN IGME (via World Bank API),2026-09-02
YEM,"Yemen, Rep.",2004,mortality_u5,74.7,UN IGME (via World Bank API),2026-09-02
YEM,"Yemen, Rep.",2003,mortality_u5,79.0,UN IGME (via World Bank API),2026-09-02
YEM,"Yemen, Rep.",2002,mortality_u5,83.5,UN IGME (via World Bank API),2026-09-02
YEM,"Yemen, Rep.",2001,mortality_u5,88.2,UN IGME (via World Bank API),2026-09-02
YEM,"Yemen, Rep.",2000,mortality_u5,92.9,UN IGME (via World Bank API),2026-09-02
ZMB,Zambia,2023,mortality_u5,49.1,UN IGME (via World Bank API),2026-09-02
ZMB,Zambia,2022,mortality_u5,49.5,UN IGME (via World Bank API),2026-09-02
ZMB,Zambia,2021,mortality_u5,50.4,UN IGME (via World Bank API),2026-09-02
ZMB,Zambia,2020,mortality_u5,52.5,UN IGME (via World Bank API),2026-09-02
ZMB,Zambia,2019,mortality_u5,53.5,UN IGME (via World Bank API),2026-09-02
ZMB,Zambia,2018,mortality_u5,54.7,UN IGME (via World Bank API),2026-09-02
ZMB,Zambia,2017,mortality_u5,55.2,UN IGME (via World Bank API),2026-09-02
ZMB,Zambia,2016,mortality_u5,57.1,UN IGME (via World Bank API),2026-09-02
ZMB,Zambia,2015,mortality_u5,60.2,UN IGME (via World Bank API),2026-09-02
ZMB,Zambia,2014,mortality_u5,62.6,UN IGME (via World Bank API),2026-09-02
ZMB,Zambia,2013,mortality_u5,66.0,UN IGME (via World Bank API),2026-09-02
ZMB,Zambia,2012,mortality_u5,69.2,UN IGME (via World Bank API),2026-09-02
ZMB,Zambia,2011,mortality_u5,71.8,UN IGME (via World Bank API),2026-09-02
ZMB,Zambia,2010,mortality_u5,74.3,UN IGME (via World Bank API),2026-09-02
ZMB,Zambia,2009,mortality_u5,78.4,UN IGME (via World Bank API),2026-09-02
ZMB,Zambia,2008,mortality_u5,84.2,UN IGME (via World Bank API),2026-09-02
ZMB,Zambia,2007,mortality_u5,89.1,UN IGME (via World Bank API),2026-09-02
ZMB,Zambia,2006,mortality_u5,94.8,UN IGME (via World Bank API),2026-09-02
ZMB,Zambia,2005,mortality_u5,102.7,UN IGME (via World Bank API),2026-09-02
ZMB,Zambia,2004,mortality_u5,111.7,UN IGME (via World Bank API),2026-09-02
ZMB,Zambia,2003,mortality_u5,122.1,UN IGME (via World Bank API),2026-09-02
ZMB,Zambia,2002,mortality_u5,132.9,UN IGME (via World Bank API),2026-09-02
ZMB,Zambia,2001,mortality_u5,143.2,UN IGME (via World Bank API),2026-09-02
ZMB,Zambia,2000,mortality_u5,151.8,UN IGME (via World Bank API),2026-09-02
ZWE,Zimbabwe,2023,mortality_u5,64.2,UN IGME (via World Bank API),2026-09-02
ZWE,Zimbabwe,2022,mortality_u5,64.0,UN IGME (via World Bank API),2026-09-02
ZWE,Zimbabwe,2021,mortality_u5,62.4,UN IGME (via World Bank API),2026-09-02
ZWE,Zimbabwe,2020,mortality_u5,61.7,UN IGME (via World Bank API),2026-09-02
ZWE,Zimbabwe,2019,mortality_u5,58.6,UN IGME (via World Bank API),2026-09-02
ZWE,Zimbabwe,2018,mortality_u5,56.3,UN IGME (via World Bank API),2026-09-02
ZWE,Zimbabwe,2017,mortality_u5,56.7,UN IGME (via World Bank API),2026-09-02
ZWE,Zimbabwe,2016,mortality_u5,57.5,UN IGME (via World Bank API),2026-09-02
ZWE,Zimbabwe,2015,mortality_u5,59.2,UN IGME (via World Bank API),2026-09-02
ZWE,Zimbabwe,2014,mortality_u5,59.8,UN IGME (via World Bank API),2026-09-02
ZWE,Zimbabwe,2013,mortality_u5,62.6,UN IGME (via World Bank API),2026-09-02
ZWE,Zimbabwe,2012,mortality_u5,68.0,UN IGME (via World Bank API),2026-09-02
ZWE,Zimbabwe,2011,mortality_u5,77.2,UN IGME (via World Bank API),2026-09-02
ZWE,Zimbabwe,2010,mortality_u5,85.2,UN IGME (via World Bank API),2026-09-02
ZWE,Zimbabwe,2009,mortality_u5,89.8,UN IGME (via World Bank API),2026-09-02
ZWE,Zimbabwe,2008,mortality_u5,91.1,UN IGME (via World Bank API),2026-09-02
ZWE,Zimbabwe,2007,mortality_u5,90.6,UN IGME (via World Bank API),2026-09-02
ZWE,Zimbabwe,2006,mortality_u5,87.6,UN IGME (via World Bank API),2026-09-02
ZWE,Zimbabwe,2005,mortality_u5,91.6,UN IGME (via World Bank API),2026-09-02
ZWE,Zimbabwe,2004,mortality_u5,91.2,UN IGME (via World Bank API),2026-09-02
ZWE,Zimbabwe,2003,mortality_u5,91.9,UN IGME (via World Bank API),2026-09-02
ZWE,Zimbabwe,2002,mortality_u5,93.8,UN IGME (via World Bank API),2026-09-02
ZWE,Zimbabwe,2001,mortality_u5,96.3,UN IGME (via World Bank API),2026-09-02
ZWE,Zimbabwe,2000,mortality_u5,99.4,UN IGME (via World Bank API),2026-09-02
