country_code,country_name,year,indicator_name,value,source,retrieved_date
AFG,Afghanistan,2023,population,41454761,UN Population Division / World Bank WDI,2026-09-02
AFG,Afghanistan,2022,population,40578842,UN Population Division / World Bank WDI,2026-09-02
AFG,Afghanistan,2021,population,40000412,UN Population Division / World Bank WDI,2026-09-02
AFG,Afghanistan,2020,population,39068979,UN Population Division / World Bank WDI,2026-09-02
AFG,Afghanistan,2019,population,37856121,UN Population Division / World Bank WDI,2026-09-02
AFG,Afghanistan,2018,population,36743039,UN Population Division / World Bank WDI,2026-09-02
AFG,Afghanistan,2017,population,35688935,UN Population Division / World Bank WDI,2026-09-02
AFG,Afghanistan,2016,population,34700612,UN Population Division / World Bank WDI,2026-09-02
AFG,Afghanistan,2015,population,33831764,UN Population Division / World Bank WDI,2026-09-02
AFG,Afghanistan,2014,population,32792523,UN Population Division / World Bank WDI,2026-09-02
AFG,Afghanistan,2013,population,31622704,UN Population Division / World Bank WDI,2026-09-02
AFG,Afghanistan,2012,population,30560034,UN Population Division / World Bank WDI,2026-09-02
AFG,Afghanistan,2011,population,29347708,UN Population Division / World Bank WDI,2026-09-02
AFG,Afghanistan,2010,population,28284089,UN Population Division / World Bank WDI,2026-09-02
AFG,Afghanistan,2009,population,27466101,UN Population Division / World Bank WDI,2026-09-02
AFG,Afghanistan,2008,population,26482622,UN Population Division / World Bank WDI,2026-09-02
AFG,Afghanistan,2007,population,25909852,UN Population Division / World Bank WDI,2026-09-02
AFG,Afghanistan,2006,population,25424094,UN Population Division / World Bank WDI,2026-09-02
AFG,Afghanistan,2005,population,24404567,UN Population Division / World Bank WDI,2026-09-02
AFG,Afghanistan,2004,population,23560654,UN Population Division / World Bank WDI,2026-09-02
AFG,Afghanistan,2003,population,22733049,UN Population Division / World Bank WDI,2026-09-02
AFG,Afghanistan,2002,population,21378117,UN Population Division / World Bank WDI,2026-09-02
AFG,Afghanistan,2001,population,20284307,UN Population Division / World Bank WDI,2026-09-02
AFG,Afghanistan,2000,population,20130327,UN Population Division / World Bank WDI,2026-09-02
ALB,Albania,2023,population,2411658,UN Population Division / World Bank WDI,2026-09-02
ALB,Albania,2022,population,2451636,UN Population Division / World Bank WDI,2026-09-02
ALB,Albania,2021,population,2489762,UN Population Division / World Bank WDI,2026-09-02
ALB,Albania,2020,population,2528480,UN Population Division / World Bank WDI,2026-09-02
ALB,Albania,2019,population,2567801,UN Population Division / World Bank WDI,2026-09-02
ALB,Albania,2018,population,2607733,UN Population Division / World Bank WDI,2026-09-02
ALB,Albania,2017,population,2648285,UN Population Division / World Bank WDI,2026-09-02
ALB,Albania,2016,population,2689469,UN Population Division / World Bank WDI,2026-09-02
ALB,Albania,2015,population,2731293,UN Population Division / World Bank WDI,2026-09-02
ALB,Albania,2014,population,2773767,UN Population Division / World Bank WDI,2026-09-02
ALB,Albania,2013,population,2816902,UN Population Division / World Bank WDI,2026-09-02
ALB,Albania,2012,population,2860708,UN Population Division / World Bank WDI,2026-09-02
ALB,Albania,2011,population,2905195,UN Population Division / World Bank WDI,2026-09-02
ALB,Albania,2010,population,2913021,UN Population Division / World Bank WDI,2026-09-02
ALB,Albania,2009,population,2927519,UN Population Division / World Bank WDI,2026-09-02
ALB,Albania,2008,population,2947314,UN Population Division / World Bank WDI,2026-09-02
ALB,Albania,2007,population,2970017,UN Population Division / World Bank WDI,2026-09-02
ALB,Albania,2006,population,2992547,UN Population Division / World Bank WDI,2026-09-02
ALB,Albania,2005,population,3011487,UN Population Division / World Bank WDI,2026-09-02
ALB,Albania,2004,population,3026939,UN Population Division / World Bank WDI,2026-09-02
ALB,Albania,2003,population,3039616,UN Population Division / World Bank WDI,2026-09-02
ALB,Albania,2002,population,3051010,UN Population Division / World Bank WDI,2026-09-02
ALB,Albania,2001,population,3060173,UN Population Division / World Bank WDI,2026-09-02
ALB,Albania,2000,population,3089027,UN Population Division / World Bank WDI,2026-09-02
DZA,Algeria,2023,population,46164219,UN Population Division / World Bank WDI,2026-09-02
DZA,Algeria,2022,population,45477389,UN Population Division / World Bank WDI,2026-09-02
DZA,Algeria,2021,population,44761099,UN Population Division / World Bank WDI,2026-09-02
DZA,Algeria,2020,population,44042091,UN Population Division / World Bank WDI,2026-09-02
DZA,Algeria,2019,population,43294546,UN Population Division / World Bank WDI,2026-09-02
DZA,Algeria,2018,population,42505035,UN Population Division / World Bank WDI,2026-09-02
DZA,Algeria,2017,population,41689299,UN Population Division / World Bank WDI,2026-09-02
DZA,Algeria,2016,population,40850721,UN Population Division / World Bank WDI,2026-09-02
DZA,Algeria,2015,population,40019529,UN Population Division / World Bank WDI,2026-09-02
DZA,Algeria,2014,population,39205031,UN Population Division / World Bank WDI,2026-09-02
DZA,Algeria,2013,population,38414171,UN Population Division / World Bank WDI,2026-09-02
DZA,Algeria,2012,population,37646166,UN Population Division / World Bank WDI,2026-09-02
DZA,Algeria,2011,population,36903376,UN Population Division / World Bank WDI,2026-09-02
DZA,Algeria,2010,population,36188236,UN Population Division / World Bank WDI,2026-09-02
DZA,Algeria,2009,population,35490445,UN Population Division / World Bank WDI,2026-09-02
DZA,Algeria,2008,population,34816961,UN Population Division / World Bank WDI,2026-09-02
DZA,Algeria,2007,population,34189416,UN Population Division / World Bank WDI,2026-09-02
DZA,Algeria,2006,population,33623506,UN Population Division / World Bank WDI,2026-09-02
DZA,Algeria,2005,population,33109249,UN Population Division / World Bank WDI,2026-09-02
DZA,Algeria,2004,population,32628286,UN Population Division / World Bank WDI,2026-09-02
DZA,Algeria,2003,population,32175818,UN Population Division / World Bank WDI,2026-09-02
DZA,Algeria,2002,population,31750835,UN Population Division / World Bank WDI,2026-09-02
DZA,Algeria,2001,population,31331221,UN Population Division / World Bank WDI,2026-09-02
DZA,Algeria,2000,population,30903893,UN Population Division / World Bank WDI,2026-09-02
ASM,American Samoa,2023,population,47521,UN Population Division / World Bank WDI,2026-09-02
ASM,American Samoa,2022,population,48342,UN Population Division / World Bank WDI,2026-09-02
ASM,American Samoa,2021,population,49225,UN Population Division / World Bank WDI,2026-09-02
ASM,American Samoa,2020,population,49761,UN Population Division / World Bank WDI,2026-09-02
ASM,American Samoa,2019,population,50209,UN Population Division / World Bank WDI,2026-09-02
ASM,American Samoa,2018,population,50908,UN Population Division / World Bank WDI,2026-09-02
ASM,American Samoa,2017,population,51586,UN Population Division / World Bank WDI,2026-09-02
ASM,American Samoa,2016,population,52245,UN Population Division / World Bank WDI,2026-09-02
ASM,American Samoa,2015,population,52878,UN Population Division / World Bank WDI,2026-09-02
ASM,American Samoa,2014,population,53466,UN Population Division / World Bank WDI,2026-09-02
ASM,American Samoa,2013,population,54006,UN Population Division / World Bank WDI,2026-09-02
ASM,American Samoa,2012,population,54489,UN Population Division / World Bank WDI,2026-09-02
ASM,American Samoa,2011,population,54895,UN Population Division / World Bank WDI,2026-09-02
ASM,American Samoa,2010,population,55228,UN Population Division / World Bank WDI,2026-09-02
ASM,American Samoa,2009,population,55528,UN Population Division / World Bank WDI,2026-09-02
ASM,American Samoa,2008,population,55828,UN Population Division / World Bank WDI,2026-09-02
ASM,American Samoa,2007,population,56113,UN Population Division / World Bank WDI,2026-09-02
ASM,American Samoa,2006,population,56374,UN Population Division / World Bank WDI,2026-09-02
ASM,American Samoa,2005,population,56617,UN Population Division / World Bank WDI,2026-09-02
ASM,American Samoa,2004,population,56818,UN Population Division / World Bank WDI,2026-09-02
ASM,American Samoa,2003,population,56971,UN Population Division / World Bank WDI,2026-09-02
ASM,American Samoa,2002,population,57062,UN Population Division / World Bank WDI,2026-09-02
ASM,American Samoa,2001,population,57053,UN Population Division / World Bank WDI,2026-09-02
ASM,American Samoa,2000,population,56855,UN Population Division / World Bank WDI,2026-09-02
AND,Andorra,2023,population,80856,UN Population Division / World Bank WDI,2026-09-02
AND,Andorra,2022,population,79705,UN Population Division / World Bank WDI,2026-09-02
AND,Andorra,2021,population,78364,UN Population Division / World Bank WDI,2026-09-02
AND,Andorra,2020,population,77380,UN Population Division / World Bank WDI,2026-09-02
AND,Andorra,2019,population,76474,UN Population Division / World Bank WDI,2026-09-02
AND,Andorra,2018,population,75162,UN Population Division / World Bank WDI,2026-09-02
AND,Andorra,2017,population,73763,UN Population Division / World Bank WDI,2026-09-02
AND,Andorra,2016,population,72181,UN Population Division / World Bank WDI,2026-09-02
AND,Andorra,2015,population,72174,UN Population Division / World Bank WDI,2026-09-02
AND,Andorra,2014,population,73737,UN Population Division / World Bank WDI,2026-09-02
AND,Andorra,2013,population,75194,UN Population Division / World Bank WDI,2026-09-02
AND,Andorra,2012,population,76834,UN Population Division / World Bank WDI,2026-09-02
AND,Andorra,2011,population,77783,UN Population Division / World Bank WDI,2026-09-02
AND,Andorra,2010,population,80706,UN Population Division / World Bank WDI,2026-09-02
AND,Andorra,2009,population,83888,UN Population Division / World Bank WDI,2026-09-02
AND,Andorra,2008,population,83495,UN Population Division / World Bank WDI,2026-09-02
AND,Andorra,2007,population,81877,UN Population Division / World Bank WDI,2026-09-02
AND,Andorra,2006,population,79585,UN Population Division / World Bank WDI,2026-09-02
AND,Andorra,2005,population,77421,UN Population Division / World Bank WDI,2026-09-02
AND,Andorra,2004,population,74325,UN Population Division / World Bank WDI,2026-09-02
AND,Andorra,2003,population,69486,UN Population Division / World Bank WDI,2026-09-02
AND,Andorra,2002,population,66506,UN Population Division / World Bank WDI,2026-09-02
AND,Andorra,2001,population,65852,UN Population Division / World Bank WDI,2026-09-02
AND,Andorra,2000,population,65685,UN Population Division / World Bank WDI,2026-09-02
AGO,Angola,2023,population,36749906,UN Population Division / World Bank WDI,2026-09-02
AGO,Angola,2022,population,35635029,UN Population Division / World Bank WDI,2026-09-02
AGO,Angola,2021,population,34532429,UN Population Division / World Bank WDI,2026-09-02
AGO,Angola,2020,population,33451132,UN Population Division / World Bank WDI,2026-09-02
AGO,Angola,2019,population,32375632,UN Population Division / World Bank WDI,2026-09-02
AGO,Angola,2018,population,31297155,UN Population Division / World Bank WDI,2026-09-02
AGO,Angola,2017,population,30234839,UN Population Division / World Bank WDI,2026-09-02
AGO,Angola,2016,population,29183070,UN Population Division / World Bank WDI,2026-09-02
AGO,Angola,2015,population,28157798,UN Population Division / World Bank WDI,2026-09-02
AGO,Angola,2014,population,27160769,UN Population Division / World Bank WDI,2026-09-02
AGO,Angola,2013,population,26165620,UN Population Division / World Bank WDI,2026-09-02
AGO,Angola,2012,population,25177394,UN Population Division / World Bank WDI,2026-09-02
AGO,Angola,2011,population,24218352,UN Population Division / World Bank WDI,2026-09-02
AGO,Angola,2010,population,23294825,UN Population Division / World Bank WDI,2026-09-02
AGO,Angola,2009,population,22414773,UN Population Division / World Bank WDI,2026-09-02
AGO,Angola,2008,population,21578655,UN Population Division / World Bank WDI,2026-09-02
AGO,Angola,2007,population,20778561,UN Population Division / World Bank WDI,2026-09-02
AGO,Angola,2006,population,20015279,UN Population Division / World Bank WDI,2026-09-02
AGO,Angola,2005,population,19291161,UN Population Division / World Bank WDI,2026-09-02
AGO,Angola,2004,population,18600423,UN Population Division / World Bank WDI,2026-09-02
AGO,Angola,2003,population,17943712,UN Population Division / World Bank WDI,2026-09-02
AGO,Angola,2002,population,17327699,UN Population Division / World Bank WDI,2026-09-02
AGO,Angola,2001,population,16747208,UN Population Division / World Bank WDI,2026-09-02
AGO,Angola,2000,population,16194869,UN Population Division / World Bank WDI,2026-09-02
ATG,Antigua and Barbuda,2023,population,93316,UN Population Division / World Bank WDI,2026-09-02
ATG,Antigua and Barbuda,2022,population,92840,UN Population Division / World Bank WDI,2026-09-02
ATG,Antigua and Barbuda,2021,population,92349,UN Population Division / World Bank WDI,2026-09-02
ATG,Antigua and Barbuda,2020,population,91846,UN Population Division / World Bank WDI,2026-09-02
ATG,Antigua and Barbuda,2019,population,91364,UN Population Division / World Bank WDI,2026-09-02
ATG,Antigua and Barbuda,2018,population,90926,UN Population Division / World Bank WDI,2026-09-02
ATG,Antigua and Barbuda,2017,population,90468,UN Population Division / World Bank WDI,2026-09-02
ATG,Antigua and Barbuda,2016,population,89969,UN Population Division / World Bank WDI,2026-09-02
ATG,Antigua and Barbuda,2015,population,89409,UN Population Division / World Bank WDI,2026-09-02
ATG,Antigua and Barbuda,2014,population,88765,UN Population Division / World Bank WDI,2026-09-02
ATG,Antigua and Barbuda,2013,population,88064,UN Population Division / World Bank WDI,2026-09-02
ATG,Antigua and Barbuda,2012,population,87260,UN Population Division / World Bank WDI,2026-09-02
ATG,Antigua and Barbuda,2011,population,86332,UN Population Division / World Bank WDI,2026-09-02
ATG,Antigua and Barbuda,2010,population,85320,UN Population Division / World Bank WDI,2026-09-02
ATG,Antigua and Barbuda,2009,population,84173,UN Population Division / World Bank WDI,2026-09-02
ATG,Antigua and Barbuda,2008,population,82912,UN Population Division / World Bank WDI,2026-09-02
ATG,Antigua and Barbuda,2007,population,81704,UN Population Division / World Bank WDI,2026-09-02
ATG,Antigua and Barbuda,2006,population,80604,UN Population Division / World Bank WDI,2026-09-02
ATG,Antigua and Barbuda,2005,population,79611,UN Population Division / World Bank WDI,2026-09-02
ATG,Antigua and Barbuda,2004,population,78719,UN Population Division / World Bank WDI,2026-09-02
ATG,Antigua and Barbuda,2003,population,77884,UN Population Division / World Bank WDI,2026-09-02
ATG,Antigua and Barbuda,2002,population,77032,UN Population Division / World Bank WDI,2026-09-02
ATG,Antigua and Barbuda,2001,population,76069,UN Population Division / World Bank WDI,2026-09-02
ATG,Antigua and Barbuda,2000,population,74912,UN Population Division / World Bank WDI,2026-09-02
ARG,Argentina,2023,population,45538401,UN Population Division / World Bank WDI,2026-09-02
ARG,Argentina,2022,population,45407904,UN Population Division / World Bank WDI,2026-09-02
ARG,Argentina,2021,population,45312281,UN Population Division / World Bank WDI,2026-09-02
ARG,Argentina,2020,population,45191965,UN Population Division / World Bank WDI,2026-09-02
ARG,Argentina,2019,population,44973465,UN Population Division / World Bank WDI,2026-09-02
ARG,Argentina,2018,population,44654882,UN Population Division / World Bank WDI,2026-09-02
ARG,Argentina,2017,population,44288894,UN Population Division / World Bank WDI,2026-09-02
ARG,Argentina,2016,population,43900313,UN Population Division / World Bank WDI,2026-09-02
ARG,Argentina,2015,population,43477012,UN Population Division / World Bank WDI,2026-09-02
ARG,Argentina,2014,population,43024071,UN Population Division / World Bank WDI,2026-09-02
ARG,Argentina,2013,population,42582455,UN Population Division / World Bank WDI,2026-09-02
ARG,Argentina,2012,population,42161721,UN Population Division / World Bank WDI,2026-09-02
ARG,Argentina,2011,population,41730660,UN Population Division / World Bank WDI,2026-09-02
ARG,Argentina,2010,population,41288694,UN Population Division / World Bank WDI,2026-09-02
ARG,Argentina,2009,population,40854831,UN Population Division / World Bank WDI,2026-09-02
ARG,Argentina,2008,population,40424148,UN Population Division / World Bank WDI,2026-09-02
ARG,Argentina,2007,population,40016763,UN Population Division / World Bank WDI,2026-09-02
ARG,Argentina,2006,population,39622115,UN Population Division / World Bank WDI,2026-09-02
ARG,Argentina,2005,population,39216789,UN Population Division / World Bank WDI,2026-09-02
ARG,Argentina,2004,population,38815916,UN Population Division / World Bank WDI,2026-09-02
ARG,Argentina,2003,population,38424282,UN Population Division / World Bank WDI,2026-09-02
ARG,Argentina,2002,population,38029349,UN Population Division / World Bank WDI,2026-09-02
ARG,Argentina,2001,population,37624825,UN Population Division / World Bank WDI,2026-09-02
ARG,Argentina,2000,population,37213984,UN Population Division / World Bank WDI,2026-09-02
ARM,Armenia,2023,population,2964300,UN Population Division / World Bank WDI,2026-09-02
ARM,Armenia,2022,population,2969200,UN Population Division / World Bank WDI,2026-09-02
ARM,Armenia,2021,population,2962300,UN Population Division / World Bank WDI,2026-09-02
ARM,Armenia,2020,population,2961500,UN Population Division / World Bank WDI,2026-09-02
ARM,Armenia,2019,population,2962500,UN Population Division / World Bank WDI,2026-09-02
ARM,Armenia,2018,population,2969000,UN Population Division / World Bank WDI,2026-09-02
ARM,Armenia,2017,population,2979400,UN Population Division / World Bank WDI,2026-09-02
ARM,Armenia,2016,population,2992300,UN Population Division / World Bank WDI,2026-09-02
ARM,Armenia,2015,population,3004600,UN Population Division / World Bank WDI,2026-09-02
ARM,Armenia,2014,population,3013800,UN Population Division / World Bank WDI,2026-09-02
ARM,Armenia,2013,population,3022000,UN Population Division / World Bank WDI,2026-09-02
ARM,Armenia,2012,population,3024100,UN Population Division / World Bank WDI,2026-09-02
ARM,Armenia,2011,population,3027900,UN Population Division / World Bank WDI,2026-09-02
ARM,Armenia,2010,population,3044800,UN Population Division / World Bank WDI,2026-09-02
ARM,Armenia,2009,population,3066000,UN Population Division / World Bank WDI,2026-09-02
ARM,Armenia,2008,population,3087100,UN Population Division / World Bank WDI,2026-09-02
ARM,Armenia,2007,population,3107400,UN Population Division / World Bank WDI,2026-09-02
ARM,Armenia,2006,population,3127100,UN Population Division / World Bank WDI,2026-09-02
ARM,Armenia,2005,population,3146400,UN Population Division / World Bank WDI,2026-09-02
ARM,Armenia,2004,population,3164900,UN Population Division / World Bank WDI,2026-09-02
ARM,Armenia,2003,population,3182500,UN Population Division / World Bank WDI,2026-09-02
ARM,Armenia,2002,population,3199800,UN Population Division / World Bank WDI,2026-09-02
ARM,Armenia,2001,population,3211800,UN Population Division / World Bank WDI,2026-09-02
ARM,Armenia,2000,population,3221100,UN Population Division / World Bank WDI,2026-09-02
ABW,Aruba,2023,population,107359,UN Population Division / World Bank WDI,2026-09-02
ABW,Aruba,2022,population,107310,UN Population Division / World Bank WDI,2026-09-02
ABW,Aruba,2021,population,107700,UN Population Division / World Bank WDI,2026-09-02
ABW,Aruba,2020,population,108587,UN Population Division / World Bank WDI,2026-09-02
ABW,Aruba,2019,population,109203,UN Population Division / World Bank WDI,2026-09-02
ABW,Aruba,2018,population,108908,UN Population Division / World Bank WDI,2026-09-02
ABW,Aruba,2017,population,108735,UN Population Division / World Bank WDI,2026-09-02
ABW,Aruba,2016,population,108727,UN Population Division / World Bank WDI,2026-09-02
ABW,Aruba,2015,population,107906,UN Population Division / World Bank WDI,2026-09-02
ABW,Aruba,2014,population,106807,UN Population Division / World Bank WDI,2026-09-02
ABW,Aruba,2013,population,105675,UN Population Division / World Bank WDI,2026-09-02
ABW,Aruba,2012,population,104110,UN Population Division / World Bank WDI,2026-09-02
ABW,Aruba,2011,population,102591,UN Population Division / World Bank WDI,2026-09-02
ABW,Aruba,2010,population,101838,UN Population Division / World Bank WDI,2026-09-02
ABW,Aruba,2009,population,101604,UN Population Division / World Bank WDI,2026-09-02
ABW,Aruba,2008,population,100917,UN Population Division / World Bank WDI,2026-09-02
ABW,Aruba,2007,population,100150,UN Population Division / World Bank WDI,2026-09-02
ABW,Aruba,2006,population,99405,UN Population Division / World Bank WDI,2026-09-02
ABW,Aruba,2005,population,97635,UN Population Division / World Bank WDI,2026-09-02
ABW,Aruba,2004,population,95138,UN Population Division / World Bank WDI,2026-09-02
ABW,Aruba,2003,population,93128,UN Population Division / World Bank WDI,2026-09-02
ABW,Aruba,2002,population,92074,UN Population Division / World Bank WDI,2026-09-02
ABW,Aruba,2001,population,91439,UN Population Division / World Bank WDI,2026-09-02
ABW,Aruba,2000,population,90588,UN Population Division / World Bank WDI,2026-09-02
AUS,Australia,2023,population,26659922,UN Population Division / World Bank WDI,2026-09-02
AUS,Australia,2022,population,26018721,UN Population Division / World Bank WDI,2026-09-02
AUS,Australia,2021,population,25685412,UN Population Division / World Bank WDI,2026-09-02
AUS,Australia,2020,population,25649248,UN Population Division / World Bank WDI,2026-09-02
AUS,Australia,2019,population,25334826,UN Population Division / World Bank WDI,2026-09-02
AUS,Australia,2018,population,24963258,UN Population Division / World Bank WDI,2026-09-02
AUS,Australia,2017,population,24592588,UN Population Division / World Bank WDI,2026-09-02
AUS,Australia,2016,population,24190907,UN Population Division / World Bank WDI,2026-09-02
AUS,Australia,2015,population,23815995,UN Population Division / World Bank WDI,2026-09-02
AUS,Australia,2014,population,23475686,UN Population Division / World Bank WDI,2026-09-02
AUS,Australia,2013,population,23128129,UN Population Division / World Bank WDI,2026-09-02
AUS,Australia,2012,population,22733465,UN Population Division / World Bank WDI,2026-09-02
AUS,Australia,2011,population,22340024,UN Population Division / World Bank WDI,2026-09-02
AUS,Australia,2010,population,22031750,UN Population Division / World Bank WDI,2026-09-02
AUS,Australia,2009,population,21691653,UN Population Division / World Bank WDI,2026-09-02
AUS,Australia,2008,population,21249199,UN Population Division / World Bank WDI,2026-09-02
AUS,Australia,2007,population,20827622,UN Population Division / World Bank WDI,2026-09-02
AUS,Australia,2006,population,20450966,UN Population Division / World Bank WDI,2026-09-02
AUS,Australia,2005,population,20176844,UN Population Division / World Bank WDI,2026-09-02
AUS,Australia,2004,population,19932722,UN Population Division / World Bank WDI,2026-09-02
AUS,Australia,2003,population,19720737,UN Population Division / World Bank WDI,2026-09-02
AUS,Australia,2002,population,19495210,UN Population Division / World Bank WDI,2026-09-02
AUS,Australia,2001,population,19274701,UN Population Division / World Bank WDI,2026-09-02
AUS,Australia,2000,population,19028802,UN Population Division / World Bank WDI,2026-09-02
AUT,Austria,2023,population,9131761,UN Population Division / World Bank WDI,2026-09-02
AUT,Austria,2022,population,9041851,UN Population Division / World Bank WDI,2026-09-02
AUT,Austria,2021,population,8955797,UN Population Division / World Bank WDI,2026-09-02
AUT,Austria,2020,population,8916864,UN Population Division / World Bank WDI,2026-09-02
AUT,Austria,2019,population,8879920,UN Population Division / World Bank WDI,2026-09-02
AUT,Austria,2018,population,8840521,UN Population Division / World Bank WDI,2026-09-02
AUT,Austria,2017,population,8797566,UN Population Division / World Bank WDI,2026-09-02
AUT,Austria,2016,population,8736668,UN Population Division / World Bank WDI,2026-09-02
AUT,Austria,2015,population,8642699,UN Population Division / World Bank WDI,2026-09-02
AUT,Austria,2014,population,8546356,UN Population Division / World Bank WDI,2026-09-02
AUT,Austria,2013,population,8479823,UN Population Division / World Bank WDI,2026-09-02
AUT,Austria,2012,population,8429991,UN Population Division / World Bank WDI,2026-09-02
AUT,Austria,2011,population,8391643,UN Population Division / World Bank WDI,2026-09-02
AUT,Austria,2010,population,8363404,UN Population Division / World Bank WDI,2026-09-02
AUT,Austria,2009,population,8343323,UN Population Division / World Bank WDI,2026-09-02
AUT,Austria,2008,population,8321496,UN Population Division / World Bank WDI,2026-09-02
AUT,Austria,2007,population,8295487,UN Population Division / World Bank WDI,2026-09-02
AUT,Austria,2006,population,8268641,UN Population Division / World Bank WDI,2026-09-02
AUT,Austria,2005,population,8227829,UN Population Division / World Bank WDI,2026-09-02
AUT,Austria,2004,population,8171966,UN Population Division / World Bank WDI,2026-09-02
AUT,Austria,2003,population,8121423,UN Population Division / World Bank WDI,2026-09-02
AUT,Austria,2002,population,8081957,UN Population Division / World Bank WDI,2026-09-02
AUT,Austria,2001,population,8042293,UN Population Division / World Bank WDI,2026-09-02
AUT,Austria,2000,population,8011566,UN Population Division / World Bank WDI,2026-09-02
AZE,Azerbaijan,2023,population,10153958,UN Population Division / World Bank WDI,2026-09-02
AZE,Azerbaijan,2022,population,10141756,UN Population Division / World Bank WDI,2026-09-02
AZE,Azerbaijan,2021,population,10137750,UN Population Division / World Bank WDI,2026-09-02
AZE,Azerbaijan,2020,population,10093121,UN Population Division / World Bank WDI,2026-09-02
AZE,Azerbaijan,2019,population,10024283,UN Population Division / World Bank WDI,2026-09-02
AZE,Azerbaijan,2018,population,9939771,UN Population Division / World Bank WDI,2026-09-02
AZE,Azerbaijan,2017,population,9854033,UN Population Division / World Bank WDI,2026-09-02
AZE,Azerbaijan,2016,population,9757812,UN Population Division / World Bank WDI,2026-09-02
AZE,Azerbaijan,2015,population,9649341,UN Population Division / World Bank WDI,2026-09-02
AZE,Azerbaijan,2014,population,9535079,UN Population Division / World Bank WDI,2026-09-02
AZE,Azerbaijan,2013,population,9416801,UN Population Division / World Bank WDI,2026-09-02
AZE,Azerbaijan,2012,population,9295784,UN Population Division / World Bank WDI,2026-09-02
AZE,Azerbaijan,2011,population,9173082,UN Population Division / World Bank WDI,2026-09-02
AZE,Azerbaijan,2010,population,9054332,UN Population Division / World Bank WDI,2026-09-02
AZE,Azerbaijan,2009,population,8947243,UN Population Division / World Bank WDI,2026-09-02
AZE,Azerbaijan,2008,population,8763400,UN Population Division / World Bank WDI,2026-09-02
AZE,Azerbaijan,2007,population,8581300,UN Population Division / World Bank WDI,2026-09-02
AZE,Azerbaijan,2006,population,8484550,UN Population Division / World Bank WDI,2026-09-02
AZE,Azerbaijan,2005,population,8391850,UN Population Division / World Bank WDI,2026-09-02
AZE,Azerbaijan,2004,population,8306500,UN Population Division / World Bank WDI,2026-09-02
AZE,Azerbaijan,2003,population,8234100,UN Population Division / World Bank WDI,2026-09-02
AZE,Azerbaijan,2002,population,8171950,UN Population Division / World Bank WDI,2026-09-02
AZE,Azerbaijan,2001,population,8111200,UN Population Division / World Bank WDI,2026-09-02
AZE,Azerbaijan,2000,population,8048600,UN Population Division / World Bank WDI,2026-09-02
BHS,"Bahamas, The",2023,population,399440,UN Population Division / World Bank WDI,2026-09-02
BHS,"Bahamas, The",2022,population,397538,UN Population Division / World Bank WDI,2026-09-02
BHS,"Bahamas, The",2021,population,396373,UN Population Division / World Bank WDI,2026-09-02
BHS,"Bahamas, The",2020,population,395863,UN Population Division / World Bank WDI,2026-09-02
BHS,"Bahamas, The",2019,population,394675,UN Population Division / World Bank WDI,2026-09-02
BHS,"Bahamas, The",2018,population,392717,UN Population Division / World Bank WDI,2026-09-02
BHS,"Bahamas, The",2017,population,390485,UN Population Division / World Bank WDI,2026-09-02
BHS,"Bahamas, The",2016,population,388055,UN Population Division / World Bank WDI,2026-09-02
BHS,"Bahamas, The",2015,population,385346,UN Population Division / World Bank WDI,2026-09-02
BHS,"Bahamas, The",2014,population,382298,UN Population Division / World Bank WDI,2026-09-02
BHS,"Bahamas, The",2013,population,378953,UN Population Division / World Bank WDI,2026-09-02
BHS,"Bahamas, The",2012,population,375469,UN Population Division / World Bank WDI,2026-09-02
BHS,"Bahamas, The",2011,population,371729,UN Population Division / World Bank WDI,2026-09-02
BHS,"Bahamas, The",2010,population,367478,UN Population Division / World Bank WDI,2026-09-02
BHS,"Bahamas, The",2009,population,362810,UN Population Division / World Bank WDI,2026-09-02
BHS,"Bahamas, The",2008,population,358120,UN Population Division / World Bank WDI,2026-09-02
BHS,"Bahamas, The",2007,population,353334,UN Population Division / World Bank WDI,2026-09-02
BHS,"Bahamas, The",2006,population,348375,UN Population Division / World Bank WDI,2026-09-02
BHS,"Bahamas, The",2005,population,343894,UN Population Division / World Bank WDI,2026-09-02
BHS,"Bahamas, The",2004,population,339782,UN Population Division / World Bank WDI,2026-09-02
BHS,"Bahamas, The",2003,population,335618,UN Population Division / World Bank WDI,2026-09-02
BHS,"Bahamas, The",2002,population,331614,UN Population Division / World Bank WDI,2026-09-02
BHS,"Bahamas, The",2001,population,327836,UN Population Division / World Bank WDI,2026-09-02
BHS,"Bahamas, The",2000,population,323835,UN Population Division / World Bank WDI,2026-09-02
BHR,Bahrain,2023,population,1577059,UN Population Division / World Bank WDI,2026-09-02
BHR,Bahrain,2022,population,1524693,UN Population Division / World Bank WDI,2026-09-02
BHR,Bahrain,2021,population,1504365,UN Population Division / World Bank WDI,2026-09-02
BHR,Bahrain,2020,population,1472204,UN Population Division / World Bank WDI,2026-09-02
BHR,Bahrain,2019,population,1483756,UN Population Division / World Bank WDI,2026-09-02
BHR,Bahrain,2018,population,1503091,UN Population Division / World Bank WDI,2026-09-02
BHR,Bahrain,2017,population,1501116,UN Population Division / World Bank WDI,2026-09-02
BHR,Bahrain,2016,population,1423726,UN Population Division / World Bank WDI,2026-09-02
BHR,Bahrain,2015,population,1370322,UN Population Division / World Bank WDI,2026-09-02
BHR,Bahrain,2014,population,1314562,UN Population Division / World Bank WDI,2026-09-02
BHR,Bahrain,2013,population,1253191,UN Population Division / World Bank WDI,2026-09-02
BHR,Bahrain,2012,population,1208964,UN Population Division / World Bank WDI,2026-09-02
BHR,Bahrain,2011,population,1195020,UN Population Division / World Bank WDI,2026-09-02
BHR,Bahrain,2010,population,1228543,UN Population Division / World Bank WDI,2026-09-02
BHR,Bahrain,2009,population,1178415,UN Population Division / World Bank WDI,2026-09-02
BHR,Bahrain,2008,population,1103496,UN Population Division / World Bank WDI,2026-09-02
BHR,Bahrain,2007,population,1039295,UN Population Division / World Bank WDI,2026-09-02
BHR,Bahrain,2006,population,960424,UN Population Division / World Bank WDI,2026-09-02
BHR,Bahrain,2005,population,888822,UN Population Division / World Bank WDI,2026-09-02
BHR,Bahrain,2004,population,823741,UN Population Division / World Bank WDI,2026-09-02
BHR,Bahrain,2003,population,764517,UN Population Division / World Bank WDI,2026-09-02
BHR,Bahrain,2002,population,710553,UN Population Division / World Bank WDI,2026-09-02
BHR,Bahrain,2001,population,661316,UN Population Division / World Bank WDI,2026-09-02
BHR,Bahrain,2000,population,637582,UN Population Division / World Bank WDI,2026-09-02
BGD,Bangladesh,2023,population,171466990,UN Population Division / World Bank WDI,2026-09-02
BGD,Bangladesh,2022,population,169384897,UN Population Division / World Bank WDI,2026-09-02
BGD,Bangladesh,2021,population,167658854,UN Population Division / World Bank WDI,2026-09-02
BGD,Bangladesh,2020,population,166298024,UN Population Division / World Bank WDI,2026-09-02
BGD,Bangladesh,2019,population,164913055,UN Population Division / World Bank WDI,2026-09-02
BGD,Bangladesh,2018,population,163523103,UN Population Division / World Bank WDI,2026-09-02
BGD,Bangladesh,2017,population,162186147,UN Population Division / World Bank WDI,2026-09-02
BGD,Bangladesh,2016,population,160811932,UN Population Division / World Bank WDI,2026-09-02
BGD,Bangladesh,2015,population,159383179,UN Population Division / World Bank WDI,2026-09-02
BGD,Bangladesh,2014,population,157964929,UN Population Division / World Bank WDI,2026-09-02
BGD,Bangladesh,2013,population,156532141,UN Population Division / World Bank WDI,2026-09-02
BGD,Bangladesh,2012,population,155070101,UN Population Division / World Bank WDI,2026-09-02
BGD,Bangladesh,2011,population,153591076,UN Population Division / World Bank WDI,2026-09-02
BGD,Bangladesh,2010,population,152201981,UN Population Division / World Bank WDI,2026-09-02
BGD,Bangladesh,2009,population,150873714,UN Population Division / World Bank WDI,2026-09-02
BGD,Bangladesh,2008,population,149474264,UN Population Division / World Bank WDI,2026-09-02
BGD,Bangladesh,2007,population,147989278,UN Population Division / World Bank WDI,2026-09-02
BGD,Bangladesh,2006,population,146405973,UN Population Division / World Bank WDI,2026-09-02
BGD,Bangladesh,2005,population,144715786,UN Population Division / World Bank WDI,2026-09-02
BGD,Bangladesh,2004,population,142902856,UN Population Division / World Bank WDI,2026-09-02
BGD,Bangladesh,2003,population,140970351,UN Population Division / World Bank WDI,2026-09-02
BGD,Bangladesh,2002,population,138933658,UN Population Division / World Bank WDI,2026-09-02
BGD,Bangladesh,2001,population,136805810,UN Population Division / World Bank WDI,2026-09-02
BGD,Bangladesh,2000,population,134544304,UN Population Division / World Bank WDI,2026-09-02
BRB,Barbados,2023,population,282336,UN Population Division / World Bank WDI,2026-09-02
BRB,Barbados,2022,population,282318,UN Population Division / World Bank WDI,2026-09-02
BRB,Barbados,2021,population,282147,UN Population Division / World Bank WDI,2026-09-02
BRB,Barbados,2020,population,281698,UN Population Division / World Bank WDI,2026-09-02
BRB,Barbados,2019,population,281207,UN Population Division / World Bank WDI,2026-09-02
BRB,Barbados,2018,population,280711,UN Population Division / World Bank WDI,2026-09-02
BRB,Barbados,2017,population,280171,UN Population Division / World Bank WDI,2026-09-02
BRB,Barbados,2016,population,279598,UN Population Division / World Bank WDI,2026-09-02
BRB,Barbados,2015,population,278990,UN Population Division / World Bank WDI,2026-09-02
BRB,Barbados,2014,population,278348,UN Population Division / World Bank WDI,2026-09-02
BRB,Barbados,2013,population,277665,UN Population Division / World Bank WDI,2026-09-02
BRB,Barbados,2012,population,276938,UN Population Division / World Bank WDI,2026-09-02
BRB,Barbados,2011,population,276139,UN Population Division / World Bank WDI,2026-09-02
BRB,Barbados,2010,population,275243,UN Population Division / World Bank WDI,2026-09-02
BRB,Barbados,2009,population,274123,UN Population Division / World Bank WDI,2026-09-02
BRB,Barbados,2008,population,272714,UN Population Division / World Bank WDI,2026-09-02
BRB,Barbados,2007,population,271288,UN Population Division / World Bank WDI,2026-09-02
BRB,Barbados,2006,population,270002,UN Population Division / World Bank WDI,2026-09-02
BRB,Barbados,2005,population,268706,UN Population Division / World Bank WDI,2026-09-02
BRB,Barbados,2004,population,267298,UN Population Division / World Bank WDI,2026-09-02
BRB,Barbados,2003,population,265776,UN Population Division / World Bank WDI,2026-09-02
BRB,Barbados,2002,population,264148,UN Population Division / World Bank WDI,2026-09-02
BRB,Barbados,2001,population,262425,UN Population Division / World Bank WDI,2026-09-02
BRB,Barbados,2000,population,262063,UN Population Division / World Bank WDI,2026-09-02
BLR,Belarus,2023,population,9178298,UN Population Division / World Bank WDI,2026-09-02
BLR,Belarus,2022,population,9228071,UN Population Division / World Bank WDI,2026-09-02
BLR,Belarus,2021,population,9302585,UN Population Division / World Bank WDI,2026-09-02
BLR,Belarus,2020,population,9379952,UN Population Division / World Bank WDI,2026-09-02
BLR,Belarus,2019,population,9419758,UN Population Division / World Bank WDI,2026-09-02
BLR,Belarus,2018,population,9438785,UN Population Division / World Bank WDI,2026-09-02
BLR,Belarus,2017,population,9458989,UN Population Division / World Bank WDI,2026-09-02
BLR,Belarus,2016,population,9469379,UN Population Division / World Bank WDI,2026-09-02
BLR,Belarus,2015,population,9461076,UN Population Division / World Bank WDI,2026-09-02
BLR,Belarus,2014,population,9448515,UN Population Division / World Bank WDI,2026-09-02
BLR,Belarus,2013,population,9443211,UN Population Division / World Bank WDI,2026-09-02
BLR,Belarus,2012,population,9446836,UN Population Division / World Bank WDI,2026-09-02
BLR,Belarus,2011,population,9461643,UN Population Division / World Bank WDI,2026-09-02
BLR,Belarus,2010,population,9483836,UN Population Division / World Bank WDI,2026-09-02
BLR,Belarus,2009,population,9504583,UN Population Division / World Bank WDI,2026-09-02
BLR,Belarus,2008,population,9527985,UN Population Division / World Bank WDI,2026-09-02
BLR,Belarus,2007,population,9560953,UN Population Division / World Bank WDI,2026-09-02
BLR,Belarus,2006,population,9604924,UN Population Division / World Bank WDI,2026-09-02
BLR,Belarus,2005,population,9663915,UN Population Division / World Bank WDI,2026-09-02
BLR,Belarus,2004,population,9730146,UN Population Division / World Bank WDI,2026-09-02
BLR,Belarus,2003,population,9796749,UN Population Division / World Bank WDI,2026-09-02
BLR,Belarus,2002,population,9865548,UN Population Division / World Bank WDI,2026-09-02
BLR,Belarus,2001,population,9928549,UN Population Division / World Bank WDI,2026-09-02
BLR,Belarus,2000,population,9979610,UN Population Division / World Bank WDI,2026-09-02
BEL,Belgium,2023,population,11779946,UN Population Division / World Bank WDI,2026-09-02
BEL,Belgium,2022,population,11680210,UN Population Division / World Bank WDI,2026-09-02
BEL,Belgium,2021,population,11586195,UN Population Division / World Bank WDI,2026-09-02
BEL,Belgium,2020,population,11538604,UN Population Division / World Bank WDI,2026-09-02
BEL,Belgium,2019,population,11488980,UN Population Division / World Bank WDI,2026-09-02
BEL,Belgium,2018,population,11427054,UN Population Division / World Bank WDI,2026-09-02
BEL,Belgium,2017,population,11375158,UN Population Division / World Bank WDI,2026-09-02
BEL,Belgium,2016,population,11331422,UN Population Division / World Bank WDI,2026-09-02
BEL,Belgium,2015,population,11274196,UN Population Division / World Bank WDI,2026-09-02
BEL,Belgium,2014,population,11209057,UN Population Division / World Bank WDI,2026-09-02
BEL,Belgium,2013,population,11159407,UN Population Division / World Bank WDI,2026-09-02
BEL,Belgium,2012,population,11106932,UN Population Division / World Bank WDI,2026-09-02
BEL,Belgium,2011,population,11038264,UN Population Division / World Bank WDI,2026-09-02
BEL,Belgium,2010,population,10895586,UN Population Division / World Bank WDI,2026-09-02
BEL,Belgium,2009,population,10796493,UN Population Division / World Bank WDI,2026-09-02
BEL,Belgium,2008,population,10709973,UN Population Division / World Bank WDI,2026-09-02
BEL,Belgium,2007,population,10625700,UN Population Division / World Bank WDI,2026-09-02
BEL,Belgium,2006,population,10547958,UN Population Division / World Bank WDI,2026-09-02
BEL,Belgium,2005,population,10478617,UN Population Division / World Bank WDI,2026-09-02
BEL,Belgium,2004,population,10421137,UN Population Division / World Bank WDI,2026-09-02
BEL,Belgium,2003,population,10376133,UN Population Division / World Bank WDI,2026-09-02
BEL,Belgium,2002,population,10332785,UN Population Division / World Bank WDI,2026-09-02
BEL,Belgium,2001,population,10286570,UN Population Division / World Bank WDI,2026-09-02
BEL,Belgium,2000,population,10251250,UN Population Division / World Bank WDI,2026-09-02
BLZ,Belize,2023,population,411106,UN Population Division / World Bank WDI,2026-09-02
BLZ,Belize,2022,population,402733,UN Population Division / World Bank WDI,2026-09-02
BLZ,Belize,2021,population,395346,UN Population Division / World Bank WDI,2026-09-02
BLZ,Belize,2020,population,390812,UN Population Division / World Bank WDI,2026-09-02
BLZ,Belize,2019,population,385829,UN Population Division / World Bank WDI,2026-09-02
BLZ,Belize,2018,population,380226,UN Population Division / World Bank WDI,2026-09-02
BLZ,Belize,2017,population,373202,UN Population Division / World Bank WDI,2026-09-02
BLZ,Belize,2016,population,364705,UN Population Division / World Bank WDI,2026-09-02
BLZ,Belize,2015,population,356333,UN Population Division / World Bank WDI,2026-09-02
BLZ,Belize,2014,population,348923,UN Population Division / World Bank WDI,2026-09-02
BLZ,Belize,2013,population,341627,UN Population Division / World Bank WDI,2026-09-02
BLZ,Belize,2012,population,334414,UN Population Division / World Bank WDI,2026-09-02
BLZ,Belize,2011,population,327298,UN Population Division / World Bank WDI,2026-09-02
BLZ,Belize,2010,population,320245,UN Population Division / World Bank WDI,2026-09-02
BLZ,Belize,2009,population,312614,UN Population Division / World Bank WDI,2026-09-02
BLZ,Belize,2008,population,304361,UN Population Division / World Bank WDI,2026-09-02
BLZ,Belize,2007,population,296100,UN Population Division / World Bank WDI,2026-09-02
BLZ,Belize,2006,population,287878,UN Population Division / World Bank WDI,2026-09-02
BLZ,Belize,2005,population,279731,UN Population Division / World Bank WDI,2026-09-02
BLZ,Belize,2004,population,271688,UN Population Division / World Bank WDI,2026-09-02
BLZ,Belize,2003,population,263780,UN Population Division / World Bank WDI,2026-09-02
BLZ,Belize,2002,population,256009,UN Population Division / World Bank WDI,2026-09-02
BLZ,Belize,2001,population,248379,UN Population Division / World Bank WDI,2026-09-02
BLZ,Belize,2000,population,240799,UN Population Division / World Bank WDI,2026-09-02
BEN,Benin,2023,population,14111034,UN Population Division / World Bank WDI,2026-09-02
BEN,Benin,2022,population,13759501,UN Population Division / World Bank WDI,2026-09-02
BEN,Benin,2021,population,13413417,UN Population Division / World Bank WDI,2026-09-02
BEN,Benin,2020,population,13070169,UN Population Division / World Bank WDI,2026-09-02
BEN,Benin,2019,population,12726755,UN Population Division / World Bank WDI,2026-09-02
BEN,Benin,2018,population,12383347,UN Population Division / World Bank WDI,2026-09-02
BEN,Benin,2017,population,12039780,UN Population Division / World Bank WDI,2026-09-02
BEN,Benin,2016,population,11697842,UN Population Division / World Bank WDI,2026-09-02
BEN,Benin,2015,population,11360681,UN Population Division / World Bank WDI,2026-09-02
BEN,Benin,2014,population,11030004,UN Population Division / World Bank WDI,2026-09-02
BEN,Benin,2013,population,10708834,UN Population Division / World Bank WDI,2026-09-02
BEN,Benin,2012,population,10397657,UN Population Division / World Bank WDI,2026-09-02
BEN,Benin,2011,population,10093623,UN Population Division / World Bank WDI,2026-09-02
BEN,Benin,2010,population,9797484,UN Population Division / World Bank WDI,2026-09-02
BEN,Benin,2009,population,9509423,UN Population Division / World Bank WDI,2026-09-02
BEN,Benin,2008,population,9228466,UN Population Division / World Bank WDI,2026-09-02
BEN,Benin,2007,population,8953969,UN Population Division / World Bank WDI,2026-09-02
BEN,Benin,2006,population,8693242,UN Population Division / World Bank WDI,2026-09-02
BEN,Benin,2005,population,8426144,UN Population Division / World Bank WDI,2026-09-02
BEN,Benin,2004,population,8159094,UN Population Division / World Bank WDI,2026-09-02
BEN,Benin,2003,population,7913070,UN Population Division / World Bank WDI,2026-09-02
BEN,Benin,2002,population,7675426,UN Population Division / World Bank WDI,2026-09-02
BEN,Benin,2001,population,7445596,UN Population Division / World Bank WDI,2026-09-02
BEN,Benin,2000,population,7221619,UN Population Division / World Bank WDI,2026-09-02
BMU,Bermuda,2023,population,64698,UN Population Division / World Bank WDI,2026-09-02
BMU,Bermuda,2022,population,64749,UN Population Division / World Bank WDI,2026-09-02
BMU,Bermuda,2021,population,64648,UN Population Division / World Bank WDI,2026-09-02
BMU,Bermuda,2020,population,64382,UN Population Division / World Bank WDI,2026-09-02
BMU,Bermuda,2019,population,64107,UN Population Division / World Bank WDI,2026-09-02
BMU,Bermuda,2018,population,63831,UN Population Division / World Bank WDI,2026-09-02
BMU,Bermuda,2017,population,63578,UN Population Division / World Bank WDI,2026-09-02
BMU,Bermuda,2016,population,63449,UN Population Division / World Bank WDI,2026-09-02
BMU,Bermuda,2015,population,63464,UN Population Division / World Bank WDI,2026-09-02
BMU,Bermuda,2014,population,63529,UN Population Division / World Bank WDI,2026-09-02
BMU,Bermuda,2013,population,63574,UN Population Division / World Bank WDI,2026-09-02
BMU,Bermuda,2012,population,63646,UN Population Division / World Bank WDI,2026-09-02
BMU,Bermuda,2011,population,63733,UN Population Division / World Bank WDI,2026-09-02
BMU,Bermuda,2010,population,63725,UN Population Division / World Bank WDI,2026-09-02
BMU,Bermuda,2009,population,63565,UN Population Division / World Bank WDI,2026-09-02
BMU,Bermuda,2008,population,63300,UN Population Division / World Bank WDI,2026-09-02
BMU,Bermuda,2007,population,63010,UN Population Division / World Bank WDI,2026-09-02
BMU,Bermuda,2006,population,62834,UN Population Division / World Bank WDI,2026-09-02
BMU,Bermuda,2005,population,62711,UN Population Division / World Bank WDI,2026-09-02
BMU,Bermuda,2004,population,62555,UN Population Division / World Bank WDI,2026-09-02
BMU,Bermuda,2003,population,62386,UN Population Division / World Bank WDI,2026-09-02
BMU,Bermuda,2002,population,62142,UN Population Division / World Bank WDI,2026-09-02
BMU,Bermuda,2001,population,61867,UN Population Division / World Bank WDI,2026-09-02
BMU,Bermuda,2000,population,61550,UN Population Division / World Bank WDI,2026-09-02
BTN,Bhutan,2023,population,786385,UN Population Division / World Bank WDI,2026-09-02
BTN,Bhutan,2022,population,780914,UN Population Division / World Bank WDI,2026-09-02
BTN,Bhutan,2021,population,775442,UN Population Division / World Bank WDI,2026-09-02
BTN,Bhutan,2020,population,770006,UN Population Division / World Bank WDI,2026-09-02
BTN,Bhutan,2019,population,764824,UN Population Division / World Bank WDI,2026-09-02
BTN,Bhutan,2018,population,759759,UN Population Division / World Bank WDI,2026-09-02
BTN,Bhutan,2017,population,754335,UN Population Division / World Bank WDI,2026-09-02
BTN,Bhutan,2016,population,747866,UN Population Division / World Bank WDI,2026-09-02
BTN,Bhutan,2015,population,740618,UN Population Division / World Bank WDI,2026-09-02
BTN,Bhutan,2014,population,733139,UN Population Division / World Bank WDI,2026-09-02
BTN,Bhutan,2013,population,725273,UN Population Division / World Bank WDI,2026-09-02
BTN,Bhutan,2012,population,717279,UN Population Division / World Bank WDI,2026-09-02
BTN,Bhutan,2011,population,709377,UN Population Division / World Bank WDI,2026-09-02
BTN,Bhutan,2010,population,701632,UN Population Division / World Bank WDI,2026-09-02
BTN,Bhutan,2009,population,693988,UN Population Division / World Bank WDI,2026-09-02
BTN,Bhutan,2008,population,686351,UN Population Division / World Bank WDI,2026-09-02
BTN,Bhutan,2007,population,678641,UN Population Division / World Bank WDI,2026-09-02
BTN,Bhutan,2006,population,670799,UN Population Division / World Bank WDI,2026-09-02
BTN,Bhutan,2005,population,661865,UN Population Division / World Bank WDI,2026-09-02
BTN,Bhutan,2004,population,650544,UN Population Division / World Bank WDI,2026-09-02
BTN,Bhutan,2003,population,637663,UN Population Division / World Bank WDI,2026-09-02
BTN,Bhutan,2002,population,624409,UN Population Division / World Bank WDI,2026-09-02
BTN,Bhutan,2001,population,610794,UN Population Division / World Bank WDI,2026-09-02
BTN,Bhutan,2000,population,596863,UN Population Division / World Bank WDI,2026-09-02
BOL,Bolivia,2023,population,12244159,UN Population Division / World Bank WDI,2026-09-02
BOL,Bolivia,2022,population,12077154,UN Population Division / World Bank WDI,2026-09-02
BOL,Bolivia,2021,population,11937360,UN Population Division / World Bank WDI,2026-09-02
BOL,Bolivia,2020,population,11816299,UN Population Division / World Bank WDI,2026-09-02
BOL,Bolivia,2019,population,11671386,UN Population Division / World Bank WDI,2026-09-02
BOL,Bolivia,2018,population,11508368,UN Population Division / World Bank WDI,2026-09-02
BOL,Bolivia,2017,population,11344587,UN Population Division / World Bank WDI,2026-09-02
BOL,Bolivia,2016,population,11180020,UN Population Division / World Bank WDI,2026-09-02
BOL,Bolivia,2015,population,11014705,UN Population Division / World Bank WDI,2026-09-02
BOL,Bolivia,2014,population,10848888,UN Population Division / World Bank WDI,2026-09-02
BOL,Bolivia,2013,population,10682608,UN Population Division / World Bank WDI,2026-09-02
BOL,Bolivia,2012,population,10515807,UN Population Division / World Bank WDI,2026-09-02
BOL,Bolivia,2011,population,10348929,UN Population Division / World Bank WDI,2026-09-02
BOL,Bolivia,2010,population,10182345,UN Population Division / World Bank WDI,2026-09-02
BOL,Bolivia,2009,population,10016275,UN Population Division / World Bank WDI,2026-09-02
BOL,Bolivia,2008,population,9850858,UN Population Division / World Bank WDI,2026-09-02
BOL,Bolivia,2007,population,9685960,UN Population Division / World Bank WDI,2026-09-02
BOL,Bolivia,2006,population,9521689,UN Population Division / World Bank WDI,2026-09-02
BOL,Bolivia,2005,population,9360754,UN Population Division / World Bank WDI,2026-09-02
BOL,Bolivia,2004,population,9204287,UN Population Division / World Bank WDI,2026-09-02
BOL,Bolivia,2003,population,9050700,UN Population Division / World Bank WDI,2026-09-02
BOL,Bolivia,2002,population,8900355,UN Population Division / World Bank WDI,2026-09-02
BOL,Bolivia,2001,population,8752736,UN Population Division / World Bank WDI,2026-09-02
BOL,Bolivia,2000,population,8606326,UN Population Division / World Bank WDI,2026-09-02
BIH,Bosnia and Herzegovina,2023,population,3185073,UN Population Division / World Bank WDI,2026-09-02
BIH,Bosnia and Herzegovina,2022,population,3204802,UN Population Division / World Bank WDI,2026-09-02
BIH,Bosnia and Herzegovina,2021,population,3244907,UN Population Division / World Bank WDI,2026-09-02
BIH,Bosnia and Herzegovina,2020,population,3299349,UN Population Division / World Bank WDI,2026-09-02
BIH,Bosnia and Herzegovina,2019,population,3345533,UN Population Division / World Bank WDI,2026-09-02
BIH,Bosnia and Herzegovina,2018,population,3387000,UN Population Division / World Bank WDI,2026-09-02
BIH,Bosnia and Herzegovina,2017,population,3428682,UN Population Division / World Bank WDI,2026-09-02
BIH,Bosnia and Herzegovina,2016,population,3473003,UN Population Division / World Bank WDI,2026-09-02
BIH,Bosnia and Herzegovina,2015,population,3518541,UN Population Division / World Bank WDI,2026-09-02
BIH,Bosnia and Herzegovina,2014,population,3564829,UN Population Division / World Bank WDI,2026-09-02
BIH,Bosnia and Herzegovina,2013,population,3610859,UN Population Division / World Bank WDI,2026-09-02
BIH,Bosnia and Herzegovina,2012,population,3670113,UN Population Division / World Bank WDI,2026-09-02
BIH,Bosnia and Herzegovina,2011,population,3741798,UN Population Division / World Bank WDI,2026-09-02
BIH,Bosnia and Herzegovina,2010,population,3811472,UN Population Division / World Bank WDI,2026-09-02
BIH,Bosnia and Herzegovina,2009,population,3879794,UN Population Division / World Bank WDI,2026-09-02
BIH,Bosnia and Herzegovina,2008,population,3947544,UN Population Division / World Bank WDI,2026-09-02
BIH,Bosnia and Herzegovina,2007,population,4013424,UN Population Division / World Bank WDI,2026-09-02
BIH,Bosnia and Herzegovina,2006,population,4063272,UN Population Division / World Bank WDI,2026-09-02
BIH,Bosnia and Herzegovina,2005,population,4096493,UN Population Division / World Bank WDI,2026-09-02
BIH,Bosnia and Herzegovina,2004,population,4140987,UN Population Division / World Bank WDI,2026-09-02
BIH,Bosnia and Herzegovina,2003,population,4178523,UN Population Division / World Bank WDI,2026-09-02
BIH,Bosnia and Herzegovina,2002,population,4188002,UN Population Division / World Bank WDI,2026-09-02
BIH,Bosnia and Herzegovina,2001,population,4179438,UN Population Division / World Bank WDI,2026-09-02
BIH,Bosnia and Herzegovina,2000,population,4159771,UN Population Division / World Bank WDI,2026-09-02
BWA,Botswana,2023,population,2480244,UN Population Division / World Bank WDI,2026-09-02
BWA,Botswana,2022,population,2439892,UN Population Division / World Bank WDI,2026-09-02
BWA,Botswana,2021,population,2401441,UN Population Division / World Bank WDI,2026-09-02
BWA,Botswana,2020,population,2365894,UN Population Division / World Bank WDI,2026-09-02
BWA,Botswana,2019,population,2332083,UN Population Division / World Bank WDI,2026-09-02
BWA,Botswana,2018,population,2299141,UN Population Division / World Bank WDI,2026-09-02
BWA,Botswana,2017,population,2266747,UN Population Division / World Bank WDI,2026-09-02
BWA,Botswana,2016,population,2234776,UN Population Division / World Bank WDI,2026-09-02
BWA,Botswana,2015,population,2203273,UN Population Division / World Bank WDI,2026-09-02
BWA,Botswana,2014,population,2172044,UN Population Division / World Bank WDI,2026-09-02
BWA,Botswana,2013,population,2140682,UN Population Division / World Bank WDI,2026-09-02
BWA,Botswana,2012,population,2108617,UN Population Division / World Bank WDI,2026-09-02
BWA,Botswana,2011,population,2073535,UN Population Division / World Bank WDI,2026-09-02
BWA,Botswana,2010,population,2033111,UN Population Division / World Bank WDI,2026-09-02
BWA,Botswana,2009,population,1990673,UN Population Division / World Bank WDI,2026-09-02
BWA,Botswana,2008,population,1949970,UN Population Division / World Bank WDI,2026-09-02
BWA,Botswana,2007,population,1911201,UN Population Division / World Bank WDI,2026-09-02
BWA,Botswana,2006,population,1874516,UN Population Division / World Bank WDI,2026-09-02
BWA,Botswana,2005,population,1839877,UN Population Division / World Bank WDI,2026-09-02
BWA,Botswana,2004,population,1807146,UN Population Division / World Bank WDI,2026-09-02
BWA,Botswana,2003,population,1775736,UN Population Division / World Bank WDI,2026-09-02
BWA,Botswana,2002,population,1744763,UN Population Division / World Bank WDI,2026-09-02
BWA,Botswana,2001,population,1712254,UN Population Division / World Bank WDI,2026-09-02
BWA,Botswana,2000,population,1677382,UN Population Division / World Bank WDI,2026-09-02
BRA,Brazil,2023,population,211140729,UN Population Division / World Bank WDI,2026-09-02
BRA,Brazil,2022,population,210306415,UN Population Division / World Bank WDI,2026-09-02
BRA,Brazil,2021,population,209550294,UN Population Division / World Bank WDI,2026-09-02
BRA,Brazil,2020,population,208660842,UN Population Division / World Bank WDI,2026-09-02
BRA,Brazil,2019,population,207455459,UN Population Division / World Bank WDI,2026-09-02
BRA,Brazil,2018,population,206107261,UN Population Division / World Bank WDI,2026-09-02
BRA,Brazil,2017,population,204703445,UN Population Division / World Bank WDI,2026-09-02
BRA,Brazil,2016,population,203218114,UN Population Division / World Bank WDI,2026-09-02
BRA,Brazil,2015,population,201675532,UN Population Division / World Bank WDI,2026-09-02
BRA,Brazil,2014,population,200085127,UN Population Division / World Bank WDI,2026-09-02
BRA,Brazil,2013,population,198478299,UN Population Division / World Bank WDI,2026-09-02
BRA,Brazil,2012,population,196876111,UN Population Division / World Bank WDI,2026-09-02
BRA,Brazil,2011,population,195284734,UN Population Division / World Bank WDI,2026-09-02
BRA,Brazil,2010,population,193701929,UN Population Division / World Bank WDI,2026-09-02
BRA,Brazil,2009,population,192079951,UN Population Division / World Bank WDI,2026-09-02
BRA,Brazil,2008,population,190367302,UN Population Division / World Bank WDI,2026-09-02
BRA,Brazil,2007,population,188552320,UN Population Division / World Bank WDI,2026-09-02
BRA,Brazil,2006,population,186653106,UN Population Division / World Bank WDI,2026-09-02
BRA,Brazil,2005,population,184688101,UN Population Division / World Bank WDI,2026-09-02
BRA,Brazil,2004,population,182675143,UN Population Division / World Bank WDI,2026-09-02
BRA,Brazil,2003,population,180622688,UN Population Division / World Bank WDI,2026-09-02
BRA,Brazil,2002,population,178503484,UN Population Division / World Bank WDI,2026-09-02
BRA,Brazil,2001,population,176301203,UN Population Division / World Bank WDI,2026-09-02
BRA,Brazil,2000,population,174018282,UN Population Division / World Bank WDI,2026-09-02
VGB,British Virgin Islands,2023,population,38985,UN Population Division / World Bank WDI,2026-09-02
VGB,British Virgin Islands,2022,population,38319,UN Population Division / World Bank WDI,2026-09-02
VGB,British Virgin Islands,2021,population,37809,UN Population Division / World Bank WDI,2026-09-02
VGB,British Virgin Islands,2020,population,37135,UN Population Division / World Bank WDI,2026-09-02
VGB,British Virgin Islands,2019,population,36395,UN Population Division / World Bank WDI,2026-09-02
VGB,British Virgin Islands,2018,population,34657,UN Population Division / World Bank WDI,2026-09-02
VGB,British Virgin Islands,2017,population,32699,UN Population Division / World Bank WDI,2026-09-02
VGB,British Virgin Islands,2016,population,33878,UN Population Division / World Bank WDI,2026-09-02
VGB,British Virgin Islands,2015,population,34498,UN Population Division / World Bank WDI,2026-09-02
VGB,British Virgin Islands,2014,population,32962,UN Population Division / World Bank WDI,2026-09-02
VGB,British Virgin Islands,2013,population,31703,UN Population Division / World Bank WDI,2026-09-02
VGB,British Virgin Islands,2012,population,30345,UN Population Division / World Bank WDI,2026-09-02
VGB,British Virgin Islands,2011,population,28710,UN Population Division / World Bank WDI,2026-09-02
VGB,British Virgin Islands,2010,population,27675,UN Population Division / World Bank WDI,2026-09-02
VGB,British Virgin Islands,2009,population,27218,UN Population Division / World Bank WDI,2026-09-02
VGB,British Virgin Islands,2008,population,26288,UN Population Division / World Bank WDI,2026-09-02
VGB,British Virgin Islands,2007,population,25366,UN Population Division / World Bank WDI,2026-09-02
VGB,British Virgin Islands,2006,population,24493,UN Population Division / World Bank WDI,2026-09-02
VGB,British Virgin Islands,2005,population,23665,UN Population Division / World Bank WDI,2026-09-02
VGB,British Virgin Islands,2004,population,22881,UN Population Division / World Bank WDI,2026-09-02
VGB,British Virgin Islands,2003,population,22134,UN Population Division / World Bank WDI,2026-09-02
VGB,British Virgin Islands,2002,population,21430,UN Population Division / World Bank WDI,2026-09-02
VGB,British Virgin Islands,2001,population,20796,UN Population Division / World Bank WDI,2026-09-02
VGB,British Virgin Islands,2000,population,20241,UN Population Division / World Bank WDI,2026-09-02
BRN,Brunei Darussalam,2023,population,458949,UN Population Division / World Bank WDI,2026-09-02
BRN,Brunei Darussalam,2022,population,455370,UN Population Division / World Bank WDI,2026-09-02
BRN,Brunei Darussalam,2021,population,451721,UN Population Division / World Bank WDI,2026-09-02
BRN,Brunei Darussalam,2020,population,447404,UN Population Division / World Bank WDI,2026-09-02
BRN,Brunei Darussalam,2019,population,442680,UN Population Division / World Bank WDI,2026-09-02
BRN,Brunei Darussalam,2018,population,437810,UN Population Division / World Bank WDI,2026-09-02
BRN,Brunei Darussalam,2017,population,432772,UN Population Division / World Bank WDI,2026-09-02
BRN,Brunei Darussalam,2016,population,427564,UN Population Division / World Bank WDI,2026-09-02
BRN,Brunei Darussalam,2015,population,422212,UN Population Division / World Bank WDI,2026-09-02
BRN,Brunei Darussalam,2014,population,416750,UN Population Division / World Bank WDI,2026-09-02
BRN,Brunei Darussalam,2013,population,411202,UN Population Division / World Bank WDI,2026-09-02
BRN,Brunei Darussalam,2012,population,405557,UN Population Division / World Bank WDI,2026-09-02
BRN,Brunei Darussalam,2011,population,399389,UN Population Division / World Bank WDI,2026-09-02
BRN,Brunei Darussalam,2010,population,392332,UN Population Division / World Bank WDI,2026-09-02
BRN,Brunei Darussalam,2009,population,384952,UN Population Division / World Bank WDI,2026-09-02
BRN,Brunei Darussalam,2008,population,377793,UN Population Division / World Bank WDI,2026-09-02
BRN,Brunei Darussalam,2007,population,370873,UN Population Division / World Bank WDI,2026-09-02
BRN,Brunei Darussalam,2006,population,364663,UN Population Division / World Bank WDI,2026-09-02
BRN,Brunei Darussalam,2005,population,358916,UN Population Division / World Bank WDI,2026-09-02
BRN,Brunei Darussalam,2004,population,352911,UN Population Division / World Bank WDI,2026-09-02
BRN,Brunei Darussalam,2003,population,346637,UN Population Division / World Bank WDI,2026-09-02
BRN,Brunei Darussalam,2002,population,340099,UN Population Division / World Bank WDI,2026-09-02
BRN,Brunei Darussalam,2001,population,333345,UN Population Division / World Bank WDI,2026-09-02
BRN,Brunei Darussalam,2000,population,326424,UN Population Division / World Bank WDI,2026-09-02
BGR,Bulgaria,2023,population,6446596,UN Population Division / World Bank WDI,2026-09-02
BGR,Bulgaria,2022,population,6465097,UN Population Division / World Bank WDI,2026-09-02
BGR,Bulgaria,2021,population,6507301,UN Population Division / World Bank WDI,2026-09-02
BGR,Bulgaria,2020,population,6550696,UN Population Division / World Bank WDI,2026-09-02
BGR,Bulgaria,2019,population,6616726,UN Population Division / World Bank WDI,2026-09-02
BGR,Bulgaria,2018,population,6710798,UN Population Division / World Bank WDI,2026-09-02
BGR,Bulgaria,2017,population,6803468,UN Population Division / World Bank WDI,2026-09-02
BGR,Bulgaria,2016,population,6894139,UN Population Division / World Bank WDI,2026-09-02
BGR,Bulgaria,2015,population,6984225,UN Population Division / World Bank WDI,2026-09-02
BGR,Bulgaria,2014,population,7073572,UN Population Division / World Bank WDI,2026-09-02
BGR,Bulgaria,2013,population,7160005,UN Population Division / World Bank WDI,2026-09-02
BGR,Bulgaria,2012,population,7305888,UN Population Division / World Bank WDI,2026-09-02
BGR,Bulgaria,2011,population,7348328,UN Population Division / World Bank WDI,2026-09-02
BGR,Bulgaria,2010,population,7395599,UN Population Division / World Bank WDI,2026-09-02
BGR,Bulgaria,2009,population,7444443,UN Population Division / World Bank WDI,2026-09-02
BGR,Bulgaria,2008,population,7492561,UN Population Division / World Bank WDI,2026-09-02
BGR,Bulgaria,2007,population,7545338,UN Population Division / World Bank WDI,2026-09-02
BGR,Bulgaria,2006,population,7601022,UN Population Division / World Bank WDI,2026-09-02
BGR,Bulgaria,2005,population,7658972,UN Population Division / World Bank WDI,2026-09-02
BGR,Bulgaria,2004,population,7716860,UN Population Division / World Bank WDI,2026-09-02
BGR,Bulgaria,2003,population,7775327,UN Population Division / World Bank WDI,2026-09-02
BGR,Bulgaria,2002,population,7837161,UN Population Division / World Bank WDI,2026-09-02
BGR,Bulgaria,2001,population,8009142,UN Population Division / World Bank WDI,2026-09-02
BGR,Bulgaria,2000,population,8170172,UN Population Division / World Bank WDI,2026-09-02
BFA,Burkina Faso,2023,population,23025776,UN Population Division / World Bank WDI,2026-09-02
BFA,Burkina Faso,2022,population,22509038,UN Population Division / World Bank WDI,2026-09-02
BFA,Burkina Faso,2021,population,21995243,UN Population Division / World Bank WDI,2026-09-02
BFA,Burkina Faso,2020,population,21478690,UN Population Division / World Bank WDI,2026-09-02
BFA,Burkina Faso,2019,population,20961952,UN Population Division / World Bank WDI,2026-09-02
BFA,Burkina Faso,2018,population,20438288,UN Population Division / World Bank WDI,2026-09-02
BFA,Burkina Faso,2017,population,19894407,UN Population Division / World Bank WDI,2026-09-02
BFA,Burkina Faso,2016,population,19334856,UN Population Division / World Bank WDI,2026-09-02
BFA,Burkina Faso,2015,population,18777487,UN Population Division / World Bank WDI,2026-09-02
BFA,Burkina Faso,2014,population,18229461,UN Population Division / World Bank WDI,2026-09-02
BFA,Burkina Faso,2013,population,17695409,UN Population Division / World Bank WDI,2026-09-02
BFA,Burkina Faso,2012,population,17172287,UN Population Division / World Bank WDI,2026-09-02
BFA,Burkina Faso,2011,population,16661908,UN Population Division / World Bank WDI,2026-09-02
BFA,Burkina Faso,2010,population,16176498,UN Population Division / World Bank WDI,2026-09-02
BFA,Burkina Faso,2009,population,15710066,UN Population Division / World Bank WDI,2026-09-02
BFA,Burkina Faso,2008,population,15258093,UN Population Division / World Bank WDI,2026-09-02
BFA,Burkina Faso,2007,population,14816307,UN Population Division / World Bank WDI,2026-09-02
BFA,Burkina Faso,2006,population,14373707,UN Population Division / World Bank WDI,2026-09-02
BFA,Burkina Faso,2005,population,13932123,UN Population Division / World Bank WDI,2026-09-02
BFA,Burkina Faso,2004,population,13500533,UN Population Division / World Bank WDI,2026-09-02
BFA,Burkina Faso,2003,population,13082532,UN Population Division / World Bank WDI,2026-09-02
BFA,Burkina Faso,2002,population,12680897,UN Population Division / World Bank WDI,2026-09-02
BFA,Burkina Faso,2001,population,12295001,UN Population Division / World Bank WDI,2026-09-02
BFA,Burkina Faso,2000,population,11925546,UN Population Division / World Bank WDI,2026-09-02
BDI,Burundi,2023,population,13689450,UN Population Division / World Bank WDI,2026-09-02
BDI,Burundi,2022,population,13321097,UN Population Division / World Bank WDI,2026-09-02
BDI,Burundi,2021,population,12965481,UN Population Division / World Bank WDI,2026-09-02
BDI,Burundi,2020,population,12617036,UN Population Division / World Bank WDI,2026-09-02
BDI,Burundi,2019,population,12255336,UN Population Division / World Bank WDI,2026-09-02
BDI,Burundi,2018,population,11859446,UN Population Division / World Bank WDI,2026-09-02
BDI,Burundi,2017,population,11506762,UN Population Division / World Bank WDI,2026-09-02
BDI,Burundi,2016,population,11239451,UN Population Division / World Bank WDI,2026-09-02
BDI,Burundi,2015,population,11047580,UN Population Division / World Bank WDI,2026-09-02
BDI,Burundi,2014,population,10799785,UN Population Division / World Bank WDI,2026-09-02
BDI,Burundi,2013,population,10439341,UN Population Division / World Bank WDI,2026-09-02
BDI,Burundi,2012,population,10071028,UN Population Division / World Bank WDI,2026-09-02
BDI,Burundi,2011,population,9717978,UN Population Division / World Bank WDI,2026-09-02
BDI,Burundi,2010,population,9376444,UN Population Division / World Bank WDI,2026-09-02
BDI,Burundi,2009,population,8947646,UN Population Division / World Bank WDI,2026-09-02
BDI,Burundi,2008,population,8505637,UN Population Division / World Bank WDI,2026-09-02
BDI,Burundi,2007,population,8161874,UN Population Division / World Bank WDI,2026-09-02
BDI,Burundi,2006,population,7865547,UN Population Division / World Bank WDI,2026-09-02
BDI,Burundi,2005,population,7587299,UN Population Division / World Bank WDI,2026-09-02
BDI,Burundi,2004,population,7310656,UN Population Division / World Bank WDI,2026-09-02
BDI,Burundi,2003,population,7043154,UN Population Division / World Bank WDI,2026-09-02
BDI,Burundi,2002,population,6824132,UN Population Division / World Bank WDI,2026-09-02
BDI,Burundi,2001,population,6634365,UN Population Division / World Bank WDI,2026-09-02
BDI,Burundi,2000,population,6470194,UN Population Division / World Bank WDI,2026-09-02
CPV,Cabo Verde,2023,population,522331,UN Population Division / World Bank WDI,2026-09-02
CPV,Cabo Verde,2022,population,519741,UN Population Division / World Bank WDI,2026-09-02
CPV,Cabo Verde,2021,population,516649,UN Population Division / World Bank WDI,2026-09-02
CPV,Cabo Verde,2020,population,514679,UN Population Division / World Bank WDI,2026-09-02
CPV,Cabo Verde,2019,population,514104,UN Population Division / World Bank WDI,2026-09-02
CPV,Cabo Verde,2018,population,513415,UN Population Division / World Bank WDI,2026-09-02
CPV,Cabo Verde,2017,population,512893,UN Population Division / World Bank WDI,2026-09-02
CPV,Cabo Verde,2016,population,512554,UN Population Division / World Bank WDI,2026-09-02
CPV,Cabo Verde,2015,population,512394,UN Population Division / World Bank WDI,2026-09-02
CPV,Cabo Verde,2014,population,512326,UN Population Division / World Bank WDI,2026-09-02
CPV,Cabo Verde,2013,population,512225,UN Population Division / World Bank WDI,2026-09-02
CPV,Cabo Verde,2012,population,511955,UN Population Division / World Bank WDI,2026-09-02
CPV,Cabo Verde,2011,population,511447,UN Population Division / World Bank WDI,2026-09-02
CPV,Cabo Verde,2010,population,509784,UN Population Division / World Bank WDI,2026-09-02
CPV,Cabo Verde,2009,population,506141,UN Population Division / World Bank WDI,2026-09-02
CPV,Cabo Verde,2008,population,501355,UN Population Division / World Bank WDI,2026-09-02
CPV,Cabo Verde,2007,population,496190,UN Population Division / World Bank WDI,2026-09-02
CPV,Cabo Verde,2006,population,490728,UN Population Division / World Bank WDI,2026-09-02
CPV,Cabo Verde,2005,population,485115,UN Population Division / World Bank WDI,2026-09-02
CPV,Cabo Verde,2004,population,479370,UN Population Division / World Bank WDI,2026-09-02
CPV,Cabo Verde,2003,population,473383,UN Population Division / World Bank WDI,2026-09-02
CPV,Cabo Verde,2002,population,467046,UN Population Division / World Bank WDI,2026-09-02
CPV,Cabo Verde,2001,population,460293,UN Population Division / World Bank WDI,2026-09-02
CPV,Cabo Verde,2000,population,453317,UN Population Division / World Bank WDI,2026-09-02
KHM,Cambodia,2023,population,17423880,UN Population Division / World Bank WDI,2026-09-02
KHM,Cambodia,2022,population,17201724,UN Population Division / World Bank WDI,2026-09-02
KHM,Cambodia,2021,population,16974305,UN Population Division / World Bank WDI,2026-09-02
KHM,Cambodia,2020,population,16725474,UN Population Division / World Bank WDI,2026-09-02
KHM,Cambodia,2019,population,16481304,UN Population Division / World Bank WDI,2026-09-02
KHM,Cambodia,2018,population,16274522,UN Population Division / World Bank WDI,2026-09-02
KHM,Cambodia,2017,population,16073372,UN Population Division / World Bank WDI,2026-09-02
KHM,Cambodia,2016,population,15852803,UN Population Division / World Bank WDI,2026-09-02
KHM,Cambodia,2015,population,15623251,UN Population Division / World Bank WDI,2026-09-02
KHM,Cambodia,2014,population,15396772,UN Population Division / World Bank WDI,2026-09-02
KHM,Cambodia,2013,population,15170208,UN Population Division / World Bank WDI,2026-09-02
KHM,Cambodia,2012,population,14945085,UN Population Division / World Bank WDI,2026-09-02
KHM,Cambodia,2011,population,14722584,UN Population Division / World Bank WDI,2026-09-02
KHM,Cambodia,2010,population,14500726,UN Population Division / World Bank WDI,2026-09-02
KHM,Cambodia,2009,population,14276810,UN Population Division / World Bank WDI,2026-09-02
KHM,Cambodia,2008,population,14053479,UN Population Division / World Bank WDI,2026-09-02
KHM,Cambodia,2007,population,13841770,UN Population Division / World Bank WDI,2026-09-02
KHM,Cambodia,2006,population,13639028,UN Population Division / World Bank WDI,2026-09-02
KHM,Cambodia,2005,population,13439202,UN Population Division / World Bank WDI,2026-09-02
KHM,Cambodia,2004,population,13244731,UN Population Division / World Bank WDI,2026-09-02
KHM,Cambodia,2003,population,13050968,UN Population Division / World Bank WDI,2026-09-02
KHM,Cambodia,2002,population,12855241,UN Population Division / World Bank WDI,2026-09-02
KHM,Cambodia,2001,population,12658484,UN Population Division / World Bank WDI,2026-09-02
KHM,Cambodia,2000,population,12462336,UN Population Division / World Bank WDI,2026-09-02
CMR,Cameroon,2023,population,28372687,UN Population Division / World Bank WDI,2026-09-02
CMR,Cameroon,2022,population,27632771,UN Population Division / World Bank WDI,2026-09-02
CMR,Cameroon,2021,population,26915758,UN Population Division / World Bank WDI,2026-09-02
CMR,Cameroon,2020,population,26210558,UN Population Division / World Bank WDI,2026-09-02
CMR,Cameroon,2019,population,25506095,UN Population Division / World Bank WDI,2026-09-02
CMR,Cameroon,2018,population,24806383,UN Population Division / World Bank WDI,2026-09-02
CMR,Cameroon,2017,population,24128601,UN Population Division / World Bank WDI,2026-09-02
CMR,Cameroon,2016,population,23454161,UN Population Division / World Bank WDI,2026-09-02
CMR,Cameroon,2015,population,22763414,UN Population Division / World Bank WDI,2026-09-02
CMR,Cameroon,2014,population,22059893,UN Population Division / World Bank WDI,2026-09-02
CMR,Cameroon,2013,population,21402376,UN Population Division / World Bank WDI,2026-09-02
CMR,Cameroon,2012,population,20809529,UN Population Division / World Bank WDI,2026-09-02
CMR,Cameroon,2011,population,20232304,UN Population Division / World Bank WDI,2026-09-02
CMR,Cameroon,2010,population,19668066,UN Population Division / World Bank WDI,2026-09-02
CMR,Cameroon,2009,population,19113974,UN Population Division / World Bank WDI,2026-09-02
CMR,Cameroon,2008,population,18574056,UN Population Division / World Bank WDI,2026-09-02
CMR,Cameroon,2007,population,18049896,UN Population Division / World Bank WDI,2026-09-02
CMR,Cameroon,2006,population,17550407,UN Population Division / World Bank WDI,2026-09-02
CMR,Cameroon,2005,population,17074594,UN Population Division / World Bank WDI,2026-09-02
CMR,Cameroon,2004,population,16610487,UN Population Division / World Bank WDI,2026-09-02
CMR,Cameroon,2003,population,16160340,UN Population Division / World Bank WDI,2026-09-02
CMR,Cameroon,2002,population,15725528,UN Population Division / World Bank WDI,2026-09-02
CMR,Cameroon,2001,population,15309490,UN Population Division / World Bank WDI,2026-09-02
CMR,Cameroon,2000,population,14912631,UN Population Division / World Bank WDI,2026-09-02
CAN,Canada,2023,population,40049088,UN Population Division / World Bank WDI,2026-09-02
CAN,Canada,2022,population,38950132,UN Population Division / World Bank WDI,2026-09-02
CAN,Canada,2021,population,38239864,UN Population Division / World Bank WDI,2026-09-02
CAN,Canada,2020,population,38028638,UN Population Division / World Bank WDI,2026-09-02
CAN,Canada,2019,population,37618495,UN Population Division / World Bank WDI,2026-09-02
CAN,Canada,2018,population,37072620,UN Population Division / World Bank WDI,2026-09-02
CAN,Canada,2017,population,36545075,UN Population Division / World Bank WDI,2026-09-02
CAN,Canada,2016,population,36110803,UN Population Division / World Bank WDI,2026-09-02
CAN,Canada,2015,population,35704498,UN Population Division / World Bank WDI,2026-09-02
CAN,Canada,2014,population,35434066,UN Population Division / World Bank WDI,2026-09-02
CAN,Canada,2013,population,35080992,UN Population Division / World Bank WDI,2026-09-02
CAN,Canada,2012,population,34713395,UN Population Division / World Bank WDI,2026-09-02
CAN,Canada,2011,population,34339221,UN Population Division / World Bank WDI,2026-09-02
CAN,Canada,2010,population,34005902,UN Population Division / World Bank WDI,2026-09-02
CAN,Canada,2009,population,33630069,UN Population Division / World Bank WDI,2026-09-02
CAN,Canada,2008,population,33247298,UN Population Division / World Bank WDI,2026-09-02
CAN,Canada,2007,population,32888886,UN Population Division / World Bank WDI,2026-09-02
CAN,Canada,2006,population,32571193,UN Population Division / World Bank WDI,2026-09-02
CAN,Canada,2005,population,32242732,UN Population Division / World Bank WDI,2026-09-02
CAN,Canada,2004,population,31938807,UN Population Division / World Bank WDI,2026-09-02
CAN,Canada,2003,population,31642461,UN Population Division / World Bank WDI,2026-09-02
CAN,Canada,2002,population,31359199,UN Population Division / World Bank WDI,2026-09-02
CAN,Canada,2001,population,31020855,UN Population Division / World Bank WDI,2026-09-02
CAN,Canada,2000,population,30685730,UN Population Division / World Bank WDI,2026-09-02
CYM,Cayman Islands,2023,population,73038,UN Population Division / World Bank WDI,2026-09-02
CYM,Cayman Islands,2022,population,71591,UN Population Division / World Bank WDI,2026-09-02
CYM,Cayman Islands,2021,population,70108,UN Population Division / World Bank WDI,2026-09-02
CYM,Cayman Islands,2020,population,68684,UN Population Division / World Bank WDI,2026-09-02
CYM,Cayman Islands,2019,population,67327,UN Population Division / World Bank WDI,2026-09-02
CYM,Cayman Islands,2018,population,65941,UN Population Division / World Bank WDI,2026-09-02
CYM,Cayman Islands,2017,population,64535,UN Population Division / World Bank WDI,2026-09-02
CYM,Cayman Islands,2016,population,63100,UN Population Division / World Bank WDI,2026-09-02
CYM,Cayman Islands,2015,population,61642,UN Population Division / World Bank WDI,2026-09-02
CYM,Cayman Islands,2014,population,60160,UN Population Division / World Bank WDI,2026-09-02
CYM,Cayman Islands,2013,population,58655,UN Population Division / World Bank WDI,2026-09-02
CYM,Cayman Islands,2012,population,57136,UN Population Division / World Bank WDI,2026-09-02
CYM,Cayman Islands,2011,population,55606,UN Population Division / World Bank WDI,2026-09-02
CYM,Cayman Islands,2010,population,54099,UN Population Division / World Bank WDI,2026-09-02
CYM,Cayman Islands,2009,population,52618,UN Population Division / World Bank WDI,2026-09-02
CYM,Cayman Islands,2008,population,51151,UN Population Division / World Bank WDI,2026-09-02
CYM,Cayman Islands,2007,population,49687,UN Population Division / World Bank WDI,2026-09-02
CYM,Cayman Islands,2006,population,48232,UN Population Division / World Bank WDI,2026-09-02
CYM,Cayman Islands,2005,population,46788,UN Population Division / World Bank WDI,2026-09-02
CYM,Cayman Islands,2004,population,45352,UN Population Division / World Bank WDI,2026-09-02
CYM,Cayman Islands,2003,population,43934,UN Population Division / World Bank WDI,2026-09-02
CYM,Cayman Islands,2002,population,42514,UN Population Division / World Bank WDI,2026-09-02
CYM,Cayman Islands,2001,population,41089,UN Population Division / World Bank WDI,2026-09-02
CYM,Cayman Islands,2000,population,39674,UN Population Division / World Bank WDI,2026-09-02
CAF,Central African Republic,2023,population,5152421,UN Population Division / World Bank WDI,2026-09-02
CAF,Central African Republic,2022,population,5098039,UN Population Division / World Bank WDI,2026-09-02
CAF,Central African Republic,2021,population,5112100,UN Population Division / World Bank WDI,2026-09-02
CAF,Central African Republic,2020,population,5026628,UN Population Division / World Bank WDI,2026-09-02
CAF,Central African Republic,2019,population,4944703,UN Population Division / World Bank WDI,2026-09-02
CAF,Central African Republic,2018,population,4878657,UN Population Division / World Bank WDI,2026-09-02
CAF,Central African Republic,2017,population,4793511,UN Population Division / World Bank WDI,2026-09-02
CAF,Central African Republic,2016,population,4713663,UN Population Division / World Bank WDI,2026-09-02
CAF,Central African Republic,2015,population,4629320,UN Population Division / World Bank WDI,2026-09-02
CAF,Central African Republic,2014,population,4623182,UN Population Division / World Bank WDI,2026-09-02
CAF,Central African Republic,2013,population,4642419,UN Population Division / World Bank WDI,2026-09-02
CAF,Central African Republic,2012,population,4610848,UN Population Division / World Bank WDI,2026-09-02
CAF,Central African Republic,2011,population,4565021,UN Population Division / World Bank WDI,2026-09-02
CAF,Central African Republic,2010,population,4492995,UN Population Division / World Bank WDI,2026-09-02
CAF,Central African Republic,2009,population,4529047,UN Population Division / World Bank WDI,2026-09-02
CAF,Central African Republic,2008,population,4558984,UN Population Division / World Bank WDI,2026-09-02
CAF,Central African Republic,2007,population,4462770,UN Population Division / World Bank WDI,2026-09-02
CAF,Central African Republic,2006,population,4377579,UN Population Division / World Bank WDI,2026-09-02
CAF,Central African Republic,2005,population,4288810,UN Population Division / World Bank WDI,2026-09-02
CAF,Central African Republic,2004,population,4192826,UN Population Division / World Bank WDI,2026-09-02
CAF,Central African Republic,2003,population,4103086,UN Population Division / World Bank WDI,2026-09-02
CAF,Central African Republic,2002,population,4006077,UN Population Division / World Bank WDI,2026-09-02
CAF,Central African Republic,2001,population,3919487,UN Population Division / World Bank WDI,2026-09-02
CAF,Central African Republic,2000,population,3833416,UN Population Division / World Bank WDI,2026-09-02
TCD,Chad,2023,population,19319064,UN Population Division / World Bank WDI,2026-09-02
TCD,Chad,2022,population,18455316,UN Population Division / World Bank WDI,2026-09-02
TCD,Chad,2021,population,17828273,UN Population Division / World Bank WDI,2026-09-02
TCD,Chad,2020,population,17224679,UN Population Division / World Bank WDI,2026-09-02
TCD,Chad,2019,population,16685223,UN Population Division / World Bank WDI,2026-09-02
TCD,Chad,2018,population,16156531,UN Population Division / World Bank WDI,2026-09-02
TCD,Chad,2017,population,15622759,UN Population Division / World Bank WDI,2026-09-02
TCD,Chad,2016,population,15114655,UN Population Division / World Bank WDI,2026-09-02
TCD,Chad,2015,population,14647621,UN Population Division / World Bank WDI,2026-09-02
TCD,Chad,2014,population,14188678,UN Population Division / World Bank WDI,2026-09-02
TCD,Chad,2013,population,13691079,UN Population Division / World Bank WDI,2026-09-02
TCD,Chad,2012,population,13210998,UN Population Division / World Bank WDI,2026-09-02
TCD,Chad,2011,population,12754997,UN Population Division / World Bank WDI,2026-09-02
TCD,Chad,2010,population,12312575,UN Population Division / World Bank WDI,2026-09-02
TCD,Chad,2009,population,11893754,UN Population Division / World Bank WDI,2026-09-02
TCD,Chad,2008,population,11476296,UN Population Division / World Bank WDI,2026-09-02
TCD,Chad,2007,population,11081660,UN Population Division / World Bank WDI,2026-09-02
TCD,Chad,2006,population,10706424,UN Population Division / World Bank WDI,2026-09-02
TCD,Chad,2005,population,10328092,UN Population Division / World Bank WDI,2026-09-02
TCD,Chad,2004,population,9920036,UN Population Division / World Bank WDI,2026-09-02
TCD,Chad,2003,population,9487833,UN Population Division / World Bank WDI,2026-09-02
TCD,Chad,2002,population,9116192,UN Population Division / World Bank WDI,2026-09-02
TCD,Chad,2001,population,8804124,UN Population Division / World Bank WDI,2026-09-02
TCD,Chad,2000,population,8512093,UN Population Division / World Bank WDI,2026-09-02
CHI,Channel Islands,2023,population,167691,UN Population Division / World Bank WDI,2026-09-02
CHI,Channel Islands,2022,population,167215,UN Population Division / World Bank WDI,2026-09-02
CHI,Channel Islands,2021,population,166741,UN Population Division / World Bank WDI,2026-09-02
CHI,Channel Islands,2020,population,166235,UN Population Division / World Bank WDI,2026-09-02
CHI,Channel Islands,2019,population,165639,UN Population Division / World Bank WDI,2026-09-02
CHI,Channel Islands,2018,population,164949,UN Population Division / World Bank WDI,2026-09-02
CHI,Channel Islands,2017,population,164319,UN Population Division / World Bank WDI,2026-09-02
CHI,Channel Islands,2016,population,163883,UN Population Division / World Bank WDI,2026-09-02
CHI,Channel Islands,2015,population,163454,UN Population Division / World Bank WDI,2026-09-02
CHI,Channel Islands,2014,population,162726,UN Population Division / World Bank WDI,2026-09-02
CHI,Channel Islands,2013,population,161777,UN Population Division / World Bank WDI,2026-09-02
CHI,Channel Islands,2012,population,160767,UN Population Division / World Bank WDI,2026-09-02
CHI,Channel Islands,2011,population,159706,UN Population Division / World Bank WDI,2026-09-02
CHI,Channel Islands,2010,population,158621,UN Population Division / World Bank WDI,2026-09-02
CHI,Channel Islands,2009,population,157511,UN Population Division / World Bank WDI,2026-09-02
CHI,Channel Islands,2008,population,156408,UN Population Division / World Bank WDI,2026-09-02
CHI,Channel Islands,2007,population,155309,UN Population Division / World Bank WDI,2026-09-02
CHI,Channel Islands,2006,population,154214,UN Population Division / World Bank WDI,2026-09-02
CHI,Channel Islands,2005,population,153126,UN Population Division / World Bank WDI,2026-09-02
CHI,Channel Islands,2004,population,152039,UN Population Division / World Bank WDI,2026-09-02
CHI,Channel Islands,2003,population,150960,UN Population Division / World Bank WDI,2026-09-02
CHI,Channel Islands,2002,population,149881,UN Population Division / World Bank WDI,2026-09-02
CHI,Channel Islands,2001,population,148850,UN Population Division / World Bank WDI,2026-09-02
CHI,Channel Islands,2000,population,148110,UN Population Division / World Bank WDI,2026-09-02
CHL,Chile,2023,population,19658835,UN Population Division / World Bank WDI,2026-09-02
CHL,Chile,2022,population,19553036,UN Population Division / World Bank WDI,2026-09-02
CHL,Chile,2021,population,19456334,UN Population Division / World Bank WDI,2026-09-02
CHL,Chile,2020,population,19370624,UN Population Division / World Bank WDI,2026-09-02
CHL,Chile,2019,population,19197744,UN Population Division / World Bank WDI,2026-09-02
CHL,Chile,2018,population,18893191,UN Population Division / World Bank WDI,2026-09-02
CHL,Chile,2017,population,18558868,UN Population Division / World Bank WDI,2026-09-02
CHL,Chile,2016,population,18267221,UN Population Division / World Bank WDI,2026-09-02
CHL,Chile,2015,population,18047625,UN Population Division / World Bank WDI,2026-09-02
CHL,Chile,2014,population,17864195,UN Population Division / World Bank WDI,2026-09-02
CHL,Chile,2013,population,17687006,UN Population Division / World Bank WDI,2026-09-02
CHL,Chile,2012,population,17519119,UN Population Division / World Bank WDI,2026-09-02
CHL,Chile,2011,population,17351816,UN Population Division / World Bank WDI,2026-09-02
CHL,Chile,2010,population,17181464,UN Population Division / World Bank WDI,2026-09-02
CHL,Chile,2009,population,17009731,UN Population Division / World Bank WDI,2026-09-02
CHL,Chile,2008,population,16838988,UN Population Division / World Bank WDI,2026-09-02
CHL,Chile,2007,population,16671581,UN Population Division / World Bank WDI,2026-09-02
CHL,Chile,2006,population,16509195,UN Population Division / World Bank WDI,2026-09-02
CHL,Chile,2005,population,16348778,UN Population Division / World Bank WDI,2026-09-02
CHL,Chile,2004,population,16187322,UN Population Division / World Bank WDI,2026-09-02
CHL,Chile,2003,population,16024752,UN Population Division / World Bank WDI,2026-09-02
CHL,Chile,2002,population,15857925,UN Population Division / World Bank WDI,2026-09-02
CHL,Chile,2001,population,15683849,UN Population Division / World Bank WDI,2026-09-02
CHL,Chile,2000,population,15503635,UN Population Division / World Bank WDI,2026-09-02
CHN,China,2023,population,1410710000,UN Population Division / World Bank WDI,2026-09-02
CHN,China,2022,population,1412175000,UN Population Division / World Bank WDI,2026-09-02
CHN,China,2021,population,1412360000,UN Population Division / World Bank WDI,2026-09-02
CHN,China,2020,population,1411100000,UN Population Division / World Bank WDI,2026-09-02
CHN,China,2019,population,1407745000,UN Population Division / World Bank WDI,2026-09-02
CHN,China,2018,population,1402760000,UN Population Division / World Bank WDI,2026-09-02
CHN,China,2017,population,1396215000,UN Population Division / World Bank WDI,2026-09-02
CHN,China,2016,population,1387790000,UN Population Division / World Bank WDI,2026-09-02
CHN,China,2015,population,1379860000,UN Population Division / World Bank WDI,2026-09-02
CHN,China,2014,population,1371860000,UN Population Division / World Bank WDI,2026-09-02
CHN,China,2013,population,1363240000,UN Population Division / World Bank WDI,2026-09-02
CHN,China,2012,population,1354190000,UN Population Division / World Bank WDI,2026-09-02
CHN,China,2011,population,1345035000,UN Population Division / World Bank WDI,2026-09-02
CHN,China,2010,population,1337705000,UN Population Division / World Bank WDI,2026-09-02
CHN,China,2009,population,1331260000,UN Population Division / World Bank WDI,2026-09-02
CHN,China,2008,population,1324655000,UN Population Division / World Bank WDI,2026-09-02
CHN,China,2007,population,1317885000,UN Population Division / World Bank WDI,2026-09-02
CHN,China,2006,population,1311020000,UN Population Division / World Bank WDI,2026-09-02
CHN,China,2005,population,1303720000,UN Population Division / World Bank WDI,2026-09-02
CHN,China,2004,population,1296075000,UN Population Division / World Bank WDI,2026-09-02
CHN,China,2003,population,1288400000,UN Population Division / World Bank WDI,2026-09-02
CHN,China,2002,population,1280400000,UN Population Division / World Bank WDI,2026-09-02
CHN,China,2001,population,1271850000,UN Population Division / World Bank WDI,2026-09-02
CHN,China,2000,population,1262645000,UN Population Division / World Bank WDI,2026-09-02
COL,Colombia,2023,population,52321152,UN Population Division / World Bank WDI,2026-09-02
COL,Colombia,2022,population,51737944,UN Population Division / World Bank WDI,2026-09-02
COL,Colombia,2021,population,51188173,UN Population Division / World Bank WDI,2026-09-02
COL,Colombia,2020,population,50629997,UN Population Division / World Bank WDI,2026-09-02
COL,Colombia,2019,population,49907985,UN Population Division / World Bank WDI,2026-09-02
COL,Colombia,2018,population,49024465,UN Population Division / World Bank WDI,2026-09-02
COL,Colombia,2017,population,48131078,UN Population Division / World Bank WDI,2026-09-02
COL,Colombia,2016,population,47437512,UN Population Division / World Bank WDI,2026-09-02
COL,Colombia,2015,population,46969940,UN Population Division / World Bank WDI,2026-09-02
COL,Colombia,2014,population,46565429,UN Population Division / World Bank WDI,2026-09-02
COL,Colombia,2013,population,46151584,UN Population Division / World Bank WDI,2026-09-02
COL,Colombia,2012,population,45715810,UN Population Division / World Bank WDI,2026-09-02
COL,Colombia,2011,population,45259614,UN Population Division / World Bank WDI,2026-09-02
COL,Colombia,2010,population,44777319,UN Population Division / World Bank WDI,2026-09-02
COL,Colombia,2009,population,44271541,UN Population Division / World Bank WDI,2026-09-02
COL,Colombia,2008,population,43758808,UN Population Division / World Bank WDI,2026-09-02
COL,Colombia,2007,population,43235374,UN Population Division / World Bank WDI,2026-09-02
COL,Colombia,2006,population,42691084,UN Population Division / World Bank WDI,2026-09-02
COL,Colombia,2005,population,42128977,UN Population Division / World Bank WDI,2026-09-02
COL,Colombia,2004,population,41543171,UN Population Division / World Bank WDI,2026-09-02
COL,Colombia,2003,population,40937429,UN Population Division / World Bank WDI,2026-09-02
COL,Colombia,2002,population,40324680,UN Population Division / World Bank WDI,2026-09-02
COL,Colombia,2001,population,39709262,UN Population Division / World Bank WDI,2026-09-02
COL,Colombia,2000,population,39089934,UN Population Division / World Bank WDI,2026-09-02
COM,Comoros,2023,population,850387,UN Population Division / World Bank WDI,2026-09-02
COM,Comoros,2022,population,834188,UN Population Division / World Bank WDI,2026-09-02
COM,Comoros,2021,population,818174,UN Population Division / World Bank WDI,2026-09-02
COM,Comoros,2020,population,802163,UN Population Division / World Bank WDI,2026-09-02
COM,Comoros,2019,population,786578,UN Population Division / World Bank WDI,2026-09-02
COM,Comoros,2018,population,771590,UN Population Division / World Bank WDI,2026-09-02
COM,Comoros,2017,population,756669,UN Population Division / World Bank WDI,2026-09-02
COM,Comoros,2016,population,741741,UN Population Division / World Bank WDI,2026-09-02
COM,Comoros,2015,population,726682,UN Population Division / World Bank WDI,2026-09-02
COM,Comoros,2014,population,711503,UN Population Division / World Bank WDI,2026-09-02
COM,Comoros,2013,population,696192,UN Population Division / World Bank WDI,2026-09-02
COM,Comoros,2012,population,681630,UN Population Division / World Bank WDI,2026-09-02
COM,Comoros,2011,population,668056,UN Population Division / World Bank WDI,2026-09-02
COM,Comoros,2010,population,654836,UN Population Division / World Bank WDI,2026-09-02
COM,Comoros,2009,population,641947,UN Population Division / World Bank WDI,2026-09-02
COM,Comoros,2008,population,629307,UN Population Division / World Bank WDI,2026-09-02
COM,Comoros,2007,population,616927,UN Population Division / World Bank WDI,2026-09-02
COM,Comoros,2006,population,604753,UN Population Division / World Bank WDI,2026-09-02
COM,Comoros,2005,population,592677,UN Population Division / World Bank WDI,2026-09-02
COM,Comoros,2004,population,580704,UN Population Division / World Bank WDI,2026-09-02
COM,Comoros,2003,population,569798,UN Population Division / World Bank WDI,2026-09-02
COM,Comoros,2002,population,558923,UN Population Division / World Bank WDI,2026-09-02
COM,Comoros,2001,population,547220,UN Population Division / World Bank WDI,2026-09-02
COM,Comoros,2000,population,536080,UN Population Division / World Bank WDI,2026-09-02
COD,"Congo, Dem. Rep.",2023,population,105789731,UN Population Division / World Bank WDI,2026-09-02
COD,"Congo, Dem. Rep.",2022,population,102396968,UN Population Division / World Bank WDI,2026-09-02
COD,"Congo, Dem. Rep.",2021,population,99148932,UN Population Division / World Bank WDI,2026-09-02
COD,"Congo, Dem. Rep.",2020,population,95989998,UN Population Division / World Bank WDI,2026-09-02
COD,"Congo, Dem. Rep.",2019,population,92947442,UN Population Division / World Bank WDI,2026-09-02
COD,"Congo, Dem. Rep.",2018,population,90047644,UN Population Division / World Bank WDI,2026-09-02
COD,"Congo, Dem. Rep.",2017,population,87083398,UN Population Division / World Bank WDI,2026-09-02
COD,"Congo, Dem. Rep.",2016,population,83956415,UN Population Division / World Bank WDI,2026-09-02
COD,"Congo, Dem. Rep.",2015,population,81035531,UN Population Division / World Bank WDI,2026-09-02
COD,"Congo, Dem. Rep.",2014,population,78403242,UN Population Division / World Bank WDI,2026-09-02
COD,"Congo, Dem. Rep.",2013,population,75789395,UN Population Division / World Bank WDI,2026-09-02
COD,"Congo, Dem. Rep.",2012,population,73254618,UN Population Division / World Bank WDI,2026-09-02
COD,"Congo, Dem. Rep.",2011,population,70849311,UN Population Division / World Bank WDI,2026-09-02
COD,"Congo, Dem. Rep.",2010,population,68563038,UN Population Division / World Bank WDI,2026-09-02
COD,"Congo, Dem. Rep.",2009,population,66412044,UN Population Division / World Bank WDI,2026-09-02
COD,"Congo, Dem. Rep.",2008,population,64390664,UN Population Division / World Bank WDI,2026-09-02
COD,"Congo, Dem. Rep.",2007,population,62477752,UN Population Division / World Bank WDI,2026-09-02
COD,"Congo, Dem. Rep.",2006,population,60615908,UN Population Division / World Bank WDI,2026-09-02
COD,"Congo, Dem. Rep.",2005,population,58775724,UN Population Division / World Bank WDI,2026-09-02
COD,"Congo, Dem. Rep.",2004,population,56997741,UN Population Division / World Bank WDI,2026-09-02
COD,"Congo, Dem. Rep.",2003,population,55343867,UN Population Division / World Bank WDI,2026-09-02
COD,"Congo, Dem. Rep.",2002,population,53750524,UN Population Division / World Bank WDI,2026-09-02
COD,"Congo, Dem. Rep.",2001,population,52132646,UN Population Division / World Bank WDI,2026-09-02
COD,"Congo, Dem. Rep.",2000,population,50507442,UN Population Division / World Bank WDI,2026-09-02
COG,"Congo, Rep.",2023,population,6182885,UN Population Division / World Bank WDI,2026-09-02
COG,"Congo, Rep.",2022,population,6035104,UN Population Division / World Bank WDI,2026-09-02
COG,"Congo, Rep.",2021,population,5892183,UN Population Division / World Bank WDI,2026-09-02
COG,"Congo, Rep.",2020,population,5752791,UN Population Division / World Bank WDI,2026-09-02
COG,"Congo, Rep.",2019,population,5616661,UN Population Division / World Bank WDI,2026-09-02
COG,"Congo, Rep.",2018,population,5483118,UN Population Division / World Bank WDI,2026-09-02
COG,"Congo, Rep.",2017,population,5351011,UN Population Division / World Bank WDI,2026-09-02
COG,"Congo, Rep.",2016,population,5222536,UN Population Division / World Bank WDI,2026-09-02
COG,"Congo, Rep.",2015,population,5097581,UN Population Division / World Bank WDI,2026-09-02
COG,"Congo, Rep.",2014,population,4975880,UN Population Division / World Bank WDI,2026-09-02
COG,"Congo, Rep.",2013,population,4857099,UN Population Division / World Bank WDI,2026-09-02
COG,"Congo, Rep.",2012,population,4740450,UN Population Division / World Bank WDI,2026-09-02
COG,"Congo, Rep.",2011,population,4609724,UN Population Division / World Bank WDI,2026-09-02
COG,"Congo, Rep.",2010,population,4462290,UN Population Division / World Bank WDI,2026-09-02
COG,"Congo, Rep.",2009,population,4281219,UN Population Division / World Bank WDI,2026-09-02
COG,"Congo, Rep.",2008,population,4113517,UN Population Division / World Bank WDI,2026-09-02
COG,"Congo, Rep.",2007,population,3980430,UN Population Division / World Bank WDI,2026-09-02
COG,"Congo, Rep.",2006,population,3837409,UN Population Division / World Bank WDI,2026-09-02
COG,"Congo, Rep.",2005,population,3696393,UN Population Division / World Bank WDI,2026-09-02
COG,"Congo, Rep.",2004,population,3565554,UN Population Division / World Bank WDI,2026-09-02
COG,"Congo, Rep.",2003,population,3445753,UN Population Division / World Bank WDI,2026-09-02
COG,"Congo, Rep.",2002,population,3350771,UN Population Division / World Bank WDI,2026-09-02
COG,"Congo, Rep.",2001,population,3272537,UN Population Division / World Bank WDI,2026-09-02
COG,"Congo, Rep.",2000,population,3151345,UN Population Division / World Bank WDI,2026-09-02
CRI,Costa Rica,2023,population,5105525,UN Population Division / World Bank WDI,2026-09-02
CRI,Costa Rica,2022,population,5081765,UN Population Division / World Bank WDI,2026-09-02
CRI,Costa Rica,2021,population,5059988,UN Population Division / World Bank WDI,2026-09-02
CRI,Costa Rica,2020,population,5034320,UN Population Division / World Bank WDI,2026-09-02
CRI,Costa Rica,2019,population,4999553,UN Population Division / World Bank WDI,2026-09-02
CRI,Costa Rica,2018,population,4957818,UN Population Division / World Bank WDI,2026-09-02
CRI,Costa Rica,2017,population,4913177,UN Population Division / World Bank WDI,2026-09-02
CRI,Costa Rica,2016,population,4866998,UN Population Division / World Bank WDI,2026-09-02
CRI,Costa Rica,2015,population,4818038,UN Population Division / World Bank WDI,2026-09-02
CRI,Costa Rica,2014,population,4767119,UN Population Division / World Bank WDI,2026-09-02
CRI,Costa Rica,2013,population,4716147,UN Population Division / World Bank WDI,2026-09-02
CRI,Costa Rica,2012,population,4663934,UN Population Division / World Bank WDI,2026-09-02
CRI,Costa Rica,2011,population,4609833,UN Population Division / World Bank WDI,2026-09-02
CRI,Costa Rica,2010,population,4555962,UN Population Division / World Bank WDI,2026-09-02
CRI,Costa Rica,2009,population,4499791,UN Population Division / World Bank WDI,2026-09-02
CRI,Costa Rica,2008,population,4440056,UN Population Division / World Bank WDI,2026-09-02
CRI,Costa Rica,2007,population,4380248,UN Population Division / World Bank WDI,2026-09-02
CRI,Costa Rica,2006,population,4321340,UN Population Division / World Bank WDI,2026-09-02
CRI,Costa Rica,2005,population,4261240,UN Population Division / World Bank WDI,2026-09-02
CRI,Costa Rica,2004,population,4200078,UN Population Division / World Bank WDI,2026-09-02
CRI,Costa Rica,2003,population,4138784,UN Population Division / World Bank WDI,2026-09-02
CRI,Costa Rica,2002,population,4075705,UN Population Division / World Bank WDI,2026-09-02
CRI,Costa Rica,2001,population,4008947,UN Population Division / World Bank WDI,2026-09-02
CRI,Costa Rica,2000,population,3937739,UN Population Division / World Bank WDI,2026-09-02
CIV,Cote d'Ivoire,2023,population,31165654,UN Population Division / World Bank WDI,2026-09-02
CIV,Cote d'Ivoire,2022,population,30395002,UN Population Division / World Bank WDI,2026-09-02
CIV,Cote d'Ivoire,2021,population,29639736,UN Population Division / World Bank WDI,2026-09-02
CIV,Cote d'Ivoire,2020,population,28915449,UN Population Division / World Bank WDI,2026-09-02
CIV,Cote d'Ivoire,2019,population,28193009,UN Population Division / World Bank WDI,2026-09-02
CIV,Cote d'Ivoire,2018,population,27464173,UN Population Division / World Bank WDI,2026-09-02
CIV,Cote d'Ivoire,2017,population,26733372,UN Population Division / World Bank WDI,2026-09-02
CIV,Cote d'Ivoire,2016,population,25989405,UN Population Division / World Bank WDI,2026-09-02
CIV,Cote d'Ivoire,2015,population,25246342,UN Population Division / World Bank WDI,2026-09-02
CIV,Cote d'Ivoire,2014,population,24527395,UN Population Division / World Bank WDI,2026-09-02
CIV,Cote d'Ivoire,2013,population,23939775,UN Population Division / World Bank WDI,2026-09-02
CIV,Cote d'Ivoire,2012,population,23467078,UN Population Division / World Bank WDI,2026-09-02
CIV,Cote d'Ivoire,2011,population,22982000,UN Population Division / World Bank WDI,2026-09-02
CIV,Cote d'Ivoire,2010,population,22488065,UN Population Division / World Bank WDI,2026-09-02
CIV,Cote d'Ivoire,2009,population,21997940,UN Population Division / World Bank WDI,2026-09-02
CIV,Cote d'Ivoire,2008,population,21514439,UN Population Division / World Bank WDI,2026-09-02
CIV,Cote d'Ivoire,2007,population,21030558,UN Population Division / World Bank WDI,2026-09-02
CIV,Cote d'Ivoire,2006,population,20546802,UN Population Division / World Bank WDI,2026-09-02
CIV,Cote d'Ivoire,2005,population,20068458,UN Population Division / World Bank WDI,2026-09-02
CIV,Cote d'Ivoire,2004,population,19595000,UN Population Division / World Bank WDI,2026-09-02
CIV,Cote d'Ivoire,2003,population,19125542,UN Population Division / World Bank WDI,2026-09-02
CIV,Cote d'Ivoire,2002,population,18654771,UN Population Division / World Bank WDI,2026-09-02
CIV,Cote d'Ivoire,2001,population,18178913,UN Population Division / World Bank WDI,2026-09-02
CIV,Cote d'Ivoire,2000,population,17699004,UN Population Division / World Bank WDI,2026-09-02
HRV,Croatia,2023,population,3859686,UN Population Division / World Bank WDI,2026-09-02
HRV,Croatia,2022,population,3855641,UN Population Division / World Bank WDI,2026-09-02
HRV,Croatia,2021,population,3878981,UN Population Division / World Bank WDI,2026-09-02
HRV,Croatia,2020,population,3914206,UN Population Division / World Bank WDI,2026-09-02
HRV,Croatia,2019,population,3949390,UN Population Division / World Bank WDI,2026-09-02
HRV,Croatia,2018,population,3988775,UN Population Division / World Bank WDI,2026-09-02
HRV,Croatia,2017,population,4041407,UN Population Division / World Bank WDI,2026-09-02
HRV,Croatia,2016,population,4106867,UN Population Division / World Bank WDI,2026-09-02
HRV,Croatia,2015,population,4151725,UN Population Division / World Bank WDI,2026-09-02
HRV,Croatia,2014,population,4201598,UN Population Division / World Bank WDI,2026-09-02
HRV,Croatia,2013,population,4233922,UN Population Division / World Bank WDI,2026-09-02
HRV,Croatia,2012,population,4260368,UN Population Division / World Bank WDI,2026-09-02
HRV,Croatia,2011,population,4280622,UN Population Division / World Bank WDI,2026-09-02
HRV,Croatia,2010,population,4295427,UN Population Division / World Bank WDI,2026-09-02
HRV,Croatia,2009,population,4305181,UN Population Division / World Bank WDI,2026-09-02
HRV,Croatia,2008,population,4309705,UN Population Division / World Bank WDI,2026-09-02
HRV,Croatia,2007,population,4310217,UN Population Division / World Bank WDI,2026-09-02
HRV,Croatia,2006,population,4311159,UN Population Division / World Bank WDI,2026-09-02
HRV,Croatia,2005,population,4310145,UN Population Division / World Bank WDI,2026-09-02
HRV,Croatia,2004,population,4304600,UN Population Division / World Bank WDI,2026-09-02
HRV,Croatia,2003,population,4303399,UN Population Division / World Bank WDI,2026-09-02
HRV,Croatia,2002,population,4302174,UN Population Division / World Bank WDI,2026-09-02
HRV,Croatia,2001,population,4299642,UN Population Division / World Bank WDI,2026-09-02
HRV,Croatia,2000,population,4468302,UN Population Division / World Bank WDI,2026-09-02
CUB,Cuba,2023,population,11019931,UN Population Division / World Bank WDI,2026-09-02
CUB,Cuba,2022,population,11059820,UN Population Division / World Bank WDI,2026-09-02
CUB,Cuba,2021,population,11122168,UN Population Division / World Bank WDI,2026-09-02
CUB,Cuba,2020,population,11176354,UN Population Division / World Bank WDI,2026-09-02
CUB,Cuba,2019,population,11202846,UN Population Division / World Bank WDI,2026-09-02
CUB,Cuba,2018,population,11227118,UN Population Division / World Bank WDI,2026-09-02
CUB,Cuba,2017,population,11247829,UN Population Division / World Bank WDI,2026-09-02
CUB,Cuba,2016,population,11265612,UN Population Division / World Bank WDI,2026-09-02
CUB,Cuba,2015,population,11275065,UN Population Division / World Bank WDI,2026-09-02
CUB,Cuba,2014,population,11285775,UN Population Division / World Bank WDI,2026-09-02
CUB,Cuba,2013,population,11298167,UN Population Division / World Bank WDI,2026-09-02
CUB,Cuba,2012,population,11303175,UN Population Division / World Bank WDI,2026-09-02
CUB,Cuba,2011,population,11301571,UN Population Division / World Bank WDI,2026-09-02
CUB,Cuba,2010,population,11297409,UN Population Division / World Bank WDI,2026-09-02
CUB,Cuba,2009,population,11294719,UN Population Division / World Bank WDI,2026-09-02
CUB,Cuba,2008,population,11291762,UN Population Division / World Bank WDI,2026-09-02
CUB,Cuba,2007,population,11287272,UN Population Division / World Bank WDI,2026-09-02
CUB,Cuba,2006,population,11278550,UN Population Division / World Bank WDI,2026-09-02
CUB,Cuba,2005,population,11262554,UN Population Division / World Bank WDI,2026-09-02
CUB,Cuba,2004,population,11238756,UN Population Division / World Bank WDI,2026-09-02
CUB,Cuba,2003,population,11209383,UN Population Division / World Bank WDI,2026-09-02
CUB,Cuba,2002,population,11177418,UN Population Division / World Bank WDI,2026-09-02
CUB,Cuba,2001,population,11144132,UN Population Division / World Bank WDI,2026-09-02
CUB,Cuba,2000,population,11109109,UN Population Division / World Bank WDI,2026-09-02
CUW,Curacao,2023,population,154654,UN Population Division / World Bank WDI,2026-09-02
CUW,Curacao,2022,population,153321,UN Population Division / World Bank WDI,2026-09-02
CUW,Curacao,2021,population,153948,UN Population Division / World Bank WDI,2026-09-02
CUW,Curacao,2020,population,155482,UN Population Division / World Bank WDI,2026-09-02
CUW,Curacao,2019,population,157441,UN Population Division / World Bank WDI,2026-09-02
CUW,Curacao,2018,population,159336,UN Population Division / World Bank WDI,2026-09-02
CUW,Curacao,2017,population,160175,UN Population Division / World Bank WDI,2026-09-02
CUW,Curacao,2016,population,159664,UN Population Division / World Bank WDI,2026-09-02
CUW,Curacao,2015,population,157980,UN Population Division / World Bank WDI,2026-09-02
CUW,Curacao,2014,population,155909,UN Population Division / World Bank WDI,2026-09-02
CUW,Curacao,2013,population,153822,UN Population Division / World Bank WDI,2026-09-02
CUW,Curacao,2012,population,152088,UN Population Division / World Bank WDI,2026-09-02
CUW,Curacao,2011,population,150831,UN Population Division / World Bank WDI,2026-09-02
CUW,Curacao,2010,population,148703,UN Population Division / World Bank WDI,2026-09-02
CUW,Curacao,2009,population,146833,UN Population Division / World Bank WDI,2026-09-02
CUW,Curacao,2008,population,145880,UN Population Division / World Bank WDI,2026-09-02
CUW,Curacao,2007,population,144056,UN Population Division / World Bank WDI,2026-09-02
CUW,Curacao,2006,population,141239,UN Population Division / World Bank WDI,2026-09-02
CUW,Curacao,2005,population,137658,UN Population Division / World Bank WDI,2026-09-02
CUW,Curacao,2004,population,134192,UN Population Division / World Bank WDI,2026-09-02
CUW,Curacao,2003,population,131897,UN Population Division / World Bank WDI,2026-09-02
CUW,Curacao,2002,population,129205,UN Population Division / World Bank WDI,2026-09-02
CUW,Curacao,2001,population,129047,UN Population Division / World Bank WDI,2026-09-02
CUW,Curacao,2000,population,133860,UN Population Division / World Bank WDI,2026-09-02
CYP,Cyprus,2023,population,1344976,UN Population Division / World Bank WDI,2026-09-02
CYP,Cyprus,2022,population,1331370,UN Population Division / World Bank WDI,2026-09-02
CYP,Cyprus,2021,population,1317309,UN Population Division / World Bank WDI,2026-09-02
CYP,Cyprus,2020,population,1302247,UN Population Division / World Bank WDI,2026-09-02
CYP,Cyprus,2019,population,1286671,UN Population Division / World Bank WDI,2026-09-02
CYP,Cyprus,2018,population,1270737,UN Population Division / World Bank WDI,2026-09-02
CYP,Cyprus,2017,population,1254275,UN Population Division / World Bank WDI,2026-09-02
CYP,Cyprus,2016,population,1237112,UN Population Division / World Bank WDI,2026-09-02
CYP,Cyprus,2015,population,1219502,UN Population Division / World Bank WDI,2026-09-02
CYP,Cyprus,2014,population,1201801,UN Population Division / World Bank WDI,2026-09-02
CYP,Cyprus,2013,population,1183895,UN Population Division / World Bank WDI,2026-09-02
CYP,Cyprus,2012,population,1165397,UN Population Division / World Bank WDI,2026-09-02
CYP,Cyprus,2011,population,1146493,UN Population Division / World Bank WDI,2026-09-02
CYP,Cyprus,2010,population,1127816,UN Population Division / World Bank WDI,2026-09-02
CYP,Cyprus,2009,population,1109371,UN Population Division / World Bank WDI,2026-09-02
CYP,Cyprus,2008,population,1091026,UN Population Division / World Bank WDI,2026-09-02
CYP,Cyprus,2007,population,1072714,UN Population Division / World Bank WDI,2026-09-02
CYP,Cyprus,2006,population,1054418,UN Population Division / World Bank WDI,2026-09-02
CYP,Cyprus,2005,population,1036151,UN Population Division / World Bank WDI,2026-09-02
CYP,Cyprus,2004,population,1017875,UN Population Division / World Bank WDI,2026-09-02
CYP,Cyprus,2003,population,999590,UN Population Division / World Bank WDI,2026-09-02
CYP,Cyprus,2002,population,981440,UN Population Division / World Bank WDI,2026-09-02
CYP,Cyprus,2001,population,964127,UN Population Division / World Bank WDI,2026-09-02
CYP,Cyprus,2000,population,947667,UN Population Division / World Bank WDI,2026-09-02
CZE,Czechia,2023,population,10864042,UN Population Division / World Bank WDI,2026-09-02
CZE,Czechia,2022,population,10672118,UN Population Division / World Bank WDI,2026-09-02
CZE,Czechia,2021,population,10505772,UN Population Division / World Bank WDI,2026-09-02
CZE,Czechia,2020,population,10697858,UN Population Division / World Bank WDI,2026-09-02
CZE,Czechia,2019,population,10671870,UN Population Division / World Bank WDI,2026-09-02
CZE,Czechia,2018,population,10629928,UN Population Division / World Bank WDI,2026-09-02
CZE,Czechia,2017,population,10594438,UN Population Division / World Bank WDI,2026-09-02
CZE,Czechia,2016,population,10566332,UN Population Division / World Bank WDI,2026-09-02
CZE,Czechia,2015,population,10546059,UN Population Division / World Bank WDI,2026-09-02
CZE,Czechia,2014,population,10525347,UN Population Division / World Bank WDI,2026-09-02
CZE,Czechia,2013,population,10514272,UN Population Division / World Bank WDI,2026-09-02
CZE,Czechia,2012,population,10510785,UN Population Division / World Bank WDI,2026-09-02
CZE,Czechia,2011,population,10496088,UN Population Division / World Bank WDI,2026-09-02
CZE,Czechia,2010,population,10474410,UN Population Division / World Bank WDI,2026-09-02
CZE,Czechia,2009,population,10443936,UN Population Division / World Bank WDI,2026-09-02
CZE,Czechia,2008,population,10384603,UN Population Division / World Bank WDI,2026-09-02
CZE,Czechia,2007,population,10298828,UN Population Division / World Bank WDI,2026-09-02
CZE,Czechia,2006,population,10238905,UN Population Division / World Bank WDI,2026-09-02
CZE,Czechia,2005,population,10211216,UN Population Division / World Bank WDI,2026-09-02
CZE,Czechia,2004,population,10197101,UN Population Division / World Bank WDI,2026-09-02
CZE,Czechia,2003,population,10193998,UN Population Division / World Bank WDI,2026-09-02
CZE,Czechia,2002,population,10196916,UN Population Division / World Bank WDI,2026-09-02
CZE,Czechia,2001,population,10216605,UN Population Division / World Bank WDI,2026-09-02
CZE,Czechia,2000,population,10255063,UN Population Division / World Bank WDI,2026-09-02
DNK,Denmark,2023,population,5946952,UN Population Division / World Bank WDI,2026-09-02
DNK,Denmark,2022,population,5903037,UN Population Division / World Bank WDI,2026-09-02
DNK,Denmark,2021,population,5856733,UN Population Division / World Bank WDI,2026-09-02
DNK,Denmark,2020,population,5831404,UN Population Division / World Bank WDI,2026-09-02
DNK,Denmark,2019,population,5814422,UN Population Division / World Bank WDI,2026-09-02
DNK,Denmark,2018,population,5793636,UN Population Division / World Bank WDI,2026-09-02
DNK,Denmark,2017,population,5764980,UN Population Division / World Bank WDI,2026-09-02
DNK,Denmark,2016,population,5728010,UN Population Division / World Bank WDI,2026-09-02
DNK,Denmark,2015,population,5683483,UN Population Division / World Bank WDI,2026-09-02
DNK,Denmark,2014,population,5643475,UN Population Division / World Bank WDI,2026-09-02
DNK,Denmark,2013,population,5614932,UN Population Division / World Bank WDI,2026-09-02
DNK,Denmark,2012,population,5591572,UN Population Division / World Bank WDI,2026-09-02
DNK,Denmark,2011,population,5570572,UN Population Division / World Bank WDI,2026-09-02
DNK,Denmark,2010,population,5547683,UN Population Division / World Bank WDI,2026-09-02
DNK,Denmark,2009,population,5523095,UN Population Division / World Bank WDI,2026-09-02
DNK,Denmark,2008,population,5493621,UN Population Division / World Bank WDI,2026-09-02
DNK,Denmark,2007,population,5461438,UN Population Division / World Bank WDI,2026-09-02
DNK,Denmark,2006,population,5437272,UN Population Division / World Bank WDI,2026-09-02
DNK,Denmark,2005,population,5419432,UN Population Division / World Bank WDI,2026-09-02
DNK,Denmark,2004,population,5404523,UN Population Division / World Bank WDI,2026-09-02
DNK,Denmark,2003,population,5390574,UN Population Division / World Bank WDI,2026-09-02
DNK,Denmark,2002,population,5375931,UN Population Division / World Bank WDI,2026-09-02
DNK,Denmark,2001,population,5358783,UN Population Division / World Bank WDI,2026-09-02
DNK,Denmark,2000,population,5339616,UN Population Division / World Bank WDI,2026-09-02
DJI,Djibouti,2023,population,1152944,UN Population Division / World Bank WDI,2026-09-02
DJI,Djibouti,2022,population,1137096,UN Population Division / World Bank WDI,2026-09-02
DJI,Djibouti,2021,population,1121248,UN Population Division / World Bank WDI,2026-09-02
DJI,Djibouti,2020,population,1105188,UN Population Division / World Bank WDI,2026-09-02
DJI,Djibouti,2019,population,1088709,UN Population Division / World Bank WDI,2026-09-02
DJI,Djibouti,2018,population,1071882,UN Population Division / World Bank WDI,2026-09-02
DJI,Djibouti,2017,population,1054841,UN Population Division / World Bank WDI,2026-09-02
DJI,Djibouti,2016,population,1037653,UN Population Division / World Bank WDI,2026-09-02
DJI,Djibouti,2015,population,1020313,UN Population Division / World Bank WDI,2026-09-02
DJI,Djibouti,2014,population,1002717,UN Population Division / World Bank WDI,2026-09-02
DJI,Djibouti,2013,population,984824,UN Population Division / World Bank WDI,2026-09-02
DJI,Djibouti,2012,population,966747,UN Population Division / World Bank WDI,2026-09-02
DJI,Djibouti,2011,population,948558,UN Population Division / World Bank WDI,2026-09-02
DJI,Djibouti,2010,population,930251,UN Population Division / World Bank WDI,2026-09-02
DJI,Djibouti,2009,population,911527,UN Population Division / World Bank WDI,2026-09-02
DJI,Djibouti,2008,population,892734,UN Population Division / World Bank WDI,2026-09-02
DJI,Djibouti,2007,population,874528,UN Population Division / World Bank WDI,2026-09-02
DJI,Djibouti,2006,population,855764,UN Population Division / World Bank WDI,2026-09-02
DJI,Djibouti,2005,population,839167,UN Population Division / World Bank WDI,2026-09-02
DJI,Djibouti,2004,population,826124,UN Population Division / World Bank WDI,2026-09-02
DJI,Djibouti,2003,population,813519,UN Population Division / World Bank WDI,2026-09-02
DJI,Djibouti,2002,population,795574,UN Population Division / World Bank WDI,2026-09-02
DJI,Djibouti,2001,population,771313,UN Population Division / World Bank WDI,2026-09-02
DJI,Djibouti,2000,population,747318,UN Population Division / World Bank WDI,2026-09-02
DMA,Dominica,2023,population,66510,UN Population Division / World Bank WDI,2026-09-02
DMA,Dominica,2022,population,66826,UN Population Division / World Bank WDI,2026-09-02
DMA,Dominica,2021,population,67202,UN Population Division / World Bank WDI,2026-09-02
DMA,Dominica,2020,population,67573,UN Population Division / World Bank WDI,2026-09-02
DMA,Dominica,2019,population,67880,UN Population Division / World Bank WDI,2026-09-02
DMA,Dominica,2018,population,68174,UN Population Division / World Bank WDI,2026-09-02
DMA,Dominica,2017,population,68496,UN Population Division / World Bank WDI,2026-09-02
DMA,Dominica,2016,population,69606,UN Population Division / World Bank WDI,2026-09-02
DMA,Dominica,2015,population,70410,UN Population Division / World Bank WDI,2026-09-02
DMA,Dominica,2014,population,70373,UN Population Division / World Bank WDI,2026-09-02
DMA,Dominica,2013,population,69715,UN Population Division / World Bank WDI,2026-09-02
DMA,Dominica,2012,population,69118,UN Population Division / World Bank WDI,2026-09-02
DMA,Dominica,2011,population,69053,UN Population Division / World Bank WDI,2026-09-02
DMA,Dominica,2010,population,68859,UN Population Division / World Bank WDI,2026-09-02
DMA,Dominica,2009,population,68864,UN Population Division / World Bank WDI,2026-09-02
DMA,Dominica,2008,population,68854,UN Population Division / World Bank WDI,2026-09-02
DMA,Dominica,2007,population,68847,UN Population Division / World Bank WDI,2026-09-02
DMA,Dominica,2006,population,68806,UN Population Division / World Bank WDI,2026-09-02
DMA,Dominica,2005,population,68734,UN Population Division / World Bank WDI,2026-09-02
DMA,Dominica,2004,population,68649,UN Population Division / World Bank WDI,2026-09-02
DMA,Dominica,2003,population,68531,UN Population Division / World Bank WDI,2026-09-02
DMA,Dominica,2002,population,68367,UN Population Division / World Bank WDI,2026-09-02
DMA,Dominica,2001,population,68288,UN Population Division / World Bank WDI,2026-09-02
DMA,Dominica,2000,population,68511,UN Population Division / World Bank WDI,2026-09-02
DOM,Dominican Republic,2023,population,11331265,UN Population Division / World Bank WDI,2026-09-02
DOM,Dominican Republic,2022,population,11230734,UN Population Division / World Bank WDI,2026-09-02
DOM,Dominican Republic,2021,population,11123476,UN Population Division / World Bank WDI,2026-09-02
DOM,Dominican Republic,2020,population,11008300,UN Population Division / World Bank WDI,2026-09-02
DOM,Dominican Republic,2019,population,10894043,UN Population Division / World Bank WDI,2026-09-02
DOM,Dominican Republic,2018,population,10782053,UN Population Division / World Bank WDI,2026-09-02
DOM,Dominican Republic,2017,population,10666843,UN Population Division / World Bank WDI,2026-09-02
DOM,Dominican Republic,2016,population,10551430,UN Population Division / World Bank WDI,2026-09-02
DOM,Dominican Republic,2015,population,10434829,UN Population Division / World Bank WDI,2026-09-02
DOM,Dominican Republic,2014,population,10315528,UN Population Division / World Bank WDI,2026-09-02
DOM,Dominican Republic,2013,population,10193833,UN Population Division / World Bank WDI,2026-09-02
DOM,Dominican Republic,2012,population,10070411,UN Population Division / World Bank WDI,2026-09-02
DOM,Dominican Republic,2011,population,9945621,UN Population Division / World Bank WDI,2026-09-02
DOM,Dominican Republic,2010,population,9820175,UN Population Division / World Bank WDI,2026-09-02
DOM,Dominican Republic,2009,population,9695265,UN Population Division / World Bank WDI,2026-09-02
DOM,Dominican Republic,2008,population,9573130,UN Population Division / World Bank WDI,2026-09-02
DOM,Dominican Republic,2007,population,9455658,UN Population Division / World Bank WDI,2026-09-02
DOM,Dominican Republic,2006,population,9341183,UN Population Division / World Bank WDI,2026-09-02
DOM,Dominican Republic,2005,population,9225034,UN Population Division / World Bank WDI,2026-09-02
DOM,Dominican Republic,2004,population,9104892,UN Population Division / World Bank WDI,2026-09-02
DOM,Dominican Republic,2003,population,8980620,UN Population Division / World Bank WDI,2026-09-02
DOM,Dominican Republic,2002,population,8852235,UN Population Division / World Bank WDI,2026-09-02
DOM,Dominican Republic,2001,population,8720283,UN Population Division / World Bank WDI,2026-09-02
DOM,Dominican Republic,2000,population,8584190,UN Population Division / World Bank WDI,2026-09-02
ECU,Ecuador,2023,population,17980083,UN Population Division / World Bank WDI,2026-09-02
ECU,Ecuador,2022,population,17823897,UN Population Division / World Bank WDI,2026-09-02
ECU,Ecuador,2021,population,17682454,UN Population Division / World Bank WDI,2026-09-02
ECU,Ecuador,2020,population,17546065,UN Population Division / World Bank WDI,2026-09-02
ECU,Ecuador,2019,population,17340021,UN Population Division / World Bank WDI,2026-09-02
ECU,Ecuador,2018,population,17049547,UN Population Division / World Bank WDI,2026-09-02
ECU,Ecuador,2017,population,16759519,UN Population Division / World Bank WDI,2026-09-02
ECU,Ecuador,2016,population,16505139,UN Population Division / World Bank WDI,2026-09-02
ECU,Ecuador,2015,population,16266225,UN Population Division / World Bank WDI,2026-09-02
ECU,Ecuador,2014,population,16035124,UN Population Division / World Bank WDI,2026-09-02
ECU,Ecuador,2013,population,15807128,UN Population Division / World Bank WDI,2026-09-02
ECU,Ecuador,2012,population,15572194,UN Population Division / World Bank WDI,2026-09-02
ECU,Ecuador,2011,population,15326227,UN Population Division / World Bank WDI,2026-09-02
ECU,Ecuador,2010,population,15076695,UN Population Division / World Bank WDI,2026-09-02
ECU,Ecuador,2009,population,14825954,UN Population Division / World Bank WDI,2026-09-02
ECU,Ecuador,2008,population,14575202,UN Population Division / World Bank WDI,2026-09-02
ECU,Ecuador,2007,population,14328773,UN Population Division / World Bank WDI,2026-09-02
ECU,Ecuador,2006,population,14086131,UN Population Division / World Bank WDI,2026-09-02
ECU,Ecuador,2005,population,13846163,UN Population Division / World Bank WDI,2026-09-02
ECU,Ecuador,2004,population,13608701,UN Population Division / World Bank WDI,2026-09-02
ECU,Ecuador,2003,population,13372306,UN Population Division / World Bank WDI,2026-09-02
ECU,Ecuador,2002,population,13138472,UN Population Division / World Bank WDI,2026-09-02
ECU,Ecuador,2001,population,12910740,UN Population Division / World Bank WDI,2026-09-02
ECU,Ecuador,2000,population,12689206,UN Population Division / World Bank WDI,2026-09-02
EGY,"Egypt, Arab Rep.",2023,population,114535772,UN Population Division / World Bank WDI,2026-09-02
EGY,"Egypt, Arab Rep.",2022,population,112618250,UN Population Division / World Bank WDI,2026-09-02
EGY,"Egypt, Arab Rep.",2021,population,110957008,UN Population Division / World Bank WDI,2026-09-02
EGY,"Egypt, Arab Rep.",2020,population,109315124,UN Population Division / World Bank WDI,2026-09-02
EGY,"Egypt, Arab Rep.",2019,population,107553158,UN Population Division / World Bank WDI,2026-09-02
EGY,"Egypt, Arab Rep.",2018,population,105682094,UN Population Division / World Bank WDI,2026-09-02
EGY,"Egypt, Arab Rep.",2017,population,103696057,UN Population Division / World Bank WDI,2026-09-02
EGY,"Egypt, Arab Rep.",2016,population,101644589,UN Population Division / World Bank WDI,2026-09-02
EGY,"Egypt, Arab Rep.",2015,population,99597342,UN Population Division / World Bank WDI,2026-09-02
EGY,"Egypt, Arab Rep.",2014,population,97528654,UN Population Division / World Bank WDI,2026-09-02
EGY,"Egypt, Arab Rep.",2013,population,95333553,UN Population Division / World Bank WDI,2026-09-02
EGY,"Egypt, Arab Rep.",2012,population,93161001,UN Population Division / World Bank WDI,2026-09-02
EGY,"Egypt, Arab Rep.",2011,population,91093059,UN Population Division / World Bank WDI,2026-09-02
EGY,"Egypt, Arab Rep.",2010,population,89196072,UN Population Division / World Bank WDI,2026-09-02
EGY,"Egypt, Arab Rep.",2009,population,87501636,UN Population Division / World Bank WDI,2026-09-02
EGY,"Egypt, Arab Rep.",2008,population,85864789,UN Population Division / World Bank WDI,2026-09-02
EGY,"Egypt, Arab Rep.",2007,population,84276225,UN Population Division / World Bank WDI,2026-09-02
EGY,"Egypt, Arab Rep.",2006,population,82700403,UN Population Division / World Bank WDI,2026-09-02
EGY,"Egypt, Arab Rep.",2005,population,81101004,UN Population Division / World Bank WDI,2026-09-02
EGY,"Egypt, Arab Rep.",2004,population,79477443,UN Population Division / World Bank WDI,2026-09-02
EGY,"Egypt, Arab Rep.",2003,population,77853548,UN Population Division / World Bank WDI,2026-09-02
EGY,"Egypt, Arab Rep.",2002,population,76239137,UN Population Division / World Bank WDI,2026-09-02
EGY,"Egypt, Arab Rep.",2001,population,74652029,UN Population Division / World Bank WDI,2026-09-02
EGY,"Egypt, Arab Rep.",2000,population,73083284,UN Population Division / World Bank WDI,2026-09-02
SLV,El Salvador,2023,population,6309624,UN Population Division / World Bank WDI,2026-09-02
SLV,El Salvador,2022,population,6280319,UN Population Division / World Bank WDI,2026-09-02
SLV,El Salvador,2021,population,6255782,UN Population Division / World Bank WDI,2026-09-02
SLV,El Salvador,2020,population,6234673,UN Population Division / World Bank WDI,2026-09-02
SLV,El Salvador,2019,population,6222318,UN Population Division / World Bank WDI,2026-09-02
SLV,El Salvador,2018,population,6219807,UN Population Division / World Bank WDI,2026-09-02
SLV,El Salvador,2017,population,6213533,UN Population Division / World Bank WDI,2026-09-02
SLV,El Salvador,2016,population,6200800,UN Population Division / World Bank WDI,2026-09-02
SLV,El Salvador,2015,population,6183676,UN Population Division / World Bank WDI,2026-09-02
SLV,El Salvador,2014,population,6162955,UN Population Division / World Bank WDI,2026-09-02
SLV,El Salvador,2013,population,6138839,UN Population Division / World Bank WDI,2026-09-02
SLV,El Salvador,2012,population,6113975,UN Population Division / World Bank WDI,2026-09-02
SLV,El Salvador,2011,population,6090127,UN Population Division / World Bank WDI,2026-09-02
SLV,El Salvador,2010,population,6068249,UN Population Division / World Bank WDI,2026-09-02
SLV,El Salvador,2009,population,6048279,UN Population Division / World Bank WDI,2026-09-02
SLV,El Salvador,2008,population,6029297,UN Population Division / World Bank WDI,2026-09-02
SLV,El Salvador,2007,population,6009824,UN Population Division / World Bank WDI,2026-09-02
SLV,El Salvador,2006,population,6002319,UN Population Division / World Bank WDI,2026-09-02
SLV,El Salvador,2005,population,6005578,UN Population Division / World Bank WDI,2026-09-02
SLV,El Salvador,2004,population,6004671,UN Population Division / World Bank WDI,2026-09-02
SLV,El Salvador,2003,population,5998599,UN Population Division / World Bank WDI,2026-09-02
SLV,El Salvador,2002,population,5986631,UN Population Division / World Bank WDI,2026-09-02
SLV,El Salvador,2001,population,5968060,UN Population Division / World Bank WDI,2026-09-02
SLV,El Salvador,2000,population,5943366,UN Population Division / World Bank WDI,2026-09-02
GNQ,Equatorial Guinea,2023,population,1847549,UN Population Division / World Bank WDI,2026-09-02
GNQ,Equatorial Guinea,2022,population,1803545,UN Population Division / World Bank WDI,2026-09-02
GNQ,Equatorial Guinea,2021,population,1758786,UN Population Division / World Bank WDI,2026-09-02
GNQ,Equatorial Guinea,2020,population,1716468,UN Population Division / World Bank WDI,2026-09-02
GNQ,Equatorial Guinea,2019,population,1670177,UN Population Division / World Bank WDI,2026-09-02
GNQ,Equatorial Guinea,2018,population,1616422,UN Population Division / World Bank WDI,2026-09-02
GNQ,Equatorial Guinea,2017,population,1562396,UN Population Division / World Bank WDI,2026-09-02
GNQ,Equatorial Guinea,2016,population,1508186,UN Population Division / World Bank WDI,2026-09-02
GNQ,Equatorial Guinea,2015,population,1453923,UN Population Division / World Bank WDI,2026-09-02
GNQ,Equatorial Guinea,2014,population,1399828,UN Population Division / World Bank WDI,2026-09-02
GNQ,Equatorial Guinea,2013,population,1346218,UN Population Division / World Bank WDI,2026-09-02
GNQ,Equatorial Guinea,2012,population,1293483,UN Population Division / World Bank WDI,2026-09-02
GNQ,Equatorial Guinea,2011,population,1241835,UN Population Division / World Bank WDI,2026-09-02
GNQ,Equatorial Guinea,2010,population,1189085,UN Population Division / World Bank WDI,2026-09-02
GNQ,Equatorial Guinea,2009,population,1135673,UN Population Division / World Bank WDI,2026-09-02
GNQ,Equatorial Guinea,2008,population,1084530,UN Population Division / World Bank WDI,2026-09-02
GNQ,Equatorial Guinea,2007,population,1036044,UN Population Division / World Bank WDI,2026-09-02
GNQ,Equatorial Guinea,2006,population,990343,UN Population Division / World Bank WDI,2026-09-02
GNQ,Equatorial Guinea,2005,population,947367,UN Population Division / World Bank WDI,2026-09-02
GNQ,Equatorial Guinea,2004,population,899917,UN Population Division / World Bank WDI,2026-09-02
GNQ,Equatorial Guinea,2003,population,847862,UN Population Division / World Bank WDI,2026-09-02
GNQ,Equatorial Guinea,2002,population,797957,UN Population Division / World Bank WDI,2026-09-02
GNQ,Equatorial Guinea,2001,population,749836,UN Population Division / World Bank WDI,2026-09-02
GNQ,Equatorial Guinea,2000,population,703279,UN Population Division / World Bank WDI,2026-09-02
ERI,Eritrea,2023,population,3470390,UN Population Division / World Bank WDI,2026-09-02
ERI,Eritrea,2022,population,3409447,UN Population Division / World Bank WDI,2026-09-02
ERI,Eritrea,2021,population,3350183,UN Population Division / World Bank WDI,2026-09-02
ERI,Eritrea,2020,population,3291271,UN Population Division / World Bank WDI,2026-09-02
ERI,Eritrea,2019,population,3240194,UN Population Division / World Bank WDI,2026-09-02
ERI,Eritrea,2018,population,3192760,UN Population Division / World Bank WDI,2026-09-02
ERI,Eritrea,2017,population,3150347,UN Population Division / World Bank WDI,2026-09-02
ERI,Eritrea,2016,population,3124698,UN Population Division / World Bank WDI,2026-09-02
ERI,Eritrea,2015,population,3105546,UN Population Division / World Bank WDI,2026-09-02
ERI,Eritrea,2014,population,3095173,UN Population Division / World Bank WDI,2026-09-02
ERI,Eritrea,2013,population,3074360,UN Population Division / World Bank WDI,2026-09-02
ERI,Eritrea,2012,population,3036988,UN Population Division / World Bank WDI,2026-09-02
ERI,Eritrea,2011,population,2998485,UN Population Division / World Bank WDI,2026-09-02
ERI,Eritrea,2010,population,2945186,UN Population Division / World Bank WDI,2026-09-02
ERI,Eritrea,2009,population,2887885,UN Population Division / World Bank WDI,2026-09-02
ERI,Eritrea,2008,population,2816327,UN Population Division / World Bank WDI,2026-09-02
ERI,Eritrea,2007,population,2743222,UN Population Division / World Bank WDI,2026-09-02
ERI,Eritrea,2006,population,2703502,UN Population Division / World Bank WDI,2026-09-02
ERI,Eritrea,2005,population,2661215,UN Population Division / World Bank WDI,2026-09-02
ERI,Eritrea,2004,population,2598284,UN Population Division / World Bank WDI,2026-09-02
ERI,Eritrea,2003,population,2493903,UN Population Division / World Bank WDI,2026-09-02
ERI,Eritrea,2002,population,2392978,UN Population Division / World Bank WDI,2026-09-02
ERI,Eritrea,2001,population,2312079,UN Population Division / World Bank WDI,2026-09-02
ERI,Eritrea,2000,population,2247031,UN Population Division / World Bank WDI,2026-09-02
EST,Estonia,2023,population,1370286,UN Population Division / World Bank WDI,2026-09-02
EST,Estonia,2022,population,1348840,UN Population Division / World Bank WDI,2026-09-02
EST,Estonia,2021,population,1330932,UN Population Division / World Bank WDI,2026-09-02
EST,Estonia,2020,population,1329522,UN Population Division / World Bank WDI,2026-09-02
EST,Estonia,2019,population,1326898,UN Population Division / World Bank WDI,2026-09-02
EST,Estonia,2018,population,1321977,UN Population Division / World Bank WDI,2026-09-02
EST,Estonia,2017,population,1317384,UN Population Division / World Bank WDI,2026-09-02
EST,Estonia,2016,population,1315790,UN Population Division / World Bank WDI,2026-09-02
EST,Estonia,2015,population,1315407,UN Population Division / World Bank WDI,2026-09-02
EST,Estonia,2014,population,1314545,UN Population Division / World Bank WDI,2026-09-02
EST,Estonia,2013,population,1317997,UN Population Division / World Bank WDI,2026-09-02
EST,Estonia,2012,population,1322696,UN Population Division / World Bank WDI,2026-09-02
EST,Estonia,2011,population,1327439,UN Population Division / World Bank WDI,2026-09-02
EST,Estonia,2010,population,1331475,UN Population Division / World Bank WDI,2026-09-02
EST,Estonia,2009,population,1334515,UN Population Division / World Bank WDI,2026-09-02
EST,Estonia,2008,population,1337090,UN Population Division / World Bank WDI,2026-09-02
EST,Estonia,2007,population,1340680,UN Population Division / World Bank WDI,2026-09-02
EST,Estonia,2006,population,1346810,UN Population Division / World Bank WDI,2026-09-02
EST,Estonia,2005,population,1354775,UN Population Division / World Bank WDI,2026-09-02
EST,Estonia,2004,population,1362550,UN Population Division / World Bank WDI,2026-09-02
EST,Estonia,2003,population,1370720,UN Population Division / World Bank WDI,2026-09-02
EST,Estonia,2002,population,1379350,UN Population Division / World Bank WDI,2026-09-02
EST,Estonia,2001,population,1388115,UN Population Division / World Bank WDI,2026-09-02
EST,Estonia,2000,population,1396985,UN Population Division / World Bank WDI,2026-09-02
SWZ,Eswatini,2023,population,1230506,UN Population Division / World Bank WDI,2026-09-02
SWZ,Eswatini,2022,population,1218917,UN Population Division / World Bank WDI,2026-09-02
SWZ,Eswatini,2021,population,1206593,UN Population Division / World Bank WDI,2026-09-02
SWZ,Eswatini,2020,population,1192729,UN Population Division / World Bank WDI,2026-09-02
SWZ,Eswatini,2019,population,1179874,UN Population Division / World Bank WDI,2026-09-02
SWZ,Eswatini,2018,population,1168929,UN Population Division / World Bank WDI,2026-09-02
SWZ,Eswatini,2017,population,1158195,UN Population Division / World Bank WDI,2026-09-02
SWZ,Eswatini,2016,population,1149507,UN Population Division / World Bank WDI,2026-09-02
SWZ,Eswatini,2015,population,1142813,UN Population Division / World Bank WDI,2026-09-02
SWZ,Eswatini,2014,population,1136299,UN Population Division / World Bank WDI,2026-09-02
SWZ,Eswatini,2013,population,1129990,UN Population Division / World Bank WDI,2026-09-02
SWZ,Eswatini,2012,population,1123863,UN Population Division / World Bank WDI,2026-09-02
SWZ,Eswatini,2011,population,1117833,UN Population Division / World Bank WDI,2026-09-02
SWZ,Eswatini,2010,population,1111650,UN Population Division / World Bank WDI,2026-09-02
SWZ,Eswatini,2009,population,1105153,UN Population Division / World Bank WDI,2026-09-02
SWZ,Eswatini,2008,population,1098091,UN Population Division / World Bank WDI,2026-09-02
SWZ,Eswatini,2007,population,1090705,UN Population Division / World Bank WDI,2026-09-02
SWZ,Eswatini,2006,population,1084436,UN Population Division / World Bank WDI,2026-09-02
SWZ,Eswatini,2005,population,1079022,UN Population Division / World Bank WDI,2026-09-02
SWZ,Eswatini,2004,population,1073159,UN Population Division / World Bank WDI,2026-09-02
SWZ,Eswatini,2003,population,1066700,UN Population Division / World Bank WDI,2026-09-02
SWZ,Eswatini,2002,population,1059441,UN Population Division / World Bank WDI,2026-09-02
SWZ,Eswatini,2001,population,1051064,UN Population Division / World Bank WDI,2026-09-02
SWZ,Eswatini,2000,population,1041414,UN Population Division / World Bank WDI,2026-09-02
ETH,Ethiopia,2023,population,128691692,UN Population Division / World Bank WDI,2026-09-02
ETH,Ethiopia,2022,population,125384287,UN Population Division / World Bank WDI,2026-09-02
ETH,Ethiopia,2021,population,122138588,UN Population Division / World Bank WDI,2026-09-02
ETH,Ethiopia,2020,population,118917671,UN Population Division / World Bank WDI,2026-09-02
ETH,Ethiopia,2019,population,115737383,UN Population Division / World Bank WDI,2026-09-02
ETH,Ethiopia,2018,population,112664152,UN Population Division / World Bank WDI,2026-09-02
ETH,Ethiopia,2017,population,109666481,UN Population Division / World Bank WDI,2026-09-02
ETH,Ethiopia,2016,population,106718162,UN Population Division / World Bank WDI,2026-09-02
ETH,Ethiopia,2015,population,103867135,UN Population Division / World Bank WDI,2026-09-02
ETH,Ethiopia,2014,population,101115610,UN Population Division / World Bank WDI,2026-09-02
ETH,Ethiopia,2013,population,98438751,UN Population Division / World Bank WDI,2026-09-02
ETH,Ethiopia,2012,population,95798767,UN Population Division / World Bank WDI,2026-09-02
ETH,Ethiopia,2011,population,93149970,UN Population Division / World Bank WDI,2026-09-02
ETH,Ethiopia,2010,population,90538514,UN Population Division / World Bank WDI,2026-09-02
ETH,Ethiopia,2009,population,88007636,UN Population Division / World Bank WDI,2026-09-02
ETH,Ethiopia,2008,population,85543668,UN Population Division / World Bank WDI,2026-09-02
ETH,Ethiopia,2007,population,83103217,UN Population Division / World Bank WDI,2026-09-02
ETH,Ethiopia,2006,population,80703490,UN Population Division / World Bank WDI,2026-09-02
ETH,Ethiopia,2005,population,78367470,UN Population Division / World Bank WDI,2026-09-02
ETH,Ethiopia,2004,population,76077206,UN Population Division / World Bank WDI,2026-09-02
ETH,Ethiopia,2003,population,73832663,UN Population Division / World Bank WDI,2026-09-02
ETH,Ethiopia,2002,population,71635517,UN Population Division / World Bank WDI,2026-09-02
ETH,Ethiopia,2001,population,69487762,UN Population Division / World Bank WDI,2026-09-02
ETH,Ethiopia,2000,population,67411494,UN Population Division / World Bank WDI,2026-09-02
FRO,Faroe Islands,2023,population,54398,UN Population Division / World Bank WDI,2026-09-02
FRO,Faroe Islands,2022,population,53903,UN Population Division / World Bank WDI,2026-09-02
FRO,Faroe Islands,2021,population,53291,UN Population Division / World Bank WDI,2026-09-02
FRO,Faroe Islands,2020,population,52561,UN Population Division / World Bank WDI,2026-09-02
FRO,Faroe Islands,2019,population,51790,UN Population Division / World Bank WDI,2026-09-02
FRO,Faroe Islands,2018,population,50997,UN Population Division / World Bank WDI,2026-09-02
FRO,Faroe Islands,2017,population,50179,UN Population Division / World Bank WDI,2026-09-02
FRO,Faroe Islands,2016,population,49463,UN Population Division / World Bank WDI,2026-09-02
FRO,Faroe Islands,2015,population,48898,UN Population Division / World Bank WDI,2026-09-02
FRO,Faroe Islands,2014,population,48427,UN Population Division / World Bank WDI,2026-09-02
FRO,Faroe Islands,2013,population,48245,UN Population Division / World Bank WDI,2026-09-02
FRO,Faroe Islands,2012,population,48290,UN Population Division / World Bank WDI,2026-09-02
FRO,Faroe Islands,2011,population,48542,UN Population Division / World Bank WDI,2026-09-02
FRO,Faroe Islands,2010,population,48656,UN Population Division / World Bank WDI,2026-09-02
FRO,Faroe Islands,2009,population,48790,UN Population Division / World Bank WDI,2026-09-02
FRO,Faroe Islands,2008,population,48547,UN Population Division / World Bank WDI,2026-09-02
FRO,Faroe Islands,2007,population,48378,UN Population Division / World Bank WDI,2026-09-02
FRO,Faroe Islands,2006,population,48335,UN Population Division / World Bank WDI,2026-09-02
FRO,Faroe Islands,2005,population,48359,UN Population Division / World Bank WDI,2026-09-02
FRO,Faroe Islands,2004,population,48384,UN Population Division / World Bank WDI,2026-09-02
FRO,Faroe Islands,2003,population,48032,UN Population Division / World Bank WDI,2026-09-02
FRO,Faroe Islands,2002,population,47335,UN Population Division / World Bank WDI,2026-09-02
FRO,Faroe Islands,2001,population,46635,UN Population Division / World Bank WDI,2026-09-02
FRO,Faroe Islands,2000,population,45754,UN Population Division / World Bank WDI,2026-09-02
FJI,Fiji,2023,population,924145,UN Population Division / World Bank WDI,2026-09-02
FJI,Fiji,2022,population,919422,UN Population Division / World Bank WDI,2026-09-02
FJI,Fiji,2021,population,916711,UN Population Division / World Bank WDI,2026-09-02
FJI,Fiji,2020,population,914963,UN Population Division / World Bank WDI,2026-09-02
FJI,Fiji,2019,population,914899,UN Population Division / World Bank WDI,2026-09-02
FJI,Fiji,2018,population,917180,UN Population Division / World Bank WDI,2026-09-02
FJI,Fiji,2017,population,918759,UN Population Division / World Bank WDI,2026-09-02
FJI,Fiji,2016,population,919166,UN Population Division / World Bank WDI,2026-09-02
FJI,Fiji,2015,population,918578,UN Population Division / World Bank WDI,2026-09-02
FJI,Fiji,2014,population,917585,UN Population Division / World Bank WDI,2026-09-02
FJI,Fiji,2013,population,916352,UN Population Division / World Bank WDI,2026-09-02
FJI,Fiji,2012,population,914918,UN Population Division / World Bank WDI,2026-09-02
FJI,Fiji,2011,population,912989,UN Population Division / World Bank WDI,2026-09-02
FJI,Fiji,2010,population,910419,UN Population Division / World Bank WDI,2026-09-02
FJI,Fiji,2009,population,907239,UN Population Division / World Bank WDI,2026-09-02
FJI,Fiji,2008,population,903399,UN Population Division / World Bank WDI,2026-09-02
FJI,Fiji,2007,population,897832,UN Population Division / World Bank WDI,2026-09-02
FJI,Fiji,2006,population,890365,UN Population Division / World Bank WDI,2026-09-02
FJI,Fiji,2005,population,882379,UN Population Division / World Bank WDI,2026-09-02
FJI,Fiji,2004,population,874366,UN Population Division / World Bank WDI,2026-09-02
FJI,Fiji,2003,population,866286,UN Population Division / World Bank WDI,2026-09-02
FJI,Fiji,2002,population,858049,UN Population Division / World Bank WDI,2026-09-02
FJI,Fiji,2001,population,849596,UN Population Division / World Bank WDI,2026-09-02
FJI,Fiji,2000,population,840909,UN Population Division / World Bank WDI,2026-09-02
FIN,Finland,2023,population,5583911,UN Population Division / World Bank WDI,2026-09-02
FIN,Finland,2022,population,5556106,UN Population Division / World Bank WDI,2026-09-02
FIN,Finland,2021,population,5541017,UN Population Division / World Bank WDI,2026-09-02
FIN,Finland,2020,population,5529543,UN Population Division / World Bank WDI,2026-09-02
FIN,Finland,2019,population,5521606,UN Population Division / World Bank WDI,2026-09-02
FIN,Finland,2018,population,5515525,UN Population Division / World Bank WDI,2026-09-02
FIN,Finland,2017,population,5508214,UN Population Division / World Bank WDI,2026-09-02
FIN,Finland,2016,population,5495303,UN Population Division / World Bank WDI,2026-09-02
FIN,Finland,2015,population,5479531,UN Population Division / World Bank WDI,2026-09-02
FIN,Finland,2014,population,5461512,UN Population Division / World Bank WDI,2026-09-02
FIN,Finland,2013,population,5438972,UN Population Division / World Bank WDI,2026-09-02
FIN,Finland,2012,population,5413971,UN Population Division / World Bank WDI,2026-09-02
FIN,Finland,2011,population,5388272,UN Population Division / World Bank WDI,2026-09-02
FIN,Finland,2010,population,5363352,UN Population Division / World Bank WDI,2026-09-02
FIN,Finland,2009,population,5338871,UN Population Division / World Bank WDI,2026-09-02
FIN,Finland,2008,population,5313399,UN Population Division / World Bank WDI,2026-09-02
FIN,Finland,2007,population,5288720,UN Population Division / World Bank WDI,2026-09-02
FIN,Finland,2006,population,5266268,UN Population Division / World Bank WDI,2026-09-02
FIN,Finland,2005,population,5246096,UN Population Division / World Bank WDI,2026-09-02
FIN,Finland,2004,population,5228172,UN Population Division / World Bank WDI,2026-09-02
FIN,Finland,2003,population,5213014,UN Population Division / World Bank WDI,2026-09-02
FIN,Finland,2002,population,5200598,UN Population Division / World Bank WDI,2026-09-02
FIN,Finland,2001,population,5188008,UN Population Division / World Bank WDI,2026-09-02
FIN,Finland,2000,population,5176209,UN Population Division / World Bank WDI,2026-09-02
FRA,France,2023,population,68372286,UN Population Division / World Bank WDI,2026-09-02
FRA,France,2022,population,68184457,UN Population Division / World Bank WDI,2026-09-02
FRA,France,2021,population,67842811,UN Population Division / World Bank WDI,2026-09-02
FRA,France,2020,population,67601110,UN Population Division / World Bank WDI,2026-09-02
FRA,France,2019,population,67382061,UN Population Division / World Bank WDI,2026-09-02
FRA,France,2018,population,67158348,UN Population Division / World Bank WDI,2026-09-02
FRA,France,2017,population,66918020,UN Population Division / World Bank WDI,2026-09-02
FRA,France,2016,population,66724104,UN Population Division / World Bank WDI,2026-09-02
FRA,France,2015,population,66548272,UN Population Division / World Bank WDI,2026-09-02
FRA,France,2014,population,66312067,UN Population Division / World Bank WDI,2026-09-02
FRA,France,2013,population,65997932,UN Population Division / World Bank WDI,2026-09-02
FRA,France,2012,population,65657659,UN Population Division / World Bank WDI,2026-09-02
FRA,France,2011,population,65340830,UN Population Division / World Bank WDI,2026-09-02
FRA,France,2010,population,65026211,UN Population Division / World Bank WDI,2026-09-02
FRA,France,2009,population,64706436,UN Population Division / World Bank WDI,2026-09-02
FRA,France,2008,population,64375116,UN Population Division / World Bank WDI,2026-09-02
FRA,France,2007,population,64016890,UN Population Division / World Bank WDI,2026-09-02
FRA,France,2006,population,63622342,UN Population Division / World Bank WDI,2026-09-02
FRA,France,2005,population,63180854,UN Population Division / World Bank WDI,2026-09-02
FRA,France,2004,population,62707588,UN Population Division / World Bank WDI,2026-09-02
FRA,France,2003,population,62249855,UN Population Division / World Bank WDI,2026-09-02
FRA,France,2002,population,61812142,UN Population Division / World Bank WDI,2026-09-02
FRA,France,2001,population,61364377,UN Population Division / World Bank WDI,2026-09-02
FRA,France,2000,population,60918661,UN Population Division / World Bank WDI,2026-09-02
PYF,French Polynesia,2023,population,281118,UN Population Division / World Bank WDI,2026-09-02
PYF,French Polynesia,2022,population,280378,UN Population Division / World Bank WDI,2026-09-02
PYF,French Polynesia,2021,population,279792,UN Population Division / World Bank WDI,2026-09-02
PYF,French Polynesia,2020,population,279209,UN Population Division / World Bank WDI,2026-09-02
PYF,French Polynesia,2019,population,279034,UN Population Division / World Bank WDI,2026-09-02
PYF,French Polynesia,2018,population,279815,UN Population Division / World Bank WDI,2026-09-02
PYF,French Polynesia,2017,population,280087,UN Population Division / World Bank WDI,2026-09-02
PYF,French Polynesia,2016,population,279178,UN Population Division / World Bank WDI,2026-09-02
PYF,French Polynesia,2015,population,277866,UN Population Division / World Bank WDI,2026-09-02
PYF,French Polynesia,2014,population,276387,UN Population Division / World Bank WDI,2026-09-02
PYF,French Polynesia,2013,population,274728,UN Population Division / World Bank WDI,2026-09-02
PYF,French Polynesia,2012,population,273084,UN Population Division / World Bank WDI,2026-09-02
PYF,French Polynesia,2011,population,271727,UN Population Division / World Bank WDI,2026-09-02
PYF,French Polynesia,2010,population,270580,UN Population Division / World Bank WDI,2026-09-02
PYF,French Polynesia,2009,population,269481,UN Population Division / World Bank WDI,2026-09-02
PYF,French Polynesia,2008,population,268379,UN Population Division / World Bank WDI,2026-09-02
PYF,French Polynesia,2007,population,266438,UN Population Division / World Bank WDI,2026-09-02
PYF,French Polynesia,2006,population,263223,UN Population Division / World Bank WDI,2026-09-02
PYF,French Polynesia,2005,population,259507,UN Population Division / World Bank WDI,2026-09-02
PYF,French Polynesia,2004,population,255654,UN Population Division / World Bank WDI,2026-09-02
PYF,French Polynesia,2003,population,251637,UN Population Division / World Bank WDI,2026-09-02
PYF,French Polynesia,2002,population,247775,UN Population Division / World Bank WDI,2026-09-02
PYF,French Polynesia,2001,population,244097,UN Population Division / World Bank WDI,2026-09-02
PYF,French Polynesia,2000,population,240337,UN Population Division / World Bank WDI,2026-09-02
GAB,Gabon,2023,population,2484789,UN Population Division / World Bank WDI,2026-09-02
GAB,Gabon,2022,population,2430747,UN Population Division / World Bank WDI,2026-09-02
GAB,Gabon,2021,population,2376722,UN Population Division / World Bank WDI,2026-09-02
GAB,Gabon,2020,population,2322539,UN Population Division / World Bank WDI,2026-09-02
GAB,Gabon,2019,population,2267706,UN Population Division / World Bank WDI,2026-09-02
GAB,Gabon,2018,population,2212318,UN Population Division / World Bank WDI,2026-09-02
GAB,Gabon,2017,population,2156900,UN Population Division / World Bank WDI,2026-09-02
GAB,Gabon,2016,population,2100306,UN Population Division / World Bank WDI,2026-09-02
GAB,Gabon,2015,population,2040989,UN Population Division / World Bank WDI,2026-09-02
GAB,Gabon,2014,population,1978399,UN Population Division / World Bank WDI,2026-09-02
GAB,Gabon,2013,population,1913059,UN Population Division / World Bank WDI,2026-09-02
GAB,Gabon,2012,population,1846889,UN Population Division / World Bank WDI,2026-09-02
GAB,Gabon,2011,population,1781985,UN Population Division / World Bank WDI,2026-09-02
GAB,Gabon,2010,population,1719879,UN Population Division / World Bank WDI,2026-09-02
GAB,Gabon,2009,population,1661556,UN Population Division / World Bank WDI,2026-09-02
GAB,Gabon,2008,population,1607175,UN Population Division / World Bank WDI,2026-09-02
GAB,Gabon,2007,population,1556237,UN Population Division / World Bank WDI,2026-09-02
GAB,Gabon,2006,population,1508337,UN Population Division / World Bank WDI,2026-09-02
GAB,Gabon,2005,population,1463495,UN Population Division / World Bank WDI,2026-09-02
GAB,Gabon,2004,population,1421609,UN Population Division / World Bank WDI,2026-09-02
GAB,Gabon,2003,population,1382350,UN Population Division / World Bank WDI,2026-09-02
GAB,Gabon,2002,population,1345135,UN Population Division / World Bank WDI,2026-09-02
GAB,Gabon,2001,population,1309589,UN Population Division / World Bank WDI,2026-09-02
GAB,Gabon,2000,population,1275572,UN Population Division / World Bank WDI,2026-09-02
GMB,"Gambia, The",2023,population,2697845,UN Population Division / World Bank WDI,2026-09-02
GMB,"Gambia, The",2022,population,2636470,UN Population Division / World Bank WDI,2026-09-02
GMB,"Gambia, The",2021,population,2576010,UN Population Division / World Bank WDI,2026-09-02
GMB,"Gambia, The",2020,population,2515733,UN Population Division / World Bank WDI,2026-09-02
GMB,"Gambia, The",2019,population,2456844,UN Population Division / World Bank WDI,2026-09-02
GMB,"Gambia, The",2018,population,2399632,UN Population Division / World Bank WDI,2026-09-02
GMB,"Gambia, The",2017,population,2342189,UN Population Division / World Bank WDI,2026-09-02
GMB,"Gambia, The",2016,population,2283769,UN Population Division / World Bank WDI,2026-09-02
GMB,"Gambia, The",2015,population,2224529,UN Population Division / World Bank WDI,2026-09-02
GMB,"Gambia, The",2014,population,2164528,UN Population Division / World Bank WDI,2026-09-02
GMB,"Gambia, The",2013,population,2103820,UN Population Division / World Bank WDI,2026-09-02
GMB,"Gambia, The",2012,population,2043094,UN Population Division / World Bank WDI,2026-09-02
GMB,"Gambia, The",2011,population,1983784,UN Population Division / World Bank WDI,2026-09-02
GMB,"Gambia, The",2010,population,1926630,UN Population Division / World Bank WDI,2026-09-02
GMB,"Gambia, The",2009,population,1871422,UN Population Division / World Bank WDI,2026-09-02
GMB,"Gambia, The",2008,population,1817852,UN Population Division / World Bank WDI,2026-09-02
GMB,"Gambia, The",2007,population,1765774,UN Population Division / World Bank WDI,2026-09-02
GMB,"Gambia, The",2006,population,1715275,UN Population Division / World Bank WDI,2026-09-02
GMB,"Gambia, The",2005,population,1667037,UN Population Division / World Bank WDI,2026-09-02
GMB,"Gambia, The",2004,population,1621312,UN Population Division / World Bank WDI,2026-09-02
GMB,"Gambia, The",2003,population,1577611,UN Population Division / World Bank WDI,2026-09-02
GMB,"Gambia, The",2002,population,1535691,UN Population Division / World Bank WDI,2026-09-02
GMB,"Gambia, The",2001,population,1495011,UN Population Division / World Bank WDI,2026-09-02
GMB,"Gambia, The",2000,population,1455084,UN Population Division / World Bank WDI,2026-09-02
GEO,Georgia,2023,population,3715483,UN Population Division / World Bank WDI,2026-09-02
GEO,Georgia,2022,population,3712502,UN Population Division / World Bank WDI,2026-09-02
GEO,Georgia,2021,population,3708610,UN Population Division / World Bank WDI,2026-09-02
GEO,Georgia,2020,population,3722716,UN Population Division / World Bank WDI,2026-09-02
GEO,Georgia,2019,population,3720161,UN Population Division / World Bank WDI,2026-09-02
GEO,Georgia,2018,population,3726549,UN Population Division / World Bank WDI,2026-09-02
GEO,Georgia,2017,population,3728004,UN Population Division / World Bank WDI,2026-09-02
GEO,Georgia,2016,population,3727505,UN Population Division / World Bank WDI,2026-09-02
GEO,Georgia,2015,population,3725276,UN Population Division / World Bank WDI,2026-09-02
GEO,Georgia,2014,population,3719414,UN Population Division / World Bank WDI,2026-09-02
GEO,Georgia,2013,population,3717668,UN Population Division / World Bank WDI,2026-09-02
GEO,Georgia,2012,population,3728874,UN Population Division / World Bank WDI,2026-09-02
GEO,Georgia,2011,population,3756441,UN Population Division / World Bank WDI,2026-09-02
GEO,Georgia,2010,population,3786695,UN Population Division / World Bank WDI,2026-09-02
GEO,Georgia,2009,population,3814419,UN Population Division / World Bank WDI,2026-09-02
GEO,Georgia,2008,population,3848449,UN Population Division / World Bank WDI,2026-09-02
GEO,Georgia,2007,population,3860158,UN Population Division / World Bank WDI,2026-09-02
GEO,Georgia,2006,population,3880347,UN Population Division / World Bank WDI,2026-09-02
GEO,Georgia,2005,population,3902469,UN Population Division / World Bank WDI,2026-09-02
GEO,Georgia,2004,population,3927340,UN Population Division / World Bank WDI,2026-09-02
GEO,Georgia,2003,population,3951736,UN Population Division / World Bank WDI,2026-09-02
GEO,Georgia,2002,population,3978515,UN Population Division / World Bank WDI,2026-09-02
GEO,Georgia,2001,population,4014373,UN Population Division / World Bank WDI,2026-09-02
GEO,Georgia,2000,population,4077131,UN Population Division / World Bank WDI,2026-09-02
DEU,Germany,2023,population,83287273,UN Population Division / World Bank WDI,2026-09-02
DEU,Germany,2022,population,83177813,UN Population Division / World Bank WDI,2026-09-02
DEU,Germany,2021,population,83196078,UN Population Division / World Bank WDI,2026-09-02
DEU,Germany,2020,population,83160871,UN Population Division / World Bank WDI,2026-09-02
DEU,Germany,2019,population,83092962,UN Population Division / World Bank WDI,2026-09-02
DEU,Germany,2018,population,82905782,UN Population Division / World Bank WDI,2026-09-02
DEU,Germany,2017,population,82657002,UN Population Division / World Bank WDI,2026-09-02
DEU,Germany,2016,population,82348669,UN Population Division / World Bank WDI,2026-09-02
DEU,Germany,2015,population,81686611,UN Population Division / World Bank WDI,2026-09-02
DEU,Germany,2014,population,80982500,UN Population Division / World Bank WDI,2026-09-02
DEU,Germany,2013,population,80645605,UN Population Division / World Bank WDI,2026-09-02
DEU,Germany,2012,population,80425823,UN Population Division / World Bank WDI,2026-09-02
DEU,Germany,2011,population,80274983,UN Population Division / World Bank WDI,2026-09-02
DEU,Germany,2010,population,81776930,UN Population Division / World Bank WDI,2026-09-02
DEU,Germany,2009,population,81902307,UN Population Division / World Bank WDI,2026-09-02
DEU,Germany,2008,population,82110097,UN Population Division / World Bank WDI,2026-09-02
DEU,Germany,2007,population,82266372,UN Population Division / World Bank WDI,2026-09-02
DEU,Germany,2006,population,82376451,UN Population Division / World Bank WDI,2026-09-02
DEU,Germany,2005,population,82469422,UN Population Division / World Bank WDI,2026-09-02
DEU,Germany,2004,population,82516260,UN Population Division / World Bank WDI,2026-09-02
DEU,Germany,2003,population,82534176,UN Population Division / World Bank WDI,2026-09-02
DEU,Germany,2002,population,82488495,UN Population Division / World Bank WDI,2026-09-02
DEU,Germany,2001,population,82349925,UN Population Division / World Bank WDI,2026-09-02
DEU,Germany,2000,population,82211508,UN Population Division / World Bank WDI,2026-09-02
GHA,Ghana,2023,population,33787914,UN Population Division / World Bank WDI,2026-09-02
GHA,Ghana,2022,population,33149152,UN Population Division / World Bank WDI,2026-09-02
GHA,Ghana,2021,population,32518665,UN Population Division / World Bank WDI,2026-09-02
GHA,Ghana,2020,population,31887809,UN Population Division / World Bank WDI,2026-09-02
GHA,Ghana,2019,population,31258945,UN Population Division / World Bank WDI,2026-09-02
GHA,Ghana,2018,population,30637585,UN Population Division / World Bank WDI,2026-09-02
GHA,Ghana,2017,population,30008354,UN Population Division / World Bank WDI,2026-09-02
GHA,Ghana,2016,population,29356742,UN Population Division / World Bank WDI,2026-09-02
GHA,Ghana,2015,population,28696068,UN Population Division / World Bank WDI,2026-09-02
GHA,Ghana,2014,population,28041592,UN Population Division / World Bank WDI,2026-09-02
GHA,Ghana,2013,population,27386193,UN Population Division / World Bank WDI,2026-09-02
GHA,Ghana,2012,population,26734268,UN Population Division / World Bank WDI,2026-09-02
GHA,Ghana,2011,population,26095088,UN Population Division / World Bank WDI,2026-09-02
GHA,Ghana,2010,population,25474995,UN Population Division / World Bank WDI,2026-09-02
GHA,Ghana,2009,population,24862664,UN Population Division / World Bank WDI,2026-09-02
GHA,Ghana,2008,population,24249946,UN Population Division / World Bank WDI,2026-09-02
GHA,Ghana,2007,population,23642279,UN Population Division / World Bank WDI,2026-09-02
GHA,Ghana,2006,population,23040702,UN Population Division / World Bank WDI,2026-09-02
GHA,Ghana,2005,population,22449438,UN Population Division / World Bank WDI,2026-09-02
GHA,Ghana,2004,population,21868298,UN Population Division / World Bank WDI,2026-09-02
GHA,Ghana,2003,population,21296705,UN Population Division / World Bank WDI,2026-09-02
GHA,Ghana,2002,population,20729388,UN Population Division / World Bank WDI,2026-09-02
GHA,Ghana,2001,population,20167069,UN Population Division / World Bank WDI,2026-09-02
GHA,Ghana,2000,population,19637087,UN Population Division / World Bank WDI,2026-09-02
GIB,Gibraltar,2023,population,38471,UN Population Division / World Bank WDI,2026-09-02
GIB,Gibraltar,2022,population,37609,UN Population Division / World Bank WDI,2026-09-02
GIB,Gibraltar,2021,population,36858,UN Population Division / World Bank WDI,2026-09-02
GIB,Gibraltar,2020,population,36173,UN Population Division / World Bank WDI,2026-09-02
GIB,Gibraltar,2019,population,35494,UN Population Division / World Bank WDI,2026-09-02
GIB,Gibraltar,2018,population,34854,UN Population Division / World Bank WDI,2026-09-02
GIB,Gibraltar,2017,population,34245,UN Population Division / World Bank WDI,2026-09-02
GIB,Gibraltar,2016,population,33658,UN Population Division / World Bank WDI,2026-09-02
GIB,Gibraltar,2015,population,33193,UN Population Division / World Bank WDI,2026-09-02
GIB,Gibraltar,2014,population,32813,UN Population Division / World Bank WDI,2026-09-02
GIB,Gibraltar,2013,population,32407,UN Population Division / World Bank WDI,2026-09-02
GIB,Gibraltar,2012,population,32029,UN Population Division / World Bank WDI,2026-09-02
GIB,Gibraltar,2011,population,31660,UN Population Division / World Bank WDI,2026-09-02
GIB,Gibraltar,2010,population,31248,UN Population Division / World Bank WDI,2026-09-02
GIB,Gibraltar,2009,population,30823,UN Population Division / World Bank WDI,2026-09-02
GIB,Gibraltar,2008,population,30413,UN Population Division / World Bank WDI,2026-09-02
GIB,Gibraltar,2007,population,30006,UN Population Division / World Bank WDI,2026-09-02
GIB,Gibraltar,2006,population,29594,UN Population Division / World Bank WDI,2026-09-02
GIB,Gibraltar,2005,population,29163,UN Population Division / World Bank WDI,2026-09-02
GIB,Gibraltar,2004,population,28715,UN Population Division / World Bank WDI,2026-09-02
GIB,Gibraltar,2003,population,28274,UN Population Division / World Bank WDI,2026-09-02
GIB,Gibraltar,2002,population,27831,UN Population Division / World Bank WDI,2026-09-02
GIB,Gibraltar,2001,population,27657,UN Population Division / World Bank WDI,2026-09-02
GIB,Gibraltar,2000,population,27709,UN Population Division / World Bank WDI,2026-09-02
GRC,Greece,2023,population,10407351,UN Population Division / World Bank WDI,2026-09-02
GRC,Greece,2022,population,10437805,UN Population Division / World Bank WDI,2026-09-02
GRC,Greece,2021,population,10570130,UN Population Division / World Bank WDI,2026-09-02
GRC,Greece,2020,population,10698599,UN Population Division / World Bank WDI,2026-09-02
GRC,Greece,2019,population,10721582,UN Population Division / World Bank WDI,2026-09-02
GRC,Greece,2018,population,10732882,UN Population Division / World Bank WDI,2026-09-02
GRC,Greece,2017,population,10754679,UN Population Division / World Bank WDI,2026-09-02
GRC,Greece,2016,population,10775971,UN Population Division / World Bank WDI,2026-09-02
GRC,Greece,2015,population,10820883,UN Population Division / World Bank WDI,2026-09-02
GRC,Greece,2014,population,10892413,UN Population Division / World Bank WDI,2026-09-02
GRC,Greece,2013,population,10965211,UN Population Division / World Bank WDI,2026-09-02
GRC,Greece,2012,population,11045011,UN Population Division / World Bank WDI,2026-09-02
GRC,Greece,2011,population,11104899,UN Population Division / World Bank WDI,2026-09-02
GRC,Greece,2010,population,11121341,UN Population Division / World Bank WDI,2026-09-02
GRC,Greece,2009,population,11107017,UN Population Division / World Bank WDI,2026-09-02
GRC,Greece,2008,population,11077841,UN Population Division / World Bank WDI,2026-09-02
GRC,Greece,2007,population,11048473,UN Population Division / World Bank WDI,2026-09-02
GRC,Greece,2006,population,11020362,UN Population Division / World Bank WDI,2026-09-02
GRC,Greece,2005,population,10987314,UN Population Division / World Bank WDI,2026-09-02
GRC,Greece,2004,population,10955141,UN Population Division / World Bank WDI,2026-09-02
GRC,Greece,2003,population,10928070,UN Population Division / World Bank WDI,2026-09-02
GRC,Greece,2002,population,10902022,UN Population Division / World Bank WDI,2026-09-02
GRC,Greece,2001,population,10862132,UN Population Division / World Bank WDI,2026-09-02
GRC,Greece,2000,population,10805808,UN Population Division / World Bank WDI,2026-09-02
GRL,Greenland,2023,population,56865,UN Population Division / World Bank WDI,2026-09-02
GRL,Greenland,2022,population,56661,UN Population Division / World Bank WDI,2026-09-02
GRL,Greenland,2021,population,56653,UN Population Division / World Bank WDI,2026-09-02
GRL,Greenland,2020,population,56367,UN Population Division / World Bank WDI,2026-09-02
GRL,Greenland,2019,population,56225,UN Population Division / World Bank WDI,2026-09-02
GRL,Greenland,2018,population,56023,UN Population Division / World Bank WDI,2026-09-02
GRL,Greenland,2017,population,56172,UN Population Division / World Bank WDI,2026-09-02
GRL,Greenland,2016,population,56186,UN Population Division / World Bank WDI,2026-09-02
GRL,Greenland,2015,population,56114,UN Population Division / World Bank WDI,2026-09-02
GRL,Greenland,2014,population,56295,UN Population Division / World Bank WDI,2026-09-02
GRL,Greenland,2013,population,56483,UN Population Division / World Bank WDI,2026-09-02
GRL,Greenland,2012,population,56810,UN Population Division / World Bank WDI,2026-09-02
GRL,Greenland,2011,population,56890,UN Population Division / World Bank WDI,2026-09-02
GRL,Greenland,2010,population,56534,UN Population Division / World Bank WDI,2026-09-02
GRL,Greenland,2009,population,56323,UN Population Division / World Bank WDI,2026-09-02
GRL,Greenland,2008,population,56328,UN Population Division / World Bank WDI,2026-09-02
GRL,Greenland,2007,population,56555,UN Population Division / World Bank WDI,2026-09-02
GRL,Greenland,2006,population,56775,UN Population Division / World Bank WDI,2026-09-02
GRL,Greenland,2005,population,56935,UN Population Division / World Bank WDI,2026-09-02
GRL,Greenland,2004,population,56898,UN Population Division / World Bank WDI,2026-09-02
GRL,Greenland,2003,population,56751,UN Population Division / World Bank WDI,2026-09-02
GRL,Greenland,2002,population,56595,UN Population Division / World Bank WDI,2026-09-02
GRL,Greenland,2001,population,56379,UN Population Division / World Bank WDI,2026-09-02
GRL,Greenland,2000,population,56185,UN Population Division / World Bank WDI,2026-09-02
GRD,Grenada,2023,population,117081,UN Population Division / World Bank WDI,2026-09-02
GRD,Grenada,2022,population,116913,UN Population Division / World Bank WDI,2026-09-02
GRD,Grenada,2021,population,116688,UN Population Division / World Bank WDI,2026-09-02
GRD,Grenada,2020,population,116341,UN Population Division / World Bank WDI,2026-09-02
GRD,Grenada,2019,population,115981,UN Population Division / World Bank WDI,2026-09-02
GRD,Grenada,2018,population,115691,UN Population Division / World Bank WDI,2026-09-02
GRD,Grenada,2017,population,115438,UN Population Division / World Bank WDI,2026-09-02
GRD,Grenada,2016,population,115130,UN Population Division / World Bank WDI,2026-09-02
GRD,Grenada,2015,population,114676,UN Population Division / World Bank WDI,2026-09-02
GRD,Grenada,2014,population,114132,UN Population Division / World Bank WDI,2026-09-02
GRD,Grenada,2013,population,113487,UN Population Division / World Bank WDI,2026-09-02
GRD,Grenada,2012,population,112775,UN Population Division / World Bank WDI,2026-09-02
GRD,Grenada,2011,population,112079,UN Population Division / World Bank WDI,2026-09-02
GRD,Grenada,2010,population,111586,UN Population Division / World Bank WDI,2026-09-02
GRD,Grenada,2009,population,111254,UN Population Division / World Bank WDI,2026-09-02
GRD,Grenada,2008,population,110896,UN Population Division / World Bank WDI,2026-09-02
GRD,Grenada,2007,population,110522,UN Population Division / World Bank WDI,2026-09-02
GRD,Grenada,2006,population,110135,UN Population Division / World Bank WDI,2026-09-02
GRD,Grenada,2005,population,109734,UN Population Division / World Bank WDI,2026-09-02
GRD,Grenada,2004,population,109323,UN Population Division / World Bank WDI,2026-09-02
GRD,Grenada,2003,population,108884,UN Population Division / World Bank WDI,2026-09-02
GRD,Grenada,2002,population,108404,UN Population Division / World Bank WDI,2026-09-02
GRD,Grenada,2001,population,107987,UN Population Division / World Bank WDI,2026-09-02
GRD,Grenada,2000,population,107451,UN Population Division / World Bank WDI,2026-09-02
GUM,Guam,2023,population,166506,UN Population Division / World Bank WDI,2026-09-02
GUM,Guam,2022,population,165180,UN Population Division / World Bank WDI,2026-09-02
GUM,Guam,2021,population,163730,UN Population Division / World Bank WDI,2026-09-02
GUM,Guam,2020,population,162158,UN Population Division / World Bank WDI,2026-09-02
GUM,Guam,2019,population,161808,UN Population Division / World Bank WDI,2026-09-02
GUM,Guam,2018,population,162679,UN Population Division / World Bank WDI,2026-09-02
GUM,Guam,2017,population,163490,UN Population Division / World Bank WDI,2026-09-02
GUM,Guam,2016,population,164233,UN Population Division / World Bank WDI,2026-09-02
GUM,Guam,2015,population,164905,UN Population Division / World Bank WDI,2026-09-02
GUM,Guam,2014,population,165486,UN Population Division / World Bank WDI,2026-09-02
GUM,Guam,2013,population,165966,UN Population Division / World Bank WDI,2026-09-02
GUM,Guam,2012,population,166331,UN Population Division / World Bank WDI,2026-09-02
GUM,Guam,2011,population,166543,UN Population Division / World Bank WDI,2026-09-02
GUM,Guam,2010,population,166522,UN Population Division / World Bank WDI,2026-09-02
GUM,Guam,2009,population,166173,UN Population Division / World Bank WDI,2026-09-02
GUM,Guam,2008,population,165693,UN Population Division / World Bank WDI,2026-09-02
GUM,Guam,2007,population,165267,UN Population Division / World Bank WDI,2026-09-02
GUM,Guam,2006,population,164839,UN Population Division / World Bank WDI,2026-09-02
GUM,Guam,2005,population,164365,UN Population Division / World Bank WDI,2026-09-02
GUM,Guam,2004,population,163810,UN Population Division / World Bank WDI,2026-09-02
GUM,Guam,2003,population,163137,UN Population Division / World Bank WDI,2026-09-02
GUM,Guam,2002,population,162315,UN Population Division / World Bank WDI,2026-09-02
GUM,Guam,2001,population,161329,UN Population Division / World Bank WDI,2026-09-02
GUM,Guam,2000,population,160065,UN Population Division / World Bank WDI,2026-09-02
GTM,Guatemala,2023,population,18124838,UN Population Division / World Bank WDI,2026-09-02
GTM,Guatemala,2022,population,17847877,UN Population Division / World Bank WDI,2026-09-02
GTM,Guatemala,2021,population,17598650,UN Population Division / World Bank WDI,2026-09-02
GTM,Guatemala,2020,population,17357325,UN Population Division / World Bank WDI,2026-09-02
GTM,Guatemala,2019,population,17103803,UN Population Division / World Bank WDI,2026-09-02
GTM,Guatemala,2018,population,16845685,UN Population Division / World Bank WDI,2026-09-02
GTM,Guatemala,2017,population,16567357,UN Population Division / World Bank WDI,2026-09-02
GTM,Guatemala,2016,population,16268760,UN Population Division / World Bank WDI,2026-09-02
GTM,Guatemala,2015,population,15971743,UN Population Division / World Bank WDI,2026-09-02
GTM,Guatemala,2014,population,15681725,UN Population Division / World Bank WDI,2026-09-02
GTM,Guatemala,2013,population,15387337,UN Population Division / World Bank WDI,2026-09-02
GTM,Guatemala,2012,population,15089647,UN Population Division / World Bank WDI,2026-09-02
GTM,Guatemala,2011,population,14792126,UN Population Division / World Bank WDI,2026-09-02
GTM,Guatemala,2010,population,14500112,UN Population Division / World Bank WDI,2026-09-02
GTM,Guatemala,2009,population,14215611,UN Population Division / World Bank WDI,2026-09-02
GTM,Guatemala,2008,population,13935174,UN Population Division / World Bank WDI,2026-09-02
GTM,Guatemala,2007,population,13652040,UN Population Division / World Bank WDI,2026-09-02
GTM,Guatemala,2006,population,13367459,UN Population Division / World Bank WDI,2026-09-02
GTM,Guatemala,2005,population,13087629,UN Population Division / World Bank WDI,2026-09-02
GTM,Guatemala,2004,population,12807402,UN Population Division / World Bank WDI,2026-09-02
GTM,Guatemala,2003,population,12525842,UN Population Division / World Bank WDI,2026-09-02
GTM,Guatemala,2002,population,12246915,UN Population Division / World Bank WDI,2026-09-02
GTM,Guatemala,2001,population,11969422,UN Population Division / World Bank WDI,2026-09-02
GTM,Guatemala,2000,population,11697592,UN Population Division / World Bank WDI,2026-09-02
GIN,Guinea,2023,population,14405468,UN Population Division / World Bank WDI,2026-09-02
GIN,Guinea,2022,population,14055137,UN Population Division / World Bank WDI,2026-09-02
GIN,Guinea,2021,population,13710513,UN Population Division / World Bank WDI,2026-09-02
GIN,Guinea,2020,population,13371183,UN Population Division / World Bank WDI,2026-09-02
GIN,Guinea,2019,population,13034346,UN Population Division / World Bank WDI,2026-09-02
GIN,Guinea,2018,population,12704774,UN Population Division / World Bank WDI,2026-09-02
GIN,Guinea,2017,population,12385659,UN Population Division / World Bank WDI,2026-09-02
GIN,Guinea,2016,population,12073030,UN Population Division / World Bank WDI,2026-09-02
GIN,Guinea,2015,population,11767070,UN Population Division / World Bank WDI,2026-09-02
GIN,Guinea,2014,population,11472924,UN Population Division / World Bank WDI,2026-09-02
GIN,Guinea,2013,population,11191873,UN Population Division / World Bank WDI,2026-09-02
GIN,Guinea,2012,population,10921581,UN Population Division / World Bank WDI,2026-09-02
GIN,Guinea,2011,population,10656810,UN Population Division / World Bank WDI,2026-09-02
GIN,Guinea,2010,population,10396086,UN Population Division / World Bank WDI,2026-09-02
GIN,Guinea,2009,population,10143534,UN Population Division / World Bank WDI,2026-09-02
GIN,Guinea,2008,population,9898870,UN Population Division / World Bank WDI,2026-09-02
GIN,Guinea,2007,population,9662281,UN Population Division / World Bank WDI,2026-09-02
GIN,Guinea,2006,population,9441171,UN Population Division / World Bank WDI,2026-09-02
GIN,Guinea,2005,population,9245844,UN Population Division / World Bank WDI,2026-09-02
GIN,Guinea,2004,population,9062726,UN Population Division / World Bank WDI,2026-09-02
GIN,Guinea,2003,population,8870781,UN Population Division / World Bank WDI,2026-09-02
GIN,Guinea,2002,population,8674066,UN Population Division / World Bank WDI,2026-09-02
GIN,Guinea,2001,population,8539960,UN Population Division / World Bank WDI,2026-09-02
GIN,Guinea,2000,population,8428832,UN Population Division / World Bank WDI,2026-09-02
GNB,Guinea-Bissau,2023,population,2153339,UN Population Division / World Bank WDI,2026-09-02
GNB,Guinea-Bissau,2022,population,2105529,UN Population Division / World Bank WDI,2026-09-02
GNB,Guinea-Bissau,2021,population,2058841,UN Population Division / World Bank WDI,2026-09-02
GNB,Guinea-Bissau,2020,population,2013255,UN Population Division / World Bank WDI,2026-09-02
GNB,Guinea-Bissau,2019,population,1967696,UN Population Division / World Bank WDI,2026-09-02
GNB,Guinea-Bissau,2018,population,1922168,UN Population Division / World Bank WDI,2026-09-02
GNB,Guinea-Bissau,2017,population,1877072,UN Population Division / World Bank WDI,2026-09-02
GNB,Guinea-Bissau,2016,population,1831893,UN Population Division / World Bank WDI,2026-09-02
GNB,Guinea-Bissau,2015,population,1786457,UN Population Division / World Bank WDI,2026-09-02
GNB,Guinea-Bissau,2014,population,1741122,UN Population Division / World Bank WDI,2026-09-02
GNB,Guinea-Bissau,2013,population,1695973,UN Population Division / World Bank WDI,2026-09-02
GNB,Guinea-Bissau,2012,population,1651417,UN Population Division / World Bank WDI,2026-09-02
GNB,Guinea-Bissau,2011,population,1608076,UN Population Division / World Bank WDI,2026-09-02
GNB,Guinea-Bissau,2010,population,1566347,UN Population Division / World Bank WDI,2026-09-02
GNB,Guinea-Bissau,2009,population,1526377,UN Population Division / World Bank WDI,2026-09-02
GNB,Guinea-Bissau,2008,population,1488054,UN Population Division / World Bank WDI,2026-09-02
GNB,Guinea-Bissau,2007,population,1450986,UN Population Division / World Bank WDI,2026-09-02
GNB,Guinea-Bissau,2006,population,1415303,UN Population Division / World Bank WDI,2026-09-02
GNB,Guinea-Bissau,2005,population,1381585,UN Population Division / World Bank WDI,2026-09-02
GNB,Guinea-Bissau,2004,population,1349563,UN Population Division / World Bank WDI,2026-09-02
GNB,Guinea-Bissau,2003,population,1318806,UN Population Division / World Bank WDI,2026-09-02
GNB,Guinea-Bissau,2002,population,1289307,UN Population Division / World Bank WDI,2026-09-02
GNB,Guinea-Bissau,2001,population,1261273,UN Population Division / World Bank WDI,2026-09-02
GNB,Guinea-Bissau,2000,population,1234741,UN Population Division / World Bank WDI,2026-09-02
GUY,Guyana,2023,population,826353,UN Population Division / World Bank WDI,2026-09-02
GUY,Guyana,2022,population,821637,UN Population Division / World Bank WDI,2026-09-02
GUY,Guyana,2021,population,815482,UN Population Division / World Bank WDI,2026-09-02
GUY,Guyana,2020,population,807481,UN Population Division / World Bank WDI,2026-09-02
GUY,Guyana,2019,population,807665,UN Population Division / World Bank WDI,2026-09-02
GUY,Guyana,2018,population,791556,UN Population Division / World Bank WDI,2026-09-02
GUY,Guyana,2017,population,768479,UN Population Division / World Bank WDI,2026-09-02
GUY,Guyana,2016,population,763548,UN Population Division / World Bank WDI,2026-09-02
GUY,Guyana,2015,population,758781,UN Population Division / World Bank WDI,2026-09-02
GUY,Guyana,2014,population,754229,UN Population Division / World Bank WDI,2026-09-02
GUY,Guyana,2013,population,750021,UN Population Division / World Bank WDI,2026-09-02
GUY,Guyana,2012,population,746288,UN Population Division / World Bank WDI,2026-09-02
GUY,Guyana,2011,population,746153,UN Population Division / World Bank WDI,2026-09-02
GUY,Guyana,2010,population,749256,UN Population Division / World Bank WDI,2026-09-02
GUY,Guyana,2009,population,752094,UN Population Division / World Bank WDI,2026-09-02
GUY,Guyana,2008,population,754606,UN Population Division / World Bank WDI,2026-09-02
GUY,Guyana,2007,population,756861,UN Population Division / World Bank WDI,2026-09-02
GUY,Guyana,2006,population,758966,UN Population Division / World Bank WDI,2026-09-02
GUY,Guyana,2005,population,760914,UN Population Division / World Bank WDI,2026-09-02
GUY,Guyana,2004,population,762418,UN Population Division / World Bank WDI,2026-09-02
GUY,Guyana,2003,population,763101,UN Population Division / World Bank WDI,2026-09-02
GUY,Guyana,2002,population,763652,UN Population Division / World Bank WDI,2026-09-02
GUY,Guyana,2001,population,764477,UN Population Division / World Bank WDI,2026-09-02
GUY,Guyana,2000,population,764832,UN Population Division / World Bank WDI,2026-09-02
HTI,Haiti,2023,population,11637398,UN Population Division / World Bank WDI,2026-09-02
HTI,Haiti,2022,population,11503606,UN Population Division / World Bank WDI,2026-09-02
HTI,Haiti,2021,population,11374586,UN Population Division / World Bank WDI,2026-09-02
HTI,Haiti,2020,population,11243848,UN Population Division / World Bank WDI,2026-09-02
HTI,Haiti,2019,population,11105163,UN Population Division / World Bank WDI,2026-09-02
HTI,Haiti,2018,population,10962362,UN Population Division / World Bank WDI,2026-09-02
HTI,Haiti,2017,population,10817754,UN Population Division / World Bank WDI,2026-09-02
HTI,Haiti,2016,population,10671457,UN Population Division / World Bank WDI,2026-09-02
HTI,Haiti,2015,population,10523242,UN Population Division / World Bank WDI,2026-09-02
HTI,Haiti,2014,population,10373235,UN Population Division / World Bank WDI,2026-09-02
HTI,Haiti,2013,population,10222362,UN Population Division / World Bank WDI,2026-09-02
HTI,Haiti,2012,population,10069771,UN Population Division / World Bank WDI,2026-09-02
HTI,Haiti,2011,population,9914904,UN Population Division / World Bank WDI,2026-09-02
HTI,Haiti,2010,population,9803294,UN Population Division / World Bank WDI,2026-09-02
HTI,Haiti,2009,population,9689581,UN Population Division / World Bank WDI,2026-09-02
HTI,Haiti,2008,population,9530774,UN Population Division / World Bank WDI,2026-09-02
HTI,Haiti,2007,population,9373296,UN Population Division / World Bank WDI,2026-09-02
HTI,Haiti,2006,population,9216562,UN Population Division / World Bank WDI,2026-09-02
HTI,Haiti,2005,population,9061273,UN Population Division / World Bank WDI,2026-09-02
HTI,Haiti,2004,population,8910263,UN Population Division / World Bank WDI,2026-09-02
HTI,Haiti,2003,population,8759912,UN Population Division / World Bank WDI,2026-09-02
HTI,Haiti,2002,population,8607641,UN Population Division / World Bank WDI,2026-09-02
HTI,Haiti,2001,population,8455918,UN Population Division / World Bank WDI,2026-09-02
HTI,Haiti,2000,population,8303151,UN Population Division / World Bank WDI,2026-09-02
HND,Honduras,2023,population,10644851,UN Population Division / World Bank WDI,2026-09-02
HND,Honduras,2022,population,10463872,UN Population Division / World Bank WDI,2026-09-02
HND,Honduras,2021,population,10289877,UN Population Division / World Bank WDI,2026-09-02
HND,Honduras,2020,population,10119640,UN Population Division / World Bank WDI,2026-09-02
HND,Honduras,2019,population,9943633,UN Population Division / World Bank WDI,2026-09-02
HND,Honduras,2018,population,9765210,UN Population Division / World Bank WDI,2026-09-02
HND,Honduras,2017,population,9588137,UN Population Division / World Bank WDI,2026-09-02
HND,Honduras,2016,population,9412380,UN Population Division / World Bank WDI,2026-09-02
HND,Honduras,2015,population,9237305,UN Population Division / World Bank WDI,2026-09-02
HND,Honduras,2014,population,9063122,UN Population Division / World Bank WDI,2026-09-02
HND,Honduras,2013,population,8889278,UN Population Division / World Bank WDI,2026-09-02
HND,Honduras,2012,population,8715076,UN Population Division / World Bank WDI,2026-09-02
HND,Honduras,2011,population,8540583,UN Population Division / World Bank WDI,2026-09-02
HND,Honduras,2010,population,8365878,UN Population Division / World Bank WDI,2026-09-02
HND,Honduras,2009,population,8189899,UN Population Division / World Bank WDI,2026-09-02
HND,Honduras,2008,population,8012587,UN Population Division / World Bank WDI,2026-09-02
HND,Honduras,2007,population,7834798,UN Population Division / World Bank WDI,2026-09-02
HND,Honduras,2006,population,7656832,UN Population Division / World Bank WDI,2026-09-02
HND,Honduras,2005,population,7478355,UN Population Division / World Bank WDI,2026-09-02
HND,Honduras,2004,population,7298994,UN Population Division / World Bank WDI,2026-09-02
HND,Honduras,2003,population,7119213,UN Population Division / World Bank WDI,2026-09-02
HND,Honduras,2002,population,6938859,UN Population Division / World Bank WDI,2026-09-02
HND,Honduras,2001,population,6757993,UN Population Division / World Bank WDI,2026-09-02
HND,Honduras,2000,population,6577773,UN Population Division / World Bank WDI,2026-09-02
HKG,"Hong Kong SAR, China",2023,population,7536100,UN Population Division / World Bank WDI,2026-09-02
HKG,"Hong Kong SAR, China",2022,population,7346100,UN Population Division / World Bank WDI,2026-09-02
HKG,"Hong Kong SAR, China",2021,population,7413100,UN Population Division / World Bank WDI,2026-09-02
HKG,"Hong Kong SAR, China",2020,population,7481000,UN Population Division / World Bank WDI,2026-09-02
HKG,"Hong Kong SAR, China",2019,population,7507900,UN Population Division / World Bank WDI,2026-09-02
HKG,"Hong Kong SAR, China",2018,population,7452600,UN Population Division / World Bank WDI,2026-09-02
HKG,"Hong Kong SAR, China",2017,population,7393200,UN Population Division / World Bank WDI,2026-09-02
HKG,"Hong Kong SAR, China",2016,population,7336600,UN Population Division / World Bank WDI,2026-09-02
HKG,"Hong Kong SAR, China",2015,population,7291300,UN Population Division / World Bank WDI,2026-09-02
HKG,"Hong Kong SAR, China",2014,population,7229500,UN Population Division / World Bank WDI,2026-09-02
HKG,"Hong Kong SAR, China",2013,population,7178900,UN Population Division / World Bank WDI,2026-09-02
HKG,"Hong Kong SAR, China",2012,population,7150100,UN Population Division / World Bank WDI,2026-09-02
HKG,"Hong Kong SAR, China",2011,population,7071600,UN Population Division / World Bank WDI,2026-09-02
HKG,"Hong Kong SAR, China",2010,population,7024200,UN Population Division / World Bank WDI,2026-09-02
HKG,"Hong Kong SAR, China",2009,population,6972800,UN Population Division / World Bank WDI,2026-09-02
HKG,"Hong Kong SAR, China",2008,population,6957800,UN Population Division / World Bank WDI,2026-09-02
HKG,"Hong Kong SAR, China",2007,population,6916300,UN Population Division / World Bank WDI,2026-09-02
HKG,"Hong Kong SAR, China",2006,population,6857100,UN Population Division / World Bank WDI,2026-09-02
HKG,"Hong Kong SAR, China",2005,population,6813200,UN Population Division / World Bank WDI,2026-09-02
HKG,"Hong Kong SAR, China",2004,population,6783500,UN Population Division / World Bank WDI,2026-09-02
HKG,"Hong Kong SAR, China",2003,population,6730800,UN Population Division / World Bank WDI,2026-09-02
HKG,"Hong Kong SAR, China",2002,population,6744100,UN Population Division / World Bank WDI,2026-09-02
HKG,"Hong Kong SAR, China",2001,population,6714300,UN Population Division / World Bank WDI,2026-09-02
HKG,"Hong Kong SAR, China",2000,population,6665000,UN Population Division / World Bank WDI,2026-09-02
HUN,Hungary,2023,population,9592186,UN Population Division / World Bank WDI,2026-09-02
HUN,Hungary,2022,population,9605074,UN Population Division / World Bank WDI,2026-09-02
HUN,Hungary,2021,population,9630932,UN Population Division / World Bank WDI,2026-09-02
HUN,Hungary,2020,population,9670419,UN Population Division / World Bank WDI,2026-09-02
HUN,Hungary,2019,population,9694824,UN Population Division / World Bank WDI,2026-09-02
HUN,Hungary,2018,population,9706964,UN Population Division / World Bank WDI,2026-09-02
HUN,Hungary,2017,population,9726756,UN Population Division / World Bank WDI,2026-09-02
HUN,Hungary,2016,population,9759755,UN Population Division / World Bank WDI,2026-09-02
HUN,Hungary,2015,population,9797755,UN Population Division / World Bank WDI,2026-09-02
HUN,Hungary,2014,population,9833038,UN Population Division / World Bank WDI,2026-09-02
HUN,Hungary,2013,population,9872734,UN Population Division / World Bank WDI,2026-09-02
HUN,Hungary,2012,population,9920362,UN Population Division / World Bank WDI,2026-09-02
HUN,Hungary,2011,population,9971727,UN Population Division / World Bank WDI,2026-09-02
HUN,Hungary,2010,population,10000023,UN Population Division / World Bank WDI,2026-09-02
HUN,Hungary,2009,population,10022650,UN Population Division / World Bank WDI,2026-09-02
HUN,Hungary,2008,population,10038188,UN Population Division / World Bank WDI,2026-09-02
HUN,Hungary,2007,population,10055780,UN Population Division / World Bank WDI,2026-09-02
HUN,Hungary,2006,population,10071370,UN Population Division / World Bank WDI,2026-09-02
HUN,Hungary,2005,population,10087065,UN Population Division / World Bank WDI,2026-09-02
HUN,Hungary,2004,population,10107146,UN Population Division / World Bank WDI,2026-09-02
HUN,Hungary,2003,population,10129552,UN Population Division / World Bank WDI,2026-09-02
HUN,Hungary,2002,population,10158608,UN Population Division / World Bank WDI,2026-09-02
HUN,Hungary,2001,population,10187576,UN Population Division / World Bank WDI,2026-09-02
HUN,Hungary,2000,population,10210971,UN Population Division / World Bank WDI,2026-09-02
ISL,Iceland,2023,population,385663,UN Population Division / World Bank WDI,2026-09-02
ISL,Iceland,2022,population,382003,UN Population Division / World Bank WDI,2026-09-02
ISL,Iceland,2021,population,372520,UN Population Division / World Bank WDI,2026-09-02
ISL,Iceland,2020,population,366463,UN Population Division / World Bank WDI,2026-09-02
ISL,Iceland,2019,population,360563,UN Population Division / World Bank WDI,2026-09-02
ISL,Iceland,2018,population,352721,UN Population Division / World Bank WDI,2026-09-02
ISL,Iceland,2017,population,343400,UN Population Division / World Bank WDI,2026-09-02
ISL,Iceland,2016,population,335439,UN Population Division / World Bank WDI,2026-09-02
ISL,Iceland,2015,population,330815,UN Population Division / World Bank WDI,2026-09-02
ISL,Iceland,2014,population,327386,UN Population Division / World Bank WDI,2026-09-02
ISL,Iceland,2013,population,323764,UN Population Division / World Bank WDI,2026-09-02
ISL,Iceland,2012,population,320716,UN Population Division / World Bank WDI,2026-09-02
ISL,Iceland,2011,population,319014,UN Population Division / World Bank WDI,2026-09-02
ISL,Iceland,2010,population,318041,UN Population Division / World Bank WDI,2026-09-02
ISL,Iceland,2009,population,318499,UN Population Division / World Bank WDI,2026-09-02
ISL,Iceland,2008,population,317414,UN Population Division / World Bank WDI,2026-09-02
ISL,Iceland,2007,population,311566,UN Population Division / World Bank WDI,2026-09-02
ISL,Iceland,2006,population,303782,UN Population Division / World Bank WDI,2026-09-02
ISL,Iceland,2005,population,296734,UN Population Division / World Bank WDI,2026-09-02
ISL,Iceland,2004,population,292074,UN Population Division / World Bank WDI,2026-09-02
ISL,Iceland,2003,population,289521,UN Population Division / World Bank WDI,2026-09-02
ISL,Iceland,2002,population,287523,UN Population Division / World Bank WDI,2026-09-02
ISL,Iceland,2001,population,284968,UN Population Division / World Bank WDI,2026-09-02
ISL,Iceland,2000,population,281205,UN Population Division / World Bank WDI,2026-09-02
IND,India,2023,population,1438069596,UN Population Division / World Bank WDI,2026-09-02
IND,India,2022,population,1425423212,UN Population Division / World Bank WDI,2026-09-02
IND,India,2021,population,1414203896,UN Population Division / World Bank WDI,2026-09-02
IND,India,2020,population,1402617695,UN Population Division / World Bank WDI,2026-09-02
IND,India,2019,population,1389030312,UN Population Division / World Bank WDI,2026-09-02
IND,India,2018,population,1374659064,UN Population Division / World Bank WDI,2026-09-02
IND,India,2017,population,1359657400,UN Population Division / World Bank WDI,2026-09-02
IND,India,2016,population,1343944296,UN Population Division / World Bank WDI,2026-09-02
IND,India,2015,population,1328024498,UN Population Division / World Bank WDI,2026-09-02
IND,India,2014,population,1312277191,UN Population Division / World Bank WDI,2026-09-02
IND,India,2013,population,1295829511,UN Population Division / World Bank WDI,2026-09-02
IND,India,2012,population,1278674502,UN Population Division / World Bank WDI,2026-09-02
IND,India,2011,population,1261224954,UN Population Division / World Bank WDI,2026-09-02
IND,India,2010,population,1243481564,UN Population Division / World Bank WDI,2026-09-02
IND,India,2009,population,1225524753,UN Population Division / World Bank WDI,2026-09-02
IND,India,2008,population,1207930964,UN Population Division / World Bank WDI,2026-09-02
IND,India,2007,population,1190676021,UN Population Division / World Bank WDI,2026-09-02
IND,India,2006,population,1172878890,UN Population Division / World Bank WDI,2026-09-02
IND,India,2005,population,1154676322,UN Population Division / World Bank WDI,2026-09-02
IND,India,2004,population,1135991513,UN Population Division / World Bank WDI,2026-09-02
IND,India,2003,population,1116803006,UN Population Division / World Bank WDI,2026-09-02
IND,India,2002,population,1097600380,UN Population Division / World Bank WDI,2026-09-02
IND,India,2001,population,1077898575,UN Population Division / World Bank WDI,2026-09-02
IND,India,2000,population,1057922733,UN Population Division / World Bank WDI,2026-09-02
IDN,Indonesia,2023,population,281190067,UN Population Division / World Bank WDI,2026-09-02
IDN,Indonesia,2022,population,278830529,UN Population Division / World Bank WDI,2026-09-02
IDN,Indonesia,2021,population,276758053,UN Population Division / World Bank WDI,2026-09-02
IDN,Indonesia,2020,population,274814866,UN Population Division / World Bank WDI,2026-09-02
IDN,Indonesia,2019,population,272489381,UN Population Division / World Bank WDI,2026-09-02
IDN,Indonesia,2018,population,269951846,UN Population Division / World Bank WDI,2026-09-02
IDN,Indonesia,2017,population,267346658,UN Population Division / World Bank WDI,2026-09-02
IDN,Indonesia,2016,population,264627418,UN Population Division / World Bank WDI,2026-09-02
IDN,Indonesia,2015,population,261799249,UN Population Division / World Bank WDI,2026-09-02
IDN,Indonesia,2014,population,258877399,UN Population Division / World Bank WDI,2026-09-02
IDN,Indonesia,2013,population,255852467,UN Population Division / World Bank WDI,2026-09-02
IDN,Indonesia,2012,population,252698525,UN Population Division / World Bank WDI,2026-09-02
IDN,Indonesia,2011,population,249470032,UN Population Division / World Bank WDI,2026-09-02
IDN,Indonesia,2010,population,246305322,UN Population Division / World Bank WDI,2026-09-02
IDN,Indonesia,2009,population,243220028,UN Population Division / World Bank WDI,2026-09-02
IDN,Indonesia,2008,population,240157903,UN Population Division / World Bank WDI,2026-09-02
IDN,Indonesia,2007,population,237062337,UN Population Division / World Bank WDI,2026-09-02
IDN,Indonesia,2006,population,233951652,UN Population Division / World Bank WDI,2026-09-02
IDN,Indonesia,2005,population,230871650,UN Population Division / World Bank WDI,2026-09-02
IDN,Indonesia,2004,population,227926649,UN Population Division / World Bank WDI,2026-09-02
IDN,Indonesia,2003,population,225048008,UN Population Division / World Bank WDI,2026-09-02
IDN,Indonesia,2002,population,222088495,UN Population Division / World Bank WDI,2026-09-02
IDN,Indonesia,2001,population,219097902,UN Population Division / World Bank WDI,2026-09-02
IDN,Indonesia,2000,population,216077790,UN Population Division / World Bank WDI,2026-09-02
IRN,"Iran, Islamic Rep.",2023,population,90608707,UN Population Division / World Bank WDI,2026-09-02
IRN,"Iran, Islamic Rep.",2022,population,89524246,UN Population Division / World Bank WDI,2026-09-02
IRN,"Iran, Islamic Rep.",2021,population,88455488,UN Population Division / World Bank WDI,2026-09-02
IRN,"Iran, Islamic Rep.",2020,population,87723443,UN Population Division / World Bank WDI,2026-09-02
IRN,"Iran, Islamic Rep.",2019,population,87051648,UN Population Division / World Bank WDI,2026-09-02
IRN,"Iran, Islamic Rep.",2018,population,86117998,UN Population Division / World Bank WDI,2026-09-02
IRN,"Iran, Islamic Rep.",2017,population,85026754,UN Population Division / World Bank WDI,2026-09-02
IRN,"Iran, Islamic Rep.",2016,population,83812228,UN Population Division / World Bank WDI,2026-09-02
IRN,"Iran, Islamic Rep.",2015,population,82619362,UN Population Division / World Bank WDI,2026-09-02
IRN,"Iran, Islamic Rep.",2014,population,81502045,UN Population Division / World Bank WDI,2026-09-02
IRN,"Iran, Islamic Rep.",2013,population,80414686,UN Population Division / World Bank WDI,2026-09-02
IRN,"Iran, Islamic Rep.",2012,population,79370580,UN Population Division / World Bank WDI,2026-09-02
IRN,"Iran, Islamic Rep.",2011,population,78383598,UN Population Division / World Bank WDI,2026-09-02
IRN,"Iran, Islamic Rep.",2010,population,77420842,UN Population Division / World Bank WDI,2026-09-02
IRN,"Iran, Islamic Rep.",2009,population,76457825,UN Population Division / World Bank WDI,2026-09-02
IRN,"Iran, Islamic Rep.",2008,population,75514204,UN Population Division / World Bank WDI,2026-09-02
IRN,"Iran, Islamic Rep.",2007,population,74602648,UN Population Division / World Bank WDI,2026-09-02
IRN,"Iran, Islamic Rep.",2006,population,73392747,UN Population Division / World Bank WDI,2026-09-02
IRN,"Iran, Islamic Rep.",2005,population,71828455,UN Population Division / World Bank WDI,2026-09-02
IRN,"Iran, Islamic Rep.",2004,population,70256316,UN Population Division / World Bank WDI,2026-09-02
IRN,"Iran, Islamic Rep.",2003,population,68769340,UN Population Division / World Bank WDI,2026-09-02
IRN,"Iran, Islamic Rep.",2002,population,68011317,UN Population Division / World Bank WDI,2026-09-02
IRN,"Iran, Islamic Rep.",2001,population,67452005,UN Population Division / World Bank WDI,2026-09-02
IRN,"Iran, Islamic Rep.",2000,population,66418659,UN Population Division / World Bank WDI,2026-09-02
IRQ,Iraq,2023,population,45074049,UN Population Division / World Bank WDI,2026-09-02
IRQ,Iraq,2022,population,44070551,UN Population Division / World Bank WDI,2026-09-02
IRQ,Iraq,2021,population,43071211,UN Population Division / World Bank WDI,2026-09-02
IRQ,Iraq,2020,population,42116605,UN Population Division / World Bank WDI,2026-09-02
IRQ,Iraq,2019,population,41192171,UN Population Division / World Bank WDI,2026-09-02
IRQ,Iraq,2018,population,40265624,UN Population Division / World Bank WDI,2026-09-02
IRQ,Iraq,2017,population,39337353,UN Population Division / World Bank WDI,2026-09-02
IRQ,Iraq,2016,population,38469627,UN Population Division / World Bank WDI,2026-09-02
IRQ,Iraq,2015,population,37560535,UN Population Division / World Bank WDI,2026-09-02
IRQ,Iraq,2014,population,36550059,UN Population Division / World Bank WDI,2026-09-02
IRQ,Iraq,2013,population,35281989,UN Population Division / World Bank WDI,2026-09-02
IRQ,Iraq,2012,population,33654842,UN Population Division / World Bank WDI,2026-09-02
IRQ,Iraq,2011,population,32161424,UN Population Division / World Bank WDI,2026-09-02
IRQ,Iraq,2010,population,31045366,UN Population Division / World Bank WDI,2026-09-02
IRQ,Iraq,2009,population,30058206,UN Population Division / World Bank WDI,2026-09-02
IRQ,Iraq,2008,population,28971036,UN Population Division / World Bank WDI,2026-09-02
IRQ,Iraq,2007,population,28391607,UN Population Division / World Bank WDI,2026-09-02
IRQ,Iraq,2006,population,28616515,UN Population Division / World Bank WDI,2026-09-02
IRQ,Iraq,2005,population,28407448,UN Population Division / World Bank WDI,2026-09-02
IRQ,Iraq,2004,population,27577878,UN Population Division / World Bank WDI,2026-09-02
IRQ,Iraq,2003,population,26802659,UN Population Division / World Bank WDI,2026-09-02
IRQ,Iraq,2002,population,26006559,UN Population Division / World Bank WDI,2026-09-02
IRQ,Iraq,2001,population,25197840,UN Population Division / World Bank WDI,2026-09-02
IRQ,Iraq,2000,population,24424056,UN Population Division / World Bank WDI,2026-09-02
IRL,Ireland,2023,population,5311538,UN Population Division / World Bank WDI,2026-09-02
IRL,Ireland,2022,population,5212836,UN Population Division / World Bank WDI,2026-09-02
IRL,Ireland,2021,population,5110585,UN Population Division / World Bank WDI,2026-09-02
IRL,Ireland,2020,population,5039747,UN Population Division / World Bank WDI,2026-09-02
IRL,Ireland,2019,population,4976456,UN Population Division / World Bank WDI,2026-09-02
IRL,Ireland,2018,population,4898022,UN Population Division / World Bank WDI,2026-09-02
IRL,Ireland,2017,population,4827445,UN Population Division / World Bank WDI,2026-09-02
IRL,Ireland,2016,population,4762722,UN Population Division / World Bank WDI,2026-09-02
IRL,Ireland,2015,population,4701957,UN Population Division / World Bank WDI,2026-09-02
IRL,Ireland,2014,population,4657740,UN Population Division / World Bank WDI,2026-09-02
IRL,Ireland,2013,population,4623816,UN Population Division / World Bank WDI,2026-09-02
IRL,Ireland,2012,population,4599533,UN Population Division / World Bank WDI,2026-09-02
IRL,Ireland,2011,population,4580084,UN Population Division / World Bank WDI,2026-09-02
IRL,Ireland,2010,population,4560155,UN Population Division / World Bank WDI,2026-09-02
IRL,Ireland,2009,population,4535375,UN Population Division / World Bank WDI,2026-09-02
IRL,Ireland,2008,population,4489544,UN Population Division / World Bank WDI,2026-09-02
IRL,Ireland,2007,population,4398942,UN Population Division / World Bank WDI,2026-09-02
IRL,Ireland,2006,population,4273591,UN Population Division / World Bank WDI,2026-09-02
IRL,Ireland,2005,population,4159914,UN Population Division / World Bank WDI,2026-09-02
IRL,Ireland,2004,population,4070262,UN Population Division / World Bank WDI,2026-09-02
IRL,Ireland,2003,population,3996521,UN Population Division / World Bank WDI,2026-09-02
IRL,Ireland,2002,population,3931947,UN Population Division / World Bank WDI,2026-09-02
IRL,Ireland,2001,population,3866243,UN Population Division / World Bank WDI,2026-09-02
IRL,Ireland,2000,population,3805174,UN Population Division / World Bank WDI,2026-09-02
IMN,Isle of Man,2023,population,84165,UN Population Division / World Bank WDI,2026-09-02
IMN,Isle of Man,2022,population,84132,UN Population Division / World Bank WDI,2026-09-02
IMN,Isle of Man,2021,population,84106,UN Population Division / World Bank WDI,2026-09-02
IMN,Isle of Man,2020,population,84064,UN Population Division / World Bank WDI,2026-09-02
IMN,Isle of Man,2019,population,83957,UN Population Division / World Bank WDI,2026-09-02
IMN,Isle of Man,2018,population,83805,UN Population Division / World Bank WDI,2026-09-02
IMN,Isle of Man,2017,population,83609,UN Population Division / World Bank WDI,2026-09-02
IMN,Isle of Man,2016,population,83466,UN Population Division / World Bank WDI,2026-09-02
IMN,Isle of Man,2015,population,83593,UN Population Division / World Bank WDI,2026-09-02
IMN,Isle of Man,2014,population,83892,UN Population Division / World Bank WDI,2026-09-02
IMN,Isle of Man,2013,population,84141,UN Population Division / World Bank WDI,2026-09-02
IMN,Isle of Man,2012,population,84335,UN Population Division / World Bank WDI,2026-09-02
IMN,Isle of Man,2011,population,84382,UN Population Division / World Bank WDI,2026-09-02
IMN,Isle of Man,2010,population,83873,UN Population Division / World Bank WDI,2026-09-02
IMN,Isle of Man,2009,population,82939,UN Population Division / World Bank WDI,2026-09-02
IMN,Isle of Man,2008,population,82029,UN Population Division / World Bank WDI,2026-09-02
IMN,Isle of Man,2007,population,81147,UN Population Division / World Bank WDI,2026-09-02
IMN,Isle of Man,2006,population,80294,UN Population Division / World Bank WDI,2026-09-02
IMN,Isle of Man,2005,population,79516,UN Population Division / World Bank WDI,2026-09-02
IMN,Isle of Man,2004,population,78792,UN Population Division / World Bank WDI,2026-09-02
IMN,Isle of Man,2003,population,78049,UN Population Division / World Bank WDI,2026-09-02
IMN,Isle of Man,2002,population,77275,UN Population Division / World Bank WDI,2026-09-02
IMN,Isle of Man,2001,population,76476,UN Population Division / World Bank WDI,2026-09-02
IMN,Isle of Man,2000,population,75659,UN Population Division / World Bank WDI,2026-09-02
ISR,Israel,2023,population,9849000,UN Population Division / World Bank WDI,2026-09-02
ISR,Israel,2022,population,9557500,UN Population Division / World Bank WDI,2026-09-02
ISR,Israel,2021,population,9371400,UN Population Division / World Bank WDI,2026-09-02
ISR,Israel,2020,population,9215100,UN Population Division / World Bank WDI,2026-09-02
ISR,Israel,2019,population,9054000,UN Population Division / World Bank WDI,2026-09-02
ISR,Israel,2018,population,8882800,UN Population Division / World Bank WDI,2026-09-02
ISR,Israel,2017,population,8713300,UN Population Division / World Bank WDI,2026-09-02
ISR,Israel,2016,population,8546000,UN Population Division / World Bank WDI,2026-09-02
ISR,Israel,2015,population,8380100,UN Population Division / World Bank WDI,2026-09-02
ISR,Israel,2014,population,8215700,UN Population Division / World Bank WDI,2026-09-02
ISR,Israel,2013,population,8059500,UN Population Division / World Bank WDI,2026-09-02
ISR,Israel,2012,population,7910500,UN Population Division / World Bank WDI,2026-09-02
ISR,Israel,2011,population,7765800,UN Population Division / World Bank WDI,2026-09-02
ISR,Israel,2010,population,7623600,UN Population Division / World Bank WDI,2026-09-02
ISR,Israel,2009,population,7485600,UN Population Division / World Bank WDI,2026-09-02
ISR,Israel,2008,population,7308800,UN Population Division / World Bank WDI,2026-09-02
ISR,Israel,2007,population,7180100,UN Population Division / World Bank WDI,2026-09-02
ISR,Israel,2006,population,7053700,UN Population Division / World Bank WDI,2026-09-02
ISR,Israel,2005,population,6930100,UN Population Division / World Bank WDI,2026-09-02
ISR,Israel,2004,population,6809000,UN Population Division / World Bank WDI,2026-09-02
ISR,Israel,2003,population,6689700,UN Population Division / World Bank WDI,2026-09-02
ISR,Israel,2002,population,6570000,UN Population Division / World Bank WDI,2026-09-02
ISR,Israel,2001,population,6439000,UN Population Division / World Bank WDI,2026-09-02
ISR,Israel,2000,population,6289000,UN Population Division / World Bank WDI,2026-09-02
ITA,Italy,2023,population,58984216,UN Population Division / World Bank WDI,2026-09-02
ITA,Italy,2022,population,59013667,UN Population Division / World Bank WDI,2026-09-02
ITA,Italy,2021,population,59133173,UN Population Division / World Bank WDI,2026-09-02
ITA,Italy,2020,population,59438851,UN Population Division / World Bank WDI,2026-09-02
ITA,Italy,2019,population,59729081,UN Population Division / World Bank WDI,2026-09-02
ITA,Italy,2018,population,59877221,UN Population Division / World Bank WDI,2026-09-02
ITA,Italy,2017,population,60002252,UN Population Division / World Bank WDI,2026-09-02
ITA,Italy,2016,population,60115223,UN Population Division / World Bank WDI,2026-09-02
ITA,Italy,2015,population,60229605,UN Population Division / World Bank WDI,2026-09-02
ITA,Italy,2014,population,60320707,UN Population Division / World Bank WDI,2026-09-02
ITA,Italy,2013,population,60311613,UN Population Division / World Bank WDI,2026-09-02
ITA,Italy,2012,population,60191247,UN Population Division / World Bank WDI,2026-09-02
ITA,Italy,2011,population,60026841,UN Population Division / World Bank WDI,2026-09-02
ITA,Italy,2010,population,59819407,UN Population Division / World Bank WDI,2026-09-02
ITA,Italy,2009,population,59555454,UN Population Division / World Bank WDI,2026-09-02
ITA,Italy,2008,population,59211181,UN Population Division / World Bank WDI,2026-09-02
ITA,Italy,2007,population,58756247,UN Population Division / World Bank WDI,2026-09-02
ITA,Italy,2006,population,58399861,UN Population Division / World Bank WDI,2026-09-02
ITA,Italy,2005,population,58166682,UN Population Division / World Bank WDI,2026-09-02
ITA,Italy,2004,population,57828179,UN Population Division / World Bank WDI,2026-09-02
ITA,Italy,2003,population,57399184,UN Population Division / World Bank WDI,2026-09-02
ITA,Italy,2002,population,57089824,UN Population Division / World Bank WDI,2026-09-02
ITA,Italy,2001,population,56976981,UN Population Division / World Bank WDI,2026-09-02
ITA,Italy,2000,population,56942108,UN Population Division / World Bank WDI,2026-09-02
JAM,Jamaica,2023,population,2839786,UN Population Division / World Bank WDI,2026-09-02
JAM,Jamaica,2022,population,2839144,UN Population Division / World Bank WDI,2026-09-02
JAM,Jamaica,2021,population,2837682,UN Population Division / World Bank WDI,2026-09-02
JAM,Jamaica,2020,population,2830739,UN Population Division / World Bank WDI,2026-09-02
JAM,Jamaica,2019,population,2823271,UN Population Division / World Bank WDI,2026-09-02
JAM,Jamaica,2018,population,2820097,UN Population Division / World Bank WDI,2026-09-02
JAM,Jamaica,2017,population,2815764,UN Population Division / World Bank WDI,2026-09-02
JAM,Jamaica,2016,population,2809915,UN Population Division / World Bank WDI,2026-09-02
JAM,Jamaica,2015,population,2802534,UN Population Division / World Bank WDI,2026-09-02
JAM,Jamaica,2014,population,2793749,UN Population Division / World Bank WDI,2026-09-02
JAM,Jamaica,2013,population,2783687,UN Population Division / World Bank WDI,2026-09-02
JAM,Jamaica,2012,population,2772430,UN Population Division / World Bank WDI,2026-09-02
JAM,Jamaica,2011,population,2760494,UN Population Division / World Bank WDI,2026-09-02
JAM,Jamaica,2010,population,2748568,UN Population Division / World Bank WDI,2026-09-02
JAM,Jamaica,2009,population,2736995,UN Population Division / World Bank WDI,2026-09-02
JAM,Jamaica,2008,population,2725635,UN Population Division / World Bank WDI,2026-09-02
JAM,Jamaica,2007,population,2713800,UN Population Division / World Bank WDI,2026-09-02
JAM,Jamaica,2006,population,2700968,UN Population Division / World Bank WDI,2026-09-02
JAM,Jamaica,2005,population,2687066,UN Population Division / World Bank WDI,2026-09-02
JAM,Jamaica,2004,population,2672225,UN Population Division / World Bank WDI,2026-09-02
JAM,Jamaica,2003,population,2656623,UN Population Division / World Bank WDI,2026-09-02
JAM,Jamaica,2002,population,2640572,UN Population Division / World Bank WDI,2026-09-02
JAM,Jamaica,2001,population,2624403,UN Population Division / World Bank WDI,2026-09-02
JAM,Jamaica,2000,population,2607826,UN Population Division / World Bank WDI,2026-09-02
JPN,Japan,2023,population,124516650,UN Population Division / World Bank WDI,2026-09-02
JPN,Japan,2022,population,125124989,UN Population Division / World Bank WDI,2026-09-02
JPN,Japan,2021,population,125681593,UN Population Division / World Bank WDI,2026-09-02
JPN,Japan,2020,population,126261000,UN Population Division / World Bank WDI,2026-09-02
JPN,Japan,2019,population,126633000,UN Population Division / World Bank WDI,2026-09-02
JPN,Japan,2018,population,126811000,UN Population Division / World Bank WDI,2026-09-02
JPN,Japan,2017,population,126972000,UN Population Division / World Bank WDI,2026-09-02
JPN,Japan,2016,population,127076000,UN Population Division / World Bank WDI,2026-09-02
JPN,Japan,2015,population,127141000,UN Population Division / World Bank WDI,2026-09-02
JPN,Japan,2014,population,127276000,UN Population Division / World Bank WDI,2026-09-02
JPN,Japan,2013,population,127445000,UN Population Division / World Bank WDI,2026-09-02
JPN,Japan,2012,population,127629000,UN Population Division / World Bank WDI,2026-09-02
JPN,Japan,2011,population,127833000,UN Population Division / World Bank WDI,2026-09-02
JPN,Japan,2010,population,128070000,UN Population Division / World Bank WDI,2026-09-02
JPN,Japan,2009,population,128047000,UN Population Division / World Bank WDI,2026-09-02
JPN,Japan,2008,population,128063000,UN Population Division / World Bank WDI,2026-09-02
JPN,Japan,2007,population,128001000,UN Population Division / World Bank WDI,2026-09-02
JPN,Japan,2006,population,127854000,UN Population Division / World Bank WDI,2026-09-02
JPN,Japan,2005,population,127773000,UN Population Division / World Bank WDI,2026-09-02
JPN,Japan,2004,population,127761000,UN Population Division / World Bank WDI,2026-09-02
JPN,Japan,2003,population,127718000,UN Population Division / World Bank WDI,2026-09-02
JPN,Japan,2002,population,127445000,UN Population Division / World Bank WDI,2026-09-02
JPN,Japan,2001,population,127149000,UN Population Division / World Bank WDI,2026-09-02
JPN,Japan,2000,population,126843000,UN Population Division / World Bank WDI,2026-09-02
JOR,Jordan,2023,population,11439213,UN Population Division / World Bank WDI,2026-09-02
JOR,Jordan,2022,population,11256263,UN Population Division / World Bank WDI,2026-09-02
JOR,Jordan,2021,population,11066356,UN Population Division / World Bank WDI,2026-09-02
JOR,Jordan,2020,population,10865228,UN Population Division / World Bank WDI,2026-09-02
JOR,Jordan,2019,population,10671891,UN Population Division / World Bank WDI,2026-09-02
JOR,Jordan,2018,population,10462306,UN Population Division / World Bank WDI,2026-09-02
JOR,Jordan,2017,population,10234226,UN Population Division / World Bank WDI,2026-09-02
JOR,Jordan,2016,population,10006367,UN Population Division / World Bank WDI,2026-09-02
JOR,Jordan,2015,population,9544729,UN Population Division / World Bank WDI,2026-09-02
JOR,Jordan,2014,population,8791710,UN Population Division / World Bank WDI,2026-09-02
JOR,Jordan,2013,population,7991809,UN Population Division / World Bank WDI,2026-09-02
JOR,Jordan,2012,population,7587127,UN Population Division / World Bank WDI,2026-09-02
JOR,Jordan,2011,population,7480424,UN Population Division / World Bank WDI,2026-09-02
JOR,Jordan,2010,population,7297043,UN Population Division / World Bank WDI,2026-09-02
JOR,Jordan,2009,population,7141753,UN Population Division / World Bank WDI,2026-09-02
JOR,Jordan,2008,population,6989866,UN Population Division / World Bank WDI,2026-09-02
JOR,Jordan,2007,population,6827227,UN Population Division / World Bank WDI,2026-09-02
JOR,Jordan,2006,population,6427371,UN Population Division / World Bank WDI,2026-09-02
JOR,Jordan,2005,population,6029587,UN Population Division / World Bank WDI,2026-09-02
JOR,Jordan,2004,population,5882061,UN Population Division / World Bank WDI,2026-09-02
JOR,Jordan,2003,population,5741828,UN Population Division / World Bank WDI,2026-09-02
JOR,Jordan,2002,population,5616066,UN Population Division / World Bank WDI,2026-09-02
JOR,Jordan,2001,population,5498894,UN Population Division / World Bank WDI,2026-09-02
JOR,Jordan,2000,population,5386945,UN Population Division / World Bank WDI,2026-09-02
KAZ,Kazakhstan,2023,population,20330104,UN Population Division / World Bank WDI,2026-09-02
KAZ,Kazakhstan,2022,population,20034609,UN Population Division / World Bank WDI,2026-09-02
KAZ,Kazakhstan,2021,population,19743603,UN Population Division / World Bank WDI,2026-09-02
KAZ,Kazakhstan,2020,population,19482117,UN Population Division / World Bank WDI,2026-09-02
KAZ,Kazakhstan,2019,population,19209555,UN Population Division / World Bank WDI,2026-09-02
KAZ,Kazakhstan,2018,population,18932727,UN Population Division / World Bank WDI,2026-09-02
KAZ,Kazakhstan,2017,population,18651931,UN Population Division / World Bank WDI,2026-09-02
KAZ,Kazakhstan,2016,population,18363600,UN Population Division / World Bank WDI,2026-09-02
KAZ,Kazakhstan,2015,population,18084169,UN Population Division / World Bank WDI,2026-09-02
KAZ,Kazakhstan,2014,population,17816285,UN Population Division / World Bank WDI,2026-09-02
KAZ,Kazakhstan,2013,population,17556502,UN Population Division / World Bank WDI,2026-09-02
KAZ,Kazakhstan,2012,population,17306106,UN Population Division / World Bank WDI,2026-09-02
KAZ,Kazakhstan,2011,population,17066002,UN Population Division / World Bank WDI,2026-09-02
KAZ,Kazakhstan,2010,population,16836810,UN Population Division / World Bank WDI,2026-09-02
KAZ,Kazakhstan,2009,population,16619846,UN Population Division / World Bank WDI,2026-09-02
KAZ,Kazakhstan,2008,population,16426525,UN Population Division / World Bank WDI,2026-09-02
KAZ,Kazakhstan,2007,population,16257214,UN Population Division / World Bank WDI,2026-09-02
KAZ,Kazakhstan,2006,population,16103716,UN Population Division / World Bank WDI,2026-09-02
KAZ,Kazakhstan,2005,population,15968117,UN Population Division / World Bank WDI,2026-09-02
KAZ,Kazakhstan,2004,population,15850159,UN Population Division / World Bank WDI,2026-09-02
KAZ,Kazakhstan,2003,population,15747380,UN Population Division / World Bank WDI,2026-09-02
KAZ,Kazakhstan,2002,population,15656677,UN Population Division / World Bank WDI,2026-09-02
KAZ,Kazakhstan,2001,population,15575550,UN Population Division / World Bank WDI,2026-09-02
KAZ,Kazakhstan,2000,population,15501103,UN Population Division / World Bank WDI,2026-09-02
KEN,Kenya,2023,population,55339003,UN Population Division / World Bank WDI,2026-09-02
KEN,Kenya,2022,population,54252461,UN Population Division / World Bank WDI,2026-09-02
KEN,Kenya,2021,population,53219166,UN Population Division / World Bank WDI,2026-09-02
KEN,Kenya,2020,population,52217334,UN Population Division / World Bank WDI,2026-09-02
KEN,Kenya,2019,population,51202827,UN Population Division / World Bank WDI,2026-09-02
KEN,Kenya,2018,population,50207107,UN Population Division / World Bank WDI,2026-09-02
KEN,Kenya,2017,population,49197766,UN Population Division / World Bank WDI,2026-09-02
KEN,Kenya,2016,population,48139687,UN Population Division / World Bank WDI,2026-09-02
KEN,Kenya,2015,population,47088526,UN Population Division / World Bank WDI,2026-09-02
KEN,Kenya,2014,population,46051440,UN Population Division / World Bank WDI,2026-09-02
KEN,Kenya,2013,population,44986791,UN Population Division / World Bank WDI,2026-09-02
KEN,Kenya,2012,population,43888303,UN Population Division / World Bank WDI,2026-09-02
KEN,Kenya,2011,population,42758461,UN Population Division / World Bank WDI,2026-09-02
KEN,Kenya,2010,population,41598567,UN Population Division / World Bank WDI,2026-09-02
KEN,Kenya,2009,population,40408891,UN Population Division / World Bank WDI,2026-09-02
KEN,Kenya,2008,population,39206351,UN Population Division / World Bank WDI,2026-09-02
KEN,Kenya,2007,population,38036349,UN Population Division / World Bank WDI,2026-09-02
KEN,Kenya,2006,population,36904008,UN Population Division / World Bank WDI,2026-09-02
KEN,Kenya,2005,population,35796484,UN Population Division / World Bank WDI,2026-09-02
KEN,Kenya,2004,population,34713455,UN Population Division / World Bank WDI,2026-09-02
KEN,Kenya,2003,population,33652223,UN Population Division / World Bank WDI,2026-09-02
KEN,Kenya,2002,population,32629808,UN Population Division / World Bank WDI,2026-09-02
KEN,Kenya,2001,population,31619170,UN Population Division / World Bank WDI,2026-09-02
KEN,Kenya,2000,population,30642890,UN Population Division / World Bank WDI,2026-09-02
KIR,Kiribati,2023,population,132530,UN Population Division / World Bank WDI,2026-09-02
KIR,Kiribati,2022,population,130469,UN Population Division / World Bank WDI,2026-09-02
KIR,Kiribati,2021,population,128377,UN Population Division / World Bank WDI,2026-09-02
KIR,Kiribati,2020,population,126099,UN Population Division / World Bank WDI,2026-09-02
KIR,Kiribati,2019,population,123921,UN Population Division / World Bank WDI,2026-09-02
KIR,Kiribati,2018,population,122084,UN Population Division / World Bank WDI,2026-09-02
KIR,Kiribati,2017,population,120275,UN Population Division / World Bank WDI,2026-09-02
KIR,Kiribati,2016,population,118478,UN Population Division / World Bank WDI,2026-09-02
KIR,Kiribati,2015,population,116815,UN Population Division / World Bank WDI,2026-09-02
KIR,Kiribati,2014,population,115326,UN Population Division / World Bank WDI,2026-09-02
KIR,Kiribati,2013,population,113838,UN Population Division / World Bank WDI,2026-09-02
KIR,Kiribati,2012,population,112284,UN Population Division / World Bank WDI,2026-09-02
KIR,Kiribati,2011,population,110647,UN Population Division / World Bank WDI,2026-09-02
KIR,Kiribati,2010,population,108704,UN Population Division / World Bank WDI,2026-09-02
KIR,Kiribati,2009,population,106467,UN Population Division / World Bank WDI,2026-09-02
KIR,Kiribati,2008,population,104222,UN Population Division / World Bank WDI,2026-09-02
KIR,Kiribati,2007,population,102068,UN Population Division / World Bank WDI,2026-09-02
KIR,Kiribati,2006,population,100017,UN Population Division / World Bank WDI,2026-09-02
KIR,Kiribati,2005,population,98035,UN Population Division / World Bank WDI,2026-09-02
KIR,Kiribati,2004,population,96085,UN Population Division / World Bank WDI,2026-09-02
KIR,Kiribati,2003,population,94175,UN Population Division / World Bank WDI,2026-09-02
KIR,Kiribati,2002,population,92264,UN Population Division / World Bank WDI,2026-09-02
KIR,Kiribati,2001,population,90335,UN Population Division / World Bank WDI,2026-09-02
KIR,Kiribati,2000,population,88613,UN Population Division / World Bank WDI,2026-09-02
PRK,"Korea, Dem. People's Rep.",2023,population,26418204,UN Population Division / World Bank WDI,2026-09-02
PRK,"Korea, Dem. People's Rep.",2022,population,26328845,UN Population Division / World Bank WDI,2026-09-02
PRK,"Korea, Dem. People's Rep.",2021,population,26232534,UN Population Division / World Bank WDI,2026-09-02
PRK,"Korea, Dem. People's Rep.",2020,population,26136312,UN Population Division / World Bank WDI,2026-09-02
PRK,"Korea, Dem. People's Rep.",2019,population,26037632,UN Population Division / World Bank WDI,2026-09-02
PRK,"Korea, Dem. People's Rep.",2018,population,25931147,UN Population Division / World Bank WDI,2026-09-02
PRK,"Korea, Dem. People's Rep.",2017,population,25817709,UN Population Division / World Bank WDI,2026-09-02
PRK,"Korea, Dem. People's Rep.",2016,population,25698326,UN Population Division / World Bank WDI,2026-09-02
PRK,"Korea, Dem. People's Rep.",2015,population,25575350,UN Population Division / World Bank WDI,2026-09-02
PRK,"Korea, Dem. People's Rep.",2014,population,25451262,UN Population Division / World Bank WDI,2026-09-02
PRK,"Korea, Dem. People's Rep.",2013,population,25329451,UN Population Division / World Bank WDI,2026-09-02
PRK,"Korea, Dem. People's Rep.",2012,population,25211728,UN Population Division / World Bank WDI,2026-09-02
PRK,"Korea, Dem. People's Rep.",2011,population,25097874,UN Population Division / World Bank WDI,2026-09-02
PRK,"Korea, Dem. People's Rep.",2010,population,24987258,UN Population Division / World Bank WDI,2026-09-02
PRK,"Korea, Dem. People's Rep.",2009,population,24878332,UN Population Division / World Bank WDI,2026-09-02
PRK,"Korea, Dem. People's Rep.",2008,population,24764618,UN Population Division / World Bank WDI,2026-09-02
PRK,"Korea, Dem. People's Rep.",2007,population,24646383,UN Population Division / World Bank WDI,2026-09-02
PRK,"Korea, Dem. People's Rep.",2006,population,24524507,UN Population Division / World Bank WDI,2026-09-02
PRK,"Korea, Dem. People's Rep.",2005,population,24396433,UN Population Division / World Bank WDI,2026-09-02
PRK,"Korea, Dem. People's Rep.",2004,population,24254943,UN Population Division / World Bank WDI,2026-09-02
PRK,"Korea, Dem. People's Rep.",2003,population,24090380,UN Population Division / World Bank WDI,2026-09-02
PRK,"Korea, Dem. People's Rep.",2002,population,23943973,UN Population Division / World Bank WDI,2026-09-02
PRK,"Korea, Dem. People's Rep.",2001,population,23815358,UN Population Division / World Bank WDI,2026-09-02
PRK,"Korea, Dem. People's Rep.",2000,population,23665910,UN Population Division / World Bank WDI,2026-09-02
KOR,"Korea, Rep.",2023,population,51712619,UN Population Division / World Bank WDI,2026-09-02
KOR,"Korea, Rep.",2022,population,51672569,UN Population Division / World Bank WDI,2026-09-02
KOR,"Korea, Rep.",2021,population,51769539,UN Population Division / World Bank WDI,2026-09-02
KOR,"Korea, Rep.",2020,population,51836239,UN Population Division / World Bank WDI,2026-09-02
KOR,"Korea, Rep.",2019,population,51764822,UN Population Division / World Bank WDI,2026-09-02
KOR,"Korea, Rep.",2018,population,51585058,UN Population Division / World Bank WDI,2026-09-02
KOR,"Korea, Rep.",2017,population,51361911,UN Population Division / World Bank WDI,2026-09-02
KOR,"Korea, Rep.",2016,population,51217803,UN Population Division / World Bank WDI,2026-09-02
KOR,"Korea, Rep.",2015,population,51014947,UN Population Division / World Bank WDI,2026-09-02
KOR,"Korea, Rep.",2014,population,50746659,UN Population Division / World Bank WDI,2026-09-02
KOR,"Korea, Rep.",2013,population,50428893,UN Population Division / World Bank WDI,2026-09-02
KOR,"Korea, Rep.",2012,population,50199853,UN Population Division / World Bank WDI,2026-09-02
KOR,"Korea, Rep.",2011,population,49936638,UN Population Division / World Bank WDI,2026-09-02
KOR,"Korea, Rep.",2010,population,49554112,UN Population Division / World Bank WDI,2026-09-02
KOR,"Korea, Rep.",2009,population,49307835,UN Population Division / World Bank WDI,2026-09-02
KOR,"Korea, Rep.",2008,population,49054708,UN Population Division / World Bank WDI,2026-09-02
KOR,"Korea, Rep.",2007,population,48683638,UN Population Division / World Bank WDI,2026-09-02
KOR,"Korea, Rep.",2006,population,48438292,UN Population Division / World Bank WDI,2026-09-02
KOR,"Korea, Rep.",2005,population,48184561,UN Population Division / World Bank WDI,2026-09-02
KOR,"Korea, Rep.",2004,population,48082519,UN Population Division / World Bank WDI,2026-09-02
KOR,"Korea, Rep.",2003,population,47892330,UN Population Division / World Bank WDI,2026-09-02
KOR,"Korea, Rep.",2002,population,47644736,UN Population Division / World Bank WDI,2026-09-02
KOR,"Korea, Rep.",2001,population,47370164,UN Population Division / World Bank WDI,2026-09-02
KOR,"Korea, Rep.",2000,population,47008111,UN Population Division / World Bank WDI,2026-09-02
XKX,Kosovo,2023,population,1682668,UN Population Division / World Bank WDI,2026-09-02
XKX,Kosovo,2022,population,1768096,UN Population Division / World Bank WDI,2026-09-02
XKX,Kosovo,2021,population,1786079,UN Population Division / World Bank WDI,2026-09-02
XKX,Kosovo,2020,population,1790151,UN Population Division / World Bank WDI,2026-09-02
XKX,Kosovo,2019,population,1788891,UN Population Division / World Bank WDI,2026-09-02
XKX,Kosovo,2018,population,1797086,UN Population Division / World Bank WDI,2026-09-02
XKX,Kosovo,2017,population,1791019,UN Population Division / World Bank WDI,2026-09-02
XKX,Kosovo,2016,population,1777568,UN Population Division / World Bank WDI,2026-09-02
XKX,Kosovo,2015,population,1788274,UN Population Division / World Bank WDI,2026-09-02
XKX,Kosovo,2014,population,1812788,UN Population Division / World Bank WDI,2026-09-02
XKX,Kosovo,2013,population,1818119,UN Population Division / World Bank WDI,2026-09-02
XKX,Kosovo,2012,population,1807126,UN Population Division / World Bank WDI,2026-09-02
XKX,Kosovo,2011,population,1791949,UN Population Division / World Bank WDI,2026-09-02
XKX,Kosovo,2010,population,1788743,UN Population Division / World Bank WDI,2026-09-02
XKX,Kosovo,2009,population,1794681,UN Population Division / World Bank WDI,2026-09-02
XKX,Kosovo,2008,population,1800858,UN Population Division / World Bank WDI,2026-09-02
XKX,Kosovo,2007,population,1807094,UN Population Division / World Bank WDI,2026-09-02
XKX,Kosovo,2006,population,1813079,UN Population Division / World Bank WDI,2026-09-02
XKX,Kosovo,2005,population,1818354,UN Population Division / World Bank WDI,2026-09-02
XKX,Kosovo,2004,population,1822773,UN Population Division / World Bank WDI,2026-09-02
XKX,Kosovo,2003,population,1826434,UN Population Division / World Bank WDI,2026-09-02
XKX,Kosovo,2002,population,1829462,UN Population Division / World Bank WDI,2026-09-02
XKX,Kosovo,2001,population,1820009,UN Population Division / World Bank WDI,2026-09-02
XKX,Kosovo,2000,population,1802493,UN Population Division / World Bank WDI,2026-09-02
KWT,Kuwait,2023,population,4853420,UN Population Division / World Bank WDI,2026-09-02
KWT,Kuwait,2022,population,4589643,UN Population Division / World Bank WDI,2026-09-02
KWT,Kuwait,2021,population,4360865,UN Population Division / World Bank WDI,2026-09-02
KWT,Kuwait,2020,population,4400267,UN Population Division / World Bank WDI,2026-09-02
KWT,Kuwait,2019,population,4442316,UN Population Division / World Bank WDI,2026-09-02
KWT,Kuwait,2018,population,4323515,UN Population Division / World Bank WDI,2026-09-02
KWT,Kuwait,2017,population,4154812,UN Population Division / World Bank WDI,2026-09-02
KWT,Kuwait,2016,population,4004096,UN Population Division / World Bank WDI,2026-09-02
KWT,Kuwait,2015,population,3834574,UN Population Division / World Bank WDI,2026-09-02
KWT,Kuwait,2014,population,3665876,UN Population Division / World Bank WDI,2026-09-02
KWT,Kuwait,2013,population,3507844,UN Population Division / World Bank WDI,2026-09-02
KWT,Kuwait,2012,population,3337109,UN Population Division / World Bank WDI,2026-09-02
KWT,Kuwait,2011,population,3132814,UN Population Division / World Bank WDI,2026-09-02
KWT,Kuwait,2010,population,2943372,UN Population Division / World Bank WDI,2026-09-02
KWT,Kuwait,2009,population,2795484,UN Population Division / World Bank WDI,2026-09-02
KWT,Kuwait,2008,population,2651421,UN Population Division / World Bank WDI,2026-09-02
KWT,Kuwait,2007,population,2507887,UN Population Division / World Bank WDI,2026-09-02
KWT,Kuwait,2006,population,2364733,UN Population Division / World Bank WDI,2026-09-02
KWT,Kuwait,2005,population,2236788,UN Population Division / World Bank WDI,2026-09-02
KWT,Kuwait,2004,population,2157320,UN Population Division / World Bank WDI,2026-09-02
KWT,Kuwait,2003,population,2109881,UN Population Division / World Bank WDI,2026-09-02
KWT,Kuwait,2002,population,2059974,UN Population Division / World Bank WDI,2026-09-02
KWT,Kuwait,2001,population,2008121,UN Population Division / World Bank WDI,2026-09-02
KWT,Kuwait,2000,population,1954709,UN Population Division / World Bank WDI,2026-09-02
KGZ,Kyrgyz Republic,2023,population,7099750,UN Population Division / World Bank WDI,2026-09-02
KGZ,Kyrgyz Republic,2022,population,6975220,UN Population Division / World Bank WDI,2026-09-02
KGZ,Kyrgyz Republic,2021,population,6851224,UN Population Division / World Bank WDI,2026-09-02
KGZ,Kyrgyz Republic,2020,population,6726596,UN Population Division / World Bank WDI,2026-09-02
KGZ,Kyrgyz Republic,2019,population,6590211,UN Population Division / World Bank WDI,2026-09-02
KGZ,Kyrgyz Republic,2018,population,6444079,UN Population Division / World Bank WDI,2026-09-02
KGZ,Kyrgyz Republic,2017,population,6306696,UN Population Division / World Bank WDI,2026-09-02
KGZ,Kyrgyz Republic,2016,population,6175338,UN Population Division / World Bank WDI,2026-09-02
KGZ,Kyrgyz Republic,2015,population,6040036,UN Population Division / World Bank WDI,2026-09-02
KGZ,Kyrgyz Republic,2014,population,5905848,UN Population Division / World Bank WDI,2026-09-02
KGZ,Kyrgyz Republic,2013,population,5777150,UN Population Division / World Bank WDI,2026-09-02
KGZ,Kyrgyz Republic,2012,population,5652076,UN Population Division / World Bank WDI,2026-09-02
KGZ,Kyrgyz Republic,2011,population,5546587,UN Population Division / World Bank WDI,2026-09-02
KGZ,Kyrgyz Republic,2010,population,5467059,UN Population Division / World Bank WDI,2026-09-02
KGZ,Kyrgyz Republic,2009,population,5389643,UN Population Division / World Bank WDI,2026-09-02
KGZ,Kyrgyz Republic,2008,population,5318729,UN Population Division / World Bank WDI,2026-09-02
KGZ,Kyrgyz Republic,2007,population,5268385,UN Population Division / World Bank WDI,2026-09-02
KGZ,Kyrgyz Republic,2006,population,5218373,UN Population Division / World Bank WDI,2026-09-02
KGZ,Kyrgyz Republic,2005,population,5162640,UN Population Division / World Bank WDI,2026-09-02
KGZ,Kyrgyz Republic,2004,population,5104713,UN Population Division / World Bank WDI,2026-09-02
KGZ,Kyrgyz Republic,2003,population,5043308,UN Population Division / World Bank WDI,2026-09-02
KGZ,Kyrgyz Republic,2002,population,4990704,UN Population Division / World Bank WDI,2026-09-02
KGZ,Kyrgyz Republic,2001,population,4945073,UN Population Division / World Bank WDI,2026-09-02
KGZ,Kyrgyz Republic,2000,population,4898362,UN Population Division / World Bank WDI,2026-09-02
LAO,Lao PDR,2023,population,7664993,UN Population Division / World Bank WDI,2026-09-02
LAO,Lao PDR,2022,population,7559007,UN Population Division / World Bank WDI,2026-09-02
LAO,Lao PDR,2021,population,7453194,UN Population Division / World Bank WDI,2026-09-02
LAO,Lao PDR,2020,population,7346533,UN Population Division / World Bank WDI,2026-09-02
LAO,Lao PDR,2019,population,7237636,UN Population Division / World Bank WDI,2026-09-02
LAO,Lao PDR,2018,population,7128045,UN Population Division / World Bank WDI,2026-09-02
LAO,Lao PDR,2017,population,7018147,UN Population Division / World Bank WDI,2026-09-02
LAO,Lao PDR,2016,population,6908802,UN Population Division / World Bank WDI,2026-09-02
LAO,Lao PDR,2015,population,6801645,UN Population Division / World Bank WDI,2026-09-02
LAO,Lao PDR,2014,population,6703172,UN Population Division / World Bank WDI,2026-09-02
LAO,Lao PDR,2013,population,6611385,UN Population Division / World Bank WDI,2026-09-02
LAO,Lao PDR,2012,population,6518978,UN Population Division / World Bank WDI,2026-09-02
LAO,Lao PDR,2011,population,6426590,UN Population Division / World Bank WDI,2026-09-02
LAO,Lao PDR,2010,population,6334194,UN Population Division / World Bank WDI,2026-09-02
LAO,Lao PDR,2009,population,6241642,UN Population Division / World Bank WDI,2026-09-02
LAO,Lao PDR,2008,population,6148969,UN Population Division / World Bank WDI,2026-09-02
LAO,Lao PDR,2007,population,6056236,UN Population Division / World Bank WDI,2026-09-02
LAO,Lao PDR,2006,population,5963200,UN Population Division / World Bank WDI,2026-09-02
LAO,Lao PDR,2005,population,5869523,UN Population Division / World Bank WDI,2026-09-02
LAO,Lao PDR,2004,population,5781626,UN Population Division / World Bank WDI,2026-09-02
LAO,Lao PDR,2003,population,5697945,UN Population Division / World Bank WDI,2026-09-02
LAO,Lao PDR,2002,population,5610889,UN Population Division / World Bank WDI,2026-09-02
LAO,Lao PDR,2001,population,5521482,UN Population Division / World Bank WDI,2026-09-02
LAO,Lao PDR,2000,population,5431212,UN Population Division / World Bank WDI,2026-09-02
LVA,Latvia,2023,population,1883710,UN Population Division / World Bank WDI,2026-09-02
LVA,Latvia,2022,population,1879383,UN Population Division / World Bank WDI,2026-09-02
LVA,Latvia,2021,population,1884490,UN Population Division / World Bank WDI,2026-09-02
LVA,Latvia,2020,population,1900449,UN Population Division / World Bank WDI,2026-09-02
LVA,Latvia,2019,population,1913822,UN Population Division / World Bank WDI,2026-09-02
LVA,Latvia,2018,population,1927174,UN Population Division / World Bank WDI,2026-09-02
LVA,Latvia,2017,population,1942248,UN Population Division / World Bank WDI,2026-09-02
LVA,Latvia,2016,population,1959537,UN Population Division / World Bank WDI,2026-09-02
LVA,Latvia,2015,population,1977527,UN Population Division / World Bank WDI,2026-09-02
LVA,Latvia,2014,population,1993782,UN Population Division / World Bank WDI,2026-09-02
LVA,Latvia,2013,population,2012647,UN Population Division / World Bank WDI,2026-09-02
LVA,Latvia,2012,population,2034319,UN Population Division / World Bank WDI,2026-09-02
LVA,Latvia,2011,population,2059709,UN Population Division / World Bank WDI,2026-09-02
LVA,Latvia,2010,population,2097555,UN Population Division / World Bank WDI,2026-09-02
LVA,Latvia,2009,population,2141669,UN Population Division / World Bank WDI,2026-09-02
LVA,Latvia,2008,population,2177322,UN Population Division / World Bank WDI,2026-09-02
LVA,Latvia,2007,population,2200325,UN Population Division / World Bank WDI,2026-09-02
LVA,Latvia,2006,population,2218357,UN Population Division / World Bank WDI,2026-09-02
LVA,Latvia,2005,population,2238799,UN Population Division / World Bank WDI,2026-09-02
LVA,Latvia,2004,population,2263122,UN Population Division / World Bank WDI,2026-09-02
LVA,Latvia,2003,population,2287955,UN Population Division / World Bank WDI,2026-09-02
LVA,Latvia,2002,population,2310173,UN Population Division / World Bank WDI,2026-09-02
LVA,Latvia,2001,population,2337170,UN Population Division / World Bank WDI,2026-09-02
LVA,Latvia,2000,population,2367550,UN Population Division / World Bank WDI,2026-09-02
LBN,Lebanon,2023,population,5773493,UN Population Division / World Bank WDI,2026-09-02
LBN,Lebanon,2022,population,5744489,UN Population Division / World Bank WDI,2026-09-02
LBN,Lebanon,2021,population,5718122,UN Population Division / World Bank WDI,2026-09-02
LBN,Lebanon,2020,population,5702398,UN Population Division / World Bank WDI,2026-09-02
LBN,Lebanon,2019,population,5794594,UN Population Division / World Bank WDI,2026-09-02
LBN,Lebanon,2018,population,5984119,UN Population Division / World Bank WDI,2026-09-02
LBN,Lebanon,2017,population,6160128,UN Population Division / World Bank WDI,2026-09-02
LBN,Lebanon,2016,population,6323060,UN Population Division / World Bank WDI,2026-09-02
LBN,Lebanon,2015,population,6472469,UN Population Division / World Bank WDI,2026-09-02
LBN,Lebanon,2014,population,6346990,UN Population Division / World Bank WDI,2026-09-02
LBN,Lebanon,2013,population,5743436,UN Population Division / World Bank WDI,2026-09-02
LBN,Lebanon,2012,population,5235742,UN Population Division / World Bank WDI,2026-09-02
LBN,Lebanon,2011,population,5096020,UN Population Division / World Bank WDI,2026-09-02
LBN,Lebanon,2010,population,5041288,UN Population Division / World Bank WDI,2026-09-02
LBN,Lebanon,2009,population,4992287,UN Population Division / World Bank WDI,2026-09-02
LBN,Lebanon,2008,population,4925354,UN Population Division / World Bank WDI,2026-09-02
LBN,Lebanon,2007,population,4844118,UN Population Division / World Bank WDI,2026-09-02
LBN,Lebanon,2006,population,4751136,UN Population Division / World Bank WDI,2026-09-02
LBN,Lebanon,2005,population,4671102,UN Population Division / World Bank WDI,2026-09-02
LBN,Lebanon,2004,population,4599279,UN Population Division / World Bank WDI,2026-09-02
LBN,Lebanon,2003,population,4525508,UN Population Division / World Bank WDI,2026-09-02
LBN,Lebanon,2002,population,4463504,UN Population Division / World Bank WDI,2026-09-02
LBN,Lebanon,2001,population,4401918,UN Population Division / World Bank WDI,2026-09-02
LBN,Lebanon,2000,population,4329340,UN Population Division / World Bank WDI,2026-09-02
LSO,Lesotho,2023,population,2311472,UN Population Division / World Bank WDI,2026-09-02
LSO,Lesotho,2022,population,2286110,UN Population Division / World Bank WDI,2026-09-02
LSO,Lesotho,2021,population,2261542,UN Population Division / World Bank WDI,2026-09-02
LSO,Lesotho,2020,population,2235727,UN Population Division / World Bank WDI,2026-09-02
LSO,Lesotho,2019,population,2209405,UN Population Division / World Bank WDI,2026-09-02
LSO,Lesotho,2018,population,2183603,UN Population Division / World Bank WDI,2026-09-02
LSO,Lesotho,2017,population,2157110,UN Population Division / World Bank WDI,2026-09-02
LSO,Lesotho,2016,population,2130422,UN Population Division / World Bank WDI,2026-09-02
LSO,Lesotho,2015,population,2104611,UN Population Division / World Bank WDI,2026-09-02
LSO,Lesotho,2014,population,2080089,UN Population Division / World Bank WDI,2026-09-02
LSO,Lesotho,2013,population,2056504,UN Population Division / World Bank WDI,2026-09-02
LSO,Lesotho,2012,population,2034354,UN Population Division / World Bank WDI,2026-09-02
LSO,Lesotho,2011,population,2014009,UN Population Division / World Bank WDI,2026-09-02
LSO,Lesotho,2010,population,1996251,UN Population Division / World Bank WDI,2026-09-02
LSO,Lesotho,2009,population,1980883,UN Population Division / World Bank WDI,2026-09-02
LSO,Lesotho,2008,population,1966541,UN Population Division / World Bank WDI,2026-09-02
LSO,Lesotho,2007,population,1953268,UN Population Division / World Bank WDI,2026-09-02
LSO,Lesotho,2006,population,1945063,UN Population Division / World Bank WDI,2026-09-02
LSO,Lesotho,2005,population,1953076,UN Population Division / World Bank WDI,2026-09-02
LSO,Lesotho,2004,population,1971129,UN Population Division / World Bank WDI,2026-09-02
LSO,Lesotho,2003,population,1985059,UN Population Division / World Bank WDI,2026-09-02
LSO,Lesotho,2002,population,1994679,UN Population Division / World Bank WDI,2026-09-02
LSO,Lesotho,2001,population,2000853,UN Population Division / World Bank WDI,2026-09-02
LSO,Lesotho,2000,population,2003913,UN Population Division / World Bank WDI,2026-09-02
LBR,Liberia,2023,population,5493031,UN Population Division / World Bank WDI,2026-09-02
LBR,Liberia,2022,population,5373294,UN Population Division / World Bank WDI,2026-09-02
LBR,Liberia,2021,population,5259323,UN Population Division / World Bank WDI,2026-09-02
LBR,Liberia,2020,population,5149463,UN Population Division / World Bank WDI,2026-09-02
LBR,Liberia,2019,population,5043721,UN Population Division / World Bank WDI,2026-09-02
LBR,Liberia,2018,population,4944726,UN Population Division / World Bank WDI,2026-09-02
LBR,Liberia,2017,population,4848925,UN Population Division / World Bank WDI,2026-09-02
LBR,Liberia,2016,population,4755608,UN Population Division / World Bank WDI,2026-09-02
LBR,Liberia,2015,population,4659431,UN Population Division / World Bank WDI,2026-09-02
LBR,Liberia,2014,population,4564293,UN Population Division / World Bank WDI,2026-09-02
LBR,Liberia,2013,population,4470239,UN Population Division / World Bank WDI,2026-09-02
LBR,Liberia,2012,population,4373043,UN Population Division / World Bank WDI,2026-09-02
LBR,Liberia,2011,population,4221178,UN Population Division / World Bank WDI,2026-09-02
LBR,Liberia,2010,population,4058890,UN Population Division / World Bank WDI,2026-09-02
LBR,Liberia,2009,population,3943028,UN Population Division / World Bank WDI,2026-09-02
LBR,Liberia,2008,population,3821003,UN Population Division / World Bank WDI,2026-09-02
LBR,Liberia,2007,population,3669050,UN Population Division / World Bank WDI,2026-09-02
LBR,Liberia,2006,population,3490787,UN Population Division / World Bank WDI,2026-09-02
LBR,Liberia,2005,population,3301015,UN Population Division / World Bank WDI,2026-09-02
LBR,Liberia,2004,population,3156892,UN Population Division / World Bank WDI,2026-09-02
LBR,Liberia,2003,population,3119532,UN Population Division / World Bank WDI,2026-09-02
LBR,Liberia,2002,population,3094782,UN Population Division / World Bank WDI,2026-09-02
LBR,Liberia,2001,population,3015338,UN Population Division / World Bank WDI,2026-09-02
LBR,Liberia,2000,population,2928117,UN Population Division / World Bank WDI,2026-09-02
LBY,Libya,2023,population,7305659,UN Population Division / World Bank WDI,2026-09-02
LBY,Libya,2022,population,7223805,UN Population Division / World Bank WDI,2026-09-02
LBY,Libya,2021,population,7135175,UN Population Division / World Bank WDI,2026-09-02
LBY,Libya,2020,population,7045399,UN Population Division / World Bank WDI,2026-09-02
LBY,Libya,2019,population,6951033,UN Population Division / World Bank WDI,2026-09-02
LBY,Libya,2018,population,6849055,UN Population Division / World Bank WDI,2026-09-02
LBY,Libya,2017,population,6738770,UN Population Division / World Bank WDI,2026-09-02
LBY,Libya,2016,population,6632126,UN Population Division / World Bank WDI,2026-09-02
LBY,Libya,2015,population,6531819,UN Population Division / World Bank WDI,2026-09-02
LBY,Libya,2014,population,6427252,UN Population Division / World Bank WDI,2026-09-02
LBY,Libya,2013,population,6304628,UN Population Division / World Bank WDI,2026-09-02
LBY,Libya,2012,population,6179328,UN Population Division / World Bank WDI,2026-09-02
LBY,Libya,2011,population,6343203,UN Population Division / World Bank WDI,2026-09-02
LBY,Libya,2010,population,6497839,UN Population Division / World Bank WDI,2026-09-02
LBY,Libya,2009,population,6366686,UN Population Division / World Bank WDI,2026-09-02
LBY,Libya,2008,population,6235430,UN Population Division / World Bank WDI,2026-09-02
LBY,Libya,2007,population,6104380,UN Population Division / World Bank WDI,2026-09-02
LBY,Libya,2006,population,5980211,UN Population Division / World Bank WDI,2026-09-02
LBY,Libya,2005,population,5858798,UN Population Division / World Bank WDI,2026-09-02
LBY,Libya,2004,population,5736693,UN Population Division / World Bank WDI,2026-09-02
LBY,Libya,2003,population,5619398,UN Population Division / World Bank WDI,2026-09-02
LBY,Libya,2002,population,5508410,UN Population Division / World Bank WDI,2026-09-02
LBY,Libya,2001,population,5403639,UN Population Division / World Bank WDI,2026-09-02
LBY,Libya,2000,population,5305021,UN Population Division / World Bank WDI,2026-09-02
LIE,Liechtenstein,2023,population,39846,UN Population Division / World Bank WDI,2026-09-02
LIE,Liechtenstein,2022,population,39493,UN Population Division / World Bank WDI,2026-09-02
LIE,Liechtenstein,2021,population,39182,UN Population Division / World Bank WDI,2026-09-02
LIE,Liechtenstein,2020,population,38901,UN Population Division / World Bank WDI,2026-09-02
LIE,Liechtenstein,2019,population,38563,UN Population Division / World Bank WDI,2026-09-02
LIE,Liechtenstein,2018,population,38246,UN Population Division / World Bank WDI,2026-09-02
LIE,Liechtenstein,2017,population,37962,UN Population Division / World Bank WDI,2026-09-02
LIE,Liechtenstein,2016,population,37716,UN Population Division / World Bank WDI,2026-09-02
LIE,Liechtenstein,2015,population,37494,UN Population Division / World Bank WDI,2026-09-02
LIE,Liechtenstein,2014,population,37248,UN Population Division / World Bank WDI,2026-09-02
LIE,Liechtenstein,2013,population,36984,UN Population Division / World Bank WDI,2026-09-02
LIE,Liechtenstein,2012,population,36657,UN Population Division / World Bank WDI,2026-09-02
LIE,Liechtenstein,2011,population,36312,UN Population Division / World Bank WDI,2026-09-02
LIE,Liechtenstein,2010,population,36022,UN Population Division / World Bank WDI,2026-09-02
LIE,Liechtenstein,2009,population,35742,UN Population Division / World Bank WDI,2026-09-02
LIE,Liechtenstein,2008,population,35473,UN Population Division / World Bank WDI,2026-09-02
LIE,Liechtenstein,2007,population,35262,UN Population Division / World Bank WDI,2026-09-02
LIE,Liechtenstein,2006,population,35037,UN Population Division / World Bank WDI,2026-09-02
LIE,Liechtenstein,2005,population,34753,UN Population Division / World Bank WDI,2026-09-02
LIE,Liechtenstein,2004,population,34447,UN Population Division / World Bank WDI,2026-09-02
LIE,Liechtenstein,2003,population,34079,UN Population Division / World Bank WDI,2026-09-02
LIE,Liechtenstein,2002,population,33694,UN Population Division / World Bank WDI,2026-09-02
LIE,Liechtenstein,2001,population,33194,UN Population Division / World Bank WDI,2026-09-02
LIE,Liechtenstein,2000,population,32645,UN Population Division / World Bank WDI,2026-09-02
LTU,Lithuania,2023,population,2871585,UN Population Division / World Bank WDI,2026-09-02
LTU,Lithuania,2022,population,2831639,UN Population Division / World Bank WDI,2026-09-02
LTU,Lithuania,2021,population,2808380,UN Population Division / World Bank WDI,2026-09-02
LTU,Lithuania,2020,population,2810369,UN Population Division / World Bank WDI,2026-09-02
LTU,Lithuania,2019,population,2811089,UN Population Division / World Bank WDI,2026-09-02
LTU,Lithuania,2018,population,2819200,UN Population Division / World Bank WDI,2026-09-02
LTU,Lithuania,2017,population,2842639,UN Population Division / World Bank WDI,2026-09-02
LTU,Lithuania,2016,population,2877325,UN Population Division / World Bank WDI,2026-09-02
LTU,Lithuania,2015,population,2911109,UN Population Division / World Bank WDI,2026-09-02
LTU,Lithuania,2014,population,2937253,UN Population Division / World Bank WDI,2026-09-02
LTU,Lithuania,2013,population,2961250,UN Population Division / World Bank WDI,2026-09-02
LTU,Lithuania,2012,population,2989139,UN Population Division / World Bank WDI,2026-09-02
LTU,Lithuania,2011,population,3028115,UN Population Division / World Bank WDI,2026-09-02
LTU,Lithuania,2010,population,3097282,UN Population Division / World Bank WDI,2026-09-02
LTU,Lithuania,2009,population,3162916,UN Population Division / World Bank WDI,2026-09-02
LTU,Lithuania,2008,population,3198231,UN Population Division / World Bank WDI,2026-09-02
LTU,Lithuania,2007,population,3231294,UN Population Division / World Bank WDI,2026-09-02
LTU,Lithuania,2006,population,3269909,UN Population Division / World Bank WDI,2026-09-02
LTU,Lithuania,2005,population,3322528,UN Population Division / World Bank WDI,2026-09-02
LTU,Lithuania,2004,population,3377075,UN Population Division / World Bank WDI,2026-09-02
LTU,Lithuania,2003,population,3415213,UN Population Division / World Bank WDI,2026-09-02
LTU,Lithuania,2002,population,3443067,UN Population Division / World Bank WDI,2026-09-02
LTU,Lithuania,2001,population,3470818,UN Population Division / World Bank WDI,2026-09-02
LTU,Lithuania,2000,population,3499536,UN Population Division / World Bank WDI,2026-09-02
LUX,Luxembourg,2023,population,666430,UN Population Division / World Bank WDI,2026-09-02
LUX,Luxembourg,2022,population,653103,UN Population Division / World Bank WDI,2026-09-02
LUX,Luxembourg,2021,population,640064,UN Population Division / World Bank WDI,2026-09-02
LUX,Luxembourg,2020,population,630419,UN Population Division / World Bank WDI,2026-09-02
LUX,Luxembourg,2019,population,620001,UN Population Division / World Bank WDI,2026-09-02
LUX,Luxembourg,2018,population,607950,UN Population Division / World Bank WDI,2026-09-02
LUX,Luxembourg,2017,population,596336,UN Population Division / World Bank WDI,2026-09-02
LUX,Luxembourg,2016,population,582014,UN Population Division / World Bank WDI,2026-09-02
LUX,Luxembourg,2015,population,569604,UN Population Division / World Bank WDI,2026-09-02
LUX,Luxembourg,2014,population,556319,UN Population Division / World Bank WDI,2026-09-02
LUX,Luxembourg,2013,population,543360,UN Population Division / World Bank WDI,2026-09-02
LUX,Luxembourg,2012,population,530946,UN Population Division / World Bank WDI,2026-09-02
LUX,Luxembourg,2011,population,518347,UN Population Division / World Bank WDI,2026-09-02
LUX,Luxembourg,2010,population,506953,UN Population Division / World Bank WDI,2026-09-02
LUX,Luxembourg,2009,population,497783,UN Population Division / World Bank WDI,2026-09-02
LUX,Luxembourg,2008,population,488650,UN Population Division / World Bank WDI,2026-09-02
LUX,Luxembourg,2007,population,479993,UN Population Division / World Bank WDI,2026-09-02
LUX,Luxembourg,2006,population,472637,UN Population Division / World Bank WDI,2026-09-02
LUX,Luxembourg,2005,population,465158,UN Population Division / World Bank WDI,2026-09-02
LUX,Luxembourg,2004,population,458095,UN Population Division / World Bank WDI,2026-09-02
LUX,Luxembourg,2003,population,451630,UN Population Division / World Bank WDI,2026-09-02
LUX,Luxembourg,2002,population,446175,UN Population Division / World Bank WDI,2026-09-02
LUX,Luxembourg,2001,population,441525,UN Population Division / World Bank WDI,2026-09-02
LUX,Luxembourg,2000,population,436300,UN Population Division / World Bank WDI,2026-09-02
MAC,"Macao SAR, China",2023,population,678800,UN Population Division / World Bank WDI,2026-09-02
MAC,"Macao SAR, China",2022,population,677300,UN Population Division / World Bank WDI,2026-09-02
MAC,"Macao SAR, China",2021,population,682500,UN Population Division / World Bank WDI,2026-09-02
MAC,"Macao SAR, China",2020,population,685400,UN Population Division / World Bank WDI,2026-09-02
MAC,"Macao SAR, China",2019,population,672000,UN Population Division / World Bank WDI,2026-09-02
MAC,"Macao SAR, China",2018,population,658900,UN Population Division / World Bank WDI,2026-09-02
MAC,"Macao SAR, China",2017,population,648400,UN Population Division / World Bank WDI,2026-09-02
MAC,"Macao SAR, China",2016,population,652500,UN Population Division / World Bank WDI,2026-09-02
MAC,"Macao SAR, China",2015,population,642900,UN Population Division / World Bank WDI,2026-09-02
MAC,"Macao SAR, China",2014,population,621700,UN Population Division / World Bank WDI,2026-09-02
MAC,"Macao SAR, China",2013,population,591900,UN Population Division / World Bank WDI,2026-09-02
MAC,"Macao SAR, China",2012,population,567900,UN Population Division / World Bank WDI,2026-09-02
MAC,"Macao SAR, China",2011,population,549600,UN Population Division / World Bank WDI,2026-09-02
MAC,"Macao SAR, China",2010,population,537000,UN Population Division / World Bank WDI,2026-09-02
MAC,"Macao SAR, China",2009,population,535000,UN Population Division / World Bank WDI,2026-09-02
MAC,"Macao SAR, China",2008,population,540700,UN Population Division / World Bank WDI,2026-09-02
MAC,"Macao SAR, China",2007,population,520900,UN Population Division / World Bank WDI,2026-09-02
MAC,"Macao SAR, China",2006,population,498900,UN Population Division / World Bank WDI,2026-09-02
MAC,"Macao SAR, China",2005,population,473500,UN Population Division / World Bank WDI,2026-09-02
MAC,"Macao SAR, China",2004,population,454700,UN Population Division / World Bank WDI,2026-09-02
MAC,"Macao SAR, China",2003,population,443600,UN Population Division / World Bank WDI,2026-09-02
MAC,"Macao SAR, China",2002,population,438400,UN Population Division / World Bank WDI,2026-09-02
MAC,"Macao SAR, China",2001,population,433900,UN Population Division / World Bank WDI,2026-09-02
MAC,"Macao SAR, China",2000,population,430600,UN Population Division / World Bank WDI,2026-09-02
MDG,Madagascar,2023,population,31195932,UN Population Division / World Bank WDI,2026-09-02
MDG,Madagascar,2022,population,30437261,UN Population Division / World Bank WDI,2026-09-02
MDG,Madagascar,2021,population,29691083,UN Population Division / World Bank WDI,2026-09-02
MDG,Madagascar,2020,population,28953556,UN Population Division / World Bank WDI,2026-09-02
MDG,Madagascar,2019,population,28219554,UN Population Division / World Bank WDI,2026-09-02
MDG,Madagascar,2018,population,27494926,UN Population Division / World Bank WDI,2026-09-02
MDG,Madagascar,2017,population,26788375,UN Population Division / World Bank WDI,2026-09-02
MDG,Madagascar,2016,population,26099952,UN Population Division / World Bank WDI,2026-09-02
MDG,Madagascar,2015,population,25426702,UN Population Division / World Bank WDI,2026-09-02
MDG,Madagascar,2014,population,24764348,UN Population Division / World Bank WDI,2026-09-02
MDG,Madagascar,2013,population,24109290,UN Population Division / World Bank WDI,2026-09-02
MDG,Madagascar,2012,population,23462438,UN Population Division / World Bank WDI,2026-09-02
MDG,Madagascar,2011,population,22822300,UN Population Division / World Bank WDI,2026-09-02
MDG,Madagascar,2010,population,22183340,UN Population Division / World Bank WDI,2026-09-02
MDG,Madagascar,2009,population,21547280,UN Population Division / World Bank WDI,2026-09-02
MDG,Madagascar,2008,population,20923840,UN Population Division / World Bank WDI,2026-09-02
MDG,Madagascar,2007,population,20318583,UN Population Division / World Bank WDI,2026-09-02
MDG,Madagascar,2006,population,19730909,UN Population Division / World Bank WDI,2026-09-02
MDG,Madagascar,2005,population,19159707,UN Population Division / World Bank WDI,2026-09-02
MDG,Madagascar,2004,population,18606608,UN Population Division / World Bank WDI,2026-09-02
MDG,Madagascar,2003,population,18071854,UN Population Division / World Bank WDI,2026-09-02
MDG,Madagascar,2002,population,17549913,UN Population Division / World Bank WDI,2026-09-02
MDG,Madagascar,2001,population,17032939,UN Population Division / World Bank WDI,2026-09-02
MDG,Madagascar,2000,population,16516338,UN Population Division / World Bank WDI,2026-09-02
MWI,Malawi,2023,population,21104482,UN Population Division / World Bank WDI,2026-09-02
MWI,Malawi,2022,population,20568728,UN Population Division / World Bank WDI,2026-09-02
MWI,Malawi,2021,population,20047258,UN Population Division / World Bank WDI,2026-09-02
MWI,Malawi,2020,population,19533888,UN Population Division / World Bank WDI,2026-09-02
MWI,Malawi,2019,population,19025752,UN Population Division / World Bank WDI,2026-09-02
MWI,Malawi,2018,population,18528081,UN Population Division / World Bank WDI,2026-09-02
MWI,Malawi,2017,population,18039715,UN Population Division / World Bank WDI,2026-09-02
MWI,Malawi,2016,population,17557739,UN Population Division / World Bank WDI,2026-09-02
MWI,Malawi,2015,population,17085587,UN Population Division / World Bank WDI,2026-09-02
MWI,Malawi,2014,population,16621538,UN Population Division / World Bank WDI,2026-09-02
MWI,Malawi,2013,population,16161816,UN Population Division / World Bank WDI,2026-09-02
MWI,Malawi,2012,population,15709577,UN Population Division / World Bank WDI,2026-09-02
MWI,Malawi,2011,population,15265022,UN Population Division / World Bank WDI,2026-09-02
MWI,Malawi,2010,population,14826463,UN Population Division / World Bank WDI,2026-09-02
MWI,Malawi,2009,population,14395788,UN Population Division / World Bank WDI,2026-09-02
MWI,Malawi,2008,population,13976417,UN Population Division / World Bank WDI,2026-09-02
MWI,Malawi,2007,population,13576343,UN Population Division / World Bank WDI,2026-09-02
MWI,Malawi,2006,population,13198701,UN Population Division / World Bank WDI,2026-09-02
MWI,Malawi,2005,population,12840031,UN Population Division / World Bank WDI,2026-09-02
MWI,Malawi,2004,population,12500737,UN Population Division / World Bank WDI,2026-09-02
MWI,Malawi,2003,population,12181574,UN Population Division / World Bank WDI,2026-09-02
MWI,Malawi,2002,population,11880440,UN Population Division / World Bank WDI,2026-09-02
MWI,Malawi,2001,population,11593058,UN Population Division / World Bank WDI,2026-09-02
MWI,Malawi,2000,population,11315942,UN Population Division / World Bank WDI,2026-09-02
MYS,Malaysia,2023,population,35126298,UN Population Division / World Bank WDI,2026-09-02
MYS,Malaysia,2022,population,34695493,UN Population Division / World Bank WDI,2026-09-02
MYS,Malaysia,2021,population,34282399,UN Population Division / World Bank WDI,2026-09-02
MYS,Malaysia,2020,population,33889558,UN Population Division / World Bank WDI,2026-09-02
MYS,Malaysia,2019,population,33440596,UN Population Division / World Bank WDI,2026-09-02
MYS,Malaysia,2018,population,32910967,UN Population Division / World Bank WDI,2026-09-02
MYS,Malaysia,2017,population,32355644,UN Population Division / World Bank WDI,2026-09-02
MYS,Malaysia,2016,population,31789685,UN Population Division / World Bank WDI,2026-09-02
MYS,Malaysia,2015,population,31232798,UN Population Division / World Bank WDI,2026-09-02
MYS,Malaysia,2014,population,30696137,UN Population Division / World Bank WDI,2026-09-02
MYS,Malaysia,2013,population,30174265,UN Population Division / World Bank WDI,2026-09-02
MYS,Malaysia,2012,population,29662831,UN Population Division / World Bank WDI,2026-09-02
MYS,Malaysia,2011,population,29162039,UN Population Division / World Bank WDI,2026-09-02
MYS,Malaysia,2010,population,28655776,UN Population Division / World Bank WDI,2026-09-02
MYS,Malaysia,2009,population,28124778,UN Population Division / World Bank WDI,2026-09-02
MYS,Malaysia,2008,population,27570059,UN Population Division / World Bank WDI,2026-09-02
MYS,Malaysia,2007,population,26998389,UN Population Division / World Bank WDI,2026-09-02
MYS,Malaysia,2006,population,26417909,UN Population Division / World Bank WDI,2026-09-02
MYS,Malaysia,2005,population,25836071,UN Population Division / World Bank WDI,2026-09-02
MYS,Malaysia,2004,population,25256772,UN Population Division / World Bank WDI,2026-09-02
MYS,Malaysia,2003,population,24679602,UN Population Division / World Bank WDI,2026-09-02
MYS,Malaysia,2002,population,24102477,UN Population Division / World Bank WDI,2026-09-02
MYS,Malaysia,2001,population,23526538,UN Population Division / World Bank WDI,2026-09-02
MYS,Malaysia,2000,population,22967816,UN Population Division / World Bank WDI,2026-09-02
MDV,Maldives,2023,population,525994,UN Population Division / World Bank WDI,2026-09-02
MDV,Maldives,2022,population,524106,UN Population Division / World Bank WDI,2026-09-02
MDV,Maldives,2021,population,516154,UN Population Division / World Bank WDI,2026-09-02
MDV,Maldives,2020,population,502118,UN Population Division / World Bank WDI,2026-09-02
MDV,Maldives,2019,population,487731,UN Population Division / World Bank WDI,2026-09-02
MDV,Maldives,2018,population,473099,UN Population Division / World Bank WDI,2026-09-02
MDV,Maldives,2017,population,458287,UN Population Division / World Bank WDI,2026-09-02
MDV,Maldives,2016,population,443308,UN Population Division / World Bank WDI,2026-09-02
MDV,Maldives,2015,population,428154,UN Population Division / World Bank WDI,2026-09-02
MDV,Maldives,2014,population,413617,UN Population Division / World Bank WDI,2026-09-02
MDV,Maldives,2013,population,400070,UN Population Division / World Bank WDI,2026-09-02
MDV,Maldives,2012,population,386818,UN Population Division / World Bank WDI,2026-09-02
MDV,Maldives,2011,population,373674,UN Population Division / World Bank WDI,2026-09-02
MDV,Maldives,2010,population,360792,UN Population Division / World Bank WDI,2026-09-02
MDV,Maldives,2009,population,348275,UN Population Division / World Bank WDI,2026-09-02
MDV,Maldives,2008,population,336170,UN Population Division / World Bank WDI,2026-09-02
MDV,Maldives,2007,population,324479,UN Population Division / World Bank WDI,2026-09-02
MDV,Maldives,2006,population,313851,UN Population Division / World Bank WDI,2026-09-02
MDV,Maldives,2005,population,306429,UN Population Division / World Bank WDI,2026-09-02
MDV,Maldives,2004,population,301413,UN Population Division / World Bank WDI,2026-09-02
MDV,Maldives,2003,population,296491,UN Population Division / World Bank WDI,2026-09-02
MDV,Maldives,2002,population,291616,UN Population Division / World Bank WDI,2026-09-02
MDV,Maldives,2001,population,286767,UN Population Division / World Bank WDI,2026-09-02
MDV,Maldives,2000,population,282019,UN Population Division / World Bank WDI,2026-09-02
MLI,Mali,2023,population,23769127,UN Population Division / World Bank WDI,2026-09-02
MLI,Mali,2022,population,23072640,UN Population Division / World Bank WDI,2026-09-02
MLI,Mali,2021,population,22388630,UN Population Division / World Bank WDI,2026-09-02
MLI,Mali,2020,population,21713836,UN Population Division / World Bank WDI,2026-09-02
MLI,Mali,2019,population,21068405,UN Population Division / World Bank WDI,2026-09-02
MLI,Mali,2018,population,20442030,UN Population Division / World Bank WDI,2026-09-02
MLI,Mali,2017,population,19813011,UN Population Division / World Bank WDI,2026-09-02
MLI,Mali,2016,population,19191289,UN Population Division / World Bank WDI,2026-09-02
MLI,Mali,2015,population,18593022,UN Population Division / World Bank WDI,2026-09-02
MLI,Mali,2014,population,18020267,UN Population Division / World Bank WDI,2026-09-02
MLI,Mali,2013,population,17459615,UN Population Division / World Bank WDI,2026-09-02
MLI,Mali,2012,population,16957033,UN Population Division / World Bank WDI,2026-09-02
MLI,Mali,2011,population,16469049,UN Population Division / World Bank WDI,2026-09-02
MLI,Mali,2010,population,15945198,UN Population Division / World Bank WDI,2026-09-02
MLI,Mali,2009,population,15435539,UN Population Division / World Bank WDI,2026-09-02
MLI,Mali,2008,population,14940782,UN Population Division / World Bank WDI,2026-09-02
MLI,Mali,2007,population,14457775,UN Population Division / World Bank WDI,2026-09-02
MLI,Mali,2006,population,13990139,UN Population Division / World Bank WDI,2026-09-02
MLI,Mali,2005,population,13538647,UN Population Division / World Bank WDI,2026-09-02
MLI,Mali,2004,population,13102409,UN Population Division / World Bank WDI,2026-09-02
MLI,Mali,2003,population,12684955,UN Population Division / World Bank WDI,2026-09-02
MLI,Mali,2002,population,12288050,UN Population Division / World Bank WDI,2026-09-02
MLI,Mali,2001,population,11912158,UN Population Division / World Bank WDI,2026-09-02
MLI,Mali,2000,population,11559290,UN Population Division / World Bank WDI,2026-09-02
MLT,Malta,2023,population,552747,UN Population Division / World Bank WDI,2026-09-02
MLT,Malta,2022,population,531113,UN Population Division / World Bank WDI,2026-09-02
MLT,Malta,2021,population,518150,UN Population Division / World Bank WDI,2026-09-02
MLT,Malta,2020,population,515490,UN Population Division / World Bank WDI,2026-09-02
MLT,Malta,2019,population,503912,UN Population Division / World Bank WDI,2026-09-02
MLT,Malta,2018,population,483903,UN Population Division / World Bank WDI,2026-09-02
MLT,Malta,2017,population,467106,UN Population Division / World Bank WDI,2026-09-02
MLT,Malta,2016,population,454505,UN Population Division / World Bank WDI,2026-09-02
MLT,Malta,2015,population,444220,UN Population Division / World Bank WDI,2026-09-02
MLT,Malta,2014,population,433481,UN Population Division / World Bank WDI,2026-09-02
MLT,Malta,2013,population,424810,UN Population Division / World Bank WDI,2026-09-02
MLT,Malta,2012,population,420028,UN Population Division / World Bank WDI,2026-09-02
MLT,Malta,2011,population,416268,UN Population Division / World Bank WDI,2026-09-02
MLT,Malta,2010,population,414508,UN Population Division / World Bank WDI,2026-09-02
MLT,Malta,2009,population,412477,UN Population Division / World Bank WDI,2026-09-02
MLT,Malta,2008,population,409379,UN Population Division / World Bank WDI,2026-09-02
MLT,Malta,2007,population,406724,UN Population Division / World Bank WDI,2026-09-02
MLT,Malta,2006,population,405308,UN Population Division / World Bank WDI,2026-09-02
MLT,Malta,2005,population,403834,UN Population Division / World Bank WDI,2026-09-02
MLT,Malta,2004,population,401268,UN Population Division / World Bank WDI,2026-09-02
MLT,Malta,2003,population,398582,UN Population Division / World Bank WDI,2026-09-02
MLT,Malta,2002,population,395969,UN Population Division / World Bank WDI,2026-09-02
MLT,Malta,2001,population,393028,UN Population Division / World Bank WDI,2026-09-02
MLT,Malta,2000,population,390087,UN Population Division / World Bank WDI,2026-09-02
MHL,Marshall Islands,2023,population,38827,UN Population Division / World Bank WDI,2026-09-02
MHL,Marshall Islands,2022,population,40077,UN Population Division / World Bank WDI,2026-09-02
MHL,Marshall Islands,2021,population,41367,UN Population Division / World Bank WDI,2026-09-02
MHL,Marshall Islands,2020,population,42706,UN Population Division / World Bank WDI,2026-09-02
MHL,Marshall Islands,2019,population,44007,UN Population Division / World Bank WDI,2026-09-02
MHL,Marshall Islands,2018,population,45285,UN Population Division / World Bank WDI,2026-09-02
MHL,Marshall Islands,2017,population,46529,UN Population Division / World Bank WDI,2026-09-02
MHL,Marshall Islands,2016,population,47709,UN Population Division / World Bank WDI,2026-09-02
MHL,Marshall Islands,2015,population,48800,UN Population Division / World Bank WDI,2026-09-02
MHL,Marshall Islands,2014,population,49796,UN Population Division / World Bank WDI,2026-09-02
MHL,Marshall Islands,2013,population,50681,UN Population Division / World Bank WDI,2026-09-02
MHL,Marshall Islands,2012,population,51419,UN Population Division / World Bank WDI,2026-09-02
MHL,Marshall Islands,2011,population,51907,UN Population Division / World Bank WDI,2026-09-02
MHL,Marshall Islands,2010,population,52044,UN Population Division / World Bank WDI,2026-09-02
MHL,Marshall Islands,2009,population,52019,UN Population Division / World Bank WDI,2026-09-02
MHL,Marshall Islands,2008,population,52030,UN Population Division / World Bank WDI,2026-09-02
MHL,Marshall Islands,2007,population,52035,UN Population Division / World Bank WDI,2026-09-02
MHL,Marshall Islands,2006,population,51992,UN Population Division / World Bank WDI,2026-09-02
MHL,Marshall Islands,2005,population,51906,UN Population Division / World Bank WDI,2026-09-02
MHL,Marshall Islands,2004,population,51791,UN Population Division / World Bank WDI,2026-09-02
MHL,Marshall Islands,2003,population,51639,UN Population Division / World Bank WDI,2026-09-02
MHL,Marshall Islands,2002,population,51425,UN Population Division / World Bank WDI,2026-09-02
MHL,Marshall Islands,2001,population,51123,UN Population Division / World Bank WDI,2026-09-02
MHL,Marshall Islands,2000,population,50706,UN Population Division / World Bank WDI,2026-09-02
MRT,Mauritania,2023,population,5022441,UN Population Division / World Bank WDI,2026-09-02
MRT,Mauritania,2022,population,4875637,UN Population Division / World Bank WDI,2026-09-02
MRT,Mauritania,2021,population,4734874,UN Population Division / World Bank WDI,2026-09-02
MRT,Mauritania,2020,population,4600131,UN Population Division / World Bank WDI,2026-09-02
MRT,Mauritania,2019,population,4467708,UN Population Division / World Bank WDI,2026-09-02
MRT,Mauritania,2018,population,4337685,UN Population Division / World Bank WDI,2026-09-02
MRT,Mauritania,2017,population,4210600,UN Population Division / World Bank WDI,2026-09-02
MRT,Mauritania,2016,population,4086657,UN Population Division / World Bank WDI,2026-09-02
MRT,Mauritania,2015,population,3965959,UN Population Division / World Bank WDI,2026-09-02
MRT,Mauritania,2014,population,3848514,UN Population Division / World Bank WDI,2026-09-02
MRT,Mauritania,2013,population,3734318,UN Population Division / World Bank WDI,2026-09-02
MRT,Mauritania,2012,population,3619034,UN Population Division / World Bank WDI,2026-09-02
MRT,Mauritania,2011,population,3502811,UN Population Division / World Bank WDI,2026-09-02
MRT,Mauritania,2010,population,3390965,UN Population Division / World Bank WDI,2026-09-02
MRT,Mauritania,2009,population,3284448,UN Population Division / World Bank WDI,2026-09-02
MRT,Mauritania,2008,population,3183269,UN Population Division / World Bank WDI,2026-09-02
MRT,Mauritania,2007,population,3093059,UN Population Division / World Bank WDI,2026-09-02
MRT,Mauritania,2006,population,3013660,UN Population Division / World Bank WDI,2026-09-02
MRT,Mauritania,2005,population,2939059,UN Population Division / World Bank WDI,2026-09-02
MRT,Mauritania,2004,population,2868664,UN Population Division / World Bank WDI,2026-09-02
MRT,Mauritania,2003,population,2802046,UN Population Division / World Bank WDI,2026-09-02
MRT,Mauritania,2002,population,2738655,UN Population Division / World Bank WDI,2026-09-02
MRT,Mauritania,2001,population,2678760,UN Population Division / World Bank WDI,2026-09-02
MRT,Mauritania,2000,population,2613441,UN Population Division / World Bank WDI,2026-09-02
MUS,Mauritius,2023,population,1248647,UN Population Division / World Bank WDI,2026-09-02
MUS,Mauritius,2022,population,1262523,UN Population Division / World Bank WDI,2026-09-02
MUS,Mauritius,2021,population,1266334,UN Population Division / World Bank WDI,2026-09-02
MUS,Mauritius,2020,population,1266014,UN Population Division / World Bank WDI,2026-09-02
MUS,Mauritius,2019,population,1265985,UN Population Division / World Bank WDI,2026-09-02
MUS,Mauritius,2018,population,1265577,UN Population Division / World Bank WDI,2026-09-02
MUS,Mauritius,2017,population,1264887,UN Population Division / World Bank WDI,2026-09-02
MUS,Mauritius,2016,population,1263747,UN Population Division / World Bank WDI,2026-09-02
MUS,Mauritius,2015,population,1262879,UN Population Division / World Bank WDI,2026-09-02
MUS,Mauritius,2014,population,1261208,UN Population Division / World Bank WDI,2026-09-02
MUS,Mauritius,2013,population,1258927,UN Population Division / World Bank WDI,2026-09-02
MUS,Mauritius,2012,population,1255882,UN Population Division / World Bank WDI,2026-09-02
MUS,Mauritius,2011,population,1252404,UN Population Division / World Bank WDI,2026-09-02
MUS,Mauritius,2010,population,1250400,UN Population Division / World Bank WDI,2026-09-02
MUS,Mauritius,2009,population,1247429,UN Population Division / World Bank WDI,2026-09-02
MUS,Mauritius,2008,population,1244121,UN Population Division / World Bank WDI,2026-09-02
MUS,Mauritius,2007,population,1239630,UN Population Division / World Bank WDI,2026-09-02
MUS,Mauritius,2006,population,1233996,UN Population Division / World Bank WDI,2026-09-02
MUS,Mauritius,2005,population,1228254,UN Population Division / World Bank WDI,2026-09-02
MUS,Mauritius,2004,population,1221003,UN Population Division / World Bank WDI,2026-09-02
MUS,Mauritius,2003,population,1213370,UN Population Division / World Bank WDI,2026-09-02
MUS,Mauritius,2002,population,1204621,UN Population Division / World Bank WDI,2026-09-02
MUS,Mauritius,2001,population,1196287,UN Population Division / World Bank WDI,2026-09-02
MUS,Mauritius,2000,population,1186873,UN Population Division / World Bank WDI,2026-09-02
MEX,Mexico,2023,population,129739759,UN Population Division / World Bank WDI,2026-09-02
MEX,Mexico,2022,population,128613117,UN Population Division / World Bank WDI,2026-09-02
MEX,Mexico,2021,population,127648148,UN Population Division / World Bank WDI,2026-09-02
MEX,Mexico,2020,population,126799054,UN Population Division / World Bank WDI,2026-09-02
MEX,Mexico,2019,population,125762982,UN Population Division / World Bank WDI,2026-09-02
MEX,Mexico,2018,population,124573711,UN Population Division / World Bank WDI,2026-09-02
MEX,Mexico,2017,population,123400057,UN Population Division / World Bank WDI,2026-09-02
MEX,Mexico,2016,population,122251351,UN Population Division / World Bank WDI,2026-09-02
MEX,Mexico,2015,population,121072306,UN Population Division / World Bank WDI,2026-09-02
MEX,Mexico,2014,population,119784261,UN Population Division / World Bank WDI,2026-09-02
MEX,Mexico,2013,population,118343573,UN Population Division / World Bank WDI,2026-09-02
MEX,Mexico,2012,population,116818208,UN Population Division / World Bank WDI,2026-09-02
MEX,Mexico,2011,population,115243504,UN Population Division / World Bank WDI,2026-09-02
MEX,Mexico,2010,population,113623895,UN Population Division / World Bank WDI,2026-09-02
MEX,Mexico,2009,population,111999721,UN Population Division / World Bank WDI,2026-09-02
MEX,Mexico,2008,population,110374288,UN Population Division / World Bank WDI,2026-09-02
MEX,Mexico,2007,population,108774360,UN Population Division / World Bank WDI,2026-09-02
MEX,Mexico,2006,population,107253666,UN Population Division / World Bank WDI,2026-09-02
MEX,Mexico,2005,population,105811504,UN Population Division / World Bank WDI,2026-09-02
MEX,Mexico,2004,population,104394131,UN Population Division / World Bank WDI,2026-09-02
MEX,Mexico,2003,population,102978515,UN Population Division / World Bank WDI,2026-09-02
MEX,Mexico,2002,population,101548624,UN Population Division / World Bank WDI,2026-09-02
MEX,Mexico,2001,population,100099099,UN Population Division / World Bank WDI,2026-09-02
MEX,Mexico,2000,population,98625552,UN Population Division / World Bank WDI,2026-09-02
FSM,"Micronesia, Fed. Sts.",2023,population,112630,UN Population Division / World Bank WDI,2026-09-02
FSM,"Micronesia, Fed. Sts.",2022,population,112114,UN Population Division / World Bank WDI,2026-09-02
FSM,"Micronesia, Fed. Sts.",2021,population,111624,UN Population Division / World Bank WDI,2026-09-02
FSM,"Micronesia, Fed. Sts.",2020,population,110916,UN Population Division / World Bank WDI,2026-09-02
FSM,"Micronesia, Fed. Sts.",2019,population,110282,UN Population Division / World Bank WDI,2026-09-02
FSM,"Micronesia, Fed. Sts.",2018,population,109909,UN Population Division / World Bank WDI,2026-09-02
FSM,"Micronesia, Fed. Sts.",2017,population,109481,UN Population Division / World Bank WDI,2026-09-02
FSM,"Micronesia, Fed. Sts.",2016,population,109075,UN Population Division / World Bank WDI,2026-09-02
FSM,"Micronesia, Fed. Sts.",2015,population,108716,UN Population Division / World Bank WDI,2026-09-02
FSM,"Micronesia, Fed. Sts.",2014,population,108396,UN Population Division / World Bank WDI,2026-09-02
FSM,"Micronesia, Fed. Sts.",2013,population,108121,UN Population Division / World Bank WDI,2026-09-02
FSM,"Micronesia, Fed. Sts.",2012,population,107890,UN Population Division / World Bank WDI,2026-09-02
FSM,"Micronesia, Fed. Sts.",2011,population,107698,UN Population Division / World Bank WDI,2026-09-02
FSM,"Micronesia, Fed. Sts.",2010,population,107540,UN Population Division / World Bank WDI,2026-09-02
FSM,"Micronesia, Fed. Sts.",2009,population,107957,UN Population Division / World Bank WDI,2026-09-02
FSM,"Micronesia, Fed. Sts.",2008,population,108936,UN Population Division / World Bank WDI,2026-09-02
FSM,"Micronesia, Fed. Sts.",2007,population,109880,UN Population Division / World Bank WDI,2026-09-02
FSM,"Micronesia, Fed. Sts.",2006,population,110729,UN Population Division / World Bank WDI,2026-09-02
FSM,"Micronesia, Fed. Sts.",2005,population,111412,UN Population Division / World Bank WDI,2026-09-02
FSM,"Micronesia, Fed. Sts.",2004,population,111925,UN Population Division / World Bank WDI,2026-09-02
FSM,"Micronesia, Fed. Sts.",2003,population,112285,UN Population Division / World Bank WDI,2026-09-02
FSM,"Micronesia, Fed. Sts.",2002,population,112448,UN Population Division / World Bank WDI,2026-09-02
FSM,"Micronesia, Fed. Sts.",2001,population,112365,UN Population Division / World Bank WDI,2026-09-02
FSM,"Micronesia, Fed. Sts.",2000,population,112044,UN Population Division / World Bank WDI,2026-09-02
MDA,Moldova,2023,population,2457783,UN Population Division / World Bank WDI,2026-09-02
MDA,Moldova,2022,population,2528654,UN Population Division / World Bank WDI,2026-09-02
MDA,Moldova,2021,population,2595809,UN Population Division / World Bank WDI,2026-09-02
MDA,Moldova,2020,population,2635130,UN Population Division / World Bank WDI,2026-09-02
MDA,Moldova,2019,population,2664224,UN Population Division / World Bank WDI,2026-09-02
MDA,Moldova,2018,population,2707203,UN Population Division / World Bank WDI,2026-09-02
MDA,Moldova,2017,population,2755189,UN Population Division / World Bank WDI,2026-09-02
MDA,Moldova,2016,population,2803186,UN Population Division / World Bank WDI,2026-09-02
MDA,Moldova,2015,population,2835978,UN Population Division / World Bank WDI,2026-09-02
MDA,Moldova,2014,population,2857815,UN Population Division / World Bank WDI,2026-09-02
MDA,Moldova,2013,population,2859558,UN Population Division / World Bank WDI,2026-09-02
MDA,Moldova,2012,population,2860324,UN Population Division / World Bank WDI,2026-09-02
MDA,Moldova,2011,population,2860699,UN Population Division / World Bank WDI,2026-09-02
MDA,Moldova,2010,population,2862354,UN Population Division / World Bank WDI,2026-09-02
MDA,Moldova,2009,population,2865213,UN Population Division / World Bank WDI,2026-09-02
MDA,Moldova,2008,population,2868833,UN Population Division / World Bank WDI,2026-09-02
MDA,Moldova,2007,population,2874299,UN Population Division / World Bank WDI,2026-09-02
MDA,Moldova,2006,population,2880967,UN Population Division / World Bank WDI,2026-09-02
MDA,Moldova,2005,population,2888985,UN Population Division / World Bank WDI,2026-09-02
MDA,Moldova,2004,population,2896023,UN Population Division / World Bank WDI,2026-09-02
MDA,Moldova,2003,population,2903198,UN Population Division / World Bank WDI,2026-09-02
MDA,Moldova,2002,population,2911385,UN Population Division / World Bank WDI,2026-09-02
MDA,Moldova,2001,population,2918135,UN Population Division / World Bank WDI,2026-09-02
MDA,Moldova,2000,population,2924668,UN Population Division / World Bank WDI,2026-09-02
MCO,Monaco,2023,population,38956,UN Population Division / World Bank WDI,2026-09-02
MCO,Monaco,2022,population,38931,UN Population Division / World Bank WDI,2026-09-02
MCO,Monaco,2021,population,38527,UN Population Division / World Bank WDI,2026-09-02
MCO,Monaco,2020,population,38050,UN Population Division / World Bank WDI,2026-09-02
MCO,Monaco,2019,population,38109,UN Population Division / World Bank WDI,2026-09-02
MCO,Monaco,2018,population,38154,UN Population Division / World Bank WDI,2026-09-02
MCO,Monaco,2017,population,37678,UN Population Division / World Bank WDI,2026-09-02
MCO,Monaco,2016,population,37276,UN Population Division / World Bank WDI,2026-09-02
MCO,Monaco,2015,population,36757,UN Population Division / World Bank WDI,2026-09-02
MCO,Monaco,2014,population,36128,UN Population Division / World Bank WDI,2026-09-02
MCO,Monaco,2013,population,35447,UN Population Division / World Bank WDI,2026-09-02
MCO,Monaco,2012,population,34711,UN Population Division / World Bank WDI,2026-09-02
MCO,Monaco,2011,population,33946,UN Population Division / World Bank WDI,2026-09-02
MCO,Monaco,2010,population,33163,UN Population Division / World Bank WDI,2026-09-02
MCO,Monaco,2009,population,32364,UN Population Division / World Bank WDI,2026-09-02
MCO,Monaco,2008,population,31836,UN Population Division / World Bank WDI,2026-09-02
MCO,Monaco,2007,population,31837,UN Population Division / World Bank WDI,2026-09-02
MCO,Monaco,2006,population,32057,UN Population Division / World Bank WDI,2026-09-02
MCO,Monaco,2005,population,32210,UN Population Division / World Bank WDI,2026-09-02
MCO,Monaco,2004,population,32307,UN Population Division / World Bank WDI,2026-09-02
MCO,Monaco,2003,population,32374,UN Population Division / World Bank WDI,2026-09-02
MCO,Monaco,2002,population,32422,UN Population Division / World Bank WDI,2026-09-02
MCO,Monaco,2001,population,32447,UN Population Division / World Bank WDI,2026-09-02
MCO,Monaco,2000,population,32455,UN Population Division / World Bank WDI,2026-09-02
MNG,Mongolia,2023,population,3481145,UN Population Division / World Bank WDI,2026-09-02
MNG,Mongolia,2022,population,3433748,UN Population Division / World Bank WDI,2026-09-02
MNG,Mongolia,2021,population,3383741,UN Population Division / World Bank WDI,2026-09-02
MNG,Mongolia,2020,population,3327204,UN Population Division / World Bank WDI,2026-09-02
MNG,Mongolia,2019,population,3267673,UN Population Division / World Bank WDI,2026-09-02
MNG,Mongolia,2018,population,3208189,UN Population Division / World Bank WDI,2026-09-02
MNG,Mongolia,2017,population,3148917,UN Population Division / World Bank WDI,2026-09-02
MNG,Mongolia,2016,population,3088856,UN Population Division / World Bank WDI,2026-09-02
MNG,Mongolia,2015,population,3026864,UN Population Division / World Bank WDI,2026-09-02
MNG,Mongolia,2014,population,2963113,UN Population Division / World Bank WDI,2026-09-02
MNG,Mongolia,2013,population,2899011,UN Population Division / World Bank WDI,2026-09-02
MNG,Mongolia,2012,population,2839705,UN Population Division / World Bank WDI,2026-09-02
MNG,Mongolia,2011,population,2786317,UN Population Division / World Bank WDI,2026-09-02
MNG,Mongolia,2010,population,2738622,UN Population Division / World Bank WDI,2026-09-02
MNG,Mongolia,2009,population,2691115,UN Population Division / World Bank WDI,2026-09-02
MNG,Mongolia,2008,population,2643201,UN Population Division / World Bank WDI,2026-09-02
MNG,Mongolia,2007,population,2601850,UN Population Division / World Bank WDI,2026-09-02
MNG,Mongolia,2006,population,2567168,UN Population Division / World Bank WDI,2026-09-02
MNG,Mongolia,2005,population,2536407,UN Population Division / World Bank WDI,2026-09-02
MNG,Mongolia,2004,population,2508412,UN Population Division / World Bank WDI,2026-09-02
MNG,Mongolia,2003,population,2480374,UN Population Division / World Bank WDI,2026-09-02
MNG,Mongolia,2002,population,2449027,UN Population Division / World Bank WDI,2026-09-02
MNG,Mongolia,2001,population,2417751,UN Population Division / World Bank WDI,2026-09-02
MNG,Mongolia,2000,population,2388299,UN Population Division / World Bank WDI,2026-09-02
MNE,Montenegro,2023,population,623529,UN Population Division / World Bank WDI,2026-09-02
MNE,Montenegro,2022,population,623591,UN Population Division / World Bank WDI,2026-09-02
MNE,Montenegro,2021,population,625053,UN Population Division / World Bank WDI,2026-09-02
MNE,Montenegro,2020,population,626590,UN Population Division / World Bank WDI,2026-09-02
MNE,Montenegro,2019,population,626753,UN Population Division / World Bank WDI,2026-09-02
MNE,Montenegro,2018,population,626438,UN Population Division / World Bank WDI,2026-09-02
MNE,Montenegro,2017,population,625982,UN Population Division / World Bank WDI,2026-09-02
MNE,Montenegro,2016,population,625353,UN Population Division / World Bank WDI,2026-09-02
MNE,Montenegro,2015,population,624651,UN Population Division / World Bank WDI,2026-09-02
MNE,Montenegro,2014,population,623744,UN Population Division / World Bank WDI,2026-09-02
MNE,Montenegro,2013,population,622587,UN Population Division / World Bank WDI,2026-09-02
MNE,Montenegro,2012,population,621418,UN Population Division / World Bank WDI,2026-09-02
MNE,Montenegro,2011,population,620345,UN Population Division / World Bank WDI,2026-09-02
MNE,Montenegro,2010,population,619428,UN Population Division / World Bank WDI,2026-09-02
MNE,Montenegro,2009,population,618294,UN Population Division / World Bank WDI,2026-09-02
MNE,Montenegro,2008,population,616969,UN Population Division / World Bank WDI,2026-09-02
MNE,Montenegro,2007,population,615875,UN Population Division / World Bank WDI,2026-09-02
MNE,Montenegro,2006,population,615025,UN Population Division / World Bank WDI,2026-09-02
MNE,Montenegro,2005,population,614261,UN Population Division / World Bank WDI,2026-09-02
MNE,Montenegro,2004,population,613353,UN Population Division / World Bank WDI,2026-09-02
MNE,Montenegro,2003,population,612267,UN Population Division / World Bank WDI,2026-09-02
MNE,Montenegro,2002,population,609828,UN Population Division / World Bank WDI,2026-09-02
MNE,Montenegro,2001,population,607389,UN Population Division / World Bank WDI,2026-09-02
MNE,Montenegro,2000,population,604950,UN Population Division / World Bank WDI,2026-09-02
MAR,Morocco,2023,population,37712505,UN Population Division / World Bank WDI,2026-09-02
MAR,Morocco,2022,population,37329064,UN Population Division / World Bank WDI,2026-09-02
MAR,Morocco,2021,population,36954442,UN Population Division / World Bank WDI,2026-09-02
MAR,Morocco,2020,population,36584208,UN Population Division / World Bank WDI,2026-09-02
MAR,Morocco,2019,population,36210898,UN Population Division / World Bank WDI,2026-09-02
MAR,Morocco,2018,population,35839760,UN Population Division / World Bank WDI,2026-09-02
MAR,Morocco,2017,population,35446392,UN Population Division / World Bank WDI,2026-09-02
MAR,Morocco,2016,population,35023457,UN Population Division / World Bank WDI,2026-09-02
MAR,Morocco,2015,population,34607588,UN Population Division / World Bank WDI,2026-09-02
MAR,Morocco,2014,population,34204780,UN Population Division / World Bank WDI,2026-09-02
MAR,Morocco,2013,population,33787571,UN Population Division / World Bank WDI,2026-09-02
MAR,Morocco,2012,population,33355241,UN Population Division / World Bank WDI,2026-09-02
MAR,Morocco,2011,population,32912588,UN Population Division / World Bank WDI,2026-09-02
MAR,Morocco,2010,population,32467016,UN Population Division / World Bank WDI,2026-09-02
MAR,Morocco,2009,population,32030778,UN Population Division / World Bank WDI,2026-09-02
MAR,Morocco,2008,population,31606767,UN Population Division / World Bank WDI,2026-09-02
MAR,Morocco,2007,population,31186468,UN Population Division / World Bank WDI,2026-09-02
MAR,Morocco,2006,population,30771178,UN Population Division / World Bank WDI,2026-09-02
MAR,Morocco,2005,population,30358144,UN Population Division / World Bank WDI,2026-09-02
MAR,Morocco,2004,population,29953018,UN Population Division / World Bank WDI,2026-09-02
MAR,Morocco,2003,population,29571415,UN Population Division / World Bank WDI,2026-09-02
MAR,Morocco,2002,population,29198142,UN Population Division / World Bank WDI,2026-09-02
MAR,Morocco,2001,population,28814643,UN Population Division / World Bank WDI,2026-09-02
MAR,Morocco,2000,population,28423435,UN Population Division / World Bank WDI,2026-09-02
MOZ,Mozambique,2023,population,33635160,UN Population Division / World Bank WDI,2026-09-02
MOZ,Mozambique,2022,population,32656246,UN Population Division / World Bank WDI,2026-09-02
MOZ,Mozambique,2021,population,31707800,UN Population Division / World Bank WDI,2026-09-02
MOZ,Mozambique,2020,population,30783688,UN Population Division / World Bank WDI,2026-09-02
MOZ,Mozambique,2019,population,29884380,UN Population Division / World Bank WDI,2026-09-02
MOZ,Mozambique,2018,population,29018644,UN Population Division / World Bank WDI,2026-09-02
MOZ,Mozambique,2017,population,28166393,UN Population Division / World Bank WDI,2026-09-02
MOZ,Mozambique,2016,population,27337105,UN Population Division / World Bank WDI,2026-09-02
MOZ,Mozambique,2015,population,26547572,UN Population Division / World Bank WDI,2026-09-02
MOZ,Mozambique,2014,population,25788475,UN Population Division / World Bank WDI,2026-09-02
MOZ,Mozambique,2013,population,25051611,UN Population Division / World Bank WDI,2026-09-02
MOZ,Mozambique,2012,population,24337846,UN Population Division / World Bank WDI,2026-09-02
MOZ,Mozambique,2011,population,23649039,UN Population Division / World Bank WDI,2026-09-02
MOZ,Mozambique,2010,population,22999235,UN Population Division / World Bank WDI,2026-09-02
MOZ,Mozambique,2009,population,22391745,UN Population Division / World Bank WDI,2026-09-02
MOZ,Mozambique,2008,population,21819036,UN Population Division / World Bank WDI,2026-09-02
MOZ,Mozambique,2007,population,21287635,UN Population Division / World Bank WDI,2026-09-02
MOZ,Mozambique,2006,population,20787087,UN Population Division / World Bank WDI,2026-09-02
MOZ,Mozambique,2005,population,20304569,UN Population Division / World Bank WDI,2026-09-02
MOZ,Mozambique,2004,population,19840313,UN Population Division / World Bank WDI,2026-09-02
MOZ,Mozambique,2003,population,19392475,UN Population Division / World Bank WDI,2026-09-02
MOZ,Mozambique,2002,population,18958338,UN Population Division / World Bank WDI,2026-09-02
MOZ,Mozambique,2001,population,18537729,UN Population Division / World Bank WDI,2026-09-02
MOZ,Mozambique,2000,population,18129653,UN Population Division / World Bank WDI,2026-09-02
MMR,Myanmar,2023,population,54133798,UN Population Division / World Bank WDI,2026-09-02
MMR,Myanmar,2022,population,53756787,UN Population Division / World Bank WDI,2026-09-02
MMR,Myanmar,2021,population,53387102,UN Population Division / World Bank WDI,2026-09-02
MMR,Myanmar,2020,population,53016522,UN Population Division / World Bank WDI,2026-09-02
MMR,Myanmar,2019,population,52640713,UN Population Division / World Bank WDI,2026-09-02
MMR,Myanmar,2018,population,52272247,UN Population Division / World Bank WDI,2026-09-02
MMR,Myanmar,2017,population,51894938,UN Population Division / World Bank WDI,2026-09-02
MMR,Myanmar,2016,population,51495696,UN Population Division / World Bank WDI,2026-09-02
MMR,Myanmar,2015,population,51089056,UN Population Division / World Bank WDI,2026-09-02
MMR,Myanmar,2014,population,50681634,UN Population Division / World Bank WDI,2026-09-02
MMR,Myanmar,2013,population,50262658,UN Population Division / World Bank WDI,2026-09-02
MMR,Myanmar,2012,population,49837446,UN Population Division / World Bank WDI,2026-09-02
MMR,Myanmar,2011,population,49419820,UN Population Division / World Bank WDI,2026-09-02
MMR,Myanmar,2010,population,49024382,UN Population Division / World Bank WDI,2026-09-02
MMR,Myanmar,2009,population,48660459,UN Population Division / World Bank WDI,2026-09-02
MMR,Myanmar,2008,population,48390793,UN Population Division / World Bank WDI,2026-09-02
MMR,Myanmar,2007,population,48125043,UN Population Division / World Bank WDI,2026-09-02
MMR,Myanmar,2006,population,47785135,UN Population Division / World Bank WDI,2026-09-02
MMR,Myanmar,2005,population,47438365,UN Population Division / World Bank WDI,2026-09-02
MMR,Myanmar,2004,population,47068772,UN Population Division / World Bank WDI,2026-09-02
MMR,Myanmar,2003,population,46667192,UN Population Division / World Bank WDI,2026-09-02
MMR,Myanmar,2002,population,46232653,UN Population Division / World Bank WDI,2026-09-02
MMR,Myanmar,2001,population,45771139,UN Population Division / World Bank WDI,2026-09-02
MMR,Myanmar,2000,population,45290841,UN Population Division / World Bank WDI,2026-09-02
NAM,Namibia,2023,population,2963095,UN Population Division / World Bank WDI,2026-09-02
NAM,Namibia,2022,population,2889662,UN Population Division / World Bank WDI,2026-09-02
NAM,Namibia,2021,population,2810548,UN Population Division / World Bank WDI,2026-09-02
NAM,Namibia,2020,population,2728762,UN Population Division / World Bank WDI,2026-09-02
NAM,Namibia,2019,population,2650494,UN Population Division / World Bank WDI,2026-09-02
NAM,Namibia,2018,population,2577327,UN Population Division / World Bank WDI,2026-09-02
NAM,Namibia,2017,population,2506853,UN Population Division / World Bank WDI,2026-09-02
NAM,Namibia,2016,population,2439213,UN Population Division / World Bank WDI,2026-09-02
NAM,Namibia,2015,population,2374300,UN Population Division / World Bank WDI,2026-09-02
NAM,Namibia,2014,population,2312139,UN Population Division / World Bank WDI,2026-09-02
NAM,Namibia,2013,population,2252508,UN Population Division / World Bank WDI,2026-09-02
NAM,Namibia,2012,population,2194654,UN Population Division / World Bank WDI,2026-09-02
NAM,Namibia,2011,population,2146325,UN Population Division / World Bank WDI,2026-09-02
NAM,Namibia,2010,population,2109811,UN Population Division / World Bank WDI,2026-09-02
NAM,Namibia,2009,population,2077394,UN Population Division / World Bank WDI,2026-09-02
NAM,Namibia,2008,population,2047056,UN Population Division / World Bank WDI,2026-09-02
NAM,Namibia,2007,population,2018600,UN Population Division / World Bank WDI,2026-09-02
NAM,Namibia,2006,population,1991888,UN Population Division / World Bank WDI,2026-09-02
NAM,Namibia,2005,population,1966582,UN Population Division / World Bank WDI,2026-09-02
NAM,Namibia,2004,population,1942082,UN Population Division / World Bank WDI,2026-09-02
NAM,Namibia,2003,population,1917464,UN Population Division / World Bank WDI,2026-09-02
NAM,Namibia,2002,population,1889970,UN Population Division / World Bank WDI,2026-09-02
NAM,Namibia,2001,population,1857048,UN Population Division / World Bank WDI,2026-09-02
NAM,Namibia,2000,population,1818647,UN Population Division / World Bank WDI,2026-09-02
NRU,Naoero,2023,population,11875,UN Population Division / World Bank WDI,2026-09-02
NRU,Naoero,2022,population,11801,UN Population Division / World Bank WDI,2026-09-02
NRU,Naoero,2021,population,11709,UN Population Division / World Bank WDI,2026-09-02
NRU,Naoero,2020,population,11643,UN Population Division / World Bank WDI,2026-09-02
NRU,Naoero,2019,population,11587,UN Population Division / World Bank WDI,2026-09-02
NRU,Naoero,2018,population,11477,UN Population Division / World Bank WDI,2026-09-02
NRU,Naoero,2017,population,11324,UN Population Division / World Bank WDI,2026-09-02
NRU,Naoero,2016,population,11150,UN Population Division / World Bank WDI,2026-09-02
NRU,Naoero,2015,population,10954,UN Population Division / World Bank WDI,2026-09-02
NRU,Naoero,2014,population,10742,UN Population Division / World Bank WDI,2026-09-02
NRU,Naoero,2013,population,10517,UN Population Division / World Bank WDI,2026-09-02
NRU,Naoero,2012,population,10267,UN Population Division / World Bank WDI,2026-09-02
NRU,Naoero,2011,population,10098,UN Population Division / World Bank WDI,2026-09-02
NRU,Naoero,2010,population,10043,UN Population Division / World Bank WDI,2026-09-02
NRU,Naoero,2009,population,10016,UN Population Division / World Bank WDI,2026-09-02
NRU,Naoero,2008,population,10009,UN Population Division / World Bank WDI,2026-09-02
NRU,Naoero,2007,population,10020,UN Population Division / World Bank WDI,2026-09-02
NRU,Naoero,2006,population,10034,UN Population Division / World Bank WDI,2026-09-02
NRU,Naoero,2005,population,10049,UN Population Division / World Bank WDI,2026-09-02
NRU,Naoero,2004,population,10060,UN Population Division / World Bank WDI,2026-09-02
NRU,Naoero,2003,population,10059,UN Population Division / World Bank WDI,2026-09-02
NRU,Naoero,2002,population,10082,UN Population Division / World Bank WDI,2026-09-02
NRU,Naoero,2001,population,10130,UN Population Division / World Bank WDI,2026-09-02
NRU,Naoero,2000,population,10168,UN Population Division / World Bank WDI,2026-09-02
NPL,Nepal,2023,population,29694614,UN Population Division / World Bank WDI,2026-09-02
NPL,Nepal,2022,population,29715436,UN Population Division / World Bank WDI,2026-09-02
NPL,Nepal,2021,population,29475010,UN Population Division / World Bank WDI,2026-09-02
NPL,Nepal,2020,population,28966574,UN Population Division / World Bank WDI,2026-09-02
NPL,Nepal,2019,population,28414064,UN Population Division / World Bank WDI,2026-09-02
NPL,Nepal,2018,population,28079689,UN Population Division / World Bank WDI,2026-09-02
NPL,Nepal,2017,population,28011258,UN Population Division / World Bank WDI,2026-09-02
NPL,Nepal,2016,population,27955462,UN Population Division / World Bank WDI,2026-09-02
NPL,Nepal,2015,population,27823629,UN Population Division / World Bank WDI,2026-09-02
NPL,Nepal,2014,population,27672370,UN Population Division / World Bank WDI,2026-09-02
NPL,Nepal,2013,population,27589996,UN Population Division / World Bank WDI,2026-09-02
NPL,Nepal,2012,population,27534915,UN Population Division / World Bank WDI,2026-09-02
NPL,Nepal,2011,population,27464494,UN Population Division / World Bank WDI,2026-09-02
NPL,Nepal,2010,population,27341952,UN Population Division / World Bank WDI,2026-09-02
NPL,Nepal,2009,population,27173035,UN Population Division / World Bank WDI,2026-09-02
NPL,Nepal,2008,population,26990037,UN Population Division / World Bank WDI,2026-09-02
NPL,Nepal,2007,population,26788492,UN Population Division / World Bank WDI,2026-09-02
NPL,Nepal,2006,population,26565425,UN Population Division / World Bank WDI,2026-09-02
NPL,Nepal,2005,population,26309458,UN Population Division / World Bank WDI,2026-09-02
NPL,Nepal,2004,population,26016656,UN Population Division / World Bank WDI,2026-09-02
NPL,Nepal,2003,population,25688758,UN Population Division / World Bank WDI,2026-09-02
NPL,Nepal,2002,population,25328981,UN Population Division / World Bank WDI,2026-09-02
NPL,Nepal,2001,population,24946748,UN Population Division / World Bank WDI,2026-09-02
NPL,Nepal,2000,population,24546509,UN Population Division / World Bank WDI,2026-09-02
NLD,Netherlands,2023,population,17877117,UN Population Division / World Bank WDI,2026-09-02
NLD,Netherlands,2022,population,17700982,UN Population Division / World Bank WDI,2026-09-02
NLD,Netherlands,2021,population,17533044,UN Population Division / World Bank WDI,2026-09-02
NLD,Netherlands,2020,population,17441500,UN Population Division / World Bank WDI,2026-09-02
NLD,Netherlands,2019,population,17344874,UN Population Division / World Bank WDI,2026-09-02
NLD,Netherlands,2018,population,17231624,UN Population Division / World Bank WDI,2026-09-02
NLD,Netherlands,2017,population,17131296,UN Population Division / World Bank WDI,2026-09-02
NLD,Netherlands,2016,population,17030314,UN Population Division / World Bank WDI,2026-09-02
NLD,Netherlands,2015,population,16939923,UN Population Division / World Bank WDI,2026-09-02
NLD,Netherlands,2014,population,16865008,UN Population Division / World Bank WDI,2026-09-02
NLD,Netherlands,2013,population,16804432,UN Population Division / World Bank WDI,2026-09-02
NLD,Netherlands,2012,population,16754962,UN Population Division / World Bank WDI,2026-09-02
NLD,Netherlands,2011,population,16693074,UN Population Division / World Bank WDI,2026-09-02
NLD,Netherlands,2010,population,16615394,UN Population Division / World Bank WDI,2026-09-02
NLD,Netherlands,2009,population,16530388,UN Population Division / World Bank WDI,2026-09-02
NLD,Netherlands,2008,population,16445593,UN Population Division / World Bank WDI,2026-09-02
NLD,Netherlands,2007,population,16381696,UN Population Division / World Bank WDI,2026-09-02
NLD,Netherlands,2006,population,16346101,UN Population Division / World Bank WDI,2026-09-02
NLD,Netherlands,2005,population,16319868,UN Population Division / World Bank WDI,2026-09-02
NLD,Netherlands,2004,population,16281779,UN Population Division / World Bank WDI,2026-09-02
NLD,Netherlands,2003,population,16225302,UN Population Division / World Bank WDI,2026-09-02
NLD,Netherlands,2002,population,16148929,UN Population Division / World Bank WDI,2026-09-02
NLD,Netherlands,2001,population,16046180,UN Population Division / World Bank WDI,2026-09-02
NLD,Netherlands,2000,population,15925513,UN Population Division / World Bank WDI,2026-09-02
NCL,New Caledonia,2023,population,289870,UN Population Division / World Bank WDI,2026-09-02
NCL,New Caledonia,2022,population,287123,UN Population Division / World Bank WDI,2026-09-02
NCL,New Caledonia,2021,population,285214,UN Population Division / World Bank WDI,2026-09-02
NCL,New Caledonia,2020,population,284176,UN Population Division / World Bank WDI,2026-09-02
NCL,New Caledonia,2019,population,283606,UN Population Division / World Bank WDI,2026-09-02
NCL,New Caledonia,2018,population,283541,UN Population Division / World Bank WDI,2026-09-02
NCL,New Caledonia,2017,population,283546,UN Population Division / World Bank WDI,2026-09-02
NCL,New Caledonia,2016,population,283423,UN Population Division / World Bank WDI,2026-09-02
NCL,New Caledonia,2015,population,283168,UN Population Division / World Bank WDI,2026-09-02
NCL,New Caledonia,2014,population,281224,UN Population Division / World Bank WDI,2026-09-02
NCL,New Caledonia,2013,population,276822,UN Population Division / World Bank WDI,2026-09-02
NCL,New Caledonia,2012,population,271633,UN Population Division / World Bank WDI,2026-09-02
NCL,New Caledonia,2011,population,266543,UN Population Division / World Bank WDI,2026-09-02
NCL,New Caledonia,2010,population,261582,UN Population Division / World Bank WDI,2026-09-02
NCL,New Caledonia,2009,population,257250,UN Population Division / World Bank WDI,2026-09-02
NCL,New Caledonia,2008,population,253825,UN Population Division / World Bank WDI,2026-09-02
NCL,New Caledonia,2007,population,250725,UN Population Division / World Bank WDI,2026-09-02
NCL,New Caledonia,2006,population,247547,UN Population Division / World Bank WDI,2026-09-02
NCL,New Caledonia,2005,population,244381,UN Population Division / World Bank WDI,2026-09-02
NCL,New Caledonia,2004,population,240852,UN Population Division / World Bank WDI,2026-09-02
NCL,New Caledonia,2003,population,236678,UN Population Division / World Bank WDI,2026-09-02
NCL,New Caledonia,2002,population,232236,UN Population Division / World Bank WDI,2026-09-02
NCL,New Caledonia,2001,population,227707,UN Population Division / World Bank WDI,2026-09-02
NCL,New Caledonia,2000,population,223098,UN Population Division / World Bank WDI,2026-09-02
NZL,New Zealand,2023,population,5200000,UN Population Division / World Bank WDI,2026-09-02
NZL,New Zealand,2022,population,5081700,UN Population Division / World Bank WDI,2026-09-02
NZL,New Zealand,2021,population,5084600,UN Population Division / World Bank WDI,2026-09-02
NZL,New Zealand,2020,population,5072400,UN Population Division / World Bank WDI,2026-09-02
NZL,New Zealand,2019,population,4970300,UN Population Division / World Bank WDI,2026-09-02
NZL,New Zealand,2018,population,4900600,UN Population Division / World Bank WDI,2026-09-02
NZL,New Zealand,2017,population,4813600,UN Population Division / World Bank WDI,2026-09-02
NZL,New Zealand,2016,population,4714100,UN Population Division / World Bank WDI,2026-09-02
NZL,New Zealand,2015,population,4609400,UN Population Division / World Bank WDI,2026-09-02
NZL,New Zealand,2014,population,4516500,UN Population Division / World Bank WDI,2026-09-02
NZL,New Zealand,2013,population,4442100,UN Population Division / World Bank WDI,2026-09-02
NZL,New Zealand,2012,population,4408100,UN Population Division / World Bank WDI,2026-09-02
NZL,New Zealand,2011,population,4384000,UN Population Division / World Bank WDI,2026-09-02
NZL,New Zealand,2010,population,4350700,UN Population Division / World Bank WDI,2026-09-02
NZL,New Zealand,2009,population,4302600,UN Population Division / World Bank WDI,2026-09-02
NZL,New Zealand,2008,population,4259800,UN Population Division / World Bank WDI,2026-09-02
NZL,New Zealand,2007,population,4223800,UN Population Division / World Bank WDI,2026-09-02
NZL,New Zealand,2006,population,4184600,UN Population Division / World Bank WDI,2026-09-02
NZL,New Zealand,2005,population,4133900,UN Population Division / World Bank WDI,2026-09-02
NZL,New Zealand,2004,population,4087500,UN Population Division / World Bank WDI,2026-09-02
NZL,New Zealand,2003,population,4027200,UN Population Division / World Bank WDI,2026-09-02
NZL,New Zealand,2002,population,3948500,UN Population Division / World Bank WDI,2026-09-02
NZL,New Zealand,2001,population,3880500,UN Population Division / World Bank WDI,2026-09-02
NZL,New Zealand,2000,population,3857700,UN Population Division / World Bank WDI,2026-09-02
NIC,Nicaragua,2023,population,6823613,UN Population Division / World Bank WDI,2026-09-02
NIC,Nicaragua,2022,population,6730654,UN Population Division / World Bank WDI,2026-09-02
NIC,Nicaragua,2021,population,6644741,UN Population Division / World Bank WDI,2026-09-02
NIC,Nicaragua,2020,population,6565267,UN Population Division / World Bank WDI,2026-09-02
NIC,Nicaragua,2019,population,6483657,UN Population Division / World Bank WDI,2026-09-02
NIC,Nicaragua,2018,population,6400080,UN Population Division / World Bank WDI,2026-09-02
NIC,Nicaragua,2017,population,6316231,UN Population Division / World Bank WDI,2026-09-02
NIC,Nicaragua,2016,population,6232666,UN Population Division / World Bank WDI,2026-09-02
NIC,Nicaragua,2015,population,6149417,UN Population Division / World Bank WDI,2026-09-02
NIC,Nicaragua,2014,population,6066492,UN Population Division / World Bank WDI,2026-09-02
NIC,Nicaragua,2013,population,5983845,UN Population Division / World Bank WDI,2026-09-02
NIC,Nicaragua,2012,population,5901287,UN Population Division / World Bank WDI,2026-09-02
NIC,Nicaragua,2011,population,5819051,UN Population Division / World Bank WDI,2026-09-02
NIC,Nicaragua,2010,population,5737450,UN Population Division / World Bank WDI,2026-09-02
NIC,Nicaragua,2009,population,5656601,UN Population Division / World Bank WDI,2026-09-02
NIC,Nicaragua,2008,population,5576593,UN Population Division / World Bank WDI,2026-09-02
NIC,Nicaragua,2007,population,5497243,UN Population Division / World Bank WDI,2026-09-02
NIC,Nicaragua,2006,population,5418855,UN Population Division / World Bank WDI,2026-09-02
NIC,Nicaragua,2005,population,5342105,UN Population Division / World Bank WDI,2026-09-02
NIC,Nicaragua,2004,population,5272912,UN Population Division / World Bank WDI,2026-09-02
NIC,Nicaragua,2003,population,5210963,UN Population Division / World Bank WDI,2026-09-02
NIC,Nicaragua,2002,population,5149909,UN Population Division / World Bank WDI,2026-09-02
NIC,Nicaragua,2001,population,5087825,UN Population Division / World Bank WDI,2026-09-02
NIC,Nicaragua,2000,population,5022633,UN Population Division / World Bank WDI,2026-09-02
NER,Niger,2023,population,26159867,UN Population Division / World Bank WDI,2026-09-02
NER,Niger,2022,population,25311973,UN Population Division / World Bank WDI,2026-09-02
NER,Niger,2021,population,24502140,UN Population Division / World Bank WDI,2026-09-02
NER,Niger,2020,population,23717613,UN Population Division / World Bank WDI,2026-09-02
NER,Niger,2019,population,22947757,UN Population Division / World Bank WDI,2026-09-02
NER,Niger,2018,population,22188069,UN Population Division / World Bank WDI,2026-09-02
NER,Niger,2017,population,21435446,UN Population Division / World Bank WDI,2026-09-02
NER,Niger,2016,population,20685753,UN Population Division / World Bank WDI,2026-09-02
NER,Niger,2015,population,19939498,UN Population Division / World Bank WDI,2026-09-02
NER,Niger,2014,population,19215909,UN Population Division / World Bank WDI,2026-09-02
NER,Niger,2013,population,18519898,UN Population Division / World Bank WDI,2026-09-02
NER,Niger,2012,population,17836769,UN Population Division / World Bank WDI,2026-09-02
NER,Niger,2011,population,17176283,UN Population Division / World Bank WDI,2026-09-02
NER,Niger,2010,population,16548835,UN Population Division / World Bank WDI,2026-09-02
NER,Niger,2009,population,15943675,UN Population Division / World Bank WDI,2026-09-02
NER,Niger,2008,population,15361915,UN Population Division / World Bank WDI,2026-09-02
NER,Niger,2007,population,14803610,UN Population Division / World Bank WDI,2026-09-02
NER,Niger,2006,population,14268581,UN Population Division / World Bank WDI,2026-09-02
NER,Niger,2005,population,13756192,UN Population Division / World Bank WDI,2026-09-02
NER,Niger,2004,population,13265836,UN Population Division / World Bank WDI,2026-09-02
NER,Niger,2003,population,12796984,UN Population Division / World Bank WDI,2026-09-02
NER,Niger,2002,population,12349144,UN Population Division / World Bank WDI,2026-09-02
NER,Niger,2001,population,11920647,UN Population Division / World Bank WDI,2026-09-02
NER,Niger,2000,population,11509630,UN Population Division / World Bank WDI,2026-09-02
NGA,Nigeria,2023,population,227882945,UN Population Division / World Bank WDI,2026-09-02
NGA,Nigeria,2022,population,223150896,UN Population Division / World Bank WDI,2026-09-02
NGA,Nigeria,2021,population,218529286,UN Population Division / World Bank WDI,2026-09-02
NGA,Nigeria,2020,population,213996181,UN Population Division / World Bank WDI,2026-09-02
NGA,Nigeria,2019,population,209485641,UN Population Division / World Bank WDI,2026-09-02
NGA,Nigeria,2018,population,204938755,UN Population Division / World Bank WDI,2026-09-02
NGA,Nigeria,2017,population,200254579,UN Population Division / World Bank WDI,2026-09-02
NGA,Nigeria,2016,population,195443700,UN Population Division / World Bank WDI,2026-09-02
NGA,Nigeria,2015,population,190671878,UN Population Division / World Bank WDI,2026-09-02
NGA,Nigeria,2014,population,185896915,UN Population Division / World Bank WDI,2026-09-02
NGA,Nigeria,2013,population,181049443,UN Population Division / World Bank WDI,2026-09-02
NGA,Nigeria,2012,population,176200625,UN Population Division / World Bank WDI,2026-09-02
NGA,Nigeria,2011,population,171379598,UN Population Division / World Bank WDI,2026-09-02
NGA,Nigeria,2010,population,166642886,UN Population Division / World Bank WDI,2026-09-02
NGA,Nigeria,2009,population,162049464,UN Population Division / World Bank WDI,2026-09-02
NGA,Nigeria,2008,population,157595014,UN Population Division / World Bank WDI,2026-09-02
NGA,Nigeria,2007,population,153267261,UN Population Division / World Bank WDI,2026-09-02
NGA,Nigeria,2006,population,149077334,UN Population Division / World Bank WDI,2026-09-02
NGA,Nigeria,2005,population,145017253,UN Population Division / World Bank WDI,2026-09-02
NGA,Nigeria,2004,population,141057045,UN Population Division / World Bank WDI,2026-09-02
NGA,Nigeria,2003,population,137202644,UN Population Division / World Bank WDI,2026-09-02
NGA,Nigeria,2002,population,133471989,UN Population Division / World Bank WDI,2026-09-02
NGA,Nigeria,2001,population,129862595,UN Population Division / World Bank WDI,2026-09-02
NGA,Nigeria,2000,population,126382494,UN Population Division / World Bank WDI,2026-09-02
MKD,North Macedonia,2023,population,1827816,UN Population Division / World Bank WDI,2026-09-02
MKD,North Macedonia,2022,population,1831712,UN Population Division / World Bank WDI,2026-09-02
MKD,North Macedonia,2021,population,1837114,UN Population Division / World Bank WDI,2026-09-02
MKD,North Macedonia,2020,population,1856124,UN Population Division / World Bank WDI,2026-09-02
MKD,North Macedonia,2019,population,1876262,UN Population Division / World Bank WDI,2026-09-02
MKD,North Macedonia,2018,population,1889051,UN Population Division / World Bank WDI,2026-09-02
MKD,North Macedonia,2017,population,1898657,UN Population Division / World Bank WDI,2026-09-02
MKD,North Macedonia,2016,population,1906313,UN Population Division / World Bank WDI,2026-09-02
MKD,North Macedonia,2015,population,1912430,UN Population Division / World Bank WDI,2026-09-02
MKD,North Macedonia,2014,population,1917557,UN Population Division / World Bank WDI,2026-09-02
MKD,North Macedonia,2013,population,1922716,UN Population Division / World Bank WDI,2026-09-02
MKD,North Macedonia,2012,population,1929821,UN Population Division / World Bank WDI,2026-09-02
MKD,North Macedonia,2011,population,1937398,UN Population Division / World Bank WDI,2026-09-02
MKD,North Macedonia,2010,population,1946298,UN Population Division / World Bank WDI,2026-09-02
MKD,North Macedonia,2009,population,1958782,UN Population Division / World Bank WDI,2026-09-02
MKD,North Macedonia,2008,population,1971493,UN Population Division / World Bank WDI,2026-09-02
MKD,North Macedonia,2007,population,1982933,UN Population Division / World Bank WDI,2026-09-02
MKD,North Macedonia,2006,population,1994287,UN Population Division / World Bank WDI,2026-09-02
MKD,North Macedonia,2005,population,2005330,UN Population Division / World Bank WDI,2026-09-02
MKD,North Macedonia,2004,population,2016186,UN Population Division / World Bank WDI,2026-09-02
MKD,North Macedonia,2003,population,2022725,UN Population Division / World Bank WDI,2026-09-02
MKD,North Macedonia,2002,population,2020157,UN Population Division / World Bank WDI,2026-09-02
MKD,North Macedonia,2001,population,2034882,UN Population Division / World Bank WDI,2026-09-02
MKD,North Macedonia,2000,population,2026350,UN Population Division / World Bank WDI,2026-09-02
MNP,Northern Mariana Islands,2023,population,45143,UN Population Division / World Bank WDI,2026-09-02
MNP,Northern Mariana Islands,2022,population,46078,UN Population Division / World Bank WDI,2026-09-02
MNP,Northern Mariana Islands,2021,population,46979,UN Population Division / World Bank WDI,2026-09-02
MNP,Northern Mariana Islands,2020,population,47528,UN Population Division / World Bank WDI,2026-09-02
MNP,Northern Mariana Islands,2019,population,48129,UN Population Division / World Bank WDI,2026-09-02
MNP,Northern Mariana Islands,2018,population,49077,UN Population Division / World Bank WDI,2026-09-02
MNP,Northern Mariana Islands,2017,population,49959,UN Population Division / World Bank WDI,2026-09-02
MNP,Northern Mariana Islands,2016,population,50773,UN Population Division / World Bank WDI,2026-09-02
MNP,Northern Mariana Islands,2015,population,51514,UN Population Division / World Bank WDI,2026-09-02
MNP,Northern Mariana Islands,2014,population,52178,UN Population Division / World Bank WDI,2026-09-02
MNP,Northern Mariana Islands,2013,population,52758,UN Population Division / World Bank WDI,2026-09-02
MNP,Northern Mariana Islands,2012,population,53234,UN Population Division / World Bank WDI,2026-09-02
MNP,Northern Mariana Islands,2011,population,53608,UN Population Division / World Bank WDI,2026-09-02
MNP,Northern Mariana Islands,2010,population,54091,UN Population Division / World Bank WDI,2026-09-02
MNP,Northern Mariana Islands,2009,population,55325,UN Population Division / World Bank WDI,2026-09-02
MNP,Northern Mariana Islands,2008,population,57150,UN Population Division / World Bank WDI,2026-09-02
MNP,Northern Mariana Islands,2007,population,58941,UN Population Division / World Bank WDI,2026-09-02
MNP,Northern Mariana Islands,2006,population,60682,UN Population Division / World Bank WDI,2026-09-02
MNP,Northern Mariana Islands,2005,population,62354,UN Population Division / World Bank WDI,2026-09-02
MNP,Northern Mariana Islands,2004,population,63938,UN Population Division / World Bank WDI,2026-09-02
MNP,Northern Mariana Islands,2003,population,65421,UN Population Division / World Bank WDI,2026-09-02
MNP,Northern Mariana Islands,2002,population,66778,UN Population Division / World Bank WDI,2026-09-02
MNP,Northern Mariana Islands,2001,population,67984,UN Population Division / World Bank WDI,2026-09-02
MNP,Northern Mariana Islands,2000,population,68356,UN Population Division / World Bank WDI,2026-09-02
NOR,Norway,2023,population,5519601,UN Population Division / World Bank WDI,2026-09-02
NOR,Norway,2022,population,5457127,UN Population Division / World Bank WDI,2026-09-02
NOR,Norway,2021,population,5408320,UN Population Division / World Bank WDI,2026-09-02
NOR,Norway,2020,population,5379475,UN Population Division / World Bank WDI,2026-09-02
NOR,Norway,2019,population,5347896,UN Population Division / World Bank WDI,2026-09-02
NOR,Norway,2018,population,5311916,UN Population Division / World Bank WDI,2026-09-02
NOR,Norway,2017,population,5276968,UN Population Division / World Bank WDI,2026-09-02
NOR,Norway,2016,population,5234519,UN Population Division / World Bank WDI,2026-09-02
NOR,Norway,2015,population,5188607,UN Population Division / World Bank WDI,2026-09-02
NOR,Norway,2014,population,5137232,UN Population Division / World Bank WDI,2026-09-02
NOR,Norway,2013,population,5079623,UN Population Division / World Bank WDI,2026-09-02
NOR,Norway,2012,population,5018573,UN Population Division / World Bank WDI,2026-09-02
NOR,Norway,2011,population,4953088,UN Population Division / World Bank WDI,2026-09-02
NOR,Norway,2010,population,4889252,UN Population Division / World Bank WDI,2026-09-02
NOR,Norway,2009,population,4828726,UN Population Division / World Bank WDI,2026-09-02
NOR,Norway,2008,population,4768212,UN Population Division / World Bank WDI,2026-09-02
NOR,Norway,2007,population,4709153,UN Population Division / World Bank WDI,2026-09-02
NOR,Norway,2006,population,4660677,UN Population Division / World Bank WDI,2026-09-02
NOR,Norway,2005,population,4623291,UN Population Division / World Bank WDI,2026-09-02
NOR,Norway,2004,population,4591910,UN Population Division / World Bank WDI,2026-09-02
NOR,Norway,2003,population,4564855,UN Population Division / World Bank WDI,2026-09-02
NOR,Norway,2002,population,4538159,UN Population Division / World Bank WDI,2026-09-02
NOR,Norway,2001,population,4513751,UN Population Division / World Bank WDI,2026-09-02
NOR,Norway,2000,population,4490967,UN Population Division / World Bank WDI,2026-09-02
OMN,Oman,2023,population,5049269,UN Population Division / World Bank WDI,2026-09-02
OMN,Oman,2022,population,4730226,UN Population Division / World Bank WDI,2026-09-02
OMN,Oman,2021,population,4500424,UN Population Division / World Bank WDI,2026-09-02
OMN,Oman,2020,population,4522497,UN Population Division / World Bank WDI,2026-09-02
OMN,Oman,2019,population,4591241,UN Population Division / World Bank WDI,2026-09-02
OMN,Oman,2018,population,4597877,UN Population Division / World Bank WDI,2026-09-02
OMN,Oman,2017,population,4537396,UN Population Division / World Bank WDI,2026-09-02
OMN,Oman,2016,population,4390877,UN Population Division / World Bank WDI,2026-09-02
OMN,Oman,2015,population,4184895,UN Population Division / World Bank WDI,2026-09-02
OMN,Oman,2014,population,4002439,UN Population Division / World Bank WDI,2026-09-02
OMN,Oman,2013,population,3833913,UN Population Division / World Bank WDI,2026-09-02
OMN,Oman,2012,population,3547106,UN Population Division / World Bank WDI,2026-09-02
OMN,Oman,2011,population,3076763,UN Population Division / World Bank WDI,2026-09-02
OMN,Oman,2010,population,2757446,UN Population Division / World Bank WDI,2026-09-02
OMN,Oman,2009,population,2684659,UN Population Division / World Bank WDI,2026-09-02
OMN,Oman,2008,population,2626529,UN Population Division / World Bank WDI,2026-09-02
OMN,Oman,2007,population,2570174,UN Population Division / World Bank WDI,2026-09-02
OMN,Oman,2006,population,2514795,UN Population Division / World Bank WDI,2026-09-02
OMN,Oman,2005,population,2459802,UN Population Division / World Bank WDI,2026-09-02
OMN,Oman,2004,population,2404821,UN Population Division / World Bank WDI,2026-09-02
OMN,Oman,2003,population,2363796,UN Population Division / World Bank WDI,2026-09-02
OMN,Oman,2002,population,2337140,UN Population Division / World Bank WDI,2026-09-02
OMN,Oman,2001,population,2310217,UN Population Division / World Bank WDI,2026-09-02
OMN,Oman,2000,population,2282131,UN Population Division / World Bank WDI,2026-09-02
PAK,Pakistan,2023,population,247504495,UN Population Division / World Bank WDI,2026-09-02
PAK,Pakistan,2022,population,243700667,UN Population Division / World Bank WDI,2026-09-02
PAK,Pakistan,2021,population,239477801,UN Population Division / World Bank WDI,2026-09-02
PAK,Pakistan,2020,population,235001746,UN Population Division / World Bank WDI,2026-09-02
PAK,Pakistan,2019,population,230800899,UN Population Division / World Bank WDI,2026-09-02
PAK,Pakistan,2018,population,226928892,UN Population Division / World Bank WDI,2026-09-02
PAK,Pakistan,2017,population,223273967,UN Population Division / World Bank WDI,2026-09-02
PAK,Pakistan,2016,population,220138869,UN Population Division / World Bank WDI,2026-09-02
PAK,Pakistan,2015,population,217290883,UN Population Division / World Bank WDI,2026-09-02
PAK,Pakistan,2014,population,214264647,UN Population Division / World Bank WDI,2026-09-02
PAK,Pakistan,2013,population,211073978,UN Population Division / World Bank WDI,2026-09-02
PAK,Pakistan,2012,population,207667125,UN Population Division / World Bank WDI,2026-09-02
PAK,Pakistan,2011,population,203746065,UN Population Division / World Bank WDI,2026-09-02
PAK,Pakistan,2010,population,199239047,UN Population Division / World Bank WDI,2026-09-02
PAK,Pakistan,2009,population,194376534,UN Population Division / World Bank WDI,2026-09-02
PAK,Pakistan,2008,population,189499113,UN Population Division / World Bank WDI,2026-09-02
PAK,Pakistan,2007,population,184493231,UN Population Division / World Bank WDI,2026-09-02
PAK,Pakistan,2006,population,179682690,UN Population Division / World Bank WDI,2026-09-02
PAK,Pakistan,2005,population,175453212,UN Population Division / World Bank WDI,2026-09-02
PAK,Pakistan,2004,population,171286000,UN Population Division / World Bank WDI,2026-09-02
PAK,Pakistan,2003,population,167110248,UN Population Division / World Bank WDI,2026-09-02
PAK,Pakistan,2002,population,163222549,UN Population Division / World Bank WDI,2026-09-02
PAK,Pakistan,2001,population,159270907,UN Population Division / World Bank WDI,2026-09-02
PAK,Pakistan,2000,population,154879127,UN Population Division / World Bank WDI,2026-09-02
PLW,Palau,2023,population,17727,UN Population Division / World Bank WDI,2026-09-02
PLW,Palau,2022,population,17759,UN Population Division / World Bank WDI,2026-09-02
PLW,Palau,2021,population,17783,UN Population Division / World Bank WDI,2026-09-02
PLW,Palau,2020,population,17792,UN Population Division / World Bank WDI,2026-09-02
PLW,Palau,2019,population,17798,UN Population Division / World Bank WDI,2026-09-02
PLW,Palau,2018,population,17814,UN Population Division / World Bank WDI,2026-09-02
PLW,Palau,2017,population,17812,UN Population Division / World Bank WDI,2026-09-02
PLW,Palau,2016,population,17797,UN Population Division / World Bank WDI,2026-09-02
PLW,Palau,2015,population,17770,UN Population Division / World Bank WDI,2026-09-02
PLW,Palau,2014,population,17715,UN Population Division / World Bank WDI,2026-09-02
PLW,Palau,2013,population,17648,UN Population Division / World Bank WDI,2026-09-02
PLW,Palau,2012,population,17765,UN Population Division / World Bank WDI,2026-09-02
PLW,Palau,2011,population,18078,UN Population Division / World Bank WDI,2026-09-02
PLW,Palau,2010,population,18396,UN Population Division / World Bank WDI,2026-09-02
PLW,Palau,2009,population,18709,UN Population Division / World Bank WDI,2026-09-02
PLW,Palau,2008,population,19009,UN Population Division / World Bank WDI,2026-09-02
PLW,Palau,2007,population,19302,UN Population Division / World Bank WDI,2026-09-02
PLW,Palau,2006,population,19593,UN Population Division / World Bank WDI,2026-09-02
PLW,Palau,2005,population,19819,UN Population Division / World Bank WDI,2026-09-02
PLW,Palau,2004,population,19820,UN Population Division / World Bank WDI,2026-09-02
PLW,Palau,2003,population,19659,UN Population Division / World Bank WDI,2026-09-02
PLW,Palau,2002,population,19503,UN Population Division / World Bank WDI,2026-09-02
PLW,Palau,2001,population,19352,UN Population Division / World Bank WDI,2026-09-02
PLW,Palau,2000,population,19178,UN Population Division / World Bank WDI,2026-09-02
PAN,Panama,2023,population,4458759,UN Population Division / World Bank WDI,2026-09-02
PAN,Panama,2022,population,4400773,UN Population Division / World Bank WDI,2026-09-02
PAN,Panama,2021,population,4345405,UN Population Division / World Bank WDI,2026-09-02
PAN,Panama,2020,population,4293261,UN Population Division / World Bank WDI,2026-09-02
PAN,Panama,2019,population,4234700,UN Population Division / World Bank WDI,2026-09-02
PAN,Panama,2018,population,4167860,UN Population Division / World Bank WDI,2026-09-02
PAN,Panama,2017,population,4098707,UN Population Division / World Bank WDI,2026-09-02
PAN,Panama,2016,population,4029086,UN Population Division / World Bank WDI,2026-09-02
PAN,Panama,2015,population,3960035,UN Population Division / World Bank WDI,2026-09-02
PAN,Panama,2014,population,3892101,UN Population Division / World Bank WDI,2026-09-02
PAN,Panama,2013,population,3825329,UN Population Division / World Bank WDI,2026-09-02
PAN,Panama,2012,population,3759256,UN Population Division / World Bank WDI,2026-09-02
PAN,Panama,2011,population,3693505,UN Population Division / World Bank WDI,2026-09-02
PAN,Panama,2010,population,3628535,UN Population Division / World Bank WDI,2026-09-02
PAN,Panama,2009,population,3564381,UN Population Division / World Bank WDI,2026-09-02
PAN,Panama,2008,population,3500648,UN Population Division / World Bank WDI,2026-09-02
PAN,Panama,2007,population,3437490,UN Population Division / World Bank WDI,2026-09-02
PAN,Panama,2006,population,3375024,UN Population Division / World Bank WDI,2026-09-02
PAN,Panama,2005,population,3313026,UN Population Division / World Bank WDI,2026-09-02
PAN,Panama,2004,population,3251155,UN Population Division / World Bank WDI,2026-09-02
PAN,Panama,2003,population,3189807,UN Population Division / World Bank WDI,2026-09-02
PAN,Panama,2002,population,3129344,UN Population Division / World Bank WDI,2026-09-02
PAN,Panama,2001,population,3069537,UN Population Division / World Bank WDI,2026-09-02
PAN,Panama,2000,population,3010369,UN Population Division / World Bank WDI,2026-09-02
PNG,Papua New Guinea,2023,population,10389635,UN Population Division / World Bank WDI,2026-09-02
PNG,Papua New Guinea,2022,population,10203169,UN Population Division / World Bank WDI,2026-09-02
PNG,Papua New Guinea,2021,population,10012896,UN Population Division / World Bank WDI,2026-09-02
PNG,Papua New Guinea,2020,population,9815746,UN Population Division / World Bank WDI,2026-09-02
PNG,Papua New Guinea,2019,population,9609010,UN Population Division / World Bank WDI,2026-09-02
PNG,Papua New Guinea,2018,population,9394513,UN Population Division / World Bank WDI,2026-09-02
PNG,Papua New Guinea,2017,population,9178714,UN Population Division / World Bank WDI,2026-09-02
PNG,Papua New Guinea,2016,population,8961718,UN Population Division / World Bank WDI,2026-09-02
PNG,Papua New Guinea,2015,population,8743246,UN Population Division / World Bank WDI,2026-09-02
PNG,Papua New Guinea,2014,population,8523441,UN Population Division / World Bank WDI,2026-09-02
PNG,Papua New Guinea,2013,population,8302698,UN Population Division / World Bank WDI,2026-09-02
PNG,Papua New Guinea,2012,population,8081390,UN Population Division / World Bank WDI,2026-09-02
PNG,Papua New Guinea,2011,population,7859346,UN Population Division / World Bank WDI,2026-09-02
PNG,Papua New Guinea,2010,population,7633523,UN Population Division / World Bank WDI,2026-09-02
PNG,Papua New Guinea,2009,population,7406438,UN Population Division / World Bank WDI,2026-09-02
PNG,Papua New Guinea,2008,population,7183002,UN Population Division / World Bank WDI,2026-09-02
PNG,Papua New Guinea,2007,population,6963345,UN Population Division / World Bank WDI,2026-09-02
PNG,Papua New Guinea,2006,population,6747720,UN Population Division / World Bank WDI,2026-09-02
PNG,Papua New Guinea,2005,population,6535905,UN Population Division / World Bank WDI,2026-09-02
PNG,Papua New Guinea,2004,population,6328041,UN Population Division / World Bank WDI,2026-09-02
PNG,Papua New Guinea,2003,population,6123997,UN Population Division / World Bank WDI,2026-09-02
PNG,Papua New Guinea,2002,population,5924003,UN Population Division / World Bank WDI,2026-09-02
PNG,Papua New Guinea,2001,population,5728435,UN Population Division / World Bank WDI,2026-09-02
PNG,Papua New Guinea,2000,population,5537064,UN Population Division / World Bank WDI,2026-09-02
PRY,Paraguay,2023,population,6844146,UN Population Division / World Bank WDI,2026-09-02
PRY,Paraguay,2022,population,6760464,UN Population Division / World Bank WDI,2026-09-02
PRY,Paraguay,2021,population,6684182,UN Population Division / World Bank WDI,2026-09-02
PRY,Paraguay,2020,population,6603739,UN Population Division / World Bank WDI,2026-09-02
PRY,Paraguay,2019,population,6515058,UN Population Division / World Bank WDI,2026-09-02
PRY,Paraguay,2018,population,6427382,UN Population Division / World Bank WDI,2026-09-02
PRY,Paraguay,2017,population,6338660,UN Population Division / World Bank WDI,2026-09-02
PRY,Paraguay,2016,population,6249126,UN Population Division / World Bank WDI,2026-09-02
PRY,Paraguay,2015,population,6159103,UN Population Division / World Bank WDI,2026-09-02
PRY,Paraguay,2014,population,6069811,UN Population Division / World Bank WDI,2026-09-02
PRY,Paraguay,2013,population,5982445,UN Population Division / World Bank WDI,2026-09-02
PRY,Paraguay,2012,population,5897008,UN Population Division / World Bank WDI,2026-09-02
PRY,Paraguay,2011,population,5814626,UN Population Division / World Bank WDI,2026-09-02
PRY,Paraguay,2010,population,5737971,UN Population Division / World Bank WDI,2026-09-02
PRY,Paraguay,2009,population,5671236,UN Population Division / World Bank WDI,2026-09-02
PRY,Paraguay,2008,population,5613574,UN Population Division / World Bank WDI,2026-09-02
PRY,Paraguay,2007,population,5559386,UN Population Division / World Bank WDI,2026-09-02
PRY,Paraguay,2006,population,5505148,UN Population Division / World Bank WDI,2026-09-02
PRY,Paraguay,2005,population,5448097,UN Population Division / World Bank WDI,2026-09-02
PRY,Paraguay,2004,population,5388175,UN Population Division / World Bank WDI,2026-09-02
PRY,Paraguay,2003,population,5326436,UN Population Division / World Bank WDI,2026-09-02
PRY,Paraguay,2002,population,5261328,UN Population Division / World Bank WDI,2026-09-02
PRY,Paraguay,2001,population,5187689,UN Population Division / World Bank WDI,2026-09-02
PRY,Paraguay,2000,population,5100868,UN Population Division / World Bank WDI,2026-09-02
PER,Peru,2023,population,33845617,UN Population Division / World Bank WDI,2026-09-02
PER,Peru,2022,population,33475438,UN Population Division / World Bank WDI,2026-09-02
PER,Peru,2021,population,33155882,UN Population Division / World Bank WDI,2026-09-02
PER,Peru,2020,population,32838579,UN Population Division / World Bank WDI,2026-09-02
PER,Peru,2019,population,32449303,UN Population Division / World Bank WDI,2026-09-02
PER,Peru,2018,population,31897584,UN Population Division / World Bank WDI,2026-09-02
PER,Peru,2017,population,31324637,UN Population Division / World Bank WDI,2026-09-02
PER,Peru,2016,population,30866494,UN Population Division / World Bank WDI,2026-09-02
PER,Peru,2015,population,30457600,UN Population Division / World Bank WDI,2026-09-02
PER,Peru,2014,population,30115826,UN Population Division / World Bank WDI,2026-09-02
PER,Peru,2013,population,29817919,UN Population Division / World Bank WDI,2026-09-02
PER,Peru,2012,population,29550366,UN Population Division / World Bank WDI,2026-09-02
PER,Peru,2011,population,29304086,UN Population Division / World Bank WDI,2026-09-02
PER,Peru,2010,population,29086019,UN Population Division / World Bank WDI,2026-09-02
PER,Peru,2009,population,28896811,UN Population Division / World Bank WDI,2026-09-02
PER,Peru,2008,population,28719041,UN Population Division / World Bank WDI,2026-09-02
PER,Peru,2007,population,28530699,UN Population Division / World Bank WDI,2026-09-02
PER,Peru,2006,population,28324491,UN Population Division / World Bank WDI,2026-09-02
PER,Peru,2005,population,28101180,UN Population Division / World Bank WDI,2026-09-02
PER,Peru,2004,population,27852190,UN Population Division / World Bank WDI,2026-09-02
PER,Peru,2003,population,27580490,UN Population Division / World Bank WDI,2026-09-02
PER,Peru,2002,population,27288217,UN Population Division / World Bank WDI,2026-09-02
PER,Peru,2001,population,26964601,UN Population Division / World Bank WDI,2026-09-02
PER,Peru,2000,population,26598331,UN Population Division / World Bank WDI,2026-09-02
PHL,Philippines,2023,population,114891199,UN Population Division / World Bank WDI,2026-09-02
PHL,Philippines,2022,population,113964338,UN Population Division / World Bank WDI,2026-09-02
PHL,Philippines,2021,population,113100950,UN Population Division / World Bank WDI,2026-09-02
PHL,Philippines,2020,population,112081264,UN Population Division / World Bank WDI,2026-09-02
PHL,Philippines,2019,population,110804683,UN Population Division / World Bank WDI,2026-09-02
PHL,Philippines,2018,population,109465287,UN Population Division / World Bank WDI,2026-09-02
PHL,Philippines,2017,population,108119693,UN Population Division / World Bank WDI,2026-09-02
PHL,Philippines,2016,population,106735719,UN Population Division / World Bank WDI,2026-09-02
PHL,Philippines,2015,population,105312992,UN Population Division / World Bank WDI,2026-09-02
PHL,Philippines,2014,population,103767130,UN Population Division / World Bank WDI,2026-09-02
PHL,Philippines,2013,population,102076336,UN Population Division / World Bank WDI,2026-09-02
PHL,Philippines,2012,population,100175512,UN Population Division / World Bank WDI,2026-09-02
PHL,Philippines,2011,population,98248614,UN Population Division / World Bank WDI,2026-09-02
PHL,Philippines,2010,population,96337125,UN Population Division / World Bank WDI,2026-09-02
PHL,Philippines,2009,population,94384250,UN Population Division / World Bank WDI,2026-09-02
PHL,Philippines,2008,population,92699095,UN Population Division / World Bank WDI,2026-09-02
PHL,Philippines,2007,population,91075184,UN Population Division / World Bank WDI,2026-09-02
PHL,Philippines,2006,population,89508986,UN Population Division / World Bank WDI,2026-09-02
PHL,Philippines,2005,population,88015962,UN Population Division / World Bank WDI,2026-09-02
PHL,Philippines,2004,population,86394504,UN Population Division / World Bank WDI,2026-09-02
PHL,Philippines,2003,population,84731835,UN Population Division / World Bank WDI,2026-09-02
PHL,Philippines,2002,population,83068889,UN Population Division / World Bank WDI,2026-09-02
PHL,Philippines,2001,population,81401488,UN Population Division / World Bank WDI,2026-09-02
PHL,Philippines,2000,population,79625397,UN Population Division / World Bank WDI,2026-09-02
POL,Poland,2023,population,36687353,UN Population Division / World Bank WDI,2026-09-02
POL,Poland,2022,population,36821749,UN Population Division / World Bank WDI,2026-09-02
POL,Poland,2021,population,36981559,UN Population Division / World Bank WDI,2026-09-02
POL,Poland,2020,population,37515748,UN Population Division / World Bank WDI,2026-09-02
POL,Poland,2019,population,37965475,UN Population Division / World Bank WDI,2026-09-02
POL,Poland,2018,population,37974750,UN Population Division / World Bank WDI,2026-09-02
POL,Poland,2017,population,37974826,UN Population Division / World Bank WDI,2026-09-02
POL,Poland,2016,population,37970087,UN Population Division / World Bank WDI,2026-09-02
POL,Poland,2015,population,37986412,UN Population Division / World Bank WDI,2026-09-02
POL,Poland,2014,population,38011735,UN Population Division / World Bank WDI,2026-09-02
POL,Poland,2013,population,38040196,UN Population Division / World Bank WDI,2026-09-02
POL,Poland,2012,population,38063164,UN Population Division / World Bank WDI,2026-09-02
POL,Poland,2011,population,38063255,UN Population Division / World Bank WDI,2026-09-02
POL,Poland,2010,population,38042794,UN Population Division / World Bank WDI,2026-09-02
POL,Poland,2009,population,38151603,UN Population Division / World Bank WDI,2026-09-02
POL,Poland,2008,population,38125759,UN Population Division / World Bank WDI,2026-09-02
POL,Poland,2007,population,38120560,UN Population Division / World Bank WDI,2026-09-02
POL,Poland,2006,population,38141267,UN Population Division / World Bank WDI,2026-09-02
POL,Poland,2005,population,38165445,UN Population Division / World Bank WDI,2026-09-02
POL,Poland,2004,population,38182222,UN Population Division / World Bank WDI,2026-09-02
POL,Poland,2003,population,38204570,UN Population Division / World Bank WDI,2026-09-02
POL,Poland,2002,population,38230364,UN Population Division / World Bank WDI,2026-09-02
POL,Poland,2001,population,38248076,UN Population Division / World Bank WDI,2026-09-02
POL,Poland,2000,population,38258629,UN Population Division / World Bank WDI,2026-09-02
PRT,Portugal,2023,population,10578174,UN Population Division / World Bank WDI,2026-09-02
PRT,Portugal,2022,population,10434332,UN Population Division / World Bank WDI,2026-09-02
PRT,Portugal,2021,population,10361831,UN Population Division / World Bank WDI,2026-09-02
PRT,Portugal,2020,population,10297081,UN Population Division / World Bank WDI,2026-09-02
PRT,Portugal,2019,population,10286263,UN Population Division / World Bank WDI,2026-09-02
PRT,Portugal,2018,population,10283822,UN Population Division / World Bank WDI,2026-09-02
PRT,Portugal,2017,population,10300300,UN Population Division / World Bank WDI,2026-09-02
PRT,Portugal,2016,population,10325452,UN Population Division / World Bank WDI,2026-09-02
PRT,Portugal,2015,population,10358076,UN Population Division / World Bank WDI,2026-09-02
PRT,Portugal,2014,population,10401062,UN Population Division / World Bank WDI,2026-09-02
PRT,Portugal,2013,population,10457295,UN Population Division / World Bank WDI,2026-09-02
PRT,Portugal,2012,population,10514844,UN Population Division / World Bank WDI,2026-09-02
PRT,Portugal,2011,population,10557560,UN Population Division / World Bank WDI,2026-09-02
PRT,Portugal,2010,population,10573100,UN Population Division / World Bank WDI,2026-09-02
PRT,Portugal,2009,population,10568247,UN Population Division / World Bank WDI,2026-09-02
PRT,Portugal,2008,population,10558177,UN Population Division / World Bank WDI,2026-09-02
PRT,Portugal,2007,population,10542964,UN Population Division / World Bank WDI,2026-09-02
PRT,Portugal,2006,population,10522288,UN Population Division / World Bank WDI,2026-09-02
PRT,Portugal,2005,population,10503330,UN Population Division / World Bank WDI,2026-09-02
PRT,Portugal,2004,population,10483861,UN Population Division / World Bank WDI,2026-09-02
PRT,Portugal,2003,population,10458821,UN Population Division / World Bank WDI,2026-09-02
PRT,Portugal,2002,population,10419631,UN Population Division / World Bank WDI,2026-09-02
PRT,Portugal,2001,population,10362722,UN Population Division / World Bank WDI,2026-09-02
PRT,Portugal,2000,population,10289898,UN Population Division / World Bank WDI,2026-09-02
PRI,Puerto Rico (US),2023,population,3203794,UN Population Division / World Bank WDI,2026-09-02
PRI,Puerto Rico (US),2022,population,3220148,UN Population Division / World Bank WDI,2026-09-02
PRI,Puerto Rico (US),2021,population,3262731,UN Population Division / World Bank WDI,2026-09-02
PRI,Puerto Rico (US),2020,population,3281591,UN Population Division / World Bank WDI,2026-09-02
PRI,Puerto Rico (US),2019,population,3302691,UN Population Division / World Bank WDI,2026-09-02
PRI,Puerto Rico (US),2018,population,3290690,UN Population Division / World Bank WDI,2026-09-02
PRI,Puerto Rico (US),2017,population,3410837,UN Population Division / World Bank WDI,2026-09-02
PRI,Puerto Rico (US),2016,population,3480432,UN Population Division / World Bank WDI,2026-09-02
PRI,Puerto Rico (US),2015,population,3535167,UN Population Division / World Bank WDI,2026-09-02
PRI,Puerto Rico (US),2014,population,3585017,UN Population Division / World Bank WDI,2026-09-02
PRI,Puerto Rico (US),2013,population,3631427,UN Population Division / World Bank WDI,2026-09-02
PRI,Puerto Rico (US),2012,population,3661045,UN Population Division / World Bank WDI,2026-09-02
PRI,Puerto Rico (US),2011,population,3693464,UN Population Division / World Bank WDI,2026-09-02
PRI,Puerto Rico (US),2010,population,3724465,UN Population Division / World Bank WDI,2026-09-02
PRI,Puerto Rico (US),2009,population,3740410,UN Population Division / World Bank WDI,2026-09-02
PRI,Puerto Rico (US),2008,population,3760866,UN Population Division / World Bank WDI,2026-09-02
PRI,Puerto Rico (US),2007,population,3782995,UN Population Division / World Bank WDI,2026-09-02
PRI,Puerto Rico (US),2006,population,3805214,UN Population Division / World Bank WDI,2026-09-02
PRI,Puerto Rico (US),2005,population,3821362,UN Population Division / World Bank WDI,2026-09-02
PRI,Puerto Rico (US),2004,population,3826878,UN Population Division / World Bank WDI,2026-09-02
PRI,Puerto Rico (US),2003,population,3826095,UN Population Division / World Bank WDI,2026-09-02
PRI,Puerto Rico (US),2002,population,3823701,UN Population Division / World Bank WDI,2026-09-02
PRI,Puerto Rico (US),2001,population,3818774,UN Population Division / World Bank WDI,2026-09-02
PRI,Puerto Rico (US),2000,population,3810605,UN Population Division / World Bank WDI,2026-09-02
QAT,Qatar,2023,population,2656032,UN Population Division / World Bank WDI,2026-09-02
QAT,Qatar,2022,population,2657333,UN Population Division / World Bank WDI,2026-09-02
QAT,Qatar,2021,population,2504910,UN Population Division / World Bank WDI,2026-09-02
QAT,Qatar,2020,population,2794148,UN Population Division / World Bank WDI,2026-09-02
QAT,Qatar,2019,population,2638657,UN Population Division / World Bank WDI,2026-09-02
QAT,Qatar,2018,population,2580734,UN Population Division / World Bank WDI,2026-09-02
QAT,Qatar,2017,population,2545820,UN Population Division / World Bank WDI,2026-09-02
QAT,Qatar,2016,population,2477113,UN Population Division / World Bank WDI,2026-09-02
QAT,Qatar,2015,population,2344557,UN Population Division / World Bank WDI,2026-09-02
QAT,Qatar,2014,population,2151745,UN Population Division / World Bank WDI,2026-09-02
QAT,Qatar,2013,population,1916426,UN Population Division / World Bank WDI,2026-09-02
QAT,Qatar,2012,population,1722438,UN Population Division / World Bank WDI,2026-09-02
QAT,Qatar,2011,population,1624761,UN Population Division / World Bank WDI,2026-09-02
QAT,Qatar,2010,population,1616832,UN Population Division / World Bank WDI,2026-09-02
QAT,Qatar,2009,population,1608903,UN Population Division / World Bank WDI,2026-09-02
QAT,Qatar,2008,population,1426938,UN Population Division / World Bank WDI,2026-09-02
QAT,Qatar,2007,population,1208595,UN Population Division / World Bank WDI,2026-09-02
QAT,Qatar,2006,population,972831,UN Population Division / World Bank WDI,2026-09-02
QAT,Qatar,2005,population,825408,UN Population Division / World Bank WDI,2026-09-02
QAT,Qatar,2004,population,773332,UN Population Division / World Bank WDI,2026-09-02
QAT,Qatar,2003,population,744682,UN Population Division / World Bank WDI,2026-09-02
QAT,Qatar,2002,population,711205,UN Population Division / World Bank WDI,2026-09-02
QAT,Qatar,2001,population,677925,UN Population Division / World Bank WDI,2026-09-02
QAT,Qatar,2000,population,644989,UN Population Division / World Bank WDI,2026-09-02
ROU,Romania,2023,population,19061062,UN Population Division / World Bank WDI,2026-09-02
ROU,Romania,2022,population,19048502,UN Population Division / World Bank WDI,2026-09-02
ROU,Romania,2021,population,19122059,UN Population Division / World Bank WDI,2026-09-02
ROU,Romania,2020,population,19265250,UN Population Division / World Bank WDI,2026-09-02
ROU,Romania,2019,population,19371648,UN Population Division / World Bank WDI,2026-09-02
ROU,Romania,2018,population,19473970,UN Population Division / World Bank WDI,2026-09-02
ROU,Romania,2017,population,19588715,UN Population Division / World Bank WDI,2026-09-02
ROU,Romania,2016,population,19702267,UN Population Division / World Bank WDI,2026-09-02
ROU,Romania,2015,population,19815616,UN Population Division / World Bank WDI,2026-09-02
ROU,Romania,2014,population,19908979,UN Population Division / World Bank WDI,2026-09-02
ROU,Romania,2013,population,19983693,UN Population Division / World Bank WDI,2026-09-02
ROU,Romania,2012,population,20058035,UN Population Division / World Bank WDI,2026-09-02
ROU,Romania,2011,population,20147528,UN Population Division / World Bank WDI,2026-09-02
ROU,Romania,2010,population,20246871,UN Population Division / World Bank WDI,2026-09-02
ROU,Romania,2009,population,20367487,UN Population Division / World Bank WDI,2026-09-02
ROU,Romania,2008,population,20537875,UN Population Division / World Bank WDI,2026-09-02
ROU,Romania,2007,population,20882982,UN Population Division / World Bank WDI,2026-09-02
ROU,Romania,2006,population,21193760,UN Population Division / World Bank WDI,2026-09-02
ROU,Romania,2005,population,21319685,UN Population Division / World Bank WDI,2026-09-02
ROU,Romania,2004,population,21451748,UN Population Division / World Bank WDI,2026-09-02
ROU,Romania,2003,population,21574326,UN Population Division / World Bank WDI,2026-09-02
ROU,Romania,2002,population,21730496,UN Population Division / World Bank WDI,2026-09-02
ROU,Romania,2001,population,22131970,UN Population Division / World Bank WDI,2026-09-02
ROU,Romania,2000,population,22442971,UN Population Division / World Bank WDI,2026-09-02
RUS,Russian Federation,2023,population,143826130,UN Population Division / World Bank WDI,2026-09-02
RUS,Russian Federation,2022,population,144236933,UN Population Division / World Bank WDI,2026-09-02
RUS,Russian Federation,2021,population,144746762,UN Population Division / World Bank WDI,2026-09-02
RUS,Russian Federation,2020,population,145245148,UN Population Division / World Bank WDI,2026-09-02
RUS,Russian Federation,2019,population,145453291,UN Population Division / World Bank WDI,2026-09-02
RUS,Russian Federation,2018,population,145398106,UN Population Division / World Bank WDI,2026-09-02
RUS,Russian Federation,2017,population,145293260,UN Population Division / World Bank WDI,2026-09-02
RUS,Russian Federation,2016,population,145015460,UN Population Division / World Bank WDI,2026-09-02
RUS,Russian Federation,2015,population,144640716,UN Population Division / World Bank WDI,2026-09-02
RUS,Russian Federation,2014,population,144237223,UN Population Division / World Bank WDI,2026-09-02
RUS,Russian Federation,2013,population,143805638,UN Population Division / World Bank WDI,2026-09-02
RUS,Russian Federation,2012,population,143378447,UN Population Division / World Bank WDI,2026-09-02
RUS,Russian Federation,2011,population,143018195,UN Population Division / World Bank WDI,2026-09-02
RUS,Russian Federation,2010,population,142849468,UN Population Division / World Bank WDI,2026-09-02
RUS,Russian Federation,2009,population,142785348,UN Population Division / World Bank WDI,2026-09-02
RUS,Russian Federation,2008,population,142742366,UN Population Division / World Bank WDI,2026-09-02
RUS,Russian Federation,2007,population,142805114,UN Population Division / World Bank WDI,2026-09-02
RUS,Russian Federation,2006,population,143049637,UN Population Division / World Bank WDI,2026-09-02
RUS,Russian Federation,2005,population,143518814,UN Population Division / World Bank WDI,2026-09-02
RUS,Russian Federation,2004,population,144067316,UN Population Division / World Bank WDI,2026-09-02
RUS,Russian Federation,2003,population,144648618,UN Population Division / World Bank WDI,2026-09-02
RUS,Russian Federation,2002,population,145306497,UN Population Division / World Bank WDI,2026-09-02
RUS,Russian Federation,2001,population,145976482,UN Population Division / World Bank WDI,2026-09-02
RUS,Russian Federation,2000,population,146596869,UN Population Division / World Bank WDI,2026-09-02
RWA,Rwanda,2023,population,13954471,UN Population Division / World Bank WDI,2026-09-02
RWA,Rwanda,2022,population,13651030,UN Population Division / World Bank WDI,2026-09-02
RWA,Rwanda,2021,population,13355260,UN Population Division / World Bank WDI,2026-09-02
RWA,Rwanda,2020,population,13065837,UN Population Division / World Bank WDI,2026-09-02
RWA,Rwanda,2019,population,12776103,UN Population Division / World Bank WDI,2026-09-02
RWA,Rwanda,2018,population,12487996,UN Population Division / World Bank WDI,2026-09-02
RWA,Rwanda,2017,population,12202060,UN Population Division / World Bank WDI,2026-09-02
RWA,Rwanda,2016,population,11919183,UN Population Division / World Bank WDI,2026-09-02
RWA,Rwanda,2015,population,11640022,UN Population Division / World Bank WDI,2026-09-02
RWA,Rwanda,2014,population,11364757,UN Population Division / World Bank WDI,2026-09-02
RWA,Rwanda,2013,population,11093340,UN Population Division / World Bank WDI,2026-09-02
RWA,Rwanda,2012,population,10829901,UN Population Division / World Bank WDI,2026-09-02
RWA,Rwanda,2011,population,10573733,UN Population Division / World Bank WDI,2026-09-02
RWA,Rwanda,2010,population,10317553,UN Population Division / World Bank WDI,2026-09-02
RWA,Rwanda,2009,population,10060432,UN Population Division / World Bank WDI,2026-09-02
RWA,Rwanda,2008,population,9804269,UN Population Division / World Bank WDI,2026-09-02
RWA,Rwanda,2007,population,9549933,UN Population Division / World Bank WDI,2026-09-02
RWA,Rwanda,2006,population,9299246,UN Population Division / World Bank WDI,2026-09-02
RWA,Rwanda,2005,population,9054528,UN Population Division / World Bank WDI,2026-09-02
RWA,Rwanda,2004,population,8816844,UN Population Division / World Bank WDI,2026-09-02
RWA,Rwanda,2003,population,8586875,UN Population Division / World Bank WDI,2026-09-02
RWA,Rwanda,2002,population,8400180,UN Population Division / World Bank WDI,2026-09-02
RWA,Rwanda,2001,population,8287094,UN Population Division / World Bank WDI,2026-09-02
RWA,Rwanda,2000,population,8213931,UN Population Division / World Bank WDI,2026-09-02
WSM,Samoa,2023,population,216663,UN Population Division / World Bank WDI,2026-09-02
WSM,Samoa,2022,population,215261,UN Population Division / World Bank WDI,2026-09-02
WSM,Samoa,2021,population,213779,UN Population Division / World Bank WDI,2026-09-02
WSM,Samoa,2020,population,211944,UN Population Division / World Bank WDI,2026-09-02
WSM,Samoa,2019,population,209780,UN Population Division / World Bank WDI,2026-09-02
WSM,Samoa,2018,population,207582,UN Population Division / World Bank WDI,2026-09-02
WSM,Samoa,2017,population,205415,UN Population Division / World Bank WDI,2026-09-02
WSM,Samoa,2016,population,203499,UN Population Division / World Bank WDI,2026-09-02
WSM,Samoa,2015,population,201782,UN Population Division / World Bank WDI,2026-09-02
WSM,Samoa,2014,population,200037,UN Population Division / World Bank WDI,2026-09-02
WSM,Samoa,2013,population,198268,UN Population Division / World Bank WDI,2026-09-02
WSM,Samoa,2012,population,196498,UN Population Division / World Bank WDI,2026-09-02
WSM,Samoa,2011,population,194713,UN Population Division / World Bank WDI,2026-09-02
WSM,Samoa,2010,population,193023,UN Population Division / World Bank WDI,2026-09-02
WSM,Samoa,2009,population,191513,UN Population Division / World Bank WDI,2026-09-02
WSM,Samoa,2008,population,190107,UN Population Division / World Bank WDI,2026-09-02
WSM,Samoa,2007,population,188753,UN Population Division / World Bank WDI,2026-09-02
WSM,Samoa,2006,population,187709,UN Population Division / World Bank WDI,2026-09-02
WSM,Samoa,2005,population,186978,UN Population Division / World Bank WDI,2026-09-02
WSM,Samoa,2004,population,186249,UN Population Division / World Bank WDI,2026-09-02
WSM,Samoa,2003,population,185430,UN Population Division / World Bank WDI,2026-09-02
WSM,Samoa,2002,population,184471,UN Population Division / World Bank WDI,2026-09-02
WSM,Samoa,2001,population,183166,UN Population Division / World Bank WDI,2026-09-02
WSM,Samoa,2000,population,181685,UN Population Division / World Bank WDI,2026-09-02
SMR,San Marino,2023,population,33860,UN Population Division / World Bank WDI,2026-09-02
SMR,San Marino,2022,population,33755,UN Population Division / World Bank WDI,2026-09-02
SMR,San Marino,2021,population,34252,UN Population Division / World Bank WDI,2026-09-02
SMR,San Marino,2020,population,34770,UN Population Division / World Bank WDI,2026-09-02
SMR,San Marino,2019,population,34663,UN Population Division / World Bank WDI,2026-09-02
SMR,San Marino,2018,population,34522,UN Population Division / World Bank WDI,2026-09-02
SMR,San Marino,2017,population,33825,UN Population Division / World Bank WDI,2026-09-02
SMR,San Marino,2016,population,33101,UN Population Division / World Bank WDI,2026-09-02
SMR,San Marino,2015,population,32897,UN Population Division / World Bank WDI,2026-09-02
SMR,San Marino,2014,population,32655,UN Population Division / World Bank WDI,2026-09-02
SMR,San Marino,2013,population,33041,UN Population Division / World Bank WDI,2026-09-02
SMR,San Marino,2012,population,33469,UN Population Division / World Bank WDI,2026-09-02
SMR,San Marino,2011,population,32620,UN Population Division / World Bank WDI,2026-09-02
SMR,San Marino,2010,population,33270,UN Population Division / World Bank WDI,2026-09-02
SMR,San Marino,2009,population,33066,UN Population Division / World Bank WDI,2026-09-02
SMR,San Marino,2008,population,31662,UN Population Division / World Bank WDI,2026-09-02
SMR,San Marino,2007,population,31211,UN Population Division / World Bank WDI,2026-09-02
SMR,San Marino,2006,population,30184,UN Population Division / World Bank WDI,2026-09-02
SMR,San Marino,2005,population,29836,UN Population Division / World Bank WDI,2026-09-02
SMR,San Marino,2004,population,29457,UN Population Division / World Bank WDI,2026-09-02
SMR,San Marino,2003,population,27843,UN Population Division / World Bank WDI,2026-09-02
SMR,San Marino,2002,population,27491,UN Population Division / World Bank WDI,2026-09-02
SMR,San Marino,2001,population,27143,UN Population Division / World Bank WDI,2026-09-02
SMR,San Marino,2000,population,26799,UN Population Division / World Bank WDI,2026-09-02
STP,Sao Tome and Principe,2023,population,230871,UN Population Division / World Bank WDI,2026-09-02
STP,Sao Tome and Principe,2022,population,226305,UN Population Division / World Bank WDI,2026-09-02
STP,Sao Tome and Principe,2021,population,221961,UN Population Division / World Bank WDI,2026-09-02
STP,Sao Tome and Principe,2020,population,217435,UN Population Division / World Bank WDI,2026-09-02
STP,Sao Tome and Principe,2019,population,213392,UN Population Division / World Bank WDI,2026-09-02
STP,Sao Tome and Principe,2018,population,210187,UN Population Division / World Bank WDI,2026-09-02
STP,Sao Tome and Principe,2017,population,206970,UN Population Division / World Bank WDI,2026-09-02
STP,Sao Tome and Principe,2016,population,203689,UN Population Division / World Bank WDI,2026-09-02
STP,Sao Tome and Principe,2015,population,200291,UN Population Division / World Bank WDI,2026-09-02
STP,Sao Tome and Principe,2014,population,196767,UN Population Division / World Bank WDI,2026-09-02
STP,Sao Tome and Principe,2013,population,193148,UN Population Division / World Bank WDI,2026-09-02
STP,Sao Tome and Principe,2012,population,189439,UN Population Division / World Bank WDI,2026-09-02
STP,Sao Tome and Principe,2011,population,185649,UN Population Division / World Bank WDI,2026-09-02
STP,Sao Tome and Principe,2010,population,181802,UN Population Division / World Bank WDI,2026-09-02
STP,Sao Tome and Principe,2009,population,177853,UN Population Division / World Bank WDI,2026-09-02
STP,Sao Tome and Principe,2008,population,173793,UN Population Division / World Bank WDI,2026-09-02
STP,Sao Tome and Principe,2007,population,169700,UN Population Division / World Bank WDI,2026-09-02
STP,Sao Tome and Principe,2006,population,165638,UN Population Division / World Bank WDI,2026-09-02
STP,Sao Tome and Principe,2005,population,161639,UN Population Division / World Bank WDI,2026-09-02
STP,Sao Tome and Principe,2004,population,157705,UN Population Division / World Bank WDI,2026-09-02
STP,Sao Tome and Principe,2003,population,153814,UN Population Division / World Bank WDI,2026-09-02
STP,Sao Tome and Principe,2002,population,149922,UN Population Division / World Bank WDI,2026-09-02
STP,Sao Tome and Principe,2001,population,146375,UN Population Division / World Bank WDI,2026-09-02
STP,Sao Tome and Principe,2000,population,144018,UN Population Division / World Bank WDI,2026-09-02
SAU,Saudi Arabia,2023,population,33702731,UN Population Division / World Bank WDI,2026-09-02
SAU,Saudi Arabia,2022,population,32175224,UN Population Division / World Bank WDI,2026-09-02
SAU,Saudi Arabia,2021,population,30784383,UN Population Division / World Bank WDI,2026-09-02
SAU,Saudi Arabia,2020,population,31552510,UN Population Division / World Bank WDI,2026-09-02
SAU,Saudi Arabia,2019,population,30063799,UN Population Division / World Bank WDI,2026-09-02
SAU,Saudi Arabia,2018,population,30196281,UN Population Division / World Bank WDI,2026-09-02
SAU,Saudi Arabia,2017,population,30977355,UN Population Division / World Bank WDI,2026-09-02
SAU,Saudi Arabia,2016,population,30954198,UN Population Division / World Bank WDI,2026-09-02
SAU,Saudi Arabia,2015,population,29816382,UN Population Division / World Bank WDI,2026-09-02
SAU,Saudi Arabia,2014,population,28309273,UN Population Division / World Bank WDI,2026-09-02
SAU,Saudi Arabia,2013,population,27624004,UN Population Division / World Bank WDI,2026-09-02
SAU,Saudi Arabia,2012,population,26168861,UN Population Division / World Bank WDI,2026-09-02
SAU,Saudi Arabia,2011,population,25091867,UN Population Division / World Bank WDI,2026-09-02
SAU,Saudi Arabia,2010,population,23978487,UN Population Division / World Bank WDI,2026-09-02
SAU,Saudi Arabia,2009,population,24217654,UN Population Division / World Bank WDI,2026-09-02
SAU,Saudi Arabia,2008,population,23287877,UN Population Division / World Bank WDI,2026-09-02
SAU,Saudi Arabia,2007,population,22368313,UN Population Division / World Bank WDI,2026-09-02
SAU,Saudi Arabia,2006,population,21459144,UN Population Division / World Bank WDI,2026-09-02
SAU,Saudi Arabia,2005,population,20559890,UN Population Division / World Bank WDI,2026-09-02
SAU,Saudi Arabia,2004,population,19669480,UN Population Division / World Bank WDI,2026-09-02
SAU,Saudi Arabia,2003,population,18786767,UN Population Division / World Bank WDI,2026-09-02
SAU,Saudi Arabia,2002,population,17910910,UN Population Division / World Bank WDI,2026-09-02
SAU,Saudi Arabia,2001,population,17041397,UN Population Division / World Bank WDI,2026-09-02
SAU,Saudi Arabia,2000,population,16177722,UN Population Division / World Bank WDI,2026-09-02
SEN,Senegal,2023,population,18077573,UN Population Division / World Bank WDI,2026-09-02
SEN,Senegal,2022,population,17651103,UN Population Division / World Bank WDI,2026-09-02
SEN,Senegal,2021,population,17220867,UN Population Division / World Bank WDI,2026-09-02
SEN,Senegal,2020,population,16789219,UN Population Division / World Bank WDI,2026-09-02
SEN,Senegal,2019,population,16352922,UN Population Division / World Bank WDI,2026-09-02
SEN,Senegal,2018,population,15914498,UN Population Division / World Bank WDI,2026-09-02
SEN,Senegal,2017,population,15475002,UN Population Division / World Bank WDI,2026-09-02
SEN,Senegal,2016,population,15034521,UN Population Division / World Bank WDI,2026-09-02
SEN,Senegal,2015,population,14593331,UN Population Division / World Bank WDI,2026-09-02
SEN,Senegal,2014,population,14152102,UN Population Division / World Bank WDI,2026-09-02
SEN,Senegal,2013,population,13710849,UN Population Division / World Bank WDI,2026-09-02
SEN,Senegal,2012,population,13310495,UN Population Division / World Bank WDI,2026-09-02
SEN,Senegal,2011,population,12958897,UN Population Division / World Bank WDI,2026-09-02
SEN,Senegal,2010,population,12635413,UN Population Division / World Bank WDI,2026-09-02
SEN,Senegal,2009,population,12337389,UN Population Division / World Bank WDI,2026-09-02
SEN,Senegal,2008,population,12048959,UN Population Division / World Bank WDI,2026-09-02
SEN,Senegal,2007,population,11770344,UN Population Division / World Bank WDI,2026-09-02
SEN,Senegal,2006,population,11500094,UN Population Division / World Bank WDI,2026-09-02
SEN,Senegal,2005,population,11235472,UN Population Division / World Bank WDI,2026-09-02
SEN,Senegal,2004,population,10975704,UN Population Division / World Bank WDI,2026-09-02
SEN,Senegal,2003,population,10721176,UN Population Division / World Bank WDI,2026-09-02
SEN,Senegal,2002,population,10466214,UN Population Division / World Bank WDI,2026-09-02
SEN,Senegal,2001,population,10212942,UN Population Division / World Bank WDI,2026-09-02
SEN,Senegal,2000,population,9968260,UN Population Division / World Bank WDI,2026-09-02
SRB,Serbia,2023,population,6623183,UN Population Division / World Bank WDI,2026-09-02
SRB,Serbia,2022,population,6664449,UN Population Division / World Bank WDI,2026-09-02
SRB,Serbia,2021,population,6834326,UN Population Division / World Bank WDI,2026-09-02
SRB,Serbia,2020,population,6899126,UN Population Division / World Bank WDI,2026-09-02
SRB,Serbia,2019,population,6945235,UN Population Division / World Bank WDI,2026-09-02
SRB,Serbia,2018,population,6982604,UN Population Division / World Bank WDI,2026-09-02
SRB,Serbia,2017,population,7020858,UN Population Division / World Bank WDI,2026-09-02
SRB,Serbia,2016,population,7058322,UN Population Division / World Bank WDI,2026-09-02
SRB,Serbia,2015,population,7095383,UN Population Division / World Bank WDI,2026-09-02
SRB,Serbia,2014,population,7131787,UN Population Division / World Bank WDI,2026-09-02
SRB,Serbia,2013,population,7166553,UN Population Division / World Bank WDI,2026-09-02
SRB,Serbia,2012,population,7201497,UN Population Division / World Bank WDI,2026-09-02
SRB,Serbia,2011,population,7236519,UN Population Division / World Bank WDI,2026-09-02
SRB,Serbia,2010,population,7291436,UN Population Division / World Bank WDI,2026-09-02
SRB,Serbia,2009,population,7320807,UN Population Division / World Bank WDI,2026-09-02
SRB,Serbia,2008,population,7350222,UN Population Division / World Bank WDI,2026-09-02
SRB,Serbia,2007,population,7381579,UN Population Division / World Bank WDI,2026-09-02
SRB,Serbia,2006,population,7411569,UN Population Division / World Bank WDI,2026-09-02
SRB,Serbia,2005,population,7440769,UN Population Division / World Bank WDI,2026-09-02
SRB,Serbia,2004,population,7463157,UN Population Division / World Bank WDI,2026-09-02
SRB,Serbia,2003,population,7480591,UN Population Division / World Bank WDI,2026-09-02
SRB,Serbia,2002,population,7500031,UN Population Division / World Bank WDI,2026-09-02
SRB,Serbia,2001,population,7503433,UN Population Division / World Bank WDI,2026-09-02
SRB,Serbia,2000,population,7516346,UN Population Division / World Bank WDI,2026-09-02
SYC,Seychelles,2023,population,119773,UN Population Division / World Bank WDI,2026-09-02
SYC,Seychelles,2022,population,119878,UN Population Division / World Bank WDI,2026-09-02
SYC,Seychelles,2021,population,99258,UN Population Division / World Bank WDI,2026-09-02
SYC,Seychelles,2020,population,98462,UN Population Division / World Bank WDI,2026-09-02
SYC,Seychelles,2019,population,97625,UN Population Division / World Bank WDI,2026-09-02
SYC,Seychelles,2018,population,96762,UN Population Division / World Bank WDI,2026-09-02
SYC,Seychelles,2017,population,95843,UN Population Division / World Bank WDI,2026-09-02
SYC,Seychelles,2016,population,94677,UN Population Division / World Bank WDI,2026-09-02
SYC,Seychelles,2015,population,93419,UN Population Division / World Bank WDI,2026-09-02
SYC,Seychelles,2014,population,91359,UN Population Division / World Bank WDI,2026-09-02
SYC,Seychelles,2013,population,89949,UN Population Division / World Bank WDI,2026-09-02
SYC,Seychelles,2012,population,88303,UN Population Division / World Bank WDI,2026-09-02
SYC,Seychelles,2011,population,87441,UN Population Division / World Bank WDI,2026-09-02
SYC,Seychelles,2010,population,89770,UN Population Division / World Bank WDI,2026-09-02
SYC,Seychelles,2009,population,87298,UN Population Division / World Bank WDI,2026-09-02
SYC,Seychelles,2008,population,86956,UN Population Division / World Bank WDI,2026-09-02
SYC,Seychelles,2007,population,85033,UN Population Division / World Bank WDI,2026-09-02
SYC,Seychelles,2006,population,84600,UN Population Division / World Bank WDI,2026-09-02
SYC,Seychelles,2005,population,82858,UN Population Division / World Bank WDI,2026-09-02
SYC,Seychelles,2004,population,82475,UN Population Division / World Bank WDI,2026-09-02
SYC,Seychelles,2003,population,82781,UN Population Division / World Bank WDI,2026-09-02
SYC,Seychelles,2002,population,83723,UN Population Division / World Bank WDI,2026-09-02
SYC,Seychelles,2001,population,81202,UN Population Division / World Bank WDI,2026-09-02
SYC,Seychelles,2000,population,81131,UN Population Division / World Bank WDI,2026-09-02
SLE,Sierra Leone,2023,population,8460512,UN Population Division / World Bank WDI,2026-09-02
SLE,Sierra Leone,2022,population,8276807,UN Population Division / World Bank WDI,2026-09-02
SLE,Sierra Leone,2021,population,8094602,UN Population Division / World Bank WDI,2026-09-02
SLE,Sierra Leone,2020,population,7912558,UN Population Division / World Bank WDI,2026-09-02
SLE,Sierra Leone,2019,population,7731991,UN Population Division / World Bank WDI,2026-09-02
SLE,Sierra Leone,2018,population,7554563,UN Population Division / World Bank WDI,2026-09-02
SLE,Sierra Leone,2017,population,7379299,UN Population Division / World Bank WDI,2026-09-02
SLE,Sierra Leone,2016,population,7205328,UN Population Division / World Bank WDI,2026-09-02
SLE,Sierra Leone,2015,population,7037655,UN Population Division / World Bank WDI,2026-09-02
SLE,Sierra Leone,2014,population,6876385,UN Population Division / World Bank WDI,2026-09-02
SLE,Sierra Leone,2013,population,6714051,UN Population Division / World Bank WDI,2026-09-02
SLE,Sierra Leone,2012,population,6551080,UN Population Division / World Bank WDI,2026-09-02
SLE,Sierra Leone,2011,population,6387251,UN Population Division / World Bank WDI,2026-09-02
SLE,Sierra Leone,2010,population,6222714,UN Population Division / World Bank WDI,2026-09-02
SLE,Sierra Leone,2009,population,6055646,UN Population Division / World Bank WDI,2026-09-02
SLE,Sierra Leone,2008,population,5894722,UN Population Division / World Bank WDI,2026-09-02
SLE,Sierra Leone,2007,population,5749352,UN Population Division / World Bank WDI,2026-09-02
SLE,Sierra Leone,2006,population,5624466,UN Population Division / World Bank WDI,2026-09-02
SLE,Sierra Leone,2005,population,5501712,UN Population Division / World Bank WDI,2026-09-02
SLE,Sierra Leone,2004,population,5355717,UN Population Division / World Bank WDI,2026-09-02
SLE,Sierra Leone,2003,population,5177687,UN Population Division / World Bank WDI,2026-09-02
SLE,Sierra Leone,2002,population,4971435,UN Population Division / World Bank WDI,2026-09-02
SLE,Sierra Leone,2001,population,4692716,UN Population Division / World Bank WDI,2026-09-02
SLE,Sierra Leone,2000,population,4423611,UN Population Division / World Bank WDI,2026-09-02
SGP,Singapore,2023,population,5917648,UN Population Division / World Bank WDI,2026-09-02
SGP,Singapore,2022,population,5637022,UN Population Division / World Bank WDI,2026-09-02
SGP,Singapore,2021,population,5453566,UN Population Division / World Bank WDI,2026-09-02
SGP,Singapore,2020,population,5685807,UN Population Division / World Bank WDI,2026-09-02
SGP,Singapore,2019,population,5703569,UN Population Division / World Bank WDI,2026-09-02
SGP,Singapore,2018,population,5638676,UN Population Division / World Bank WDI,2026-09-02
SGP,Singapore,2017,population,5612253,UN Population Division / World Bank WDI,2026-09-02
SGP,Singapore,2016,population,5607283,UN Population Division / World Bank WDI,2026-09-02
SGP,Singapore,2015,population,5535002,UN Population Division / World Bank WDI,2026-09-02
SGP,Singapore,2014,population,5469724,UN Population Division / World Bank WDI,2026-09-02
SGP,Singapore,2013,population,5399162,UN Population Division / World Bank WDI,2026-09-02
SGP,Singapore,2012,population,5312437,UN Population Division / World Bank WDI,2026-09-02
SGP,Singapore,2011,population,5183688,UN Population Division / World Bank WDI,2026-09-02
SGP,Singapore,2010,population,5076732,UN Population Division / World Bank WDI,2026-09-02
SGP,Singapore,2009,population,4987573,UN Population Division / World Bank WDI,2026-09-02
SGP,Singapore,2008,population,4839396,UN Population Division / World Bank WDI,2026-09-02
SGP,Singapore,2007,population,4588599,UN Population Division / World Bank WDI,2026-09-02
SGP,Singapore,2006,population,4401365,UN Population Division / World Bank WDI,2026-09-02
SGP,Singapore,2005,population,4265762,UN Population Division / World Bank WDI,2026-09-02
SGP,Singapore,2004,population,4166664,UN Population Division / World Bank WDI,2026-09-02
SGP,Singapore,2003,population,4114826,UN Population Division / World Bank WDI,2026-09-02
SGP,Singapore,2002,population,4175950,UN Population Division / World Bank WDI,2026-09-02
SGP,Singapore,2001,population,4138012,UN Population Division / World Bank WDI,2026-09-02
SGP,Singapore,2000,population,4027887,UN Population Division / World Bank WDI,2026-09-02
SXM,Sint Maarten (Dutch part),2023,population,42749,UN Population Division / World Bank WDI,2026-09-02
SXM,Sint Maarten (Dutch part),2022,population,42139,UN Population Division / World Bank WDI,2026-09-02
SXM,Sint Maarten (Dutch part),2021,population,41571,UN Population Division / World Bank WDI,2026-09-02
SXM,Sint Maarten (Dutch part),2020,population,41008,UN Population Division / World Bank WDI,2026-09-02
SXM,Sint Maarten (Dutch part),2019,population,40385,UN Population Division / World Bank WDI,2026-09-02
SXM,Sint Maarten (Dutch part),2018,population,39712,UN Population Division / World Bank WDI,2026-09-02
SXM,Sint Maarten (Dutch part),2017,population,38996,UN Population Division / World Bank WDI,2026-09-02
SXM,Sint Maarten (Dutch part),2016,population,38249,UN Population Division / World Bank WDI,2026-09-02
SXM,Sint Maarten (Dutch part),2015,population,37471,UN Population Division / World Bank WDI,2026-09-02
SXM,Sint Maarten (Dutch part),2014,population,36672,UN Population Division / World Bank WDI,2026-09-02
SXM,Sint Maarten (Dutch part),2013,population,35854,UN Population Division / World Bank WDI,2026-09-02
SXM,Sint Maarten (Dutch part),2012,population,35023,UN Population Division / World Bank WDI,2026-09-02
SXM,Sint Maarten (Dutch part),2011,population,34267,UN Population Division / World Bank WDI,2026-09-02
SXM,Sint Maarten (Dutch part),2010,population,33794,UN Population Division / World Bank WDI,2026-09-02
SXM,Sint Maarten (Dutch part),2009,population,33491,UN Population Division / World Bank WDI,2026-09-02
SXM,Sint Maarten (Dutch part),2008,population,33145,UN Population Division / World Bank WDI,2026-09-02
SXM,Sint Maarten (Dutch part),2007,population,32791,UN Population Division / World Bank WDI,2026-09-02
SXM,Sint Maarten (Dutch part),2006,population,32428,UN Population Division / World Bank WDI,2026-09-02
SXM,Sint Maarten (Dutch part),2005,population,32057,UN Population Division / World Bank WDI,2026-09-02
SXM,Sint Maarten (Dutch part),2004,population,31690,UN Population Division / World Bank WDI,2026-09-02
SXM,Sint Maarten (Dutch part),2003,population,31327,UN Population Division / World Bank WDI,2026-09-02
SXM,Sint Maarten (Dutch part),2002,population,30960,UN Population Division / World Bank WDI,2026-09-02
SXM,Sint Maarten (Dutch part),2001,population,30726,UN Population Division / World Bank WDI,2026-09-02
SXM,Sint Maarten (Dutch part),2000,population,30773,UN Population Division / World Bank WDI,2026-09-02
SVK,Slovak Republic,2023,population,5426740,UN Population Division / World Bank WDI,2026-09-02
SVK,Slovak Republic,2022,population,5431752,UN Population Division / World Bank WDI,2026-09-02
SVK,Slovak Republic,2021,population,5447247,UN Population Division / World Bank WDI,2026-09-02
SVK,Slovak Republic,2020,population,5458827,UN Population Division / World Bank WDI,2026-09-02
SVK,Slovak Republic,2019,population,5454147,UN Population Division / World Bank WDI,2026-09-02
SVK,Slovak Republic,2018,population,5446771,UN Population Division / World Bank WDI,2026-09-02
SVK,Slovak Republic,2017,population,5439232,UN Population Division / World Bank WDI,2026-09-02
SVK,Slovak Republic,2016,population,5430798,UN Population Division / World Bank WDI,2026-09-02
SVK,Slovak Republic,2015,population,5423801,UN Population Division / World Bank WDI,2026-09-02
SVK,Slovak Republic,2014,population,5418649,UN Population Division / World Bank WDI,2026-09-02
SVK,Slovak Republic,2013,population,5413393,UN Population Division / World Bank WDI,2026-09-02
SVK,Slovak Republic,2012,population,5407579,UN Population Division / World Bank WDI,2026-09-02
SVK,Slovak Republic,2011,population,5398384,UN Population Division / World Bank WDI,2026-09-02
SVK,Slovak Republic,2010,population,5391428,UN Population Division / World Bank WDI,2026-09-02
SVK,Slovak Republic,2009,population,5386406,UN Population Division / World Bank WDI,2026-09-02
SVK,Slovak Republic,2008,population,5379233,UN Population Division / World Bank WDI,2026-09-02
SVK,Slovak Republic,2007,population,5374622,UN Population Division / World Bank WDI,2026-09-02
SVK,Slovak Republic,2006,population,5373054,UN Population Division / World Bank WDI,2026-09-02
SVK,Slovak Republic,2005,population,5372807,UN Population Division / World Bank WDI,2026-09-02
SVK,Slovak Republic,2004,population,5372280,UN Population Division / World Bank WDI,2026-09-02
SVK,Slovak Republic,2003,population,5373374,UN Population Division / World Bank WDI,2026-09-02
SVK,Slovak Republic,2002,population,5376912,UN Population Division / World Bank WDI,2026-09-02
SVK,Slovak Republic,2001,population,5378867,UN Population Division / World Bank WDI,2026-09-02
SVK,Slovak Republic,2000,population,5388720,UN Population Division / World Bank WDI,2026-09-02
SVN,Slovenia,2023,population,2120461,UN Population Division / World Bank WDI,2026-09-02
SVN,Slovenia,2022,population,2112076,UN Population Division / World Bank WDI,2026-09-02
SVN,Slovenia,2021,population,2108079,UN Population Division / World Bank WDI,2026-09-02
SVN,Slovenia,2020,population,2102419,UN Population Division / World Bank WDI,2026-09-02
SVN,Slovenia,2019,population,2088385,UN Population Division / World Bank WDI,2026-09-02
SVN,Slovenia,2018,population,2073894,UN Population Division / World Bank WDI,2026-09-02
SVN,Slovenia,2017,population,2066388,UN Population Division / World Bank WDI,2026-09-02
SVN,Slovenia,2016,population,2065042,UN Population Division / World Bank WDI,2026-09-02
SVN,Slovenia,2015,population,2063531,UN Population Division / World Bank WDI,2026-09-02
SVN,Slovenia,2014,population,2061980,UN Population Division / World Bank WDI,2026-09-02
SVN,Slovenia,2013,population,2059953,UN Population Division / World Bank WDI,2026-09-02
SVN,Slovenia,2012,population,2057159,UN Population Division / World Bank WDI,2026-09-02
SVN,Slovenia,2011,population,2052843,UN Population Division / World Bank WDI,2026-09-02
SVN,Slovenia,2010,population,2048583,UN Population Division / World Bank WDI,2026-09-02
SVN,Slovenia,2009,population,2039669,UN Population Division / World Bank WDI,2026-09-02
SVN,Slovenia,2008,population,2021316,UN Population Division / World Bank WDI,2026-09-02
SVN,Slovenia,2007,population,2018122,UN Population Division / World Bank WDI,2026-09-02
SVN,Slovenia,2006,population,2006868,UN Population Division / World Bank WDI,2026-09-02
SVN,Slovenia,2005,population,2000474,UN Population Division / World Bank WDI,2026-09-02
SVN,Slovenia,2004,population,1997012,UN Population Division / World Bank WDI,2026-09-02
SVN,Slovenia,2003,population,1995733,UN Population Division / World Bank WDI,2026-09-02
SVN,Slovenia,2002,population,1994530,UN Population Division / World Bank WDI,2026-09-02
SVN,Slovenia,2001,population,1992060,UN Population Division / World Bank WDI,2026-09-02
SVN,Slovenia,2000,population,1988925,UN Population Division / World Bank WDI,2026-09-02
SLB,Solomon Islands,2023,population,800005,UN Population Division / World Bank WDI,2026-09-02
SLB,Solomon Islands,2022,population,781066,UN Population Division / World Bank WDI,2026-09-02
SLB,Solomon Islands,2021,population,762591,UN Population Division / World Bank WDI,2026-09-02
SLB,Solomon Islands,2020,population,744498,UN Population Division / World Bank WDI,2026-09-02
SLB,Solomon Islands,2019,population,728147,UN Population Division / World Bank WDI,2026-09-02
SLB,Solomon Islands,2018,population,709101,UN Population Division / World Bank WDI,2026-09-02
SLB,Solomon Islands,2017,population,685672,UN Population Division / World Bank WDI,2026-09-02
SLB,Solomon Islands,2016,population,662379,UN Population Division / World Bank WDI,2026-09-02
SLB,Solomon Islands,2015,population,639415,UN Population Division / World Bank WDI,2026-09-02
SLB,Solomon Islands,2014,population,616908,UN Population Division / World Bank WDI,2026-09-02
SLB,Solomon Islands,2013,population,594945,UN Population Division / World Bank WDI,2026-09-02
SLB,Solomon Islands,2012,population,573606,UN Population Division / World Bank WDI,2026-09-02
SLB,Solomon Islands,2011,population,552945,UN Population Division / World Bank WDI,2026-09-02
SLB,Solomon Islands,2010,population,532968,UN Population Division / World Bank WDI,2026-09-02
SLB,Solomon Islands,2009,population,518141,UN Population Division / World Bank WDI,2026-09-02
SLB,Solomon Islands,2008,population,508790,UN Population Division / World Bank WDI,2026-09-02
SLB,Solomon Islands,2007,population,500156,UN Population Division / World Bank WDI,2026-09-02
SLB,Solomon Islands,2006,population,491594,UN Population Division / World Bank WDI,2026-09-02
SLB,Solomon Islands,2005,population,483080,UN Population Division / World Bank WDI,2026-09-02
SLB,Solomon Islands,2004,population,474611,UN Population Division / World Bank WDI,2026-09-02
SLB,Solomon Islands,2003,population,466154,UN Population Division / World Bank WDI,2026-09-02
SLB,Solomon Islands,2002,population,457671,UN Population Division / World Bank WDI,2026-09-02
SLB,Solomon Islands,2001,population,449125,UN Population Division / World Bank WDI,2026-09-02
SLB,Solomon Islands,2000,population,440469,UN Population Division / World Bank WDI,2026-09-02
SOM,"Somalia, Fed. Rep.",2023,population,18358615,UN Population Division / World Bank WDI,2026-09-02
SOM,"Somalia, Fed. Rep.",2022,population,17801897,UN Population Division / World Bank WDI,2026-09-02
SOM,"Somalia, Fed. Rep.",2021,population,17271431,UN Population Division / World Bank WDI,2026-09-02
SOM,"Somalia, Fed. Rep.",2020,population,16651191,UN Population Division / World Bank WDI,2026-09-02
SOM,"Somalia, Fed. Rep.",2019,population,16030971,UN Population Division / World Bank WDI,2026-09-02
SOM,"Somalia, Fed. Rep.",2018,population,15452487,UN Population Division / World Bank WDI,2026-09-02
SOM,"Somalia, Fed. Rep.",2017,population,14916629,UN Population Division / World Bank WDI,2026-09-02
SOM,"Somalia, Fed. Rep.",2016,population,14348740,UN Population Division / World Bank WDI,2026-09-02
SOM,"Somalia, Fed. Rep.",2015,population,13806963,UN Population Division / World Bank WDI,2026-09-02
SOM,"Somalia, Fed. Rep.",2014,population,13339491,UN Population Division / World Bank WDI,2026-09-02
SOM,"Somalia, Fed. Rep.",2013,population,12869594,UN Population Division / World Bank WDI,2026-09-02
SOM,"Somalia, Fed. Rep.",2012,population,12461160,UN Population Division / World Bank WDI,2026-09-02
SOM,"Somalia, Fed. Rep.",2011,population,12348830,UN Population Division / World Bank WDI,2026-09-02
SOM,"Somalia, Fed. Rep.",2010,population,12261756,UN Population Division / World Bank WDI,2026-09-02
SOM,"Somalia, Fed. Rep.",2009,population,11961201,UN Population Division / World Bank WDI,2026-09-02
SOM,"Somalia, Fed. Rep.",2008,population,11663084,UN Population Division / World Bank WDI,2026-09-02
SOM,"Somalia, Fed. Rep.",2007,population,11322582,UN Population Division / World Bank WDI,2026-09-02
SOM,"Somalia, Fed. Rep.",2006,population,10975502,UN Population Division / World Bank WDI,2026-09-02
SOM,"Somalia, Fed. Rep.",2005,population,10644228,UN Population Division / World Bank WDI,2026-09-02
SOM,"Somalia, Fed. Rep.",2004,population,10280998,UN Population Division / World Bank WDI,2026-09-02
SOM,"Somalia, Fed. Rep.",2003,population,9909157,UN Population Division / World Bank WDI,2026-09-02
SOM,"Somalia, Fed. Rep.",2002,population,9550063,UN Population Division / World Bank WDI,2026-09-02
SOM,"Somalia, Fed. Rep.",2001,population,9198493,UN Population Division / World Bank WDI,2026-09-02
SOM,"Somalia, Fed. Rep.",2000,population,8838713,UN Population Division / World Bank WDI,2026-09-02
ZAF,South Africa,2023,population,63212384,UN Population Division / World Bank WDI,2026-09-02
ZAF,South Africa,2022,population,62378410,UN Population Division / World Bank WDI,2026-09-02
ZAF,South Africa,2021,population,61502603,UN Population Division / World Bank WDI,2026-09-02
ZAF,South Africa,2020,population,60562381,UN Population Division / World Bank WDI,2026-09-02
ZAF,South Africa,2019,population,59587885,UN Population Division / World Bank WDI,2026-09-02
ZAF,South Africa,2018,population,58613001,UN Population Division / World Bank WDI,2026-09-02
ZAF,South Africa,2017,population,57635162,UN Population Division / World Bank WDI,2026-09-02
ZAF,South Africa,2016,population,57259551,UN Population Division / World Bank WDI,2026-09-02
ZAF,South Africa,2015,population,56723537,UN Population Division / World Bank WDI,2026-09-02
ZAF,South Africa,2014,population,55594838,UN Population Division / World Bank WDI,2026-09-02
ZAF,South Africa,2013,population,54678791,UN Population Division / World Bank WDI,2026-09-02
ZAF,South Africa,2012,population,53782567,UN Population Division / World Bank WDI,2026-09-02
ZAF,South Africa,2011,population,52995205,UN Population Division / World Bank WDI,2026-09-02
ZAF,South Africa,2010,population,52344051,UN Population Division / World Bank WDI,2026-09-02
ZAF,South Africa,2009,population,51728516,UN Population Division / World Bank WDI,2026-09-02
ZAF,South Africa,2008,population,51114599,UN Population Division / World Bank WDI,2026-09-02
ZAF,South Africa,2007,population,50528584,UN Population Division / World Bank WDI,2026-09-02
ZAF,South Africa,2006,population,49998277,UN Population Division / World Bank WDI,2026-09-02
ZAF,South Africa,2005,population,49490033,UN Population Division / World Bank WDI,2026-09-02
ZAF,South Africa,2004,population,48991421,UN Population Division / World Bank WDI,2026-09-02
ZAF,South Africa,2003,population,48500348,UN Population Division / World Bank WDI,2026-09-02
ZAF,South Africa,2002,population,48019415,UN Population Division / World Bank WDI,2026-09-02
ZAF,South Africa,2001,population,47566800,UN Population Division / World Bank WDI,2026-09-02
ZAF,South Africa,2000,population,47159719,UN Population Division / World Bank WDI,2026-09-02
SSD,South Sudan,2023,population,11483374,UN Population Division / World Bank WDI,2026-09-02
SSD,South Sudan,2022,population,11021177,UN Population Division / World Bank WDI,2026-09-02
SSD,South Sudan,2021,population,10865780,UN Population Division / World Bank WDI,2026-09-02
SSD,South Sudan,2020,population,10698467,UN Population Division / World Bank WDI,2026-09-02
SSD,South Sudan,2019,population,10423384,UN Population Division / World Bank WDI,2026-09-02
SSD,South Sudan,2018,population,10122977,UN Population Division / World Bank WDI,2026-09-02
SSD,South Sudan,2017,population,10259154,UN Population Division / World Bank WDI,2026-09-02
SSD,South Sudan,2016,population,10830102,UN Population Division / World Bank WDI,2026-09-02
SSD,South Sudan,2015,population,11107561,UN Population Division / World Bank WDI,2026-09-02
SSD,South Sudan,2014,population,11235073,UN Population Division / World Bank WDI,2026-09-02
SSD,South Sudan,2013,population,11166275,UN Population Division / World Bank WDI,2026-09-02
SSD,South Sudan,2012,population,10756240,UN Population Division / World Bank WDI,2026-09-02
SSD,South Sudan,2011,population,10288109,UN Population Division / World Bank WDI,2026-09-02
SSD,South Sudan,2010,population,9745953,UN Population Division / World Bank WDI,2026-09-02
SSD,South Sudan,2009,population,9243556,UN Population Division / World Bank WDI,2026-09-02
SSD,South Sudan,2008,population,8817647,UN Population Division / World Bank WDI,2026-09-02
SSD,South Sudan,2007,population,8388788,UN Population Division / World Bank WDI,2026-09-02
SSD,South Sudan,2006,population,7976526,UN Population Division / World Bank WDI,2026-09-02
SSD,South Sudan,2005,population,7590143,UN Population Division / World Bank WDI,2026-09-02
SSD,South Sudan,2004,population,7233041,UN Population Division / World Bank WDI,2026-09-02
SSD,South Sudan,2003,population,6903127,UN Population Division / World Bank WDI,2026-09-02
SSD,South Sudan,2002,population,6596806,UN Population Division / World Bank WDI,2026-09-02
SSD,South Sudan,2001,population,6308391,UN Population Division / World Bank WDI,2026-09-02
SSD,South Sudan,2000,population,6032267,UN Population Division / World Bank WDI,2026-09-02
ESP,Spain,2023,population,48352528,UN Population Division / World Bank WDI,2026-09-02
ESP,Spain,2022,population,47786102,UN Population Division / World Bank WDI,2026-09-02
ESP,Spain,2021,population,47443821,UN Population Division / World Bank WDI,2026-09-02
ESP,Spain,2020,population,47359424,UN Population Division / World Bank WDI,2026-09-02
ESP,Spain,2019,population,47118501,UN Population Division / World Bank WDI,2026-09-02
ESP,Spain,2018,population,46782011,UN Population Division / World Bank WDI,2026-09-02
ESP,Spain,2017,population,46571232,UN Population Division / World Bank WDI,2026-09-02
ESP,Spain,2016,population,46458139,UN Population Division / World Bank WDI,2026-09-02
ESP,Spain,2015,population,46422303,UN Population Division / World Bank WDI,2026-09-02
ESP,Spain,2014,population,46460733,UN Population Division / World Bank WDI,2026-09-02
ESP,Spain,2013,population,46604197,UN Population Division / World Bank WDI,2026-09-02
ESP,Spain,2012,population,46773055,UN Population Division / World Bank WDI,2026-09-02
ESP,Spain,2011,population,46742697,UN Population Division / World Bank WDI,2026-09-02
ESP,Spain,2010,population,46576897,UN Population Division / World Bank WDI,2026-09-02
ESP,Spain,2009,population,46362946,UN Population Division / World Bank WDI,2026-09-02
ESP,Spain,2008,population,45954106,UN Population Division / World Bank WDI,2026-09-02
ESP,Spain,2007,population,45226803,UN Population Division / World Bank WDI,2026-09-02
ESP,Spain,2006,population,44397319,UN Population Division / World Bank WDI,2026-09-02
ESP,Spain,2005,population,43653155,UN Population Division / World Bank WDI,2026-09-02
ESP,Spain,2004,population,42921895,UN Population Division / World Bank WDI,2026-09-02
ESP,Spain,2003,population,42187645,UN Population Division / World Bank WDI,2026-09-02
ESP,Spain,2002,population,41431558,UN Population Division / World Bank WDI,2026-09-02
ESP,Spain,2001,population,40850412,UN Population Division / World Bank WDI,2026-09-02
ESP,Spain,2000,population,40567864,UN Population Division / World Bank WDI,2026-09-02
LKA,Sri Lanka,2023,population,22037000,UN Population Division / World Bank WDI,2026-09-02
LKA,Sri Lanka,2022,population,22181000,UN Population Division / World Bank WDI,2026-09-02
LKA,Sri Lanka,2021,population,22156000,UN Population Division / World Bank WDI,2026-09-02
LKA,Sri Lanka,2020,population,21919000,UN Population Division / World Bank WDI,2026-09-02
LKA,Sri Lanka,2019,population,21803000,UN Population Division / World Bank WDI,2026-09-02
LKA,Sri Lanka,2018,population,21670000,UN Population Division / World Bank WDI,2026-09-02
LKA,Sri Lanka,2017,population,21453000,UN Population Division / World Bank WDI,2026-09-02
LKA,Sri Lanka,2016,population,21209000,UN Population Division / World Bank WDI,2026-09-02
LKA,Sri Lanka,2015,population,20970000,UN Population Division / World Bank WDI,2026-09-02
LKA,Sri Lanka,2014,population,20778000,UN Population Division / World Bank WDI,2026-09-02
LKA,Sri Lanka,2013,population,20585000,UN Population Division / World Bank WDI,2026-09-02
LKA,Sri Lanka,2012,population,21169458,UN Population Division / World Bank WDI,2026-09-02
LKA,Sri Lanka,2011,population,21009048,UN Population Division / World Bank WDI,2026-09-02
LKA,Sri Lanka,2010,population,20879089,UN Population Division / World Bank WDI,2026-09-02
LKA,Sri Lanka,2009,population,20756435,UN Population Division / World Bank WDI,2026-09-02
LKA,Sri Lanka,2008,population,20629378,UN Population Division / World Bank WDI,2026-09-02
LKA,Sri Lanka,2007,population,20492545,UN Population Division / World Bank WDI,2026-09-02
LKA,Sri Lanka,2006,population,20352411,UN Population Division / World Bank WDI,2026-09-02
LKA,Sri Lanka,2005,population,20216524,UN Population Division / World Bank WDI,2026-09-02
LKA,Sri Lanka,2004,population,20087605,UN Population Division / World Bank WDI,2026-09-02
LKA,Sri Lanka,2003,population,19951521,UN Population Division / World Bank WDI,2026-09-02
LKA,Sri Lanka,2002,population,19805752,UN Population Division / World Bank WDI,2026-09-02
LKA,Sri Lanka,2001,population,19600362,UN Population Division / World Bank WDI,2026-09-02
LKA,Sri Lanka,2000,population,19293054,UN Population Division / World Bank WDI,2026-09-02
KNA,St. Kitts and Nevis,2023,population,46758,UN Population Division / World Bank WDI,2026-09-02
KNA,St. Kitts and Nevis,2022,population,46709,UN Population Division / World Bank WDI,2026-09-02
KNA,St. Kitts and Nevis,2021,population,46763,UN Population Division / World Bank WDI,2026-09-02
KNA,St. Kitts and Nevis,2020,population,46870,UN Population Division / World Bank WDI,2026-09-02
KNA,St. Kitts and Nevis,2019,population,46952,UN Population Division / World Bank WDI,2026-09-02
KNA,St. Kitts and Nevis,2018,population,47008,UN Population Division / World Bank WDI,2026-09-02
KNA,St. Kitts and Nevis,2017,population,47050,UN Population Division / World Bank WDI,2026-09-02
KNA,St. Kitts and Nevis,2016,population,47075,UN Population Division / World Bank WDI,2026-09-02
KNA,St. Kitts and Nevis,2015,population,47087,UN Population Division / World Bank WDI,2026-09-02
KNA,St. Kitts and Nevis,2014,population,47089,UN Population Division / World Bank WDI,2026-09-02
KNA,St. Kitts and Nevis,2013,population,47069,UN Population Division / World Bank WDI,2026-09-02
KNA,St. Kitts and Nevis,2012,population,47033,UN Population Division / World Bank WDI,2026-09-02
KNA,St. Kitts and Nevis,2011,population,46886,UN Population Division / World Bank WDI,2026-09-02
KNA,St. Kitts and Nevis,2010,population,46846,UN Population Division / World Bank WDI,2026-09-02
KNA,St. Kitts and Nevis,2009,population,46916,UN Population Division / World Bank WDI,2026-09-02
KNA,St. Kitts and Nevis,2008,population,46835,UN Population Division / World Bank WDI,2026-09-02
KNA,St. Kitts and Nevis,2007,population,46706,UN Population Division / World Bank WDI,2026-09-02
KNA,St. Kitts and Nevis,2006,population,46569,UN Population Division / World Bank WDI,2026-09-02
KNA,St. Kitts and Nevis,2005,population,46437,UN Population Division / World Bank WDI,2026-09-02
KNA,St. Kitts and Nevis,2004,population,46315,UN Population Division / World Bank WDI,2026-09-02
KNA,St. Kitts and Nevis,2003,population,46176,UN Population Division / World Bank WDI,2026-09-02
KNA,St. Kitts and Nevis,2002,population,46020,UN Population Division / World Bank WDI,2026-09-02
KNA,St. Kitts and Nevis,2001,population,45761,UN Population Division / World Bank WDI,2026-09-02
KNA,St. Kitts and Nevis,2000,population,45248,UN Population Division / World Bank WDI,2026-09-02
LCA,St. Lucia,2023,population,179285,UN Population Division / World Bank WDI,2026-09-02
LCA,St. Lucia,2022,population,178781,UN Population Division / World Bank WDI,2026-09-02
LCA,St. Lucia,2021,population,178522,UN Population Division / World Bank WDI,2026-09-02
LCA,St. Lucia,2020,population,178250,UN Population Division / World Bank WDI,2026-09-02
LCA,St. Lucia,2019,population,177661,UN Population Division / World Bank WDI,2026-09-02
LCA,St. Lucia,2018,population,177017,UN Population Division / World Bank WDI,2026-09-02
LCA,St. Lucia,2017,population,176342,UN Population Division / World Bank WDI,2026-09-02
LCA,St. Lucia,2016,population,175646,UN Population Division / World Bank WDI,2026-09-02
LCA,St. Lucia,2015,population,174905,UN Population Division / World Bank WDI,2026-09-02
LCA,St. Lucia,2014,population,174138,UN Population Division / World Bank WDI,2026-09-02
LCA,St. Lucia,2013,population,173369,UN Population Division / World Bank WDI,2026-09-02
LCA,St. Lucia,2012,population,172587,UN Population Division / World Bank WDI,2026-09-02
LCA,St. Lucia,2011,population,171801,UN Population Division / World Bank WDI,2026-09-02
LCA,St. Lucia,2010,population,170906,UN Population Division / World Bank WDI,2026-09-02
LCA,St. Lucia,2009,population,169869,UN Population Division / World Bank WDI,2026-09-02
LCA,St. Lucia,2008,population,168808,UN Population Division / World Bank WDI,2026-09-02
LCA,St. Lucia,2007,population,167758,UN Population Division / World Bank WDI,2026-09-02
LCA,St. Lucia,2006,population,166639,UN Population Division / World Bank WDI,2026-09-02
LCA,St. Lucia,2005,population,165450,UN Population Division / World Bank WDI,2026-09-02
LCA,St. Lucia,2004,population,164239,UN Population Division / World Bank WDI,2026-09-02
LCA,St. Lucia,2003,population,162976,UN Population Division / World Bank WDI,2026-09-02
LCA,St. Lucia,2002,population,161641,UN Population Division / World Bank WDI,2026-09-02
LCA,St. Lucia,2001,population,160237,UN Population Division / World Bank WDI,2026-09-02
LCA,St. Lucia,2000,population,158616,UN Population Division / World Bank WDI,2026-09-02
MAF,St. Martin (French part),2023,population,27515,UN Population Division / World Bank WDI,2026-09-02
MAF,St. Martin (French part),2022,population,28870,UN Population Division / World Bank WDI,2026-09-02
MAF,St. Martin (French part),2021,population,29961,UN Population Division / World Bank WDI,2026-09-02
MAF,St. Martin (French part),2020,population,31786,UN Population Division / World Bank WDI,2026-09-02
MAF,St. Martin (French part),2019,population,34267,UN Population Division / World Bank WDI,2026-09-02
MAF,St. Martin (French part),2018,population,36012,UN Population Division / World Bank WDI,2026-09-02
MAF,St. Martin (French part),2017,population,36837,UN Population Division / World Bank WDI,2026-09-02
MAF,St. Martin (French part),2016,population,37175,UN Population Division / World Bank WDI,2026-09-02
MAF,St. Martin (French part),2015,population,37369,UN Population Division / World Bank WDI,2026-09-02
MAF,St. Martin (French part),2014,population,37450,UN Population Division / World Bank WDI,2026-09-02
MAF,St. Martin (French part),2013,population,37419,UN Population Division / World Bank WDI,2026-09-02
MAF,St. Martin (French part),2012,population,37276,UN Population Division / World Bank WDI,2026-09-02
MAF,St. Martin (French part),2011,population,37069,UN Population Division / World Bank WDI,2026-09-02
MAF,St. Martin (French part),2010,population,36856,UN Population Division / World Bank WDI,2026-09-02
MAF,St. Martin (French part),2009,population,36502,UN Population Division / World Bank WDI,2026-09-02
MAF,St. Martin (French part),2008,population,35958,UN Population Division / World Bank WDI,2026-09-02
MAF,St. Martin (French part),2007,population,35337,UN Population Division / World Bank WDI,2026-09-02
MAF,St. Martin (French part),2006,population,34658,UN Population Division / World Bank WDI,2026-09-02
MAF,St. Martin (French part),2005,population,33928,UN Population Division / World Bank WDI,2026-09-02
MAF,St. Martin (French part),2004,population,33171,UN Population Division / World Bank WDI,2026-09-02
MAF,St. Martin (French part),2003,population,32395,UN Population Division / World Bank WDI,2026-09-02
MAF,St. Martin (French part),2002,population,31604,UN Population Division / World Bank WDI,2026-09-02
MAF,St. Martin (French part),2001,population,30803,UN Population Division / World Bank WDI,2026-09-02
MAF,St. Martin (French part),2000,population,29996,UN Population Division / World Bank WDI,2026-09-02
VCT,St. Vincent and the Grenadines,2023,population,101323,UN Population Division / World Bank WDI,2026-09-02
VCT,St. Vincent and the Grenadines,2022,population,102046,UN Population Division / World Bank WDI,2026-09-02
VCT,St. Vincent and the Grenadines,2021,population,102841,UN Population Division / World Bank WDI,2026-09-02
VCT,St. Vincent and the Grenadines,2020,population,103526,UN Population Division / World Bank WDI,2026-09-02
VCT,St. Vincent and the Grenadines,2019,population,104167,UN Population Division / World Bank WDI,2026-09-02
VCT,St. Vincent and the Grenadines,2018,population,104926,UN Population Division / World Bank WDI,2026-09-02
VCT,St. Vincent and the Grenadines,2017,population,105663,UN Population Division / World Bank WDI,2026-09-02
VCT,St. Vincent and the Grenadines,2016,population,106349,UN Population Division / World Bank WDI,2026-09-02
VCT,St. Vincent and the Grenadines,2015,population,106960,UN Population Division / World Bank WDI,2026-09-02
VCT,St. Vincent and the Grenadines,2014,population,107535,UN Population Division / World Bank WDI,2026-09-02
VCT,St. Vincent and the Grenadines,2013,population,108135,UN Population Division / World Bank WDI,2026-09-02
VCT,St. Vincent and the Grenadines,2012,population,108736,UN Population Division / World Bank WDI,2026-09-02
VCT,St. Vincent and the Grenadines,2011,population,109349,UN Population Division / World Bank WDI,2026-09-02
VCT,St. Vincent and the Grenadines,2010,population,109959,UN Population Division / World Bank WDI,2026-09-02
VCT,St. Vincent and the Grenadines,2009,population,110508,UN Population Division / World Bank WDI,2026-09-02
VCT,St. Vincent and the Grenadines,2008,population,111028,UN Population Division / World Bank WDI,2026-09-02
VCT,St. Vincent and the Grenadines,2007,population,111531,UN Population Division / World Bank WDI,2026-09-02
VCT,St. Vincent and the Grenadines,2006,population,112014,UN Population Division / World Bank WDI,2026-09-02
VCT,St. Vincent and the Grenadines,2005,population,112450,UN Population Division / World Bank WDI,2026-09-02
VCT,St. Vincent and the Grenadines,2004,population,112835,UN Population Division / World Bank WDI,2026-09-02
VCT,St. Vincent and the Grenadines,2003,population,113141,UN Population Division / World Bank WDI,2026-09-02
VCT,St. Vincent and the Grenadines,2002,population,113347,UN Population Division / World Bank WDI,2026-09-02
VCT,St. Vincent and the Grenadines,2001,population,113501,UN Population Division / World Bank WDI,2026-09-02
VCT,St. Vincent and the Grenadines,2000,population,113545,UN Population Division / World Bank WDI,2026-09-02
SDN,Sudan,2023,population,50042791,UN Population Division / World Bank WDI,2026-09-02
SDN,Sudan,2022,population,49383346,UN Population Division / World Bank WDI,2026-09-02
SDN,Sudan,2021,population,48066924,UN Population Division / World Bank WDI,2026-09-02
SDN,Sudan,2020,population,46789231,UN Population Division / World Bank WDI,2026-09-02
SDN,Sudan,2019,population,45548175,UN Population Division / World Bank WDI,2026-09-02
SDN,Sudan,2018,population,44230596,UN Population Division / World Bank WDI,2026-09-02
SDN,Sudan,2017,population,42714306,UN Population Division / World Bank WDI,2026-09-02
SDN,Sudan,2016,population,41259892,UN Population Division / World Bank WDI,2026-09-02
SDN,Sudan,2015,population,40024431,UN Population Division / World Bank WDI,2026-09-02
SDN,Sudan,2014,population,38823318,UN Population Division / World Bank WDI,2026-09-02
SDN,Sudan,2013,population,37785849,UN Population Division / World Bank WDI,2026-09-02
SDN,Sudan,2012,population,36923178,UN Population Division / World Bank WDI,2026-09-02
SDN,Sudan,2011,population,36140806,UN Population Division / World Bank WDI,2026-09-02
SDN,Sudan,2010,population,35414399,UN Population Division / World Bank WDI,2026-09-02
SDN,Sudan,2009,population,34569113,UN Population Division / World Bank WDI,2026-09-02
SDN,Sudan,2008,population,33623980,UN Population Division / World Bank WDI,2026-09-02
SDN,Sudan,2007,population,32764135,UN Population Division / World Bank WDI,2026-09-02
SDN,Sudan,2006,population,31992435,UN Population Division / World Bank WDI,2026-09-02
SDN,Sudan,2005,population,31262444,UN Population Division / World Bank WDI,2026-09-02
SDN,Sudan,2004,population,30556637,UN Population Division / World Bank WDI,2026-09-02
SDN,Sudan,2003,population,29896035,UN Population Division / World Bank WDI,2026-09-02
SDN,Sudan,2002,population,29228727,UN Population Division / World Bank WDI,2026-09-02
SDN,Sudan,2001,population,28516770,UN Population Division / World Bank WDI,2026-09-02
SDN,Sudan,2000,population,27816745,UN Population Division / World Bank WDI,2026-09-02
SUR,Suriname,2023,population,628886,UN Population Division / World Bank WDI,2026-09-02
SUR,Suriname,2022,population,623164,UN Population Division / World Bank WDI,2026-09-02
SUR,Suriname,2021,population,617896,UN Population Division / World Bank WDI,2026-09-02
SUR,Suriname,2020,population,612317,UN Population Division / World Bank WDI,2026-09-02
SUR,Suriname,2019,population,605768,UN Population Division / World Bank WDI,2026-09-02
SUR,Suriname,2018,population,599513,UN Population Division / World Bank WDI,2026-09-02
SUR,Suriname,2017,population,593713,UN Population Division / World Bank WDI,2026-09-02
SUR,Suriname,2016,population,587757,UN Population Division / World Bank WDI,2026-09-02
SUR,Suriname,2015,population,581627,UN Population Division / World Bank WDI,2026-09-02
SUR,Suriname,2014,population,575373,UN Population Division / World Bank WDI,2026-09-02
SUR,Suriname,2013,population,569020,UN Population Division / World Bank WDI,2026-09-02
SUR,Suriname,2012,population,562633,UN Population Division / World Bank WDI,2026-09-02
SUR,Suriname,2011,population,556269,UN Population Division / World Bank WDI,2026-09-02
SUR,Suriname,2010,population,549923,UN Population Division / World Bank WDI,2026-09-02
SUR,Suriname,2009,population,543568,UN Population Division / World Bank WDI,2026-09-02
SUR,Suriname,2008,population,537245,UN Population Division / World Bank WDI,2026-09-02
SUR,Suriname,2007,population,531016,UN Population Division / World Bank WDI,2026-09-02
SUR,Suriname,2006,population,524997,UN Population Division / World Bank WDI,2026-09-02
SUR,Suriname,2005,population,519313,UN Population Division / World Bank WDI,2026-09-02
SUR,Suriname,2004,population,513923,UN Population Division / World Bank WDI,2026-09-02
SUR,Suriname,2003,population,506414,UN Population Division / World Bank WDI,2026-09-02
SUR,Suriname,2002,population,496551,UN Population Division / World Bank WDI,2026-09-02
SUR,Suriname,2001,population,486560,UN Population Division / World Bank WDI,2026-09-02
SUR,Suriname,2000,population,476643,UN Population Division / World Bank WDI,2026-09-02
SWE,Sweden,2023,population,10536632,UN Population Division / World Bank WDI,2026-09-02
SWE,Sweden,2022,population,10486941,UN Population Division / World Bank WDI,2026-09-02
SWE,Sweden,2021,population,10415811,UN Population Division / World Bank WDI,2026-09-02
SWE,Sweden,2020,population,10353442,UN Population Division / World Bank WDI,2026-09-02
SWE,Sweden,2019,population,10278887,UN Population Division / World Bank WDI,2026-09-02
SWE,Sweden,2018,population,10175214,UN Population Division / World Bank WDI,2026-09-02
SWE,Sweden,2017,population,10057698,UN Population Division / World Bank WDI,2026-09-02
SWE,Sweden,2016,population,9923085,UN Population Division / World Bank WDI,2026-09-02
SWE,Sweden,2015,population,9799186,UN Population Division / World Bank WDI,2026-09-02
SWE,Sweden,2014,population,9696110,UN Population Division / World Bank WDI,2026-09-02
SWE,Sweden,2013,population,9600379,UN Population Division / World Bank WDI,2026-09-02
SWE,Sweden,2012,population,9519374,UN Population Division / World Bank WDI,2026-09-02
SWE,Sweden,2011,population,9449213,UN Population Division / World Bank WDI,2026-09-02
SWE,Sweden,2010,population,9378126,UN Population Division / World Bank WDI,2026-09-02
SWE,Sweden,2009,population,9298515,UN Population Division / World Bank WDI,2026-09-02
SWE,Sweden,2008,population,9219637,UN Population Division / World Bank WDI,2026-09-02
SWE,Sweden,2007,population,9148092,UN Population Division / World Bank WDI,2026-09-02
SWE,Sweden,2006,population,9080505,UN Population Division / World Bank WDI,2026-09-02
SWE,Sweden,2005,population,9029572,UN Population Division / World Bank WDI,2026-09-02
SWE,Sweden,2004,population,8993531,UN Population Division / World Bank WDI,2026-09-02
SWE,Sweden,2003,population,8958229,UN Population Division / World Bank WDI,2026-09-02
SWE,Sweden,2002,population,8924958,UN Population Division / World Bank WDI,2026-09-02
SWE,Sweden,2001,population,8895960,UN Population Division / World Bank WDI,2026-09-02
SWE,Sweden,2000,population,8872109,UN Population Division / World Bank WDI,2026-09-02
CHE,Switzerland,2023,population,8888822,UN Population Division / World Bank WDI,2026-09-02
CHE,Switzerland,2022,population,8777088,UN Population Division / World Bank WDI,2026-09-02
CHE,Switzerland,2021,population,8704546,UN Population Division / World Bank WDI,2026-09-02
CHE,Switzerland,2020,population,8638167,UN Population Division / World Bank WDI,2026-09-02
CHE,Switzerland,2019,population,8575280,UN Population Division / World Bank WDI,2026-09-02
CHE,Switzerland,2018,population,8514329,UN Population Division / World Bank WDI,2026-09-02
CHE,Switzerland,2017,population,8451840,UN Population Division / World Bank WDI,2026-09-02
CHE,Switzerland,2016,population,8373338,UN Population Division / World Bank WDI,2026-09-02
CHE,Switzerland,2015,population,8282396,UN Population Division / World Bank WDI,2026-09-02
CHE,Switzerland,2014,population,8188649,UN Population Division / World Bank WDI,2026-09-02
CHE,Switzerland,2013,population,8089346,UN Population Division / World Bank WDI,2026-09-02
CHE,Switzerland,2012,population,7996861,UN Population Division / World Bank WDI,2026-09-02
CHE,Switzerland,2011,population,7912398,UN Population Division / World Bank WDI,2026-09-02
CHE,Switzerland,2010,population,7824909,UN Population Division / World Bank WDI,2026-09-02
CHE,Switzerland,2009,population,7743831,UN Population Division / World Bank WDI,2026-09-02
CHE,Switzerland,2008,population,7647675,UN Population Division / World Bank WDI,2026-09-02
CHE,Switzerland,2007,population,7551117,UN Population Division / World Bank WDI,2026-09-02
CHE,Switzerland,2006,population,7483934,UN Population Division / World Bank WDI,2026-09-02
CHE,Switzerland,2005,population,7437115,UN Population Division / World Bank WDI,2026-09-02
CHE,Switzerland,2004,population,7389625,UN Population Division / World Bank WDI,2026-09-02
CHE,Switzerland,2003,population,7339001,UN Population Division / World Bank WDI,2026-09-02
CHE,Switzerland,2002,population,7284753,UN Population Division / World Bank WDI,2026-09-02
CHE,Switzerland,2001,population,7229854,UN Population Division / World Bank WDI,2026-09-02
CHE,Switzerland,2000,population,7184250,UN Population Division / World Bank WDI,2026-09-02
SYR,Syrian Arab Republic,2023,population,23594623,UN Population Division / World Bank WDI,2026-09-02
SYR,Syrian Arab Republic,2022,population,22462173,UN Population Division / World Bank WDI,2026-09-02
SYR,Syrian Arab Republic,2021,population,21628839,UN Population Division / World Bank WDI,2026-09-02
SYR,Syrian Arab Republic,2020,population,21049429,UN Population Division / World Bank WDI,2026-09-02
SYR,Syrian Arab Republic,2019,population,20353534,UN Population Division / World Bank WDI,2026-09-02
SYR,Syrian Arab Republic,2018,population,19577845,UN Population Division / World Bank WDI,2026-09-02
SYR,Syrian Arab Republic,2017,population,19224668,UN Population Division / World Bank WDI,2026-09-02
SYR,Syrian Arab Republic,2016,population,19193834,UN Population Division / World Bank WDI,2026-09-02
SYR,Syrian Arab Republic,2015,population,19424618,UN Population Division / World Bank WDI,2026-09-02
SYR,Syrian Arab Republic,2014,population,20273659,UN Population Division / World Bank WDI,2026-09-02
SYR,Syrian Arab Republic,2013,population,21666917,UN Population Division / World Bank WDI,2026-09-02
SYR,Syrian Arab Republic,2012,population,22759763,UN Population Division / World Bank WDI,2026-09-02
SYR,Syrian Arab Republic,2011,population,22878098,UN Population Division / World Bank WDI,2026-09-02
SYR,Syrian Arab Republic,2010,population,22482421,UN Population Division / World Bank WDI,2026-09-02
SYR,Syrian Arab Republic,2009,population,21976969,UN Population Division / World Bank WDI,2026-09-02
SYR,Syrian Arab Republic,2008,population,21636564,UN Population Division / World Bank WDI,2026-09-02
SYR,Syrian Arab Republic,2007,population,20884125,UN Population Division / World Bank WDI,2026-09-02
SYR,Syrian Arab Republic,2006,population,19637022,UN Population Division / World Bank WDI,2026-09-02
SYR,Syrian Arab Republic,2005,population,18814091,UN Population Division / World Bank WDI,2026-09-02
SYR,Syrian Arab Republic,2004,population,18336875,UN Population Division / World Bank WDI,2026-09-02
SYR,Syrian Arab Republic,2003,population,17889296,UN Population Division / World Bank WDI,2026-09-02
SYR,Syrian Arab Republic,2002,population,17468332,UN Population Division / World Bank WDI,2026-09-02
SYR,Syrian Arab Republic,2001,population,17051338,UN Population Division / World Bank WDI,2026-09-02
SYR,Syrian Arab Republic,2000,population,16637888,UN Population Division / World Bank WDI,2026-09-02
TJK,Tajikistan,2023,population,10389799,UN Population Division / World Bank WDI,2026-09-02
TJK,Tajikistan,2022,population,10182222,UN Population Division / World Bank WDI,2026-09-02
TJK,Tajikistan,2021,population,9966908,UN Population Division / World Bank WDI,2026-09-02
TJK,Tajikistan,2020,population,9749310,UN Population Division / World Bank WDI,2026-09-02
TJK,Tajikistan,2019,population,9529966,UN Population Division / World Bank WDI,2026-09-02
TJK,Tajikistan,2018,population,9307333,UN Population Division / World Bank WDI,2026-09-02
TJK,Tajikistan,2017,population,9085946,UN Population Division / World Bank WDI,2026-09-02
TJK,Tajikistan,2016,population,8865631,UN Population Division / World Bank WDI,2026-09-02
TJK,Tajikistan,2015,population,8643840,UN Population Division / World Bank WDI,2026-09-02
TJK,Tajikistan,2014,population,8425552,UN Population Division / World Bank WDI,2026-09-02
TJK,Tajikistan,2013,population,8216724,UN Population Division / World Bank WDI,2026-09-02
TJK,Tajikistan,2012,population,8014084,UN Population Division / World Bank WDI,2026-09-02
TJK,Tajikistan,2011,population,7824785,UN Population Division / World Bank WDI,2026-09-02
TJK,Tajikistan,2010,population,7652141,UN Population Division / World Bank WDI,2026-09-02
TJK,Tajikistan,2009,population,7490230,UN Population Division / World Bank WDI,2026-09-02
TJK,Tajikistan,2008,population,7338403,UN Population Division / World Bank WDI,2026-09-02
TJK,Tajikistan,2007,population,7194477,UN Population Division / World Bank WDI,2026-09-02
TJK,Tajikistan,2006,population,7057566,UN Population Division / World Bank WDI,2026-09-02
TJK,Tajikistan,2005,population,6924720,UN Population Division / World Bank WDI,2026-09-02
TJK,Tajikistan,2004,population,6790547,UN Population Division / World Bank WDI,2026-09-02
TJK,Tajikistan,2003,population,6658575,UN Population Division / World Bank WDI,2026-09-02
TJK,Tajikistan,2002,population,6531669,UN Population Division / World Bank WDI,2026-09-02
TJK,Tajikistan,2001,population,6407377,UN Population Division / World Bank WDI,2026-09-02
TJK,Tajikistan,2000,population,6284735,UN Population Division / World Bank WDI,2026-09-02
TZA,Tanzania,2023,population,66617606,UN Population Division / World Bank WDI,2026-09-02
TZA,Tanzania,2022,population,64711821,UN Population Division / World Bank WDI,2026-09-02
TZA,Tanzania,2021,population,62830412,UN Population Division / World Bank WDI,2026-09-02
TZA,Tanzania,2020,population,60972798,UN Population Division / World Bank WDI,2026-09-02
TZA,Tanzania,2019,population,59174891,UN Population Division / World Bank WDI,2026-09-02
TZA,Tanzania,2018,population,57437145,UN Population Division / World Bank WDI,2026-09-02
TZA,Tanzania,2017,population,55652890,UN Population Division / World Bank WDI,2026-09-02
TZA,Tanzania,2016,population,53824013,UN Population Division / World Bank WDI,2026-09-02
TZA,Tanzania,2015,population,52020962,UN Population Division / World Bank WDI,2026-09-02
TZA,Tanzania,2014,population,50351512,UN Population Division / World Bank WDI,2026-09-02
TZA,Tanzania,2013,population,48824128,UN Population Division / World Bank WDI,2026-09-02
TZA,Tanzania,2012,population,47374260,UN Population Division / World Bank WDI,2026-09-02
TZA,Tanzania,2011,population,46029367,UN Population Division / World Bank WDI,2026-09-02
TZA,Tanzania,2010,population,44758488,UN Population Division / World Bank WDI,2026-09-02
TZA,Tanzania,2009,population,43633982,UN Population Division / World Bank WDI,2026-09-02
TZA,Tanzania,2008,population,42570728,UN Population Division / World Bank WDI,2026-09-02
TZA,Tanzania,2007,population,41435512,UN Population Division / World Bank WDI,2026-09-02
TZA,Tanzania,2006,population,40294902,UN Population Division / World Bank WDI,2026-09-02
TZA,Tanzania,2005,population,39182076,UN Population Division / World Bank WDI,2026-09-02
TZA,Tanzania,2004,population,38109668,UN Population Division / World Bank WDI,2026-09-02
TZA,Tanzania,2003,population,37089555,UN Population Division / World Bank WDI,2026-09-02
TZA,Tanzania,2002,population,36121304,UN Population Division / World Bank WDI,2026-09-02
TZA,Tanzania,2001,population,35198299,UN Population Division / World Bank WDI,2026-09-02
TZA,Tanzania,2000,population,34260139,UN Population Division / World Bank WDI,2026-09-02
THA,Thailand,2023,population,71702435,UN Population Division / World Bank WDI,2026-09-02
THA,Thailand,2022,population,71735329,UN Population Division / World Bank WDI,2026-09-02
THA,Thailand,2021,population,71727332,UN Population Division / World Bank WDI,2026-09-02
THA,Thailand,2020,population,71641484,UN Population Division / World Bank WDI,2026-09-02
THA,Thailand,2019,population,71522271,UN Population Division / World Bank WDI,2026-09-02
THA,Thailand,2018,population,71376079,UN Population Division / World Bank WDI,2026-09-02
THA,Thailand,2017,population,71160187,UN Population Division / World Bank WDI,2026-09-02
THA,Thailand,2016,population,70859841,UN Population Division / World Bank WDI,2026-09-02
THA,Thailand,2015,population,70540795,UN Population Division / World Bank WDI,2026-09-02
THA,Thailand,2014,population,70216367,UN Population Division / World Bank WDI,2026-09-02
THA,Thailand,2013,population,69845114,UN Population Division / World Bank WDI,2026-09-02
THA,Thailand,2012,population,69436098,UN Population Division / World Bank WDI,2026-09-02
THA,Thailand,2011,population,69007208,UN Population Division / World Bank WDI,2026-09-02
THA,Thailand,2010,population,68579447,UN Population Division / World Bank WDI,2026-09-02
THA,Thailand,2009,population,68121080,UN Population Division / World Bank WDI,2026-09-02
THA,Thailand,2008,population,67619830,UN Population Division / World Bank WDI,2026-09-02
THA,Thailand,2007,population,67102394,UN Population Division / World Bank WDI,2026-09-02
THA,Thailand,2006,population,66567687,UN Population Division / World Bank WDI,2026-09-02
THA,Thailand,2005,population,66017420,UN Population Division / World Bank WDI,2026-09-02
THA,Thailand,2004,population,65452047,UN Population Division / World Bank WDI,2026-09-02
THA,Thailand,2003,population,64868166,UN Population Division / World Bank WDI,2026-09-02
THA,Thailand,2002,population,64266437,UN Population Division / World Bank WDI,2026-09-02
THA,Thailand,2001,population,63651141,UN Population Division / World Bank WDI,2026-09-02
THA,Thailand,2000,population,63007815,UN Population Division / World Bank WDI,2026-09-02
TLS,Timor-Leste,2023,population,1384286,UN Population Division / World Bank WDI,2026-09-02
TLS,Timor-Leste,2022,population,1369295,UN Population Division / World Bank WDI,2026-09-02
TLS,Timor-Leste,2021,population,1350139,UN Population Division / World Bank WDI,2026-09-02
TLS,Timor-Leste,2020,population,1326053,UN Population Division / World Bank WDI,2026-09-02
TLS,Timor-Leste,2019,population,1300945,UN Population Division / World Bank WDI,2026-09-02
TLS,Timor-Leste,2018,population,1275959,UN Population Division / World Bank WDI,2026-09-02
TLS,Timor-Leste,2017,population,1251703,UN Population Division / World Bank WDI,2026-09-02
TLS,Timor-Leste,2016,population,1228312,UN Population Division / World Bank WDI,2026-09-02
TLS,Timor-Leste,2015,population,1205131,UN Population Division / World Bank WDI,2026-09-02
TLS,Timor-Leste,2014,population,1181903,UN Population Division / World Bank WDI,2026-09-02
TLS,Timor-Leste,2013,population,1158695,UN Population Division / World Bank WDI,2026-09-02
TLS,Timor-Leste,2012,population,1134885,UN Population Division / World Bank WDI,2026-09-02
TLS,Timor-Leste,2011,population,1110207,UN Population Division / World Bank WDI,2026-09-02
TLS,Timor-Leste,2010,population,1084679,UN Population Division / World Bank WDI,2026-09-02
TLS,Timor-Leste,2009,population,1058782,UN Population Division / World Bank WDI,2026-09-02
TLS,Timor-Leste,2008,population,1032429,UN Population Division / World Bank WDI,2026-09-02
TLS,Timor-Leste,2007,population,1004889,UN Population Division / World Bank WDI,2026-09-02
TLS,Timor-Leste,2006,population,976597,UN Population Division / World Bank WDI,2026-09-02
TLS,Timor-Leste,2005,population,948311,UN Population Division / World Bank WDI,2026-09-02
TLS,Timor-Leste,2004,population,929074,UN Population Division / World Bank WDI,2026-09-02
TLS,Timor-Leste,2003,population,916878,UN Population Division / World Bank WDI,2026-09-02
TLS,Timor-Leste,2002,population,879159,UN Population Division / World Bank WDI,2026-09-02
TLS,Timor-Leste,2001,population,812249,UN Population Division / World Bank WDI,2026-09-02
TLS,Timor-Leste,2000,population,745088,UN Population Division / World Bank WDI,2026-09-02
TGO,Togo,2023,population,8223850,UN Population Division / World Bank WDI,2026-09-02
TGO,Togo,2022,population,8068616,UN Population Division / World Bank WDI,2026-09-02
TGO,Togo,2021,population,7936176,UN Population Division / World Bank WDI,2026-09-02
TGO,Togo,2020,population,7788054,UN Population Division / World Bank WDI,2026-09-02
TGO,Togo,2019,population,7619925,UN Population Division / World Bank WDI,2026-09-02
TGO,Togo,2018,population,7458206,UN Population Division / World Bank WDI,2026-09-02
TGO,Togo,2017,population,7324386,UN Population Division / World Bank WDI,2026-09-02
TGO,Togo,2016,population,7200884,UN Population Division / World Bank WDI,2026-09-02
TGO,Togo,2015,population,7071502,UN Population Division / World Bank WDI,2026-09-02
TGO,Togo,2014,population,6937644,UN Population Division / World Bank WDI,2026-09-02
TGO,Togo,2013,population,6798848,UN Population Division / World Bank WDI,2026-09-02
TGO,Togo,2012,population,6653718,UN Population Division / World Bank WDI,2026-09-02
TGO,Togo,2011,population,6500582,UN Population Division / World Bank WDI,2026-09-02
TGO,Togo,2010,population,6325788,UN Population Division / World Bank WDI,2026-09-02
TGO,Togo,2009,population,6130946,UN Population Division / World Bank WDI,2026-09-02
TGO,Togo,2008,population,5936138,UN Population Division / World Bank WDI,2026-09-02
TGO,Togo,2007,population,5748443,UN Population Division / World Bank WDI,2026-09-02
TGO,Togo,2006,population,5569664,UN Population Division / World Bank WDI,2026-09-02
TGO,Togo,2005,population,5413154,UN Population Division / World Bank WDI,2026-09-02
TGO,Togo,2004,population,5281320,UN Population Division / World Bank WDI,2026-09-02
TGO,Togo,2003,population,5154112,UN Population Division / World Bank WDI,2026-09-02
TGO,Togo,2002,population,5027130,UN Population Division / World Bank WDI,2026-09-02
TGO,Togo,2001,population,4904144,UN Population Division / World Bank WDI,2026-09-02
TGO,Togo,2000,population,4783722,UN Population Division / World Bank WDI,2026-09-02
TON,Tonga,2023,population,104597,UN Population Division / World Bank WDI,2026-09-02
TON,Tonga,2022,population,105042,UN Population Division / World Bank WDI,2026-09-02
TON,Tonga,2021,population,105490,UN Population Division / World Bank WDI,2026-09-02
TON,Tonga,2020,population,105704,UN Population Division / World Bank WDI,2026-09-02
TON,Tonga,2019,population,105669,UN Population Division / World Bank WDI,2026-09-02
TON,Tonga,2018,population,105567,UN Population Division / World Bank WDI,2026-09-02
TON,Tonga,2017,population,105356,UN Population Division / World Bank WDI,2026-09-02
TON,Tonga,2016,population,105524,UN Population Division / World Bank WDI,2026-09-02
TON,Tonga,2015,population,106095,UN Population Division / World Bank WDI,2026-09-02
TON,Tonga,2014,population,106609,UN Population Division / World Bank WDI,2026-09-02
TON,Tonga,2013,population,107078,UN Population Division / World Bank WDI,2026-09-02
TON,Tonga,2012,population,107460,UN Population Division / World Bank WDI,2026-09-02
TON,Tonga,2011,population,107570,UN Population Division / World Bank WDI,2026-09-02
TON,Tonga,2010,population,107400,UN Population Division / World Bank WDI,2026-09-02
TON,Tonga,2009,population,107203,UN Population Division / World Bank WDI,2026-09-02
TON,Tonga,2008,population,107020,UN Population Division / World Bank WDI,2026-09-02
TON,Tonga,2007,population,106726,UN Population Division / World Bank WDI,2026-09-02
TON,Tonga,2006,population,106253,UN Population Division / World Bank WDI,2026-09-02
TON,Tonga,2005,population,105671,UN Population Division / World Bank WDI,2026-09-02
TON,Tonga,2004,population,105071,UN Population Division / World Bank WDI,2026-09-02
TON,Tonga,2003,population,104464,UN Population Division / World Bank WDI,2026-09-02
TON,Tonga,2002,population,103874,UN Population Division / World Bank WDI,2026-09-02
TON,Tonga,2001,population,103288,UN Population Division / World Bank WDI,2026-09-02
TON,Tonga,2000,population,102677,UN Population Division / World Bank WDI,2026-09-02
TTO,Trinidad and Tobago,2023,population,1367510,UN Population Division / World Bank WDI,2026-09-02
TTO,Trinidad and Tobago,2022,population,1365805,UN Population Division / World Bank WDI,2026-09-02
TTO,Trinidad and Tobago,2021,population,1367558,UN Population Division / World Bank WDI,2026-09-02
TTO,Trinidad and Tobago,2020,population,1366725,UN Population Division / World Bank WDI,2026-09-02
TTO,Trinidad and Tobago,2019,population,1363985,UN Population Division / World Bank WDI,2026-09-02
TTO,Trinidad and Tobago,2018,population,1359193,UN Population Division / World Bank WDI,2026-09-02
TTO,Trinidad and Tobago,2017,population,1356633,UN Population Division / World Bank WDI,2026-09-02
TTO,Trinidad and Tobago,2016,population,1353895,UN Population Division / World Bank WDI,2026-09-02
TTO,Trinidad and Tobago,2015,population,1349667,UN Population Division / World Bank WDI,2026-09-02
TTO,Trinidad and Tobago,2014,population,1345343,UN Population Division / World Bank WDI,2026-09-02
TTO,Trinidad and Tobago,2013,population,1340557,UN Population Division / World Bank WDI,2026-09-02
TTO,Trinidad and Tobago,2012,population,1335194,UN Population Division / World Bank WDI,2026-09-02
TTO,Trinidad and Tobago,2011,population,1328019,UN Population Division / World Bank WDI,2026-09-02
TTO,Trinidad and Tobago,2010,population,1317714,UN Population Division / World Bank WDI,2026-09-02
TTO,Trinidad and Tobago,2009,population,1310106,UN Population Division / World Bank WDI,2026-09-02
TTO,Trinidad and Tobago,2008,population,1308587,UN Population Division / World Bank WDI,2026-09-02
TTO,Trinidad and Tobago,2007,population,1303188,UN Population Division / World Bank WDI,2026-09-02
TTO,Trinidad and Tobago,2006,population,1297944,UN Population Division / World Bank WDI,2026-09-02
TTO,Trinidad and Tobago,2005,population,1294494,UN Population Division / World Bank WDI,2026-09-02
TTO,Trinidad and Tobago,2004,population,1345380,UN Population Division / World Bank WDI,2026-09-02
TTO,Trinidad and Tobago,2003,population,1338709,UN Population Division / World Bank WDI,2026-09-02
TTO,Trinidad and Tobago,2002,population,1332011,UN Population Division / World Bank WDI,2026-09-02
TTO,Trinidad and Tobago,2001,population,1325567,UN Population Division / World Bank WDI,2026-09-02
TTO,Trinidad and Tobago,2000,population,1319774,UN Population Division / World Bank WDI,2026-09-02
TUN,Tunisia,2023,population,12200431,UN Population Division / World Bank WDI,2026-09-02
TUN,Tunisia,2022,population,12119334,UN Population Division / World Bank WDI,2026-09-02
TUN,Tunisia,2021,population,12048622,UN Population Division / World Bank WDI,2026-09-02
TUN,Tunisia,2020,population,11974057,UN Population Division / World Bank WDI,2026-09-02
TUN,Tunisia,2019,population,11875081,UN Population Division / World Bank WDI,2026-09-02
TUN,Tunisia,2018,population,11765514,UN Population Division / World Bank WDI,2026-09-02
TUN,Tunisia,2017,population,11650498,UN Population Division / World Bank WDI,2026-09-02
TUN,Tunisia,2016,population,11528674,UN Population Division / World Bank WDI,2026-09-02
TUN,Tunisia,2015,population,11402264,UN Population Division / World Bank WDI,2026-09-02
TUN,Tunisia,2014,population,11274288,UN Population Division / World Bank WDI,2026-09-02
TUN,Tunisia,2013,population,11141361,UN Population Division / World Bank WDI,2026-09-02
TUN,Tunisia,2012,population,11009647,UN Population Division / World Bank WDI,2026-09-02
TUN,Tunisia,2011,population,10886035,UN Population Division / World Bank WDI,2026-09-02
TUN,Tunisia,2010,population,10765980,UN Population Division / World Bank WDI,2026-09-02
TUN,Tunisia,2009,population,10650681,UN Population Division / World Bank WDI,2026-09-02
TUN,Tunisia,2008,population,10542635,UN Population Division / World Bank WDI,2026-09-02
TUN,Tunisia,2007,population,10441702,UN Population Division / World Bank WDI,2026-09-02
TUN,Tunisia,2006,population,10346410,UN Population Division / World Bank WDI,2026-09-02
TUN,Tunisia,2005,population,10255472,UN Population Division / World Bank WDI,2026-09-02
TUN,Tunisia,2004,population,10166163,UN Population Division / World Bank WDI,2026-09-02
TUN,Tunisia,2003,population,10071632,UN Population Division / World Bank WDI,2026-09-02
TUN,Tunisia,2002,population,9971515,UN Population Division / World Bank WDI,2026-09-02
TUN,Tunisia,2001,population,9869677,UN Population Division / World Bank WDI,2026-09-02
TUN,Tunisia,2000,population,9764935,UN Population Division / World Bank WDI,2026-09-02
TUR,Turkiye,2023,population,85325965,UN Population Division / World Bank WDI,2026-09-02
TUR,Turkiye,2022,population,84979913,UN Population Division / World Bank WDI,2026-09-02
TUR,Turkiye,2021,population,84147318,UN Population Division / World Bank WDI,2026-09-02
TUR,Turkiye,2020,population,83384680,UN Population Division / World Bank WDI,2026-09-02
TUR,Turkiye,2019,population,82579440,UN Population Division / World Bank WDI,2026-09-02
TUR,Turkiye,2018,population,81407204,UN Population Division / World Bank WDI,2026-09-02
TUR,Turkiye,2017,population,80312698,UN Population Division / World Bank WDI,2026-09-02
TUR,Turkiye,2016,population,79277962,UN Population Division / World Bank WDI,2026-09-02
TUR,Turkiye,2015,population,78218479,UN Population Division / World Bank WDI,2026-09-02
TUR,Turkiye,2014,population,77181884,UN Population Division / World Bank WDI,2026-09-02
TUR,Turkiye,2013,population,76147624,UN Population Division / World Bank WDI,2026-09-02
TUR,Turkiye,2012,population,75175827,UN Population Division / World Bank WDI,2026-09-02
TUR,Turkiye,2011,population,74223629,UN Population Division / World Bank WDI,2026-09-02
TUR,Turkiye,2010,population,73142150,UN Population Division / World Bank WDI,2026-09-02
TUR,Turkiye,2009,population,72039206,UN Population Division / World Bank WDI,2026-09-02
TUR,Turkiye,2008,population,71051678,UN Population Division / World Bank WDI,2026-09-02
TUR,Turkiye,2007,population,70158112,UN Population Division / World Bank WDI,2026-09-02
TUR,Turkiye,2006,population,70045349,UN Population Division / World Bank WDI,2026-09-02
TUR,Turkiye,2005,population,69329557,UN Population Division / World Bank WDI,2026-09-02
TUR,Turkiye,2004,population,68592617,UN Population Division / World Bank WDI,2026-09-02
TUR,Turkiye,2003,population,67831730,UN Population Division / World Bank WDI,2026-09-02
TUR,Turkiye,2002,population,67048795,UN Population Division / World Bank WDI,2026-09-02
TUR,Turkiye,2001,population,66245128,UN Population Division / World Bank WDI,2026-09-02
TUR,Turkiye,2000,population,65425961,UN Population Division / World Bank WDI,2026-09-02
TKM,Turkmenistan,2023,population,7364438,UN Population Division / World Bank WDI,2026-09-02
TKM,Turkmenistan,2022,population,7230193,UN Population Division / World Bank WDI,2026-09-02
TKM,Turkmenistan,2021,population,7092043,UN Population Division / World Bank WDI,2026-09-02
TKM,Turkmenistan,2020,population,6949912,UN Population Division / World Bank WDI,2026-09-02
TKM,Turkmenistan,2019,population,6803944,UN Population Division / World Bank WDI,2026-09-02
TKM,Turkmenistan,2018,population,6655524,UN Population Division / World Bank WDI,2026-09-02
TKM,Turkmenistan,2017,population,6507061,UN Population Division / World Bank WDI,2026-09-02
TKM,Turkmenistan,2016,population,6360041,UN Population Division / World Bank WDI,2026-09-02
TKM,Turkmenistan,2015,population,6215770,UN Population Division / World Bank WDI,2026-09-02
TKM,Turkmenistan,2014,population,6075283,UN Population Division / World Bank WDI,2026-09-02
TKM,Turkmenistan,2013,population,5939341,UN Population Division / World Bank WDI,2026-09-02
TKM,Turkmenistan,2012,population,5808546,UN Population Division / World Bank WDI,2026-09-02
TKM,Turkmenistan,2011,population,5683417,UN Population Division / World Bank WDI,2026-09-02
TKM,Turkmenistan,2010,population,5564356,UN Population Division / World Bank WDI,2026-09-02
TKM,Turkmenistan,2009,population,5451592,UN Population Division / World Bank WDI,2026-09-02
TKM,Turkmenistan,2008,population,5345029,UN Population Division / World Bank WDI,2026-09-02
TKM,Turkmenistan,2007,population,5244046,UN Population Division / World Bank WDI,2026-09-02
TKM,Turkmenistan,2006,population,5147105,UN Population Division / World Bank WDI,2026-09-02
TKM,Turkmenistan,2005,population,5052257,UN Population Division / World Bank WDI,2026-09-02
TKM,Turkmenistan,2004,population,4958093,UN Population Division / World Bank WDI,2026-09-02
TKM,Turkmenistan,2003,population,4863865,UN Population Division / World Bank WDI,2026-09-02
TKM,Turkmenistan,2002,population,4769465,UN Population Division / World Bank WDI,2026-09-02
TKM,Turkmenistan,2001,population,4675409,UN Population Division / World Bank WDI,2026-09-02
TKM,Turkmenistan,2000,population,4582677,UN Population Division / World Bank WDI,2026-09-02
TCA,Turks and Caicos Islands,2023,population,46198,UN Population Division / World Bank WDI,2026-09-02
TCA,Turks and Caicos Islands,2022,population,45847,UN Population Division / World Bank WDI,2026-09-02
TCA,Turks and Caicos Islands,2021,population,45243,UN Population Division / World Bank WDI,2026-09-02
TCA,Turks and Caicos Islands,2020,population,44386,UN Population Division / World Bank WDI,2026-09-02
TCA,Turks and Caicos Islands,2019,population,43166,UN Population Division / World Bank WDI,2026-09-02
TCA,Turks and Caicos Islands,2018,population,41559,UN Population Division / World Bank WDI,2026-09-02
TCA,Turks and Caicos Islands,2017,population,39913,UN Population Division / World Bank WDI,2026-09-02
TCA,Turks and Caicos Islands,2016,population,38315,UN Population Division / World Bank WDI,2026-09-02
TCA,Turks and Caicos Islands,2015,population,36605,UN Population Division / World Bank WDI,2026-09-02
TCA,Turks and Caicos Islands,2014,population,35050,UN Population Division / World Bank WDI,2026-09-02
TCA,Turks and Caicos Islands,2013,population,33653,UN Population Division / World Bank WDI,2026-09-02
TCA,Turks and Caicos Islands,2012,population,32127,UN Population Division / World Bank WDI,2026-09-02
TCA,Turks and Caicos Islands,2011,population,30846,UN Population Division / World Bank WDI,2026-09-02
TCA,Turks and Caicos Islands,2010,population,29739,UN Population Division / World Bank WDI,2026-09-02
TCA,Turks and Caicos Islands,2009,population,28588,UN Population Division / World Bank WDI,2026-09-02
TCA,Turks and Caicos Islands,2008,population,27427,UN Population Division / World Bank WDI,2026-09-02
TCA,Turks and Caicos Islands,2007,population,26270,UN Population Division / World Bank WDI,2026-09-02
TCA,Turks and Caicos Islands,2006,population,25123,UN Population Division / World Bank WDI,2026-09-02
TCA,Turks and Caicos Islands,2005,population,23988,UN Population Division / World Bank WDI,2026-09-02
TCA,Turks and Caicos Islands,2004,population,22856,UN Population Division / World Bank WDI,2026-09-02
TCA,Turks and Caicos Islands,2003,population,21727,UN Population Division / World Bank WDI,2026-09-02
TCA,Turks and Caicos Islands,2002,population,20597,UN Population Division / World Bank WDI,2026-09-02
TCA,Turks and Caicos Islands,2001,population,19576,UN Population Division / World Bank WDI,2026-09-02
TCA,Turks and Caicos Islands,2000,population,18730,UN Population Division / World Bank WDI,2026-09-02
TUV,Tuvalu,2023,population,9816,UN Population Division / World Bank WDI,2026-09-02
TUV,Tuvalu,2022,population,9992,UN Population Division / World Bank WDI,2026-09-02
TUV,Tuvalu,2021,population,10194,UN Population Division / World Bank WDI,2026-09-02
TUV,Tuvalu,2020,population,10399,UN Population Division / World Bank WDI,2026-09-02
TUV,Tuvalu,2019,population,10581,UN Population Division / World Bank WDI,2026-09-02
TUV,Tuvalu,2018,population,10751,UN Population Division / World Bank WDI,2026-09-02
TUV,Tuvalu,2017,population,10869,UN Population Division / World Bank WDI,2026-09-02
TUV,Tuvalu,2016,population,10930,UN Population Division / World Bank WDI,2026-09-02
TUV,Tuvalu,2015,population,10963,UN Population Division / World Bank WDI,2026-09-02
TUV,Tuvalu,2014,population,10984,UN Population Division / World Bank WDI,2026-09-02
TUV,Tuvalu,2013,population,11001,UN Population Division / World Bank WDI,2026-09-02
TUV,Tuvalu,2012,population,10934,UN Population Division / World Bank WDI,2026-09-02
TUV,Tuvalu,2011,population,10780,UN Population Division / World Bank WDI,2026-09-02
TUV,Tuvalu,2010,population,10614,UN Population Division / World Bank WDI,2026-09-02
TUV,Tuvalu,2009,population,10461,UN Population Division / World Bank WDI,2026-09-02
TUV,Tuvalu,2008,population,10321,UN Population Division / World Bank WDI,2026-09-02
TUV,Tuvalu,2007,population,10182,UN Population Division / World Bank WDI,2026-09-02
TUV,Tuvalu,2006,population,10056,UN Population Division / World Bank WDI,2026-09-02
TUV,Tuvalu,2005,population,9940,UN Population Division / World Bank WDI,2026-09-02
TUV,Tuvalu,2004,population,9816,UN Population Division / World Bank WDI,2026-09-02
TUV,Tuvalu,2003,population,9695,UN Population Division / World Bank WDI,2026-09-02
TUV,Tuvalu,2002,population,9623,UN Population Division / World Bank WDI,2026-09-02
TUV,Tuvalu,2001,population,9586,UN Population Division / World Bank WDI,2026-09-02
TUV,Tuvalu,2000,population,9544,UN Population Division / World Bank WDI,2026-09-02
UGA,Uganda,2023,population,48656601,UN Population Division / World Bank WDI,2026-09-02
UGA,Uganda,2022,population,47312719,UN Population Division / World Bank WDI,2026-09-02
UGA,Uganda,2021,population,45910930,UN Population Division / World Bank WDI,2026-09-02
UGA,Uganda,2020,population,44457152,UN Population Division / World Bank WDI,2026-09-02
UGA,Uganda,2019,population,42999637,UN Population Division / World Bank WDI,2026-09-02
UGA,Uganda,2018,population,41565831,UN Population Division / World Bank WDI,2026-09-02
UGA,Uganda,2017,population,40177388,UN Population Division / World Bank WDI,2026-09-02
UGA,Uganda,2016,population,38799152,UN Population Division / World Bank WDI,2026-09-02
UGA,Uganda,2015,population,37531446,UN Population Division / World Bank WDI,2026-09-02
UGA,Uganda,2014,population,36395539,UN Population Division / World Bank WDI,2026-09-02
UGA,Uganda,2013,population,35337042,UN Population Division / World Bank WDI,2026-09-02
UGA,Uganda,2012,population,34337438,UN Population Division / World Bank WDI,2026-09-02
UGA,Uganda,2011,population,33354543,UN Population Division / World Bank WDI,2026-09-02
UGA,Uganda,2010,population,32390802,UN Population Division / World Bank WDI,2026-09-02
UGA,Uganda,2009,population,31451151,UN Population Division / World Bank WDI,2026-09-02
UGA,Uganda,2008,population,30539553,UN Population Division / World Bank WDI,2026-09-02
UGA,Uganda,2007,population,29653430,UN Population Division / World Bank WDI,2026-09-02
UGA,Uganda,2006,population,28794003,UN Population Division / World Bank WDI,2026-09-02
UGA,Uganda,2005,population,27963289,UN Population Division / World Bank WDI,2026-09-02
UGA,Uganda,2004,population,27154515,UN Population Division / World Bank WDI,2026-09-02
UGA,Uganda,2003,population,26352124,UN Population Division / World Bank WDI,2026-09-02
UGA,Uganda,2002,population,25532870,UN Population Division / World Bank WDI,2026-09-02
UGA,Uganda,2001,population,24745676,UN Population Division / World Bank WDI,2026-09-02
UGA,Uganda,2000,population,24000150,UN Population Division / World Bank WDI,2026-09-02
UKR,Ukraine,2023,population,37732836,UN Population Division / World Bank WDI,2026-09-02
UKR,Ukraine,2022,population,41048766,UN Population Division / World Bank WDI,2026-09-02
UKR,Ukraine,2021,population,44298640,UN Population Division / World Bank WDI,2026-09-02
UKR,Ukraine,2020,population,44680014,UN Population Division / World Bank WDI,2026-09-02
UKR,Ukraine,2019,population,44957458,UN Population Division / World Bank WDI,2026-09-02
UKR,Ukraine,2018,population,45208907,UN Population Division / World Bank WDI,2026-09-02
UKR,Ukraine,2017,population,45436041,UN Population Division / World Bank WDI,2026-09-02
UKR,Ukraine,2016,population,45616832,UN Population Division / World Bank WDI,2026-09-02
UKR,Ukraine,2015,population,45784896,UN Population Division / World Bank WDI,2026-09-02
UKR,Ukraine,2014,population,45972380,UN Population Division / World Bank WDI,2026-09-02
UKR,Ukraine,2013,population,46126770,UN Population Division / World Bank WDI,2026-09-02
UKR,Ukraine,2012,population,46210056,UN Population Division / World Bank WDI,2026-09-02
UKR,Ukraine,2011,population,46307853,UN Population Division / World Bank WDI,2026-09-02
UKR,Ukraine,2010,population,46456003,UN Population Division / World Bank WDI,2026-09-02
UKR,Ukraine,2009,population,46623731,UN Population Division / World Bank WDI,2026-09-02
UKR,Ukraine,2008,population,46819175,UN Population Division / World Bank WDI,2026-09-02
UKR,Ukraine,2007,population,47062798,UN Population Division / World Bank WDI,2026-09-02
UKR,Ukraine,2006,population,47278694,UN Population Division / World Bank WDI,2026-09-02
UKR,Ukraine,2005,population,47585556,UN Population Division / World Bank WDI,2026-09-02
UKR,Ukraine,2004,population,47979507,UN Population Division / World Bank WDI,2026-09-02
UKR,Ukraine,2003,population,48315136,UN Population Division / World Bank WDI,2026-09-02
UKR,Ukraine,2002,population,48677281,UN Population Division / World Bank WDI,2026-09-02
UKR,Ukraine,2001,population,49106855,UN Population Division / World Bank WDI,2026-09-02
UKR,Ukraine,2000,population,49556660,UN Population Division / World Bank WDI,2026-09-02
ARE,United Arab Emirates,2023,population,10483751,UN Population Division / World Bank WDI,2026-09-02
ARE,United Arab Emirates,2022,population,10074977,UN Population Division / World Bank WDI,2026-09-02
ARE,United Arab Emirates,2021,population,9575152,UN Population Division / World Bank WDI,2026-09-02
ARE,United Arab Emirates,2020,population,9401038,UN Population Division / World Bank WDI,2026-09-02
ARE,United Arab Emirates,2019,population,9445785,UN Population Division / World Bank WDI,2026-09-02
ARE,United Arab Emirates,2018,population,9346701,UN Population Division / World Bank WDI,2026-09-02
ARE,United Arab Emirates,2017,population,9223225,UN Population Division / World Bank WDI,2026-09-02
ARE,United Arab Emirates,2016,population,8935095,UN Population Division / World Bank WDI,2026-09-02
ARE,United Arab Emirates,2015,population,8505237,UN Population Division / World Bank WDI,2026-09-02
ARE,United Arab Emirates,2014,population,8059440,UN Population Division / World Bank WDI,2026-09-02
ARE,United Arab Emirates,2013,population,7693031,UN Population Division / World Bank WDI,2026-09-02
ARE,United Arab Emirates,2012,population,7391448,UN Population Division / World Bank WDI,2026-09-02
ARE,United Arab Emirates,2011,population,7104538,UN Population Division / World Bank WDI,2026-09-02
ARE,United Arab Emirates,2010,population,6869838,UN Population Division / World Bank WDI,2026-09-02
ARE,United Arab Emirates,2009,population,6707058,UN Population Division / World Bank WDI,2026-09-02
ARE,United Arab Emirates,2008,population,6302664,UN Population Division / World Bank WDI,2026-09-02
ARE,United Arab Emirates,2007,population,5624635,UN Population Division / World Bank WDI,2026-09-02
ARE,United Arab Emirates,2006,population,5009100,UN Population Division / World Bank WDI,2026-09-02
ARE,United Arab Emirates,2005,population,4664790,UN Population Division / World Bank WDI,2026-09-02
ARE,United Arab Emirates,2004,population,4428967,UN Population Division / World Bank WDI,2026-09-02
ARE,United Arab Emirates,2003,population,4192457,UN Population Division / World Bank WDI,2026-09-02
ARE,United Arab Emirates,2002,population,3956826,UN Population Division / World Bank WDI,2026-09-02
ARE,United Arab Emirates,2001,population,3723590,UN Population Division / World Bank WDI,2026-09-02
ARE,United Arab Emirates,2000,population,3493575,UN Population Division / World Bank WDI,2026-09-02
GBR,United Kingdom,2023,population,68526000,UN Population Division / World Bank WDI,2026-09-02
GBR,United Kingdom,2022,population,67636000,UN Population Division / World Bank WDI,2026-09-02
GBR,United Kingdom,2021,population,66978000,UN Population Division / World Bank WDI,2026-09-02
GBR,United Kingdom,2020,population,66740000,UN Population Division / World Bank WDI,2026-09-02
GBR,United Kingdom,2019,population,66628000,UN Population Division / World Bank WDI,2026-09-02
GBR,United Kingdom,2018,population,66287000,UN Population Division / World Bank WDI,2026-09-02
GBR,United Kingdom,2017,population,65964000,UN Population Division / World Bank WDI,2026-09-02
GBR,United Kingdom,2016,population,65606000,UN Population Division / World Bank WDI,2026-09-02
GBR,United Kingdom,2015,population,65087000,UN Population Division / World Bank WDI,2026-09-02
GBR,United Kingdom,2014,population,64619000,UN Population Division / World Bank WDI,2026-09-02
GBR,United Kingdom,2013,population,64138000,UN Population Division / World Bank WDI,2026-09-02
GBR,United Kingdom,2012,population,63711000,UN Population Division / World Bank WDI,2026-09-02
GBR,United Kingdom,2011,population,63258810,UN Population Division / World Bank WDI,2026-09-02
GBR,United Kingdom,2010,population,62766365,UN Population Division / World Bank WDI,2026-09-02
GBR,United Kingdom,2009,population,62276270,UN Population Division / World Bank WDI,2026-09-02
GBR,United Kingdom,2008,population,61806995,UN Population Division / World Bank WDI,2026-09-02
GBR,United Kingdom,2007,population,61322463,UN Population Division / World Bank WDI,2026-09-02
GBR,United Kingdom,2006,population,60846820,UN Population Division / World Bank WDI,2026-09-02
GBR,United Kingdom,2005,population,60401206,UN Population Division / World Bank WDI,2026-09-02
GBR,United Kingdom,2004,population,59987905,UN Population Division / World Bank WDI,2026-09-02
GBR,United Kingdom,2003,population,59647577,UN Population Division / World Bank WDI,2026-09-02
GBR,United Kingdom,2002,population,59370479,UN Population Division / World Bank WDI,2026-09-02
GBR,United Kingdom,2001,population,59119673,UN Population Division / World Bank WDI,2026-09-02
GBR,United Kingdom,2000,population,58892514,UN Population Division / World Bank WDI,2026-09-02
USA,United States,2023,population,336755052,UN Population Division / World Bank WDI,2026-09-02
USA,United States,2022,population,333996304,UN Population Division / World Bank WDI,2026-09-02
USA,United States,2021,population,332100166,UN Population Division / World Bank WDI,2026-09-02
USA,United States,2020,population,331578104,UN Population Division / World Bank WDI,2026-09-02
USA,United States,2019,population,330226227,UN Population Division / World Bank WDI,2026-09-02
USA,United States,2018,population,328529577,UN Population Division / World Bank WDI,2026-09-02
USA,United States,2017,population,326608609,UN Population Division / World Bank WDI,2026-09-02
USA,United States,2016,population,324353340,UN Population Division / World Bank WDI,2026-09-02
USA,United States,2015,population,321815121,UN Population Division / World Bank WDI,2026-09-02
USA,United States,2014,population,319257560,UN Population Division / World Bank WDI,2026-09-02
USA,United States,2013,population,316726282,UN Population Division / World Bank WDI,2026-09-02
USA,United States,2012,population,314339099,UN Population Division / World Bank WDI,2026-09-02
USA,United States,2011,population,311839461,UN Population Division / World Bank WDI,2026-09-02
USA,United States,2010,population,309378227,UN Population Division / World Bank WDI,2026-09-02
USA,United States,2009,population,306771529,UN Population Division / World Bank WDI,2026-09-02
USA,United States,2008,population,304093966,UN Population Division / World Bank WDI,2026-09-02
USA,United States,2007,population,301231207,UN Population Division / World Bank WDI,2026-09-02
USA,United States,2006,population,298379912,UN Population Division / World Bank WDI,2026-09-02
USA,United States,2005,population,295516599,UN Population Division / World Bank WDI,2026-09-02
USA,United States,2004,population,292805298,UN Population Division / World Bank WDI,2026-09-02
USA,United States,2003,population,290107933,UN Population Division / World Bank WDI,2026-09-02
USA,United States,2002,population,287625193,UN Population Division / World Bank WDI,2026-09-02
USA,United States,2001,population,284968955,UN Population Division / World Bank WDI,2026-09-02
USA,United States,2000,population,282162411,UN Population Division / World Bank WDI,2026-09-02
URY,Uruguay,2023,population,3388081,UN Population Division / World Bank WDI,2026-09-02
URY,Uruguay,2022,population,3390913,UN Population Division / World Bank WDI,2026-09-02
URY,Uruguay,2021,population,3396695,UN Population Division / World Bank WDI,2026-09-02
URY,Uruguay,2020,population,3398968,UN Population Division / World Bank WDI,2026-09-02
URY,Uruguay,2019,population,3397206,UN Population Division / World Bank WDI,2026-09-02
URY,Uruguay,2018,population,3394534,UN Population Division / World Bank WDI,2026-09-02
URY,Uruguay,2017,population,3388438,UN Population Division / World Bank WDI,2026-09-02
URY,Uruguay,2016,population,3379283,UN Population Division / World Bank WDI,2026-09-02
URY,Uruguay,2015,population,3368017,UN Population Division / World Bank WDI,2026-09-02
URY,Uruguay,2014,population,3356334,UN Population Division / World Bank WDI,2026-09-02
URY,Uruguay,2013,population,3345337,UN Population Division / World Bank WDI,2026-09-02
URY,Uruguay,2012,population,3335401,UN Population Division / World Bank WDI,2026-09-02
URY,Uruguay,2011,population,3326825,UN Population Division / World Bank WDI,2026-09-02
URY,Uruguay,2010,population,3318580,UN Population Division / World Bank WDI,2026-09-02
URY,Uruguay,2009,population,3310091,UN Population Division / World Bank WDI,2026-09-02
URY,Uruguay,2008,population,3302177,UN Population Division / World Bank WDI,2026-09-02
URY,Uruguay,2007,population,3295153,UN Population Division / World Bank WDI,2026-09-02
URY,Uruguay,2006,population,3289506,UN Population Division / World Bank WDI,2026-09-02
URY,Uruguay,2005,population,3285771,UN Population Division / World Bank WDI,2026-09-02
URY,Uruguay,2004,population,3283148,UN Population Division / World Bank WDI,2026-09-02
URY,Uruguay,2003,population,3281186,UN Population Division / World Bank WDI,2026-09-02
URY,Uruguay,2002,population,3278867,UN Population Division / World Bank WDI,2026-09-02
URY,Uruguay,2001,population,3274251,UN Population Division / World Bank WDI,2026-09-02
URY,Uruguay,2000,population,3266206,UN Population Division / World Bank WDI,2026-09-02
UZB,Uzbekistan,2023,population,35652307,UN Population Division / World Bank WDI,2026-09-02
UZB,Uzbekistan,2022,population,34938955,UN Population Division / World Bank WDI,2026-09-02
UZB,Uzbekistan,2021,population,34243696,UN Population Division / World Bank WDI,2026-09-02
UZB,Uzbekistan,2020,population,33586372,UN Population Division / World Bank WDI,2026-09-02
UZB,Uzbekistan,2019,population,32964701,UN Population Division / World Bank WDI,2026-09-02
UZB,Uzbekistan,2018,population,32373490,UN Population Division / World Bank WDI,2026-09-02
UZB,Uzbekistan,2017,population,31819178,UN Population Division / World Bank WDI,2026-09-02
UZB,Uzbekistan,2016,population,31284568,UN Population Division / World Bank WDI,2026-09-02
UZB,Uzbekistan,2015,population,30749346,UN Population Division / World Bank WDI,2026-09-02
UZB,Uzbekistan,2014,population,30222994,UN Population Division / World Bank WDI,2026-09-02
UZB,Uzbekistan,2013,population,29724065,UN Population Division / World Bank WDI,2026-09-02
UZB,Uzbekistan,2012,population,29261903,UN Population Division / World Bank WDI,2026-09-02
UZB,Uzbekistan,2011,population,28823196,UN Population Division / World Bank WDI,2026-09-02
UZB,Uzbekistan,2010,population,28385506,UN Population Division / World Bank WDI,2026-09-02
UZB,Uzbekistan,2009,population,27939328,UN Population Division / World Bank WDI,2026-09-02
UZB,Uzbekistan,2008,population,27494774,UN Population Division / World Bank WDI,2026-09-02
UZB,Uzbekistan,2007,population,27076008,UN Population Division / World Bank WDI,2026-09-02
UZB,Uzbekistan,2006,population,26699043,UN Population Division / World Bank WDI,2026-09-02
UZB,Uzbekistan,2005,population,26356975,UN Population Division / World Bank WDI,2026-09-02
UZB,Uzbekistan,2004,population,26029350,UN Population Division / World Bank WDI,2026-09-02
UZB,Uzbekistan,2003,population,25711259,UN Population Division / World Bank WDI,2026-09-02
UZB,Uzbekistan,2002,population,25399980,UN Population Division / World Bank WDI,2026-09-02
UZB,Uzbekistan,2001,population,25090283,UN Population Division / World Bank WDI,2026-09-02
UZB,Uzbekistan,2000,population,24787054,UN Population Division / World Bank WDI,2026-09-02
VUT,Vanuatu,2023,population,320409,UN Population Division / World Bank WDI,2026-09-02
VUT,Vanuatu,2022,population,313046,UN Population Division / World Bank WDI,2026-09-02
VUT,Vanuatu,2021,population,305868,UN Population Division / World Bank WDI,2026-09-02
VUT,Vanuatu,2020,population,298858,UN Population Division / World Bank WDI,2026-09-02
VUT,Vanuatu,2019,population,291985,UN Population Division / World Bank WDI,2026-09-02
VUT,Vanuatu,2018,population,285259,UN Population Division / World Bank WDI,2026-09-02
VUT,Vanuatu,2017,population,278507,UN Population Division / World Bank WDI,2026-09-02
VUT,Vanuatu,2016,population,272087,UN Population Division / World Bank WDI,2026-09-02
VUT,Vanuatu,2015,population,266101,UN Population Division / World Bank WDI,2026-09-02
VUT,Vanuatu,2014,population,260240,UN Population Division / World Bank WDI,2026-09-02
VUT,Vanuatu,2013,population,254482,UN Population Division / World Bank WDI,2026-09-02
VUT,Vanuatu,2012,population,248883,UN Population Division / World Bank WDI,2026-09-02
VUT,Vanuatu,2011,population,243474,UN Population Division / World Bank WDI,2026-09-02
VUT,Vanuatu,2010,population,238248,UN Population Division / World Bank WDI,2026-09-02
VUT,Vanuatu,2009,population,232731,UN Population Division / World Bank WDI,2026-09-02
VUT,Vanuatu,2008,population,226896,UN Population Division / World Bank WDI,2026-09-02
VUT,Vanuatu,2007,population,221276,UN Population Division / World Bank WDI,2026-09-02
VUT,Vanuatu,2006,population,215923,UN Population Division / World Bank WDI,2026-09-02
VUT,Vanuatu,2005,population,210760,UN Population Division / World Bank WDI,2026-09-02
VUT,Vanuatu,2004,population,205711,UN Population Division / World Bank WDI,2026-09-02
VUT,Vanuatu,2003,population,200746,UN Population Division / World Bank WDI,2026-09-02
VUT,Vanuatu,2002,population,195863,UN Population Division / World Bank WDI,2026-09-02
VUT,Vanuatu,2001,population,191031,UN Population Division / World Bank WDI,2026-09-02
VUT,Vanuatu,2000,population,186281,UN Population Division / World Bank WDI,2026-09-02
VEN,"Venezuela, RB",2023,population,28300854,UN Population Division / World Bank WDI,2026-09-02
VEN,"Venezuela, RB",2022,population,28213017,UN Population Division / World Bank WDI,2026-09-02
VEN,"Venezuela, RB",2021,population,28237826,UN Population Division / World Bank WDI,2026-09-02
VEN,"Venezuela, RB",2020,population,28444077,UN Population Division / World Bank WDI,2026-09-02
VEN,"Venezuela, RB",2019,population,28938098,UN Population Division / World Bank WDI,2026-09-02
VEN,"Venezuela, RB",2018,population,29807592,UN Population Division / World Bank WDI,2026-09-02
VEN,"Venezuela, RB",2017,population,30565323,UN Population Division / World Bank WDI,2026-09-02
VEN,"Venezuela, RB",2016,population,30765720,UN Population Division / World Bank WDI,2026-09-02
VEN,"Venezuela, RB",2015,population,30573972,UN Population Division / World Bank WDI,2026-09-02
VEN,"Venezuela, RB",2014,population,30254079,UN Population Division / World Bank WDI,2026-09-02
VEN,"Venezuela, RB",2013,population,29912198,UN Population Division / World Bank WDI,2026-09-02
VEN,"Venezuela, RB",2012,population,29553826,UN Population Division / World Bank WDI,2026-09-02
VEN,"Venezuela, RB",2011,population,29185212,UN Population Division / World Bank WDI,2026-09-02
VEN,"Venezuela, RB",2010,population,28813101,UN Population Division / World Bank WDI,2026-09-02
VEN,"Venezuela, RB",2009,population,28438298,UN Population Division / World Bank WDI,2026-09-02
VEN,"Venezuela, RB",2008,population,28053696,UN Population Division / World Bank WDI,2026-09-02
VEN,"Venezuela, RB",2007,population,27649363,UN Population Division / World Bank WDI,2026-09-02
VEN,"Venezuela, RB",2006,population,27224686,UN Population Division / World Bank WDI,2026-09-02
VEN,"Venezuela, RB",2005,population,26785804,UN Population Division / World Bank WDI,2026-09-02
VEN,"Venezuela, RB",2004,population,26340838,UN Population Division / World Bank WDI,2026-09-02
VEN,"Venezuela, RB",2003,population,25892703,UN Population Division / World Bank WDI,2026-09-02
VEN,"Venezuela, RB",2002,population,25435671,UN Population Division / World Bank WDI,2026-09-02
VEN,"Venezuela, RB",2001,population,24979922,UN Population Division / World Bank WDI,2026-09-02
VEN,"Venezuela, RB",2000,population,24526708,UN Population Division / World Bank WDI,2026-09-02
VNM,Viet Nam,2023,population,100352192,UN Population Division / World Bank WDI,2026-09-02
VNM,Viet Nam,2022,population,99680655,UN Population Division / World Bank WDI,2026-09-02
VNM,Viet Nam,2021,population,98935098,UN Population Division / World Bank WDI,2026-09-02
VNM,Viet Nam,2020,population,98079191,UN Population Division / World Bank WDI,2026-09-02
VNM,Viet Nam,2019,population,97173776,UN Population Division / World Bank WDI,2026-09-02
VNM,Viet Nam,2018,population,96237319,UN Population Division / World Bank WDI,2026-09-02
VNM,Viet Nam,2017,population,95176977,UN Population Division / World Bank WDI,2026-09-02
VNM,Viet Nam,2016,population,94000117,UN Population Division / World Bank WDI,2026-09-02
VNM,Viet Nam,2015,population,92823254,UN Population Division / World Bank WDI,2026-09-02
VNM,Viet Nam,2014,population,91679578,UN Population Division / World Bank WDI,2026-09-02
VNM,Viet Nam,2013,population,90573104,UN Population Division / World Bank WDI,2026-09-02
VNM,Viet Nam,2012,population,89510356,UN Population Division / World Bank WDI,2026-09-02
VNM,Viet Nam,2011,population,88468314,UN Population Division / World Bank WDI,2026-09-02
VNM,Viet Nam,2010,population,87455152,UN Population Division / World Bank WDI,2026-09-02
VNM,Viet Nam,2009,population,86460018,UN Population Division / World Bank WDI,2026-09-02
VNM,Viet Nam,2008,population,85175788,UN Population Division / World Bank WDI,2026-09-02
VNM,Viet Nam,2007,population,83633375,UN Population Division / World Bank WDI,2026-09-02
VNM,Viet Nam,2006,population,82167897,UN Population Division / World Bank WDI,2026-09-02
VNM,Viet Nam,2005,population,81088313,UN Population Division / World Bank WDI,2026-09-02
VNM,Viet Nam,2004,population,80338971,UN Population Division / World Bank WDI,2026-09-02
VNM,Viet Nam,2003,population,79563777,UN Population Division / World Bank WDI,2026-09-02
VNM,Viet Nam,2002,population,78772224,UN Population Division / World Bank WDI,2026-09-02
VNM,Viet Nam,2001,population,77969361,UN Population Division / World Bank WDI,2026-09-02
VNM,Viet Nam,2000,population,77154011,UN Population Division / World Bank WDI,2026-09-02
VIR,Virgin Islands (U.S.),2023,population,104917,UN Population Division / World Bank WDI,2026-09-02
VIR,Virgin Islands (U.S.),2022,population,105413,UN Population Division / World Bank WDI,2026-09-02
VIR,Virgin Islands (U.S.),2021,population,105870,UN Population Division / World Bank WDI,2026-09-02
VIR,Virgin Islands (U.S.),2020,population,106290,UN Population Division / World Bank WDI,2026-09-02
VIR,Virgin Islands (U.S.),2019,population,106669,UN Population Division / World Bank WDI,2026-09-02
VIR,Virgin Islands (U.S.),2018,population,107001,UN Population Division / World Bank WDI,2026-09-02
VIR,Virgin Islands (U.S.),2017,population,107281,UN Population Division / World Bank WDI,2026-09-02
VIR,Virgin Islands (U.S.),2016,population,107516,UN Population Division / World Bank WDI,2026-09-02
VIR,Virgin Islands (U.S.),2015,population,107712,UN Population Division / World Bank WDI,2026-09-02
VIR,Virgin Islands (U.S.),2014,population,107882,UN Population Division / World Bank WDI,2026-09-02
VIR,Virgin Islands (U.S.),2013,population,108041,UN Population Division / World Bank WDI,2026-09-02
VIR,Virgin Islands (U.S.),2012,population,108188,UN Population Division / World Bank WDI,2026-09-02
VIR,Virgin Islands (U.S.),2011,population,108290,UN Population Division / World Bank WDI,2026-09-02
VIR,Virgin Islands (U.S.),2010,population,108357,UN Population Division / World Bank WDI,2026-09-02
VIR,Virgin Islands (U.S.),2009,population,108404,UN Population Division / World Bank WDI,2026-09-02
VIR,Virgin Islands (U.S.),2008,population,108397,UN Population Division / World Bank WDI,2026-09-02
VIR,Virgin Islands (U.S.),2007,population,108337,UN Population Division / World Bank WDI,2026-09-02
VIR,Virgin Islands (U.S.),2006,population,108369,UN Population Division / World Bank WDI,2026-09-02
VIR,Virgin Islands (U.S.),2005,population,108453,UN Population Division / World Bank WDI,2026-09-02
VIR,Virgin Islands (U.S.),2004,population,108466,UN Population Division / World Bank WDI,2026-09-02
VIR,Virgin Islands (U.S.),2003,population,108505,UN Population Division / World Bank WDI,2026-09-02
VIR,Virgin Islands (U.S.),2002,population,108509,UN Population Division / World Bank WDI,2026-09-02
VIR,Virgin Islands (U.S.),2001,population,108549,UN Population Division / World Bank WDI,2026-09-02
VIR,Virgin Islands (U.S.),2000,population,108642,UN Population Division / World Bank WDI,2026-09-02
PSE,West Bank and Gaza,2023,population,5165775,UN Population Division / World Bank WDI,2026-09-02
PSE,West Bank and Gaza,2022,population,5043612,UN Population Division / World Bank WDI,2026-09-02
PSE,West Bank and Gaza,2021,population,4922749,UN Population Division / World Bank WDI,2026-09-02
PSE,West Bank and Gaza,2020,population,4803269,UN Population Division / World Bank WDI,2026-09-02
PSE,West Bank and Gaza,2019,population,4685306,UN Population Division / World Bank WDI,2026-09-02
PSE,West Bank and Gaza,2018,population,4569087,UN Population Division / World Bank WDI,2026-09-02
PSE,West Bank and Gaza,2017,population,4454805,UN Population Division / World Bank WDI,2026-09-02
PSE,West Bank and Gaza,2016,population,4367088,UN Population Division / World Bank WDI,2026-09-02
PSE,West Bank and Gaza,2015,population,4270092,UN Population Division / World Bank WDI,2026-09-02
PSE,West Bank and Gaza,2014,population,4173398,UN Population Division / World Bank WDI,2026-09-02
PSE,West Bank and Gaza,2013,population,4076708,UN Population Division / World Bank WDI,2026-09-02
PSE,West Bank and Gaza,2012,population,3979998,UN Population Division / World Bank WDI,2026-09-02
PSE,West Bank and Gaza,2011,population,3882986,UN Population Division / World Bank WDI,2026-09-02
PSE,West Bank and Gaza,2010,population,3786161,UN Population Division / World Bank WDI,2026-09-02
PSE,West Bank and Gaza,2009,population,3689099,UN Population Division / World Bank WDI,2026-09-02
PSE,West Bank and Gaza,2008,population,3591977,UN Population Division / World Bank WDI,2026-09-02
PSE,West Bank and Gaza,2007,population,3494496,UN Population Division / World Bank WDI,2026-09-02
PSE,West Bank and Gaza,2006,population,3406334,UN Population Division / World Bank WDI,2026-09-02
PSE,West Bank and Gaza,2005,population,3320396,UN Population Division / World Bank WDI,2026-09-02
PSE,West Bank and Gaza,2004,population,3236626,UN Population Division / World Bank WDI,2026-09-02
PSE,West Bank and Gaza,2003,population,3154969,UN Population Division / World Bank WDI,2026-09-02
PSE,West Bank and Gaza,2002,population,3075373,UN Population Division / World Bank WDI,2026-09-02
PSE,West Bank and Gaza,2001,population,2997784,UN Population Division / World Bank WDI,2026-09-02
PSE,West Bank and Gaza,2000,population,2922153,UN Population Division / World Bank WDI,2026-09-02
YEM,"Yemen, Rep.",2023,population,39390799,UN Population Division / World Bank WDI,2026-09-02
YEM,"Yemen, Rep.",2022,population,38222876,UN Population Division / World Bank WDI,2026-09-02
YEM,"Yemen, Rep.",2021,population,37140230,UN Population Division / World Bank WDI,2026-09-02
YEM,"Yemen, Rep.",2020,population,36134863,UN Population Division / World Bank WDI,2026-09-02
YEM,"Yemen, Rep.",2019,population,35111408,UN Population Division / World Bank WDI,2026-09-02
YEM,"Yemen, Rep.",2018,population,34085182,UN Population Division / World Bank WDI,2026-09-02
YEM,"Yemen, Rep.",2017,population,33090921,UN Population Division / World Bank WDI,2026-09-02
YEM,"Yemen, Rep.",2016,population,32109010,UN Population Division / World Bank WDI,2026-09-02
YEM,"Yemen, Rep.",2015,population,31159379,UN Population Division / World Bank WDI,2026-09-02
YEM,"Yemen, Rep.",2014,population,30226309,UN Population Division / World Bank WDI,2026-09-02
YEM,"Yemen, Rep.",2013,population,29312952,UN Population Division / World Bank WDI,2026-09-02
YEM,"Yemen, Rep.",2012,population,28433647,UN Population Division / World Bank WDI,2026-09-02
YEM,"Yemen, Rep.",2011,population,27582897,UN Population Division / World Bank WDI,2026-09-02
YEM,"Yemen, Rep.",2010,population,26754387,UN Population Division / World Bank WDI,2026-09-02
YEM,"Yemen, Rep.",2009,population,25927724,UN Population Division / World Bank WDI,2026-09-02
YEM,"Yemen, Rep.",2008,population,25111941,UN Population Division / World Bank WDI,2026-09-02
YEM,"Yemen, Rep.",2007,population,24318082,UN Population Division / World Bank WDI,2026-09-02
YEM,"Yemen, Rep.",2006,population,23543083,UN Population Division / World Bank WDI,2026-09-02
YEM,"Yemen, Rep.",2005,population,22790085,UN Population Division / World Bank WDI,2026-09-02
YEM,"Yemen, Rep.",2004,population,22095167,UN Population Division / World Bank WDI,2026-09-02
YEM,"Yemen, Rep.",2003,population,21456379,UN Population Division / World Bank WDI,2026-09-02
YEM,"Yemen, Rep.",2002,population,20835086,UN Population Division / World Bank WDI,2026-09-02
YEM,"Yemen, Rep.",2001,population,20226147,UN Population Division / World Bank WDI,2026-09-02
YEM,"Yemen, Rep.",2000,population,19624141,UN Population Division / World Bank WDI,2026-09-02
ZMB,Zambia,2023,population,20723965,UN Population Division / World Bank WDI,2026-09-02
ZMB,Zambia,2022,population,20152938,UN Population Division / World Bank WDI,2026-09-02
ZMB,Zambia,2021,population,19603607,UN Population Division / World Bank WDI,2026-09-02
ZMB,Zambia,2020,population,19059395,UN Population Division / World Bank WDI,2026-09-02
ZMB,Zambia,2019,population,18513839,UN Population Division / World Bank WDI,2026-09-02
ZMB,Zambia,2018,population,17973569,UN Population Division / World Bank WDI,2026-09-02
ZMB,Zambia,2017,population,17441320,UN Population Division / World Bank WDI,2026-09-02
ZMB,Zambia,2016,population,16914423,UN Population Division / World Bank WDI,2026-09-02
ZMB,Zambia,2015,population,16399089,UN Population Division / World Bank WDI,2026-09-02
ZMB,Zambia,2014,population,15895315,UN Population Division / World Bank WDI,2026-09-02
ZMB,Zambia,2013,population,15398997,UN Population Division / World Bank WDI,2026-09-02
ZMB,Zambia,2012,population,14913629,UN Population Division / World Bank WDI,2026-09-02
ZMB,Zambia,2011,population,14437796,UN Population Division / World Bank WDI,2026-09-02
ZMB,Zambia,2010,population,13965594,UN Population Division / World Bank WDI,2026-09-02
ZMB,Zambia,2009,population,13490389,UN Population Division / World Bank WDI,2026-09-02
ZMB,Zambia,2008,population,13021324,UN Population Division / World Bank WDI,2026-09-02
ZMB,Zambia,2007,population,12565085,UN Population Division / World Bank WDI,2026-09-02
ZMB,Zambia,2006,population,12129553,UN Population Division / World Bank WDI,2026-09-02
ZMB,Zambia,2005,population,11718819,UN Population Division / World Bank WDI,2026-09-02
ZMB,Zambia,2004,population,11338198,UN Population Division / World Bank WDI,2026-09-02
ZMB,Zambia,2003,population,10983595,UN Population Division / World Bank WDI,2026-09-02
ZMB,Zambia,2002,population,10647949,UN Population Division / World Bank WDI,2026-09-02
ZMB,Zambia,2001,population,10325185,UN Population Division / World Bank WDI,2026-09-02
ZMB,Zambia,2000,population,10017631,UN Population Division / World Bank WDI,2026-09-02
ZWE,Zimbabwe,2023,population,16340822,UN Population Division / World Bank WDI,2026-09-02
ZWE,Zimbabwe,2022,population,16069056,UN Population Division / World Bank WDI,2026-09-02
ZWE,Zimbabwe,2021,population,15797210,UN Population Division / World Bank WDI,2026-09-02
ZWE,Zimbabwe,2020,population,15526888,UN Population Division / World Bank WDI,2026-09-02
ZWE,Zimbabwe,2019,population,15271368,UN Population Division / World Bank WDI,2026-09-02
ZWE,Zimbabwe,2018,population,15034452,UN Population Division / World Bank WDI,2026-09-02
ZWE,Zimbabwe,2017,population,14812482,UN Population Division / World Bank WDI,2026-09-02
ZWE,Zimbabwe,2016,population,14600294,UN Population Division / World Bank WDI,2026-09-02
ZWE,Zimbabwe,2015,population,14399013,UN Population Division / World Bank WDI,2026-09-02
ZWE,Zimbabwe,2014,population,14207359,UN Population Division / World Bank WDI,2026-09-02
ZWE,Zimbabwe,2013,population,14013808,UN Population Division / World Bank WDI,2026-09-02
ZWE,Zimbabwe,2012,population,13817887,UN Population Division / World Bank WDI,2026-09-02
ZWE,Zimbabwe,2011,population,13595424,UN Population Division / World Bank WDI,2026-09-02
ZWE,Zimbabwe,2010,population,13356548,UN Population Division / World Bank WDI,2026-09-02
ZWE,Zimbabwe,2009,population,13142790,UN Population Division / World Bank WDI,2026-09-02
ZWE,Zimbabwe,2008,population,12959149,UN Population Division / World Bank WDI,2026-09-02
ZWE,Zimbabwe,2007,population,12804058,UN Population Division / World Bank WDI,2026-09-02
ZWE,Zimbabwe,2006,population,12636445,UN Population Division / World Bank WDI,2026-09-02
ZWE,Zimbabwe,2005,population,12483432,UN Population Division / World Bank WDI,2026-09-02
ZWE,Zimbabwe,2004,population,12365896,UN Population Division / World Bank WDI,2026-09-02
ZWE,Zimbabwe,2003,population,12232323,UN Population Division / World Bank WDI,2026-09-02
ZWE,Zimbabwe,2002,population,12087653,UN Population Division / World Bank WDI,2026-09-02
ZWE,Zimbabwe,2001,population,11971901,UN Population Division / World Bank WDI,2026-09-02
ZWE,Zimbabwe,2000,population,11892055,UN Population Division / World Bank WDI,2026-09-02
