country_code,country_name,year,indicator_name,value,source,retrieved_date
AFG,Afghanistan,2023,sanitation_basic,53.0909369400519,WHO/UNICEF JMP (via World Bank API),2026-09-02
AFG,Afghanistan,2022,sanitation_basic,51.6914397704169,WHO/UNICEF JMP (via World Bank API),2026-09-02
AFG,Afghanistan,2021,sanitation_basic,50.2966403259731,WHO/UNICEF JMP (via World Bank API),2026-09-02
AFG,Afghanistan,2020,sanitation_basic,48.9056813120247,WHO/UNICEF JMP (via World Bank API),2026-09-02
AFG,Afghanistan,2019,sanitation_basic,47.5183902057843,WHO/UNICEF JMP (via World Bank API),2026-09-02
AFG,Afghanistan,2018,sanitation_basic,46.1335435081079,WHO/UNICEF JMP (via World Bank API),2026-09-02
AFG,Afghanistan,2017,sanitation_basic,44.7508111861658,WHO/UNICEF JMP (via World Bank API),2026-09-02
AFG,Afghanistan,2016,sanitation_basic,43.3698641937307,WHO/UNICEF JMP (via World Bank API),2026-09-02
AFG,Afghanistan,2015,sanitation_basic,41.9898186307368,WHO/UNICEF JMP (via World Bank API),2026-09-02
AFG,Afghanistan,2014,sanitation_basic,40.6081362553092,WHO/UNICEF JMP (via World Bank API),2026-09-02
AFG,Afghanistan,2013,sanitation_basic,39.2247837532389,WHO/UNICEF JMP (via World Bank API),2026-09-02
AFG,Afghanistan,2012,sanitation_basic,37.8393855148321,WHO/UNICEF JMP (via World Bank API),2026-09-02
AFG,Afghanistan,2011,sanitation_basic,36.4517450288191,WHO/UNICEF JMP (via World Bank API),2026-09-02
AFG,Afghanistan,2010,sanitation_basic,35.0616668763216,WHO/UNICEF JMP (via World Bank API),2026-09-02
AFG,Afghanistan,2009,sanitation_basic,33.6691080892303,WHO/UNICEF JMP (via World Bank API),2026-09-02
AFG,Afghanistan,2008,sanitation_basic,32.2737202067488,WHO/UNICEF JMP (via World Bank API),2026-09-02
AFG,Afghanistan,2007,sanitation_basic,30.8753174900848,WHO/UNICEF JMP (via World Bank API),2026-09-02
AFG,Afghanistan,2006,sanitation_basic,29.4737113537171,WHO/UNICEF JMP (via World Bank API),2026-09-02
AFG,Afghanistan,2005,sanitation_basic,28.0329173729232,WHO/UNICEF JMP (via World Bank API),2026-09-02
AFG,Afghanistan,2004,sanitation_basic,26.592743290922,WHO/UNICEF JMP (via World Bank API),2026-09-02
AFG,Afghanistan,2003,sanitation_basic,25.160116505547,WHO/UNICEF JMP (via World Bank API),2026-09-02
AFG,Afghanistan,2002,sanitation_basic,23.7347094449173,WHO/UNICEF JMP (via World Bank API),2026-09-02
AFG,Afghanistan,2001,sanitation_basic,22.3095245309963,WHO/UNICEF JMP (via World Bank API),2026-09-02
AFG,Afghanistan,2000,sanitation_basic,22.298273284655,WHO/UNICEF JMP (via World Bank API),2026-09-02
ALB,Albania,2023,sanitation_basic,99.2994944120586,WHO/UNICEF JMP (via World Bank API),2026-09-02
ALB,Albania,2022,sanitation_basic,99.2992678183537,WHO/UNICEF JMP (via World Bank API),2026-09-02
ALB,Albania,2021,sanitation_basic,99.2990351357274,WHO/UNICEF JMP (via World Bank API),2026-09-02
ALB,Albania,2020,sanitation_basic,99.298792439378,WHO/UNICEF JMP (via World Bank API),2026-09-02
ALB,Albania,2019,sanitation_basic,99.1830672601737,WHO/UNICEF JMP (via World Bank API),2026-09-02
ALB,Albania,2018,sanitation_basic,98.9736466158724,WHO/UNICEF JMP (via World Bank API),2026-09-02
ALB,Albania,2017,sanitation_basic,98.5472964296809,WHO/UNICEF JMP (via World Bank API),2026-09-02
ALB,Albania,2016,sanitation_basic,98.1079014758832,WHO/UNICEF JMP (via World Bank API),2026-09-02
ALB,Albania,2015,sanitation_basic,97.6549680441734,WHO/UNICEF JMP (via World Bank API),2026-09-02
ALB,Albania,2014,sanitation_basic,97.1880171020454,WHO/UNICEF JMP (via World Bank API),2026-09-02
ALB,Albania,2013,sanitation_basic,96.7065607873958,WHO/UNICEF JMP (via World Bank API),2026-09-02
ALB,Albania,2012,sanitation_basic,96.210272006809,WHO/UNICEF JMP (via World Bank API),2026-09-02
ALB,Albania,2011,sanitation_basic,95.6984906230124,WHO/UNICEF JMP (via World Bank API),2026-09-02
ALB,Albania,2010,sanitation_basic,95.1721611108923,WHO/UNICEF JMP (via World Bank API),2026-09-02
ALB,Albania,2009,sanitation_basic,94.6311562732715,WHO/UNICEF JMP (via World Bank API),2026-09-02
ALB,Albania,2008,sanitation_basic,94.075815843771,WHO/UNICEF JMP (via World Bank API),2026-09-02
ALB,Albania,2007,sanitation_basic,93.5057448871061,WHO/UNICEF JMP (via World Bank API),2026-09-02
ALB,Albania,2006,sanitation_basic,92.9214090363528,WHO/UNICEF JMP (via World Bank API),2026-09-02
ALB,Albania,2005,sanitation_basic,92.32297892735,WHO/UNICEF JMP (via World Bank API),2026-09-02
ALB,Albania,2004,sanitation_basic,91.710652089826,WHO/UNICEF JMP (via World Bank API),2026-09-02
ALB,Albania,2003,sanitation_basic,91.1654528669664,WHO/UNICEF JMP (via World Bank API),2026-09-02
ALB,Albania,2002,sanitation_basic,90.6055152426868,WHO/UNICEF JMP (via World Bank API),2026-09-02
ALB,Albania,2001,sanitation_basic,90.0309557632919,WHO/UNICEF JMP (via World Bank API),2026-09-02
ALB,Albania,2000,sanitation_basic,89.4886699063414,WHO/UNICEF JMP (via World Bank API),2026-09-02
DZA,Algeria,2023,sanitation_basic,85.8670433970582,WHO/UNICEF JMP (via World Bank API),2026-09-02
DZA,Algeria,2022,sanitation_basic,85.8262858406741,WHO/UNICEF JMP (via World Bank API),2026-09-02
DZA,Algeria,2021,sanitation_basic,85.7843029485606,WHO/UNICEF JMP (via World Bank API),2026-09-02
DZA,Algeria,2020,sanitation_basic,85.9654731245039,WHO/UNICEF JMP (via World Bank API),2026-09-02
DZA,Algeria,2019,sanitation_basic,86.1385037232471,WHO/UNICEF JMP (via World Bank API),2026-09-02
DZA,Algeria,2018,sanitation_basic,86.3030907782839,WHO/UNICEF JMP (via World Bank API),2026-09-02
DZA,Algeria,2017,sanitation_basic,86.4588236326811,WHO/UNICEF JMP (via World Bank API),2026-09-02
DZA,Algeria,2016,sanitation_basic,86.6054840366106,WHO/UNICEF JMP (via World Bank API),2026-09-02
DZA,Algeria,2015,sanitation_basic,86.7425206516531,WHO/UNICEF JMP (via World Bank API),2026-09-02
DZA,Algeria,2014,sanitation_basic,86.8698473645812,WHO/UNICEF JMP (via World Bank API),2026-09-02
DZA,Algeria,2013,sanitation_basic,86.9868785430175,WHO/UNICEF JMP (via World Bank API),2026-09-02
DZA,Algeria,2012,sanitation_basic,87.0935387595053,WHO/UNICEF JMP (via World Bank API),2026-09-02
DZA,Algeria,2011,sanitation_basic,87.1892375603954,WHO/UNICEF JMP (via World Bank API),2026-09-02
DZA,Algeria,2010,sanitation_basic,86.9781345697396,WHO/UNICEF JMP (via World Bank API),2026-09-02
DZA,Algeria,2009,sanitation_basic,86.7594833299859,WHO/UNICEF JMP (via World Bank API),2026-09-02
DZA,Algeria,2008,sanitation_basic,86.5335634120034,WHO/UNICEF JMP (via World Bank API),2026-09-02
DZA,Algeria,2007,sanitation_basic,86.2994372254318,WHO/UNICEF JMP (via World Bank API),2026-09-02
DZA,Algeria,2006,sanitation_basic,86.0591336531477,WHO/UNICEF JMP (via World Bank API),2026-09-02
DZA,Algeria,2005,sanitation_basic,85.8122570569518,WHO/UNICEF JMP (via World Bank API),2026-09-02
DZA,Algeria,2004,sanitation_basic,85.5590698525635,WHO/UNICEF JMP (via World Bank API),2026-09-02
DZA,Algeria,2003,sanitation_basic,85.2991661888618,WHO/UNICEF JMP (via World Bank API),2026-09-02
DZA,Algeria,2002,sanitation_basic,85.0328039749713,WHO/UNICEF JMP (via World Bank API),2026-09-02
DZA,Algeria,2001,sanitation_basic,84.7599258051821,WHO/UNICEF JMP (via World Bank API),2026-09-02
DZA,Algeria,2000,sanitation_basic,84.480825904855,WHO/UNICEF JMP (via World Bank API),2026-09-02
ASM,American Samoa,2023,sanitation_basic,62.119697982607,WHO/UNICEF JMP (via World Bank API),2026-09-02
ASM,American Samoa,2022,sanitation_basic,62.119697982607,WHO/UNICEF JMP (via World Bank API),2026-09-02
ASM,American Samoa,2021,sanitation_basic,62.1275988186987,WHO/UNICEF JMP (via World Bank API),2026-09-02
ASM,American Samoa,2020,sanitation_basic,62.1354996547904,WHO/UNICEF JMP (via World Bank API),2026-09-02
ASM,American Samoa,2019,sanitation_basic,62.1434004908821,WHO/UNICEF JMP (via World Bank API),2026-09-02
ASM,American Samoa,2018,sanitation_basic,62.1513013269738,WHO/UNICEF JMP (via World Bank API),2026-09-02
ASM,American Samoa,2017,sanitation_basic,62.1592021630655,WHO/UNICEF JMP (via World Bank API),2026-09-02
ASM,American Samoa,2016,sanitation_basic,62.1671029991572,WHO/UNICEF JMP (via World Bank API),2026-09-02
ASM,American Samoa,2015,sanitation_basic,62.1750038352489,WHO/UNICEF JMP (via World Bank API),2026-09-02
ASM,American Samoa,2014,sanitation_basic,62.1829046713407,WHO/UNICEF JMP (via World Bank API),2026-09-02
ASM,American Samoa,2013,sanitation_basic,62.1908055074324,WHO/UNICEF JMP (via World Bank API),2026-09-02
ASM,American Samoa,2012,sanitation_basic,62.1987063435241,WHO/UNICEF JMP (via World Bank API),2026-09-02
ASM,American Samoa,2011,sanitation_basic,62.2066071796158,WHO/UNICEF JMP (via World Bank API),2026-09-02
ASM,American Samoa,2010,sanitation_basic,62.2145080157075,WHO/UNICEF JMP (via World Bank API),2026-09-02
ASM,American Samoa,2009,sanitation_basic,62.2224088517992,WHO/UNICEF JMP (via World Bank API),2026-09-02
ASM,American Samoa,2008,sanitation_basic,62.2303096878909,WHO/UNICEF JMP (via World Bank API),2026-09-02
ASM,American Samoa,2007,sanitation_basic,62.2382105239826,WHO/UNICEF JMP (via World Bank API),2026-09-02
ASM,American Samoa,2006,sanitation_basic,62.2461113600743,WHO/UNICEF JMP (via World Bank API),2026-09-02
ASM,American Samoa,2005,sanitation_basic,62.254012196166,WHO/UNICEF JMP (via World Bank API),2026-09-02
ASM,American Samoa,2004,sanitation_basic,62.2619130322578,WHO/UNICEF JMP (via World Bank API),2026-09-02
ASM,American Samoa,2003,sanitation_basic,62.2698138683495,WHO/UNICEF JMP (via World Bank API),2026-09-02
ASM,American Samoa,2002,sanitation_basic,62.2777147044412,WHO/UNICEF JMP (via World Bank API),2026-09-02
ASM,American Samoa,2001,sanitation_basic,62.2856155405329,WHO/UNICEF JMP (via World Bank API),2026-09-02
ASM,American Samoa,2000,sanitation_basic,62.2935163766246,WHO/UNICEF JMP (via World Bank API),2026-09-02
AND,Andorra,2023,sanitation_basic,100.0,WHO/UNICEF JMP (via World Bank API),2026-09-02
AND,Andorra,2022,sanitation_basic,99.9999963147646,WHO/UNICEF JMP (via World Bank API),2026-09-02
AND,Andorra,2021,sanitation_basic,100.0,WHO/UNICEF JMP (via World Bank API),2026-09-02
AND,Andorra,2020,sanitation_basic,99.9999952180714,WHO/UNICEF JMP (via World Bank API),2026-09-02
AND,Andorra,2019,sanitation_basic,100.0,WHO/UNICEF JMP (via World Bank API),2026-09-02
AND,Andorra,2018,sanitation_basic,100.0,WHO/UNICEF JMP (via World Bank API),2026-09-02
AND,Andorra,2017,sanitation_basic,100.0,WHO/UNICEF JMP (via World Bank API),2026-09-02
AND,Andorra,2016,sanitation_basic,100.0,WHO/UNICEF JMP (via World Bank API),2026-09-02
AND,Andorra,2015,sanitation_basic,100.0,WHO/UNICEF JMP (via World Bank API),2026-09-02
AND,Andorra,2014,sanitation_basic,100.0,WHO/UNICEF JMP (via World Bank API),2026-09-02
AND,Andorra,2013,sanitation_basic,100.0,WHO/UNICEF JMP (via World Bank API),2026-09-02
AND,Andorra,2012,sanitation_basic,99.9999982821599,WHO/UNICEF JMP (via World Bank API),2026-09-02
AND,Andorra,2011,sanitation_basic,100.0,WHO/UNICEF JMP (via World Bank API),2026-09-02
AND,Andorra,2010,sanitation_basic,99.9999980431632,WHO/UNICEF JMP (via World Bank API),2026-09-02
AND,Andorra,2009,sanitation_basic,99.9999971715362,WHO/UNICEF JMP (via World Bank API),2026-09-02
AND,Andorra,2008,sanitation_basic,100.0,WHO/UNICEF JMP (via World Bank API),2026-09-02
AND,Andorra,2007,sanitation_basic,100.0,WHO/UNICEF JMP (via World Bank API),2026-09-02
AND,Andorra,2006,sanitation_basic,100.0,WHO/UNICEF JMP (via World Bank API),2026-09-02
AND,Andorra,2005,sanitation_basic,100.0,WHO/UNICEF JMP (via World Bank API),2026-09-02
AND,Andorra,2004,sanitation_basic,99.999995252479,WHO/UNICEF JMP (via World Bank API),2026-09-02
AND,Andorra,2003,sanitation_basic,100.0,WHO/UNICEF JMP (via World Bank API),2026-09-02
AND,Andorra,2002,sanitation_basic,100.0,WHO/UNICEF JMP (via World Bank API),2026-09-02
AND,Andorra,2001,sanitation_basic,99.9999981868428,WHO/UNICEF JMP (via World Bank API),2026-09-02
AND,Andorra,2000,sanitation_basic,99.9999977350507,WHO/UNICEF JMP (via World Bank API),2026-09-02
AGO,Angola,2022,sanitation_basic,50.2951359158799,WHO/UNICEF JMP (via World Bank API),2026-09-02
AGO,Angola,2021,sanitation_basic,50.0511353702384,WHO/UNICEF JMP (via World Bank API),2026-09-02
AGO,Angola,2020,sanitation_basic,49.8016376564917,WHO/UNICEF JMP (via World Bank API),2026-09-02
AGO,Angola,2019,sanitation_basic,49.5470237290202,WHO/UNICEF JMP (via World Bank API),2026-09-02
AGO,Angola,2018,sanitation_basic,49.2865229934191,WHO/UNICEF JMP (via World Bank API),2026-09-02
AGO,Angola,2017,sanitation_basic,48.4237656848917,WHO/UNICEF JMP (via World Bank API),2026-09-02
AGO,Angola,2016,sanitation_basic,47.555908833618,WHO/UNICEF JMP (via World Bank API),2026-09-02
AGO,Angola,2015,sanitation_basic,46.6837650963553,WHO/UNICEF JMP (via World Bank API),2026-09-02
AGO,Angola,2014,sanitation_basic,45.8077399649675,WHO/UNICEF JMP (via World Bank API),2026-09-02
AGO,Angola,2013,sanitation_basic,44.9270819739207,WHO/UNICEF JMP (via World Bank API),2026-09-02
AGO,Angola,2012,sanitation_basic,44.0453181222275,WHO/UNICEF JMP (via World Bank API),2026-09-02
AGO,Angola,2011,sanitation_basic,43.1620627220945,WHO/UNICEF JMP (via World Bank API),2026-09-02
AGO,Angola,2010,sanitation_basic,42.2777189153195,WHO/UNICEF JMP (via World Bank API),2026-09-02
AGO,Angola,2009,sanitation_basic,41.3926874563562,WHO/UNICEF JMP (via World Bank API),2026-09-02
AGO,Angola,2008,sanitation_basic,40.5073529931406,WHO/UNICEF JMP (via World Bank API),2026-09-02
AGO,Angola,2007,sanitation_basic,39.6205689404056,WHO/UNICEF JMP (via World Bank API),2026-09-02
AGO,Angola,2006,sanitation_basic,38.7338819151989,WHO/UNICEF JMP (via World Bank API),2026-09-02
AGO,Angola,2005,sanitation_basic,37.8465318357126,WHO/UNICEF JMP (via World Bank API),2026-09-02
AGO,Angola,2004,sanitation_basic,36.8026608112345,WHO/UNICEF JMP (via World Bank API),2026-09-02
AGO,Angola,2003,sanitation_basic,35.7566857674784,WHO/UNICEF JMP (via World Bank API),2026-09-02
AGO,Angola,2002,sanitation_basic,34.7112995930867,WHO/UNICEF JMP (via World Bank API),2026-09-02
AGO,Angola,2001,sanitation_basic,34.2558546036306,WHO/UNICEF JMP (via World Bank API),2026-09-02
AGO,Angola,2000,sanitation_basic,33.8004076625916,WHO/UNICEF JMP (via World Bank API),2026-09-02
ATG,Antigua and Barbuda,2023,sanitation_basic,99.6058209466968,WHO/UNICEF JMP (via World Bank API),2026-09-02
ATG,Antigua and Barbuda,2022,sanitation_basic,99.605594345624,WHO/UNICEF JMP (via World Bank API),2026-09-02
ATG,Antigua and Barbuda,2021,sanitation_basic,99.6050402706189,WHO/UNICEF JMP (via World Bank API),2026-09-02
ATG,Antigua and Barbuda,2020,sanitation_basic,99.6041813873018,WHO/UNICEF JMP (via World Bank API),2026-09-02
ATG,Antigua and Barbuda,2019,sanitation_basic,99.0899721182438,WHO/UNICEF JMP (via World Bank API),2026-09-02
ATG,Antigua and Barbuda,2018,sanitation_basic,98.5136876135771,WHO/UNICEF JMP (via World Bank API),2026-09-02
ATG,Antigua and Barbuda,2017,sanitation_basic,97.7638078582703,WHO/UNICEF JMP (via World Bank API),2026-09-02
ATG,Antigua and Barbuda,2016,sanitation_basic,97.0132411183707,WHO/UNICEF JMP (via World Bank API),2026-09-02
ATG,Antigua and Barbuda,2015,sanitation_basic,96.2618760462753,WHO/UNICEF JMP (via World Bank API),2026-09-02
ATG,Antigua and Barbuda,2014,sanitation_basic,95.5096665851238,WHO/UNICEF JMP (via World Bank API),2026-09-02
ATG,Antigua and Barbuda,2013,sanitation_basic,94.7571352497532,WHO/UNICEF JMP (via World Bank API),2026-09-02
ATG,Antigua and Barbuda,2012,sanitation_basic,94.0042537403254,WHO/UNICEF JMP (via World Bank API),2026-09-02
ATG,Antigua and Barbuda,2011,sanitation_basic,93.2510130109521,WHO/UNICEF JMP (via World Bank API),2026-09-02
ATG,Antigua and Barbuda,2010,sanitation_basic,92.4864478668601,WHO/UNICEF JMP (via World Bank API),2026-09-02
ATG,Antigua and Barbuda,2009,sanitation_basic,91.7194750028069,WHO/UNICEF JMP (via World Bank API),2026-09-02
ATG,Antigua and Barbuda,2008,sanitation_basic,90.9512112125374,WHO/UNICEF JMP (via World Bank API),2026-09-02
ATG,Antigua and Barbuda,2007,sanitation_basic,90.181534098799,WHO/UNICEF JMP (via World Bank API),2026-09-02
ATG,Antigua and Barbuda,2006,sanitation_basic,89.410528383537,WHO/UNICEF JMP (via World Bank API),2026-09-02
ATG,Antigua and Barbuda,2005,sanitation_basic,88.6381274061459,WHO/UNICEF JMP (via World Bank API),2026-09-02
ATG,Antigua and Barbuda,2004,sanitation_basic,87.8643554393161,WHO/UNICEF JMP (via World Bank API),2026-09-02
ATG,Antigua and Barbuda,2003,sanitation_basic,87.0891468581108,WHO/UNICEF JMP (via World Bank API),2026-09-02
ATG,Antigua and Barbuda,2002,sanitation_basic,86.312524859028,WHO/UNICEF JMP (via World Bank API),2026-09-02
ATG,Antigua and Barbuda,2001,sanitation_basic,85.5344312360032,WHO/UNICEF JMP (via World Bank API),2026-09-02
ATG,Antigua and Barbuda,2000,sanitation_basic,84.7653410086149,WHO/UNICEF JMP (via World Bank API),2026-09-02
ARG,Argentina,2016,sanitation_basic,94.8209557204549,WHO/UNICEF JMP (via World Bank API),2026-09-02
ARG,Argentina,2015,sanitation_basic,94.4204076284931,WHO/UNICEF JMP (via World Bank API),2026-09-02
ARG,Argentina,2014,sanitation_basic,94.0211240402659,WHO/UNICEF JMP (via World Bank API),2026-09-02
ARG,Argentina,2013,sanitation_basic,93.623132025003,WHO/UNICEF JMP (via World Bank API),2026-09-02
ARG,Argentina,2012,sanitation_basic,93.2268060456617,WHO/UNICEF JMP (via World Bank API),2026-09-02
ARG,Argentina,2011,sanitation_basic,92.7707485221134,WHO/UNICEF JMP (via World Bank API),2026-09-02
ARG,Argentina,2010,sanitation_basic,92.3128332477506,WHO/UNICEF JMP (via World Bank API),2026-09-02
ARG,Argentina,2009,sanitation_basic,91.8516400553942,WHO/UNICEF JMP (via World Bank API),2026-09-02
ARG,Argentina,2008,sanitation_basic,91.3897117135692,WHO/UNICEF JMP (via World Bank API),2026-09-02
ARG,Argentina,2007,sanitation_basic,90.9270368517711,WHO/UNICEF JMP (via World Bank API),2026-09-02
ARG,Argentina,2006,sanitation_basic,90.4637841739601,WHO/UNICEF JMP (via World Bank API),2026-09-02
ARG,Argentina,2005,sanitation_basic,89.9997295570375,WHO/UNICEF JMP (via World Bank API),2026-09-02
ARG,Argentina,2004,sanitation_basic,89.5350610098707,WHO/UNICEF JMP (via World Bank API),2026-09-02
ARG,Argentina,2003,sanitation_basic,89.0695612672158,WHO/UNICEF JMP (via World Bank API),2026-09-02
ARG,Argentina,2002,sanitation_basic,88.6033982942423,WHO/UNICEF JMP (via World Bank API),2026-09-02
ARG,Argentina,2001,sanitation_basic,88.1359380067969,WHO/UNICEF JMP (via World Bank API),2026-09-02
ARG,Argentina,2000,sanitation_basic,87.6669268418186,WHO/UNICEF JMP (via World Bank API),2026-09-02
ARM,Armenia,2023,sanitation_basic,93.5674537130871,WHO/UNICEF JMP (via World Bank API),2026-09-02
ARM,Armenia,2022,sanitation_basic,93.3068358390677,WHO/UNICEF JMP (via World Bank API),2026-09-02
ARM,Armenia,2021,sanitation_basic,93.0320229848765,WHO/UNICEF JMP (via World Bank API),2026-09-02
ARM,Armenia,2020,sanitation_basic,92.7619845664061,WHO/UNICEF JMP (via World Bank API),2026-09-02
ARM,Armenia,2019,sanitation_basic,92.4966218956113,WHO/UNICEF JMP (via World Bank API),2026-09-02
ARM,Armenia,2018,sanitation_basic,92.2358515104765,WHO/UNICEF JMP (via World Bank API),2026-09-02
ARM,Armenia,2017,sanitation_basic,91.9795911262643,WHO/UNICEF JMP (via World Bank API),2026-09-02
ARM,Armenia,2016,sanitation_basic,91.7279143880493,WHO/UNICEF JMP (via World Bank API),2026-09-02
ARM,Armenia,2015,sanitation_basic,91.480572190435,WHO/UNICEF JMP (via World Bank API),2026-09-02
ARM,Armenia,2014,sanitation_basic,91.2374729178599,WHO/UNICEF JMP (via World Bank API),2026-09-02
ARM,Armenia,2013,sanitation_basic,90.9987016315075,WHO/UNICEF JMP (via World Bank API),2026-09-02
ARM,Armenia,2012,sanitation_basic,90.7640014188273,WHO/UNICEF JMP (via World Bank API),2026-09-02
ARM,Armenia,2011,sanitation_basic,90.5332906665256,WHO/UNICEF JMP (via World Bank API),2026-09-02
ARM,Armenia,2010,sanitation_basic,90.3025970300034,WHO/UNICEF JMP (via World Bank API),2026-09-02
ARM,Armenia,2009,sanitation_basic,90.0719230280142,WHO/UNICEF JMP (via World Bank API),2026-09-02
ARM,Armenia,2008,sanitation_basic,89.8412620835162,WHO/UNICEF JMP (via World Bank API),2026-09-02
ARM,Armenia,2007,sanitation_basic,89.6104696374139,WHO/UNICEF JMP (via World Bank API),2026-09-02
ARM,Armenia,2006,sanitation_basic,89.3798500479523,WHO/UNICEF JMP (via World Bank API),2026-09-02
ARM,Armenia,2005,sanitation_basic,89.1491045548132,WHO/UNICEF JMP (via World Bank API),2026-09-02
ARM,Armenia,2004,sanitation_basic,88.9185327648482,WHO/UNICEF JMP (via World Bank API),2026-09-02
ARM,Armenia,2003,sanitation_basic,88.6878398317561,WHO/UNICEF JMP (via World Bank API),2026-09-02
ARM,Armenia,2002,sanitation_basic,88.4571722319779,WHO/UNICEF JMP (via World Bank API),2026-09-02
ARM,Armenia,2001,sanitation_basic,88.2341286586243,WHO/UNICEF JMP (via World Bank API),2026-09-02
ARM,Armenia,2000,sanitation_basic,88.0309026952269,WHO/UNICEF JMP (via World Bank API),2026-09-02
ABW,Aruba,2023,sanitation_basic,98.8400017151311,WHO/UNICEF JMP (via World Bank API),2026-09-02
ABW,Aruba,2022,sanitation_basic,98.8400017151311,WHO/UNICEF JMP (via World Bank API),2026-09-02
ABW,Aruba,2021,sanitation_basic,98.8005972638482,WHO/UNICEF JMP (via World Bank API),2026-09-02
ABW,Aruba,2020,sanitation_basic,98.7611928125653,WHO/UNICEF JMP (via World Bank API),2026-09-02
ABW,Aruba,2019,sanitation_basic,98.7217883612824,WHO/UNICEF JMP (via World Bank API),2026-09-02
ABW,Aruba,2018,sanitation_basic,98.6823839099995,WHO/UNICEF JMP (via World Bank API),2026-09-02
ABW,Aruba,2017,sanitation_basic,98.6429794587166,WHO/UNICEF JMP (via World Bank API),2026-09-02
ABW,Aruba,2016,sanitation_basic,98.6035750074337,WHO/UNICEF JMP (via World Bank API),2026-09-02
ABW,Aruba,2015,sanitation_basic,98.5641705561508,WHO/UNICEF JMP (via World Bank API),2026-09-02
ABW,Aruba,2014,sanitation_basic,98.5247661048679,WHO/UNICEF JMP (via World Bank API),2026-09-02
ABW,Aruba,2013,sanitation_basic,98.4853616535849,WHO/UNICEF JMP (via World Bank API),2026-09-02
ABW,Aruba,2012,sanitation_basic,98.445957202302,WHO/UNICEF JMP (via World Bank API),2026-09-02
ABW,Aruba,2011,sanitation_basic,98.4065527510191,WHO/UNICEF JMP (via World Bank API),2026-09-02
ABW,Aruba,2010,sanitation_basic,98.3671482997362,WHO/UNICEF JMP (via World Bank API),2026-09-02
ABW,Aruba,2009,sanitation_basic,98.3277438484533,WHO/UNICEF JMP (via World Bank API),2026-09-02
ABW,Aruba,2008,sanitation_basic,98.2883393971704,WHO/UNICEF JMP (via World Bank API),2026-09-02
ABW,Aruba,2007,sanitation_basic,98.2489349458875,WHO/UNICEF JMP (via World Bank API),2026-09-02
ABW,Aruba,2006,sanitation_basic,98.2095304946046,WHO/UNICEF JMP (via World Bank API),2026-09-02
ABW,Aruba,2005,sanitation_basic,98.1701260433217,WHO/UNICEF JMP (via World Bank API),2026-09-02
ABW,Aruba,2004,sanitation_basic,98.1307215920388,WHO/UNICEF JMP (via World Bank API),2026-09-02
ABW,Aruba,2003,sanitation_basic,98.0913171407559,WHO/UNICEF JMP (via World Bank API),2026-09-02
ABW,Aruba,2002,sanitation_basic,98.051912689473,WHO/UNICEF JMP (via World Bank API),2026-09-02
ABW,Aruba,2001,sanitation_basic,98.0125082381901,WHO/UNICEF JMP (via World Bank API),2026-09-02
ABW,Aruba,2000,sanitation_basic,97.9731037869072,WHO/UNICEF JMP (via World Bank API),2026-09-02
AUS,Australia,2023,sanitation_basic,100.0,WHO/UNICEF JMP (via World Bank API),2026-09-02
AUS,Australia,2022,sanitation_basic,100.0,WHO/UNICEF JMP (via World Bank API),2026-09-02
AUS,Australia,2021,sanitation_basic,100.0,WHO/UNICEF JMP (via World Bank API),2026-09-02
AUS,Australia,2020,sanitation_basic,100.0,WHO/UNICEF JMP (via World Bank API),2026-09-02
AUS,Australia,2019,sanitation_basic,99.9998294271244,WHO/UNICEF JMP (via World Bank API),2026-09-02
AUS,Australia,2018,sanitation_basic,99.9993731869528,WHO/UNICEF JMP (via World Bank API),2026-09-02
AUS,Australia,2017,sanitation_basic,99.9989169467813,WHO/UNICEF JMP (via World Bank API),2026-09-02
AUS,Australia,2016,sanitation_basic,99.9984607066097,WHO/UNICEF JMP (via World Bank API),2026-09-02
AUS,Australia,2015,sanitation_basic,99.9980044664382,WHO/UNICEF JMP (via World Bank API),2026-09-02
AUS,Australia,2014,sanitation_basic,99.9975482262667,WHO/UNICEF JMP (via World Bank API),2026-09-02
AUS,Australia,2013,sanitation_basic,99.9970919860951,WHO/UNICEF JMP (via World Bank API),2026-09-02
AUS,Australia,2012,sanitation_basic,99.9966357459236,WHO/UNICEF JMP (via World Bank API),2026-09-02
AUS,Australia,2011,sanitation_basic,99.996179505752,WHO/UNICEF JMP (via World Bank API),2026-09-02
AUS,Australia,2010,sanitation_basic,99.9957232655805,WHO/UNICEF JMP (via World Bank API),2026-09-02
AUS,Australia,2009,sanitation_basic,99.9952670254089,WHO/UNICEF JMP (via World Bank API),2026-09-02
AUS,Australia,2008,sanitation_basic,99.9948107852374,WHO/UNICEF JMP (via World Bank API),2026-09-02
AUS,Australia,2007,sanitation_basic,99.9943545450659,WHO/UNICEF JMP (via World Bank API),2026-09-02
AUS,Australia,2006,sanitation_basic,99.9938983048943,WHO/UNICEF JMP (via World Bank API),2026-09-02
AUS,Australia,2005,sanitation_basic,99.9934420647228,WHO/UNICEF JMP (via World Bank API),2026-09-02
AUS,Australia,2004,sanitation_basic,99.9929858245512,WHO/UNICEF JMP (via World Bank API),2026-09-02
AUS,Australia,2003,sanitation_basic,99.9925295843797,WHO/UNICEF JMP (via World Bank API),2026-09-02
AUS,Australia,2002,sanitation_basic,99.9920733442082,WHO/UNICEF JMP (via World Bank API),2026-09-02
AUS,Australia,2001,sanitation_basic,99.9916171040366,WHO/UNICEF JMP (via World Bank API),2026-09-02
AUS,Australia,2000,sanitation_basic,99.9911608638651,WHO/UNICEF JMP (via World Bank API),2026-09-02
AUT,Austria,2023,sanitation_basic,99.9722421586423,WHO/UNICEF JMP (via World Bank API),2026-09-02
AUT,Austria,2022,sanitation_basic,99.9723650796655,WHO/UNICEF JMP (via World Bank API),2026-09-02
AUT,Austria,2021,sanitation_basic,99.9724908948366,WHO/UNICEF JMP (via World Bank API),2026-09-02
AUT,Austria,2020,sanitation_basic,99.9726022326155,WHO/UNICEF JMP (via World Bank API),2026-09-02
AUT,Austria,2019,sanitation_basic,99.9727130295408,WHO/UNICEF JMP (via World Bank API),2026-09-02
AUT,Austria,2018,sanitation_basic,99.9728166060806,WHO/UNICEF JMP (via World Bank API),2026-09-02
AUT,Austria,2017,sanitation_basic,99.9729077052186,WHO/UNICEF JMP (via World Bank API),2026-09-02
AUT,Austria,2016,sanitation_basic,99.9748167576783,WHO/UNICEF JMP (via World Bank API),2026-09-02
AUT,Austria,2015,sanitation_basic,99.9767095192409,WHO/UNICEF JMP (via World Bank API),2026-09-02
AUT,Austria,2014,sanitation_basic,99.9785877606259,WHO/UNICEF JMP (via World Bank API),2026-09-02
AUT,Austria,2013,sanitation_basic,99.9804519832307,WHO/UNICEF JMP (via World Bank API),2026-09-02
AUT,Austria,2012,sanitation_basic,99.982312100595,WHO/UNICEF JMP (via World Bank API),2026-09-02
AUT,Austria,2011,sanitation_basic,99.9841152637766,WHO/UNICEF JMP (via World Bank API),2026-09-02
AUT,Austria,2010,sanitation_basic,99.9858335152594,WHO/UNICEF JMP (via World Bank API),2026-09-02
AUT,Austria,2009,sanitation_basic,99.9875707536701,WHO/UNICEF JMP (via World Bank API),2026-09-02
AUT,Austria,2008,sanitation_basic,99.9893276003394,WHO/UNICEF JMP (via World Bank API),2026-09-02
AUT,Austria,2007,sanitation_basic,99.9911017476995,WHO/UNICEF JMP (via World Bank API),2026-09-02
AUT,Austria,2006,sanitation_basic,99.9928944921009,WHO/UNICEF JMP (via World Bank API),2026-09-02
AUT,Austria,2005,sanitation_basic,99.9947064734973,WHO/UNICEF JMP (via World Bank API),2026-09-02
AUT,Austria,2004,sanitation_basic,99.996535576376,WHO/UNICEF JMP (via World Bank API),2026-09-02
AUT,Austria,2003,sanitation_basic,99.9983790003902,WHO/UNICEF JMP (via World Bank API),2026-09-02
AUT,Austria,2002,sanitation_basic,100.0,WHO/UNICEF JMP (via World Bank API),2026-09-02
AUT,Austria,2001,sanitation_basic,99.9999909725854,WHO/UNICEF JMP (via World Bank API),2026-09-02
AUT,Austria,2000,sanitation_basic,99.9999792345879,WHO/UNICEF JMP (via World Bank API),2026-09-02
AZE,Azerbaijan,2023,sanitation_basic,97.9482163589564,WHO/UNICEF JMP (via World Bank API),2026-09-02
AZE,Azerbaijan,2022,sanitation_basic,96.9106527966691,WHO/UNICEF JMP (via World Bank API),2026-09-02
AZE,Azerbaijan,2021,sanitation_basic,95.8663117734363,WHO/UNICEF JMP (via World Bank API),2026-09-02
AZE,Azerbaijan,2020,sanitation_basic,94.4852164889199,WHO/UNICEF JMP (via World Bank API),2026-09-02
AZE,Azerbaijan,2019,sanitation_basic,93.0865984611418,WHO/UNICEF JMP (via World Bank API),2026-09-02
AZE,Azerbaijan,2018,sanitation_basic,91.6909287439115,WHO/UNICEF JMP (via World Bank API),2026-09-02
AZE,Azerbaijan,2017,sanitation_basic,90.2983404004094,WHO/UNICEF JMP (via World Bank API),2026-09-02
AZE,Azerbaijan,2016,sanitation_basic,88.9091129023182,WHO/UNICEF JMP (via World Bank API),2026-09-02
AZE,Azerbaijan,2015,sanitation_basic,87.5234598194959,WHO/UNICEF JMP (via World Bank API),2026-09-02
AZE,Azerbaijan,2014,sanitation_basic,86.1415854877427,WHO/UNICEF JMP (via World Bank API),2026-09-02
AZE,Azerbaijan,2013,sanitation_basic,84.7637227824749,WHO/UNICEF JMP (via World Bank API),2026-09-02
AZE,Azerbaijan,2012,sanitation_basic,83.3900771954371,WHO/UNICEF JMP (via World Bank API),2026-09-02
AZE,Azerbaijan,2011,sanitation_basic,82.0209823776921,WHO/UNICEF JMP (via World Bank API),2026-09-02
AZE,Azerbaijan,2010,sanitation_basic,80.6565618814243,WHO/UNICEF JMP (via World Bank API),2026-09-02
AZE,Azerbaijan,2009,sanitation_basic,79.2970479678594,WHO/UNICEF JMP (via World Bank API),2026-09-02
AZE,Azerbaijan,2008,sanitation_basic,77.9427910031062,WHO/UNICEF JMP (via World Bank API),2026-09-02
AZE,Azerbaijan,2007,sanitation_basic,76.5920244999871,WHO/UNICEF JMP (via World Bank API),2026-09-02
AZE,Azerbaijan,2006,sanitation_basic,75.2446071207106,WHO/UNICEF JMP (via World Bank API),2026-09-02
AZE,Azerbaijan,2005,sanitation_basic,73.9007809135916,WHO/UNICEF JMP (via World Bank API),2026-09-02
AZE,Azerbaijan,2004,sanitation_basic,72.5604073968308,WHO/UNICEF JMP (via World Bank API),2026-09-02
AZE,Azerbaijan,2003,sanitation_basic,71.514349403103,WHO/UNICEF JMP (via World Bank API),2026-09-02
AZE,Azerbaijan,2002,sanitation_basic,70.4645166968746,WHO/UNICEF JMP (via World Bank API),2026-09-02
AZE,Azerbaijan,2001,sanitation_basic,69.4110838151646,WHO/UNICEF JMP (via World Bank API),2026-09-02
AZE,Azerbaijan,2000,sanitation_basic,68.3537161993918,WHO/UNICEF JMP (via World Bank API),2026-09-02
BHS,"Bahamas, The",2019,sanitation_basic,93.7100445402837,WHO/UNICEF JMP (via World Bank API),2026-09-02
BHS,"Bahamas, The",2018,sanitation_basic,93.7100445402837,WHO/UNICEF JMP (via World Bank API),2026-09-02
BHS,"Bahamas, The",2017,sanitation_basic,93.7100445402837,WHO/UNICEF JMP (via World Bank API),2026-09-02
BHS,"Bahamas, The",2016,sanitation_basic,93.7100445402837,WHO/UNICEF JMP (via World Bank API),2026-09-02
BHS,"Bahamas, The",2015,sanitation_basic,93.7100445402837,WHO/UNICEF JMP (via World Bank API),2026-09-02
BHS,"Bahamas, The",2014,sanitation_basic,93.436336503049,WHO/UNICEF JMP (via World Bank API),2026-09-02
BHS,"Bahamas, The",2013,sanitation_basic,93.1626284658143,WHO/UNICEF JMP (via World Bank API),2026-09-02
BHS,"Bahamas, The",2012,sanitation_basic,92.8889204285797,WHO/UNICEF JMP (via World Bank API),2026-09-02
BHS,"Bahamas, The",2011,sanitation_basic,92.9056792860598,WHO/UNICEF JMP (via World Bank API),2026-09-02
BHS,"Bahamas, The",2010,sanitation_basic,92.9207212954847,WHO/UNICEF JMP (via World Bank API),2026-09-02
BHS,"Bahamas, The",2009,sanitation_basic,92.9340464568545,WHO/UNICEF JMP (via World Bank API),2026-09-02
BHS,"Bahamas, The",2008,sanitation_basic,92.9456547701693,WHO/UNICEF JMP (via World Bank API),2026-09-02
BHS,"Bahamas, The",2007,sanitation_basic,92.9555462354289,WHO/UNICEF JMP (via World Bank API),2026-09-02
BHS,"Bahamas, The",2006,sanitation_basic,92.9637208526333,WHO/UNICEF JMP (via World Bank API),2026-09-02
BHS,"Bahamas, The",2005,sanitation_basic,92.9701786217826,WHO/UNICEF JMP (via World Bank API),2026-09-02
BHS,"Bahamas, The",2004,sanitation_basic,92.974919542877,WHO/UNICEF JMP (via World Bank API),2026-09-02
BHS,"Bahamas, The",2003,sanitation_basic,92.9779436159161,WHO/UNICEF JMP (via World Bank API),2026-09-02
BHS,"Bahamas, The",2002,sanitation_basic,92.9792508409001,WHO/UNICEF JMP (via World Bank API),2026-09-02
BHS,"Bahamas, The",2001,sanitation_basic,92.9788412178291,WHO/UNICEF JMP (via World Bank API),2026-09-02
BHS,"Bahamas, The",2000,sanitation_basic,92.9767147467029,WHO/UNICEF JMP (via World Bank API),2026-09-02
BHR,Bahrain,2023,sanitation_basic,100.0,WHO/UNICEF JMP (via World Bank API),2026-09-02
BHR,Bahrain,2022,sanitation_basic,100.0,WHO/UNICEF JMP (via World Bank API),2026-09-02
BHR,Bahrain,2021,sanitation_basic,100.0,WHO/UNICEF JMP (via World Bank API),2026-09-02
BHR,Bahrain,2020,sanitation_basic,100.0,WHO/UNICEF JMP (via World Bank API),2026-09-02
BHR,Bahrain,2019,sanitation_basic,100.0,WHO/UNICEF JMP (via World Bank API),2026-09-02
BHR,Bahrain,2018,sanitation_basic,100.0,WHO/UNICEF JMP (via World Bank API),2026-09-02
BHR,Bahrain,2017,sanitation_basic,100.0,WHO/UNICEF JMP (via World Bank API),2026-09-02
BHR,Bahrain,2016,sanitation_basic,100.0,WHO/UNICEF JMP (via World Bank API),2026-09-02
BHR,Bahrain,2015,sanitation_basic,99.9996815404533,WHO/UNICEF JMP (via World Bank API),2026-09-02
BHR,Bahrain,2014,sanitation_basic,99.9956620645531,WHO/UNICEF JMP (via World Bank API),2026-09-02
BHR,Bahrain,2013,sanitation_basic,99.9916425886528,WHO/UNICEF JMP (via World Bank API),2026-09-02
BHR,Bahrain,2012,sanitation_basic,99.9876231127526,WHO/UNICEF JMP (via World Bank API),2026-09-02
BHR,Bahrain,2011,sanitation_basic,99.9836036368523,WHO/UNICEF JMP (via World Bank API),2026-09-02
BHR,Bahrain,2010,sanitation_basic,99.9795841609521,WHO/UNICEF JMP (via World Bank API),2026-09-02
BHR,Bahrain,2009,sanitation_basic,99.9755646850518,WHO/UNICEF JMP (via World Bank API),2026-09-02
BHR,Bahrain,2008,sanitation_basic,99.9715452091516,WHO/UNICEF JMP (via World Bank API),2026-09-02
BHR,Bahrain,2007,sanitation_basic,99.9675257332513,WHO/UNICEF JMP (via World Bank API),2026-09-02
BHR,Bahrain,2006,sanitation_basic,99.9635062573511,WHO/UNICEF JMP (via World Bank API),2026-09-02
BHR,Bahrain,2005,sanitation_basic,99.9594867814508,WHO/UNICEF JMP (via World Bank API),2026-09-02
BHR,Bahrain,2004,sanitation_basic,99.9554673055506,WHO/UNICEF JMP (via World Bank API),2026-09-02
BHR,Bahrain,2003,sanitation_basic,99.9514478296503,WHO/UNICEF JMP (via World Bank API),2026-09-02
BHR,Bahrain,2002,sanitation_basic,99.9474283537501,WHO/UNICEF JMP (via World Bank API),2026-09-02
BHR,Bahrain,2001,sanitation_basic,99.9434088778498,WHO/UNICEF JMP (via World Bank API),2026-09-02
BHR,Bahrain,2000,sanitation_basic,99.9393894019496,WHO/UNICEF JMP (via World Bank API),2026-09-02
BGD,Bangladesh,2023,sanitation_basic,65.6304136319171,WHO/UNICEF JMP (via World Bank API),2026-09-02
BGD,Bangladesh,2022,sanitation_basic,63.6502711298232,WHO/UNICEF JMP (via World Bank API),2026-09-02
BGD,Bangladesh,2021,sanitation_basic,61.6770898454809,WHO/UNICEF JMP (via World Bank API),2026-09-02
BGD,Bangladesh,2020,sanitation_basic,59.7111659386902,WHO/UNICEF JMP (via World Bank API),2026-09-02
BGD,Bangladesh,2019,sanitation_basic,57.7528738554199,WHO/UNICEF JMP (via World Bank API),2026-09-02
BGD,Bangladesh,2018,sanitation_basic,55.8026895798661,WHO/UNICEF JMP (via World Bank API),2026-09-02
BGD,Bangladesh,2017,sanitation_basic,53.861024982081,WHO/UNICEF JMP (via World Bank API),2026-09-02
BGD,Bangladesh,2016,sanitation_basic,51.9283001377065,WHO/UNICEF JMP (via World Bank API),2026-09-02
BGD,Bangladesh,2015,sanitation_basic,50.0050245547683,WHO/UNICEF JMP (via World Bank API),2026-09-02
BGD,Bangladesh,2014,sanitation_basic,48.091854377096,WHO/UNICEF JMP (via World Bank API),2026-09-02
BGD,Bangladesh,2013,sanitation_basic,46.1890615570129,WHO/UNICEF JMP (via World Bank API),2026-09-02
BGD,Bangladesh,2012,sanitation_basic,44.2975869340688,WHO/UNICEF JMP (via World Bank API),2026-09-02
BGD,Bangladesh,2011,sanitation_basic,42.417588032588,WHO/UNICEF JMP (via World Bank API),2026-09-02
BGD,Bangladesh,2010,sanitation_basic,40.550092213975,WHO/UNICEF JMP (via World Bank API),2026-09-02
BGD,Bangladesh,2009,sanitation_basic,38.6964226448975,WHO/UNICEF JMP (via World Bank API),2026-09-02
BGD,Bangladesh,2008,sanitation_basic,36.8575848438424,WHO/UNICEF JMP (via World Bank API),2026-09-02
BGD,Bangladesh,2007,sanitation_basic,35.0339772895148,WHO/UNICEF JMP (via World Bank API),2026-09-02
BGD,Bangladesh,2006,sanitation_basic,33.2264398318266,WHO/UNICEF JMP (via World Bank API),2026-09-02
BGD,Bangladesh,2005,sanitation_basic,31.4358349503108,WHO/UNICEF JMP (via World Bank API),2026-09-02
BGD,Bangladesh,2004,sanitation_basic,29.6630423579707,WHO/UNICEF JMP (via World Bank API),2026-09-02
BGD,Bangladesh,2003,sanitation_basic,28.1772949701868,WHO/UNICEF JMP (via World Bank API),2026-09-02
BGD,Bangladesh,2002,sanitation_basic,26.6816894127761,WHO/UNICEF JMP (via World Bank API),2026-09-02
BGD,Bangladesh,2001,sanitation_basic,25.1767692981385,WHO/UNICEF JMP (via World Bank API),2026-09-02
BGD,Bangladesh,2000,sanitation_basic,23.694677075884,WHO/UNICEF JMP (via World Bank API),2026-09-02
BRB,Barbados,2023,sanitation_basic,98.0924623115578,WHO/UNICEF JMP (via World Bank API),2026-09-02
BRB,Barbados,2022,sanitation_basic,98.0924623115578,WHO/UNICEF JMP (via World Bank API),2026-09-02
BRB,Barbados,2021,sanitation_basic,97.3330327442074,WHO/UNICEF JMP (via World Bank API),2026-09-02
BRB,Barbados,2020,sanitation_basic,97.3312392700884,WHO/UNICEF JMP (via World Bank API),2026-09-02
BRB,Barbados,2019,sanitation_basic,97.0277191579059,WHO/UNICEF JMP (via World Bank API),2026-09-02
BRB,Barbados,2018,sanitation_basic,96.6389380178594,WHO/UNICEF JMP (via World Bank API),2026-09-02
BRB,Barbados,2017,sanitation_basic,96.2501568778129,WHO/UNICEF JMP (via World Bank API),2026-09-02
BRB,Barbados,2016,sanitation_basic,95.8613757377664,WHO/UNICEF JMP (via World Bank API),2026-09-02
BRB,Barbados,2015,sanitation_basic,95.4725945977198,WHO/UNICEF JMP (via World Bank API),2026-09-02
BRB,Barbados,2014,sanitation_basic,95.0838134576733,WHO/UNICEF JMP (via World Bank API),2026-09-02
BRB,Barbados,2013,sanitation_basic,94.6950323176268,WHO/UNICEF JMP (via World Bank API),2026-09-02
BRB,Barbados,2012,sanitation_basic,94.3062511775803,WHO/UNICEF JMP (via World Bank API),2026-09-02
BRB,Barbados,2011,sanitation_basic,93.9174700375338,WHO/UNICEF JMP (via World Bank API),2026-09-02
BRB,Barbados,2010,sanitation_basic,93.5286888974873,WHO/UNICEF JMP (via World Bank API),2026-09-02
BRB,Barbados,2009,sanitation_basic,93.1399077574408,WHO/UNICEF JMP (via World Bank API),2026-09-02
BRB,Barbados,2008,sanitation_basic,92.7511266173943,WHO/UNICEF JMP (via World Bank API),2026-09-02
BRB,Barbados,2007,sanitation_basic,92.3623454773478,WHO/UNICEF JMP (via World Bank API),2026-09-02
BRB,Barbados,2006,sanitation_basic,91.9735643373012,WHO/UNICEF JMP (via World Bank API),2026-09-02
BRB,Barbados,2005,sanitation_basic,91.5847831972547,WHO/UNICEF JMP (via World Bank API),2026-09-02
BRB,Barbados,2004,sanitation_basic,91.1960020572082,WHO/UNICEF JMP (via World Bank API),2026-09-02
BRB,Barbados,2003,sanitation_basic,90.8072209171617,WHO/UNICEF JMP (via World Bank API),2026-09-02
BRB,Barbados,2002,sanitation_basic,90.4184397771151,WHO/UNICEF JMP (via World Bank API),2026-09-02
BRB,Barbados,2001,sanitation_basic,90.0296586370686,WHO/UNICEF JMP (via World Bank API),2026-09-02
BRB,Barbados,2000,sanitation_basic,89.6408774970221,WHO/UNICEF JMP (via World Bank API),2026-09-02
BLR,Belarus,2023,sanitation_basic,99.7199437262096,WHO/UNICEF JMP (via World Bank API),2026-09-02
BLR,Belarus,2022,sanitation_basic,99.6897638568081,WHO/UNICEF JMP (via World Bank API),2026-09-02
BLR,Belarus,2021,sanitation_basic,99.6591219571066,WHO/UNICEF JMP (via World Bank API),2026-09-02
BLR,Belarus,2020,sanitation_basic,99.5940049296976,WHO/UNICEF JMP (via World Bank API),2026-09-02
BLR,Belarus,2019,sanitation_basic,99.4338632205589,WHO/UNICEF JMP (via World Bank API),2026-09-02
BLR,Belarus,2018,sanitation_basic,98.9391988814901,WHO/UNICEF JMP (via World Bank API),2026-09-02
BLR,Belarus,2017,sanitation_basic,98.4471393205969,WHO/UNICEF JMP (via World Bank API),2026-09-02
BLR,Belarus,2016,sanitation_basic,97.9567271053164,WHO/UNICEF JMP (via World Bank API),2026-09-02
BLR,Belarus,2015,sanitation_basic,97.4677528685491,WHO/UNICEF JMP (via World Bank API),2026-09-02
BLR,Belarus,2014,sanitation_basic,96.9807658359305,WHO/UNICEF JMP (via World Bank API),2026-09-02
BLR,Belarus,2013,sanitation_basic,96.4967422557482,WHO/UNICEF JMP (via World Bank API),2026-09-02
BLR,Belarus,2012,sanitation_basic,96.0160380409651,WHO/UNICEF JMP (via World Bank API),2026-09-02
BLR,Belarus,2011,sanitation_basic,95.5392069475239,WHO/UNICEF JMP (via World Bank API),2026-09-02
BLR,Belarus,2010,sanitation_basic,95.0666547452999,WHO/UNICEF JMP (via World Bank API),2026-09-02
BLR,Belarus,2009,sanitation_basic,94.5970585071849,WHO/UNICEF JMP (via World Bank API),2026-09-02
BLR,Belarus,2008,sanitation_basic,94.1325479318341,WHO/UNICEF JMP (via World Bank API),2026-09-02
BLR,Belarus,2007,sanitation_basic,93.6735706995362,WHO/UNICEF JMP (via World Bank API),2026-09-02
BLR,Belarus,2006,sanitation_basic,93.2164038239813,WHO/UNICEF JMP (via World Bank API),2026-09-02
BLR,Belarus,2005,sanitation_basic,92.7606037607482,WHO/UNICEF JMP (via World Bank API),2026-09-02
BLR,Belarus,2004,sanitation_basic,92.3080167229921,WHO/UNICEF JMP (via World Bank API),2026-09-02
BLR,Belarus,2003,sanitation_basic,91.8592816297479,WHO/UNICEF JMP (via World Bank API),2026-09-02
BLR,Belarus,2002,sanitation_basic,91.8772136566358,WHO/UNICEF JMP (via World Bank API),2026-09-02
BLR,Belarus,2001,sanitation_basic,91.8950406947121,WHO/UNICEF JMP (via World Bank API),2026-09-02
BLR,Belarus,2000,sanitation_basic,91.9136871793446,WHO/UNICEF JMP (via World Bank API),2026-09-02
BEL,Belgium,2023,sanitation_basic,99.4862165648512,WHO/UNICEF JMP (via World Bank API),2026-09-02
BEL,Belgium,2022,sanitation_basic,99.4862152277247,WHO/UNICEF JMP (via World Bank API),2026-09-02
BEL,Belgium,2021,sanitation_basic,99.486206436114,WHO/UNICEF JMP (via World Bank API),2026-09-02
BEL,Belgium,2020,sanitation_basic,99.4862025266725,WHO/UNICEF JMP (via World Bank API),2026-09-02
BEL,Belgium,2019,sanitation_basic,99.4861954289203,WHO/UNICEF JMP (via World Bank API),2026-09-02
BEL,Belgium,2018,sanitation_basic,99.4861848733706,WHO/UNICEF JMP (via World Bank API),2026-09-02
BEL,Belgium,2017,sanitation_basic,99.4861854185217,WHO/UNICEF JMP (via World Bank API),2026-09-02
BEL,Belgium,2016,sanitation_basic,99.4861721928964,WHO/UNICEF JMP (via World Bank API),2026-09-02
BEL,Belgium,2015,sanitation_basic,99.4861641764678,WHO/UNICEF JMP (via World Bank API),2026-09-02
BEL,Belgium,2014,sanitation_basic,99.4861618443076,WHO/UNICEF JMP (via World Bank API),2026-09-02
BEL,Belgium,2013,sanitation_basic,99.4861501236866,WHO/UNICEF JMP (via World Bank API),2026-09-02
BEL,Belgium,2012,sanitation_basic,99.4861435479371,WHO/UNICEF JMP (via World Bank API),2026-09-02
BEL,Belgium,2011,sanitation_basic,99.4861332173528,WHO/UNICEF JMP (via World Bank API),2026-09-02
BEL,Belgium,2010,sanitation_basic,99.4861236387516,WHO/UNICEF JMP (via World Bank API),2026-09-02
BEL,Belgium,2009,sanitation_basic,99.4861064041689,WHO/UNICEF JMP (via World Bank API),2026-09-02
BEL,Belgium,2008,sanitation_basic,99.4859416700664,WHO/UNICEF JMP (via World Bank API),2026-09-02
BEL,Belgium,2007,sanitation_basic,99.4857808585944,WHO/UNICEF JMP (via World Bank API),2026-09-02
BEL,Belgium,2006,sanitation_basic,99.4856201119658,WHO/UNICEF JMP (via World Bank API),2026-09-02
BEL,Belgium,2005,sanitation_basic,99.4854588007365,WHO/UNICEF JMP (via World Bank API),2026-09-02
BEL,Belgium,2004,sanitation_basic,99.4852911508851,WHO/UNICEF JMP (via World Bank API),2026-09-02
BEL,Belgium,2003,sanitation_basic,99.4851241629527,WHO/UNICEF JMP (via World Bank API),2026-09-02
BEL,Belgium,2002,sanitation_basic,99.4849653278491,WHO/UNICEF JMP (via World Bank API),2026-09-02
BEL,Belgium,2001,sanitation_basic,99.4847964563623,WHO/UNICEF JMP (via World Bank API),2026-09-02
BEL,Belgium,2000,sanitation_basic,99.484629951934,WHO/UNICEF JMP (via World Bank API),2026-09-02
BLZ,Belize,2023,sanitation_basic,84.2497280854857,WHO/UNICEF JMP (via World Bank API),2026-09-02
BLZ,Belize,2022,sanitation_basic,84.2021316466722,WHO/UNICEF JMP (via World Bank API),2026-09-02
BLZ,Belize,2021,sanitation_basic,84.1586414948366,WHO/UNICEF JMP (via World Bank API),2026-09-02
BLZ,Belize,2020,sanitation_basic,84.1193982319828,WHO/UNICEF JMP (via World Bank API),2026-09-02
BLZ,Belize,2019,sanitation_basic,84.0839153038299,WHO/UNICEF JMP (via World Bank API),2026-09-02
BLZ,Belize,2018,sanitation_basic,84.0520275827063,WHO/UNICEF JMP (via World Bank API),2026-09-02
BLZ,Belize,2017,sanitation_basic,84.027602259463,WHO/UNICEF JMP (via World Bank API),2026-09-02
BLZ,Belize,2016,sanitation_basic,84.0080355199731,WHO/UNICEF JMP (via World Bank API),2026-09-02
BLZ,Belize,2015,sanitation_basic,83.9929567244339,WHO/UNICEF JMP (via World Bank API),2026-09-02
BLZ,Belize,2014,sanitation_basic,83.9821211094783,WHO/UNICEF JMP (via World Bank API),2026-09-02
BLZ,Belize,2013,sanitation_basic,83.9751251055118,WHO/UNICEF JMP (via World Bank API),2026-09-02
BLZ,Belize,2012,sanitation_basic,83.9714754365874,WHO/UNICEF JMP (via World Bank API),2026-09-02
BLZ,Belize,2011,sanitation_basic,83.9708984759609,WHO/UNICEF JMP (via World Bank API),2026-09-02
BLZ,Belize,2010,sanitation_basic,83.972997548098,WHO/UNICEF JMP (via World Bank API),2026-09-02
BLZ,Belize,2009,sanitation_basic,83.977302195762,WHO/UNICEF JMP (via World Bank API),2026-09-02
BLZ,Belize,2008,sanitation_basic,83.9821223616587,WHO/UNICEF JMP (via World Bank API),2026-09-02
BLZ,Belize,2007,sanitation_basic,83.9874657603305,WHO/UNICEF JMP (via World Bank API),2026-09-02
BLZ,Belize,2006,sanitation_basic,83.9933189485274,WHO/UNICEF JMP (via World Bank API),2026-09-02
BLZ,Belize,2005,sanitation_basic,83.9996958672325,WHO/UNICEF JMP (via World Bank API),2026-09-02
BLZ,Belize,2004,sanitation_basic,84.0065922016108,WHO/UNICEF JMP (via World Bank API),2026-09-02
BLZ,Belize,2003,sanitation_basic,84.0038792244829,WHO/UNICEF JMP (via World Bank API),2026-09-02
BLZ,Belize,2002,sanitation_basic,84.0010582579802,WHO/UNICEF JMP (via World Bank API),2026-09-02
BLZ,Belize,2001,sanitation_basic,83.9981236500007,WHO/UNICEF JMP (via World Bank API),2026-09-02
BLZ,Belize,2000,sanitation_basic,83.9950793415802,WHO/UNICEF JMP (via World Bank API),2026-09-02
BEN,Benin,2023,sanitation_basic,21.5460291941212,WHO/UNICEF JMP (via World Bank API),2026-09-02
BEN,Benin,2022,sanitation_basic,20.853650768615,WHO/UNICEF JMP (via World Bank API),2026-09-02
BEN,Benin,2021,sanitation_basic,20.1721169387367,WHO/UNICEF JMP (via World Bank API),2026-09-02
BEN,Benin,2020,sanitation_basic,19.501704357901,WHO/UNICEF JMP (via World Bank API),2026-09-02
BEN,Benin,2019,sanitation_basic,18.8420840944928,WHO/UNICEF JMP (via World Bank API),2026-09-02
BEN,Benin,2018,sanitation_basic,18.1937303852969,WHO/UNICEF JMP (via World Bank API),2026-09-02
BEN,Benin,2017,sanitation_basic,17.5567124078682,WHO/UNICEF JMP (via World Bank API),2026-09-02
BEN,Benin,2016,sanitation_basic,16.9310972411709,WHO/UNICEF JMP (via World Bank API),2026-09-02
BEN,Benin,2015,sanitation_basic,16.3169481534553,WHO/UNICEF JMP (via World Bank API),2026-09-02
BEN,Benin,2014,sanitation_basic,15.7143302277075,WHO/UNICEF JMP (via World Bank API),2026-09-02
BEN,Benin,2013,sanitation_basic,15.1233051054282,WHO/UNICEF JMP (via World Bank API),2026-09-02
BEN,Benin,2012,sanitation_basic,14.5443123134086,WHO/UNICEF JMP (via World Bank API),2026-09-02
BEN,Benin,2011,sanitation_basic,13.9760843860142,WHO/UNICEF JMP (via World Bank API),2026-09-02
BEN,Benin,2010,sanitation_basic,13.4190757934874,WHO/UNICEF JMP (via World Bank API),2026-09-02
BEN,Benin,2009,sanitation_basic,12.8733600744969,WHO/UNICEF JMP (via World Bank API),2026-09-02
BEN,Benin,2008,sanitation_basic,12.3390077692944,WHO/UNICEF JMP (via World Bank API),2026-09-02
BEN,Benin,2007,sanitation_basic,11.8157291558234,WHO/UNICEF JMP (via World Bank API),2026-09-02
BEN,Benin,2006,sanitation_basic,11.3039620341641,WHO/UNICEF JMP (via World Bank API),2026-09-02
BEN,Benin,2005,sanitation_basic,10.8039533008181,WHO/UNICEF JMP (via World Bank API),2026-09-02
BEN,Benin,2004,sanitation_basic,10.3155921363995,WHO/UNICEF JMP (via World Bank API),2026-09-02
BEN,Benin,2003,sanitation_basic,9.83877331929082,WHO/UNICEF JMP (via World Bank API),2026-09-02
BEN,Benin,2002,sanitation_basic,9.37391256843619,WHO/UNICEF JMP (via World Bank API),2026-09-02
BEN,Benin,2001,sanitation_basic,8.93975126867492,WHO/UNICEF JMP (via World Bank API),2026-09-02
BEN,Benin,2000,sanitation_basic,8.52812393636387,WHO/UNICEF JMP (via World Bank API),2026-09-02
BMU,Bermuda,2023,sanitation_basic,99.9416526015971,WHO/UNICEF JMP (via World Bank API),2026-09-02
BMU,Bermuda,2022,sanitation_basic,99.9416526015971,WHO/UNICEF JMP (via World Bank API),2026-09-02
BMU,Bermuda,2021,sanitation_basic,99.9416526015971,WHO/UNICEF JMP (via World Bank API),2026-09-02
BMU,Bermuda,2020,sanitation_basic,99.9416526015971,WHO/UNICEF JMP (via World Bank API),2026-09-02
BMU,Bermuda,2019,sanitation_basic,99.9416526015971,WHO/UNICEF JMP (via World Bank API),2026-09-02
BMU,Bermuda,2018,sanitation_basic,99.9416526015971,WHO/UNICEF JMP (via World Bank API),2026-09-02
BMU,Bermuda,2017,sanitation_basic,99.9437352570609,WHO/UNICEF JMP (via World Bank API),2026-09-02
BMU,Bermuda,2016,sanitation_basic,99.9458179125246,WHO/UNICEF JMP (via World Bank API),2026-09-02
BMU,Bermuda,2015,sanitation_basic,99.9479005679884,WHO/UNICEF JMP (via World Bank API),2026-09-02
BMU,Bermuda,2014,sanitation_basic,99.9499832234522,WHO/UNICEF JMP (via World Bank API),2026-09-02
BMU,Bermuda,2013,sanitation_basic,99.952065878916,WHO/UNICEF JMP (via World Bank API),2026-09-02
BMU,Bermuda,2012,sanitation_basic,99.9541485343798,WHO/UNICEF JMP (via World Bank API),2026-09-02
BMU,Bermuda,2011,sanitation_basic,99.9562311898436,WHO/UNICEF JMP (via World Bank API),2026-09-02
BMU,Bermuda,2010,sanitation_basic,99.9583138453074,WHO/UNICEF JMP (via World Bank API),2026-09-02
BMU,Bermuda,2009,sanitation_basic,99.9603965007712,WHO/UNICEF JMP (via World Bank API),2026-09-02
BMU,Bermuda,2008,sanitation_basic,99.962479156235,WHO/UNICEF JMP (via World Bank API),2026-09-02
BMU,Bermuda,2007,sanitation_basic,99.9645618116988,WHO/UNICEF JMP (via World Bank API),2026-09-02
BMU,Bermuda,2006,sanitation_basic,99.9666444671626,WHO/UNICEF JMP (via World Bank API),2026-09-02
BMU,Bermuda,2005,sanitation_basic,99.9687271226264,WHO/UNICEF JMP (via World Bank API),2026-09-02
BMU,Bermuda,2004,sanitation_basic,99.9708097780902,WHO/UNICEF JMP (via World Bank API),2026-09-02
BMU,Bermuda,2003,sanitation_basic,99.972892433554,WHO/UNICEF JMP (via World Bank API),2026-09-02
BMU,Bermuda,2002,sanitation_basic,99.9749750890177,WHO/UNICEF JMP (via World Bank API),2026-09-02
BMU,Bermuda,2001,sanitation_basic,99.9770577444815,WHO/UNICEF JMP (via World Bank API),2026-09-02
BMU,Bermuda,2000,sanitation_basic,99.9791403999453,WHO/UNICEF JMP (via World Bank API),2026-09-02
BTN,Bhutan,2023,sanitation_basic,85.2990010822165,WHO/UNICEF JMP (via World Bank API),2026-09-02
BTN,Bhutan,2022,sanitation_basic,83.7339782184806,WHO/UNICEF JMP (via World Bank API),2026-09-02
BTN,Bhutan,2021,sanitation_basic,82.1461906791953,WHO/UNICEF JMP (via World Bank API),2026-09-02
BTN,Bhutan,2020,sanitation_basic,80.5347803811223,WHO/UNICEF JMP (via World Bank API),2026-09-02
BTN,Bhutan,2019,sanitation_basic,78.8989372535781,WHO/UNICEF JMP (via World Bank API),2026-09-02
BTN,Bhutan,2018,sanitation_basic,77.2378421749847,WHO/UNICEF JMP (via World Bank API),2026-09-02
BTN,Bhutan,2017,sanitation_basic,75.5507698570494,WHO/UNICEF JMP (via World Bank API),2026-09-02
BTN,Bhutan,2016,sanitation_basic,73.8369686889029,WHO/UNICEF JMP (via World Bank API),2026-09-02
BTN,Bhutan,2015,sanitation_basic,72.0956866215508,WHO/UNICEF JMP (via World Bank API),2026-09-02
BTN,Bhutan,2014,sanitation_basic,70.3262594115748,WHO/UNICEF JMP (via World Bank API),2026-09-02
BTN,Bhutan,2013,sanitation_basic,68.5280843950493,WHO/UNICEF JMP (via World Bank API),2026-09-02
BTN,Bhutan,2012,sanitation_basic,66.7004803420863,WHO/UNICEF JMP (via World Bank API),2026-09-02
BTN,Bhutan,2011,sanitation_basic,64.8429159627493,WHO/UNICEF JMP (via World Bank API),2026-09-02
BTN,Bhutan,2010,sanitation_basic,62.9550752421624,WHO/UNICEF JMP (via World Bank API),2026-09-02
BTN,Bhutan,2009,sanitation_basic,61.0391347142958,WHO/UNICEF JMP (via World Bank API),2026-09-02
BTN,Bhutan,2008,sanitation_basic,59.0952861405735,WHO/UNICEF JMP (via World Bank API),2026-09-02
BTN,Bhutan,2007,sanitation_basic,57.1569433731048,WHO/UNICEF JMP (via World Bank API),2026-09-02
BTN,Bhutan,2006,sanitation_basic,55.1902160222257,WHO/UNICEF JMP (via World Bank API),2026-09-02
BTN,Bhutan,2005,sanitation_basic,53.1957068456674,WHO/UNICEF JMP (via World Bank API),2026-09-02
BTN,Bhutan,2004,sanitation_basic,51.0646518155056,WHO/UNICEF JMP (via World Bank API),2026-09-02
BTN,Bhutan,2003,sanitation_basic,48.8831966104405,WHO/UNICEF JMP (via World Bank API),2026-09-02
BTN,Bhutan,2002,sanitation_basic,46.6649669760176,WHO/UNICEF JMP (via World Bank API),2026-09-02
BTN,Bhutan,2001,sanitation_basic,44.4113711801723,WHO/UNICEF JMP (via World Bank API),2026-09-02
BTN,Bhutan,2000,sanitation_basic,44.0519313998862,WHO/UNICEF JMP (via World Bank API),2026-09-02
BOL,Bolivia,2023,sanitation_basic,70.4335419312464,WHO/UNICEF JMP (via World Bank API),2026-09-02
BOL,Bolivia,2022,sanitation_basic,69.0727323107113,WHO/UNICEF JMP (via World Bank API),2026-09-02
BOL,Bolivia,2021,sanitation_basic,67.2484529429256,WHO/UNICEF JMP (via World Bank API),2026-09-02
BOL,Bolivia,2020,sanitation_basic,65.4426819747995,WHO/UNICEF JMP (via World Bank API),2026-09-02
BOL,Bolivia,2019,sanitation_basic,63.6552770936558,WHO/UNICEF JMP (via World Bank API),2026-09-02
BOL,Bolivia,2018,sanitation_basic,61.8863758501478,WHO/UNICEF JMP (via World Bank API),2026-09-02
BOL,Bolivia,2017,sanitation_basic,60.1364043539165,WHO/UNICEF JMP (via World Bank API),2026-09-02
BOL,Bolivia,2016,sanitation_basic,58.4055072099322,WHO/UNICEF JMP (via World Bank API),2026-09-02
BOL,Bolivia,2015,sanitation_basic,56.6920160774471,WHO/UNICEF JMP (via World Bank API),2026-09-02
BOL,Bolivia,2014,sanitation_basic,54.9966309177459,WHO/UNICEF JMP (via World Bank API),2026-09-02
BOL,Bolivia,2013,sanitation_basic,53.3191514172046,WHO/UNICEF JMP (via World Bank API),2026-09-02
BOL,Bolivia,2012,sanitation_basic,51.6491998600636,WHO/UNICEF JMP (via World Bank API),2026-09-02
BOL,Bolivia,2011,sanitation_basic,49.9801309822713,WHO/UNICEF JMP (via World Bank API),2026-09-02
BOL,Bolivia,2010,sanitation_basic,48.3285858519966,WHO/UNICEF JMP (via World Bank API),2026-09-02
BOL,Bolivia,2009,sanitation_basic,46.6950103282874,WHO/UNICEF JMP (via World Bank API),2026-09-02
BOL,Bolivia,2008,sanitation_basic,45.0792272443347,WHO/UNICEF JMP (via World Bank API),2026-09-02
BOL,Bolivia,2007,sanitation_basic,43.4810447232478,WHO/UNICEF JMP (via World Bank API),2026-09-02
BOL,Bolivia,2006,sanitation_basic,41.9015542609366,WHO/UNICEF JMP (via World Bank API),2026-09-02
BOL,Bolivia,2005,sanitation_basic,40.7534588124944,WHO/UNICEF JMP (via World Bank API),2026-09-02
BOL,Bolivia,2004,sanitation_basic,39.6007187610011,WHO/UNICEF JMP (via World Bank API),2026-09-02
BOL,Bolivia,2003,sanitation_basic,38.442320447364,WHO/UNICEF JMP (via World Bank API),2026-09-02
BOL,Bolivia,2002,sanitation_basic,37.2788771085079,WHO/UNICEF JMP (via World Bank API),2026-09-02
BOL,Bolivia,2001,sanitation_basic,36.1069276710251,WHO/UNICEF JMP (via World Bank API),2026-09-02
BOL,Bolivia,2000,sanitation_basic,34.9158555656195,WHO/UNICEF JMP (via World Bank API),2026-09-02
BIH,Bosnia and Herzegovina,2018,sanitation_basic,95.3850620124746,WHO/UNICEF JMP (via World Bank API),2026-09-02
BIH,Bosnia and Herzegovina,2017,sanitation_basic,95.360235583008,WHO/UNICEF JMP (via World Bank API),2026-09-02
BIH,Bosnia and Herzegovina,2016,sanitation_basic,95.3361467691692,WHO/UNICEF JMP (via World Bank API),2026-09-02
BIH,Bosnia and Herzegovina,2015,sanitation_basic,95.3129339341419,WHO/UNICEF JMP (via World Bank API),2026-09-02
BIH,Bosnia and Herzegovina,2014,sanitation_basic,95.2905317745254,WHO/UNICEF JMP (via World Bank API),2026-09-02
BIH,Bosnia and Herzegovina,2013,sanitation_basic,95.2720361490621,WHO/UNICEF JMP (via World Bank API),2026-09-02
BIH,Bosnia and Herzegovina,2012,sanitation_basic,95.2539082676635,WHO/UNICEF JMP (via World Bank API),2026-09-02
BIH,Bosnia and Herzegovina,2011,sanitation_basic,95.2360155321308,WHO/UNICEF JMP (via World Bank API),2026-09-02
BIH,Bosnia and Herzegovina,2010,sanitation_basic,95.2184837600235,WHO/UNICEF JMP (via World Bank API),2026-09-02
BIH,Bosnia and Herzegovina,2009,sanitation_basic,95.20132167847,WHO/UNICEF JMP (via World Bank API),2026-09-02
BIH,Bosnia and Herzegovina,2008,sanitation_basic,95.1844586275953,WHO/UNICEF JMP (via World Bank API),2026-09-02
BIH,Bosnia and Herzegovina,2007,sanitation_basic,95.1678945136016,WHO/UNICEF JMP (via World Bank API),2026-09-02
BIH,Bosnia and Herzegovina,2006,sanitation_basic,95.1516329661408,WHO/UNICEF JMP (via World Bank API),2026-09-02
BIH,Bosnia and Herzegovina,2005,sanitation_basic,95.1357940491604,WHO/UNICEF JMP (via World Bank API),2026-09-02
BIH,Bosnia and Herzegovina,2004,sanitation_basic,95.1202453648273,WHO/UNICEF JMP (via World Bank API),2026-09-02
BIH,Bosnia and Herzegovina,2003,sanitation_basic,95.1088597606974,WHO/UNICEF JMP (via World Bank API),2026-09-02
BIH,Bosnia and Herzegovina,2002,sanitation_basic,95.0981431878974,WHO/UNICEF JMP (via World Bank API),2026-09-02
BIH,Bosnia and Herzegovina,2001,sanitation_basic,95.0879638199528,WHO/UNICEF JMP (via World Bank API),2026-09-02
BIH,Bosnia and Herzegovina,2000,sanitation_basic,95.0784435393171,WHO/UNICEF JMP (via World Bank API),2026-09-02
BWA,Botswana,2023,sanitation_basic,71.9941392506475,WHO/UNICEF JMP (via World Bank API),2026-09-02
BWA,Botswana,2022,sanitation_basic,71.4864919930582,WHO/UNICEF JMP (via World Bank API),2026-09-02
BWA,Botswana,2021,sanitation_basic,70.9542350453954,WHO/UNICEF JMP (via World Bank API),2026-09-02
BWA,Botswana,2020,sanitation_basic,70.3974291175514,WHO/UNICEF JMP (via World Bank API),2026-09-02
BWA,Botswana,2019,sanitation_basic,69.8150599678289,WHO/UNICEF JMP (via World Bank API),2026-09-02
BWA,Botswana,2018,sanitation_basic,69.2069921595304,WHO/UNICEF JMP (via World Bank API),2026-09-02
BWA,Botswana,2017,sanitation_basic,68.5731443566445,WHO/UNICEF JMP (via World Bank API),2026-09-02
BWA,Botswana,2016,sanitation_basic,67.9129615984092,WHO/UNICEF JMP (via World Bank API),2026-09-02
BWA,Botswana,2015,sanitation_basic,67.2288878869323,WHO/UNICEF JMP (via World Bank API),2026-09-02
BWA,Botswana,2014,sanitation_basic,66.5214936855642,WHO/UNICEF JMP (via World Bank API),2026-09-02
BWA,Botswana,2013,sanitation_basic,65.7908304969597,WHO/UNICEF JMP (via World Bank API),2026-09-02
BWA,Botswana,2012,sanitation_basic,65.037275052661,WHO/UNICEF JMP (via World Bank API),2026-09-02
BWA,Botswana,2011,sanitation_basic,64.2325786938522,WHO/UNICEF JMP (via World Bank API),2026-09-02
BWA,Botswana,2010,sanitation_basic,63.2298770256248,WHO/UNICEF JMP (via World Bank API),2026-09-02
BWA,Botswana,2009,sanitation_basic,62.1889472021203,WHO/UNICEF JMP (via World Bank API),2026-09-02
BWA,Botswana,2008,sanitation_basic,61.1111581446206,WHO/UNICEF JMP (via World Bank API),2026-09-02
BWA,Botswana,2007,sanitation_basic,59.9949103231663,WHO/UNICEF JMP (via World Bank API),2026-09-02
BWA,Botswana,2006,sanitation_basic,58.8441205990319,WHO/UNICEF JMP (via World Bank API),2026-09-02
BWA,Botswana,2005,sanitation_basic,58.0524375220249,WHO/UNICEF JMP (via World Bank API),2026-09-02
BWA,Botswana,2004,sanitation_basic,57.2488048403831,WHO/UNICEF JMP (via World Bank API),2026-09-02
BWA,Botswana,2003,sanitation_basic,56.4322629301627,WHO/UNICEF JMP (via World Bank API),2026-09-02
BWA,Botswana,2002,sanitation_basic,55.6040876882088,WHO/UNICEF JMP (via World Bank API),2026-09-02
BWA,Botswana,2001,sanitation_basic,54.7451404334018,WHO/UNICEF JMP (via World Bank API),2026-09-02
BWA,Botswana,2000,sanitation_basic,53.7395555164228,WHO/UNICEF JMP (via World Bank API),2026-09-02
BRA,Brazil,2023,sanitation_basic,91.7128476214348,WHO/UNICEF JMP (via World Bank API),2026-09-02
BRA,Brazil,2022,sanitation_basic,91.0196550646128,WHO/UNICEF JMP (via World Bank API),2026-09-02
BRA,Brazil,2021,sanitation_basic,90.3198016289812,WHO/UNICEF JMP (via World Bank API),2026-09-02
BRA,Brazil,2020,sanitation_basic,89.5591441286736,WHO/UNICEF JMP (via World Bank API),2026-09-02
BRA,Brazil,2019,sanitation_basic,88.7943635272571,WHO/UNICEF JMP (via World Bank API),2026-09-02
BRA,Brazil,2018,sanitation_basic,88.0250303307035,WHO/UNICEF JMP (via World Bank API),2026-09-02
BRA,Brazil,2017,sanitation_basic,87.2513460581389,WHO/UNICEF JMP (via World Bank API),2026-09-02
BRA,Brazil,2016,sanitation_basic,86.4725409994878,WHO/UNICEF JMP (via World Bank API),2026-09-02
BRA,Brazil,2015,sanitation_basic,85.6891694067484,WHO/UNICEF JMP (via World Bank API),2026-09-02
BRA,Brazil,2014,sanitation_basic,84.9007604089727,WHO/UNICEF JMP (via World Bank API),2026-09-02
BRA,Brazil,2013,sanitation_basic,84.1075664930758,WHO/UNICEF JMP (via World Bank API),2026-09-02
BRA,Brazil,2012,sanitation_basic,83.3102185091362,WHO/UNICEF JMP (via World Bank API),2026-09-02
BRA,Brazil,2011,sanitation_basic,82.5075308980562,WHO/UNICEF JMP (via World Bank API),2026-09-02
BRA,Brazil,2010,sanitation_basic,81.7001428038359,WHO/UNICEF JMP (via World Bank API),2026-09-02
BRA,Brazil,2009,sanitation_basic,80.8914821354002,WHO/UNICEF JMP (via World Bank API),2026-09-02
BRA,Brazil,2008,sanitation_basic,80.0780747503367,WHO/UNICEF JMP (via World Bank API),2026-09-02
BRA,Brazil,2007,sanitation_basic,79.2590292856141,WHO/UNICEF JMP (via World Bank API),2026-09-02
BRA,Brazil,2006,sanitation_basic,78.4350490232115,WHO/UNICEF JMP (via World Bank API),2026-09-02
BRA,Brazil,2005,sanitation_basic,77.6060442876745,WHO/UNICEF JMP (via World Bank API),2026-09-02
BRA,Brazil,2004,sanitation_basic,76.7719281688316,WHO/UNICEF JMP (via World Bank API),2026-09-02
BRA,Brazil,2003,sanitation_basic,75.9322033943991,WHO/UNICEF JMP (via World Bank API),2026-09-02
BRA,Brazil,2002,sanitation_basic,75.086752161079,WHO/UNICEF JMP (via World Bank API),2026-09-02
BRA,Brazil,2001,sanitation_basic,74.2359273551558,WHO/UNICEF JMP (via World Bank API),2026-09-02
BRA,Brazil,2000,sanitation_basic,73.3661541884085,WHO/UNICEF JMP (via World Bank API),2026-09-02
VGB,British Virgin Islands,2016,sanitation_basic,96.8579794836767,WHO/UNICEF JMP (via World Bank API),2026-09-02
VGB,British Virgin Islands,2015,sanitation_basic,96.8579794836767,WHO/UNICEF JMP (via World Bank API),2026-09-02
VGB,British Virgin Islands,2014,sanitation_basic,96.8579794836767,WHO/UNICEF JMP (via World Bank API),2026-09-02
VGB,British Virgin Islands,2013,sanitation_basic,96.8579794836767,WHO/UNICEF JMP (via World Bank API),2026-09-02
VGB,British Virgin Islands,2012,sanitation_basic,96.8579794836767,WHO/UNICEF JMP (via World Bank API),2026-09-02
VGB,British Virgin Islands,2011,sanitation_basic,96.8519143930482,WHO/UNICEF JMP (via World Bank API),2026-09-02
VGB,British Virgin Islands,2010,sanitation_basic,96.8458493024197,WHO/UNICEF JMP (via World Bank API),2026-09-02
VGB,British Virgin Islands,2009,sanitation_basic,96.8397842117912,WHO/UNICEF JMP (via World Bank API),2026-09-02
VGB,British Virgin Islands,2008,sanitation_basic,96.8337191211627,WHO/UNICEF JMP (via World Bank API),2026-09-02
VGB,British Virgin Islands,2007,sanitation_basic,96.8276540305341,WHO/UNICEF JMP (via World Bank API),2026-09-02
VGB,British Virgin Islands,2006,sanitation_basic,96.8215889399056,WHO/UNICEF JMP (via World Bank API),2026-09-02
VGB,British Virgin Islands,2005,sanitation_basic,96.8155238492771,WHO/UNICEF JMP (via World Bank API),2026-09-02
VGB,British Virgin Islands,2004,sanitation_basic,96.8094587586486,WHO/UNICEF JMP (via World Bank API),2026-09-02
VGB,British Virgin Islands,2003,sanitation_basic,96.8033936680201,WHO/UNICEF JMP (via World Bank API),2026-09-02
VGB,British Virgin Islands,2002,sanitation_basic,96.7973285773916,WHO/UNICEF JMP (via World Bank API),2026-09-02
VGB,British Virgin Islands,2001,sanitation_basic,96.791263486763,WHO/UNICEF JMP (via World Bank API),2026-09-02
VGB,British Virgin Islands,2000,sanitation_basic,96.7851983961345,WHO/UNICEF JMP (via World Bank API),2026-09-02
BRN,Brunei Darussalam,2023,sanitation_basic,100.0,WHO/UNICEF JMP (via World Bank API),2026-09-02
BRN,Brunei Darussalam,2022,sanitation_basic,99.4808254058944,WHO/UNICEF JMP (via World Bank API),2026-09-02
BRN,Brunei Darussalam,2021,sanitation_basic,98.2641900046024,WHO/UNICEF JMP (via World Bank API),2026-09-02
BRN,Brunei Darussalam,2020,sanitation_basic,97.0475546033103,WHO/UNICEF JMP (via World Bank API),2026-09-02
BRN,Brunei Darussalam,2019,sanitation_basic,95.8309192020188,WHO/UNICEF JMP (via World Bank API),2026-09-02
BRN,Brunei Darussalam,2018,sanitation_basic,94.6142838007268,WHO/UNICEF JMP (via World Bank API),2026-09-02
BRN,Brunei Darussalam,2017,sanitation_basic,93.3976483994347,WHO/UNICEF JMP (via World Bank API),2026-09-02
BRN,Brunei Darussalam,2016,sanitation_basic,92.1810129981427,WHO/UNICEF JMP (via World Bank API),2026-09-02
BRN,Brunei Darussalam,2015,sanitation_basic,90.9643775968511,WHO/UNICEF JMP (via World Bank API),2026-09-02
BRN,Brunei Darussalam,2014,sanitation_basic,89.7477421955591,WHO/UNICEF JMP (via World Bank API),2026-09-02
BRN,Brunei Darussalam,2013,sanitation_basic,88.5311067942671,WHO/UNICEF JMP (via World Bank API),2026-09-02
BRN,Brunei Darussalam,2012,sanitation_basic,87.3144713929755,WHO/UNICEF JMP (via World Bank API),2026-09-02
BRN,Brunei Darussalam,2011,sanitation_basic,86.0978359916835,WHO/UNICEF JMP (via World Bank API),2026-09-02
BRN,Brunei Darussalam,2010,sanitation_basic,84.8812005903915,WHO/UNICEF JMP (via World Bank API),2026-09-02
BRN,Brunei Darussalam,2009,sanitation_basic,83.6645651890999,WHO/UNICEF JMP (via World Bank API),2026-09-02
BRN,Brunei Darussalam,2008,sanitation_basic,82.4479297878079,WHO/UNICEF JMP (via World Bank API),2026-09-02
BRN,Brunei Darussalam,2007,sanitation_basic,81.2312943865159,WHO/UNICEF JMP (via World Bank API),2026-09-02
BRN,Brunei Darussalam,2006,sanitation_basic,80.0146589852238,WHO/UNICEF JMP (via World Bank API),2026-09-02
BRN,Brunei Darussalam,2005,sanitation_basic,78.7980235839323,WHO/UNICEF JMP (via World Bank API),2026-09-02
BRN,Brunei Darussalam,2004,sanitation_basic,77.5813881826402,WHO/UNICEF JMP (via World Bank API),2026-09-02
BRN,Brunei Darussalam,2003,sanitation_basic,76.3647527813482,WHO/UNICEF JMP (via World Bank API),2026-09-02
BRN,Brunei Darussalam,2002,sanitation_basic,75.1481173800566,WHO/UNICEF JMP (via World Bank API),2026-09-02
BRN,Brunei Darussalam,2001,sanitation_basic,73.9314819787646,WHO/UNICEF JMP (via World Bank API),2026-09-02
BRN,Brunei Darussalam,2000,sanitation_basic,72.7148465774726,WHO/UNICEF JMP (via World Bank API),2026-09-02
BGR,Bulgaria,2023,sanitation_basic,86.0662621462475,WHO/UNICEF JMP (via World Bank API),2026-09-02
BGR,Bulgaria,2022,sanitation_basic,86.0559026317979,WHO/UNICEF JMP (via World Bank API),2026-09-02
BGR,Bulgaria,2021,sanitation_basic,86.0455390086067,WHO/UNICEF JMP (via World Bank API),2026-09-02
BGR,Bulgaria,2020,sanitation_basic,86.0351484540034,WHO/UNICEF JMP (via World Bank API),2026-09-02
BGR,Bulgaria,2019,sanitation_basic,86.0247532488828,WHO/UNICEF JMP (via World Bank API),2026-09-02
BGR,Bulgaria,2018,sanitation_basic,86.0143608416048,WHO/UNICEF JMP (via World Bank API),2026-09-02
BGR,Bulgaria,2017,sanitation_basic,86.0039712709355,WHO/UNICEF JMP (via World Bank API),2026-09-02
BGR,Bulgaria,2016,sanitation_basic,85.9935449985972,WHO/UNICEF JMP (via World Bank API),2026-09-02
BGR,Bulgaria,2015,sanitation_basic,85.9831554868043,WHO/UNICEF JMP (via World Bank API),2026-09-02
BGR,Bulgaria,2014,sanitation_basic,85.9727585294745,WHO/UNICEF JMP (via World Bank API),2026-09-02
BGR,Bulgaria,2013,sanitation_basic,85.9623980621807,WHO/UNICEF JMP (via World Bank API),2026-09-02
BGR,Bulgaria,2012,sanitation_basic,85.9520368037234,WHO/UNICEF JMP (via World Bank API),2026-09-02
BGR,Bulgaria,2011,sanitation_basic,85.9417067262651,WHO/UNICEF JMP (via World Bank API),2026-09-02
BGR,Bulgaria,2010,sanitation_basic,85.9314028069197,WHO/UNICEF JMP (via World Bank API),2026-09-02
BGR,Bulgaria,2009,sanitation_basic,85.921008483856,WHO/UNICEF JMP (via World Bank API),2026-09-02
BGR,Bulgaria,2008,sanitation_basic,85.9105606214377,WHO/UNICEF JMP (via World Bank API),2026-09-02
BGR,Bulgaria,2007,sanitation_basic,85.9000132510858,WHO/UNICEF JMP (via World Bank API),2026-09-02
BGR,Bulgaria,2006,sanitation_basic,85.8894058121124,WHO/UNICEF JMP (via World Bank API),2026-09-02
BGR,Bulgaria,2005,sanitation_basic,85.8787353292987,WHO/UNICEF JMP (via World Bank API),2026-09-02
BGR,Bulgaria,2004,sanitation_basic,85.8679758462279,WHO/UNICEF JMP (via World Bank API),2026-09-02
BGR,Bulgaria,2003,sanitation_basic,85.8571204076455,WHO/UNICEF JMP (via World Bank API),2026-09-02
BGR,Bulgaria,2002,sanitation_basic,85.8462388142112,WHO/UNICEF JMP (via World Bank API),2026-09-02
BGR,Bulgaria,2001,sanitation_basic,85.8352608493331,WHO/UNICEF JMP (via World Bank API),2026-09-02
BGR,Bulgaria,2000,sanitation_basic,85.8270758424306,WHO/UNICEF JMP (via World Bank API),2026-09-02
BFA,Burkina Faso,2023,sanitation_basic,30.9150753845811,WHO/UNICEF JMP (via World Bank API),2026-09-02
BFA,Burkina Faso,2022,sanitation_basic,29.8585926182987,WHO/UNICEF JMP (via World Bank API),2026-09-02
BFA,Burkina Faso,2021,sanitation_basic,28.8068022658045,WHO/UNICEF JMP (via World Bank API),2026-09-02
BFA,Burkina Faso,2020,sanitation_basic,27.7597483878875,WHO/UNICEF JMP (via World Bank API),2026-09-02
BFA,Burkina Faso,2019,sanitation_basic,26.7185691114763,WHO/UNICEF JMP (via World Bank API),2026-09-02
BFA,Burkina Faso,2018,sanitation_basic,25.6835548762607,WHO/UNICEF JMP (via World Bank API),2026-09-02
BFA,Burkina Faso,2017,sanitation_basic,24.6558918981723,WHO/UNICEF JMP (via World Bank API),2026-09-02
BFA,Burkina Faso,2016,sanitation_basic,23.6358671659231,WHO/UNICEF JMP (via World Bank API),2026-09-02
BFA,Burkina Faso,2015,sanitation_basic,22.623723352134,WHO/UNICEF JMP (via World Bank API),2026-09-02
BFA,Burkina Faso,2014,sanitation_basic,21.6210077487698,WHO/UNICEF JMP (via World Bank API),2026-09-02
BFA,Burkina Faso,2013,sanitation_basic,20.6283173579476,WHO/UNICEF JMP (via World Bank API),2026-09-02
BFA,Burkina Faso,2012,sanitation_basic,19.6465931645733,WHO/UNICEF JMP (via World Bank API),2026-09-02
BFA,Burkina Faso,2011,sanitation_basic,18.6760821491649,WHO/UNICEF JMP (via World Bank API),2026-09-02
BFA,Burkina Faso,2010,sanitation_basic,17.717348101652,WHO/UNICEF JMP (via World Bank API),2026-09-02
BFA,Burkina Faso,2009,sanitation_basic,16.7713190117343,WHO/UNICEF JMP (via World Bank API),2026-09-02
BFA,Burkina Faso,2008,sanitation_basic,15.8385590424802,WHO/UNICEF JMP (via World Bank API),2026-09-02
BFA,Burkina Faso,2007,sanitation_basic,14.9188541884319,WHO/UNICEF JMP (via World Bank API),2026-09-02
BFA,Burkina Faso,2006,sanitation_basic,13.9636797865369,WHO/UNICEF JMP (via World Bank API),2026-09-02
BFA,Burkina Faso,2005,sanitation_basic,12.9610876994314,WHO/UNICEF JMP (via World Bank API),2026-09-02
BFA,Burkina Faso,2004,sanitation_basic,11.9759949734472,WHO/UNICEF JMP (via World Bank API),2026-09-02
BFA,Burkina Faso,2003,sanitation_basic,11.0080883489168,WHO/UNICEF JMP (via World Bank API),2026-09-02
BFA,Burkina Faso,2002,sanitation_basic,10.0598427351821,WHO/UNICEF JMP (via World Bank API),2026-09-02
BFA,Burkina Faso,2001,sanitation_basic,9.13087025476494,WHO/UNICEF JMP (via World Bank API),2026-09-02
BFA,Burkina Faso,2000,sanitation_basic,8.8416258208353,WHO/UNICEF JMP (via World Bank API),2026-09-02
BDI,Burundi,2023,sanitation_basic,44.6456125902738,WHO/UNICEF JMP (via World Bank API),2026-09-02
BDI,Burundi,2022,sanitation_basic,44.6569603684061,WHO/UNICEF JMP (via World Bank API),2026-09-02
BDI,Burundi,2021,sanitation_basic,44.5545225988873,WHO/UNICEF JMP (via World Bank API),2026-09-02
BDI,Burundi,2020,sanitation_basic,44.4548070620661,WHO/UNICEF JMP (via World Bank API),2026-09-02
BDI,Burundi,2019,sanitation_basic,44.3577388229315,WHO/UNICEF JMP (via World Bank API),2026-09-02
BDI,Burundi,2018,sanitation_basic,44.4954380894811,WHO/UNICEF JMP (via World Bank API),2026-09-02
BDI,Burundi,2017,sanitation_basic,44.6289841238283,WHO/UNICEF JMP (via World Bank API),2026-09-02
BDI,Burundi,2016,sanitation_basic,44.7585847024572,WHO/UNICEF JMP (via World Bank API),2026-09-02
BDI,Burundi,2015,sanitation_basic,44.8844503584829,WHO/UNICEF JMP (via World Bank API),2026-09-02
BDI,Burundi,2014,sanitation_basic,45.0067757440714,WHO/UNICEF JMP (via World Bank API),2026-09-02
BDI,Burundi,2013,sanitation_basic,45.125751746761,WHO/UNICEF JMP (via World Bank API),2026-09-02
BDI,Burundi,2012,sanitation_basic,45.2416177840798,WHO/UNICEF JMP (via World Bank API),2026-09-02
BDI,Burundi,2011,sanitation_basic,45.354450786345,WHO/UNICEF JMP (via World Bank API),2026-09-02
BDI,Burundi,2010,sanitation_basic,45.4645083129414,WHO/UNICEF JMP (via World Bank API),2026-09-02
BDI,Burundi,2009,sanitation_basic,45.5719158266356,WHO/UNICEF JMP (via World Bank API),2026-09-02
BDI,Burundi,2008,sanitation_basic,45.6767816936833,WHO/UNICEF JMP (via World Bank API),2026-09-02
BDI,Burundi,2007,sanitation_basic,45.7793823625363,WHO/UNICEF JMP (via World Bank API),2026-09-02
BDI,Burundi,2006,sanitation_basic,45.8797490696037,WHO/UNICEF JMP (via World Bank API),2026-09-02
BDI,Burundi,2005,sanitation_basic,45.9780778470214,WHO/UNICEF JMP (via World Bank API),2026-09-02
BDI,Burundi,2004,sanitation_basic,46.0744530371063,WHO/UNICEF JMP (via World Bank API),2026-09-02
BDI,Burundi,2003,sanitation_basic,46.1690271798233,WHO/UNICEF JMP (via World Bank API),2026-09-02
BDI,Burundi,2002,sanitation_basic,46.0714530473161,WHO/UNICEF JMP (via World Bank API),2026-09-02
BDI,Burundi,2001,sanitation_basic,45.9762261657477,WHO/UNICEF JMP (via World Bank API),2026-09-02
BDI,Burundi,2000,sanitation_basic,45.8832028889367,WHO/UNICEF JMP (via World Bank API),2026-09-02
CPV,Cabo Verde,2023,sanitation_basic,83.0869470550891,WHO/UNICEF JMP (via World Bank API),2026-09-02
CPV,Cabo Verde,2022,sanitation_basic,83.045304882988,WHO/UNICEF JMP (via World Bank API),2026-09-02
CPV,Cabo Verde,2021,sanitation_basic,83.0030877232497,WHO/UNICEF JMP (via World Bank API),2026-09-02
CPV,Cabo Verde,2020,sanitation_basic,80.9181460926349,WHO/UNICEF JMP (via World Bank API),2026-09-02
CPV,Cabo Verde,2019,sanitation_basic,78.8249549430518,WHO/UNICEF JMP (via World Bank API),2026-09-02
CPV,Cabo Verde,2018,sanitation_basic,76.7237249815456,WHO/UNICEF JMP (via World Bank API),2026-09-02
CPV,Cabo Verde,2017,sanitation_basic,74.6142580571751,WHO/UNICEF JMP (via World Bank API),2026-09-02
CPV,Cabo Verde,2016,sanitation_basic,72.496932762021,WHO/UNICEF JMP (via World Bank API),2026-09-02
CPV,Cabo Verde,2015,sanitation_basic,70.3717073692285,WHO/UNICEF JMP (via World Bank API),2026-09-02
CPV,Cabo Verde,2014,sanitation_basic,68.2388818808702,WHO/UNICEF JMP (via World Bank API),2026-09-02
CPV,Cabo Verde,2013,sanitation_basic,66.0992428842147,WHO/UNICEF JMP (via World Bank API),2026-09-02
CPV,Cabo Verde,2012,sanitation_basic,63.9530735782999,WHO/UNICEF JMP (via World Bank API),2026-09-02
CPV,Cabo Verde,2011,sanitation_basic,61.8006547143134,WHO/UNICEF JMP (via World Bank API),2026-09-02
CPV,Cabo Verde,2010,sanitation_basic,59.6818514080991,WHO/UNICEF JMP (via World Bank API),2026-09-02
CPV,Cabo Verde,2009,sanitation_basic,57.4769284411617,WHO/UNICEF JMP (via World Bank API),2026-09-02
CPV,Cabo Verde,2008,sanitation_basic,55.2521980462488,WHO/UNICEF JMP (via World Bank API),2026-09-02
CPV,Cabo Verde,2007,sanitation_basic,53.0093493269466,WHO/UNICEF JMP (via World Bank API),2026-09-02
CPV,Cabo Verde,2006,sanitation_basic,50.7498010778296,WHO/UNICEF JMP (via World Bank API),2026-09-02
CPV,Cabo Verde,2005,sanitation_basic,48.4726022548582,WHO/UNICEF JMP (via World Bank API),2026-09-02
CPV,Cabo Verde,2004,sanitation_basic,46.1784728572733,WHO/UNICEF JMP (via World Bank API),2026-09-02
CPV,Cabo Verde,2003,sanitation_basic,43.8664094982459,WHO/UNICEF JMP (via World Bank API),2026-09-02
CPV,Cabo Verde,2002,sanitation_basic,41.5375071985025,WHO/UNICEF JMP (via World Bank API),2026-09-02
CPV,Cabo Verde,2001,sanitation_basic,39.1910554393962,WHO/UNICEF JMP (via World Bank API),2026-09-02
CPV,Cabo Verde,2000,sanitation_basic,36.827954010232,WHO/UNICEF JMP (via World Bank API),2026-09-02
KHM,Cambodia,2023,sanitation_basic,80.3569034278216,WHO/UNICEF JMP (via World Bank API),2026-09-02
KHM,Cambodia,2022,sanitation_basic,77.0641162411033,WHO/UNICEF JMP (via World Bank API),2026-09-02
KHM,Cambodia,2021,sanitation_basic,73.7752065517154,WHO/UNICEF JMP (via World Bank API),2026-09-02
KHM,Cambodia,2020,sanitation_basic,70.4910427870757,WHO/UNICEF JMP (via World Bank API),2026-09-02
KHM,Cambodia,2019,sanitation_basic,67.2122392007629,WHO/UNICEF JMP (via World Bank API),2026-09-02
KHM,Cambodia,2018,sanitation_basic,63.9398472470947,WHO/UNICEF JMP (via World Bank API),2026-09-02
KHM,Cambodia,2017,sanitation_basic,60.6744151428492,WHO/UNICEF JMP (via World Bank API),2026-09-02
KHM,Cambodia,2016,sanitation_basic,57.417022532982,WHO/UNICEF JMP (via World Bank API),2026-09-02
KHM,Cambodia,2015,sanitation_basic,54.1665197831593,WHO/UNICEF JMP (via World Bank API),2026-09-02
KHM,Cambodia,2014,sanitation_basic,50.9237116921206,WHO/UNICEF JMP (via World Bank API),2026-09-02
KHM,Cambodia,2013,sanitation_basic,47.6891050739855,WHO/UNICEF JMP (via World Bank API),2026-09-02
KHM,Cambodia,2012,sanitation_basic,44.4635910579506,WHO/UNICEF JMP (via World Bank API),2026-09-02
KHM,Cambodia,2011,sanitation_basic,41.2469119068715,WHO/UNICEF JMP (via World Bank API),2026-09-02
KHM,Cambodia,2010,sanitation_basic,38.0399288332331,WHO/UNICEF JMP (via World Bank API),2026-09-02
KHM,Cambodia,2009,sanitation_basic,34.8431292661324,WHO/UNICEF JMP (via World Bank API),2026-09-02
KHM,Cambodia,2008,sanitation_basic,31.6569911125652,WHO/UNICEF JMP (via World Bank API),2026-09-02
KHM,Cambodia,2007,sanitation_basic,28.5752843908418,WHO/UNICEF JMP (via World Bank API),2026-09-02
KHM,Cambodia,2006,sanitation_basic,25.5284652809793,WHO/UNICEF JMP (via World Bank API),2026-09-02
KHM,Cambodia,2005,sanitation_basic,22.4997083184805,WHO/UNICEF JMP (via World Bank API),2026-09-02
KHM,Cambodia,2004,sanitation_basic,19.4886033113327,WHO/UNICEF JMP (via World Bank API),2026-09-02
KHM,Cambodia,2003,sanitation_basic,16.4957664710748,WHO/UNICEF JMP (via World Bank API),2026-09-02
KHM,Cambodia,2002,sanitation_basic,13.5213126606582,WHO/UNICEF JMP (via World Bank API),2026-09-02
KHM,Cambodia,2001,sanitation_basic,10.7958282120224,WHO/UNICEF JMP (via World Bank API),2026-09-02
KHM,Cambodia,2000,sanitation_basic,10.447277669756,WHO/UNICEF JMP (via World Bank API),2026-09-02
CMR,Cameroon,2023,sanitation_basic,46.6226225275107,WHO/UNICEF JMP (via World Bank API),2026-09-02
CMR,Cameroon,2022,sanitation_basic,46.1747220268822,WHO/UNICEF JMP (via World Bank API),2026-09-02
CMR,Cameroon,2021,sanitation_basic,45.7300133468788,WHO/UNICEF JMP (via World Bank API),2026-09-02
CMR,Cameroon,2020,sanitation_basic,45.2885112207418,WHO/UNICEF JMP (via World Bank API),2026-09-02
CMR,Cameroon,2019,sanitation_basic,44.8498829146317,WHO/UNICEF JMP (via World Bank API),2026-09-02
CMR,Cameroon,2018,sanitation_basic,44.4148640176423,WHO/UNICEF JMP (via World Bank API),2026-09-02
CMR,Cameroon,2017,sanitation_basic,43.9831129823405,WHO/UNICEF JMP (via World Bank API),2026-09-02
CMR,Cameroon,2016,sanitation_basic,43.555339313602,WHO/UNICEF JMP (via World Bank API),2026-09-02
CMR,Cameroon,2015,sanitation_basic,43.1308620153925,WHO/UNICEF JMP (via World Bank API),2026-09-02
CMR,Cameroon,2014,sanitation_basic,42.7103744161323,WHO/UNICEF JMP (via World Bank API),2026-09-02
CMR,Cameroon,2013,sanitation_basic,42.2938755253473,WHO/UNICEF JMP (via World Bank API),2026-09-02
CMR,Cameroon,2012,sanitation_basic,41.8813685431632,WHO/UNICEF JMP (via World Bank API),2026-09-02
CMR,Cameroon,2011,sanitation_basic,41.47285114669,WHO/UNICEF JMP (via World Bank API),2026-09-02
CMR,Cameroon,2010,sanitation_basic,41.0686436848584,WHO/UNICEF JMP (via World Bank API),2026-09-02
CMR,Cameroon,2009,sanitation_basic,40.6687438087427,WHO/UNICEF JMP (via World Bank API),2026-09-02
CMR,Cameroon,2008,sanitation_basic,40.2734502147764,WHO/UNICEF JMP (via World Bank API),2026-09-02
CMR,Cameroon,2007,sanitation_basic,39.8824343932762,WHO/UNICEF JMP (via World Bank API),2026-09-02
CMR,Cameroon,2006,sanitation_basic,39.4959944299355,WHO/UNICEF JMP (via World Bank API),2026-09-02
CMR,Cameroon,2005,sanitation_basic,39.1141100533379,WHO/UNICEF JMP (via World Bank API),2026-09-02
CMR,Cameroon,2004,sanitation_basic,38.736762781943,WHO/UNICEF JMP (via World Bank API),2026-09-02
CMR,Cameroon,2003,sanitation_basic,38.3633336781567,WHO/UNICEF JMP (via World Bank API),2026-09-02
CMR,Cameroon,2002,sanitation_basic,37.9947075137207,WHO/UNICEF JMP (via World Bank API),2026-09-02
CMR,Cameroon,2001,sanitation_basic,37.7799954148968,WHO/UNICEF JMP (via World Bank API),2026-09-02
CMR,Cameroon,2000,sanitation_basic,37.5661811000038,WHO/UNICEF JMP (via World Bank API),2026-09-02
CAN,Canada,2023,sanitation_basic,98.5881318805776,WHO/UNICEF JMP (via World Bank API),2026-09-02
CAN,Canada,2022,sanitation_basic,98.5883597851291,WHO/UNICEF JMP (via World Bank API),2026-09-02
CAN,Canada,2021,sanitation_basic,98.5885671606396,WHO/UNICEF JMP (via World Bank API),2026-09-02
CAN,Canada,2020,sanitation_basic,98.6730086081464,WHO/UNICEF JMP (via World Bank API),2026-09-02
CAN,Canada,2019,sanitation_basic,98.7573247700797,WHO/UNICEF JMP (via World Bank API),2026-09-02
CAN,Canada,2018,sanitation_basic,98.84154412867,WHO/UNICEF JMP (via World Bank API),2026-09-02
CAN,Canada,2017,sanitation_basic,98.9256763278337,WHO/UNICEF JMP (via World Bank API),2026-09-02
CAN,Canada,2016,sanitation_basic,99.0097526693879,WHO/UNICEF JMP (via World Bank API),2026-09-02
CAN,Canada,2015,sanitation_basic,99.0937780508687,WHO/UNICEF JMP (via World Bank API),2026-09-02
CAN,Canada,2014,sanitation_basic,99.1777500183005,WHO/UNICEF JMP (via World Bank API),2026-09-02
CAN,Canada,2013,sanitation_basic,99.2616780948354,WHO/UNICEF JMP (via World Bank API),2026-09-02
CAN,Canada,2012,sanitation_basic,99.3455544247407,WHO/UNICEF JMP (via World Bank API),2026-09-02
CAN,Canada,2011,sanitation_basic,99.4293838454061,WHO/UNICEF JMP (via World Bank API),2026-09-02
CAN,Canada,2010,sanitation_basic,99.5126181540999,WHO/UNICEF JMP (via World Bank API),2026-09-02
CAN,Canada,2009,sanitation_basic,99.5955583039344,WHO/UNICEF JMP (via World Bank API),2026-09-02
CAN,Canada,2008,sanitation_basic,99.6782742849719,WHO/UNICEF JMP (via World Bank API),2026-09-02
CAN,Canada,2007,sanitation_basic,99.7607606816524,WHO/UNICEF JMP (via World Bank API),2026-09-02
CAN,Canada,2006,sanitation_basic,99.8430162755526,WHO/UNICEF JMP (via World Bank API),2026-09-02
CAN,Canada,2005,sanitation_basic,99.8639583203514,WHO/UNICEF JMP (via World Bank API),2026-09-02
CAN,Canada,2004,sanitation_basic,99.8703662409249,WHO/UNICEF JMP (via World Bank API),2026-09-02
CAN,Canada,2003,sanitation_basic,99.8698601366665,WHO/UNICEF JMP (via World Bank API),2026-09-02
CAN,Canada,2002,sanitation_basic,99.869342983024,WHO/UNICEF JMP (via World Bank API),2026-09-02
CAN,Canada,2001,sanitation_basic,99.8688346973746,WHO/UNICEF JMP (via World Bank API),2026-09-02
CAN,Canada,2000,sanitation_basic,99.8666796985606,WHO/UNICEF JMP (via World Bank API),2026-09-02
CYM,Cayman Islands,2023,sanitation_basic,83.2442168711656,WHO/UNICEF JMP (via World Bank API),2026-09-02
CYM,Cayman Islands,2022,sanitation_basic,83.2662883435582,WHO/UNICEF JMP (via World Bank API),2026-09-02
CYM,Cayman Islands,2021,sanitation_basic,83.2879829754601,WHO/UNICEF JMP (via World Bank API),2026-09-02
CYM,Cayman Islands,2020,sanitation_basic,83.3093007668711,WHO/UNICEF JMP (via World Bank API),2026-09-02
CYM,Cayman Islands,2019,sanitation_basic,83.3302417177914,WHO/UNICEF JMP (via World Bank API),2026-09-02
CYM,Cayman Islands,2018,sanitation_basic,83.3508058282208,WHO/UNICEF JMP (via World Bank API),2026-09-02
CYM,Cayman Islands,2017,sanitation_basic,83.3709930981595,WHO/UNICEF JMP (via World Bank API),2026-09-02
CYM,Cayman Islands,2016,sanitation_basic,83.3908035276073,WHO/UNICEF JMP (via World Bank API),2026-09-02
CYM,Cayman Islands,2015,sanitation_basic,83.4102371165644,WHO/UNICEF JMP (via World Bank API),2026-09-02
CYM,Cayman Islands,2014,sanitation_basic,83.4292938650307,WHO/UNICEF JMP (via World Bank API),2026-09-02
CYM,Cayman Islands,2013,sanitation_basic,83.4479737730061,WHO/UNICEF JMP (via World Bank API),2026-09-02
CYM,Cayman Islands,2012,sanitation_basic,83.4662768404908,WHO/UNICEF JMP (via World Bank API),2026-09-02
CYM,Cayman Islands,2011,sanitation_basic,83.4842030674846,WHO/UNICEF JMP (via World Bank API),2026-09-02
CYM,Cayman Islands,2010,sanitation_basic,83.5017524539877,WHO/UNICEF JMP (via World Bank API),2026-09-02
CYM,Cayman Islands,2009,sanitation_basic,83.518925,WHO/UNICEF JMP (via World Bank API),2026-09-02
CYM,Cayman Islands,2008,sanitation_basic,83.5357207055214,WHO/UNICEF JMP (via World Bank API),2026-09-02
CYM,Cayman Islands,2007,sanitation_basic,83.669757285276,WHO/UNICEF JMP (via World Bank API),2026-09-02
CYM,Cayman Islands,2006,sanitation_basic,83.8037938650307,WHO/UNICEF JMP (via World Bank API),2026-09-02
CYM,Cayman Islands,2005,sanitation_basic,83.9378304447852,WHO/UNICEF JMP (via World Bank API),2026-09-02
CYM,Cayman Islands,2004,sanitation_basic,83.9378304447852,WHO/UNICEF JMP (via World Bank API),2026-09-02
CYM,Cayman Islands,2003,sanitation_basic,83.9378304447852,WHO/UNICEF JMP (via World Bank API),2026-09-02
CYM,Cayman Islands,2002,sanitation_basic,83.9378304447852,WHO/UNICEF JMP (via World Bank API),2026-09-02
CYM,Cayman Islands,2001,sanitation_basic,83.9378304447852,WHO/UNICEF JMP (via World Bank API),2026-09-02
CAF,Central African Republic,2023,sanitation_basic,13.939220081887,WHO/UNICEF JMP (via World Bank API),2026-09-02
CAF,Central African Republic,2022,sanitation_basic,13.8462941483121,WHO/UNICEF JMP (via World Bank API),2026-09-02
CAF,Central African Republic,2021,sanitation_basic,13.7575074575386,WHO/UNICEF JMP (via World Bank API),2026-09-02
CAF,Central African Republic,2020,sanitation_basic,14.1186349646869,WHO/UNICEF JMP (via World Bank API),2026-09-02
CAF,Central African Republic,2019,sanitation_basic,14.481982156805,WHO/UNICEF JMP (via World Bank API),2026-09-02
CAF,Central African Republic,2018,sanitation_basic,14.8478356260426,WHO/UNICEF JMP (via World Bank API),2026-09-02
CAF,Central African Republic,2017,sanitation_basic,15.2164870297134,WHO/UNICEF JMP (via World Bank API),2026-09-02
CAF,Central African Republic,2016,sanitation_basic,15.5882414691861,WHO/UNICEF JMP (via World Bank API),2026-09-02
CAF,Central African Republic,2015,sanitation_basic,15.9631877672806,WHO/UNICEF JMP (via World Bank API),2026-09-02
CAF,Central African Republic,2014,sanitation_basic,16.3420825760043,WHO/UNICEF JMP (via World Bank API),2026-09-02
CAF,Central African Republic,2013,sanitation_basic,16.7250416550218,WHO/UNICEF JMP (via World Bank API),2026-09-02
CAF,Central African Republic,2012,sanitation_basic,17.1121597682915,WHO/UNICEF JMP (via World Bank API),2026-09-02
CAF,Central African Republic,2011,sanitation_basic,17.5040118095515,WHO/UNICEF JMP (via World Bank API),2026-09-02
CAF,Central African Republic,2010,sanitation_basic,17.9009516216973,WHO/UNICEF JMP (via World Bank API),2026-09-02
CAF,Central African Republic,2009,sanitation_basic,18.3030854351949,WHO/UNICEF JMP (via World Bank API),2026-09-02
CAF,Central African Republic,2008,sanitation_basic,18.7110288344225,WHO/UNICEF JMP (via World Bank API),2026-09-02
CAF,Central African Republic,2007,sanitation_basic,19.1248924348841,WHO/UNICEF JMP (via World Bank API),2026-09-02
CAF,Central African Republic,2006,sanitation_basic,19.5450443579564,WHO/UNICEF JMP (via World Bank API),2026-09-02
CAF,Central African Republic,2005,sanitation_basic,19.9721484876891,WHO/UNICEF JMP (via World Bank API),2026-09-02
CAF,Central African Republic,2004,sanitation_basic,20.4063183359002,WHO/UNICEF JMP (via World Bank API),2026-09-02
CAF,Central African Republic,2003,sanitation_basic,20.4536055406808,WHO/UNICEF JMP (via World Bank API),2026-09-02
CAF,Central African Republic,2002,sanitation_basic,20.5005930190466,WHO/UNICEF JMP (via World Bank API),2026-09-02
CAF,Central African Republic,2001,sanitation_basic,20.5472812527442,WHO/UNICEF JMP (via World Bank API),2026-09-02
CAF,Central African Republic,2000,sanitation_basic,20.5939671158027,WHO/UNICEF JMP (via World Bank API),2026-09-02
TCD,Chad,2023,sanitation_basic,13.0279538007946,WHO/UNICEF JMP (via World Bank API),2026-09-02
TCD,Chad,2022,sanitation_basic,12.9220668166821,WHO/UNICEF JMP (via World Bank API),2026-09-02
TCD,Chad,2021,sanitation_basic,12.823518442494,WHO/UNICEF JMP (via World Bank API),2026-09-02
TCD,Chad,2020,sanitation_basic,12.5503209104072,WHO/UNICEF JMP (via World Bank API),2026-09-02
TCD,Chad,2019,sanitation_basic,12.2940184363217,WHO/UNICEF JMP (via World Bank API),2026-09-02
TCD,Chad,2018,sanitation_basic,12.0541194503815,WHO/UNICEF JMP (via World Bank API),2026-09-02
TCD,Chad,2017,sanitation_basic,11.8291930674672,WHO/UNICEF JMP (via World Bank API),2026-09-02
TCD,Chad,2016,sanitation_basic,11.6187911677525,WHO/UNICEF JMP (via World Bank API),2026-09-02
TCD,Chad,2015,sanitation_basic,11.421878644262,WHO/UNICEF JMP (via World Bank API),2026-09-02
TCD,Chad,2014,sanitation_basic,11.2377495765285,WHO/UNICEF JMP (via World Bank API),2026-09-02
TCD,Chad,2013,sanitation_basic,11.0657152698931,WHO/UNICEF JMP (via World Bank API),2026-09-02
TCD,Chad,2012,sanitation_basic,10.9048548883194,WHO/UNICEF JMP (via World Bank API),2026-09-02
TCD,Chad,2011,sanitation_basic,10.7545443393763,WHO/UNICEF JMP (via World Bank API),2026-09-02
TCD,Chad,2010,sanitation_basic,10.6144013332631,WHO/UNICEF JMP (via World Bank API),2026-09-02
TCD,Chad,2009,sanitation_basic,10.4835847980319,WHO/UNICEF JMP (via World Bank API),2026-09-02
TCD,Chad,2008,sanitation_basic,10.3615175647599,WHO/UNICEF JMP (via World Bank API),2026-09-02
TCD,Chad,2007,sanitation_basic,10.2767459840374,WHO/UNICEF JMP (via World Bank API),2026-09-02
TCD,Chad,2006,sanitation_basic,10.1921113947544,WHO/UNICEF JMP (via World Bank API),2026-09-02
TCD,Chad,2005,sanitation_basic,10.1080110721991,WHO/UNICEF JMP (via World Bank API),2026-09-02
TCD,Chad,2004,sanitation_basic,10.0242446229249,WHO/UNICEF JMP (via World Bank API),2026-09-02
TCD,Chad,2003,sanitation_basic,9.94081082830359,WHO/UNICEF JMP (via World Bank API),2026-09-02
TCD,Chad,2002,sanitation_basic,9.85770983495689,WHO/UNICEF JMP (via World Bank API),2026-09-02
TCD,Chad,2001,sanitation_basic,9.7751135418566,WHO/UNICEF JMP (via World Bank API),2026-09-02
TCD,Chad,2000,sanitation_basic,9.69267435850219,WHO/UNICEF JMP (via World Bank API),2026-09-02
CHL,Chile,2023,sanitation_basic,100.0,WHO/UNICEF JMP (via World Bank API),2026-09-02
CHL,Chile,2022,sanitation_basic,99.9999982963226,WHO/UNICEF JMP (via World Bank API),2026-09-02
CHL,Chile,2021,sanitation_basic,100.0,WHO/UNICEF JMP (via World Bank API),2026-09-02
CHL,Chile,2020,sanitation_basic,99.3144814902357,WHO/UNICEF JMP (via World Bank API),2026-09-02
CHL,Chile,2019,sanitation_basic,99.2440906332437,WHO/UNICEF JMP (via World Bank API),2026-09-02
CHL,Chile,2018,sanitation_basic,99.1482997350228,WHO/UNICEF JMP (via World Bank API),2026-09-02
CHL,Chile,2017,sanitation_basic,98.8734482786872,WHO/UNICEF JMP (via World Bank API),2026-09-02
CHL,Chile,2016,sanitation_basic,98.5469573760897,WHO/UNICEF JMP (via World Bank API),2026-09-02
CHL,Chile,2015,sanitation_basic,98.2192140338201,WHO/UNICEF JMP (via World Bank API),2026-09-02
CHL,Chile,2014,sanitation_basic,97.8903546452322,WHO/UNICEF JMP (via World Bank API),2026-09-02
CHL,Chile,2013,sanitation_basic,97.5601040614425,WHO/UNICEF JMP (via World Bank API),2026-09-02
CHL,Chile,2012,sanitation_basic,97.2284642217627,WHO/UNICEF JMP (via World Bank API),2026-09-02
CHL,Chile,2011,sanitation_basic,96.895427820741,WHO/UNICEF JMP (via World Bank API),2026-09-02
CHL,Chile,2010,sanitation_basic,96.5608717645089,WHO/UNICEF JMP (via World Bank API),2026-09-02
CHL,Chile,2009,sanitation_basic,96.2250417785822,WHO/UNICEF JMP (via World Bank API),2026-09-02
CHL,Chile,2008,sanitation_basic,95.8876613172274,WHO/UNICEF JMP (via World Bank API),2026-09-02
CHL,Chile,2007,sanitation_basic,95.5487017791555,WHO/UNICEF JMP (via World Bank API),2026-09-02
CHL,Chile,2006,sanitation_basic,95.2084736344443,WHO/UNICEF JMP (via World Bank API),2026-09-02
CHL,Chile,2005,sanitation_basic,94.8666435594801,WHO/UNICEF JMP (via World Bank API),2026-09-02
CHL,Chile,2004,sanitation_basic,94.5235711330979,WHO/UNICEF JMP (via World Bank API),2026-09-02
CHL,Chile,2003,sanitation_basic,94.1786535457262,WHO/UNICEF JMP (via World Bank API),2026-09-02
CHL,Chile,2002,sanitation_basic,93.8324984055007,WHO/UNICEF JMP (via World Bank API),2026-09-02
CHL,Chile,2001,sanitation_basic,93.4409142723436,WHO/UNICEF JMP (via World Bank API),2026-09-02
CHL,Chile,2000,sanitation_basic,93.0315875725164,WHO/UNICEF JMP (via World Bank API),2026-09-02
CHN,China,2023,sanitation_basic,97.2411682339468,WHO/UNICEF JMP (via World Bank API),2026-09-02
CHN,China,2022,sanitation_basic,95.8923648413213,WHO/UNICEF JMP (via World Bank API),2026-09-02
CHN,China,2021,sanitation_basic,94.3857583646751,WHO/UNICEF JMP (via World Bank API),2026-09-02
CHN,China,2020,sanitation_basic,92.8514975328901,WHO/UNICEF JMP (via World Bank API),2026-09-02
CHN,China,2019,sanitation_basic,91.2881339239822,WHO/UNICEF JMP (via World Bank API),2026-09-02
CHN,China,2018,sanitation_basic,89.6942189460529,WHO/UNICEF JMP (via World Bank API),2026-09-02
CHN,China,2017,sanitation_basic,88.0683084431652,WHO/UNICEF JMP (via World Bank API),2026-09-02
CHN,China,2016,sanitation_basic,86.4094766918916,WHO/UNICEF JMP (via World Bank API),2026-09-02
CHN,China,2015,sanitation_basic,84.7193121416501,WHO/UNICEF JMP (via World Bank API),2026-09-02
CHN,China,2014,sanitation_basic,82.9984761523817,WHO/UNICEF JMP (via World Bank API),2026-09-02
CHN,China,2013,sanitation_basic,81.2468005281191,WHO/UNICEF JMP (via World Bank API),2026-09-02
CHN,China,2012,sanitation_basic,79.464667537609,WHO/UNICEF JMP (via World Bank API),2026-09-02
CHN,China,2011,sanitation_basic,77.6512502388913,WHO/UNICEF JMP (via World Bank API),2026-09-02
CHN,China,2010,sanitation_basic,75.8010481056182,WHO/UNICEF JMP (via World Bank API),2026-09-02
CHN,China,2009,sanitation_basic,73.906061649452,WHO/UNICEF JMP (via World Bank API),2026-09-02
CHN,China,2008,sanitation_basic,71.9796237589,WHO/UNICEF JMP (via World Bank API),2026-09-02
CHN,China,2007,sanitation_basic,70.020980914326,WHO/UNICEF JMP (via World Bank API),2026-09-02
CHN,China,2006,sanitation_basic,68.0323487727096,WHO/UNICEF JMP (via World Bank API),2026-09-02
CHN,China,2005,sanitation_basic,66.007414871417,WHO/UNICEF JMP (via World Bank API),2026-09-02
CHN,China,2004,sanitation_basic,63.9406214031558,WHO/UNICEF JMP (via World Bank API),2026-09-02
CHN,China,2003,sanitation_basic,61.8436136467816,WHO/UNICEF JMP (via World Bank API),2026-09-02
CHN,China,2002,sanitation_basic,59.7190918918749,WHO/UNICEF JMP (via World Bank API),2026-09-02
CHN,China,2001,sanitation_basic,57.5684600392291,WHO/UNICEF JMP (via World Bank API),2026-09-02
CHN,China,2000,sanitation_basic,56.8201092570023,WHO/UNICEF JMP (via World Bank API),2026-09-02
COL,Colombia,2023,sanitation_basic,95.7128008202529,WHO/UNICEF JMP (via World Bank API),2026-09-02
COL,Colombia,2022,sanitation_basic,94.8425154559797,WHO/UNICEF JMP (via World Bank API),2026-09-02
COL,Colombia,2021,sanitation_basic,93.9711220297613,WHO/UNICEF JMP (via World Bank API),2026-09-02
COL,Colombia,2020,sanitation_basic,93.0987394041419,WHO/UNICEF JMP (via World Bank API),2026-09-02
COL,Colombia,2019,sanitation_basic,92.2252062631808,WHO/UNICEF JMP (via World Bank API),2026-09-02
COL,Colombia,2018,sanitation_basic,91.3506596764722,WHO/UNICEF JMP (via World Bank API),2026-09-02
COL,Colombia,2017,sanitation_basic,90.4749374427322,WHO/UNICEF JMP (via World Bank API),2026-09-02
COL,Colombia,2016,sanitation_basic,89.5980252896949,WHO/UNICEF JMP (via World Bank API),2026-09-02
COL,Colombia,2015,sanitation_basic,88.7199118898909,WHO/UNICEF JMP (via World Bank API),2026-09-02
COL,Colombia,2014,sanitation_basic,87.8407302764007,WHO/UNICEF JMP (via World Bank API),2026-09-02
COL,Colombia,2013,sanitation_basic,86.9605014574524,WHO/UNICEF JMP (via World Bank API),2026-09-02
COL,Colombia,2012,sanitation_basic,86.0790424953877,WHO/UNICEF JMP (via World Bank API),2026-09-02
COL,Colombia,2011,sanitation_basic,85.1963554743704,WHO/UNICEF JMP (via World Bank API),2026-09-02
COL,Colombia,2010,sanitation_basic,84.3126146543662,WHO/UNICEF JMP (via World Bank API),2026-09-02
COL,Colombia,2009,sanitation_basic,83.4276365451397,WHO/UNICEF JMP (via World Bank API),2026-09-02
COL,Colombia,2008,sanitation_basic,82.5414361223495,WHO/UNICEF JMP (via World Bank API),2026-09-02
COL,Colombia,2007,sanitation_basic,81.654183644965,WHO/UNICEF JMP (via World Bank API),2026-09-02
COL,Colombia,2006,sanitation_basic,80.7659057665672,WHO/UNICEF JMP (via World Bank API),2026-09-02
COL,Colombia,2005,sanitation_basic,79.8764166229858,WHO/UNICEF JMP (via World Bank API),2026-09-02
COL,Colombia,2004,sanitation_basic,78.9859213001689,WHO/UNICEF JMP (via World Bank API),2026-09-02
COL,Colombia,2003,sanitation_basic,78.094433998105,WHO/UNICEF JMP (via World Bank API),2026-09-02
COL,Colombia,2002,sanitation_basic,77.201981016796,WHO/UNICEF JMP (via World Bank API),2026-09-02
COL,Colombia,2001,sanitation_basic,76.3087852021203,WHO/UNICEF JMP (via World Bank API),2026-09-02
COL,Colombia,2000,sanitation_basic,75.4148773585247,WHO/UNICEF JMP (via World Bank API),2026-09-02
COM,Comoros,2023,sanitation_basic,56.104836588019,WHO/UNICEF JMP (via World Bank API),2026-09-02
COM,Comoros,2022,sanitation_basic,54.9623663372908,WHO/UNICEF JMP (via World Bank API),2026-09-02
COM,Comoros,2021,sanitation_basic,53.7961210274577,WHO/UNICEF JMP (via World Bank API),2026-09-02
COM,Comoros,2020,sanitation_basic,52.6066035113726,WHO/UNICEF JMP (via World Bank API),2026-09-02
COM,Comoros,2019,sanitation_basic,51.3942491790653,WHO/UNICEF JMP (via World Bank API),2026-09-02
COM,Comoros,2018,sanitation_basic,50.159514854681,WHO/UNICEF JMP (via World Bank API),2026-09-02
COM,Comoros,2017,sanitation_basic,48.9029223957365,WHO/UNICEF JMP (via World Bank API),2026-09-02
COM,Comoros,2016,sanitation_basic,47.6248040673008,WHO/UNICEF JMP (via World Bank API),2026-09-02
COM,Comoros,2015,sanitation_basic,46.3255872493184,WHO/UNICEF JMP (via World Bank API),2026-09-02
COM,Comoros,2014,sanitation_basic,45.005792347169,WHO/UNICEF JMP (via World Bank API),2026-09-02
COM,Comoros,2013,sanitation_basic,43.665877233981,WHO/UNICEF JMP (via World Bank API),2026-09-02
COM,Comoros,2012,sanitation_basic,42.3060704892515,WHO/UNICEF JMP (via World Bank API),2026-09-02
COM,Comoros,2011,sanitation_basic,40.9270162396415,WHO/UNICEF JMP (via World Bank API),2026-09-02
COM,Comoros,2010,sanitation_basic,39.5290364231299,WHO/UNICEF JMP (via World Bank API),2026-09-02
COM,Comoros,2009,sanitation_basic,38.1124210259684,WHO/UNICEF JMP (via World Bank API),2026-09-02
COM,Comoros,2008,sanitation_basic,36.6778613088967,WHO/UNICEF JMP (via World Bank API),2026-09-02
COM,Comoros,2007,sanitation_basic,35.2256531986229,WHO/UNICEF JMP (via World Bank API),2026-09-02
COM,Comoros,2006,sanitation_basic,33.75605986205,WHO/UNICEF JMP (via World Bank API),2026-09-02
COM,Comoros,2005,sanitation_basic,32.2696522597859,WHO/UNICEF JMP (via World Bank API),2026-09-02
COM,Comoros,2004,sanitation_basic,30.7668527595674,WHO/UNICEF JMP (via World Bank API),2026-09-02
COM,Comoros,2003,sanitation_basic,29.2480866735385,WHO/UNICEF JMP (via World Bank API),2026-09-02
COM,Comoros,2002,sanitation_basic,27.7107884685143,WHO/UNICEF JMP (via World Bank API),2026-09-02
COM,Comoros,2001,sanitation_basic,26.1545650647282,WHO/UNICEF JMP (via World Bank API),2026-09-02
COM,Comoros,2000,sanitation_basic,24.4251137817351,WHO/UNICEF JMP (via World Bank API),2026-09-02
COD,"Congo, Dem. Rep.",2023,sanitation_basic,16.2386817602994,WHO/UNICEF JMP (via World Bank API),2026-09-02
COD,"Congo, Dem. Rep.",2022,sanitation_basic,16.1744730669276,WHO/UNICEF JMP (via World Bank API),2026-09-02
COD,"Congo, Dem. Rep.",2021,sanitation_basic,16.1461710925268,WHO/UNICEF JMP (via World Bank API),2026-09-02
COD,"Congo, Dem. Rep.",2020,sanitation_basic,16.1158651582213,WHO/UNICEF JMP (via World Bank API),2026-09-02
COD,"Congo, Dem. Rep.",2019,sanitation_basic,16.416662028181,WHO/UNICEF JMP (via World Bank API),2026-09-02
COD,"Congo, Dem. Rep.",2018,sanitation_basic,16.7256345274003,WHO/UNICEF JMP (via World Bank API),2026-09-02
COD,"Congo, Dem. Rep.",2017,sanitation_basic,17.0428367247806,WHO/UNICEF JMP (via World Bank API),2026-09-02
COD,"Congo, Dem. Rep.",2016,sanitation_basic,17.3684018777428,WHO/UNICEF JMP (via World Bank API),2026-09-02
COD,"Congo, Dem. Rep.",2015,sanitation_basic,17.7022823048892,WHO/UNICEF JMP (via World Bank API),2026-09-02
COD,"Congo, Dem. Rep.",2014,sanitation_basic,18.044594889942,WHO/UNICEF JMP (via World Bank API),2026-09-02
COD,"Congo, Dem. Rep.",2013,sanitation_basic,18.3953621300218,WHO/UNICEF JMP (via World Bank API),2026-09-02
COD,"Congo, Dem. Rep.",2012,sanitation_basic,18.754668067258,WHO/UNICEF JMP (via World Bank API),2026-09-02
COD,"Congo, Dem. Rep.",2011,sanitation_basic,19.1224518584775,WHO/UNICEF JMP (via World Bank API),2026-09-02
COD,"Congo, Dem. Rep.",2010,sanitation_basic,19.4987263873328,WHO/UNICEF JMP (via World Bank API),2026-09-02
COD,"Congo, Dem. Rep.",2009,sanitation_basic,19.8835866395137,WHO/UNICEF JMP (via World Bank API),2026-09-02
COD,"Congo, Dem. Rep.",2008,sanitation_basic,20.2769257473546,WHO/UNICEF JMP (via World Bank API),2026-09-02
COD,"Congo, Dem. Rep.",2007,sanitation_basic,20.6788073735842,WHO/UNICEF JMP (via World Bank API),2026-09-02
COD,"Congo, Dem. Rep.",2006,sanitation_basic,21.0891369417888,WHO/UNICEF JMP (via World Bank API),2026-09-02
COD,"Congo, Dem. Rep.",2005,sanitation_basic,21.5079480867388,WHO/UNICEF JMP (via World Bank API),2026-09-02
COD,"Congo, Dem. Rep.",2004,sanitation_basic,21.9485957968142,WHO/UNICEF JMP (via World Bank API),2026-09-02
COD,"Congo, Dem. Rep.",2003,sanitation_basic,22.3929738740922,WHO/UNICEF JMP (via World Bank API),2026-09-02
COD,"Congo, Dem. Rep.",2002,sanitation_basic,22.8409794207926,WHO/UNICEF JMP (via World Bank API),2026-09-02
COD,"Congo, Dem. Rep.",2001,sanitation_basic,23.2925757259411,WHO/UNICEF JMP (via World Bank API),2026-09-02
COD,"Congo, Dem. Rep.",2000,sanitation_basic,23.7477310886232,WHO/UNICEF JMP (via World Bank API),2026-09-02
COG,"Congo, Rep.",2021,sanitation_basic,20.5548099594917,WHO/UNICEF JMP (via World Bank API),2026-09-02
COG,"Congo, Rep.",2020,sanitation_basic,20.4597460251332,WHO/UNICEF JMP (via World Bank API),2026-09-02
COG,"Congo, Rep.",2019,sanitation_basic,20.3642632516174,WHO/UNICEF JMP (via World Bank API),2026-09-02
COG,"Congo, Rep.",2018,sanitation_basic,20.2685707874205,WHO/UNICEF JMP (via World Bank API),2026-09-02
COG,"Congo, Rep.",2017,sanitation_basic,20.1728789551264,WHO/UNICEF JMP (via World Bank API),2026-09-02
COG,"Congo, Rep.",2016,sanitation_basic,19.5480521293593,WHO/UNICEF JMP (via World Bank API),2026-09-02
COG,"Congo, Rep.",2015,sanitation_basic,18.9369281667441,WHO/UNICEF JMP (via World Bank API),2026-09-02
COG,"Congo, Rep.",2014,sanitation_basic,18.3393600656814,WHO/UNICEF JMP (via World Bank API),2026-09-02
COG,"Congo, Rep.",2013,sanitation_basic,17.7552084772419,WHO/UNICEF JMP (via World Bank API),2026-09-02
COG,"Congo, Rep.",2012,sanitation_basic,17.1843319193312,WHO/UNICEF JMP (via World Bank API),2026-09-02
COG,"Congo, Rep.",2011,sanitation_basic,16.6267539486772,WHO/UNICEF JMP (via World Bank API),2026-09-02
COG,"Congo, Rep.",2010,sanitation_basic,16.0823108780158,WHO/UNICEF JMP (via World Bank API),2026-09-02
COG,"Congo, Rep.",2009,sanitation_basic,15.5506904084731,WHO/UNICEF JMP (via World Bank API),2026-09-02
COG,"Congo, Rep.",2008,sanitation_basic,15.0320398597223,WHO/UNICEF JMP (via World Bank API),2026-09-02
COG,"Congo, Rep.",2007,sanitation_basic,14.526041670099,WHO/UNICEF JMP (via World Bank API),2026-09-02
COG,"Congo, Rep.",2006,sanitation_basic,14.0325360521402,WHO/UNICEF JMP (via World Bank API),2026-09-02
COG,"Congo, Rep.",2005,sanitation_basic,13.5511098859657,WHO/UNICEF JMP (via World Bank API),2026-09-02
COG,"Congo, Rep.",2004,sanitation_basic,13.081524943127,WHO/UNICEF JMP (via World Bank API),2026-09-02
COG,"Congo, Rep.",2003,sanitation_basic,12.623677389001,WHO/UNICEF JMP (via World Bank API),2026-09-02
COG,"Congo, Rep.",2002,sanitation_basic,12.2942562189499,WHO/UNICEF JMP (via World Bank API),2026-09-02
COG,"Congo, Rep.",2001,sanitation_basic,11.9684717452745,WHO/UNICEF JMP (via World Bank API),2026-09-02
COG,"Congo, Rep.",2000,sanitation_basic,11.9201113215231,WHO/UNICEF JMP (via World Bank API),2026-09-02
CRI,Costa Rica,2023,sanitation_basic,98.6179737414505,WHO/UNICEF JMP (via World Bank API),2026-09-02
CRI,Costa Rica,2022,sanitation_basic,98.4434940972081,WHO/UNICEF JMP (via World Bank API),2026-09-02
CRI,Costa Rica,2021,sanitation_basic,98.265064236441,WHO/UNICEF JMP (via World Bank API),2026-09-02
CRI,Costa Rica,2020,sanitation_basic,98.0823538854413,WHO/UNICEF JMP (via World Bank API),2026-09-02
CRI,Costa Rica,2019,sanitation_basic,97.8949564570676,WHO/UNICEF JMP (via World Bank API),2026-09-02
CRI,Costa Rica,2018,sanitation_basic,97.7025136559983,WHO/UNICEF JMP (via World Bank API),2026-09-02
CRI,Costa Rica,2017,sanitation_basic,97.5045870013496,WHO/UNICEF JMP (via World Bank API),2026-09-02
CRI,Costa Rica,2016,sanitation_basic,97.3007564187582,WHO/UNICEF JMP (via World Bank API),2026-09-02
CRI,Costa Rica,2015,sanitation_basic,97.0905446199626,WHO/UNICEF JMP (via World Bank API),2026-09-02
CRI,Costa Rica,2014,sanitation_basic,96.8735289807789,WHO/UNICEF JMP (via World Bank API),2026-09-02
CRI,Costa Rica,2013,sanitation_basic,96.6492260936329,WHO/UNICEF JMP (via World Bank API),2026-09-02
CRI,Costa Rica,2012,sanitation_basic,96.4170699422162,WHO/UNICEF JMP (via World Bank API),2026-09-02
CRI,Costa Rica,2011,sanitation_basic,96.176583273924,WHO/UNICEF JMP (via World Bank API),2026-09-02
CRI,Costa Rica,2010,sanitation_basic,95.9272885931521,WHO/UNICEF JMP (via World Bank API),2026-09-02
CRI,Costa Rica,2009,sanitation_basic,95.6700736028265,WHO/UNICEF JMP (via World Bank API),2026-09-02
CRI,Costa Rica,2008,sanitation_basic,95.4049708043013,WHO/UNICEF JMP (via World Bank API),2026-09-02
CRI,Costa Rica,2007,sanitation_basic,95.2137195498557,WHO/UNICEF JMP (via World Bank API),2026-09-02
CRI,Costa Rica,2006,sanitation_basic,95.0158919320253,WHO/UNICEF JMP (via World Bank API),2026-09-02
CRI,Costa Rica,2005,sanitation_basic,94.8112740526154,WHO/UNICEF JMP (via World Bank API),2026-09-02
CRI,Costa Rica,2004,sanitation_basic,94.5999033929198,WHO/UNICEF JMP (via World Bank API),2026-09-02
CRI,Costa Rica,2003,sanitation_basic,94.3814516576699,WHO/UNICEF JMP (via World Bank API),2026-09-02
CRI,Costa Rica,2002,sanitation_basic,94.1561067618918,WHO/UNICEF JMP (via World Bank API),2026-09-02
CRI,Costa Rica,2001,sanitation_basic,93.9239551778215,WHO/UNICEF JMP (via World Bank API),2026-09-02
CRI,Costa Rica,2000,sanitation_basic,93.6849644850518,WHO/UNICEF JMP (via World Bank API),2026-09-02
CIV,Cote d'Ivoire,2023,sanitation_basic,39.6407426651959,WHO/UNICEF JMP (via World Bank API),2026-09-02
CIV,Cote d'Ivoire,2022,sanitation_basic,38.6680398290793,WHO/UNICEF JMP (via World Bank API),2026-09-02
CIV,Cote d'Ivoire,2021,sanitation_basic,37.704616869195,WHO/UNICEF JMP (via World Bank API),2026-09-02
CIV,Cote d'Ivoire,2020,sanitation_basic,36.7505613601134,WHO/UNICEF JMP (via World Bank API),2026-09-02
CIV,Cote d'Ivoire,2019,sanitation_basic,35.8059580233634,WHO/UNICEF JMP (via World Bank API),2026-09-02
CIV,Cote d'Ivoire,2018,sanitation_basic,34.8708875943719,WHO/UNICEF JMP (via World Bank API),2026-09-02
CIV,Cote d'Ivoire,2017,sanitation_basic,33.945429522791,WHO/UNICEF JMP (via World Bank API),2026-09-02
CIV,Cote d'Ivoire,2016,sanitation_basic,33.0299664803717,WHO/UNICEF JMP (via World Bank API),2026-09-02
CIV,Cote d'Ivoire,2015,sanitation_basic,32.1245714539308,WHO/UNICEF JMP (via World Bank API),2026-09-02
CIV,Cote d'Ivoire,2014,sanitation_basic,31.2290182892459,WHO/UNICEF JMP (via World Bank API),2026-09-02
CIV,Cote d'Ivoire,2013,sanitation_basic,30.3439798658214,WHO/UNICEF JMP (via World Bank API),2026-09-02
CIV,Cote d'Ivoire,2012,sanitation_basic,29.4667970282772,WHO/UNICEF JMP (via World Bank API),2026-09-02
CIV,Cote d'Ivoire,2011,sanitation_basic,28.5975387967836,WHO/UNICEF JMP (via World Bank API),2026-09-02
CIV,Cote d'Ivoire,2010,sanitation_basic,27.736273942075,WHO/UNICEF JMP (via World Bank API),2026-09-02
CIV,Cote d'Ivoire,2009,sanitation_basic,26.8833706227341,WHO/UNICEF JMP (via World Bank API),2026-09-02
CIV,Cote d'Ivoire,2008,sanitation_basic,26.0389018909406,WHO/UNICEF JMP (via World Bank API),2026-09-02
CIV,Cote d'Ivoire,2007,sanitation_basic,25.2023258965762,WHO/UNICEF JMP (via World Bank API),2026-09-02
CIV,Cote d'Ivoire,2006,sanitation_basic,24.3743169320385,WHO/UNICEF JMP (via World Bank API),2026-09-02
CIV,Cote d'Ivoire,2005,sanitation_basic,23.5549453716697,WHO/UNICEF JMP (via World Bank API),2026-09-02
CIV,Cote d'Ivoire,2004,sanitation_basic,22.7442737383766,WHO/UNICEF JMP (via World Bank API),2026-09-02
CIV,Cote d'Ivoire,2003,sanitation_basic,22.0684596804749,WHO/UNICEF JMP (via World Bank API),2026-09-02
CIV,Cote d'Ivoire,2002,sanitation_basic,21.3928455958678,WHO/UNICEF JMP (via World Bank API),2026-09-02
CIV,Cote d'Ivoire,2001,sanitation_basic,20.7171311612942,WHO/UNICEF JMP (via World Bank API),2026-09-02
CIV,Cote d'Ivoire,2000,sanitation_basic,20.0416175559052,WHO/UNICEF JMP (via World Bank API),2026-09-02
HRV,Croatia,2021,sanitation_basic,95.7936994032533,WHO/UNICEF JMP (via World Bank API),2026-09-02
HRV,Croatia,2020,sanitation_basic,95.7800263365526,WHO/UNICEF JMP (via World Bank API),2026-09-02
HRV,Croatia,2019,sanitation_basic,95.7669528953151,WHO/UNICEF JMP (via World Bank API),2026-09-02
HRV,Croatia,2018,sanitation_basic,95.7545423447665,WHO/UNICEF JMP (via World Bank API),2026-09-02
HRV,Croatia,2017,sanitation_basic,95.7427708106791,WHO/UNICEF JMP (via World Bank API),2026-09-02
HRV,Croatia,2016,sanitation_basic,95.7305312019132,WHO/UNICEF JMP (via World Bank API),2026-09-02
HRV,Croatia,2015,sanitation_basic,95.7190097005678,WHO/UNICEF JMP (via World Bank API),2026-09-02
HRV,Croatia,2014,sanitation_basic,95.7081981742449,WHO/UNICEF JMP (via World Bank API),2026-09-02
HRV,Croatia,2013,sanitation_basic,95.9178030204647,WHO/UNICEF JMP (via World Bank API),2026-09-02
HRV,Croatia,2012,sanitation_basic,96.1289814804925,WHO/UNICEF JMP (via World Bank API),2026-09-02
HRV,Croatia,2011,sanitation_basic,96.3415946710198,WHO/UNICEF JMP (via World Bank API),2026-09-02
HRV,Croatia,2010,sanitation_basic,96.555570839204,WHO/UNICEF JMP (via World Bank API),2026-09-02
HRV,Croatia,2009,sanitation_basic,96.7702400027243,WHO/UNICEF JMP (via World Bank API),2026-09-02
HRV,Croatia,2008,sanitation_basic,96.9856368305825,WHO/UNICEF JMP (via World Bank API),2026-09-02
HRV,Croatia,2007,sanitation_basic,97.201764016731,WHO/UNICEF JMP (via World Bank API),2026-09-02
HRV,Croatia,2006,sanitation_basic,97.4186224972522,WHO/UNICEF JMP (via World Bank API),2026-09-02
HRV,Croatia,2005,sanitation_basic,97.6362088912943,WHO/UNICEF JMP (via World Bank API),2026-09-02
HRV,Croatia,2004,sanitation_basic,97.8545220724704,WHO/UNICEF JMP (via World Bank API),2026-09-02
HRV,Croatia,2003,sanitation_basic,98.0735685776892,WHO/UNICEF JMP (via World Bank API),2026-09-02
HRV,Croatia,2002,sanitation_basic,98.2933337796124,WHO/UNICEF JMP (via World Bank API),2026-09-02
HRV,Croatia,2001,sanitation_basic,98.4543940798405,WHO/UNICEF JMP (via World Bank API),2026-09-02
HRV,Croatia,2000,sanitation_basic,98.451172519388,WHO/UNICEF JMP (via World Bank API),2026-09-02
CUB,Cuba,2023,sanitation_basic,94.1220801306732,WHO/UNICEF JMP (via World Bank API),2026-09-02
CUB,Cuba,2022,sanitation_basic,93.4747105097717,WHO/UNICEF JMP (via World Bank API),2026-09-02
CUB,Cuba,2021,sanitation_basic,92.8284902817438,WHO/UNICEF JMP (via World Bank API),2026-09-02
CUB,Cuba,2020,sanitation_basic,92.1835753798285,WHO/UNICEF JMP (via World Bank API),2026-09-02
CUB,Cuba,2019,sanitation_basic,91.5402228633008,WHO/UNICEF JMP (via World Bank API),2026-09-02
CUB,Cuba,2018,sanitation_basic,90.8986460916429,WHO/UNICEF JMP (via World Bank API),2026-09-02
CUB,Cuba,2017,sanitation_basic,90.2590050806412,WHO/UNICEF JMP (via World Bank API),2026-09-02
CUB,Cuba,2016,sanitation_basic,89.6215521812865,WHO/UNICEF JMP (via World Bank API),2026-09-02
CUB,Cuba,2015,sanitation_basic,88.9864920345571,WHO/UNICEF JMP (via World Bank API),2026-09-02
CUB,Cuba,2014,sanitation_basic,88.3531363979165,WHO/UNICEF JMP (via World Bank API),2026-09-02
CUB,Cuba,2013,sanitation_basic,87.7216207113472,WHO/UNICEF JMP (via World Bank API),2026-09-02
CUB,Cuba,2012,sanitation_basic,87.0910198102198,WHO/UNICEF JMP (via World Bank API),2026-09-02
CUB,Cuba,2011,sanitation_basic,86.4585513716305,WHO/UNICEF JMP (via World Bank API),2026-09-02
CUB,Cuba,2010,sanitation_basic,85.8273291036307,WHO/UNICEF JMP (via World Bank API),2026-09-02
CUB,Cuba,2009,sanitation_basic,85.1973567326843,WHO/UNICEF JMP (via World Bank API),2026-09-02
CUB,Cuba,2008,sanitation_basic,84.5686588894511,WHO/UNICEF JMP (via World Bank API),2026-09-02
CUB,Cuba,2007,sanitation_basic,83.9411498169061,WHO/UNICEF JMP (via World Bank API),2026-09-02
CUB,Cuba,2006,sanitation_basic,83.3149183953816,WHO/UNICEF JMP (via World Bank API),2026-09-02
CUB,Cuba,2005,sanitation_basic,82.6899916406474,WHO/UNICEF JMP (via World Bank API),2026-09-02
CUB,Cuba,2004,sanitation_basic,82.0663791534735,WHO/UNICEF JMP (via World Bank API),2026-09-02
CUB,Cuba,2003,sanitation_basic,81.8877194696665,WHO/UNICEF JMP (via World Bank API),2026-09-02
CUB,Cuba,2002,sanitation_basic,81.700801188387,WHO/UNICEF JMP (via World Bank API),2026-09-02
CUB,Cuba,2001,sanitation_basic,81.5051365608873,WHO/UNICEF JMP (via World Bank API),2026-09-02
CUB,Cuba,2000,sanitation_basic,81.3080697127974,WHO/UNICEF JMP (via World Bank API),2026-09-02
CUW,Curacao,2017,sanitation_basic,99.1690721651989,WHO/UNICEF JMP (via World Bank API),2026-09-02
CUW,Curacao,2016,sanitation_basic,99.1690721651989,WHO/UNICEF JMP (via World Bank API),2026-09-02
CUW,Curacao,2015,sanitation_basic,99.1690721651989,WHO/UNICEF JMP (via World Bank API),2026-09-02
CUW,Curacao,2014,sanitation_basic,99.1690721651989,WHO/UNICEF JMP (via World Bank API),2026-09-02
CUW,Curacao,2013,sanitation_basic,99.1690721651989,WHO/UNICEF JMP (via World Bank API),2026-09-02
CUW,Curacao,2012,sanitation_basic,99.1030667364512,WHO/UNICEF JMP (via World Bank API),2026-09-02
CUW,Curacao,2011,sanitation_basic,99.0370613077035,WHO/UNICEF JMP (via World Bank API),2026-09-02
CUW,Curacao,2010,sanitation_basic,98.9710558789558,WHO/UNICEF JMP (via World Bank API),2026-09-02
CUW,Curacao,2009,sanitation_basic,98.9050504502081,WHO/UNICEF JMP (via World Bank API),2026-09-02
CUW,Curacao,2008,sanitation_basic,98.8390450214604,WHO/UNICEF JMP (via World Bank API),2026-09-02
CUW,Curacao,2007,sanitation_basic,98.7730395927127,WHO/UNICEF JMP (via World Bank API),2026-09-02
CUW,Curacao,2006,sanitation_basic,98.707034163965,WHO/UNICEF JMP (via World Bank API),2026-09-02
CUW,Curacao,2005,sanitation_basic,98.6410287352173,WHO/UNICEF JMP (via World Bank API),2026-09-02
CUW,Curacao,2004,sanitation_basic,98.5750233064696,WHO/UNICEF JMP (via World Bank API),2026-09-02
CUW,Curacao,2003,sanitation_basic,98.5090178777219,WHO/UNICEF JMP (via World Bank API),2026-09-02
CUW,Curacao,2002,sanitation_basic,98.4430124489743,WHO/UNICEF JMP (via World Bank API),2026-09-02
CUW,Curacao,2001,sanitation_basic,98.3770070202266,WHO/UNICEF JMP (via World Bank API),2026-09-02
CUW,Curacao,2000,sanitation_basic,98.3110015914789,WHO/UNICEF JMP (via World Bank API),2026-09-02
CYP,Cyprus,2023,sanitation_basic,99.4768823557025,WHO/UNICEF JMP (via World Bank API),2026-09-02
CYP,Cyprus,2022,sanitation_basic,99.4830286709908,WHO/UNICEF JMP (via World Bank API),2026-09-02
CYP,Cyprus,2021,sanitation_basic,99.4893875128893,WHO/UNICEF JMP (via World Bank API),2026-09-02
CYP,Cyprus,2020,sanitation_basic,99.4959339092573,WHO/UNICEF JMP (via World Bank API),2026-09-02
CYP,Cyprus,2019,sanitation_basic,99.5026390696851,WHO/UNICEF JMP (via World Bank API),2026-09-02
CYP,Cyprus,2018,sanitation_basic,99.5094911557165,WHO/UNICEF JMP (via World Bank API),2026-09-02
CYP,Cyprus,2017,sanitation_basic,99.5164756897262,WHO/UNICEF JMP (via World Bank API),2026-09-02
CYP,Cyprus,2016,sanitation_basic,99.5235457103291,WHO/UNICEF JMP (via World Bank API),2026-09-02
CYP,Cyprus,2015,sanitation_basic,99.5306978983581,WHO/UNICEF JMP (via World Bank API),2026-09-02
CYP,Cyprus,2014,sanitation_basic,99.5378944664201,WHO/UNICEF JMP (via World Bank API),2026-09-02
CYP,Cyprus,2013,sanitation_basic,99.5451371787791,WHO/UNICEF JMP (via World Bank API),2026-09-02
CYP,Cyprus,2012,sanitation_basic,99.5523804913216,WHO/UNICEF JMP (via World Bank API),2026-09-02
CYP,Cyprus,2011,sanitation_basic,99.5596171415889,WHO/UNICEF JMP (via World Bank API),2026-09-02
CYP,Cyprus,2010,sanitation_basic,99.5667445489434,WHO/UNICEF JMP (via World Bank API),2026-09-02
CYP,Cyprus,2009,sanitation_basic,99.57376515883,WHO/UNICEF JMP (via World Bank API),2026-09-02
CYP,Cyprus,2008,sanitation_basic,99.5806869469341,WHO/UNICEF JMP (via World Bank API),2026-09-02
CYP,Cyprus,2007,sanitation_basic,99.5874947603584,WHO/UNICEF JMP (via World Bank API),2026-09-02
CYP,Cyprus,2006,sanitation_basic,99.5942003777619,WHO/UNICEF JMP (via World Bank API),2026-09-02
CYP,Cyprus,2005,sanitation_basic,99.6007951565338,WHO/UNICEF JMP (via World Bank API),2026-09-02
CYP,Cyprus,2004,sanitation_basic,99.6072927397661,WHO/UNICEF JMP (via World Bank API),2026-09-02
CYP,Cyprus,2003,sanitation_basic,99.6136877795187,WHO/UNICEF JMP (via World Bank API),2026-09-02
CYP,Cyprus,2002,sanitation_basic,99.6199751312853,WHO/UNICEF JMP (via World Bank API),2026-09-02
CYP,Cyprus,2001,sanitation_basic,99.6200247256728,WHO/UNICEF JMP (via World Bank API),2026-09-02
CYP,Cyprus,2000,sanitation_basic,99.6199406645238,WHO/UNICEF JMP (via World Bank API),2026-09-02
CZE,Czechia,2023,sanitation_basic,99.0708089030162,WHO/UNICEF JMP (via World Bank API),2026-09-02
CZE,Czechia,2022,sanitation_basic,99.0715177493914,WHO/UNICEF JMP (via World Bank API),2026-09-02
CZE,Czechia,2021,sanitation_basic,99.0721814938167,WHO/UNICEF JMP (via World Bank API),2026-09-02
CZE,Czechia,2020,sanitation_basic,99.0728030542538,WHO/UNICEF JMP (via World Bank API),2026-09-02
CZE,Czechia,2019,sanitation_basic,99.0733677168251,WHO/UNICEF JMP (via World Bank API),2026-09-02
CZE,Czechia,2018,sanitation_basic,99.073893834029,WHO/UNICEF JMP (via World Bank API),2026-09-02
CZE,Czechia,2017,sanitation_basic,99.0743713886289,WHO/UNICEF JMP (via World Bank API),2026-09-02
CZE,Czechia,2016,sanitation_basic,99.0747972565215,WHO/UNICEF JMP (via World Bank API),2026-09-02
CZE,Czechia,2015,sanitation_basic,99.0751703935412,WHO/UNICEF JMP (via World Bank API),2026-09-02
CZE,Czechia,2014,sanitation_basic,99.0755485007891,WHO/UNICEF JMP (via World Bank API),2026-09-02
CZE,Czechia,2013,sanitation_basic,99.0797791585542,WHO/UNICEF JMP (via World Bank API),2026-09-02
CZE,Czechia,2012,sanitation_basic,99.0741157391505,WHO/UNICEF JMP (via World Bank API),2026-09-02
CZE,Czechia,2011,sanitation_basic,99.0682046251775,WHO/UNICEF JMP (via World Bank API),2026-09-02
CZE,Czechia,2010,sanitation_basic,99.0623856130317,WHO/UNICEF JMP (via World Bank API),2026-09-02
CZE,Czechia,2009,sanitation_basic,99.0567489826448,WHO/UNICEF JMP (via World Bank API),2026-09-02
CZE,Czechia,2008,sanitation_basic,99.0513031802799,WHO/UNICEF JMP (via World Bank API),2026-09-02
CZE,Czechia,2007,sanitation_basic,99.0460417932649,WHO/UNICEF JMP (via World Bank API),2026-09-02
CZE,Czechia,2006,sanitation_basic,99.0409691577394,WHO/UNICEF JMP (via World Bank API),2026-09-02
CZE,Czechia,2005,sanitation_basic,99.0360747100717,WHO/UNICEF JMP (via World Bank API),2026-09-02
CZE,Czechia,2004,sanitation_basic,99.0313656821167,WHO/UNICEF JMP (via World Bank API),2026-09-02
CZE,Czechia,2003,sanitation_basic,99.0268406201915,WHO/UNICEF JMP (via World Bank API),2026-09-02
CZE,Czechia,2002,sanitation_basic,99.0224988407021,WHO/UNICEF JMP (via World Bank API),2026-09-02
CZE,Czechia,2001,sanitation_basic,99.0183220788767,WHO/UNICEF JMP (via World Bank API),2026-09-02
CZE,Czechia,2000,sanitation_basic,99.0199352987206,WHO/UNICEF JMP (via World Bank API),2026-09-02
DNK,Denmark,2023,sanitation_basic,99.5972246130908,WHO/UNICEF JMP (via World Bank API),2026-09-02
DNK,Denmark,2022,sanitation_basic,99.5972313839473,WHO/UNICEF JMP (via World Bank API),2026-09-02
DNK,Denmark,2021,sanitation_basic,99.5972289739284,WHO/UNICEF JMP (via World Bank API),2026-09-02
DNK,Denmark,2020,sanitation_basic,99.5972310070963,WHO/UNICEF JMP (via World Bank API),2026-09-02
DNK,Denmark,2019,sanitation_basic,99.5972264992143,WHO/UNICEF JMP (via World Bank API),2026-09-02
DNK,Denmark,2018,sanitation_basic,99.5972321137483,WHO/UNICEF JMP (via World Bank API),2026-09-02
DNK,Denmark,2017,sanitation_basic,99.5972303913109,WHO/UNICEF JMP (via World Bank API),2026-09-02
DNK,Denmark,2016,sanitation_basic,99.5972301475052,WHO/UNICEF JMP (via World Bank API),2026-09-02
DNK,Denmark,2015,sanitation_basic,99.5972338246899,WHO/UNICEF JMP (via World Bank API),2026-09-02
DNK,Denmark,2014,sanitation_basic,99.5972357033725,WHO/UNICEF JMP (via World Bank API),2026-09-02
DNK,Denmark,2013,sanitation_basic,99.5972308171769,WHO/UNICEF JMP (via World Bank API),2026-09-02
DNK,Denmark,2012,sanitation_basic,99.5972365782487,WHO/UNICEF JMP (via World Bank API),2026-09-02
DNK,Denmark,2011,sanitation_basic,99.5972309188778,WHO/UNICEF JMP (via World Bank API),2026-09-02
DNK,Denmark,2010,sanitation_basic,99.5972300585554,WHO/UNICEF JMP (via World Bank API),2026-09-02
DNK,Denmark,2009,sanitation_basic,99.5972316699416,WHO/UNICEF JMP (via World Bank API),2026-09-02
DNK,Denmark,2008,sanitation_basic,99.5972323943496,WHO/UNICEF JMP (via World Bank API),2026-09-02
DNK,Denmark,2007,sanitation_basic,99.5972334856175,WHO/UNICEF JMP (via World Bank API),2026-09-02
DNK,Denmark,2006,sanitation_basic,99.5972374048181,WHO/UNICEF JMP (via World Bank API),2026-09-02
DNK,Denmark,2005,sanitation_basic,99.597236324295,WHO/UNICEF JMP (via World Bank API),2026-09-02
DNK,Denmark,2004,sanitation_basic,99.5972402944734,WHO/UNICEF JMP (via World Bank API),2026-09-02
DNK,Denmark,2003,sanitation_basic,99.5972440111371,WHO/UNICEF JMP (via World Bank API),2026-09-02
DNK,Denmark,2002,sanitation_basic,99.5972442699568,WHO/UNICEF JMP (via World Bank API),2026-09-02
DNK,Denmark,2001,sanitation_basic,99.5972416304782,WHO/UNICEF JMP (via World Bank API),2026-09-02
DNK,Denmark,2000,sanitation_basic,99.5972376023296,WHO/UNICEF JMP (via World Bank API),2026-09-02
DJI,Djibouti,2023,sanitation_basic,67.0234840121481,WHO/UNICEF JMP (via World Bank API),2026-09-02
DJI,Djibouti,2022,sanitation_basic,66.9247194918968,WHO/UNICEF JMP (via World Bank API),2026-09-02
DJI,Djibouti,2021,sanitation_basic,66.8311205695029,WHO/UNICEF JMP (via World Bank API),2026-09-02
DJI,Djibouti,2020,sanitation_basic,66.7421157146302,WHO/UNICEF JMP (via World Bank API),2026-09-02
DJI,Djibouti,2019,sanitation_basic,66.6577106028334,WHO/UNICEF JMP (via World Bank API),2026-09-02
DJI,Djibouti,2018,sanitation_basic,65.1354027813767,WHO/UNICEF JMP (via World Bank API),2026-09-02
DJI,Djibouti,2017,sanitation_basic,63.6147917367826,WHO/UNICEF JMP (via World Bank API),2026-09-02
DJI,Djibouti,2016,sanitation_basic,62.0957006266769,WHO/UNICEF JMP (via World Bank API),2026-09-02
DJI,Djibouti,2015,sanitation_basic,60.5779617075524,WHO/UNICEF JMP (via World Bank API),2026-09-02
DJI,Djibouti,2014,sanitation_basic,59.060863750812,WHO/UNICEF JMP (via World Bank API),2026-09-02
DJI,Djibouti,2013,sanitation_basic,57.545815952446,WHO/UNICEF JMP (via World Bank API),2026-09-02
DJI,Djibouti,2012,sanitation_basic,56.031031232703,WHO/UNICEF JMP (via World Bank API),2026-09-02
DJI,Djibouti,2011,sanitation_basic,54.5173591170882,WHO/UNICEF JMP (via World Bank API),2026-09-02
DJI,Djibouti,2010,sanitation_basic,53.0040688366127,WHO/UNICEF JMP (via World Bank API),2026-09-02
DJI,Djibouti,2009,sanitation_basic,51.4914501079009,WHO/UNICEF JMP (via World Bank API),2026-09-02
DJI,Djibouti,2008,sanitation_basic,49.9792625492526,WHO/UNICEF JMP (via World Bank API),2026-09-02
DJI,Djibouti,2007,sanitation_basic,48.4620248883816,WHO/UNICEF JMP (via World Bank API),2026-09-02
DJI,Djibouti,2006,sanitation_basic,46.9402321181691,WHO/UNICEF JMP (via World Bank API),2026-09-02
DJI,Djibouti,2005,sanitation_basic,45.4139101542283,WHO/UNICEF JMP (via World Bank API),2026-09-02
DJI,Djibouti,2004,sanitation_basic,43.883509634259,WHO/UNICEF JMP (via World Bank API),2026-09-02
DJI,Djibouti,2003,sanitation_basic,43.8627723780355,WHO/UNICEF JMP (via World Bank API),2026-09-02
DJI,Djibouti,2002,sanitation_basic,43.8420347636871,WHO/UNICEF JMP (via World Bank API),2026-09-02
DJI,Djibouti,2001,sanitation_basic,43.8212949493816,WHO/UNICEF JMP (via World Bank API),2026-09-02
DJI,Djibouti,2000,sanitation_basic,43.8005585471414,WHO/UNICEF JMP (via World Bank API),2026-09-02
DMA,Dominica,2017,sanitation_basic,80.3664248800941,WHO/UNICEF JMP (via World Bank API),2026-09-02
DMA,Dominica,2016,sanitation_basic,80.3664248800941,WHO/UNICEF JMP (via World Bank API),2026-09-02
DMA,Dominica,2015,sanitation_basic,80.3664248800941,WHO/UNICEF JMP (via World Bank API),2026-09-02
DMA,Dominica,2014,sanitation_basic,80.3664248800941,WHO/UNICEF JMP (via World Bank API),2026-09-02
DMA,Dominica,2013,sanitation_basic,80.3664248800941,WHO/UNICEF JMP (via World Bank API),2026-09-02
DMA,Dominica,2012,sanitation_basic,79.1107439552219,WHO/UNICEF JMP (via World Bank API),2026-09-02
DMA,Dominica,2011,sanitation_basic,77.8550630303496,WHO/UNICEF JMP (via World Bank API),2026-09-02
DMA,Dominica,2010,sanitation_basic,76.5993821054773,WHO/UNICEF JMP (via World Bank API),2026-09-02
DMA,Dominica,2009,sanitation_basic,75.3437011806051,WHO/UNICEF JMP (via World Bank API),2026-09-02
DMA,Dominica,2008,sanitation_basic,74.0880202557328,WHO/UNICEF JMP (via World Bank API),2026-09-02
DMA,Dominica,2007,sanitation_basic,72.8323393308606,WHO/UNICEF JMP (via World Bank API),2026-09-02
DMA,Dominica,2006,sanitation_basic,71.5766584059883,WHO/UNICEF JMP (via World Bank API),2026-09-02
DMA,Dominica,2005,sanitation_basic,70.3209774811161,WHO/UNICEF JMP (via World Bank API),2026-09-02
DMA,Dominica,2004,sanitation_basic,69.0652965562438,WHO/UNICEF JMP (via World Bank API),2026-09-02
DMA,Dominica,2003,sanitation_basic,67.8096156313715,WHO/UNICEF JMP (via World Bank API),2026-09-02
DMA,Dominica,2002,sanitation_basic,66.5539347064993,WHO/UNICEF JMP (via World Bank API),2026-09-02
DMA,Dominica,2001,sanitation_basic,65.298253781627,WHO/UNICEF JMP (via World Bank API),2026-09-02
DMA,Dominica,2000,sanitation_basic,64.0425728567548,WHO/UNICEF JMP (via World Bank API),2026-09-02
DOM,Dominican Republic,2023,sanitation_basic,89.6102380882298,WHO/UNICEF JMP (via World Bank API),2026-09-02
DOM,Dominican Republic,2022,sanitation_basic,89.0968114947434,WHO/UNICEF JMP (via World Bank API),2026-09-02
DOM,Dominican Republic,2021,sanitation_basic,88.5790077931484,WHO/UNICEF JMP (via World Bank API),2026-09-02
DOM,Dominican Republic,2020,sanitation_basic,88.0566185078015,WHO/UNICEF JMP (via World Bank API),2026-09-02
DOM,Dominican Republic,2019,sanitation_basic,87.5294360450425,WHO/UNICEF JMP (via World Bank API),2026-09-02
DOM,Dominican Republic,2018,sanitation_basic,86.9970340675961,WHO/UNICEF JMP (via World Bank API),2026-09-02
DOM,Dominican Republic,2017,sanitation_basic,86.4591843551148,WHO/UNICEF JMP (via World Bank API),2026-09-02
DOM,Dominican Republic,2016,sanitation_basic,85.9156708340948,WHO/UNICEF JMP (via World Bank API),2026-09-02
DOM,Dominican Republic,2015,sanitation_basic,85.3681191078801,WHO/UNICEF JMP (via World Bank API),2026-09-02
DOM,Dominican Republic,2014,sanitation_basic,84.8168092520689,WHO/UNICEF JMP (via World Bank API),2026-09-02
DOM,Dominican Republic,2013,sanitation_basic,84.2618165680841,WHO/UNICEF JMP (via World Bank API),2026-09-02
DOM,Dominican Republic,2012,sanitation_basic,83.7029811065399,WHO/UNICEF JMP (via World Bank API),2026-09-02
DOM,Dominican Republic,2011,sanitation_basic,83.1400170777366,WHO/UNICEF JMP (via World Bank API),2026-09-02
DOM,Dominican Republic,2010,sanitation_basic,82.5643436966814,WHO/UNICEF JMP (via World Bank API),2026-09-02
DOM,Dominican Republic,2009,sanitation_basic,81.9711115493229,WHO/UNICEF JMP (via World Bank API),2026-09-02
DOM,Dominican Republic,2008,sanitation_basic,81.3729094599305,WHO/UNICEF JMP (via World Bank API),2026-09-02
DOM,Dominican Republic,2007,sanitation_basic,80.7688357715562,WHO/UNICEF JMP (via World Bank API),2026-09-02
DOM,Dominican Republic,2006,sanitation_basic,80.1598054522456,WHO/UNICEF JMP (via World Bank API),2026-09-02
DOM,Dominican Republic,2005,sanitation_basic,79.5457900352117,WHO/UNICEF JMP (via World Bank API),2026-09-02
DOM,Dominican Republic,2004,sanitation_basic,78.9271188808874,WHO/UNICEF JMP (via World Bank API),2026-09-02
DOM,Dominican Republic,2003,sanitation_basic,78.3032583035324,WHO/UNICEF JMP (via World Bank API),2026-09-02
DOM,Dominican Republic,2002,sanitation_basic,77.6989945887233,WHO/UNICEF JMP (via World Bank API),2026-09-02
DOM,Dominican Republic,2001,sanitation_basic,77.1486058727442,WHO/UNICEF JMP (via World Bank API),2026-09-02
DOM,Dominican Republic,2000,sanitation_basic,76.5972413927346,WHO/UNICEF JMP (via World Bank API),2026-09-02
ECU,Ecuador,2023,sanitation_basic,90.5556911375942,WHO/UNICEF JMP (via World Bank API),2026-09-02
ECU,Ecuador,2022,sanitation_basic,89.7233208052462,WHO/UNICEF JMP (via World Bank API),2026-09-02
ECU,Ecuador,2021,sanitation_basic,88.9779601085787,WHO/UNICEF JMP (via World Bank API),2026-09-02
ECU,Ecuador,2020,sanitation_basic,88.1817507856303,WHO/UNICEF JMP (via World Bank API),2026-09-02
ECU,Ecuador,2019,sanitation_basic,87.3866333551063,WHO/UNICEF JMP (via World Bank API),2026-09-02
ECU,Ecuador,2018,sanitation_basic,86.5928399282026,WHO/UNICEF JMP (via World Bank API),2026-09-02
ECU,Ecuador,2017,sanitation_basic,85.8004886348106,WHO/UNICEF JMP (via World Bank API),2026-09-02
ECU,Ecuador,2016,sanitation_basic,85.0099232884518,WHO/UNICEF JMP (via World Bank API),2026-09-02
ECU,Ecuador,2015,sanitation_basic,84.2194382578739,WHO/UNICEF JMP (via World Bank API),2026-09-02
ECU,Ecuador,2014,sanitation_basic,83.4289010855999,WHO/UNICEF JMP (via World Bank API),2026-09-02
ECU,Ecuador,2013,sanitation_basic,82.6385639070942,WHO/UNICEF JMP (via World Bank API),2026-09-02
ECU,Ecuador,2012,sanitation_basic,81.8481545734272,WHO/UNICEF JMP (via World Bank API),2026-09-02
ECU,Ecuador,2011,sanitation_basic,81.0578095261347,WHO/UNICEF JMP (via World Bank API),2026-09-02
ECU,Ecuador,2010,sanitation_basic,80.2637776434408,WHO/UNICEF JMP (via World Bank API),2026-09-02
ECU,Ecuador,2009,sanitation_basic,79.4640520853321,WHO/UNICEF JMP (via World Bank API),2026-09-02
ECU,Ecuador,2008,sanitation_basic,78.663760639549,WHO/UNICEF JMP (via World Bank API),2026-09-02
ECU,Ecuador,2007,sanitation_basic,77.862718659502,WHO/UNICEF JMP (via World Bank API),2026-09-02
ECU,Ecuador,2006,sanitation_basic,77.060905576886,WHO/UNICEF JMP (via World Bank API),2026-09-02
ECU,Ecuador,2005,sanitation_basic,76.2586729736281,WHO/UNICEF JMP (via World Bank API),2026-09-02
ECU,Ecuador,2004,sanitation_basic,75.4556589592685,WHO/UNICEF JMP (via World Bank API),2026-09-02
ECU,Ecuador,2003,sanitation_basic,74.8765406550674,WHO/UNICEF JMP (via World Bank API),2026-09-02
ECU,Ecuador,2002,sanitation_basic,74.2940388985466,WHO/UNICEF JMP (via World Bank API),2026-09-02
ECU,Ecuador,2001,sanitation_basic,73.682272686074,WHO/UNICEF JMP (via World Bank API),2026-09-02
ECU,Ecuador,2000,sanitation_basic,73.0247894296071,WHO/UNICEF JMP (via World Bank API),2026-09-02
EGY,"Egypt, Arab Rep.",2023,sanitation_basic,96.8657483684403,WHO/UNICEF JMP (via World Bank API),2026-09-02
EGY,"Egypt, Arab Rep.",2022,sanitation_basic,96.6466119170931,WHO/UNICEF JMP (via World Bank API),2026-09-02
EGY,"Egypt, Arab Rep.",2021,sanitation_basic,96.4288914179465,WHO/UNICEF JMP (via World Bank API),2026-09-02
EGY,"Egypt, Arab Rep.",2020,sanitation_basic,96.21249765428,WHO/UNICEF JMP (via World Bank API),2026-09-02
EGY,"Egypt, Arab Rep.",2019,sanitation_basic,95.9974521361916,WHO/UNICEF JMP (via World Bank API),2026-09-02
EGY,"Egypt, Arab Rep.",2018,sanitation_basic,95.7838228519798,WHO/UNICEF JMP (via World Bank API),2026-09-02
EGY,"Egypt, Arab Rep.",2017,sanitation_basic,95.5716159808707,WHO/UNICEF JMP (via World Bank API),2026-09-02
EGY,"Egypt, Arab Rep.",2016,sanitation_basic,95.3608044893643,WHO/UNICEF JMP (via World Bank API),2026-09-02
EGY,"Egypt, Arab Rep.",2015,sanitation_basic,95.1514018679127,WHO/UNICEF JMP (via World Bank API),2026-09-02
EGY,"Egypt, Arab Rep.",2014,sanitation_basic,94.9421220877045,WHO/UNICEF JMP (via World Bank API),2026-09-02
EGY,"Egypt, Arab Rep.",2013,sanitation_basic,94.7328979128496,WHO/UNICEF JMP (via World Bank API),2026-09-02
EGY,"Egypt, Arab Rep.",2012,sanitation_basic,94.5236904418701,WHO/UNICEF JMP (via World Bank API),2026-09-02
EGY,"Egypt, Arab Rep.",2011,sanitation_basic,94.3145999279775,WHO/UNICEF JMP (via World Bank API),2026-09-02
EGY,"Egypt, Arab Rep.",2010,sanitation_basic,94.1037046412727,WHO/UNICEF JMP (via World Bank API),2026-09-02
EGY,"Egypt, Arab Rep.",2009,sanitation_basic,93.8929162055799,WHO/UNICEF JMP (via World Bank API),2026-09-02
EGY,"Egypt, Arab Rep.",2008,sanitation_basic,93.6821208332209,WHO/UNICEF JMP (via World Bank API),2026-09-02
EGY,"Egypt, Arab Rep.",2007,sanitation_basic,93.4714314337652,WHO/UNICEF JMP (via World Bank API),2026-09-02
EGY,"Egypt, Arab Rep.",2006,sanitation_basic,93.2594315118991,WHO/UNICEF JMP (via World Bank API),2026-09-02
EGY,"Egypt, Arab Rep.",2005,sanitation_basic,93.0452392877341,WHO/UNICEF JMP (via World Bank API),2026-09-02
EGY,"Egypt, Arab Rep.",2004,sanitation_basic,92.8310689127908,WHO/UNICEF JMP (via World Bank API),2026-09-02
EGY,"Egypt, Arab Rep.",2003,sanitation_basic,92.6169160199968,WHO/UNICEF JMP (via World Bank API),2026-09-02
EGY,"Egypt, Arab Rep.",2002,sanitation_basic,92.4027780839966,WHO/UNICEF JMP (via World Bank API),2026-09-02
EGY,"Egypt, Arab Rep.",2001,sanitation_basic,92.1886612012788,WHO/UNICEF JMP (via World Bank API),2026-09-02
EGY,"Egypt, Arab Rep.",2000,sanitation_basic,91.974568364989,WHO/UNICEF JMP (via World Bank API),2026-09-02
SLV,El Salvador,2023,sanitation_basic,87.7919676704677,WHO/UNICEF JMP (via World Bank API),2026-09-02
SLV,El Salvador,2022,sanitation_basic,87.5371472547157,WHO/UNICEF JMP (via World Bank API),2026-09-02
SLV,El Salvador,2021,sanitation_basic,87.2765374387919,WHO/UNICEF JMP (via World Bank API),2026-09-02
SLV,El Salvador,2020,sanitation_basic,87.0096574927862,WHO/UNICEF JMP (via World Bank API),2026-09-02
SLV,El Salvador,2019,sanitation_basic,86.7364561760088,WHO/UNICEF JMP (via World Bank API),2026-09-02
SLV,El Salvador,2018,sanitation_basic,86.456582332616,WHO/UNICEF JMP (via World Bank API),2026-09-02
SLV,El Salvador,2017,sanitation_basic,86.1264645689972,WHO/UNICEF JMP (via World Bank API),2026-09-02
SLV,El Salvador,2016,sanitation_basic,85.789208776824,WHO/UNICEF JMP (via World Bank API),2026-09-02
SLV,El Salvador,2015,sanitation_basic,85.445452477435,WHO/UNICEF JMP (via World Bank API),2026-09-02
SLV,El Salvador,2014,sanitation_basic,85.0952739178549,WHO/UNICEF JMP (via World Bank API),2026-09-02
SLV,El Salvador,2013,sanitation_basic,84.7403911391232,WHO/UNICEF JMP (via World Bank API),2026-09-02
SLV,El Salvador,2012,sanitation_basic,84.3807461910215,WHO/UNICEF JMP (via World Bank API),2026-09-02
SLV,El Salvador,2011,sanitation_basic,84.015819833389,WHO/UNICEF JMP (via World Bank API),2026-09-02
SLV,El Salvador,2010,sanitation_basic,83.6456953805782,WHO/UNICEF JMP (via World Bank API),2026-09-02
SLV,El Salvador,2009,sanitation_basic,83.2704470759254,WHO/UNICEF JMP (via World Bank API),2026-09-02
SLV,El Salvador,2008,sanitation_basic,82.8897095830639,WHO/UNICEF JMP (via World Bank API),2026-09-02
SLV,El Salvador,2007,sanitation_basic,82.5029332594397,WHO/UNICEF JMP (via World Bank API),2026-09-02
SLV,El Salvador,2006,sanitation_basic,82.160813551355,WHO/UNICEF JMP (via World Bank API),2026-09-02
SLV,El Salvador,2005,sanitation_basic,81.8222708575253,WHO/UNICEF JMP (via World Bank API),2026-09-02
SLV,El Salvador,2004,sanitation_basic,81.4794904202867,WHO/UNICEF JMP (via World Bank API),2026-09-02
SLV,El Salvador,2003,sanitation_basic,81.1318629459244,WHO/UNICEF JMP (via World Bank API),2026-09-02
SLV,El Salvador,2002,sanitation_basic,80.7798862617498,WHO/UNICEF JMP (via World Bank API),2026-09-02
SLV,El Salvador,2001,sanitation_basic,80.6919918345083,WHO/UNICEF JMP (via World Bank API),2026-09-02
SLV,El Salvador,2000,sanitation_basic,80.6037786224969,WHO/UNICEF JMP (via World Bank API),2026-09-02
GNQ,Equatorial Guinea,2017,sanitation_basic,66.3127866671561,WHO/UNICEF JMP (via World Bank API),2026-09-02
GNQ,Equatorial Guinea,2016,sanitation_basic,66.2485390317556,WHO/UNICEF JMP (via World Bank API),2026-09-02
GNQ,Equatorial Guinea,2015,sanitation_basic,66.1825230692518,WHO/UNICEF JMP (via World Bank API),2026-09-02
GNQ,Equatorial Guinea,2014,sanitation_basic,66.1151129596268,WHO/UNICEF JMP (via World Bank API),2026-09-02
GNQ,Equatorial Guinea,2013,sanitation_basic,66.0469451872043,WHO/UNICEF JMP (via World Bank API),2026-09-02
GNQ,Equatorial Guinea,2012,sanitation_basic,65.4060732402599,WHO/UNICEF JMP (via World Bank API),2026-09-02
GNQ,Equatorial Guinea,2011,sanitation_basic,64.6283695926991,WHO/UNICEF JMP (via World Bank API),2026-09-02
GNQ,Equatorial Guinea,2010,sanitation_basic,63.831192420274,WHO/UNICEF JMP (via World Bank API),2026-09-02
GNQ,Equatorial Guinea,2009,sanitation_basic,63.0143173257129,WHO/UNICEF JMP (via World Bank API),2026-09-02
GNQ,Equatorial Guinea,2008,sanitation_basic,62.1777142751886,WHO/UNICEF JMP (via World Bank API),2026-09-02
GNQ,Equatorial Guinea,2007,sanitation_basic,61.3207811186255,WHO/UNICEF JMP (via World Bank API),2026-09-02
GNQ,Equatorial Guinea,2006,sanitation_basic,60.4443395996533,WHO/UNICEF JMP (via World Bank API),2026-09-02
GNQ,Equatorial Guinea,2005,sanitation_basic,59.5483734842498,WHO/UNICEF JMP (via World Bank API),2026-09-02
GNQ,Equatorial Guinea,2004,sanitation_basic,58.6335894811516,WHO/UNICEF JMP (via World Bank API),2026-09-02
GNQ,Equatorial Guinea,2003,sanitation_basic,57.6992350383254,WHO/UNICEF JMP (via World Bank API),2026-09-02
GNQ,Equatorial Guinea,2002,sanitation_basic,56.7470042992933,WHO/UNICEF JMP (via World Bank API),2026-09-02
GNQ,Equatorial Guinea,2001,sanitation_basic,55.776966411997,WHO/UNICEF JMP (via World Bank API),2026-09-02
GNQ,Equatorial Guinea,2000,sanitation_basic,54.790530594174,WHO/UNICEF JMP (via World Bank API),2026-09-02
ERI,Eritrea,2016,sanitation_basic,11.9399660140866,WHO/UNICEF JMP (via World Bank API),2026-09-02
ERI,Eritrea,2015,sanitation_basic,11.8379124928254,WHO/UNICEF JMP (via World Bank API),2026-09-02
ERI,Eritrea,2014,sanitation_basic,11.7366810070379,WHO/UNICEF JMP (via World Bank API),2026-09-02
ERI,Eritrea,2013,sanitation_basic,11.6362700094956,WHO/UNICEF JMP (via World Bank API),2026-09-02
ERI,Eritrea,2012,sanitation_basic,11.5365173088441,WHO/UNICEF JMP (via World Bank API),2026-09-02
ERI,Eritrea,2011,sanitation_basic,11.3735403344941,WHO/UNICEF JMP (via World Bank API),2026-09-02
ERI,Eritrea,2010,sanitation_basic,11.2019452505005,WHO/UNICEF JMP (via World Bank API),2026-09-02
ERI,Eritrea,2009,sanitation_basic,11.0220414202395,WHO/UNICEF JMP (via World Bank API),2026-09-02
ERI,Eritrea,2008,sanitation_basic,10.8337740406528,WHO/UNICEF JMP (via World Bank API),2026-09-02
ERI,Eritrea,2007,sanitation_basic,10.5550786241031,WHO/UNICEF JMP (via World Bank API),2026-09-02
ERI,Eritrea,2006,sanitation_basic,10.2644175982683,WHO/UNICEF JMP (via World Bank API),2026-09-02
ERI,Eritrea,2005,sanitation_basic,9.96153520031783,WHO/UNICEF JMP (via World Bank API),2026-09-02
ERI,Eritrea,2004,sanitation_basic,9.64744722939411,WHO/UNICEF JMP (via World Bank API),2026-09-02
ERI,Eritrea,2003,sanitation_basic,9.32208650503035,WHO/UNICEF JMP (via World Bank API),2026-09-02
ERI,Eritrea,2002,sanitation_basic,8.98629579771191,WHO/UNICEF JMP (via World Bank API),2026-09-02
ERI,Eritrea,2001,sanitation_basic,8.6404789305264,WHO/UNICEF JMP (via World Bank API),2026-09-02
ERI,Eritrea,2000,sanitation_basic,8.28530072689983,WHO/UNICEF JMP (via World Bank API),2026-09-02
EST,Estonia,2023,sanitation_basic,99.0220443822146,WHO/UNICEF JMP (via World Bank API),2026-09-02
EST,Estonia,2022,sanitation_basic,99.0241800879557,WHO/UNICEF JMP (via World Bank API),2026-09-02
EST,Estonia,2021,sanitation_basic,99.0261691561023,WHO/UNICEF JMP (via World Bank API),2026-09-02
EST,Estonia,2020,sanitation_basic,99.0280228246995,WHO/UNICEF JMP (via World Bank API),2026-09-02
EST,Estonia,2019,sanitation_basic,99.0297517072032,WHO/UNICEF JMP (via World Bank API),2026-09-02
EST,Estonia,2018,sanitation_basic,99.0313545119292,WHO/UNICEF JMP (via World Bank API),2026-09-02
EST,Estonia,2017,sanitation_basic,99.0328460543917,WHO/UNICEF JMP (via World Bank API),2026-09-02
EST,Estonia,2016,sanitation_basic,99.0342292897259,WHO/UNICEF JMP (via World Bank API),2026-09-02
EST,Estonia,2015,sanitation_basic,99.0355098457434,WHO/UNICEF JMP (via World Bank API),2026-09-02
EST,Estonia,2014,sanitation_basic,99.0367024476379,WHO/UNICEF JMP (via World Bank API),2026-09-02
EST,Estonia,2013,sanitation_basic,99.0971593772044,WHO/UNICEF JMP (via World Bank API),2026-09-02
EST,Estonia,2012,sanitation_basic,99.1574914721091,WHO/UNICEF JMP (via World Bank API),2026-09-02
EST,Estonia,2011,sanitation_basic,99.2179098220074,WHO/UNICEF JMP (via World Bank API),2026-09-02
EST,Estonia,2010,sanitation_basic,99.2786089293532,WHO/UNICEF JMP (via World Bank API),2026-09-02
EST,Estonia,2009,sanitation_basic,99.3394223505559,WHO/UNICEF JMP (via World Bank API),2026-09-02
EST,Estonia,2008,sanitation_basic,99.4003505685032,WHO/UNICEF JMP (via World Bank API),2026-09-02
EST,Estonia,2007,sanitation_basic,99.4613971184116,WHO/UNICEF JMP (via World Bank API),2026-09-02
EST,Estonia,2006,sanitation_basic,99.522563231891,WHO/UNICEF JMP (via World Bank API),2026-09-02
EST,Estonia,2005,sanitation_basic,99.5838417211126,WHO/UNICEF JMP (via World Bank API),2026-09-02
EST,Estonia,2004,sanitation_basic,99.6452315858009,WHO/UNICEF JMP (via World Bank API),2026-09-02
EST,Estonia,2003,sanitation_basic,99.7067384625393,WHO/UNICEF JMP (via World Bank API),2026-09-02
EST,Estonia,2002,sanitation_basic,99.75165299687,WHO/UNICEF JMP (via World Bank API),2026-09-02
EST,Estonia,2001,sanitation_basic,99.7554350798851,WHO/UNICEF JMP (via World Bank API),2026-09-02
EST,Estonia,2000,sanitation_basic,99.7576887855181,WHO/UNICEF JMP (via World Bank API),2026-09-02
SWZ,Eswatini,2023,sanitation_basic,63.8676533294277,WHO/UNICEF JMP (via World Bank API),2026-09-02
SWZ,Eswatini,2022,sanitation_basic,63.2702587161203,WHO/UNICEF JMP (via World Bank API),2026-09-02
SWZ,Eswatini,2021,sanitation_basic,62.6692355268683,WHO/UNICEF JMP (via World Bank API),2026-09-02
SWZ,Eswatini,2020,sanitation_basic,62.0647533053702,WHO/UNICEF JMP (via World Bank API),2026-09-02
SWZ,Eswatini,2019,sanitation_basic,61.4575194811054,WHO/UNICEF JMP (via World Bank API),2026-09-02
SWZ,Eswatini,2018,sanitation_basic,60.8480464368627,WHO/UNICEF JMP (via World Bank API),2026-09-02
SWZ,Eswatini,2017,sanitation_basic,60.236840423133,WHO/UNICEF JMP (via World Bank API),2026-09-02
SWZ,Eswatini,2016,sanitation_basic,59.6244143156364,WHO/UNICEF JMP (via World Bank API),2026-09-02
SWZ,Eswatini,2015,sanitation_basic,59.0113147479488,WHO/UNICEF JMP (via World Bank API),2026-09-02
SWZ,Eswatini,2014,sanitation_basic,58.3979502299524,WHO/UNICEF JMP (via World Bank API),2026-09-02
SWZ,Eswatini,2013,sanitation_basic,57.7849166217817,WHO/UNICEF JMP (via World Bank API),2026-09-02
SWZ,Eswatini,2012,sanitation_basic,57.1723082291424,WHO/UNICEF JMP (via World Bank API),2026-09-02
SWZ,Eswatini,2011,sanitation_basic,56.5601896645653,WHO/UNICEF JMP (via World Bank API),2026-09-02
SWZ,Eswatini,2010,sanitation_basic,55.9457205621273,WHO/UNICEF JMP (via World Bank API),2026-09-02
SWZ,Eswatini,2009,sanitation_basic,55.3293473329565,WHO/UNICEF JMP (via World Bank API),2026-09-02
SWZ,Eswatini,2008,sanitation_basic,54.7111665894608,WHO/UNICEF JMP (via World Bank API),2026-09-02
SWZ,Eswatini,2007,sanitation_basic,54.091290182986,WHO/UNICEF JMP (via World Bank API),2026-09-02
SWZ,Eswatini,2006,sanitation_basic,53.5034552326693,WHO/UNICEF JMP (via World Bank API),2026-09-02
SWZ,Eswatini,2005,sanitation_basic,52.9308437622057,WHO/UNICEF JMP (via World Bank API),2026-09-02
SWZ,Eswatini,2004,sanitation_basic,52.3689358798259,WHO/UNICEF JMP (via World Bank API),2026-09-02
SWZ,Eswatini,2003,sanitation_basic,51.8180236273176,WHO/UNICEF JMP (via World Bank API),2026-09-02
SWZ,Eswatini,2002,sanitation_basic,51.2776269086054,WHO/UNICEF JMP (via World Bank API),2026-09-02
SWZ,Eswatini,2001,sanitation_basic,50.7480641733809,WHO/UNICEF JMP (via World Bank API),2026-09-02
SWZ,Eswatini,2000,sanitation_basic,50.2519164138463,WHO/UNICEF JMP (via World Bank API),2026-09-02
ETH,Ethiopia,2023,sanitation_basic,10.0168072289161,WHO/UNICEF JMP (via World Bank API),2026-09-02
ETH,Ethiopia,2022,sanitation_basic,9.67915935964554,WHO/UNICEF JMP (via World Bank API),2026-09-02
ETH,Ethiopia,2021,sanitation_basic,9.3447728615381,WHO/UNICEF JMP (via World Bank API),2026-09-02
ETH,Ethiopia,2020,sanitation_basic,9.01330021395482,WHO/UNICEF JMP (via World Bank API),2026-09-02
ETH,Ethiopia,2019,sanitation_basic,8.68474048756754,WHO/UNICEF JMP (via World Bank API),2026-09-02
ETH,Ethiopia,2018,sanitation_basic,8.35875920842316,WHO/UNICEF JMP (via World Bank API),2026-09-02
ETH,Ethiopia,2017,sanitation_basic,8.0353579200927,WHO/UNICEF JMP (via World Bank API),2026-09-02
ETH,Ethiopia,2016,sanitation_basic,7.71437321783047,WHO/UNICEF JMP (via World Bank API),2026-09-02
ETH,Ethiopia,2015,sanitation_basic,7.39517563066231,WHO/UNICEF JMP (via World Bank API),2026-09-02
ETH,Ethiopia,2014,sanitation_basic,7.07793835749952,WHO/UNICEF JMP (via World Bank API),2026-09-02
ETH,Ethiopia,2013,sanitation_basic,6.76236331987807,WHO/UNICEF JMP (via World Bank API),2026-09-02
ETH,Ethiopia,2012,sanitation_basic,6.44846430368166,WHO/UNICEF JMP (via World Bank API),2026-09-02
ETH,Ethiopia,2011,sanitation_basic,6.13343630352376,WHO/UNICEF JMP (via World Bank API),2026-09-02
ETH,Ethiopia,2010,sanitation_basic,5.82002469888892,WHO/UNICEF JMP (via World Bank API),2026-09-02
ETH,Ethiopia,2009,sanitation_basic,5.50779854946485,WHO/UNICEF JMP (via World Bank API),2026-09-02
ETH,Ethiopia,2008,sanitation_basic,5.196915075959,WHO/UNICEF JMP (via World Bank API),2026-09-02
ETH,Ethiopia,2007,sanitation_basic,4.88681883136837,WHO/UNICEF JMP (via World Bank API),2026-09-02
ETH,Ethiopia,2006,sanitation_basic,4.60119614731006,WHO/UNICEF JMP (via World Bank API),2026-09-02
ETH,Ethiopia,2005,sanitation_basic,4.31725101635963,WHO/UNICEF JMP (via World Bank API),2026-09-02
ETH,Ethiopia,2004,sanitation_basic,4.03281392420472,WHO/UNICEF JMP (via World Bank API),2026-09-02
ETH,Ethiopia,2003,sanitation_basic,3.74769441878364,WHO/UNICEF JMP (via World Bank API),2026-09-02
ETH,Ethiopia,2002,sanitation_basic,3.48709965924687,WHO/UNICEF JMP (via World Bank API),2026-09-02
ETH,Ethiopia,2001,sanitation_basic,3.22631881592251,WHO/UNICEF JMP (via World Bank API),2026-09-02
ETH,Ethiopia,2000,sanitation_basic,2.9657663244498,WHO/UNICEF JMP (via World Bank API),2026-09-02
FRO,Faroe Islands,2015,sanitation_basic,90.8834757181354,WHO/UNICEF JMP (via World Bank API),2026-09-02
FRO,Faroe Islands,2014,sanitation_basic,90.8834757181354,WHO/UNICEF JMP (via World Bank API),2026-09-02
FRO,Faroe Islands,2013,sanitation_basic,90.8834757181354,WHO/UNICEF JMP (via World Bank API),2026-09-02
FRO,Faroe Islands,2012,sanitation_basic,90.8834757181354,WHO/UNICEF JMP (via World Bank API),2026-09-02
FRO,Faroe Islands,2011,sanitation_basic,90.8834757181354,WHO/UNICEF JMP (via World Bank API),2026-09-02
FRO,Faroe Islands,2010,sanitation_basic,90.8834757181354,WHO/UNICEF JMP (via World Bank API),2026-09-02
FRO,Faroe Islands,2009,sanitation_basic,90.8834757181354,WHO/UNICEF JMP (via World Bank API),2026-09-02
FRO,Faroe Islands,2008,sanitation_basic,90.8834757181354,WHO/UNICEF JMP (via World Bank API),2026-09-02
FRO,Faroe Islands,2007,sanitation_basic,90.8834757181354,WHO/UNICEF JMP (via World Bank API),2026-09-02
FJI,Fiji,2023,sanitation_basic,92.7542060099235,WHO/UNICEF JMP (via World Bank API),2026-09-02
FJI,Fiji,2022,sanitation_basic,93.0437432138971,WHO/UNICEF JMP (via World Bank API),2026-09-02
FJI,Fiji,2021,sanitation_basic,93.3328625255853,WHO/UNICEF JMP (via World Bank API),2026-09-02
FJI,Fiji,2020,sanitation_basic,93.6215609537076,WHO/UNICEF JMP (via World Bank API),2026-09-02
FJI,Fiji,2019,sanitation_basic,93.7099433236184,WHO/UNICEF JMP (via World Bank API),2026-09-02
FJI,Fiji,2018,sanitation_basic,93.4859578759574,WHO/UNICEF JMP (via World Bank API),2026-09-02
FJI,Fiji,2017,sanitation_basic,93.2511716546291,WHO/UNICEF JMP (via World Bank API),2026-09-02
FJI,Fiji,2016,sanitation_basic,93.0055113848616,WHO/UNICEF JMP (via World Bank API),2026-09-02
FJI,Fiji,2015,sanitation_basic,92.7488640903171,WHO/UNICEF JMP (via World Bank API),2026-09-02
FJI,Fiji,2014,sanitation_basic,92.4811636292608,WHO/UNICEF JMP (via World Bank API),2026-09-02
FJI,Fiji,2013,sanitation_basic,92.2023735585411,WHO/UNICEF JMP (via World Bank API),2026-09-02
FJI,Fiji,2012,sanitation_basic,91.9124427859318,WHO/UNICEF JMP (via World Bank API),2026-09-02
FJI,Fiji,2011,sanitation_basic,91.6111034972406,WHO/UNICEF JMP (via World Bank API),2026-09-02
FJI,Fiji,2010,sanitation_basic,91.2985247970932,WHO/UNICEF JMP (via World Bank API),2026-09-02
FJI,Fiji,2009,sanitation_basic,90.9745036563402,WHO/UNICEF JMP (via World Bank API),2026-09-02
FJI,Fiji,2008,sanitation_basic,90.6391439703364,WHO/UNICEF JMP (via World Bank API),2026-09-02
FJI,Fiji,2007,sanitation_basic,90.2946156798111,WHO/UNICEF JMP (via World Bank API),2026-09-02
FJI,Fiji,2006,sanitation_basic,89.9493490621546,WHO/UNICEF JMP (via World Bank API),2026-09-02
FJI,Fiji,2005,sanitation_basic,89.5944358182032,WHO/UNICEF JMP (via World Bank API),2026-09-02
FJI,Fiji,2004,sanitation_basic,88.9689415238331,WHO/UNICEF JMP (via World Bank API),2026-09-02
FJI,Fiji,2003,sanitation_basic,88.3372852839181,WHO/UNICEF JMP (via World Bank API),2026-09-02
FJI,Fiji,2002,sanitation_basic,87.6998330662388,WHO/UNICEF JMP (via World Bank API),2026-09-02
FJI,Fiji,2001,sanitation_basic,87.645208009653,WHO/UNICEF JMP (via World Bank API),2026-09-02
FJI,Fiji,2000,sanitation_basic,87.5905781537548,WHO/UNICEF JMP (via World Bank API),2026-09-02
FIN,Finland,2023,sanitation_basic,99.4479540389609,WHO/UNICEF JMP (via World Bank API),2026-09-02
FIN,Finland,2022,sanitation_basic,99.447963421715,WHO/UNICEF JMP (via World Bank API),2026-09-02
FIN,Finland,2021,sanitation_basic,99.4479633785746,WHO/UNICEF JMP (via World Bank API),2026-09-02
FIN,Finland,2020,sanitation_basic,99.4479703400958,WHO/UNICEF JMP (via World Bank API),2026-09-02
FIN,Finland,2019,sanitation_basic,99.4479732107755,WHO/UNICEF JMP (via World Bank API),2026-09-02
FIN,Finland,2018,sanitation_basic,99.4479792179027,WHO/UNICEF JMP (via World Bank API),2026-09-02
FIN,Finland,2017,sanitation_basic,99.4479844608387,WHO/UNICEF JMP (via World Bank API),2026-09-02
FIN,Finland,2016,sanitation_basic,99.4479863794358,WHO/UNICEF JMP (via World Bank API),2026-09-02
FIN,Finland,2015,sanitation_basic,99.4479924994101,WHO/UNICEF JMP (via World Bank API),2026-09-02
FIN,Finland,2014,sanitation_basic,99.447989639906,WHO/UNICEF JMP (via World Bank API),2026-09-02
FIN,Finland,2013,sanitation_basic,99.4479919012629,WHO/UNICEF JMP (via World Bank API),2026-09-02
FIN,Finland,2012,sanitation_basic,99.4480121860374,WHO/UNICEF JMP (via World Bank API),2026-09-02
FIN,Finland,2011,sanitation_basic,99.4480530393252,WHO/UNICEF JMP (via World Bank API),2026-09-02
FIN,Finland,2010,sanitation_basic,99.4480868055649,WHO/UNICEF JMP (via World Bank API),2026-09-02
FIN,Finland,2009,sanitation_basic,99.4481065796544,WHO/UNICEF JMP (via World Bank API),2026-09-02
FIN,Finland,2008,sanitation_basic,99.4481136953925,WHO/UNICEF JMP (via World Bank API),2026-09-02
FIN,Finland,2007,sanitation_basic,99.4481210814901,WHO/UNICEF JMP (via World Bank API),2026-09-02
FIN,Finland,2006,sanitation_basic,99.4481326778555,WHO/UNICEF JMP (via World Bank API),2026-09-02
FIN,Finland,2005,sanitation_basic,99.4481380769585,WHO/UNICEF JMP (via World Bank API),2026-09-02
FIN,Finland,2004,sanitation_basic,99.4481450211676,WHO/UNICEF JMP (via World Bank API),2026-09-02
FIN,Finland,2003,sanitation_basic,99.448158371648,WHO/UNICEF JMP (via World Bank API),2026-09-02
FIN,Finland,2002,sanitation_basic,99.4481635733416,WHO/UNICEF JMP (via World Bank API),2026-09-02
FIN,Finland,2001,sanitation_basic,99.4481778138621,WHO/UNICEF JMP (via World Bank API),2026-09-02
FIN,Finland,2000,sanitation_basic,99.4481877671759,WHO/UNICEF JMP (via World Bank API),2026-09-02
FRA,France,2023,sanitation_basic,98.6451856910254,WHO/UNICEF JMP (via World Bank API),2026-09-02
FRA,France,2022,sanitation_basic,98.6459966836726,WHO/UNICEF JMP (via World Bank API),2026-09-02
FRA,France,2021,sanitation_basic,98.6468028432762,WHO/UNICEF JMP (via World Bank API),2026-09-02
FRA,France,2020,sanitation_basic,98.6476102264443,WHO/UNICEF JMP (via World Bank API),2026-09-02
FRA,France,2019,sanitation_basic,98.6484147946355,WHO/UNICEF JMP (via World Bank API),2026-09-02
FRA,France,2018,sanitation_basic,98.6492124319546,WHO/UNICEF JMP (via World Bank API),2026-09-02
FRA,France,2017,sanitation_basic,98.6500120942252,WHO/UNICEF JMP (via World Bank API),2026-09-02
FRA,France,2016,sanitation_basic,98.6508068148027,WHO/UNICEF JMP (via World Bank API),2026-09-02
FRA,France,2015,sanitation_basic,98.651596087179,WHO/UNICEF JMP (via World Bank API),2026-09-02
FRA,France,2014,sanitation_basic,98.6523819620194,WHO/UNICEF JMP (via World Bank API),2026-09-02
FRA,France,2013,sanitation_basic,98.6531677411089,WHO/UNICEF JMP (via World Bank API),2026-09-02
FRA,France,2012,sanitation_basic,98.653944875706,WHO/UNICEF JMP (via World Bank API),2026-09-02
FRA,France,2011,sanitation_basic,98.654714524901,WHO/UNICEF JMP (via World Bank API),2026-09-02
FRA,France,2010,sanitation_basic,98.6554802968933,WHO/UNICEF JMP (via World Bank API),2026-09-02
FRA,France,2009,sanitation_basic,98.6562410005115,WHO/UNICEF JMP (via World Bank API),2026-09-02
FRA,France,2008,sanitation_basic,98.6569940968678,WHO/UNICEF JMP (via World Bank API),2026-09-02
FRA,France,2007,sanitation_basic,98.6577403586305,WHO/UNICEF JMP (via World Bank API),2026-09-02
FRA,France,2006,sanitation_basic,98.6584766292502,WHO/UNICEF JMP (via World Bank API),2026-09-02
FRA,France,2005,sanitation_basic,98.6592218035867,WHO/UNICEF JMP (via World Bank API),2026-09-02
FRA,France,2004,sanitation_basic,98.6599677611607,WHO/UNICEF JMP (via World Bank API),2026-09-02
FRA,France,2003,sanitation_basic,98.6607322407196,WHO/UNICEF JMP (via World Bank API),2026-09-02
FRA,France,2002,sanitation_basic,98.66149050435,WHO/UNICEF JMP (via World Bank API),2026-09-02
FRA,France,2001,sanitation_basic,98.6622562806952,WHO/UNICEF JMP (via World Bank API),2026-09-02
FRA,France,2000,sanitation_basic,98.6630246141196,WHO/UNICEF JMP (via World Bank API),2026-09-02
PYF,French Polynesia,2023,sanitation_basic,97.5209198289567,WHO/UNICEF JMP (via World Bank API),2026-09-02
PYF,French Polynesia,2022,sanitation_basic,97.531950108843,WHO/UNICEF JMP (via World Bank API),2026-09-02
PYF,French Polynesia,2021,sanitation_basic,97.5429803887293,WHO/UNICEF JMP (via World Bank API),2026-09-02
PYF,French Polynesia,2020,sanitation_basic,97.5540106686156,WHO/UNICEF JMP (via World Bank API),2026-09-02
PYF,French Polynesia,2019,sanitation_basic,97.5650409485018,WHO/UNICEF JMP (via World Bank API),2026-09-02
PYF,French Polynesia,2018,sanitation_basic,97.5760712283881,WHO/UNICEF JMP (via World Bank API),2026-09-02
PYF,French Polynesia,2017,sanitation_basic,97.5871015082744,WHO/UNICEF JMP (via World Bank API),2026-09-02
PYF,French Polynesia,2016,sanitation_basic,97.5981317881607,WHO/UNICEF JMP (via World Bank API),2026-09-02
PYF,French Polynesia,2015,sanitation_basic,97.609162068047,WHO/UNICEF JMP (via World Bank API),2026-09-02
PYF,French Polynesia,2014,sanitation_basic,97.6201923479333,WHO/UNICEF JMP (via World Bank API),2026-09-02
PYF,French Polynesia,2013,sanitation_basic,97.6312226278196,WHO/UNICEF JMP (via World Bank API),2026-09-02
PYF,French Polynesia,2012,sanitation_basic,97.6422529077059,WHO/UNICEF JMP (via World Bank API),2026-09-02
PYF,French Polynesia,2011,sanitation_basic,97.6532831875921,WHO/UNICEF JMP (via World Bank API),2026-09-02
PYF,French Polynesia,2010,sanitation_basic,97.6643134674784,WHO/UNICEF JMP (via World Bank API),2026-09-02
PYF,French Polynesia,2009,sanitation_basic,97.6753437473647,WHO/UNICEF JMP (via World Bank API),2026-09-02
PYF,French Polynesia,2008,sanitation_basic,97.686374027251,WHO/UNICEF JMP (via World Bank API),2026-09-02
PYF,French Polynesia,2007,sanitation_basic,97.6974043071373,WHO/UNICEF JMP (via World Bank API),2026-09-02
PYF,French Polynesia,2006,sanitation_basic,97.7084345870236,WHO/UNICEF JMP (via World Bank API),2026-09-02
PYF,French Polynesia,2005,sanitation_basic,97.7194648669098,WHO/UNICEF JMP (via World Bank API),2026-09-02
PYF,French Polynesia,2004,sanitation_basic,97.7304951467961,WHO/UNICEF JMP (via World Bank API),2026-09-02
PYF,French Polynesia,2003,sanitation_basic,97.7415254266824,WHO/UNICEF JMP (via World Bank API),2026-09-02
PYF,French Polynesia,2002,sanitation_basic,97.7525557065687,WHO/UNICEF JMP (via World Bank API),2026-09-02
PYF,French Polynesia,2001,sanitation_basic,97.763585986455,WHO/UNICEF JMP (via World Bank API),2026-09-02
PYF,French Polynesia,2000,sanitation_basic,97.7746162663413,WHO/UNICEF JMP (via World Bank API),2026-09-02
GAB,Gabon,2023,sanitation_basic,57.3016336632799,WHO/UNICEF JMP (via World Bank API),2026-09-02
GAB,Gabon,2022,sanitation_basic,55.8117052668054,WHO/UNICEF JMP (via World Bank API),2026-09-02
GAB,Gabon,2021,sanitation_basic,54.3351602742865,WHO/UNICEF JMP (via World Bank API),2026-09-02
GAB,Gabon,2020,sanitation_basic,52.8720170958258,WHO/UNICEF JMP (via World Bank API),2026-09-02
GAB,Gabon,2019,sanitation_basic,51.4223011158649,WHO/UNICEF JMP (via World Bank API),2026-09-02
GAB,Gabon,2018,sanitation_basic,49.9863984455825,WHO/UNICEF JMP (via World Bank API),2026-09-02
GAB,Gabon,2017,sanitation_basic,48.5637395217699,WHO/UNICEF JMP (via World Bank API),2026-09-02
GAB,Gabon,2016,sanitation_basic,47.1547496987424,WHO/UNICEF JMP (via World Bank API),2026-09-02
GAB,Gabon,2015,sanitation_basic,45.7595556064781,WHO/UNICEF JMP (via World Bank API),2026-09-02
GAB,Gabon,2014,sanitation_basic,44.3780097930999,WHO/UNICEF JMP (via World Bank API),2026-09-02
GAB,Gabon,2013,sanitation_basic,43.0100058976352,WHO/UNICEF JMP (via World Bank API),2026-09-02
GAB,Gabon,2012,sanitation_basic,41.6563306484328,WHO/UNICEF JMP (via World Bank API),2026-09-02
GAB,Gabon,2011,sanitation_basic,40.3193752929904,WHO/UNICEF JMP (via World Bank API),2026-09-02
GAB,Gabon,2010,sanitation_basic,39.0002582968992,WHO/UNICEF JMP (via World Bank API),2026-09-02
GAB,Gabon,2009,sanitation_basic,37.6987238584805,WHO/UNICEF JMP (via World Bank API),2026-09-02
GAB,Gabon,2008,sanitation_basic,36.4153101145998,WHO/UNICEF JMP (via World Bank API),2026-09-02
GAB,Gabon,2007,sanitation_basic,35.1495484187274,WHO/UNICEF JMP (via World Bank API),2026-09-02
GAB,Gabon,2006,sanitation_basic,33.9024749587278,WHO/UNICEF JMP (via World Bank API),2026-09-02
GAB,Gabon,2005,sanitation_basic,32.6738741656831,WHO/UNICEF JMP (via World Bank API),2026-09-02
GAB,Gabon,2004,sanitation_basic,31.4642634106599,WHO/UNICEF JMP (via World Bank API),2026-09-02
GAB,Gabon,2003,sanitation_basic,30.2734572599332,WHO/UNICEF JMP (via World Bank API),2026-09-02
GAB,Gabon,2002,sanitation_basic,29.1019683421917,WHO/UNICEF JMP (via World Bank API),2026-09-02
GAB,Gabon,2001,sanitation_basic,27.9500597734658,WHO/UNICEF JMP (via World Bank API),2026-09-02
GAB,Gabon,2000,sanitation_basic,26.818195491378,WHO/UNICEF JMP (via World Bank API),2026-09-02
GMB,"Gambia, The",2023,sanitation_basic,47.9457928819298,WHO/UNICEF JMP (via World Bank API),2026-09-02
GMB,"Gambia, The",2022,sanitation_basic,47.7159912011406,WHO/UNICEF JMP (via World Bank API),2026-09-02
GMB,"Gambia, The",2021,sanitation_basic,47.5364188505618,WHO/UNICEF JMP (via World Bank API),2026-09-02
GMB,"Gambia, The",2020,sanitation_basic,47.3645750957407,WHO/UNICEF JMP (via World Bank API),2026-09-02
GMB,"Gambia, The",2019,sanitation_basic,47.2014093425827,WHO/UNICEF JMP (via World Bank API),2026-09-02
GMB,"Gambia, The",2018,sanitation_basic,47.0485303132535,WHO/UNICEF JMP (via World Bank API),2026-09-02
GMB,"Gambia, The",2017,sanitation_basic,46.9072182092037,WHO/UNICEF JMP (via World Bank API),2026-09-02
GMB,"Gambia, The",2016,sanitation_basic,46.7787647028692,WHO/UNICEF JMP (via World Bank API),2026-09-02
GMB,"Gambia, The",2015,sanitation_basic,46.6646737011035,WHO/UNICEF JMP (via World Bank API),2026-09-02
GMB,"Gambia, The",2014,sanitation_basic,46.5660263360159,WHO/UNICEF JMP (via World Bank API),2026-09-02
GMB,"Gambia, The",2013,sanitation_basic,46.4844347761008,WHO/UNICEF JMP (via World Bank API),2026-09-02
GMB,"Gambia, The",2012,sanitation_basic,46.4212058311807,WHO/UNICEF JMP (via World Bank API),2026-09-02
GMB,"Gambia, The",2011,sanitation_basic,46.3775424677641,WHO/UNICEF JMP (via World Bank API),2026-09-02
GMB,"Gambia, The",2010,sanitation_basic,46.3547731022519,WHO/UNICEF JMP (via World Bank API),2026-09-02
GMB,"Gambia, The",2009,sanitation_basic,46.3534874804285,WHO/UNICEF JMP (via World Bank API),2026-09-02
GMB,"Gambia, The",2008,sanitation_basic,46.3744960730948,WHO/UNICEF JMP (via World Bank API),2026-09-02
GMB,"Gambia, The",2007,sanitation_basic,46.4185276331036,WHO/UNICEF JMP (via World Bank API),2026-09-02
GMB,"Gambia, The",2006,sanitation_basic,46.4862604097152,WHO/UNICEF JMP (via World Bank API),2026-09-02
GMB,"Gambia, The",2005,sanitation_basic,46.5783414763304,WHO/UNICEF JMP (via World Bank API),2026-09-02
GMB,"Gambia, The",2004,sanitation_basic,46.6954252889106,WHO/UNICEF JMP (via World Bank API),2026-09-02
GMB,"Gambia, The",2003,sanitation_basic,47.7243148779708,WHO/UNICEF JMP (via World Bank API),2026-09-02
GMB,"Gambia, The",2002,sanitation_basic,48.7879556235198,WHO/UNICEF JMP (via World Bank API),2026-09-02
GMB,"Gambia, The",2001,sanitation_basic,49.9139746844975,WHO/UNICEF JMP (via World Bank API),2026-09-02
GMB,"Gambia, The",2000,sanitation_basic,51.0627069646761,WHO/UNICEF JMP (via World Bank API),2026-09-02
GEO,Georgia,2023,sanitation_basic,90.04898468576,WHO/UNICEF JMP (via World Bank API),2026-09-02
GEO,Georgia,2022,sanitation_basic,89.416046138405,WHO/UNICEF JMP (via World Bank API),2026-09-02
GEO,Georgia,2021,sanitation_basic,88.7819724294363,WHO/UNICEF JMP (via World Bank API),2026-09-02
GEO,Georgia,2020,sanitation_basic,88.1470373073336,WHO/UNICEF JMP (via World Bank API),2026-09-02
GEO,Georgia,2019,sanitation_basic,87.5111601190334,WHO/UNICEF JMP (via World Bank API),2026-09-02
GEO,Georgia,2018,sanitation_basic,86.8748222310992,WHO/UNICEF JMP (via World Bank API),2026-09-02
GEO,Georgia,2017,sanitation_basic,86.2379416213095,WHO/UNICEF JMP (via World Bank API),2026-09-02
GEO,Georgia,2016,sanitation_basic,85.6008234007507,WHO/UNICEF JMP (via World Bank API),2026-09-02
GEO,Georgia,2015,sanitation_basic,84.963148689816,WHO/UNICEF JMP (via World Bank API),2026-09-02
GEO,Georgia,2014,sanitation_basic,84.3256691388097,WHO/UNICEF JMP (via World Bank API),2026-09-02
GEO,Georgia,2013,sanitation_basic,83.6864716943759,WHO/UNICEF JMP (via World Bank API),2026-09-02
GEO,Georgia,2012,sanitation_basic,83.0457915125519,WHO/UNICEF JMP (via World Bank API),2026-09-02
GEO,Georgia,2011,sanitation_basic,82.4031867443918,WHO/UNICEF JMP (via World Bank API),2026-09-02
GEO,Georgia,2010,sanitation_basic,81.7591448045186,WHO/UNICEF JMP (via World Bank API),2026-09-02
GEO,Georgia,2009,sanitation_basic,81.1134334337122,WHO/UNICEF JMP (via World Bank API),2026-09-02
GEO,Georgia,2008,sanitation_basic,80.4663116596926,WHO/UNICEF JMP (via World Bank API),2026-09-02
GEO,Georgia,2007,sanitation_basic,79.817561698029,WHO/UNICEF JMP (via World Bank API),2026-09-02
GEO,Georgia,2006,sanitation_basic,79.1671925516486,WHO/UNICEF JMP (via World Bank API),2026-09-02
GEO,Georgia,2005,sanitation_basic,78.5154686105649,WHO/UNICEF JMP (via World Bank API),2026-09-02
GEO,Georgia,2004,sanitation_basic,77.8624268677017,WHO/UNICEF JMP (via World Bank API),2026-09-02
GEO,Georgia,2003,sanitation_basic,77.2078100471997,WHO/UNICEF JMP (via World Bank API),2026-09-02
GEO,Georgia,2002,sanitation_basic,76.7308281538671,WHO/UNICEF JMP (via World Bank API),2026-09-02
GEO,Georgia,2001,sanitation_basic,76.3455620066701,WHO/UNICEF JMP (via World Bank API),2026-09-02
GEO,Georgia,2000,sanitation_basic,76.0390884292644,WHO/UNICEF JMP (via World Bank API),2026-09-02
DEU,Germany,2023,sanitation_basic,99.2265552501835,WHO/UNICEF JMP (via World Bank API),2026-09-02
DEU,Germany,2022,sanitation_basic,99.2262023543276,WHO/UNICEF JMP (via World Bank API),2026-09-02
DEU,Germany,2021,sanitation_basic,99.2258902349631,WHO/UNICEF JMP (via World Bank API),2026-09-02
DEU,Germany,2020,sanitation_basic,99.2256156866511,WHO/UNICEF JMP (via World Bank API),2026-09-02
DEU,Germany,2019,sanitation_basic,99.2253839958428,WHO/UNICEF JMP (via World Bank API),2026-09-02
DEU,Germany,2018,sanitation_basic,99.2251947749957,WHO/UNICEF JMP (via World Bank API),2026-09-02
DEU,Germany,2017,sanitation_basic,99.2250385348841,WHO/UNICEF JMP (via World Bank API),2026-09-02
DEU,Germany,2016,sanitation_basic,99.224925403148,WHO/UNICEF JMP (via World Bank API),2026-09-02
DEU,Germany,2015,sanitation_basic,99.2248544718085,WHO/UNICEF JMP (via World Bank API),2026-09-02
DEU,Germany,2014,sanitation_basic,99.2248234415877,WHO/UNICEF JMP (via World Bank API),2026-09-02
DEU,Germany,2013,sanitation_basic,99.2247932083091,WHO/UNICEF JMP (via World Bank API),2026-09-02
DEU,Germany,2012,sanitation_basic,99.2247613890783,WHO/UNICEF JMP (via World Bank API),2026-09-02
DEU,Germany,2011,sanitation_basic,99.2247340689137,WHO/UNICEF JMP (via World Bank API),2026-09-02
DEU,Germany,2010,sanitation_basic,99.2241473116782,WHO/UNICEF JMP (via World Bank API),2026-09-02
DEU,Germany,2009,sanitation_basic,99.2235594374559,WHO/UNICEF JMP (via World Bank API),2026-09-02
DEU,Germany,2008,sanitation_basic,99.2229706553604,WHO/UNICEF JMP (via World Bank API),2026-09-02
DEU,Germany,2007,sanitation_basic,99.2223722833519,WHO/UNICEF JMP (via World Bank API),2026-09-02
DEU,Germany,2006,sanitation_basic,99.2217727206521,WHO/UNICEF JMP (via World Bank API),2026-09-02
DEU,Germany,2005,sanitation_basic,99.2211744184797,WHO/UNICEF JMP (via World Bank API),2026-09-02
DEU,Germany,2004,sanitation_basic,99.2205650986776,WHO/UNICEF JMP (via World Bank API),2026-09-02
DEU,Germany,2003,sanitation_basic,99.2199547418402,WHO/UNICEF JMP (via World Bank API),2026-09-02
DEU,Germany,2002,sanitation_basic,99.2193421952122,WHO/UNICEF JMP (via World Bank API),2026-09-02
DEU,Germany,2001,sanitation_basic,99.2187285711442,WHO/UNICEF JMP (via World Bank API),2026-09-02
DEU,Germany,2000,sanitation_basic,99.21811250617,WHO/UNICEF JMP (via World Bank API),2026-09-02
GHA,Ghana,2023,sanitation_basic,30.3048454596217,WHO/UNICEF JMP (via World Bank API),2026-09-02
GHA,Ghana,2022,sanitation_basic,29.0423190138112,WHO/UNICEF JMP (via World Bank API),2026-09-02
GHA,Ghana,2021,sanitation_basic,27.7916388048117,WHO/UNICEF JMP (via World Bank API),2026-09-02
GHA,Ghana,2020,sanitation_basic,26.5532224510153,WHO/UNICEF JMP (via World Bank API),2026-09-02
GHA,Ghana,2019,sanitation_basic,25.327363008811,WHO/UNICEF JMP (via World Bank API),2026-09-02
GHA,Ghana,2018,sanitation_basic,24.1144852694417,WHO/UNICEF JMP (via World Bank API),2026-09-02
GHA,Ghana,2017,sanitation_basic,22.9147548943672,WHO/UNICEF JMP (via World Bank API),2026-09-02
GHA,Ghana,2016,sanitation_basic,21.7286047018582,WHO/UNICEF JMP (via World Bank API),2026-09-02
GHA,Ghana,2015,sanitation_basic,20.556338766229,WHO/UNICEF JMP (via World Bank API),2026-09-02
GHA,Ghana,2014,sanitation_basic,19.3983890713711,WHO/UNICEF JMP (via World Bank API),2026-09-02
GHA,Ghana,2013,sanitation_basic,18.2550635017005,WHO/UNICEF JMP (via World Bank API),2026-09-02
GHA,Ghana,2012,sanitation_basic,17.126673080362,WHO/UNICEF JMP (via World Bank API),2026-09-02
GHA,Ghana,2011,sanitation_basic,16.0135300837222,WHO/UNICEF JMP (via World Bank API),2026-09-02
GHA,Ghana,2010,sanitation_basic,14.9161840108112,WHO/UNICEF JMP (via World Bank API),2026-09-02
GHA,Ghana,2009,sanitation_basic,13.8350497335121,WHO/UNICEF JMP (via World Bank API),2026-09-02
GHA,Ghana,2008,sanitation_basic,12.7707576406742,WHO/UNICEF JMP (via World Bank API),2026-09-02
GHA,Ghana,2007,sanitation_basic,11.7231535267872,WHO/UNICEF JMP (via World Bank API),2026-09-02
GHA,Ghana,2006,sanitation_basic,10.6928566524772,WHO/UNICEF JMP (via World Bank API),2026-09-02
GHA,Ghana,2005,sanitation_basic,9.68014854216275,WHO/UNICEF JMP (via World Bank API),2026-09-02
GHA,Ghana,2004,sanitation_basic,8.68540857696259,WHO/UNICEF JMP (via World Bank API),2026-09-02
GHA,Ghana,2003,sanitation_basic,7.7086235468762,WHO/UNICEF JMP (via World Bank API),2026-09-02
GHA,Ghana,2002,sanitation_basic,6.75045552246998,WHO/UNICEF JMP (via World Bank API),2026-09-02
GHA,Ghana,2001,sanitation_basic,5.81107386081924,WHO/UNICEF JMP (via World Bank API),2026-09-02
GHA,Ghana,2000,sanitation_basic,5.7234427408028,WHO/UNICEF JMP (via World Bank API),2026-09-02
GIB,Gibraltar,2023,sanitation_basic,100.0,WHO/UNICEF JMP (via World Bank API),2026-09-02
GIB,Gibraltar,2022,sanitation_basic,100.0,WHO/UNICEF JMP (via World Bank API),2026-09-02
GIB,Gibraltar,2021,sanitation_basic,100.0,WHO/UNICEF JMP (via World Bank API),2026-09-02
GIB,Gibraltar,2020,sanitation_basic,100.0,WHO/UNICEF JMP (via World Bank API),2026-09-02
GIB,Gibraltar,2019,sanitation_basic,100.0,WHO/UNICEF JMP (via World Bank API),2026-09-02
GIB,Gibraltar,2018,sanitation_basic,100.0,WHO/UNICEF JMP (via World Bank API),2026-09-02
GIB,Gibraltar,2017,sanitation_basic,100.0,WHO/UNICEF JMP (via World Bank API),2026-09-02
GIB,Gibraltar,2016,sanitation_basic,100.0,WHO/UNICEF JMP (via World Bank API),2026-09-02
GIB,Gibraltar,2015,sanitation_basic,100.0,WHO/UNICEF JMP (via World Bank API),2026-09-02
GIB,Gibraltar,2014,sanitation_basic,100.0,WHO/UNICEF JMP (via World Bank API),2026-09-02
GIB,Gibraltar,2013,sanitation_basic,100.0,WHO/UNICEF JMP (via World Bank API),2026-09-02
GIB,Gibraltar,2012,sanitation_basic,100.0,WHO/UNICEF JMP (via World Bank API),2026-09-02
GIB,Gibraltar,2011,sanitation_basic,100.0,WHO/UNICEF JMP (via World Bank API),2026-09-02
GIB,Gibraltar,2010,sanitation_basic,100.0,WHO/UNICEF JMP (via World Bank API),2026-09-02
GIB,Gibraltar,2009,sanitation_basic,100.0,WHO/UNICEF JMP (via World Bank API),2026-09-02
GIB,Gibraltar,2008,sanitation_basic,100.0,WHO/UNICEF JMP (via World Bank API),2026-09-02
GIB,Gibraltar,2007,sanitation_basic,100.0,WHO/UNICEF JMP (via World Bank API),2026-09-02
GIB,Gibraltar,2006,sanitation_basic,100.0,WHO/UNICEF JMP (via World Bank API),2026-09-02
GIB,Gibraltar,2005,sanitation_basic,100.0,WHO/UNICEF JMP (via World Bank API),2026-09-02
GIB,Gibraltar,2004,sanitation_basic,100.0,WHO/UNICEF JMP (via World Bank API),2026-09-02
GIB,Gibraltar,2003,sanitation_basic,100.0,WHO/UNICEF JMP (via World Bank API),2026-09-02
GIB,Gibraltar,2002,sanitation_basic,100.0,WHO/UNICEF JMP (via World Bank API),2026-09-02
GIB,Gibraltar,2001,sanitation_basic,100.0,WHO/UNICEF JMP (via World Bank API),2026-09-02
GIB,Gibraltar,2000,sanitation_basic,100.0,WHO/UNICEF JMP (via World Bank API),2026-09-02
GRC,Greece,2023,sanitation_basic,99.0039477070011,WHO/UNICEF JMP (via World Bank API),2026-09-02
GRC,Greece,2022,sanitation_basic,99.0005834270921,WHO/UNICEF JMP (via World Bank API),2026-09-02
GRC,Greece,2021,sanitation_basic,98.9971863349773,WHO/UNICEF JMP (via World Bank API),2026-09-02
GRC,Greece,2020,sanitation_basic,98.9937448356397,WHO/UNICEF JMP (via World Bank API),2026-09-02
GRC,Greece,2019,sanitation_basic,98.9902600193741,WHO/UNICEF JMP (via World Bank API),2026-09-02
GRC,Greece,2018,sanitation_basic,98.9867526034177,WHO/UNICEF JMP (via World Bank API),2026-09-02
GRC,Greece,2017,sanitation_basic,98.9831881851134,WHO/UNICEF JMP (via World Bank API),2026-09-02
GRC,Greece,2016,sanitation_basic,98.9564489293753,WHO/UNICEF JMP (via World Bank API),2026-09-02
GRC,Greece,2015,sanitation_basic,98.8956496305224,WHO/UNICEF JMP (via World Bank API),2026-09-02
GRC,Greece,2014,sanitation_basic,98.8339628930007,WHO/UNICEF JMP (via World Bank API),2026-09-02
GRC,Greece,2013,sanitation_basic,98.7713762312749,WHO/UNICEF JMP (via World Bank API),2026-09-02
GRC,Greece,2012,sanitation_basic,98.7078706841622,WHO/UNICEF JMP (via World Bank API),2026-09-02
GRC,Greece,2011,sanitation_basic,98.6434297836442,WHO/UNICEF JMP (via World Bank API),2026-09-02
GRC,Greece,2010,sanitation_basic,98.5780776451811,WHO/UNICEF JMP (via World Bank API),2026-09-02
GRC,Greece,2009,sanitation_basic,98.5117822479045,WHO/UNICEF JMP (via World Bank API),2026-09-02
GRC,Greece,2008,sanitation_basic,98.444518449364,WHO/UNICEF JMP (via World Bank API),2026-09-02
GRC,Greece,2007,sanitation_basic,98.37623995926,WHO/UNICEF JMP (via World Bank API),2026-09-02
GRC,Greece,2006,sanitation_basic,98.3069816511148,WHO/UNICEF JMP (via World Bank API),2026-09-02
GRC,Greece,2005,sanitation_basic,98.2367240021803,WHO/UNICEF JMP (via World Bank API),2026-09-02
GRC,Greece,2004,sanitation_basic,98.1654410547609,WHO/UNICEF JMP (via World Bank API),2026-09-02
GRC,Greece,2003,sanitation_basic,98.0930878671239,WHO/UNICEF JMP (via World Bank API),2026-09-02
GRC,Greece,2002,sanitation_basic,98.0197252313027,WHO/UNICEF JMP (via World Bank API),2026-09-02
GRC,Greece,2001,sanitation_basic,97.9452945342735,WHO/UNICEF JMP (via World Bank API),2026-09-02
GRC,Greece,2000,sanitation_basic,97.8758799190344,WHO/UNICEF JMP (via World Bank API),2026-09-02
GRL,Greenland,2022,sanitation_basic,62.5,WHO/UNICEF JMP (via World Bank API),2026-09-02
GRL,Greenland,2021,sanitation_basic,62.5,WHO/UNICEF JMP (via World Bank API),2026-09-02
GRL,Greenland,2020,sanitation_basic,62.5,WHO/UNICEF JMP (via World Bank API),2026-09-02
GRL,Greenland,2019,sanitation_basic,62.5,WHO/UNICEF JMP (via World Bank API),2026-09-02
GRL,Greenland,2018,sanitation_basic,62.5,WHO/UNICEF JMP (via World Bank API),2026-09-02
GRL,Greenland,2017,sanitation_basic,62.5,WHO/UNICEF JMP (via World Bank API),2026-09-02
GRL,Greenland,2016,sanitation_basic,62.5,WHO/UNICEF JMP (via World Bank API),2026-09-02
GRL,Greenland,2015,sanitation_basic,62.5,WHO/UNICEF JMP (via World Bank API),2026-09-02
GRL,Greenland,2014,sanitation_basic,62.5,WHO/UNICEF JMP (via World Bank API),2026-09-02
GRD,Grenada,2023,sanitation_basic,92.6192396904393,WHO/UNICEF JMP (via World Bank API),2026-09-02
GRD,Grenada,2022,sanitation_basic,92.6192396904393,WHO/UNICEF JMP (via World Bank API),2026-09-02
GRD,Grenada,2021,sanitation_basic,92.6192396904393,WHO/UNICEF JMP (via World Bank API),2026-09-02
GRD,Grenada,2020,sanitation_basic,92.7121229976892,WHO/UNICEF JMP (via World Bank API),2026-09-02
GRD,Grenada,2019,sanitation_basic,92.8050063049392,WHO/UNICEF JMP (via World Bank API),2026-09-02
GRD,Grenada,2018,sanitation_basic,92.8978896121892,WHO/UNICEF JMP (via World Bank API),2026-09-02
GRD,Grenada,2017,sanitation_basic,92.9907729194391,WHO/UNICEF JMP (via World Bank API),2026-09-02
GRD,Grenada,2016,sanitation_basic,93.0836562266891,WHO/UNICEF JMP (via World Bank API),2026-09-02
GRD,Grenada,2015,sanitation_basic,93.176539533939,WHO/UNICEF JMP (via World Bank API),2026-09-02
GRD,Grenada,2014,sanitation_basic,93.269422841189,WHO/UNICEF JMP (via World Bank API),2026-09-02
GRD,Grenada,2013,sanitation_basic,93.362306148439,WHO/UNICEF JMP (via World Bank API),2026-09-02
GRD,Grenada,2012,sanitation_basic,93.4551894556889,WHO/UNICEF JMP (via World Bank API),2026-09-02
GRD,Grenada,2011,sanitation_basic,93.5480727629389,WHO/UNICEF JMP (via World Bank API),2026-09-02
GRD,Grenada,2010,sanitation_basic,93.6409560701888,WHO/UNICEF JMP (via World Bank API),2026-09-02
GRD,Grenada,2009,sanitation_basic,93.1393891692389,WHO/UNICEF JMP (via World Bank API),2026-09-02
GRD,Grenada,2008,sanitation_basic,92.6366441558442,WHO/UNICEF JMP (via World Bank API),2026-09-02
GRD,Grenada,2007,sanitation_basic,92.1327210300046,WHO/UNICEF JMP (via World Bank API),2026-09-02
GRD,Grenada,2006,sanitation_basic,91.6276197917204,WHO/UNICEF JMP (via World Bank API),2026-09-02
GRD,Grenada,2005,sanitation_basic,91.1213404409914,WHO/UNICEF JMP (via World Bank API),2026-09-02
GRD,Grenada,2004,sanitation_basic,90.6138829778177,WHO/UNICEF JMP (via World Bank API),2026-09-02
GRD,Grenada,2003,sanitation_basic,90.1052474021992,WHO/UNICEF JMP (via World Bank API),2026-09-02
GRD,Grenada,2002,sanitation_basic,89.5954337141359,WHO/UNICEF JMP (via World Bank API),2026-09-02
GRD,Grenada,2001,sanitation_basic,89.0844419136279,WHO/UNICEF JMP (via World Bank API),2026-09-02
GRD,Grenada,2000,sanitation_basic,88.5722720006749,WHO/UNICEF JMP (via World Bank API),2026-09-02
GUM,Guam,2023,sanitation_basic,90.3765791487569,WHO/UNICEF JMP (via World Bank API),2026-09-02
GUM,Guam,2022,sanitation_basic,90.3765791487569,WHO/UNICEF JMP (via World Bank API),2026-09-02
GUM,Guam,2021,sanitation_basic,90.3128042815002,WHO/UNICEF JMP (via World Bank API),2026-09-02
GUM,Guam,2020,sanitation_basic,90.2490294142436,WHO/UNICEF JMP (via World Bank API),2026-09-02
GUM,Guam,2019,sanitation_basic,90.1852545469869,WHO/UNICEF JMP (via World Bank API),2026-09-02
GUM,Guam,2018,sanitation_basic,90.1214796797303,WHO/UNICEF JMP (via World Bank API),2026-09-02
GUM,Guam,2017,sanitation_basic,90.0577048124737,WHO/UNICEF JMP (via World Bank API),2026-09-02
GUM,Guam,2016,sanitation_basic,89.993929945217,WHO/UNICEF JMP (via World Bank API),2026-09-02
GUM,Guam,2015,sanitation_basic,89.9301550779604,WHO/UNICEF JMP (via World Bank API),2026-09-02
GUM,Guam,2014,sanitation_basic,89.8663802107038,WHO/UNICEF JMP (via World Bank API),2026-09-02
GUM,Guam,2013,sanitation_basic,89.8026053434471,WHO/UNICEF JMP (via World Bank API),2026-09-02
GUM,Guam,2012,sanitation_basic,89.7388304761905,WHO/UNICEF JMP (via World Bank API),2026-09-02
GUM,Guam,2011,sanitation_basic,89.6750556089339,WHO/UNICEF JMP (via World Bank API),2026-09-02
GUM,Guam,2010,sanitation_basic,89.6112807416772,WHO/UNICEF JMP (via World Bank API),2026-09-02
GUM,Guam,2009,sanitation_basic,89.5475058744206,WHO/UNICEF JMP (via World Bank API),2026-09-02
GUM,Guam,2008,sanitation_basic,89.483731007164,WHO/UNICEF JMP (via World Bank API),2026-09-02
GUM,Guam,2007,sanitation_basic,89.4199561399073,WHO/UNICEF JMP (via World Bank API),2026-09-02
GUM,Guam,2006,sanitation_basic,89.3561812726507,WHO/UNICEF JMP (via World Bank API),2026-09-02
GUM,Guam,2005,sanitation_basic,89.292406405394,WHO/UNICEF JMP (via World Bank API),2026-09-02
GUM,Guam,2004,sanitation_basic,89.2286315381374,WHO/UNICEF JMP (via World Bank API),2026-09-02
GUM,Guam,2003,sanitation_basic,89.1648566708808,WHO/UNICEF JMP (via World Bank API),2026-09-02
GUM,Guam,2002,sanitation_basic,89.1010818036241,WHO/UNICEF JMP (via World Bank API),2026-09-02
GUM,Guam,2001,sanitation_basic,89.0373069363675,WHO/UNICEF JMP (via World Bank API),2026-09-02
GUM,Guam,2000,sanitation_basic,88.9735320691109,WHO/UNICEF JMP (via World Bank API),2026-09-02
GTM,Guatemala,2023,sanitation_basic,70.6041253212475,WHO/UNICEF JMP (via World Bank API),2026-09-02
GTM,Guatemala,2022,sanitation_basic,70.0349423501554,WHO/UNICEF JMP (via World Bank API),2026-09-02
GTM,Guatemala,2021,sanitation_basic,69.4621730094076,WHO/UNICEF JMP (via World Bank API),2026-09-02
GTM,Guatemala,2020,sanitation_basic,68.8862996420965,WHO/UNICEF JMP (via World Bank API),2026-09-02
GTM,Guatemala,2019,sanitation_basic,68.5709973645284,WHO/UNICEF JMP (via World Bank API),2026-09-02
GTM,Guatemala,2018,sanitation_basic,68.2489426363097,WHO/UNICEF JMP (via World Bank API),2026-09-02
GTM,Guatemala,2017,sanitation_basic,67.9199018955355,WHO/UNICEF JMP (via World Bank API),2026-09-02
GTM,Guatemala,2016,sanitation_basic,67.5843983621211,WHO/UNICEF JMP (via World Bank API),2026-09-02
GTM,Guatemala,2015,sanitation_basic,67.2424899275787,WHO/UNICEF JMP (via World Bank API),2026-09-02
GTM,Guatemala,2014,sanitation_basic,66.8936926813794,WHO/UNICEF JMP (via World Bank API),2026-09-02
GTM,Guatemala,2013,sanitation_basic,66.5388660847847,WHO/UNICEF JMP (via World Bank API),2026-09-02
GTM,Guatemala,2012,sanitation_basic,66.1775447968584,WHO/UNICEF JMP (via World Bank API),2026-09-02
GTM,Guatemala,2011,sanitation_basic,65.8097996494068,WHO/UNICEF JMP (via World Bank API),2026-09-02
GTM,Guatemala,2010,sanitation_basic,65.4325572317079,WHO/UNICEF JMP (via World Bank API),2026-09-02
GTM,Guatemala,2009,sanitation_basic,65.0451401830532,WHO/UNICEF JMP (via World Bank API),2026-09-02
GTM,Guatemala,2008,sanitation_basic,64.6483174313352,WHO/UNICEF JMP (via World Bank API),2026-09-02
GTM,Guatemala,2007,sanitation_basic,64.2408036159459,WHO/UNICEF JMP (via World Bank API),2026-09-02
GTM,Guatemala,2006,sanitation_basic,63.8233780145297,WHO/UNICEF JMP (via World Bank API),2026-09-02
GTM,Guatemala,2005,sanitation_basic,63.3959543094237,WHO/UNICEF JMP (via World Bank API),2026-09-02
GTM,Guatemala,2004,sanitation_basic,62.9581205196871,WHO/UNICEF JMP (via World Bank API),2026-09-02
GTM,Guatemala,2003,sanitation_basic,62.5094447172638,WHO/UNICEF JMP (via World Bank API),2026-09-02
GTM,Guatemala,2002,sanitation_basic,62.0451166230721,WHO/UNICEF JMP (via World Bank API),2026-09-02
GTM,Guatemala,2001,sanitation_basic,61.5616929942508,WHO/UNICEF JMP (via World Bank API),2026-09-02
GTM,Guatemala,2000,sanitation_basic,61.0672448487816,WHO/UNICEF JMP (via World Bank API),2026-09-02
GIN,Guinea,2023,sanitation_basic,32.538855541003,WHO/UNICEF JMP (via World Bank API),2026-09-02
GIN,Guinea,2022,sanitation_basic,31.2707423118105,WHO/UNICEF JMP (via World Bank API),2026-09-02
GIN,Guinea,2021,sanitation_basic,30.0258495167405,WHO/UNICEF JMP (via World Bank API),2026-09-02
GIN,Guinea,2020,sanitation_basic,28.8045342946628,WHO/UNICEF JMP (via World Bank API),2026-09-02
GIN,Guinea,2019,sanitation_basic,27.6063983510435,WHO/UNICEF JMP (via World Bank API),2026-09-02
GIN,Guinea,2018,sanitation_basic,26.4315341873572,WHO/UNICEF JMP (via World Bank API),2026-09-02
GIN,Guinea,2017,sanitation_basic,25.2793165342665,WHO/UNICEF JMP (via World Bank API),2026-09-02
GIN,Guinea,2016,sanitation_basic,24.1498387012441,WHO/UNICEF JMP (via World Bank API),2026-09-02
GIN,Guinea,2015,sanitation_basic,23.0429534538905,WHO/UNICEF JMP (via World Bank API),2026-09-02
GIN,Guinea,2014,sanitation_basic,21.958517184142,WHO/UNICEF JMP (via World Bank API),2026-09-02
GIN,Guinea,2013,sanitation_basic,20.8963805102335,WHO/UNICEF JMP (via World Bank API),2026-09-02
GIN,Guinea,2012,sanitation_basic,19.8535699723585,WHO/UNICEF JMP (via World Bank API),2026-09-02
GIN,Guinea,2011,sanitation_basic,18.8300745161128,WHO/UNICEF JMP (via World Bank API),2026-09-02
GIN,Guinea,2010,sanitation_basic,17.8258882415396,WHO/UNICEF JMP (via World Bank API),2026-09-02
GIN,Guinea,2009,sanitation_basic,16.8410008400224,WHO/UNICEF JMP (via World Bank API),2026-09-02
GIN,Guinea,2008,sanitation_basic,15.8756067639013,WHO/UNICEF JMP (via World Bank API),2026-09-02
GIN,Guinea,2007,sanitation_basic,14.9294878110963,WHO/UNICEF JMP (via World Bank API),2026-09-02
GIN,Guinea,2006,sanitation_basic,14.0026334670864,WHO/UNICEF JMP (via World Bank API),2026-09-02
GIN,Guinea,2005,sanitation_basic,13.0950354311112,WHO/UNICEF JMP (via World Bank API),2026-09-02
GIN,Guinea,2004,sanitation_basic,12.2068746539465,WHO/UNICEF JMP (via World Bank API),2026-09-02
GIN,Guinea,2003,sanitation_basic,11.3379449716538,WHO/UNICEF JMP (via World Bank API),2026-09-02
GIN,Guinea,2002,sanitation_basic,10.6114415301292,WHO/UNICEF JMP (via World Bank API),2026-09-02
GIN,Guinea,2001,sanitation_basic,9.88629196850462,WHO/UNICEF JMP (via World Bank API),2026-09-02
GIN,Guinea,2000,sanitation_basic,9.16230658478803,WHO/UNICEF JMP (via World Bank API),2026-09-02
GNB,Guinea-Bissau,2023,sanitation_basic,28.8319728978299,WHO/UNICEF JMP (via World Bank API),2026-09-02
GNB,Guinea-Bissau,2022,sanitation_basic,28.7228575496477,WHO/UNICEF JMP (via World Bank API),2026-09-02
GNB,Guinea-Bissau,2021,sanitation_basic,28.6139998460415,WHO/UNICEF JMP (via World Bank API),2026-09-02
GNB,Guinea-Bissau,2020,sanitation_basic,27.2502045881432,WHO/UNICEF JMP (via World Bank API),2026-09-02
GNB,Guinea-Bissau,2019,sanitation_basic,25.9048078160921,WHO/UNICEF JMP (via World Bank API),2026-09-02
GNB,Guinea-Bissau,2018,sanitation_basic,24.5775735612132,WHO/UNICEF JMP (via World Bank API),2026-09-02
GNB,Guinea-Bissau,2017,sanitation_basic,23.2682682564985,WHO/UNICEF JMP (via World Bank API),2026-09-02
GNB,Guinea-Bissau,2016,sanitation_basic,21.9768833616634,WHO/UNICEF JMP (via World Bank API),2026-09-02
GNB,Guinea-Bissau,2015,sanitation_basic,20.7029543822311,WHO/UNICEF JMP (via World Bank API),2026-09-02
GNB,Guinea-Bissau,2014,sanitation_basic,19.4462525723006,WHO/UNICEF JMP (via World Bank API),2026-09-02
GNB,Guinea-Bissau,2013,sanitation_basic,18.2067554736928,WHO/UNICEF JMP (via World Bank API),2026-09-02
GNB,Guinea-Bissau,2012,sanitation_basic,16.9842205721111,WHO/UNICEF JMP (via World Bank API),2026-09-02
GNB,Guinea-Bissau,2011,sanitation_basic,15.7782187068147,WHO/UNICEF JMP (via World Bank API),2026-09-02
GNB,Guinea-Bissau,2010,sanitation_basic,14.5887141664203,WHO/UNICEF JMP (via World Bank API),2026-09-02
GNB,Guinea-Bissau,2009,sanitation_basic,13.4152955008386,WHO/UNICEF JMP (via World Bank API),2026-09-02
GNB,Guinea-Bissau,2008,sanitation_basic,12.2580921089513,WHO/UNICEF JMP (via World Bank API),2026-09-02
GNB,Guinea-Bissau,2007,sanitation_basic,11.1161885061566,WHO/UNICEF JMP (via World Bank API),2026-09-02
GNB,Guinea-Bissau,2006,sanitation_basic,9.9897316228944,WHO/UNICEF JMP (via World Bank API),2026-09-02
GNB,Guinea-Bissau,2005,sanitation_basic,8.8783527585904,WHO/UNICEF JMP (via World Bank API),2026-09-02
GNB,Guinea-Bissau,2004,sanitation_basic,7.78216486739306,WHO/UNICEF JMP (via World Bank API),2026-09-02
GNB,Guinea-Bissau,2003,sanitation_basic,6.75416506576179,WHO/UNICEF JMP (via World Bank API),2026-09-02
GNB,Guinea-Bissau,2002,sanitation_basic,5.72910394514667,WHO/UNICEF JMP (via World Bank API),2026-09-02
GNB,Guinea-Bissau,2001,sanitation_basic,5.01574870772438,WHO/UNICEF JMP (via World Bank API),2026-09-02
GNB,Guinea-Bissau,2000,sanitation_basic,4.53445720097512,WHO/UNICEF JMP (via World Bank API),2026-09-02
GUY,Guyana,2023,sanitation_basic,91.3046762515848,WHO/UNICEF JMP (via World Bank API),2026-09-02
GUY,Guyana,2022,sanitation_basic,91.3010008247863,WHO/UNICEF JMP (via World Bank API),2026-09-02
GUY,Guyana,2021,sanitation_basic,90.6881198033659,WHO/UNICEF JMP (via World Bank API),2026-09-02
GUY,Guyana,2020,sanitation_basic,90.0231335168154,WHO/UNICEF JMP (via World Bank API),2026-09-02
GUY,Guyana,2019,sanitation_basic,89.3586157172433,WHO/UNICEF JMP (via World Bank API),2026-09-02
GUY,Guyana,2018,sanitation_basic,88.6946981126402,WHO/UNICEF JMP (via World Bank API),2026-09-02
GUY,Guyana,2017,sanitation_basic,88.0315709882197,WHO/UNICEF JMP (via World Bank API),2026-09-02
GUY,Guyana,2016,sanitation_basic,87.3692388758564,WHO/UNICEF JMP (via World Bank API),2026-09-02
GUY,Guyana,2015,sanitation_basic,86.7079635217248,WHO/UNICEF JMP (via World Bank API),2026-09-02
GUY,Guyana,2014,sanitation_basic,86.0478440775297,WHO/UNICEF JMP (via World Bank API),2026-09-02
GUY,Guyana,2013,sanitation_basic,85.3889557997963,WHO/UNICEF JMP (via World Bank API),2026-09-02
GUY,Guyana,2012,sanitation_basic,84.731495888913,WHO/UNICEF JMP (via World Bank API),2026-09-02
GUY,Guyana,2011,sanitation_basic,84.0747338507827,WHO/UNICEF JMP (via World Bank API),2026-09-02
GUY,Guyana,2010,sanitation_basic,83.4338869756963,WHO/UNICEF JMP (via World Bank API),2026-09-02
GUY,Guyana,2009,sanitation_basic,82.7953517398292,WHO/UNICEF JMP (via World Bank API),2026-09-02
GUY,Guyana,2008,sanitation_basic,82.1591535902208,WHO/UNICEF JMP (via World Bank API),2026-09-02
GUY,Guyana,2007,sanitation_basic,81.525359867427,WHO/UNICEF JMP (via World Bank API),2026-09-02
GUY,Guyana,2006,sanitation_basic,80.8939339660195,WHO/UNICEF JMP (via World Bank API),2026-09-02
GUY,Guyana,2005,sanitation_basic,80.2648830646045,WHO/UNICEF JMP (via World Bank API),2026-09-02
GUY,Guyana,2004,sanitation_basic,79.6382981091298,WHO/UNICEF JMP (via World Bank API),2026-09-02
GUY,Guyana,2003,sanitation_basic,79.0141225779314,WHO/UNICEF JMP (via World Bank API),2026-09-02
GUY,Guyana,2002,sanitation_basic,78.4735839467328,WHO/UNICEF JMP (via World Bank API),2026-09-02
GUY,Guyana,2001,sanitation_basic,77.9231007582273,WHO/UNICEF JMP (via World Bank API),2026-09-02
GUY,Guyana,2000,sanitation_basic,77.3735224791758,WHO/UNICEF JMP (via World Bank API),2026-09-02
HTI,Haiti,2023,sanitation_basic,29.0180834702733,WHO/UNICEF JMP (via World Bank API),2026-09-02
HTI,Haiti,2022,sanitation_basic,28.9133013445226,WHO/UNICEF JMP (via World Bank API),2026-09-02
HTI,Haiti,2021,sanitation_basic,28.793303113228,WHO/UNICEF JMP (via World Bank API),2026-09-02
HTI,Haiti,2020,sanitation_basic,28.6576196940519,WHO/UNICEF JMP (via World Bank API),2026-09-02
HTI,Haiti,2019,sanitation_basic,28.5057820115222,WHO/UNICEF JMP (via World Bank API),2026-09-02
HTI,Haiti,2018,sanitation_basic,28.1567904087872,WHO/UNICEF JMP (via World Bank API),2026-09-02
HTI,Haiti,2017,sanitation_basic,27.7940822522494,WHO/UNICEF JMP (via World Bank API),2026-09-02
HTI,Haiti,2016,sanitation_basic,27.4175706296699,WHO/UNICEF JMP (via World Bank API),2026-09-02
HTI,Haiti,2015,sanitation_basic,27.0270378862153,WHO/UNICEF JMP (via World Bank API),2026-09-02
HTI,Haiti,2014,sanitation_basic,26.6231188972666,WHO/UNICEF JMP (via World Bank API),2026-09-02
HTI,Haiti,2013,sanitation_basic,26.2077250672239,WHO/UNICEF JMP (via World Bank API),2026-09-02
HTI,Haiti,2012,sanitation_basic,25.7813149858061,WHO/UNICEF JMP (via World Bank API),2026-09-02
HTI,Haiti,2011,sanitation_basic,25.3435874681096,WHO/UNICEF JMP (via World Bank API),2026-09-02
HTI,Haiti,2010,sanitation_basic,24.8953249600046,WHO/UNICEF JMP (via World Bank API),2026-09-02
HTI,Haiti,2009,sanitation_basic,24.4367113848506,WHO/UNICEF JMP (via World Bank API),2026-09-02
HTI,Haiti,2008,sanitation_basic,23.9682677015387,WHO/UNICEF JMP (via World Bank API),2026-09-02
HTI,Haiti,2007,sanitation_basic,23.4895119944276,WHO/UNICEF JMP (via World Bank API),2026-09-02
HTI,Haiti,2006,sanitation_basic,23.0018363162708,WHO/UNICEF JMP (via World Bank API),2026-09-02
HTI,Haiti,2005,sanitation_basic,22.5049412936123,WHO/UNICEF JMP (via World Bank API),2026-09-02
HTI,Haiti,2004,sanitation_basic,21.9995783229731,WHO/UNICEF JMP (via World Bank API),2026-09-02
HTI,Haiti,2003,sanitation_basic,21.4706205681824,WHO/UNICEF JMP (via World Bank API),2026-09-02
HTI,Haiti,2002,sanitation_basic,20.802648871567,WHO/UNICEF JMP (via World Bank API),2026-09-02
HTI,Haiti,2001,sanitation_basic,20.1252072093036,WHO/UNICEF JMP (via World Bank API),2026-09-02
HTI,Haiti,2000,sanitation_basic,19.4402337637977,WHO/UNICEF JMP (via World Bank API),2026-09-02
HND,Honduras,2023,sanitation_basic,86.7701956081898,WHO/UNICEF JMP (via World Bank API),2026-09-02
HND,Honduras,2022,sanitation_basic,85.8633965875938,WHO/UNICEF JMP (via World Bank API),2026-09-02
HND,Honduras,2021,sanitation_basic,84.9512648992071,WHO/UNICEF JMP (via World Bank API),2026-09-02
HND,Honduras,2020,sanitation_basic,84.0337747326909,WHO/UNICEF JMP (via World Bank API),2026-09-02
HND,Honduras,2019,sanitation_basic,83.1107110257034,WHO/UNICEF JMP (via World Bank API),2026-09-02
HND,Honduras,2018,sanitation_basic,82.1820517802878,WHO/UNICEF JMP (via World Bank API),2026-09-02
HND,Honduras,2017,sanitation_basic,81.2476858869062,WHO/UNICEF JMP (via World Bank API),2026-09-02
HND,Honduras,2016,sanitation_basic,80.3074947960451,WHO/UNICEF JMP (via World Bank API),2026-09-02
HND,Honduras,2015,sanitation_basic,79.3614899844159,WHO/UNICEF JMP (via World Bank API),2026-09-02
HND,Honduras,2014,sanitation_basic,78.409710520334,WHO/UNICEF JMP (via World Bank API),2026-09-02
HND,Honduras,2013,sanitation_basic,77.4517887754502,WHO/UNICEF JMP (via World Bank API),2026-09-02
HND,Honduras,2012,sanitation_basic,76.4883396029045,WHO/UNICEF JMP (via World Bank API),2026-09-02
HND,Honduras,2011,sanitation_basic,75.5188630035409,WHO/UNICEF JMP (via World Bank API),2026-09-02
HND,Honduras,2010,sanitation_basic,74.5439099298489,WHO/UNICEF JMP (via World Bank API),2026-09-02
HND,Honduras,2009,sanitation_basic,73.5629624673739,WHO/UNICEF JMP (via World Bank API),2026-09-02
HND,Honduras,2008,sanitation_basic,72.5764555085287,WHO/UNICEF JMP (via World Bank API),2026-09-02
HND,Honduras,2007,sanitation_basic,71.583847847539,WHO/UNICEF JMP (via World Bank API),2026-09-02
HND,Honduras,2006,sanitation_basic,70.5856087424602,WHO/UNICEF JMP (via World Bank API),2026-09-02
HND,Honduras,2005,sanitation_basic,69.5815268362271,WHO/UNICEF JMP (via World Bank API),2026-09-02
HND,Honduras,2004,sanitation_basic,68.5719444585829,WHO/UNICEF JMP (via World Bank API),2026-09-02
HND,Honduras,2003,sanitation_basic,67.5560751753573,WHO/UNICEF JMP (via World Bank API),2026-09-02
HND,Honduras,2002,sanitation_basic,66.5348518759434,WHO/UNICEF JMP (via World Bank API),2026-09-02
HND,Honduras,2001,sanitation_basic,65.5099238868381,WHO/UNICEF JMP (via World Bank API),2026-09-02
HND,Honduras,2000,sanitation_basic,64.5085971386328,WHO/UNICEF JMP (via World Bank API),2026-09-02
HKG,"Hong Kong SAR, China",2023,sanitation_basic,94.956006893156,WHO/UNICEF JMP (via World Bank API),2026-09-02
HKG,"Hong Kong SAR, China",2022,sanitation_basic,95.077640324963,WHO/UNICEF JMP (via World Bank API),2026-09-02
HKG,"Hong Kong SAR, China",2021,sanitation_basic,95.19927375677,WHO/UNICEF JMP (via World Bank API),2026-09-02
HKG,"Hong Kong SAR, China",2020,sanitation_basic,95.320907188577,WHO/UNICEF JMP (via World Bank API),2026-09-02
HKG,"Hong Kong SAR, China",2019,sanitation_basic,95.442540620384,WHO/UNICEF JMP (via World Bank API),2026-09-02
HKG,"Hong Kong SAR, China",2018,sanitation_basic,95.564174052191,WHO/UNICEF JMP (via World Bank API),2026-09-02
HKG,"Hong Kong SAR, China",2017,sanitation_basic,95.685807483998,WHO/UNICEF JMP (via World Bank API),2026-09-02
HKG,"Hong Kong SAR, China",2016,sanitation_basic,95.807440915805,WHO/UNICEF JMP (via World Bank API),2026-09-02
HKG,"Hong Kong SAR, China",2015,sanitation_basic,95.929074347612,WHO/UNICEF JMP (via World Bank API),2026-09-02
HKG,"Hong Kong SAR, China",2014,sanitation_basic,96.050707779419,WHO/UNICEF JMP (via World Bank API),2026-09-02
HKG,"Hong Kong SAR, China",2013,sanitation_basic,96.172341211226,WHO/UNICEF JMP (via World Bank API),2026-09-02
HKG,"Hong Kong SAR, China",2012,sanitation_basic,96.293974643033,WHO/UNICEF JMP (via World Bank API),2026-09-02
HKG,"Hong Kong SAR, China",2011,sanitation_basic,96.4156080748399,WHO/UNICEF JMP (via World Bank API),2026-09-02
HKG,"Hong Kong SAR, China",2010,sanitation_basic,96.5372415066469,WHO/UNICEF JMP (via World Bank API),2026-09-02
HKG,"Hong Kong SAR, China",2009,sanitation_basic,96.6588749384539,WHO/UNICEF JMP (via World Bank API),2026-09-02
HKG,"Hong Kong SAR, China",2008,sanitation_basic,96.7805083702609,WHO/UNICEF JMP (via World Bank API),2026-09-02
HKG,"Hong Kong SAR, China",2007,sanitation_basic,96.9021418020679,WHO/UNICEF JMP (via World Bank API),2026-09-02
HKG,"Hong Kong SAR, China",2006,sanitation_basic,97.0237752338749,WHO/UNICEF JMP (via World Bank API),2026-09-02
HKG,"Hong Kong SAR, China",2005,sanitation_basic,97.1454086656819,WHO/UNICEF JMP (via World Bank API),2026-09-02
HKG,"Hong Kong SAR, China",2004,sanitation_basic,97.2670420974889,WHO/UNICEF JMP (via World Bank API),2026-09-02
HKG,"Hong Kong SAR, China",2003,sanitation_basic,97.3886755292959,WHO/UNICEF JMP (via World Bank API),2026-09-02
HKG,"Hong Kong SAR, China",2002,sanitation_basic,97.3886755292959,WHO/UNICEF JMP (via World Bank API),2026-09-02
HKG,"Hong Kong SAR, China",2001,sanitation_basic,97.3886755292959,WHO/UNICEF JMP (via World Bank API),2026-09-02
HKG,"Hong Kong SAR, China",2000,sanitation_basic,97.3886755292959,WHO/UNICEF JMP (via World Bank API),2026-09-02
HUN,Hungary,2023,sanitation_basic,97.976195278385,WHO/UNICEF JMP (via World Bank API),2026-09-02
HUN,Hungary,2022,sanitation_basic,97.9787350415865,WHO/UNICEF JMP (via World Bank API),2026-09-02
HUN,Hungary,2021,sanitation_basic,97.9812382429156,WHO/UNICEF JMP (via World Bank API),2026-09-02
HUN,Hungary,2020,sanitation_basic,97.9837062795673,WHO/UNICEF JMP (via World Bank API),2026-09-02
HUN,Hungary,2019,sanitation_basic,97.9861309569959,WHO/UNICEF JMP (via World Bank API),2026-09-02
HUN,Hungary,2018,sanitation_basic,97.9885191913956,WHO/UNICEF JMP (via World Bank API),2026-09-02
HUN,Hungary,2017,sanitation_basic,97.9908758837113,WHO/UNICEF JMP (via World Bank API),2026-09-02
HUN,Hungary,2016,sanitation_basic,97.9931789584607,WHO/UNICEF JMP (via World Bank API),2026-09-02
HUN,Hungary,2015,sanitation_basic,97.9954541400148,WHO/UNICEF JMP (via World Bank API),2026-09-02
HUN,Hungary,2014,sanitation_basic,97.9976794505183,WHO/UNICEF JMP (via World Bank API),2026-09-02
HUN,Hungary,2013,sanitation_basic,97.9999085136149,WHO/UNICEF JMP (via World Bank API),2026-09-02
HUN,Hungary,2012,sanitation_basic,98.0021500731039,WHO/UNICEF JMP (via World Bank API),2026-09-02
HUN,Hungary,2011,sanitation_basic,98.0047619310782,WHO/UNICEF JMP (via World Bank API),2026-09-02
HUN,Hungary,2010,sanitation_basic,98.0084003041022,WHO/UNICEF JMP (via World Bank API),2026-09-02
HUN,Hungary,2009,sanitation_basic,98.0120750590408,WHO/UNICEF JMP (via World Bank API),2026-09-02
HUN,Hungary,2008,sanitation_basic,98.0162854643745,WHO/UNICEF JMP (via World Bank API),2026-09-02
HUN,Hungary,2007,sanitation_basic,98.0205413460237,WHO/UNICEF JMP (via World Bank API),2026-09-02
HUN,Hungary,2006,sanitation_basic,98.0248277713699,WHO/UNICEF JMP (via World Bank API),2026-09-02
HUN,Hungary,2005,sanitation_basic,98.029143037033,WHO/UNICEF JMP (via World Bank API),2026-09-02
HUN,Hungary,2004,sanitation_basic,98.0329662219326,WHO/UNICEF JMP (via World Bank API),2026-09-02
HUN,Hungary,2003,sanitation_basic,98.0362810525522,WHO/UNICEF JMP (via World Bank API),2026-09-02
HUN,Hungary,2002,sanitation_basic,98.0396092982152,WHO/UNICEF JMP (via World Bank API),2026-09-02
HUN,Hungary,2001,sanitation_basic,98.0429567293229,WHO/UNICEF JMP (via World Bank API),2026-09-02
HUN,Hungary,2000,sanitation_basic,98.0437275919474,WHO/UNICEF JMP (via World Bank API),2026-09-02
ISL,Iceland,2023,sanitation_basic,98.7786759933373,WHO/UNICEF JMP (via World Bank API),2026-09-02
ISL,Iceland,2022,sanitation_basic,98.7793239094093,WHO/UNICEF JMP (via World Bank API),2026-09-02
ISL,Iceland,2021,sanitation_basic,98.7799498182969,WHO/UNICEF JMP (via World Bank API),2026-09-02
ISL,Iceland,2020,sanitation_basic,98.7805419679259,WHO/UNICEF JMP (via World Bank API),2026-09-02
ISL,Iceland,2019,sanitation_basic,98.7811009775607,WHO/UNICEF JMP (via World Bank API),2026-09-02
ISL,Iceland,2018,sanitation_basic,98.7816461491977,WHO/UNICEF JMP (via World Bank API),2026-09-02
ISL,Iceland,2017,sanitation_basic,98.7821726872398,WHO/UNICEF JMP (via World Bank API),2026-09-02
ISL,Iceland,2016,sanitation_basic,98.7826661232675,WHO/UNICEF JMP (via World Bank API),2026-09-02
ISL,Iceland,2015,sanitation_basic,98.7831179489898,WHO/UNICEF JMP (via World Bank API),2026-09-02
ISL,Iceland,2014,sanitation_basic,98.7835434602545,WHO/UNICEF JMP (via World Bank API),2026-09-02
ISL,Iceland,2013,sanitation_basic,98.7839858955201,WHO/UNICEF JMP (via World Bank API),2026-09-02
ISL,Iceland,2012,sanitation_basic,98.7844113664715,WHO/UNICEF JMP (via World Bank API),2026-09-02
ISL,Iceland,2011,sanitation_basic,98.7845859292734,WHO/UNICEF JMP (via World Bank API),2026-09-02
ISL,Iceland,2010,sanitation_basic,98.7847535507852,WHO/UNICEF JMP (via World Bank API),2026-09-02
ISL,Iceland,2009,sanitation_basic,98.7855707233906,WHO/UNICEF JMP (via World Bank API),2026-09-02
ISL,Iceland,2008,sanitation_basic,98.7870790817422,WHO/UNICEF JMP (via World Bank API),2026-09-02
ISL,Iceland,2007,sanitation_basic,98.7886019021965,WHO/UNICEF JMP (via World Bank API),2026-09-02
ISL,Iceland,2006,sanitation_basic,98.7901467233098,WHO/UNICEF JMP (via World Bank API),2026-09-02
ISL,Iceland,2005,sanitation_basic,98.7917259201809,WHO/UNICEF JMP (via World Bank API),2026-09-02
ISL,Iceland,2004,sanitation_basic,98.7933244677551,WHO/UNICEF JMP (via World Bank API),2026-09-02
ISL,Iceland,2003,sanitation_basic,98.7949491900819,WHO/UNICEF JMP (via World Bank API),2026-09-02
ISL,Iceland,2002,sanitation_basic,98.7963729510366,WHO/UNICEF JMP (via World Bank API),2026-09-02
ISL,Iceland,2001,sanitation_basic,98.7971837425424,WHO/UNICEF JMP (via World Bank API),2026-09-02
ISL,Iceland,2000,sanitation_basic,98.7980041291152,WHO/UNICEF JMP (via World Bank API),2026-09-02
IND,India,2023,sanitation_basic,80.6978943350927,WHO/UNICEF JMP (via World Bank API),2026-09-02
IND,India,2022,sanitation_basic,77.8161883735175,WHO/UNICEF JMP (via World Bank API),2026-09-02
IND,India,2021,sanitation_basic,74.9328568041953,WHO/UNICEF JMP (via World Bank API),2026-09-02
IND,India,2020,sanitation_basic,72.0482326780192,WHO/UNICEF JMP (via World Bank API),2026-09-02
IND,India,2019,sanitation_basic,69.1300220717047,WHO/UNICEF JMP (via World Bank API),2026-09-02
IND,India,2018,sanitation_basic,66.1148742165368,WHO/UNICEF JMP (via World Bank API),2026-09-02
IND,India,2017,sanitation_basic,63.1125583715917,WHO/UNICEF JMP (via World Bank API),2026-09-02
IND,India,2016,sanitation_basic,60.1238284933312,WHO/UNICEF JMP (via World Bank API),2026-09-02
IND,India,2015,sanitation_basic,57.1496392627885,WHO/UNICEF JMP (via World Bank API),2026-09-02
IND,India,2014,sanitation_basic,54.1905506719672,WHO/UNICEF JMP (via World Bank API),2026-09-02
IND,India,2013,sanitation_basic,51.2472926178236,WHO/UNICEF JMP (via World Bank API),2026-09-02
IND,India,2012,sanitation_basic,48.3205923569019,WHO/UNICEF JMP (via World Bank API),2026-09-02
IND,India,2011,sanitation_basic,45.4108795020998,WHO/UNICEF JMP (via World Bank API),2026-09-02
IND,India,2010,sanitation_basic,42.5191116694177,WHO/UNICEF JMP (via World Bank API),2026-09-02
IND,India,2009,sanitation_basic,39.6431708126058,WHO/UNICEF JMP (via World Bank API),2026-09-02
IND,India,2008,sanitation_basic,36.7829765979312,WHO/UNICEF JMP (via World Bank API),2026-09-02
IND,India,2007,sanitation_basic,33.9383850862219,WHO/UNICEF JMP (via World Bank API),2026-09-02
IND,India,2006,sanitation_basic,31.1102746501892,WHO/UNICEF JMP (via World Bank API),2026-09-02
IND,India,2005,sanitation_basic,28.2988919138167,WHO/UNICEF JMP (via World Bank API),2026-09-02
IND,India,2004,sanitation_basic,25.504088846955,WHO/UNICEF JMP (via World Bank API),2026-09-02
IND,India,2003,sanitation_basic,22.7256519741888,WHO/UNICEF JMP (via World Bank API),2026-09-02
IND,India,2002,sanitation_basic,19.9645829063411,WHO/UNICEF JMP (via World Bank API),2026-09-02
IND,India,2001,sanitation_basic,17.2206798996747,WHO/UNICEF JMP (via World Bank API),2026-09-02
IND,India,2000,sanitation_basic,14.6638821125248,WHO/UNICEF JMP (via World Bank API),2026-09-02
IDN,Indonesia,2023,sanitation_basic,86.9363345400971,WHO/UNICEF JMP (via World Bank API),2026-09-02
IDN,Indonesia,2022,sanitation_basic,85.6486611717997,WHO/UNICEF JMP (via World Bank API),2026-09-02
IDN,Indonesia,2021,sanitation_basic,84.339850898343,WHO/UNICEF JMP (via World Bank API),2026-09-02
IDN,Indonesia,2020,sanitation_basic,82.2571090356155,WHO/UNICEF JMP (via World Bank API),2026-09-02
IDN,Indonesia,2019,sanitation_basic,80.1767467592482,WHO/UNICEF JMP (via World Bank API),2026-09-02
IDN,Indonesia,2018,sanitation_basic,78.0995418857349,WHO/UNICEF JMP (via World Bank API),2026-09-02
IDN,Indonesia,2017,sanitation_basic,76.0256805835892,WHO/UNICEF JMP (via World Bank API),2026-09-02
IDN,Indonesia,2016,sanitation_basic,73.9559310852412,WHO/UNICEF JMP (via World Bank API),2026-09-02
IDN,Indonesia,2015,sanitation_basic,71.8904398574445,WHO/UNICEF JMP (via World Bank API),2026-09-02
IDN,Indonesia,2014,sanitation_basic,69.8304612551161,WHO/UNICEF JMP (via World Bank API),2026-09-02
IDN,Indonesia,2013,sanitation_basic,67.7766235595933,WHO/UNICEF JMP (via World Bank API),2026-09-02
IDN,Indonesia,2012,sanitation_basic,65.7302519834107,WHO/UNICEF JMP (via World Bank API),2026-09-02
IDN,Indonesia,2011,sanitation_basic,63.6913657210041,WHO/UNICEF JMP (via World Bank API),2026-09-02
IDN,Indonesia,2010,sanitation_basic,61.6611213279716,WHO/UNICEF JMP (via World Bank API),2026-09-02
IDN,Indonesia,2009,sanitation_basic,59.6133891473514,WHO/UNICEF JMP (via World Bank API),2026-09-02
IDN,Indonesia,2008,sanitation_basic,57.5678736084239,WHO/UNICEF JMP (via World Bank API),2026-09-02
IDN,Indonesia,2007,sanitation_basic,55.5300293728108,WHO/UNICEF JMP (via World Bank API),2026-09-02
IDN,Indonesia,2006,sanitation_basic,53.5018961119134,WHO/UNICEF JMP (via World Bank API),2026-09-02
IDN,Indonesia,2005,sanitation_basic,51.4837806650068,WHO/UNICEF JMP (via World Bank API),2026-09-02
IDN,Indonesia,2004,sanitation_basic,49.4772142680194,WHO/UNICEF JMP (via World Bank API),2026-09-02
IDN,Indonesia,2003,sanitation_basic,47.4821079251045,WHO/UNICEF JMP (via World Bank API),2026-09-02
IDN,Indonesia,2002,sanitation_basic,45.5010531020753,WHO/UNICEF JMP (via World Bank API),2026-09-02
IDN,Indonesia,2001,sanitation_basic,43.534313765172,WHO/UNICEF JMP (via World Bank API),2026-09-02
IDN,Indonesia,2000,sanitation_basic,41.5831787269392,WHO/UNICEF JMP (via World Bank API),2026-09-02
IRN,"Iran, Islamic Rep.",2023,sanitation_basic,90.4119852074826,WHO/UNICEF JMP (via World Bank API),2026-09-02
IRN,"Iran, Islamic Rep.",2022,sanitation_basic,90.3647309306855,WHO/UNICEF JMP (via World Bank API),2026-09-02
IRN,"Iran, Islamic Rep.",2021,sanitation_basic,90.3162236149744,WHO/UNICEF JMP (via World Bank API),2026-09-02
IRN,"Iran, Islamic Rep.",2020,sanitation_basic,90.2667726388145,WHO/UNICEF JMP (via World Bank API),2026-09-02
IRN,"Iran, Islamic Rep.",2019,sanitation_basic,90.0210887632991,WHO/UNICEF JMP (via World Bank API),2026-09-02
IRN,"Iran, Islamic Rep.",2018,sanitation_basic,89.6988576017474,WHO/UNICEF JMP (via World Bank API),2026-09-02
IRN,"Iran, Islamic Rep.",2017,sanitation_basic,89.3166613162414,WHO/UNICEF JMP (via World Bank API),2026-09-02
IRN,"Iran, Islamic Rep.",2016,sanitation_basic,88.7518172769829,WHO/UNICEF JMP (via World Bank API),2026-09-02
IRN,"Iran, Islamic Rep.",2015,sanitation_basic,88.1779155269033,WHO/UNICEF JMP (via World Bank API),2026-09-02
IRN,"Iran, Islamic Rep.",2014,sanitation_basic,87.5950808163193,WHO/UNICEF JMP (via World Bank API),2026-09-02
IRN,"Iran, Islamic Rep.",2013,sanitation_basic,87.0030127281938,WHO/UNICEF JMP (via World Bank API),2026-09-02
IRN,"Iran, Islamic Rep.",2012,sanitation_basic,86.4018915038268,WHO/UNICEF JMP (via World Bank API),2026-09-02
IRN,"Iran, Islamic Rep.",2011,sanitation_basic,85.7898043501208,WHO/UNICEF JMP (via World Bank API),2026-09-02
IRN,"Iran, Islamic Rep.",2010,sanitation_basic,85.16566965163,WHO/UNICEF JMP (via World Bank API),2026-09-02
IRN,"Iran, Islamic Rep.",2009,sanitation_basic,84.5313775424274,WHO/UNICEF JMP (via World Bank API),2026-09-02
IRN,"Iran, Islamic Rep.",2008,sanitation_basic,83.8869750183033,WHO/UNICEF JMP (via World Bank API),2026-09-02
IRN,"Iran, Islamic Rep.",2007,sanitation_basic,83.2321134946783,WHO/UNICEF JMP (via World Bank API),2026-09-02
IRN,"Iran, Islamic Rep.",2006,sanitation_basic,82.5614052358839,WHO/UNICEF JMP (via World Bank API),2026-09-02
IRN,"Iran, Islamic Rep.",2005,sanitation_basic,81.8685049537412,WHO/UNICEF JMP (via World Bank API),2026-09-02
IRN,"Iran, Islamic Rep.",2004,sanitation_basic,81.1633098268727,WHO/UNICEF JMP (via World Bank API),2026-09-02
IRN,"Iran, Islamic Rep.",2003,sanitation_basic,80.4456337712598,WHO/UNICEF JMP (via World Bank API),2026-09-02
IRN,"Iran, Islamic Rep.",2002,sanitation_basic,79.7155487867345,WHO/UNICEF JMP (via World Bank API),2026-09-02
IRN,"Iran, Islamic Rep.",2001,sanitation_basic,78.9731471753929,WHO/UNICEF JMP (via World Bank API),2026-09-02
IRN,"Iran, Islamic Rep.",2000,sanitation_basic,78.218293196505,WHO/UNICEF JMP (via World Bank API),2026-09-02
IRQ,Iraq,2023,sanitation_basic,98.501709975411,WHO/UNICEF JMP (via World Bank API),2026-09-02
IRQ,Iraq,2022,sanitation_basic,98.4987799022337,WHO/UNICEF JMP (via World Bank API),2026-09-02
IRQ,Iraq,2021,sanitation_basic,98.4959720542325,WHO/UNICEF JMP (via World Bank API),2026-09-02
IRQ,Iraq,2020,sanitation_basic,98.4932660483814,WHO/UNICEF JMP (via World Bank API),2026-09-02
IRQ,Iraq,2019,sanitation_basic,97.864851810422,WHO/UNICEF JMP (via World Bank API),2026-09-02
IRQ,Iraq,2018,sanitation_basic,96.9997458760796,WHO/UNICEF JMP (via World Bank API),2026-09-02
IRQ,Iraq,2017,sanitation_basic,95.4549205220896,WHO/UNICEF JMP (via World Bank API),2026-09-02
IRQ,Iraq,2016,sanitation_basic,93.6396641233782,WHO/UNICEF JMP (via World Bank API),2026-09-02
IRQ,Iraq,2015,sanitation_basic,91.8347515135487,WHO/UNICEF JMP (via World Bank API),2026-09-02
IRQ,Iraq,2014,sanitation_basic,90.0405629244154,WHO/UNICEF JMP (via World Bank API),2026-09-02
IRQ,Iraq,2013,sanitation_basic,88.2564846708838,WHO/UNICEF JMP (via World Bank API),2026-09-02
IRQ,Iraq,2012,sanitation_basic,86.4826460447995,WHO/UNICEF JMP (via World Bank API),2026-09-02
IRQ,Iraq,2011,sanitation_basic,84.7190691046442,WHO/UNICEF JMP (via World Bank API),2026-09-02
IRQ,Iraq,2010,sanitation_basic,82.9658498255287,WHO/UNICEF JMP (via World Bank API),2026-09-02
IRQ,Iraq,2009,sanitation_basic,81.2291181152915,WHO/UNICEF JMP (via World Bank API),2026-09-02
IRQ,Iraq,2008,sanitation_basic,79.5141852850981,WHO/UNICEF JMP (via World Bank API),2026-09-02
IRQ,Iraq,2007,sanitation_basic,77.8117345436879,WHO/UNICEF JMP (via World Bank API),2026-09-02
IRQ,Iraq,2006,sanitation_basic,76.1219593481463,WHO/UNICEF JMP (via World Bank API),2026-09-02
IRQ,Iraq,2005,sanitation_basic,74.4450745683206,WHO/UNICEF JMP (via World Bank API),2026-09-02
IRQ,Iraq,2004,sanitation_basic,72.7807850256075,WHO/UNICEF JMP (via World Bank API),2026-09-02
IRQ,Iraq,2003,sanitation_basic,72.2138771289347,WHO/UNICEF JMP (via World Bank API),2026-09-02
IRQ,Iraq,2002,sanitation_basic,71.6455694675998,WHO/UNICEF JMP (via World Bank API),2026-09-02
IRQ,Iraq,2001,sanitation_basic,71.075866107073,WHO/UNICEF JMP (via World Bank API),2026-09-02
IRQ,Iraq,2000,sanitation_basic,70.5047677877262,WHO/UNICEF JMP (via World Bank API),2026-09-02
IRL,Ireland,2023,sanitation_basic,89.742009351926,WHO/UNICEF JMP (via World Bank API),2026-09-02
IRL,Ireland,2022,sanitation_basic,89.757648052779,WHO/UNICEF JMP (via World Bank API),2026-09-02
IRL,Ireland,2021,sanitation_basic,89.7724871048145,WHO/UNICEF JMP (via World Bank API),2026-09-02
IRL,Ireland,2020,sanitation_basic,89.7865313699403,WHO/UNICEF JMP (via World Bank API),2026-09-02
IRL,Ireland,2019,sanitation_basic,89.7998496161213,WHO/UNICEF JMP (via World Bank API),2026-09-02
IRL,Ireland,2018,sanitation_basic,89.812337262782,WHO/UNICEF JMP (via World Bank API),2026-09-02
IRL,Ireland,2017,sanitation_basic,89.8240697617023,WHO/UNICEF JMP (via World Bank API),2026-09-02
IRL,Ireland,2016,sanitation_basic,89.8349918949082,WHO/UNICEF JMP (via World Bank API),2026-09-02
IRL,Ireland,2015,sanitation_basic,89.8452309062707,WHO/UNICEF JMP (via World Bank API),2026-09-02
IRL,Ireland,2014,sanitation_basic,89.8553013523079,WHO/UNICEF JMP (via World Bank API),2026-09-02
IRL,Ireland,2013,sanitation_basic,89.8653106033212,WHO/UNICEF JMP (via World Bank API),2026-09-02
IRL,Ireland,2012,sanitation_basic,89.8752066389218,WHO/UNICEF JMP (via World Bank API),2026-09-02
IRL,Ireland,2011,sanitation_basic,89.8850354586049,WHO/UNICEF JMP (via World Bank API),2026-09-02
IRL,Ireland,2010,sanitation_basic,89.8947557932751,WHO/UNICEF JMP (via World Bank API),2026-09-02
IRL,Ireland,2009,sanitation_basic,89.9043585226446,WHO/UNICEF JMP (via World Bank API),2026-09-02
IRL,Ireland,2008,sanitation_basic,89.9138931088148,WHO/UNICEF JMP (via World Bank API),2026-09-02
IRL,Ireland,2007,sanitation_basic,89.923319628906,WHO/UNICEF JMP (via World Bank API),2026-09-02
IRL,Ireland,2006,sanitation_basic,89.9326745170445,WHO/UNICEF JMP (via World Bank API),2026-09-02
IRL,Ireland,2005,sanitation_basic,89.944799688173,WHO/UNICEF JMP (via World Bank API),2026-09-02
IRL,Ireland,2004,sanitation_basic,89.9574538006016,WHO/UNICEF JMP (via World Bank API),2026-09-02
IRL,Ireland,2003,sanitation_basic,89.9700431850216,WHO/UNICEF JMP (via World Bank API),2026-09-02
IRL,Ireland,2002,sanitation_basic,89.9824305641103,WHO/UNICEF JMP (via World Bank API),2026-09-02
IRL,Ireland,2001,sanitation_basic,89.9934206605421,WHO/UNICEF JMP (via World Bank API),2026-09-02
IRL,Ireland,2000,sanitation_basic,90.0039815195189,WHO/UNICEF JMP (via World Bank API),2026-09-02
IMN,Isle of Man,2023,sanitation_basic,100.0,WHO/UNICEF JMP (via World Bank API),2026-09-02
IMN,Isle of Man,2022,sanitation_basic,100.0,WHO/UNICEF JMP (via World Bank API),2026-09-02
IMN,Isle of Man,2021,sanitation_basic,100.0,WHO/UNICEF JMP (via World Bank API),2026-09-02
IMN,Isle of Man,2020,sanitation_basic,100.0,WHO/UNICEF JMP (via World Bank API),2026-09-02
IMN,Isle of Man,2019,sanitation_basic,100.0,WHO/UNICEF JMP (via World Bank API),2026-09-02
IMN,Isle of Man,2018,sanitation_basic,100.0,WHO/UNICEF JMP (via World Bank API),2026-09-02
IMN,Isle of Man,2017,sanitation_basic,100.0,WHO/UNICEF JMP (via World Bank API),2026-09-02
IMN,Isle of Man,2016,sanitation_basic,100.0,WHO/UNICEF JMP (via World Bank API),2026-09-02
IMN,Isle of Man,2015,sanitation_basic,100.0,WHO/UNICEF JMP (via World Bank API),2026-09-02
IMN,Isle of Man,2014,sanitation_basic,100.0,WHO/UNICEF JMP (via World Bank API),2026-09-02
IMN,Isle of Man,2013,sanitation_basic,100.0,WHO/UNICEF JMP (via World Bank API),2026-09-02
IMN,Isle of Man,2012,sanitation_basic,100.0,WHO/UNICEF JMP (via World Bank API),2026-09-02
IMN,Isle of Man,2011,sanitation_basic,100.0,WHO/UNICEF JMP (via World Bank API),2026-09-02
IMN,Isle of Man,2010,sanitation_basic,100.0,WHO/UNICEF JMP (via World Bank API),2026-09-02
IMN,Isle of Man,2009,sanitation_basic,100.0,WHO/UNICEF JMP (via World Bank API),2026-09-02
IMN,Isle of Man,2008,sanitation_basic,100.0,WHO/UNICEF JMP (via World Bank API),2026-09-02
IMN,Isle of Man,2007,sanitation_basic,100.0,WHO/UNICEF JMP (via World Bank API),2026-09-02
IMN,Isle of Man,2006,sanitation_basic,100.0,WHO/UNICEF JMP (via World Bank API),2026-09-02
IMN,Isle of Man,2005,sanitation_basic,100.0,WHO/UNICEF JMP (via World Bank API),2026-09-02
IMN,Isle of Man,2004,sanitation_basic,100.0,WHO/UNICEF JMP (via World Bank API),2026-09-02
IMN,Isle of Man,2003,sanitation_basic,100.0,WHO/UNICEF JMP (via World Bank API),2026-09-02
IMN,Isle of Man,2002,sanitation_basic,100.0,WHO/UNICEF JMP (via World Bank API),2026-09-02
IMN,Isle of Man,2001,sanitation_basic,100.0,WHO/UNICEF JMP (via World Bank API),2026-09-02
IMN,Isle of Man,2000,sanitation_basic,100.0,WHO/UNICEF JMP (via World Bank API),2026-09-02
ISR,Israel,2023,sanitation_basic,99.9190335270473,WHO/UNICEF JMP (via World Bank API),2026-09-02
ISR,Israel,2022,sanitation_basic,99.924519816082,WHO/UNICEF JMP (via World Bank API),2026-09-02
ISR,Israel,2021,sanitation_basic,99.9301799523059,WHO/UNICEF JMP (via World Bank API),2026-09-02
ISR,Israel,2020,sanitation_basic,99.9360127624406,WHO/UNICEF JMP (via World Bank API),2026-09-02
ISR,Israel,2019,sanitation_basic,99.9420208696373,WHO/UNICEF JMP (via World Bank API),2026-09-02
ISR,Israel,2018,sanitation_basic,99.9481963561794,WHO/UNICEF JMP (via World Bank API),2026-09-02
ISR,Israel,2017,sanitation_basic,99.9545287961214,WHO/UNICEF JMP (via World Bank API),2026-09-02
ISR,Israel,2016,sanitation_basic,99.9610220718726,WHO/UNICEF JMP (via World Bank API),2026-09-02
ISR,Israel,2015,sanitation_basic,99.9676711051809,WHO/UNICEF JMP (via World Bank API),2026-09-02
ISR,Israel,2014,sanitation_basic,99.9744595332157,WHO/UNICEF JMP (via World Bank API),2026-09-02
ISR,Israel,2013,sanitation_basic,99.9813907693021,WHO/UNICEF JMP (via World Bank API),2026-09-02
ISR,Israel,2012,sanitation_basic,99.9884608340089,WHO/UNICEF JMP (via World Bank API),2026-09-02
ISR,Israel,2011,sanitation_basic,99.9956552135569,WHO/UNICEF JMP (via World Bank API),2026-09-02
ISR,Israel,2010,sanitation_basic,100.0,WHO/UNICEF JMP (via World Bank API),2026-09-02
ISR,Israel,2009,sanitation_basic,99.9999967272176,WHO/UNICEF JMP (via World Bank API),2026-09-02
ISR,Israel,2008,sanitation_basic,99.9999990692997,WHO/UNICEF JMP (via World Bank API),2026-09-02
ISR,Israel,2007,sanitation_basic,99.9999967389264,WHO/UNICEF JMP (via World Bank API),2026-09-02
ISR,Israel,2006,sanitation_basic,99.9999970677578,WHO/UNICEF JMP (via World Bank API),2026-09-02
ISR,Israel,2005,sanitation_basic,99.999996277042,WHO/UNICEF JMP (via World Bank API),2026-09-02
ISR,Israel,2004,sanitation_basic,99.9999987008863,WHO/UNICEF JMP (via World Bank API),2026-09-02
ISR,Israel,2003,sanitation_basic,99.9999972968458,WHO/UNICEF JMP (via World Bank API),2026-09-02
ISR,Israel,2002,sanitation_basic,99.9999966748332,WHO/UNICEF JMP (via World Bank API),2026-09-02
ISR,Israel,2001,sanitation_basic,99.9999999141995,WHO/UNICEF JMP (via World Bank API),2026-09-02
ISR,Israel,2000,sanitation_basic,99.9999980424614,WHO/UNICEF JMP (via World Bank API),2026-09-02
ITA,Italy,2023,sanitation_basic,99.8849719036501,WHO/UNICEF JMP (via World Bank API),2026-09-02
ITA,Italy,2022,sanitation_basic,99.8850325902598,WHO/UNICEF JMP (via World Bank API),2026-09-02
ITA,Italy,2021,sanitation_basic,99.8850975832792,WHO/UNICEF JMP (via World Bank API),2026-09-02
ITA,Italy,2020,sanitation_basic,99.8851578267552,WHO/UNICEF JMP (via World Bank API),2026-09-02
ITA,Italy,2019,sanitation_basic,99.8852225421869,WHO/UNICEF JMP (via World Bank API),2026-09-02
ITA,Italy,2018,sanitation_basic,99.8852799137261,WHO/UNICEF JMP (via World Bank API),2026-09-02
ITA,Italy,2017,sanitation_basic,99.8853414231028,WHO/UNICEF JMP (via World Bank API),2026-09-02
ITA,Italy,2016,sanitation_basic,99.885399852308,WHO/UNICEF JMP (via World Bank API),2026-09-02
ITA,Italy,2015,sanitation_basic,99.8854583535856,WHO/UNICEF JMP (via World Bank API),2026-09-02
ITA,Italy,2014,sanitation_basic,99.8855182584591,WHO/UNICEF JMP (via World Bank API),2026-09-02
ITA,Italy,2013,sanitation_basic,99.8855778298286,WHO/UNICEF JMP (via World Bank API),2026-09-02
ITA,Italy,2012,sanitation_basic,99.8856332979671,WHO/UNICEF JMP (via World Bank API),2026-09-02
ITA,Italy,2011,sanitation_basic,99.8856821171754,WHO/UNICEF JMP (via World Bank API),2026-09-02
ITA,Italy,2010,sanitation_basic,99.8857106015763,WHO/UNICEF JMP (via World Bank API),2026-09-02
ITA,Italy,2009,sanitation_basic,99.8857309646722,WHO/UNICEF JMP (via World Bank API),2026-09-02
ITA,Italy,2008,sanitation_basic,99.8857542871757,WHO/UNICEF JMP (via World Bank API),2026-09-02
ITA,Italy,2007,sanitation_basic,99.8857799717069,WHO/UNICEF JMP (via World Bank API),2026-09-02
ITA,Italy,2006,sanitation_basic,99.8858036076723,WHO/UNICEF JMP (via World Bank API),2026-09-02
ITA,Italy,2005,sanitation_basic,99.8858236930033,WHO/UNICEF JMP (via World Bank API),2026-09-02
ITA,Italy,2004,sanitation_basic,99.8858507122837,WHO/UNICEF JMP (via World Bank API),2026-09-02
ITA,Italy,2003,sanitation_basic,99.8858746241475,WHO/UNICEF JMP (via World Bank API),2026-09-02
ITA,Italy,2002,sanitation_basic,99.8858964413785,WHO/UNICEF JMP (via World Bank API),2026-09-02
ITA,Italy,2001,sanitation_basic,99.8859214415661,WHO/UNICEF JMP (via World Bank API),2026-09-02
ITA,Italy,2000,sanitation_basic,99.8859327621191,WHO/UNICEF JMP (via World Bank API),2026-09-02
JAM,Jamaica,2023,sanitation_basic,91.1018987715533,WHO/UNICEF JMP (via World Bank API),2026-09-02
JAM,Jamaica,2022,sanitation_basic,90.5767034338028,WHO/UNICEF JMP (via World Bank API),2026-09-02
JAM,Jamaica,2021,sanitation_basic,90.0509072917054,WHO/UNICEF JMP (via World Bank API),2026-09-02
JAM,Jamaica,2020,sanitation_basic,89.5245308476169,WHO/UNICEF JMP (via World Bank API),2026-09-02
JAM,Jamaica,2019,sanitation_basic,88.997622645007,WHO/UNICEF JMP (via World Bank API),2026-09-02
JAM,Jamaica,2018,sanitation_basic,88.4702342742167,WHO/UNICEF JMP (via World Bank API),2026-09-02
JAM,Jamaica,2017,sanitation_basic,87.9424102965954,WHO/UNICEF JMP (via World Bank API),2026-09-02
JAM,Jamaica,2016,sanitation_basic,87.4141682686662,WHO/UNICEF JMP (via World Bank API),2026-09-02
JAM,Jamaica,2015,sanitation_basic,86.8855879242963,WHO/UNICEF JMP (via World Bank API),2026-09-02
JAM,Jamaica,2014,sanitation_basic,86.3566821660583,WHO/UNICEF JMP (via World Bank API),2026-09-02
JAM,Jamaica,2013,sanitation_basic,85.8275297136537,WHO/UNICEF JMP (via World Bank API),2026-09-02
JAM,Jamaica,2012,sanitation_basic,85.2981420323076,WHO/UNICEF JMP (via World Bank API),2026-09-02
JAM,Jamaica,2011,sanitation_basic,84.768570999696,WHO/UNICEF JMP (via World Bank API),2026-09-02
JAM,Jamaica,2010,sanitation_basic,84.2388789441069,WHO/UNICEF JMP (via World Bank API),2026-09-02
JAM,Jamaica,2009,sanitation_basic,83.7094853462441,WHO/UNICEF JMP (via World Bank API),2026-09-02
JAM,Jamaica,2008,sanitation_basic,83.180409388657,WHO/UNICEF JMP (via World Bank API),2026-09-02
JAM,Jamaica,2007,sanitation_basic,82.6517047080876,WHO/UNICEF JMP (via World Bank API),2026-09-02
JAM,Jamaica,2006,sanitation_basic,82.123305250613,WHO/UNICEF JMP (via World Bank API),2026-09-02
JAM,Jamaica,2005,sanitation_basic,81.5952850004995,WHO/UNICEF JMP (via World Bank API),2026-09-02
JAM,Jamaica,2004,sanitation_basic,81.06758684543,WHO/UNICEF JMP (via World Bank API),2026-09-02
JAM,Jamaica,2003,sanitation_basic,80.5402961444726,WHO/UNICEF JMP (via World Bank API),2026-09-02
JAM,Jamaica,2002,sanitation_basic,80.4900715011556,WHO/UNICEF JMP (via World Bank API),2026-09-02
JAM,Jamaica,2001,sanitation_basic,80.4397265320862,WHO/UNICEF JMP (via World Bank API),2026-09-02
JAM,Jamaica,2000,sanitation_basic,80.3897902476816,WHO/UNICEF JMP (via World Bank API),2026-09-02
JPN,Japan,2023,sanitation_basic,99.9455793899546,WHO/UNICEF JMP (via World Bank API),2026-09-02
JPN,Japan,2022,sanitation_basic,99.9478483591655,WHO/UNICEF JMP (via World Bank API),2026-09-02
JPN,Japan,2021,sanitation_basic,99.9501173283763,WHO/UNICEF JMP (via World Bank API),2026-09-02
JPN,Japan,2020,sanitation_basic,99.9523862975872,WHO/UNICEF JMP (via World Bank API),2026-09-02
JPN,Japan,2019,sanitation_basic,99.9546552667981,WHO/UNICEF JMP (via World Bank API),2026-09-02
JPN,Japan,2018,sanitation_basic,99.9569242360089,WHO/UNICEF JMP (via World Bank API),2026-09-02
JPN,Japan,2017,sanitation_basic,99.9591932052198,WHO/UNICEF JMP (via World Bank API),2026-09-02
JPN,Japan,2016,sanitation_basic,99.9614621744307,WHO/UNICEF JMP (via World Bank API),2026-09-02
JPN,Japan,2015,sanitation_basic,99.9637311436416,WHO/UNICEF JMP (via World Bank API),2026-09-02
JPN,Japan,2014,sanitation_basic,99.9660001128524,WHO/UNICEF JMP (via World Bank API),2026-09-02
JPN,Japan,2013,sanitation_basic,99.9682690820633,WHO/UNICEF JMP (via World Bank API),2026-09-02
JPN,Japan,2012,sanitation_basic,99.9705380512742,WHO/UNICEF JMP (via World Bank API),2026-09-02
JPN,Japan,2011,sanitation_basic,99.972807020485,WHO/UNICEF JMP (via World Bank API),2026-09-02
JPN,Japan,2010,sanitation_basic,99.9750759896959,WHO/UNICEF JMP (via World Bank API),2026-09-02
JPN,Japan,2009,sanitation_basic,99.9773449589068,WHO/UNICEF JMP (via World Bank API),2026-09-02
JPN,Japan,2008,sanitation_basic,99.9796139281177,WHO/UNICEF JMP (via World Bank API),2026-09-02
JPN,Japan,2007,sanitation_basic,99.9818828973285,WHO/UNICEF JMP (via World Bank API),2026-09-02
JPN,Japan,2006,sanitation_basic,99.9841518665394,WHO/UNICEF JMP (via World Bank API),2026-09-02
JPN,Japan,2005,sanitation_basic,99.9864208357503,WHO/UNICEF JMP (via World Bank API),2026-09-02
JPN,Japan,2004,sanitation_basic,99.9886898049611,WHO/UNICEF JMP (via World Bank API),2026-09-02
JPN,Japan,2003,sanitation_basic,99.990958774172,WHO/UNICEF JMP (via World Bank API),2026-09-02
JPN,Japan,2002,sanitation_basic,99.9932277433829,WHO/UNICEF JMP (via World Bank API),2026-09-02
JPN,Japan,2001,sanitation_basic,99.9954967125937,WHO/UNICEF JMP (via World Bank API),2026-09-02
JPN,Japan,2000,sanitation_basic,99.9977656818046,WHO/UNICEF JMP (via World Bank API),2026-09-02
JOR,Jordan,2023,sanitation_basic,96.5203168428374,WHO/UNICEF JMP (via World Bank API),2026-09-02
JOR,Jordan,2022,sanitation_basic,96.6260204300308,WHO/UNICEF JMP (via World Bank API),2026-09-02
JOR,Jordan,2021,sanitation_basic,96.7318948068054,WHO/UNICEF JMP (via World Bank API),2026-09-02
JOR,Jordan,2020,sanitation_basic,96.8379669917401,WHO/UNICEF JMP (via World Bank API),2026-09-02
JOR,Jordan,2019,sanitation_basic,96.9442655127058,WHO/UNICEF JMP (via World Bank API),2026-09-02
JOR,Jordan,2018,sanitation_basic,97.0507514777426,WHO/UNICEF JMP (via World Bank API),2026-09-02
JOR,Jordan,2017,sanitation_basic,97.1574792984054,WHO/UNICEF JMP (via World Bank API),2026-09-02
JOR,Jordan,2016,sanitation_basic,97.2644408764445,WHO/UNICEF JMP (via World Bank API),2026-09-02
JOR,Jordan,2015,sanitation_basic,97.3716594756962,WHO/UNICEF JMP (via World Bank API),2026-09-02
JOR,Jordan,2014,sanitation_basic,97.4791874276905,WHO/UNICEF JMP (via World Bank API),2026-09-02
JOR,Jordan,2013,sanitation_basic,97.5800917869947,WHO/UNICEF JMP (via World Bank API),2026-09-02
JOR,Jordan,2012,sanitation_basic,97.6815546659463,WHO/UNICEF JMP (via World Bank API),2026-09-02
JOR,Jordan,2011,sanitation_basic,97.7836292183144,WHO/UNICEF JMP (via World Bank API),2026-09-02
JOR,Jordan,2010,sanitation_basic,97.8864815715208,WHO/UNICEF JMP (via World Bank API),2026-09-02
JOR,Jordan,2009,sanitation_basic,97.9902274488182,WHO/UNICEF JMP (via World Bank API),2026-09-02
JOR,Jordan,2008,sanitation_basic,98.09501501556,WHO/UNICEF JMP (via World Bank API),2026-09-02
JOR,Jordan,2007,sanitation_basic,98.2009358550483,WHO/UNICEF JMP (via World Bank API),2026-09-02
JOR,Jordan,2006,sanitation_basic,98.308206099878,WHO/UNICEF JMP (via World Bank API),2026-09-02
JOR,Jordan,2005,sanitation_basic,98.4169700805217,WHO/UNICEF JMP (via World Bank API),2026-09-02
JOR,Jordan,2004,sanitation_basic,98.5294571468879,WHO/UNICEF JMP (via World Bank API),2026-09-02
JOR,Jordan,2003,sanitation_basic,98.6486747174721,WHO/UNICEF JMP (via World Bank API),2026-09-02
JOR,Jordan,2002,sanitation_basic,98.7679426094807,WHO/UNICEF JMP (via World Bank API),2026-09-02
JOR,Jordan,2001,sanitation_basic,98.8872678903901,WHO/UNICEF JMP (via World Bank API),2026-09-02
JOR,Jordan,2000,sanitation_basic,99.0001342310668,WHO/UNICEF JMP (via World Bank API),2026-09-02
KAZ,Kazakhstan,2023,sanitation_basic,97.948876378574,WHO/UNICEF JMP (via World Bank API),2026-09-02
KAZ,Kazakhstan,2022,sanitation_basic,97.9526402205332,WHO/UNICEF JMP (via World Bank API),2026-09-02
KAZ,Kazakhstan,2021,sanitation_basic,97.9538478987078,WHO/UNICEF JMP (via World Bank API),2026-09-02
KAZ,Kazakhstan,2020,sanitation_basic,97.9463161907176,WHO/UNICEF JMP (via World Bank API),2026-09-02
KAZ,Kazakhstan,2019,sanitation_basic,97.9051562762041,WHO/UNICEF JMP (via World Bank API),2026-09-02
KAZ,Kazakhstan,2018,sanitation_basic,97.8553422711483,WHO/UNICEF JMP (via World Bank API),2026-09-02
KAZ,Kazakhstan,2017,sanitation_basic,97.8049933636929,WHO/UNICEF JMP (via World Bank API),2026-09-02
KAZ,Kazakhstan,2016,sanitation_basic,97.7438938717997,WHO/UNICEF JMP (via World Bank API),2026-09-02
KAZ,Kazakhstan,2015,sanitation_basic,97.6826966507758,WHO/UNICEF JMP (via World Bank API),2026-09-02
KAZ,Kazakhstan,2014,sanitation_basic,97.6213968243494,WHO/UNICEF JMP (via World Bank API),2026-09-02
KAZ,Kazakhstan,2013,sanitation_basic,97.5599727804689,WHO/UNICEF JMP (via World Bank API),2026-09-02
KAZ,Kazakhstan,2012,sanitation_basic,97.4984582188857,WHO/UNICEF JMP (via World Bank API),2026-09-02
KAZ,Kazakhstan,2011,sanitation_basic,97.4368392211239,WHO/UNICEF JMP (via World Bank API),2026-09-02
KAZ,Kazakhstan,2010,sanitation_basic,97.3751082146427,WHO/UNICEF JMP (via World Bank API),2026-09-02
KAZ,Kazakhstan,2009,sanitation_basic,97.3132617625394,WHO/UNICEF JMP (via World Bank API),2026-09-02
KAZ,Kazakhstan,2008,sanitation_basic,97.2513208704644,WHO/UNICEF JMP (via World Bank API),2026-09-02
KAZ,Kazakhstan,2007,sanitation_basic,97.1892688223895,WHO/UNICEF JMP (via World Bank API),2026-09-02
KAZ,Kazakhstan,2006,sanitation_basic,97.1271155183214,WHO/UNICEF JMP (via World Bank API),2026-09-02
KAZ,Kazakhstan,2005,sanitation_basic,97.0648490891514,WHO/UNICEF JMP (via World Bank API),2026-09-02
KAZ,Kazakhstan,2004,sanitation_basic,97.0024793846235,WHO/UNICEF JMP (via World Bank API),2026-09-02
KAZ,Kazakhstan,2003,sanitation_basic,96.9502145771284,WHO/UNICEF JMP (via World Bank API),2026-09-02
KAZ,Kazakhstan,2002,sanitation_basic,96.8978353203907,WHO/UNICEF JMP (via World Bank API),2026-09-02
KAZ,Kazakhstan,2001,sanitation_basic,96.8453385380879,WHO/UNICEF JMP (via World Bank API),2026-09-02
KAZ,Kazakhstan,2000,sanitation_basic,96.845702173166,WHO/UNICEF JMP (via World Bank API),2026-09-02
KEN,Kenya,2023,sanitation_basic,40.1703366344741,WHO/UNICEF JMP (via World Bank API),2026-09-02
KEN,Kenya,2022,sanitation_basic,39.454252565811,WHO/UNICEF JMP (via World Bank API),2026-09-02
KEN,Kenya,2021,sanitation_basic,38.7368777065186,WHO/UNICEF JMP (via World Bank API),2026-09-02
KEN,Kenya,2020,sanitation_basic,38.018340896347,WHO/UNICEF JMP (via World Bank API),2026-09-02
KEN,Kenya,2019,sanitation_basic,37.298797647533,WHO/UNICEF JMP (via World Bank API),2026-09-02
KEN,Kenya,2018,sanitation_basic,36.5783889502292,WHO/UNICEF JMP (via World Bank API),2026-09-02
KEN,Kenya,2017,sanitation_basic,35.857250498731,WHO/UNICEF JMP (via World Bank API),2026-09-02
KEN,Kenya,2016,sanitation_basic,35.1355349703251,WHO/UNICEF JMP (via World Bank API),2026-09-02
KEN,Kenya,2015,sanitation_basic,34.4133695043635,WHO/UNICEF JMP (via World Bank API),2026-09-02
KEN,Kenya,2014,sanitation_basic,33.6908976254492,WHO/UNICEF JMP (via World Bank API),2026-09-02
KEN,Kenya,2013,sanitation_basic,32.9682462912978,WHO/UNICEF JMP (via World Bank API),2026-09-02
KEN,Kenya,2012,sanitation_basic,32.2455260120869,WHO/UNICEF JMP (via World Bank API),2026-09-02
KEN,Kenya,2011,sanitation_basic,31.5229174481557,WHO/UNICEF JMP (via World Bank API),2026-09-02
KEN,Kenya,2010,sanitation_basic,30.8004947681643,WHO/UNICEF JMP (via World Bank API),2026-09-02
KEN,Kenya,2009,sanitation_basic,30.0784132028819,WHO/UNICEF JMP (via World Bank API),2026-09-02
KEN,Kenya,2008,sanitation_basic,29.3565994040011,WHO/UNICEF JMP (via World Bank API),2026-09-02
KEN,Kenya,2007,sanitation_basic,28.6350439627237,WHO/UNICEF JMP (via World Bank API),2026-09-02
KEN,Kenya,2006,sanitation_basic,27.9138955031129,WHO/UNICEF JMP (via World Bank API),2026-09-02
KEN,Kenya,2005,sanitation_basic,27.1932269454509,WHO/UNICEF JMP (via World Bank API),2026-09-02
KEN,Kenya,2004,sanitation_basic,26.4731149422539,WHO/UNICEF JMP (via World Bank API),2026-09-02
KEN,Kenya,2003,sanitation_basic,25.7535178867465,WHO/UNICEF JMP (via World Bank API),2026-09-02
KEN,Kenya,2002,sanitation_basic,25.0346081207823,WHO/UNICEF JMP (via World Bank API),2026-09-02
KEN,Kenya,2001,sanitation_basic,24.3164597238105,WHO/UNICEF JMP (via World Bank API),2026-09-02
KEN,Kenya,2000,sanitation_basic,23.6473801064419,WHO/UNICEF JMP (via World Bank API),2026-09-02
KIR,Kiribati,2023,sanitation_basic,45.1052498687683,WHO/UNICEF JMP (via World Bank API),2026-09-02
KIR,Kiribati,2022,sanitation_basic,45.0352022161591,WHO/UNICEF JMP (via World Bank API),2026-09-02
KIR,Kiribati,2021,sanitation_basic,44.6738091395008,WHO/UNICEF JMP (via World Bank API),2026-09-02
KIR,Kiribati,2020,sanitation_basic,44.2810965836604,WHO/UNICEF JMP (via World Bank API),2026-09-02
KIR,Kiribati,2019,sanitation_basic,43.8567170359075,WHO/UNICEF JMP (via World Bank API),2026-09-02
KIR,Kiribati,2018,sanitation_basic,43.4001999878848,WHO/UNICEF JMP (via World Bank API),2026-09-02
KIR,Kiribati,2017,sanitation_basic,42.9115121446096,WHO/UNICEF JMP (via World Bank API),2026-09-02
KIR,Kiribati,2016,sanitation_basic,42.3903837205277,WHO/UNICEF JMP (via World Bank API),2026-09-02
KIR,Kiribati,2015,sanitation_basic,41.8362047246118,WHO/UNICEF JMP (via World Bank API),2026-09-02
KIR,Kiribati,2014,sanitation_basic,41.2494292871662,WHO/UNICEF JMP (via World Bank API),2026-09-02
KIR,Kiribati,2013,sanitation_basic,40.6328916636928,WHO/UNICEF JMP (via World Bank API),2026-09-02
KIR,Kiribati,2012,sanitation_basic,39.9871295227772,WHO/UNICEF JMP (via World Bank API),2026-09-02
KIR,Kiribati,2011,sanitation_basic,39.3118291707544,WHO/UNICEF JMP (via World Bank API),2026-09-02
KIR,Kiribati,2010,sanitation_basic,38.6081785659638,WHO/UNICEF JMP (via World Bank API),2026-09-02
KIR,Kiribati,2009,sanitation_basic,37.8765617583736,WHO/UNICEF JMP (via World Bank API),2026-09-02
KIR,Kiribati,2008,sanitation_basic,37.1173607941238,WHO/UNICEF JMP (via World Bank API),2026-09-02
KIR,Kiribati,2007,sanitation_basic,36.3306938222446,WHO/UNICEF JMP (via World Bank API),2026-09-02
KIR,Kiribati,2006,sanitation_basic,35.2022104813693,WHO/UNICEF JMP (via World Bank API),2026-09-02
KIR,Kiribati,2005,sanitation_basic,34.163338666221,WHO/UNICEF JMP (via World Bank API),2026-09-02
KIR,Kiribati,2004,sanitation_basic,33.2463631405513,WHO/UNICEF JMP (via World Bank API),2026-09-02
KIR,Kiribati,2003,sanitation_basic,32.3289642125859,WHO/UNICEF JMP (via World Bank API),2026-09-02
KIR,Kiribati,2002,sanitation_basic,31.411410840326,WHO/UNICEF JMP (via World Bank API),2026-09-02
KIR,Kiribati,2001,sanitation_basic,30.4939861959849,WHO/UNICEF JMP (via World Bank API),2026-09-02
KIR,Kiribati,2000,sanitation_basic,29.4332516112154,WHO/UNICEF JMP (via World Bank API),2026-09-02
PRK,"Korea, Dem. People's Rep.",2023,sanitation_basic,84.8184516885649,WHO/UNICEF JMP (via World Bank API),2026-09-02
PRK,"Korea, Dem. People's Rep.",2022,sanitation_basic,84.7650382260713,WHO/UNICEF JMP (via World Bank API),2026-09-02
PRK,"Korea, Dem. People's Rep.",2021,sanitation_basic,84.7140378530296,WHO/UNICEF JMP (via World Bank API),2026-09-02
PRK,"Korea, Dem. People's Rep.",2020,sanitation_basic,84.6654650844227,WHO/UNICEF JMP (via World Bank API),2026-09-02
PRK,"Korea, Dem. People's Rep.",2019,sanitation_basic,84.6194920966635,WHO/UNICEF JMP (via World Bank API),2026-09-02
PRK,"Korea, Dem. People's Rep.",2018,sanitation_basic,83.9155776338149,WHO/UNICEF JMP (via World Bank API),2026-09-02
PRK,"Korea, Dem. People's Rep.",2017,sanitation_basic,83.1584097748592,WHO/UNICEF JMP (via World Bank API),2026-09-02
PRK,"Korea, Dem. People's Rep.",2016,sanitation_basic,82.4086074475707,WHO/UNICEF JMP (via World Bank API),2026-09-02
PRK,"Korea, Dem. People's Rep.",2015,sanitation_basic,81.6658106218557,WHO/UNICEF JMP (via World Bank API),2026-09-02
PRK,"Korea, Dem. People's Rep.",2014,sanitation_basic,80.9301775081677,WHO/UNICEF JMP (via World Bank API),2026-09-02
PRK,"Korea, Dem. People's Rep.",2013,sanitation_basic,80.1989508804153,WHO/UNICEF JMP (via World Bank API),2026-09-02
PRK,"Korea, Dem. People's Rep.",2012,sanitation_basic,79.4722787144222,WHO/UNICEF JMP (via World Bank API),2026-09-02
PRK,"Korea, Dem. People's Rep.",2011,sanitation_basic,78.7499982089361,WHO/UNICEF JMP (via World Bank API),2026-09-02
PRK,"Korea, Dem. People's Rep.",2010,sanitation_basic,78.0324089256356,WHO/UNICEF JMP (via World Bank API),2026-09-02
PRK,"Korea, Dem. People's Rep.",2009,sanitation_basic,77.3190361028758,WHO/UNICEF JMP (via World Bank API),2026-09-02
PRK,"Korea, Dem. People's Rep.",2008,sanitation_basic,76.6139843400435,WHO/UNICEF JMP (via World Bank API),2026-09-02
PRK,"Korea, Dem. People's Rep.",2007,sanitation_basic,75.9237809171583,WHO/UNICEF JMP (via World Bank API),2026-09-02
PRK,"Korea, Dem. People's Rep.",2006,sanitation_basic,75.2372785852435,WHO/UNICEF JMP (via World Bank API),2026-09-02
PRK,"Korea, Dem. People's Rep.",2005,sanitation_basic,75.2267505195982,WHO/UNICEF JMP (via World Bank API),2026-09-02
PRK,"Korea, Dem. People's Rep.",2004,sanitation_basic,75.2163527896403,WHO/UNICEF JMP (via World Bank API),2026-09-02
PRK,"Korea, Dem. People's Rep.",2003,sanitation_basic,75.2058209642884,WHO/UNICEF JMP (via World Bank API),2026-09-02
PRK,"Korea, Dem. People's Rep.",2002,sanitation_basic,75.1954267554782,WHO/UNICEF JMP (via World Bank API),2026-09-02
KOR,"Korea, Rep.",2023,sanitation_basic,99.7457286506475,WHO/UNICEF JMP (via World Bank API),2026-09-02
KOR,"Korea, Rep.",2022,sanitation_basic,99.762103695696,WHO/UNICEF JMP (via World Bank API),2026-09-02
KOR,"Korea, Rep.",2021,sanitation_basic,99.7784787407445,WHO/UNICEF JMP (via World Bank API),2026-09-02
KOR,"Korea, Rep.",2020,sanitation_basic,99.7948537857931,WHO/UNICEF JMP (via World Bank API),2026-09-02
KOR,"Korea, Rep.",2019,sanitation_basic,99.8112288308416,WHO/UNICEF JMP (via World Bank API),2026-09-02
KOR,"Korea, Rep.",2018,sanitation_basic,99.8276038758901,WHO/UNICEF JMP (via World Bank API),2026-09-02
KOR,"Korea, Rep.",2017,sanitation_basic,99.8439789209386,WHO/UNICEF JMP (via World Bank API),2026-09-02
KOR,"Korea, Rep.",2016,sanitation_basic,99.8603539659872,WHO/UNICEF JMP (via World Bank API),2026-09-02
KOR,"Korea, Rep.",2015,sanitation_basic,99.8767290110357,WHO/UNICEF JMP (via World Bank API),2026-09-02
KOR,"Korea, Rep.",2014,sanitation_basic,99.8931040560842,WHO/UNICEF JMP (via World Bank API),2026-09-02
KOR,"Korea, Rep.",2013,sanitation_basic,99.9094791011328,WHO/UNICEF JMP (via World Bank API),2026-09-02
KOR,"Korea, Rep.",2012,sanitation_basic,99.9258541461813,WHO/UNICEF JMP (via World Bank API),2026-09-02
KOR,"Korea, Rep.",2011,sanitation_basic,99.9422291912298,WHO/UNICEF JMP (via World Bank API),2026-09-02
KOR,"Korea, Rep.",2010,sanitation_basic,99.9586042362784,WHO/UNICEF JMP (via World Bank API),2026-09-02
KOR,"Korea, Rep.",2009,sanitation_basic,99.9749792813269,WHO/UNICEF JMP (via World Bank API),2026-09-02
KOR,"Korea, Rep.",2008,sanitation_basic,99.9913543263754,WHO/UNICEF JMP (via World Bank API),2026-09-02
KOR,"Korea, Rep.",2007,sanitation_basic,100.0,WHO/UNICEF JMP (via World Bank API),2026-09-02
KOR,"Korea, Rep.",2006,sanitation_basic,100.0,WHO/UNICEF JMP (via World Bank API),2026-09-02
KOR,"Korea, Rep.",2005,sanitation_basic,100.0,WHO/UNICEF JMP (via World Bank API),2026-09-02
KOR,"Korea, Rep.",2004,sanitation_basic,100.0,WHO/UNICEF JMP (via World Bank API),2026-09-02
KOR,"Korea, Rep.",2003,sanitation_basic,100.0,WHO/UNICEF JMP (via World Bank API),2026-09-02
KOR,"Korea, Rep.",2002,sanitation_basic,100.0,WHO/UNICEF JMP (via World Bank API),2026-09-02
KOR,"Korea, Rep.",2001,sanitation_basic,100.0,WHO/UNICEF JMP (via World Bank API),2026-09-02
KOR,"Korea, Rep.",2000,sanitation_basic,100.0,WHO/UNICEF JMP (via World Bank API),2026-09-02
KWT,Kuwait,2023,sanitation_basic,100.0,WHO/UNICEF JMP (via World Bank API),2026-09-02
KWT,Kuwait,2022,sanitation_basic,100.0,WHO/UNICEF JMP (via World Bank API),2026-09-02
KWT,Kuwait,2021,sanitation_basic,100.0,WHO/UNICEF JMP (via World Bank API),2026-09-02
KWT,Kuwait,2020,sanitation_basic,100.0,WHO/UNICEF JMP (via World Bank API),2026-09-02
KWT,Kuwait,2019,sanitation_basic,100.0,WHO/UNICEF JMP (via World Bank API),2026-09-02
KWT,Kuwait,2018,sanitation_basic,100.0,WHO/UNICEF JMP (via World Bank API),2026-09-02
KWT,Kuwait,2017,sanitation_basic,100.0,WHO/UNICEF JMP (via World Bank API),2026-09-02
KWT,Kuwait,2016,sanitation_basic,100.0,WHO/UNICEF JMP (via World Bank API),2026-09-02
KWT,Kuwait,2015,sanitation_basic,100.0,WHO/UNICEF JMP (via World Bank API),2026-09-02
KWT,Kuwait,2014,sanitation_basic,100.0,WHO/UNICEF JMP (via World Bank API),2026-09-02
KWT,Kuwait,2013,sanitation_basic,100.0,WHO/UNICEF JMP (via World Bank API),2026-09-02
KWT,Kuwait,2012,sanitation_basic,100.0,WHO/UNICEF JMP (via World Bank API),2026-09-02
KWT,Kuwait,2011,sanitation_basic,100.0,WHO/UNICEF JMP (via World Bank API),2026-09-02
KWT,Kuwait,2010,sanitation_basic,100.0,WHO/UNICEF JMP (via World Bank API),2026-09-02
KWT,Kuwait,2009,sanitation_basic,100.0,WHO/UNICEF JMP (via World Bank API),2026-09-02
KWT,Kuwait,2008,sanitation_basic,100.0,WHO/UNICEF JMP (via World Bank API),2026-09-02
KWT,Kuwait,2007,sanitation_basic,100.0,WHO/UNICEF JMP (via World Bank API),2026-09-02
KWT,Kuwait,2006,sanitation_basic,100.0,WHO/UNICEF JMP (via World Bank API),2026-09-02
KWT,Kuwait,2005,sanitation_basic,100.0,WHO/UNICEF JMP (via World Bank API),2026-09-02
KWT,Kuwait,2004,sanitation_basic,100.0,WHO/UNICEF JMP (via World Bank API),2026-09-02
KWT,Kuwait,2003,sanitation_basic,100.0,WHO/UNICEF JMP (via World Bank API),2026-09-02
KWT,Kuwait,2002,sanitation_basic,100.0,WHO/UNICEF JMP (via World Bank API),2026-09-02
KWT,Kuwait,2001,sanitation_basic,100.0,WHO/UNICEF JMP (via World Bank API),2026-09-02
KWT,Kuwait,2000,sanitation_basic,100.0,WHO/UNICEF JMP (via World Bank API),2026-09-02
KGZ,Kyrgyz Republic,2023,sanitation_basic,98.4088738227501,WHO/UNICEF JMP (via World Bank API),2026-09-02
KGZ,Kyrgyz Republic,2022,sanitation_basic,98.278227766543,WHO/UNICEF JMP (via World Bank API),2026-09-02
KGZ,Kyrgyz Republic,2021,sanitation_basic,98.1478549913374,WHO/UNICEF JMP (via World Bank API),2026-09-02
KGZ,Kyrgyz Republic,2020,sanitation_basic,98.017628465842,WHO/UNICEF JMP (via World Bank API),2026-09-02
KGZ,Kyrgyz Republic,2019,sanitation_basic,97.7833519513512,WHO/UNICEF JMP (via World Bank API),2026-09-02
KGZ,Kyrgyz Republic,2018,sanitation_basic,97.4927558595168,WHO/UNICEF JMP (via World Bank API),2026-09-02
KGZ,Kyrgyz Republic,2017,sanitation_basic,97.2012105005547,WHO/UNICEF JMP (via World Bank API),2026-09-02
KGZ,Kyrgyz Republic,2016,sanitation_basic,96.9087481057027,WHO/UNICEF JMP (via World Bank API),2026-09-02
KGZ,Kyrgyz Republic,2015,sanitation_basic,96.6154706740523,WHO/UNICEF JMP (via World Bank API),2026-09-02
KGZ,Kyrgyz Republic,2014,sanitation_basic,96.3214166857355,WHO/UNICEF JMP (via World Bank API),2026-09-02
KGZ,Kyrgyz Republic,2013,sanitation_basic,96.0266897957502,WHO/UNICEF JMP (via World Bank API),2026-09-02
KGZ,Kyrgyz Republic,2012,sanitation_basic,95.7313479681621,WHO/UNICEF JMP (via World Bank API),2026-09-02
KGZ,Kyrgyz Republic,2011,sanitation_basic,95.435495439877,WHO/UNICEF JMP (via World Bank API),2026-09-02
KGZ,Kyrgyz Republic,2010,sanitation_basic,95.1391384215873,WHO/UNICEF JMP (via World Bank API),2026-09-02
KGZ,Kyrgyz Republic,2009,sanitation_basic,94.8423723936302,WHO/UNICEF JMP (via World Bank API),2026-09-02
KGZ,Kyrgyz Republic,2008,sanitation_basic,94.5452869474658,WHO/UNICEF JMP (via World Bank API),2026-09-02
KGZ,Kyrgyz Republic,2007,sanitation_basic,94.2485169694254,WHO/UNICEF JMP (via World Bank API),2026-09-02
KGZ,Kyrgyz Republic,2006,sanitation_basic,93.9520874390933,WHO/UNICEF JMP (via World Bank API),2026-09-02
KGZ,Kyrgyz Republic,2005,sanitation_basic,93.6560226009521,WHO/UNICEF JMP (via World Bank API),2026-09-02
KGZ,Kyrgyz Republic,2004,sanitation_basic,93.3602758261186,WHO/UNICEF JMP (via World Bank API),2026-09-02
KGZ,Kyrgyz Republic,2003,sanitation_basic,93.1829301574786,WHO/UNICEF JMP (via World Bank API),2026-09-02
KGZ,Kyrgyz Republic,2002,sanitation_basic,93.005572595951,WHO/UNICEF JMP (via World Bank API),2026-09-02
KGZ,Kyrgyz Republic,2001,sanitation_basic,92.8282378799564,WHO/UNICEF JMP (via World Bank API),2026-09-02
KGZ,Kyrgyz Republic,2000,sanitation_basic,92.8282031249624,WHO/UNICEF JMP (via World Bank API),2026-09-02
LAO,Lao PDR,2023,sanitation_basic,86.9959981840748,WHO/UNICEF JMP (via World Bank API),2026-09-02
LAO,Lao PDR,2022,sanitation_basic,85.1292056400031,WHO/UNICEF JMP (via World Bank API),2026-09-02
LAO,Lao PDR,2021,sanitation_basic,83.0975867054683,WHO/UNICEF JMP (via World Bank API),2026-09-02
LAO,Lao PDR,2020,sanitation_basic,80.7027420895793,WHO/UNICEF JMP (via World Bank API),2026-09-02
LAO,Lao PDR,2019,sanitation_basic,78.292642485837,WHO/UNICEF JMP (via World Bank API),2026-09-02
LAO,Lao PDR,2018,sanitation_basic,75.8672585757636,WHO/UNICEF JMP (via World Bank API),2026-09-02
LAO,Lao PDR,2017,sanitation_basic,73.4268509487817,WHO/UNICEF JMP (via World Bank API),2026-09-02
LAO,Lao PDR,2016,sanitation_basic,70.9711485336486,WHO/UNICEF JMP (via World Bank API),2026-09-02
LAO,Lao PDR,2015,sanitation_basic,68.5001364815887,WHO/UNICEF JMP (via World Bank API),2026-09-02
LAO,Lao PDR,2014,sanitation_basic,66.0147584184353,WHO/UNICEF JMP (via World Bank API),2026-09-02
LAO,Lao PDR,2013,sanitation_basic,63.5147843127718,WHO/UNICEF JMP (via World Bank API),2026-09-02
LAO,Lao PDR,2012,sanitation_basic,61.0006356441256,WHO/UNICEF JMP (via World Bank API),2026-09-02
LAO,Lao PDR,2011,sanitation_basic,58.4713447138194,WHO/UNICEF JMP (via World Bank API),2026-09-02
LAO,Lao PDR,2010,sanitation_basic,55.92839334626,WHO/UNICEF JMP (via World Bank API),2026-09-02
LAO,Lao PDR,2009,sanitation_basic,53.3715578045122,WHO/UNICEF JMP (via World Bank API),2026-09-02
LAO,Lao PDR,2008,sanitation_basic,50.8009551119223,WHO/UNICEF JMP (via World Bank API),2026-09-02
LAO,Lao PDR,2007,sanitation_basic,48.2158994762992,WHO/UNICEF JMP (via World Bank API),2026-09-02
LAO,Lao PDR,2006,sanitation_basic,45.6181272062028,WHO/UNICEF JMP (via World Bank API),2026-09-02
LAO,Lao PDR,2005,sanitation_basic,43.0065419549901,WHO/UNICEF JMP (via World Bank API),2026-09-02
LAO,Lao PDR,2004,sanitation_basic,40.206970140516,WHO/UNICEF JMP (via World Bank API),2026-09-02
LAO,Lao PDR,2003,sanitation_basic,37.3258889602635,WHO/UNICEF JMP (via World Bank API),2026-09-02
LAO,Lao PDR,2002,sanitation_basic,34.4269495344491,WHO/UNICEF JMP (via World Bank API),2026-09-02
LAO,Lao PDR,2001,sanitation_basic,31.5102351712047,WHO/UNICEF JMP (via World Bank API),2026-09-02
LAO,Lao PDR,2000,sanitation_basic,28.5792078387046,WHO/UNICEF JMP (via World Bank API),2026-09-02
LVA,Latvia,2023,sanitation_basic,92.5186835470802,WHO/UNICEF JMP (via World Bank API),2026-09-02
LVA,Latvia,2022,sanitation_basic,92.2626087395691,WHO/UNICEF JMP (via World Bank API),2026-09-02
LVA,Latvia,2021,sanitation_basic,92.0069797523466,WHO/UNICEF JMP (via World Bank API),2026-09-02
LVA,Latvia,2020,sanitation_basic,91.7520645595703,WHO/UNICEF JMP (via World Bank API),2026-09-02
LVA,Latvia,2019,sanitation_basic,91.4979934262128,WHO/UNICEF JMP (via World Bank API),2026-09-02
LVA,Latvia,2018,sanitation_basic,91.2449187722214,WHO/UNICEF JMP (via World Bank API),2026-09-02
LVA,Latvia,2017,sanitation_basic,90.9929787461015,WHO/UNICEF JMP (via World Bank API),2026-09-02
LVA,Latvia,2016,sanitation_basic,90.7423211464844,WHO/UNICEF JMP (via World Bank API),2026-09-02
LVA,Latvia,2015,sanitation_basic,90.4930837616034,WHO/UNICEF JMP (via World Bank API),2026-09-02
LVA,Latvia,2014,sanitation_basic,90.2454171956005,WHO/UNICEF JMP (via World Bank API),2026-09-02
LVA,Latvia,2013,sanitation_basic,90.182767248935,WHO/UNICEF JMP (via World Bank API),2026-09-02
LVA,Latvia,2012,sanitation_basic,90.1188989835072,WHO/UNICEF JMP (via World Bank API),2026-09-02
LVA,Latvia,2011,sanitation_basic,90.0539577656872,WHO/UNICEF JMP (via World Bank API),2026-09-02
LVA,Latvia,2010,sanitation_basic,89.987937726115,WHO/UNICEF JMP (via World Bank API),2026-09-02
LVA,Latvia,2009,sanitation_basic,89.9210042199692,WHO/UNICEF JMP (via World Bank API),2026-09-02
LVA,Latvia,2008,sanitation_basic,89.8611624895794,WHO/UNICEF JMP (via World Bank API),2026-09-02
LVA,Latvia,2007,sanitation_basic,89.8089264081031,WHO/UNICEF JMP (via World Bank API),2026-09-02
LVA,Latvia,2006,sanitation_basic,89.7567394506575,WHO/UNICEF JMP (via World Bank API),2026-09-02
LVA,Latvia,2005,sanitation_basic,89.6980083736191,WHO/UNICEF JMP (via World Bank API),2026-09-02
LVA,Latvia,2004,sanitation_basic,89.6130829805605,WHO/UNICEF JMP (via World Bank API),2026-09-02
LVA,Latvia,2003,sanitation_basic,89.5263556907713,WHO/UNICEF JMP (via World Bank API),2026-09-02
LVA,Latvia,2002,sanitation_basic,89.3860553955735,WHO/UNICEF JMP (via World Bank API),2026-09-02
LVA,Latvia,2001,sanitation_basic,89.1580310942879,WHO/UNICEF JMP (via World Bank API),2026-09-02
LVA,Latvia,2000,sanitation_basic,89.1822298525204,WHO/UNICEF JMP (via World Bank API),2026-09-02
LBN,Lebanon,2023,sanitation_basic,99.2,WHO/UNICEF JMP (via World Bank API),2026-09-02
LBN,Lebanon,2022,sanitation_basic,99.2,WHO/UNICEF JMP (via World Bank API),2026-09-02
LBN,Lebanon,2021,sanitation_basic,99.2,WHO/UNICEF JMP (via World Bank API),2026-09-02
LBN,Lebanon,2020,sanitation_basic,99.2,WHO/UNICEF JMP (via World Bank API),2026-09-02
LBN,Lebanon,2019,sanitation_basic,99.0673793809694,WHO/UNICEF JMP (via World Bank API),2026-09-02
LBN,Lebanon,2018,sanitation_basic,97.8705825263797,WHO/UNICEF JMP (via World Bank API),2026-09-02
LBN,Lebanon,2017,sanitation_basic,96.5614042134683,WHO/UNICEF JMP (via World Bank API),2026-09-02
LBN,Lebanon,2016,sanitation_basic,95.2522259005569,WHO/UNICEF JMP (via World Bank API),2026-09-02
LBN,Lebanon,2015,sanitation_basic,93.9430475876455,WHO/UNICEF JMP (via World Bank API),2026-09-02
LBN,Lebanon,2014,sanitation_basic,92.6338692747341,WHO/UNICEF JMP (via World Bank API),2026-09-02
LBN,Lebanon,2013,sanitation_basic,91.3246909618227,WHO/UNICEF JMP (via World Bank API),2026-09-02
LBN,Lebanon,2012,sanitation_basic,90.0155126489113,WHO/UNICEF JMP (via World Bank API),2026-09-02
LBN,Lebanon,2011,sanitation_basic,88.7063343359999,WHO/UNICEF JMP (via World Bank API),2026-09-02
LBN,Lebanon,2010,sanitation_basic,87.3971560230884,WHO/UNICEF JMP (via World Bank API),2026-09-02
LBN,Lebanon,2009,sanitation_basic,86.087977710177,WHO/UNICEF JMP (via World Bank API),2026-09-02
LBN,Lebanon,2008,sanitation_basic,84.7787993972656,WHO/UNICEF JMP (via World Bank API),2026-09-02
LBN,Lebanon,2007,sanitation_basic,83.4696210843542,WHO/UNICEF JMP (via World Bank API),2026-09-02
LBN,Lebanon,2006,sanitation_basic,82.1604427714428,WHO/UNICEF JMP (via World Bank API),2026-09-02
LBN,Lebanon,2005,sanitation_basic,80.8512644585314,WHO/UNICEF JMP (via World Bank API),2026-09-02
LBN,Lebanon,2004,sanitation_basic,79.54208614562,WHO/UNICEF JMP (via World Bank API),2026-09-02
LBN,Lebanon,2003,sanitation_basic,78.2329078327086,WHO/UNICEF JMP (via World Bank API),2026-09-02
LBN,Lebanon,2002,sanitation_basic,76.9237295197972,WHO/UNICEF JMP (via World Bank API),2026-09-02
LBN,Lebanon,2001,sanitation_basic,76.9237295197972,WHO/UNICEF JMP (via World Bank API),2026-09-02
LBN,Lebanon,2000,sanitation_basic,76.9237295197972,WHO/UNICEF JMP (via World Bank API),2026-09-02
LSO,Lesotho,2023,sanitation_basic,46.6178621737328,WHO/UNICEF JMP (via World Bank API),2026-09-02
LSO,Lesotho,2022,sanitation_basic,45.3328485039477,WHO/UNICEF JMP (via World Bank API),2026-09-02
LSO,Lesotho,2021,sanitation_basic,44.0363729437393,WHO/UNICEF JMP (via World Bank API),2026-09-02
LSO,Lesotho,2020,sanitation_basic,42.7284382834052,WHO/UNICEF JMP (via World Bank API),2026-09-02
LSO,Lesotho,2019,sanitation_basic,41.4091356196007,WHO/UNICEF JMP (via World Bank API),2026-09-02
LSO,Lesotho,2018,sanitation_basic,40.0785080651777,WHO/UNICEF JMP (via World Bank API),2026-09-02
LSO,Lesotho,2017,sanitation_basic,38.7366301247734,WHO/UNICEF JMP (via World Bank API),2026-09-02
LSO,Lesotho,2016,sanitation_basic,37.3835722556357,WHO/UNICEF JMP (via World Bank API),2026-09-02
LSO,Lesotho,2015,sanitation_basic,36.0192915871812,WHO/UNICEF JMP (via World Bank API),2026-09-02
LSO,Lesotho,2014,sanitation_basic,34.6437079655808,WHO/UNICEF JMP (via World Bank API),2026-09-02
LSO,Lesotho,2013,sanitation_basic,33.2568347766841,WHO/UNICEF JMP (via World Bank API),2026-09-02
LSO,Lesotho,2012,sanitation_basic,31.8586043360402,WHO/UNICEF JMP (via World Bank API),2026-09-02
LSO,Lesotho,2011,sanitation_basic,30.4489318304881,WHO/UNICEF JMP (via World Bank API),2026-09-02
LSO,Lesotho,2010,sanitation_basic,29.020495938413,WHO/UNICEF JMP (via World Bank API),2026-09-02
LSO,Lesotho,2009,sanitation_basic,27.5788226829742,WHO/UNICEF JMP (via World Bank API),2026-09-02
LSO,Lesotho,2008,sanitation_basic,26.1239917400803,WHO/UNICEF JMP (via World Bank API),2026-09-02
LSO,Lesotho,2007,sanitation_basic,24.6557826139107,WHO/UNICEF JMP (via World Bank API),2026-09-02
LSO,Lesotho,2006,sanitation_basic,23.1744368605151,WHO/UNICEF JMP (via World Bank API),2026-09-02
LSO,Lesotho,2005,sanitation_basic,21.6703679710685,WHO/UNICEF JMP (via World Bank API),2026-09-02
LSO,Lesotho,2004,sanitation_basic,20.1519465673748,WHO/UNICEF JMP (via World Bank API),2026-09-02
LSO,Lesotho,2003,sanitation_basic,18.6189165343031,WHO/UNICEF JMP (via World Bank API),2026-09-02
LSO,Lesotho,2002,sanitation_basic,17.0718164332742,WHO/UNICEF JMP (via World Bank API),2026-09-02
LSO,Lesotho,2001,sanitation_basic,15.4957394207867,WHO/UNICEF JMP (via World Bank API),2026-09-02
LSO,Lesotho,2000,sanitation_basic,13.9109680595621,WHO/UNICEF JMP (via World Bank API),2026-09-02
LBR,Liberia,2023,sanitation_basic,22.7604195167576,WHO/UNICEF JMP (via World Bank API),2026-09-02
LBR,Liberia,2022,sanitation_basic,22.1923063601074,WHO/UNICEF JMP (via World Bank API),2026-09-02
LBR,Liberia,2021,sanitation_basic,21.631407651363,WHO/UNICEF JMP (via World Bank API),2026-09-02
LBR,Liberia,2020,sanitation_basic,21.0772995001903,WHO/UNICEF JMP (via World Bank API),2026-09-02
LBR,Liberia,2019,sanitation_basic,20.5305258325317,WHO/UNICEF JMP (via World Bank API),2026-09-02
LBR,Liberia,2018,sanitation_basic,19.9911366216728,WHO/UNICEF JMP (via World Bank API),2026-09-02
LBR,Liberia,2017,sanitation_basic,19.4591800299081,WHO/UNICEF JMP (via World Bank API),2026-09-02
LBR,Liberia,2016,sanitation_basic,18.9349390175014,WHO/UNICEF JMP (via World Bank API),2026-09-02
LBR,Liberia,2015,sanitation_basic,18.4179781203981,WHO/UNICEF JMP (via World Bank API),2026-09-02
LBR,Liberia,2014,sanitation_basic,17.9088071106971,WHO/UNICEF JMP (via World Bank API),2026-09-02
LBR,Liberia,2013,sanitation_basic,17.4074580077978,WHO/UNICEF JMP (via World Bank API),2026-09-02
LBR,Liberia,2012,sanitation_basic,16.9137232016405,WHO/UNICEF JMP (via World Bank API),2026-09-02
LBR,Liberia,2011,sanitation_basic,16.4280907750626,WHO/UNICEF JMP (via World Bank API),2026-09-02
LBR,Liberia,2010,sanitation_basic,15.9501173630923,WHO/UNICEF JMP (via World Bank API),2026-09-02
LBR,Liberia,2009,sanitation_basic,15.4802745365152,WHO/UNICEF JMP (via World Bank API),2026-09-02
LBR,Liberia,2008,sanitation_basic,15.018343502263,WHO/UNICEF JMP (via World Bank API),2026-09-02
LBR,Liberia,2007,sanitation_basic,14.564331528772,WHO/UNICEF JMP (via World Bank API),2026-09-02
LBR,Liberia,2006,sanitation_basic,14.1158011729766,WHO/UNICEF JMP (via World Bank API),2026-09-02
LBR,Liberia,2005,sanitation_basic,13.6730363587121,WHO/UNICEF JMP (via World Bank API),2026-09-02
LBR,Liberia,2004,sanitation_basic,13.3677053295354,WHO/UNICEF JMP (via World Bank API),2026-09-02
LBR,Liberia,2003,sanitation_basic,13.0649848713731,WHO/UNICEF JMP (via World Bank API),2026-09-02
LBR,Liberia,2002,sanitation_basic,12.7650839146354,WHO/UNICEF JMP (via World Bank API),2026-09-02
LBR,Liberia,2001,sanitation_basic,12.4677838881013,WHO/UNICEF JMP (via World Bank API),2026-09-02
LBR,Liberia,2000,sanitation_basic,12.1734894943623,WHO/UNICEF JMP (via World Bank API),2026-09-02
LBY,Libya,2023,sanitation_basic,88.6060378754098,WHO/UNICEF JMP (via World Bank API),2026-09-02
LBY,Libya,2022,sanitation_basic,88.712929707541,WHO/UNICEF JMP (via World Bank API),2026-09-02
LBY,Libya,2021,sanitation_basic,88.8198215396721,WHO/UNICEF JMP (via World Bank API),2026-09-02
LBY,Libya,2020,sanitation_basic,88.9267133718033,WHO/UNICEF JMP (via World Bank API),2026-09-02
LBY,Libya,2019,sanitation_basic,89.0336052039344,WHO/UNICEF JMP (via World Bank API),2026-09-02
LBY,Libya,2018,sanitation_basic,89.1404970360656,WHO/UNICEF JMP (via World Bank API),2026-09-02
LBY,Libya,2017,sanitation_basic,89.2473888681967,WHO/UNICEF JMP (via World Bank API),2026-09-02
LBY,Libya,2016,sanitation_basic,89.3542807003278,WHO/UNICEF JMP (via World Bank API),2026-09-02
LBY,Libya,2015,sanitation_basic,89.461172532459,WHO/UNICEF JMP (via World Bank API),2026-09-02
LBY,Libya,2014,sanitation_basic,89.5680643645901,WHO/UNICEF JMP (via World Bank API),2026-09-02
LBY,Libya,2013,sanitation_basic,89.6749561967213,WHO/UNICEF JMP (via World Bank API),2026-09-02
LBY,Libya,2012,sanitation_basic,89.7818480288524,WHO/UNICEF JMP (via World Bank API),2026-09-02
LBY,Libya,2011,sanitation_basic,89.8887398609836,WHO/UNICEF JMP (via World Bank API),2026-09-02
LBY,Libya,2010,sanitation_basic,89.9956316931147,WHO/UNICEF JMP (via World Bank API),2026-09-02
LBY,Libya,2009,sanitation_basic,90.1025235252459,WHO/UNICEF JMP (via World Bank API),2026-09-02
LBY,Libya,2008,sanitation_basic,90.209415357377,WHO/UNICEF JMP (via World Bank API),2026-09-02
LBY,Libya,2007,sanitation_basic,90.3163071895082,WHO/UNICEF JMP (via World Bank API),2026-09-02
LBY,Libya,2006,sanitation_basic,90.4231990216393,WHO/UNICEF JMP (via World Bank API),2026-09-02
LBY,Libya,2005,sanitation_basic,90.5300908537705,WHO/UNICEF JMP (via World Bank API),2026-09-02
LBY,Libya,2004,sanitation_basic,90.6369826859016,WHO/UNICEF JMP (via World Bank API),2026-09-02
LBY,Libya,2003,sanitation_basic,90.7438745180328,WHO/UNICEF JMP (via World Bank API),2026-09-02
LBY,Libya,2002,sanitation_basic,90.8507663501639,WHO/UNICEF JMP (via World Bank API),2026-09-02
LBY,Libya,2001,sanitation_basic,90.9576581822951,WHO/UNICEF JMP (via World Bank API),2026-09-02
LBY,Libya,2000,sanitation_basic,91.0645500144262,WHO/UNICEF JMP (via World Bank API),2026-09-02
LIE,Liechtenstein,2023,sanitation_basic,99.95,WHO/UNICEF JMP (via World Bank API),2026-09-02
LIE,Liechtenstein,2022,sanitation_basic,99.95,WHO/UNICEF JMP (via World Bank API),2026-09-02
LIE,Liechtenstein,2021,sanitation_basic,99.95,WHO/UNICEF JMP (via World Bank API),2026-09-02
LIE,Liechtenstein,2020,sanitation_basic,99.95,WHO/UNICEF JMP (via World Bank API),2026-09-02
LIE,Liechtenstein,2019,sanitation_basic,99.95,WHO/UNICEF JMP (via World Bank API),2026-09-02
LIE,Liechtenstein,2018,sanitation_basic,99.95,WHO/UNICEF JMP (via World Bank API),2026-09-02
LIE,Liechtenstein,2017,sanitation_basic,99.95,WHO/UNICEF JMP (via World Bank API),2026-09-02
LIE,Liechtenstein,2016,sanitation_basic,99.95,WHO/UNICEF JMP (via World Bank API),2026-09-02
LIE,Liechtenstein,2015,sanitation_basic,99.95,WHO/UNICEF JMP (via World Bank API),2026-09-02
LIE,Liechtenstein,2014,sanitation_basic,99.95,WHO/UNICEF JMP (via World Bank API),2026-09-02
LIE,Liechtenstein,2013,sanitation_basic,99.95,WHO/UNICEF JMP (via World Bank API),2026-09-02
LIE,Liechtenstein,2012,sanitation_basic,99.95,WHO/UNICEF JMP (via World Bank API),2026-09-02
LIE,Liechtenstein,2011,sanitation_basic,99.95,WHO/UNICEF JMP (via World Bank API),2026-09-02
LIE,Liechtenstein,2010,sanitation_basic,99.95,WHO/UNICEF JMP (via World Bank API),2026-09-02
LIE,Liechtenstein,2009,sanitation_basic,99.95,WHO/UNICEF JMP (via World Bank API),2026-09-02
LIE,Liechtenstein,2008,sanitation_basic,99.95,WHO/UNICEF JMP (via World Bank API),2026-09-02
LIE,Liechtenstein,2007,sanitation_basic,99.95,WHO/UNICEF JMP (via World Bank API),2026-09-02
LIE,Liechtenstein,2006,sanitation_basic,99.95,WHO/UNICEF JMP (via World Bank API),2026-09-02
LIE,Liechtenstein,2005,sanitation_basic,99.95,WHO/UNICEF JMP (via World Bank API),2026-09-02
LIE,Liechtenstein,2004,sanitation_basic,99.95,WHO/UNICEF JMP (via World Bank API),2026-09-02
LIE,Liechtenstein,2003,sanitation_basic,99.95,WHO/UNICEF JMP (via World Bank API),2026-09-02
LIE,Liechtenstein,2002,sanitation_basic,99.95,WHO/UNICEF JMP (via World Bank API),2026-09-02
LIE,Liechtenstein,2001,sanitation_basic,99.95,WHO/UNICEF JMP (via World Bank API),2026-09-02
LIE,Liechtenstein,2000,sanitation_basic,99.95,WHO/UNICEF JMP (via World Bank API),2026-09-02
LTU,Lithuania,2023,sanitation_basic,96.3848409552758,WHO/UNICEF JMP (via World Bank API),2026-09-02
LTU,Lithuania,2022,sanitation_basic,95.8940517663177,WHO/UNICEF JMP (via World Bank API),2026-09-02
LTU,Lithuania,2021,sanitation_basic,95.3414364231375,WHO/UNICEF JMP (via World Bank API),2026-09-02
LTU,Lithuania,2020,sanitation_basic,94.786284769893,WHO/UNICEF JMP (via World Bank API),2026-09-02
LTU,Lithuania,2019,sanitation_basic,94.2289437143384,WHO/UNICEF JMP (via World Bank API),2026-09-02
LTU,Lithuania,2018,sanitation_basic,93.6701055685758,WHO/UNICEF JMP (via World Bank API),2026-09-02
LTU,Lithuania,2017,sanitation_basic,93.1100410366065,WHO/UNICEF JMP (via World Bank API),2026-09-02
LTU,Lithuania,2016,sanitation_basic,92.5491836464928,WHO/UNICEF JMP (via World Bank API),2026-09-02
LTU,Lithuania,2015,sanitation_basic,91.9880821486282,WHO/UNICEF JMP (via World Bank API),2026-09-02
LTU,Lithuania,2014,sanitation_basic,91.4271935305975,WHO/UNICEF JMP (via World Bank API),2026-09-02
LTU,Lithuania,2013,sanitation_basic,90.8648178620678,WHO/UNICEF JMP (via World Bank API),2026-09-02
LTU,Lithuania,2012,sanitation_basic,90.3009705081306,WHO/UNICEF JMP (via World Bank API),2026-09-02
LTU,Lithuania,2011,sanitation_basic,89.7354861346124,WHO/UNICEF JMP (via World Bank API),2026-09-02
LTU,Lithuania,2010,sanitation_basic,89.1941477060659,WHO/UNICEF JMP (via World Bank API),2026-09-02
LTU,Lithuania,2009,sanitation_basic,88.6676561367708,WHO/UNICEF JMP (via World Bank API),2026-09-02
LTU,Lithuania,2008,sanitation_basic,88.1277954949637,WHO/UNICEF JMP (via World Bank API),2026-09-02
LTU,Lithuania,2007,sanitation_basic,87.6245897499717,WHO/UNICEF JMP (via World Bank API),2026-09-02
LTU,Lithuania,2006,sanitation_basic,87.120025751018,WHO/UNICEF JMP (via World Bank API),2026-09-02
LTU,Lithuania,2005,sanitation_basic,86.614106124964,WHO/UNICEF JMP (via World Bank API),2026-09-02
LTU,Lithuania,2004,sanitation_basic,86.1267686788169,WHO/UNICEF JMP (via World Bank API),2026-09-02
LTU,Lithuania,2003,sanitation_basic,85.6598602645547,WHO/UNICEF JMP (via World Bank API),2026-09-02
LTU,Lithuania,2002,sanitation_basic,85.1946973431147,WHO/UNICEF JMP (via World Bank API),2026-09-02
LTU,Lithuania,2001,sanitation_basic,84.7312747207925,WHO/UNICEF JMP (via World Bank API),2026-09-02
LTU,Lithuania,2000,sanitation_basic,84.2628327273275,WHO/UNICEF JMP (via World Bank API),2026-09-02
LUX,Luxembourg,2023,sanitation_basic,97.6032304799558,WHO/UNICEF JMP (via World Bank API),2026-09-02
LUX,Luxembourg,2022,sanitation_basic,97.6053918019199,WHO/UNICEF JMP (via World Bank API),2026-09-02
LUX,Luxembourg,2021,sanitation_basic,97.6077017276341,WHO/UNICEF JMP (via World Bank API),2026-09-02
LUX,Luxembourg,2020,sanitation_basic,97.6101288941599,WHO/UNICEF JMP (via World Bank API),2026-09-02
LUX,Luxembourg,2019,sanitation_basic,97.6126777405437,WHO/UNICEF JMP (via World Bank API),2026-09-02
LUX,Luxembourg,2018,sanitation_basic,97.6153595742426,WHO/UNICEF JMP (via World Bank API),2026-09-02
LUX,Luxembourg,2017,sanitation_basic,97.618188396035,WHO/UNICEF JMP (via World Bank API),2026-09-02
LUX,Luxembourg,2016,sanitation_basic,97.6211680150003,WHO/UNICEF JMP (via World Bank API),2026-09-02
LUX,Luxembourg,2015,sanitation_basic,97.6243035577451,WHO/UNICEF JMP (via World Bank API),2026-09-02
LUX,Luxembourg,2014,sanitation_basic,97.6276041187324,WHO/UNICEF JMP (via World Bank API),2026-09-02
LUX,Luxembourg,2013,sanitation_basic,97.6310682676105,WHO/UNICEF JMP (via World Bank API),2026-09-02
LUX,Luxembourg,2012,sanitation_basic,97.6347032194608,WHO/UNICEF JMP (via World Bank API),2026-09-02
LUX,Luxembourg,2011,sanitation_basic,97.6385453220137,WHO/UNICEF JMP (via World Bank API),2026-09-02
LUX,Luxembourg,2010,sanitation_basic,97.642561725648,WHO/UNICEF JMP (via World Bank API),2026-09-02
LUX,Luxembourg,2009,sanitation_basic,97.646673581353,WHO/UNICEF JMP (via World Bank API),2026-09-02
LUX,Luxembourg,2008,sanitation_basic,97.6508653485568,WHO/UNICEF JMP (via World Bank API),2026-09-02
LUX,Luxembourg,2007,sanitation_basic,97.6551965026452,WHO/UNICEF JMP (via World Bank API),2026-09-02
LUX,Luxembourg,2006,sanitation_basic,97.6595985810241,WHO/UNICEF JMP (via World Bank API),2026-09-02
LUX,Luxembourg,2005,sanitation_basic,97.6641072754687,WHO/UNICEF JMP (via World Bank API),2026-09-02
LUX,Luxembourg,2004,sanitation_basic,97.6687093721814,WHO/UNICEF JMP (via World Bank API),2026-09-02
LUX,Luxembourg,2003,sanitation_basic,97.6734276628199,WHO/UNICEF JMP (via World Bank API),2026-09-02
LUX,Luxembourg,2002,sanitation_basic,97.6782432463947,WHO/UNICEF JMP (via World Bank API),2026-09-02
LUX,Luxembourg,2001,sanitation_basic,97.68316460089,WHO/UNICEF JMP (via World Bank API),2026-09-02
LUX,Luxembourg,2000,sanitation_basic,97.6901859875283,WHO/UNICEF JMP (via World Bank API),2026-09-02
MAC,"Macao SAR, China",2023,sanitation_basic,100.0,WHO/UNICEF JMP (via World Bank API),2026-09-02
MAC,"Macao SAR, China",2022,sanitation_basic,100.0,WHO/UNICEF JMP (via World Bank API),2026-09-02
MAC,"Macao SAR, China",2021,sanitation_basic,100.0,WHO/UNICEF JMP (via World Bank API),2026-09-02
MAC,"Macao SAR, China",2020,sanitation_basic,100.0,WHO/UNICEF JMP (via World Bank API),2026-09-02
MAC,"Macao SAR, China",2019,sanitation_basic,100.0,WHO/UNICEF JMP (via World Bank API),2026-09-02
MAC,"Macao SAR, China",2018,sanitation_basic,100.0,WHO/UNICEF JMP (via World Bank API),2026-09-02
MAC,"Macao SAR, China",2017,sanitation_basic,100.0,WHO/UNICEF JMP (via World Bank API),2026-09-02
MAC,"Macao SAR, China",2016,sanitation_basic,100.0,WHO/UNICEF JMP (via World Bank API),2026-09-02
MAC,"Macao SAR, China",2015,sanitation_basic,100.0,WHO/UNICEF JMP (via World Bank API),2026-09-02
MAC,"Macao SAR, China",2014,sanitation_basic,100.0,WHO/UNICEF JMP (via World Bank API),2026-09-02
MAC,"Macao SAR, China",2013,sanitation_basic,100.0,WHO/UNICEF JMP (via World Bank API),2026-09-02
MAC,"Macao SAR, China",2012,sanitation_basic,100.0,WHO/UNICEF JMP (via World Bank API),2026-09-02
MAC,"Macao SAR, China",2011,sanitation_basic,100.0,WHO/UNICEF JMP (via World Bank API),2026-09-02
MAC,"Macao SAR, China",2010,sanitation_basic,100.0,WHO/UNICEF JMP (via World Bank API),2026-09-02
MAC,"Macao SAR, China",2009,sanitation_basic,100.0,WHO/UNICEF JMP (via World Bank API),2026-09-02
MAC,"Macao SAR, China",2008,sanitation_basic,100.0,WHO/UNICEF JMP (via World Bank API),2026-09-02
MAC,"Macao SAR, China",2007,sanitation_basic,100.0,WHO/UNICEF JMP (via World Bank API),2026-09-02
MAC,"Macao SAR, China",2006,sanitation_basic,100.0,WHO/UNICEF JMP (via World Bank API),2026-09-02
MAC,"Macao SAR, China",2005,sanitation_basic,100.0,WHO/UNICEF JMP (via World Bank API),2026-09-02
MAC,"Macao SAR, China",2004,sanitation_basic,100.0,WHO/UNICEF JMP (via World Bank API),2026-09-02
MAC,"Macao SAR, China",2003,sanitation_basic,100.0,WHO/UNICEF JMP (via World Bank API),2026-09-02
MAC,"Macao SAR, China",2002,sanitation_basic,100.0,WHO/UNICEF JMP (via World Bank API),2026-09-02
MAC,"Macao SAR, China",2001,sanitation_basic,100.0,WHO/UNICEF JMP (via World Bank API),2026-09-02
MAC,"Macao SAR, China",2000,sanitation_basic,100.0,WHO/UNICEF JMP (via World Bank API),2026-09-02
MDG,Madagascar,2023,sanitation_basic,15.2883891812498,WHO/UNICEF JMP (via World Bank API),2026-09-02
MDG,Madagascar,2022,sanitation_basic,14.7542849047499,WHO/UNICEF JMP (via World Bank API),2026-09-02
MDG,Madagascar,2021,sanitation_basic,14.2229663442332,WHO/UNICEF JMP (via World Bank API),2026-09-02
MDG,Madagascar,2020,sanitation_basic,13.6947390405503,WHO/UNICEF JMP (via World Bank API),2026-09-02
MDG,Madagascar,2019,sanitation_basic,13.1693375483997,WHO/UNICEF JMP (via World Bank API),2026-09-02
MDG,Madagascar,2018,sanitation_basic,12.647045200372,WHO/UNICEF JMP (via World Bank API),2026-09-02
MDG,Madagascar,2017,sanitation_basic,12.1276026442495,WHO/UNICEF JMP (via World Bank API),2026-09-02
MDG,Madagascar,2016,sanitation_basic,11.6111708038341,WHO/UNICEF JMP (via World Bank API),2026-09-02
MDG,Madagascar,2015,sanitation_basic,11.0976984755033,WHO/UNICEF JMP (via World Bank API),2026-09-02
MDG,Madagascar,2014,sanitation_basic,10.5872297277492,WHO/UNICEF JMP (via World Bank API),2026-09-02
MDG,Madagascar,2013,sanitation_basic,10.0796108433394,WHO/UNICEF JMP (via World Bank API),2026-09-02
MDG,Madagascar,2012,sanitation_basic,9.57497737668474,WHO/UNICEF JMP (via World Bank API),2026-09-02
MDG,Madagascar,2011,sanitation_basic,9.07317377918647,WHO/UNICEF JMP (via World Bank API),2026-09-02
MDG,Madagascar,2010,sanitation_basic,8.57423264106828,WHO/UNICEF JMP (via World Bank API),2026-09-02
MDG,Madagascar,2009,sanitation_basic,8.07809172690129,WHO/UNICEF JMP (via World Bank API),2026-09-02
MDG,Madagascar,2008,sanitation_basic,7.58477414006482,WHO/UNICEF JMP (via World Bank API),2026-09-02
MDG,Madagascar,2007,sanitation_basic,7.09404608313975,WHO/UNICEF JMP (via World Bank API),2026-09-02
MDG,Madagascar,2006,sanitation_basic,6.60626042533301,WHO/UNICEF JMP (via World Bank API),2026-09-02
MDG,Madagascar,2005,sanitation_basic,6.12117413127887,WHO/UNICEF JMP (via World Bank API),2026-09-02
MDG,Madagascar,2004,sanitation_basic,5.63879503752012,WHO/UNICEF JMP (via World Bank API),2026-09-02
MDG,Madagascar,2003,sanitation_basic,5.18344484506749,WHO/UNICEF JMP (via World Bank API),2026-09-02
MDG,Madagascar,2002,sanitation_basic,4.72902485932566,WHO/UNICEF JMP (via World Bank API),2026-09-02
MDG,Madagascar,2001,sanitation_basic,4.27623527366861,WHO/UNICEF JMP (via World Bank API),2026-09-02
MDG,Madagascar,2000,sanitation_basic,3.82452281975997,WHO/UNICEF JMP (via World Bank API),2026-09-02
MWI,Malawi,2023,sanitation_basic,49.23687867184,WHO/UNICEF JMP (via World Bank API),2026-09-02
MWI,Malawi,2022,sanitation_basic,49.2412879464451,WHO/UNICEF JMP (via World Bank API),2026-09-02
MWI,Malawi,2021,sanitation_basic,47.1071277327455,WHO/UNICEF JMP (via World Bank API),2026-09-02
MWI,Malawi,2020,sanitation_basic,44.9611479828173,WHO/UNICEF JMP (via World Bank API),2026-09-02
MWI,Malawi,2019,sanitation_basic,42.8038384563156,WHO/UNICEF JMP (via World Bank API),2026-09-02
MWI,Malawi,2018,sanitation_basic,40.6356741988533,WHO/UNICEF JMP (via World Bank API),2026-09-02
MWI,Malawi,2017,sanitation_basic,38.4570661478088,WHO/UNICEF JMP (via World Bank API),2026-09-02
MWI,Malawi,2016,sanitation_basic,36.2684898070789,WHO/UNICEF JMP (via World Bank API),2026-09-02
MWI,Malawi,2015,sanitation_basic,34.0704035850355,WHO/UNICEF JMP (via World Bank API),2026-09-02
MWI,Malawi,2014,sanitation_basic,31.8630595478382,WHO/UNICEF JMP (via World Bank API),2026-09-02
MWI,Malawi,2013,sanitation_basic,29.6470619671529,WHO/UNICEF JMP (via World Bank API),2026-09-02
MWI,Malawi,2012,sanitation_basic,27.4226021008412,WHO/UNICEF JMP (via World Bank API),2026-09-02
MWI,Malawi,2011,sanitation_basic,25.1902507973083,WHO/UNICEF JMP (via World Bank API),2026-09-02
MWI,Malawi,2010,sanitation_basic,22.950220782325,WHO/UNICEF JMP (via World Bank API),2026-09-02
MWI,Malawi,2009,sanitation_basic,20.7030011916433,WHO/UNICEF JMP (via World Bank API),2026-09-02
MWI,Malawi,2008,sanitation_basic,18.4488656297589,WHO/UNICEF JMP (via World Bank API),2026-09-02
MWI,Malawi,2007,sanitation_basic,16.1881872542677,WHO/UNICEF JMP (via World Bank API),2026-09-02
MWI,Malawi,2006,sanitation_basic,13.9195182666637,WHO/UNICEF JMP (via World Bank API),2026-09-02
MWI,Malawi,2005,sanitation_basic,11.6430173155279,WHO/UNICEF JMP (via World Bank API),2026-09-02
MWI,Malawi,2004,sanitation_basic,9.35853844568126,WHO/UNICEF JMP (via World Bank API),2026-09-02
MWI,Malawi,2003,sanitation_basic,9.35670106577719,WHO/UNICEF JMP (via World Bank API),2026-09-02
MWI,Malawi,2002,sanitation_basic,9.35480608724583,WHO/UNICEF JMP (via World Bank API),2026-09-02
MWI,Malawi,2001,sanitation_basic,9.35302758911489,WHO/UNICEF JMP (via World Bank API),2026-09-02
MWI,Malawi,2000,sanitation_basic,9.3511917456521,WHO/UNICEF JMP (via World Bank API),2026-09-02
MYS,Malaysia,2023,sanitation_basic,96.0191440152349,WHO/UNICEF JMP (via World Bank API),2026-09-02
MYS,Malaysia,2022,sanitation_basic,96.0182636272288,WHO/UNICEF JMP (via World Bank API),2026-09-02
MYS,Malaysia,2021,sanitation_basic,96.0173467621383,WHO/UNICEF JMP (via World Bank API),2026-09-02
MYS,Malaysia,2020,sanitation_basic,95.9966449391973,WHO/UNICEF JMP (via World Bank API),2026-09-02
MYS,Malaysia,2019,sanitation_basic,95.93567943551,WHO/UNICEF JMP (via World Bank API),2026-09-02
MYS,Malaysia,2018,sanitation_basic,95.8087179177358,WHO/UNICEF JMP (via World Bank API),2026-09-02
MYS,Malaysia,2017,sanitation_basic,95.7121393469454,WHO/UNICEF JMP (via World Bank API),2026-09-02
MYS,Malaysia,2016,sanitation_basic,95.5818387511704,WHO/UNICEF JMP (via World Bank API),2026-09-02
MYS,Malaysia,2015,sanitation_basic,95.4491928177034,WHO/UNICEF JMP (via World Bank API),2026-09-02
MYS,Malaysia,2014,sanitation_basic,95.314250824297,WHO/UNICEF JMP (via World Bank API),2026-09-02
MYS,Malaysia,2013,sanitation_basic,95.1769234434239,WHO/UNICEF JMP (via World Bank API),2026-09-02
MYS,Malaysia,2012,sanitation_basic,95.0372152977718,WHO/UNICEF JMP (via World Bank API),2026-09-02
MYS,Malaysia,2011,sanitation_basic,94.8950271076726,WHO/UNICEF JMP (via World Bank API),2026-09-02
MYS,Malaysia,2010,sanitation_basic,94.7498776690501,WHO/UNICEF JMP (via World Bank API),2026-09-02
MYS,Malaysia,2009,sanitation_basic,94.5991098396151,WHO/UNICEF JMP (via World Bank API),2026-09-02
MYS,Malaysia,2008,sanitation_basic,94.4451244256703,WHO/UNICEF JMP (via World Bank API),2026-09-02
MYS,Malaysia,2007,sanitation_basic,94.287803077426,WHO/UNICEF JMP (via World Bank API),2026-09-02
MYS,Malaysia,2006,sanitation_basic,94.1271404616595,WHO/UNICEF JMP (via World Bank API),2026-09-02
MYS,Malaysia,2005,sanitation_basic,93.9630919319295,WHO/UNICEF JMP (via World Bank API),2026-09-02
MYS,Malaysia,2004,sanitation_basic,93.7956145310405,WHO/UNICEF JMP (via World Bank API),2026-09-02
MYS,Malaysia,2003,sanitation_basic,93.6245544667529,WHO/UNICEF JMP (via World Bank API),2026-09-02
MYS,Malaysia,2002,sanitation_basic,93.4499785457309,WHO/UNICEF JMP (via World Bank API),2026-09-02
MYS,Malaysia,2001,sanitation_basic,93.271833713747,WHO/UNICEF JMP (via World Bank API),2026-09-02
MYS,Malaysia,2000,sanitation_basic,93.0900303093071,WHO/UNICEF JMP (via World Bank API),2026-09-02
MDV,Maldives,2023,sanitation_basic,99.3176875376915,WHO/UNICEF JMP (via World Bank API),2026-09-02
MDV,Maldives,2022,sanitation_basic,98.5962212934826,WHO/UNICEF JMP (via World Bank API),2026-09-02
MDV,Maldives,2021,sanitation_basic,97.8641004075029,WHO/UNICEF JMP (via World Bank API),2026-09-02
MDV,Maldives,2020,sanitation_basic,97.1213636398167,WHO/UNICEF JMP (via World Bank API),2026-09-02
MDV,Maldives,2019,sanitation_basic,96.3505180491116,WHO/UNICEF JMP (via World Bank API),2026-09-02
MDV,Maldives,2018,sanitation_basic,95.3413870915622,WHO/UNICEF JMP (via World Bank API),2026-09-02
MDV,Maldives,2017,sanitation_basic,94.3268032321981,WHO/UNICEF JMP (via World Bank API),2026-09-02
MDV,Maldives,2016,sanitation_basic,93.3068469398135,WHO/UNICEF JMP (via World Bank API),2026-09-02
MDV,Maldives,2015,sanitation_basic,92.2815312224762,WHO/UNICEF JMP (via World Bank API),2026-09-02
MDV,Maldives,2014,sanitation_basic,91.250996049753,WHO/UNICEF JMP (via World Bank API),2026-09-02
MDV,Maldives,2013,sanitation_basic,90.2153433449242,WHO/UNICEF JMP (via World Bank API),2026-09-02
MDV,Maldives,2012,sanitation_basic,89.1747640869776,WHO/UNICEF JMP (via World Bank API),2026-09-02
MDV,Maldives,2011,sanitation_basic,88.128993363051,WHO/UNICEF JMP (via World Bank API),2026-09-02
MDV,Maldives,2010,sanitation_basic,87.0784721184559,WHO/UNICEF JMP (via World Bank API),2026-09-02
MDV,Maldives,2009,sanitation_basic,86.0231687446511,WHO/UNICEF JMP (via World Bank API),2026-09-02
MDV,Maldives,2008,sanitation_basic,84.9631631924184,WHO/UNICEF JMP (via World Bank API),2026-09-02
MDV,Maldives,2007,sanitation_basic,83.8983717139846,WHO/UNICEF JMP (via World Bank API),2026-09-02
MDV,Maldives,2006,sanitation_basic,82.9678419611105,WHO/UNICEF JMP (via World Bank API),2026-09-02
MDV,Maldives,2005,sanitation_basic,81.9107386991057,WHO/UNICEF JMP (via World Bank API),2026-09-02
MDV,Maldives,2004,sanitation_basic,80.7906424264184,WHO/UNICEF JMP (via World Bank API),2026-09-02
MDV,Maldives,2003,sanitation_basic,79.6500594890905,WHO/UNICEF JMP (via World Bank API),2026-09-02
MDV,Maldives,2002,sanitation_basic,78.4909414521848,WHO/UNICEF JMP (via World Bank API),2026-09-02
MDV,Maldives,2001,sanitation_basic,77.3138917274855,WHO/UNICEF JMP (via World Bank API),2026-09-02
MDV,Maldives,2000,sanitation_basic,76.1204180921548,WHO/UNICEF JMP (via World Bank API),2026-09-02
MLI,Mali,2023,sanitation_basic,46.4485840749361,WHO/UNICEF JMP (via World Bank API),2026-09-02
MLI,Mali,2022,sanitation_basic,45.1434215383033,WHO/UNICEF JMP (via World Bank API),2026-09-02
MLI,Mali,2021,sanitation_basic,43.8404477380485,WHO/UNICEF JMP (via World Bank API),2026-09-02
MLI,Mali,2020,sanitation_basic,42.5396302417606,WHO/UNICEF JMP (via World Bank API),2026-09-02
MLI,Mali,2019,sanitation_basic,41.2415636688459,WHO/UNICEF JMP (via World Bank API),2026-09-02
MLI,Mali,2018,sanitation_basic,39.9458152875809,WHO/UNICEF JMP (via World Bank API),2026-09-02
MLI,Mali,2017,sanitation_basic,38.6530201870083,WHO/UNICEF JMP (via World Bank API),2026-09-02
MLI,Mali,2016,sanitation_basic,37.3629585814102,WHO/UNICEF JMP (via World Bank API),2026-09-02
MLI,Mali,2015,sanitation_basic,36.0760821566718,WHO/UNICEF JMP (via World Bank API),2026-09-02
MLI,Mali,2014,sanitation_basic,34.7924079704944,WHO/UNICEF JMP (via World Bank API),2026-09-02
MLI,Mali,2013,sanitation_basic,33.5119596461235,WHO/UNICEF JMP (via World Bank API),2026-09-02
MLI,Mali,2012,sanitation_basic,32.2352227048023,WHO/UNICEF JMP (via World Bank API),2026-09-02
MLI,Mali,2011,sanitation_basic,30.9622372812507,WHO/UNICEF JMP (via World Bank API),2026-09-02
MLI,Mali,2010,sanitation_basic,29.6932856424804,WHO/UNICEF JMP (via World Bank API),2026-09-02
MLI,Mali,2009,sanitation_basic,28.4286615146563,WHO/UNICEF JMP (via World Bank API),2026-09-02
MLI,Mali,2008,sanitation_basic,27.1686715784898,WHO/UNICEF JMP (via World Bank API),2026-09-02
MLI,Mali,2007,sanitation_basic,25.9143828499992,WHO/UNICEF JMP (via World Bank API),2026-09-02
MLI,Mali,2006,sanitation_basic,24.6671660825145,WHO/UNICEF JMP (via World Bank API),2026-09-02
MLI,Mali,2005,sanitation_basic,23.4264099806876,WHO/UNICEF JMP (via World Bank API),2026-09-02
MLI,Mali,2004,sanitation_basic,22.193273656424,WHO/UNICEF JMP (via World Bank API),2026-09-02
MLI,Mali,2003,sanitation_basic,20.9666083854735,WHO/UNICEF JMP (via World Bank API),2026-09-02
MLI,Mali,2002,sanitation_basic,19.7478525761063,WHO/UNICEF JMP (via World Bank API),2026-09-02
MLI,Mali,2001,sanitation_basic,18.5366288294077,WHO/UNICEF JMP (via World Bank API),2026-09-02
MLI,Mali,2000,sanitation_basic,17.3336177697569,WHO/UNICEF JMP (via World Bank API),2026-09-02
MLT,Malta,2023,sanitation_basic,100.0,WHO/UNICEF JMP (via World Bank API),2026-09-02
MLT,Malta,2022,sanitation_basic,99.9999984486759,WHO/UNICEF JMP (via World Bank API),2026-09-02
MLT,Malta,2021,sanitation_basic,99.9999977128228,WHO/UNICEF JMP (via World Bank API),2026-09-02
MLT,Malta,2020,sanitation_basic,99.9952644133915,WHO/UNICEF JMP (via World Bank API),2026-09-02
MLT,Malta,2019,sanitation_basic,99.9905343490211,WHO/UNICEF JMP (via World Bank API),2026-09-02
MLT,Malta,2018,sanitation_basic,99.9858051675868,WHO/UNICEF JMP (via World Bank API),2026-09-02
MLT,Malta,2017,sanitation_basic,99.9810896682043,WHO/UNICEF JMP (via World Bank API),2026-09-02
MLT,Malta,2016,sanitation_basic,99.9763785453032,WHO/UNICEF JMP (via World Bank API),2026-09-02
MLT,Malta,2015,sanitation_basic,99.9716734306493,WHO/UNICEF JMP (via World Bank API),2026-09-02
MLT,Malta,2014,sanitation_basic,99.9669760572969,WHO/UNICEF JMP (via World Bank API),2026-09-02
MLT,Malta,2013,sanitation_basic,99.9622878778312,WHO/UNICEF JMP (via World Bank API),2026-09-02
MLT,Malta,2012,sanitation_basic,99.9576050642504,WHO/UNICEF JMP (via World Bank API),2026-09-02
MLT,Malta,2011,sanitation_basic,99.9529309076339,WHO/UNICEF JMP (via World Bank API),2026-09-02
MLT,Malta,2010,sanitation_basic,99.9482592767257,WHO/UNICEF JMP (via World Bank API),2026-09-02
MLT,Malta,2009,sanitation_basic,99.948299467383,WHO/UNICEF JMP (via World Bank API),2026-09-02
MLT,Malta,2008,sanitation_basic,99.9483390179808,WHO/UNICEF JMP (via World Bank API),2026-09-02
MLT,Malta,2007,sanitation_basic,99.9483801402341,WHO/UNICEF JMP (via World Bank API),2026-09-02
MLT,Malta,2006,sanitation_basic,99.9484166203892,WHO/UNICEF JMP (via World Bank API),2026-09-02
MLT,Malta,2005,sanitation_basic,99.9484979431454,WHO/UNICEF JMP (via World Bank API),2026-09-02
MLT,Malta,2004,sanitation_basic,99.9486253040546,WHO/UNICEF JMP (via World Bank API),2026-09-02
MLT,Malta,2003,sanitation_basic,99.9487652290629,WHO/UNICEF JMP (via World Bank API),2026-09-02
MLT,Malta,2002,sanitation_basic,99.9488990899102,WHO/UNICEF JMP (via World Bank API),2026-09-02
MLT,Malta,2001,sanitation_basic,99.9490461275994,WHO/UNICEF JMP (via World Bank API),2026-09-02
MLT,Malta,2000,sanitation_basic,99.9492010508807,WHO/UNICEF JMP (via World Bank API),2026-09-02
MHL,Marshall Islands,2023,sanitation_basic,78.9094220356239,WHO/UNICEF JMP (via World Bank API),2026-09-02
MHL,Marshall Islands,2022,sanitation_basic,78.8167730658642,WHO/UNICEF JMP (via World Bank API),2026-09-02
MHL,Marshall Islands,2021,sanitation_basic,78.7159193807723,WHO/UNICEF JMP (via World Bank API),2026-09-02
MHL,Marshall Islands,2020,sanitation_basic,78.6065823369048,WHO/UNICEF JMP (via World Bank API),2026-09-02
MHL,Marshall Islands,2019,sanitation_basic,78.488659643571,WHO/UNICEF JMP (via World Bank API),2026-09-02
MHL,Marshall Islands,2018,sanitation_basic,78.3619174334576,WHO/UNICEF JMP (via World Bank API),2026-09-02
MHL,Marshall Islands,2017,sanitation_basic,78.2256974121697,WHO/UNICEF JMP (via World Bank API),2026-09-02
MHL,Marshall Islands,2016,sanitation_basic,78.0801139470474,WHO/UNICEF JMP (via World Bank API),2026-09-02
MHL,Marshall Islands,2015,sanitation_basic,77.9244886482311,WHO/UNICEF JMP (via World Bank API),2026-09-02
MHL,Marshall Islands,2014,sanitation_basic,77.7587559493787,WHO/UNICEF JMP (via World Bank API),2026-09-02
MHL,Marshall Islands,2013,sanitation_basic,77.5823878699737,WHO/UNICEF JMP (via World Bank API),2026-09-02
MHL,Marshall Islands,2012,sanitation_basic,77.3953434668074,WHO/UNICEF JMP (via World Bank API),2026-09-02
MHL,Marshall Islands,2011,sanitation_basic,77.1968326186549,WHO/UNICEF JMP (via World Bank API),2026-09-02
MHL,Marshall Islands,2010,sanitation_basic,76.987068031911,WHO/UNICEF JMP (via World Bank API),2026-09-02
MHL,Marshall Islands,2009,sanitation_basic,76.7672035221088,WHO/UNICEF JMP (via World Bank API),2026-09-02
MHL,Marshall Islands,2008,sanitation_basic,76.5371074289025,WHO/UNICEF JMP (via World Bank API),2026-09-02
MHL,Marshall Islands,2007,sanitation_basic,76.2960646332462,WHO/UNICEF JMP (via World Bank API),2026-09-02
MHL,Marshall Islands,2006,sanitation_basic,76.0448233755654,WHO/UNICEF JMP (via World Bank API),2026-09-02
MHL,Marshall Islands,2005,sanitation_basic,75.7826662619326,WHO/UNICEF JMP (via World Bank API),2026-09-02
MHL,Marshall Islands,2004,sanitation_basic,75.4019644335075,WHO/UNICEF JMP (via World Bank API),2026-09-02
MHL,Marshall Islands,2003,sanitation_basic,75.2357419905979,WHO/UNICEF JMP (via World Bank API),2026-09-02
MHL,Marshall Islands,2002,sanitation_basic,75.0678760410401,WHO/UNICEF JMP (via World Bank API),2026-09-02
MHL,Marshall Islands,2001,sanitation_basic,74.8983706314678,WHO/UNICEF JMP (via World Bank API),2026-09-02
MHL,Marshall Islands,2000,sanitation_basic,74.7275535409277,WHO/UNICEF JMP (via World Bank API),2026-09-02
MRT,Mauritania,2023,sanitation_basic,58.2608340232933,WHO/UNICEF JMP (via World Bank API),2026-09-02
MRT,Mauritania,2022,sanitation_basic,56.0758490078081,WHO/UNICEF JMP (via World Bank API),2026-09-02
MRT,Mauritania,2021,sanitation_basic,53.9267671870648,WHO/UNICEF JMP (via World Bank API),2026-09-02
MRT,Mauritania,2020,sanitation_basic,51.8124755125379,WHO/UNICEF JMP (via World Bank API),2026-09-02
MRT,Mauritania,2019,sanitation_basic,49.7339098436372,WHO/UNICEF JMP (via World Bank API),2026-09-02
MRT,Mauritania,2018,sanitation_basic,47.6904380054199,WHO/UNICEF JMP (via World Bank API),2026-09-02
MRT,Mauritania,2017,sanitation_basic,45.6828446170813,WHO/UNICEF JMP (via World Bank API),2026-09-02
MRT,Mauritania,2016,sanitation_basic,43.7104270690001,WHO/UNICEF JMP (via World Bank API),2026-09-02
MRT,Mauritania,2015,sanitation_basic,41.7742652183786,WHO/UNICEF JMP (via World Bank API),2026-09-02
MRT,Mauritania,2014,sanitation_basic,39.8731407401327,WHO/UNICEF JMP (via World Bank API),2026-09-02
MRT,Mauritania,2013,sanitation_basic,38.0075543396616,WHO/UNICEF JMP (via World Bank API),2026-09-02
MRT,Mauritania,2012,sanitation_basic,36.1778963960657,WHO/UNICEF JMP (via World Bank API),2026-09-02
MRT,Mauritania,2011,sanitation_basic,34.3867695026877,WHO/UNICEF JMP (via World Bank API),2026-09-02
MRT,Mauritania,2010,sanitation_basic,32.634513910578,WHO/UNICEF JMP (via World Bank API),2026-09-02
MRT,Mauritania,2009,sanitation_basic,30.9205985186658,WHO/UNICEF JMP (via World Bank API),2026-09-02
MRT,Mauritania,2008,sanitation_basic,29.2444593327866,WHO/UNICEF JMP (via World Bank API),2026-09-02
MRT,Mauritania,2007,sanitation_basic,27.6037678904985,WHO/UNICEF JMP (via World Bank API),2026-09-02
MRT,Mauritania,2006,sanitation_basic,25.9997164897389,WHO/UNICEF JMP (via World Bank API),2026-09-02
MRT,Mauritania,2005,sanitation_basic,24.4309798679279,WHO/UNICEF JMP (via World Bank API),2026-09-02
MRT,Mauritania,2004,sanitation_basic,23.1372199810227,WHO/UNICEF JMP (via World Bank API),2026-09-02
MRT,Mauritania,2003,sanitation_basic,21.8519258918573,WHO/UNICEF JMP (via World Bank API),2026-09-02
MRT,Mauritania,2002,sanitation_basic,20.5759918023257,WHO/UNICEF JMP (via World Bank API),2026-09-02
MRT,Mauritania,2001,sanitation_basic,19.3093273656577,WHO/UNICEF JMP (via World Bank API),2026-09-02
MRT,Mauritania,2000,sanitation_basic,18.1529733941699,WHO/UNICEF JMP (via World Bank API),2026-09-02
MUS,Mauritius,2023,sanitation_basic,97.0904086099851,WHO/UNICEF JMP (via World Bank API),2026-09-02
MUS,Mauritius,2022,sanitation_basic,96.8074578506506,WHO/UNICEF JMP (via World Bank API),2026-09-02
MUS,Mauritius,2021,sanitation_basic,96.5249988240641,WHO/UNICEF JMP (via World Bank API),2026-09-02
MUS,Mauritius,2020,sanitation_basic,96.2430585209024,WHO/UNICEF JMP (via World Bank API),2026-09-02
MUS,Mauritius,2019,sanitation_basic,95.9523952887646,WHO/UNICEF JMP (via World Bank API),2026-09-02
MUS,Mauritius,2018,sanitation_basic,95.6610436549434,WHO/UNICEF JMP (via World Bank API),2026-09-02
MUS,Mauritius,2017,sanitation_basic,95.3704562123422,WHO/UNICEF JMP (via World Bank API),2026-09-02
MUS,Mauritius,2016,sanitation_basic,95.0806649213747,WHO/UNICEF JMP (via World Bank API),2026-09-02
MUS,Mauritius,2015,sanitation_basic,94.7917221671352,WHO/UNICEF JMP (via World Bank API),2026-09-02
MUS,Mauritius,2014,sanitation_basic,94.5036776997777,WHO/UNICEF JMP (via World Bank API),2026-09-02
MUS,Mauritius,2013,sanitation_basic,94.2160990172905,WHO/UNICEF JMP (via World Bank API),2026-09-02
MUS,Mauritius,2012,sanitation_basic,93.928957338752,WHO/UNICEF JMP (via World Bank API),2026-09-02
MUS,Mauritius,2011,sanitation_basic,93.6423302206656,WHO/UNICEF JMP (via World Bank API),2026-09-02
MUS,Mauritius,2010,sanitation_basic,93.356133421421,WHO/UNICEF JMP (via World Bank API),2026-09-02
MUS,Mauritius,2009,sanitation_basic,93.0703993955795,WHO/UNICEF JMP (via World Bank API),2026-09-02
MUS,Mauritius,2008,sanitation_basic,92.7851254425672,WHO/UNICEF JMP (via World Bank API),2026-09-02
MUS,Mauritius,2007,sanitation_basic,92.5003340946351,WHO/UNICEF JMP (via World Bank API),2026-09-02
MUS,Mauritius,2006,sanitation_basic,92.2159724037212,WHO/UNICEF JMP (via World Bank API),2026-09-02
MUS,Mauritius,2005,sanitation_basic,91.9320916263266,WHO/UNICEF JMP (via World Bank API),2026-09-02
MUS,Mauritius,2004,sanitation_basic,91.6486409323772,WHO/UNICEF JMP (via World Bank API),2026-09-02
MUS,Mauritius,2003,sanitation_basic,91.3656724156252,WHO/UNICEF JMP (via World Bank API),2026-09-02
MUS,Mauritius,2002,sanitation_basic,91.0831578826494,WHO/UNICEF JMP (via World Bank API),2026-09-02
MUS,Mauritius,2001,sanitation_basic,90.8010935078889,WHO/UNICEF JMP (via World Bank API),2026-09-02
MUS,Mauritius,2000,sanitation_basic,90.5194424395301,WHO/UNICEF JMP (via World Bank API),2026-09-02
MEX,Mexico,2023,sanitation_basic,92.9784568798496,WHO/UNICEF JMP (via World Bank API),2026-09-02
MEX,Mexico,2022,sanitation_basic,92.6614618116548,WHO/UNICEF JMP (via World Bank API),2026-09-02
MEX,Mexico,2021,sanitation_basic,92.1526440010022,WHO/UNICEF JMP (via World Bank API),2026-09-02
MEX,Mexico,2020,sanitation_basic,91.6152077254503,WHO/UNICEF JMP (via World Bank API),2026-09-02
MEX,Mexico,2019,sanitation_basic,91.0705197769802,WHO/UNICEF JMP (via World Bank API),2026-09-02
MEX,Mexico,2018,sanitation_basic,90.5185596102805,WHO/UNICEF JMP (via World Bank API),2026-09-02
MEX,Mexico,2017,sanitation_basic,89.9592224609298,WHO/UNICEF JMP (via World Bank API),2026-09-02
MEX,Mexico,2016,sanitation_basic,89.3924181439649,WHO/UNICEF JMP (via World Bank API),2026-09-02
MEX,Mexico,2015,sanitation_basic,88.8179258213353,WHO/UNICEF JMP (via World Bank API),2026-09-02
MEX,Mexico,2014,sanitation_basic,88.2358926764479,WHO/UNICEF JMP (via World Bank API),2026-09-02
MEX,Mexico,2013,sanitation_basic,87.6459487223264,WHO/UNICEF JMP (via World Bank API),2026-09-02
MEX,Mexico,2012,sanitation_basic,87.0483009641919,WHO/UNICEF JMP (via World Bank API),2026-09-02
MEX,Mexico,2011,sanitation_basic,86.4428801813735,WHO/UNICEF JMP (via World Bank API),2026-09-02
MEX,Mexico,2010,sanitation_basic,85.8292495991465,WHO/UNICEF JMP (via World Bank API),2026-09-02
MEX,Mexico,2009,sanitation_basic,85.2078679687607,WHO/UNICEF JMP (via World Bank API),2026-09-02
MEX,Mexico,2008,sanitation_basic,84.5778681369926,WHO/UNICEF JMP (via World Bank API),2026-09-02
MEX,Mexico,2007,sanitation_basic,83.9388749115264,WHO/UNICEF JMP (via World Bank API),2026-09-02
MEX,Mexico,2006,sanitation_basic,83.2911380511861,WHO/UNICEF JMP (via World Bank API),2026-09-02
MEX,Mexico,2005,sanitation_basic,82.634046861873,WHO/UNICEF JMP (via World Bank API),2026-09-02
MEX,Mexico,2004,sanitation_basic,81.9676485346638,WHO/UNICEF JMP (via World Bank API),2026-09-02
MEX,Mexico,2003,sanitation_basic,81.2915094361491,WHO/UNICEF JMP (via World Bank API),2026-09-02
MEX,Mexico,2002,sanitation_basic,80.6059707016954,WHO/UNICEF JMP (via World Bank API),2026-09-02
MEX,Mexico,2001,sanitation_basic,79.9105993233351,WHO/UNICEF JMP (via World Bank API),2026-09-02
MEX,Mexico,2000,sanitation_basic,79.2052351502487,WHO/UNICEF JMP (via World Bank API),2026-09-02
FSM,"Micronesia, Fed. Sts.",2020,sanitation_basic,90.4539007167041,WHO/UNICEF JMP (via World Bank API),2026-09-02
FSM,"Micronesia, Fed. Sts.",2019,sanitation_basic,90.4539007167041,WHO/UNICEF JMP (via World Bank API),2026-09-02
FSM,"Micronesia, Fed. Sts.",2018,sanitation_basic,90.4539007167041,WHO/UNICEF JMP (via World Bank API),2026-09-02
FSM,"Micronesia, Fed. Sts.",2017,sanitation_basic,90.4539007167041,WHO/UNICEF JMP (via World Bank API),2026-09-02
FSM,"Micronesia, Fed. Sts.",2016,sanitation_basic,90.4539007167041,WHO/UNICEF JMP (via World Bank API),2026-09-02
FSM,"Micronesia, Fed. Sts.",2015,sanitation_basic,86.3660587810373,WHO/UNICEF JMP (via World Bank API),2026-09-02
FSM,"Micronesia, Fed. Sts.",2014,sanitation_basic,82.2782168453705,WHO/UNICEF JMP (via World Bank API),2026-09-02
FSM,"Micronesia, Fed. Sts.",2013,sanitation_basic,78.1903749097037,WHO/UNICEF JMP (via World Bank API),2026-09-02
FSM,"Micronesia, Fed. Sts.",2012,sanitation_basic,74.1025329740369,WHO/UNICEF JMP (via World Bank API),2026-09-02
FSM,"Micronesia, Fed. Sts.",2011,sanitation_basic,70.0146910383701,WHO/UNICEF JMP (via World Bank API),2026-09-02
FSM,"Micronesia, Fed. Sts.",2010,sanitation_basic,65.9268491027033,WHO/UNICEF JMP (via World Bank API),2026-09-02
FSM,"Micronesia, Fed. Sts.",2009,sanitation_basic,61.8390071670365,WHO/UNICEF JMP (via World Bank API),2026-09-02
FSM,"Micronesia, Fed. Sts.",2008,sanitation_basic,57.7511652313697,WHO/UNICEF JMP (via World Bank API),2026-09-02
FSM,"Micronesia, Fed. Sts.",2007,sanitation_basic,53.6633232957029,WHO/UNICEF JMP (via World Bank API),2026-09-02
FSM,"Micronesia, Fed. Sts.",2006,sanitation_basic,49.5754813600361,WHO/UNICEF JMP (via World Bank API),2026-09-02
FSM,"Micronesia, Fed. Sts.",2005,sanitation_basic,45.4876394243693,WHO/UNICEF JMP (via World Bank API),2026-09-02
FSM,"Micronesia, Fed. Sts.",2004,sanitation_basic,41.3997974887025,WHO/UNICEF JMP (via World Bank API),2026-09-02
FSM,"Micronesia, Fed. Sts.",2003,sanitation_basic,37.3119555530347,WHO/UNICEF JMP (via World Bank API),2026-09-02
FSM,"Micronesia, Fed. Sts.",2002,sanitation_basic,33.2241136173679,WHO/UNICEF JMP (via World Bank API),2026-09-02
FSM,"Micronesia, Fed. Sts.",2001,sanitation_basic,29.1362716817011,WHO/UNICEF JMP (via World Bank API),2026-09-02
FSM,"Micronesia, Fed. Sts.",2000,sanitation_basic,25.0484297460343,WHO/UNICEF JMP (via World Bank API),2026-09-02
MDA,Moldova,2023,sanitation_basic,86.3094330336137,WHO/UNICEF JMP (via World Bank API),2026-09-02
MDA,Moldova,2022,sanitation_basic,85.734993748898,WHO/UNICEF JMP (via World Bank API),2026-09-02
MDA,Moldova,2021,sanitation_basic,85.1600042772456,WHO/UNICEF JMP (via World Bank API),2026-09-02
MDA,Moldova,2020,sanitation_basic,84.4032169070888,WHO/UNICEF JMP (via World Bank API),2026-09-02
MDA,Moldova,2019,sanitation_basic,83.6501429350345,WHO/UNICEF JMP (via World Bank API),2026-09-02
MDA,Moldova,2018,sanitation_basic,82.9015800000824,WHO/UNICEF JMP (via World Bank API),2026-09-02
MDA,Moldova,2017,sanitation_basic,82.1581768544632,WHO/UNICEF JMP (via World Bank API),2026-09-02
MDA,Moldova,2016,sanitation_basic,81.420818324275,WHO/UNICEF JMP (via World Bank API),2026-09-02
MDA,Moldova,2015,sanitation_basic,80.6901033429329,WHO/UNICEF JMP (via World Bank API),2026-09-02
MDA,Moldova,2014,sanitation_basic,79.9670878839298,WHO/UNICEF JMP (via World Bank API),2026-09-02
MDA,Moldova,2013,sanitation_basic,79.2521957133911,WHO/UNICEF JMP (via World Bank API),2026-09-02
MDA,Moldova,2012,sanitation_basic,78.5416235324603,WHO/UNICEF JMP (via World Bank API),2026-09-02
MDA,Moldova,2011,sanitation_basic,77.835369795755,WHO/UNICEF JMP (via World Bank API),2026-09-02
MDA,Moldova,2010,sanitation_basic,77.1334278567767,WHO/UNICEF JMP (via World Bank API),2026-09-02
MDA,Moldova,2009,sanitation_basic,76.4357878576591,WHO/UNICEF JMP (via World Bank API),2026-09-02
MDA,Moldova,2008,sanitation_basic,75.742452878246,WHO/UNICEF JMP (via World Bank API),2026-09-02
MDA,Moldova,2007,sanitation_basic,75.053404668561,WHO/UNICEF JMP (via World Bank API),2026-09-02
MDA,Moldova,2006,sanitation_basic,74.3686465028657,WHO/UNICEF JMP (via World Bank API),2026-09-02
MDA,Moldova,2005,sanitation_basic,73.6881674871304,WHO/UNICEF JMP (via World Bank API),2026-09-02
MDA,Moldova,2004,sanitation_basic,73.0585042277255,WHO/UNICEF JMP (via World Bank API),2026-09-02
MDA,Moldova,2003,sanitation_basic,72.4845086683778,WHO/UNICEF JMP (via World Bank API),2026-09-02
MDA,Moldova,2002,sanitation_basic,72.0679189727621,WHO/UNICEF JMP (via World Bank API),2026-09-02
MDA,Moldova,2001,sanitation_basic,71.6566360139353,WHO/UNICEF JMP (via World Bank API),2026-09-02
MDA,Moldova,2000,sanitation_basic,71.2506597546078,WHO/UNICEF JMP (via World Bank API),2026-09-02
MCO,Monaco,2023,sanitation_basic,100.0,WHO/UNICEF JMP (via World Bank API),2026-09-02
MCO,Monaco,2022,sanitation_basic,100.0,WHO/UNICEF JMP (via World Bank API),2026-09-02
MCO,Monaco,2021,sanitation_basic,100.0,WHO/UNICEF JMP (via World Bank API),2026-09-02
MCO,Monaco,2020,sanitation_basic,100.0,WHO/UNICEF JMP (via World Bank API),2026-09-02
MCO,Monaco,2019,sanitation_basic,100.0,WHO/UNICEF JMP (via World Bank API),2026-09-02
MCO,Monaco,2018,sanitation_basic,100.0,WHO/UNICEF JMP (via World Bank API),2026-09-02
MCO,Monaco,2017,sanitation_basic,100.0,WHO/UNICEF JMP (via World Bank API),2026-09-02
MCO,Monaco,2016,sanitation_basic,100.0,WHO/UNICEF JMP (via World Bank API),2026-09-02
MCO,Monaco,2015,sanitation_basic,100.0,WHO/UNICEF JMP (via World Bank API),2026-09-02
MCO,Monaco,2014,sanitation_basic,100.0,WHO/UNICEF JMP (via World Bank API),2026-09-02
MCO,Monaco,2013,sanitation_basic,100.0,WHO/UNICEF JMP (via World Bank API),2026-09-02
MCO,Monaco,2012,sanitation_basic,100.0,WHO/UNICEF JMP (via World Bank API),2026-09-02
MCO,Monaco,2011,sanitation_basic,100.0,WHO/UNICEF JMP (via World Bank API),2026-09-02
MCO,Monaco,2010,sanitation_basic,100.0,WHO/UNICEF JMP (via World Bank API),2026-09-02
MCO,Monaco,2009,sanitation_basic,100.0,WHO/UNICEF JMP (via World Bank API),2026-09-02
MCO,Monaco,2008,sanitation_basic,100.0,WHO/UNICEF JMP (via World Bank API),2026-09-02
MCO,Monaco,2007,sanitation_basic,100.0,WHO/UNICEF JMP (via World Bank API),2026-09-02
MCO,Monaco,2006,sanitation_basic,100.0,WHO/UNICEF JMP (via World Bank API),2026-09-02
MCO,Monaco,2005,sanitation_basic,100.0,WHO/UNICEF JMP (via World Bank API),2026-09-02
MCO,Monaco,2004,sanitation_basic,100.0,WHO/UNICEF JMP (via World Bank API),2026-09-02
MCO,Monaco,2003,sanitation_basic,100.0,WHO/UNICEF JMP (via World Bank API),2026-09-02
MCO,Monaco,2002,sanitation_basic,100.0,WHO/UNICEF JMP (via World Bank API),2026-09-02
MCO,Monaco,2001,sanitation_basic,100.0,WHO/UNICEF JMP (via World Bank API),2026-09-02
MCO,Monaco,2000,sanitation_basic,100.0,WHO/UNICEF JMP (via World Bank API),2026-09-02
MNG,Mongolia,2023,sanitation_basic,72.8851663037703,WHO/UNICEF JMP (via World Bank API),2026-09-02
MNG,Mongolia,2022,sanitation_basic,71.5023556683645,WHO/UNICEF JMP (via World Bank API),2026-09-02
MNG,Mongolia,2021,sanitation_basic,70.1321116661664,WHO/UNICEF JMP (via World Bank API),2026-09-02
MNG,Mongolia,2020,sanitation_basic,68.7755717433728,WHO/UNICEF JMP (via World Bank API),2026-09-02
MNG,Mongolia,2019,sanitation_basic,67.4319599015551,WHO/UNICEF JMP (via World Bank API),2026-09-02
MNG,Mongolia,2018,sanitation_basic,66.102065585159,WHO/UNICEF JMP (via World Bank API),2026-09-02
MNG,Mongolia,2017,sanitation_basic,64.7860401773072,WHO/UNICEF JMP (via World Bank API),2026-09-02
MNG,Mongolia,2016,sanitation_basic,63.4840050160805,WHO/UNICEF JMP (via World Bank API),2026-09-02
MNG,Mongolia,2015,sanitation_basic,62.1905023037508,WHO/UNICEF JMP (via World Bank API),2026-09-02
MNG,Mongolia,2014,sanitation_basic,60.9059101713151,WHO/UNICEF JMP (via World Bank API),2026-09-02
MNG,Mongolia,2013,sanitation_basic,59.6305788541198,WHO/UNICEF JMP (via World Bank API),2026-09-02
MNG,Mongolia,2012,sanitation_basic,58.3638961437545,WHO/UNICEF JMP (via World Bank API),2026-09-02
MNG,Mongolia,2011,sanitation_basic,57.1062265256697,WHO/UNICEF JMP (via World Bank API),2026-09-02
MNG,Mongolia,2010,sanitation_basic,55.748796660386,WHO/UNICEF JMP (via World Bank API),2026-09-02
MNG,Mongolia,2009,sanitation_basic,54.2047237331896,WHO/UNICEF JMP (via World Bank API),2026-09-02
MNG,Mongolia,2008,sanitation_basic,52.6658164646959,WHO/UNICEF JMP (via World Bank API),2026-09-02
MNG,Mongolia,2007,sanitation_basic,51.1306318210775,WHO/UNICEF JMP (via World Bank API),2026-09-02
MNG,Mongolia,2006,sanitation_basic,49.6017260697185,WHO/UNICEF JMP (via World Bank API),2026-09-02
MNG,Mongolia,2005,sanitation_basic,48.0796741751259,WHO/UNICEF JMP (via World Bank API),2026-09-02
MNG,Mongolia,2004,sanitation_basic,46.565730094516,WHO/UNICEF JMP (via World Bank API),2026-09-02
MNG,Mongolia,2003,sanitation_basic,45.0591791576731,WHO/UNICEF JMP (via World Bank API),2026-09-02
MNG,Mongolia,2002,sanitation_basic,44.4988380043393,WHO/UNICEF JMP (via World Bank API),2026-09-02
MNG,Mongolia,2001,sanitation_basic,43.9293436353835,WHO/UNICEF JMP (via World Bank API),2026-09-02
MNG,Mongolia,2000,sanitation_basic,43.3509577005442,WHO/UNICEF JMP (via World Bank API),2026-09-02
MNE,Montenegro,2023,sanitation_basic,97.8297883395881,WHO/UNICEF JMP (via World Bank API),2026-09-02
MNE,Montenegro,2022,sanitation_basic,97.8104504105016,WHO/UNICEF JMP (via World Bank API),2026-09-02
MNE,Montenegro,2021,sanitation_basic,97.7911092113251,WHO/UNICEF JMP (via World Bank API),2026-09-02
MNE,Montenegro,2020,sanitation_basic,97.771772470462,WHO/UNICEF JMP (via World Bank API),2026-09-02
MNE,Montenegro,2019,sanitation_basic,97.5022963479866,WHO/UNICEF JMP (via World Bank API),2026-09-02
MNE,Montenegro,2018,sanitation_basic,97.2142443586762,WHO/UNICEF JMP (via World Bank API),2026-09-02
MNE,Montenegro,2017,sanitation_basic,96.6569962707111,WHO/UNICEF JMP (via World Bank API),2026-09-02
MNE,Montenegro,2016,sanitation_basic,96.0990784093621,WHO/UNICEF JMP (via World Bank API),2026-09-02
MNE,Montenegro,2015,sanitation_basic,95.5434213816421,WHO/UNICEF JMP (via World Bank API),2026-09-02
MNE,Montenegro,2014,sanitation_basic,94.9899616180891,WHO/UNICEF JMP (via World Bank API),2026-09-02
MNE,Montenegro,2013,sanitation_basic,94.438754002914,WHO/UNICEF JMP (via World Bank API),2026-09-02
MNE,Montenegro,2012,sanitation_basic,93.8897863076242,WHO/UNICEF JMP (via World Bank API),2026-09-02
MNE,Montenegro,2011,sanitation_basic,93.3430526184903,WHO/UNICEF JMP (via World Bank API),2026-09-02
MNE,Montenegro,2010,sanitation_basic,92.7984934115956,WHO/UNICEF JMP (via World Bank API),2026-09-02
MNE,Montenegro,2009,sanitation_basic,92.2561094620688,WHO/UNICEF JMP (via World Bank API),2026-09-02
MNE,Montenegro,2008,sanitation_basic,91.7158378297671,WHO/UNICEF JMP (via World Bank API),2026-09-02
MNE,Montenegro,2007,sanitation_basic,91.1775903884606,WHO/UNICEF JMP (via World Bank API),2026-09-02
MNE,Montenegro,2006,sanitation_basic,90.6415121374975,WHO/UNICEF JMP (via World Bank API),2026-09-02
MAR,Morocco,2023,sanitation_basic,87.6475617548846,WHO/UNICEF JMP (via World Bank API),2026-09-02
MAR,Morocco,2022,sanitation_basic,87.5163508881869,WHO/UNICEF JMP (via World Bank API),2026-09-02
MAR,Morocco,2021,sanitation_basic,87.3836441048483,WHO/UNICEF JMP (via World Bank API),2026-09-02
MAR,Morocco,2020,sanitation_basic,87.2504334400562,WHO/UNICEF JMP (via World Bank API),2026-09-02
MAR,Morocco,2019,sanitation_basic,86.3282321764417,WHO/UNICEF JMP (via World Bank API),2026-09-02
MAR,Morocco,2018,sanitation_basic,85.4034661501233,WHO/UNICEF JMP (via World Bank API),2026-09-02
MAR,Morocco,2017,sanitation_basic,84.4759106100825,WHO/UNICEF JMP (via World Bank API),2026-09-02
MAR,Morocco,2016,sanitation_basic,83.5458723077839,WHO/UNICEF JMP (via World Bank API),2026-09-02
MAR,Morocco,2015,sanitation_basic,82.6133857695212,WHO/UNICEF JMP (via World Bank API),2026-09-02
MAR,Morocco,2014,sanitation_basic,81.6787833331369,WHO/UNICEF JMP (via World Bank API),2026-09-02
MAR,Morocco,2013,sanitation_basic,80.7418405934609,WHO/UNICEF JMP (via World Bank API),2026-09-02
MAR,Morocco,2012,sanitation_basic,79.8028926607457,WHO/UNICEF JMP (via World Bank API),2026-09-02
MAR,Morocco,2011,sanitation_basic,78.8617098179303,WHO/UNICEF JMP (via World Bank API),2026-09-02
MAR,Morocco,2010,sanitation_basic,77.9186321842885,WHO/UNICEF JMP (via World Bank API),2026-09-02
MAR,Morocco,2009,sanitation_basic,76.9734340408013,WHO/UNICEF JMP (via World Bank API),2026-09-02
MAR,Morocco,2008,sanitation_basic,76.0270465893793,WHO/UNICEF JMP (via World Bank API),2026-09-02
MAR,Morocco,2007,sanitation_basic,75.07865785853,WHO/UNICEF JMP (via World Bank API),2026-09-02
MAR,Morocco,2006,sanitation_basic,74.1286277364386,WHO/UNICEF JMP (via World Bank API),2026-09-02
MAR,Morocco,2005,sanitation_basic,73.1773231573067,WHO/UNICEF JMP (via World Bank API),2026-09-02
MAR,Morocco,2004,sanitation_basic,72.2380118322512,WHO/UNICEF JMP (via World Bank API),2026-09-02
MAR,Morocco,2003,sanitation_basic,71.3611031579094,WHO/UNICEF JMP (via World Bank API),2026-09-02
MAR,Morocco,2002,sanitation_basic,70.1959471768186,WHO/UNICEF JMP (via World Bank API),2026-09-02
MAR,Morocco,2001,sanitation_basic,68.9979286734151,WHO/UNICEF JMP (via World Bank API),2026-09-02
MAR,Morocco,2000,sanitation_basic,68.2172980422046,WHO/UNICEF JMP (via World Bank API),2026-09-02
MOZ,Mozambique,2023,sanitation_basic,37.257486002339,WHO/UNICEF JMP (via World Bank API),2026-09-02
MOZ,Mozambique,2022,sanitation_basic,35.9385123672753,WHO/UNICEF JMP (via World Bank API),2026-09-02
MOZ,Mozambique,2021,sanitation_basic,34.6331153020155,WHO/UNICEF JMP (via World Bank API),2026-09-02
MOZ,Mozambique,2020,sanitation_basic,33.3404532645595,WHO/UNICEF JMP (via World Bank API),2026-09-02
MOZ,Mozambique,2019,sanitation_basic,32.0616645064997,WHO/UNICEF JMP (via World Bank API),2026-09-02
MOZ,Mozambique,2018,sanitation_basic,30.7959176592195,WHO/UNICEF JMP (via World Bank API),2026-09-02
MOZ,Mozambique,2017,sanitation_basic,29.5435460585168,WHO/UNICEF JMP (via World Bank API),2026-09-02
MOZ,Mozambique,2016,sanitation_basic,28.3033808340067,WHO/UNICEF JMP (via World Bank API),2026-09-02
MOZ,Mozambique,2015,sanitation_basic,27.0750381576231,WHO/UNICEF JMP (via World Bank API),2026-09-02
MOZ,Mozambique,2014,sanitation_basic,25.8588794084376,WHO/UNICEF JMP (via World Bank API),2026-09-02
MOZ,Mozambique,2013,sanitation_basic,24.6548929254595,WHO/UNICEF JMP (via World Bank API),2026-09-02
MOZ,Mozambique,2012,sanitation_basic,23.4630594441157,WHO/UNICEF JMP (via World Bank API),2026-09-02
MOZ,Mozambique,2011,sanitation_basic,22.2833615319123,WHO/UNICEF JMP (via World Bank API),2026-09-02
MOZ,Mozambique,2010,sanitation_basic,21.1157832994067,WHO/UNICEF JMP (via World Bank API),2026-09-02
MOZ,Mozambique,2009,sanitation_basic,19.9603052560203,WHO/UNICEF JMP (via World Bank API),2026-09-02
MOZ,Mozambique,2008,sanitation_basic,18.8175728896395,WHO/UNICEF JMP (via World Bank API),2026-09-02
MOZ,Mozambique,2007,sanitation_basic,17.6947339130943,WHO/UNICEF JMP (via World Bank API),2026-09-02
MOZ,Mozambique,2006,sanitation_basic,16.6744657730016,WHO/UNICEF JMP (via World Bank API),2026-09-02
MOZ,Mozambique,2005,sanitation_basic,15.661495607588,WHO/UNICEF JMP (via World Bank API),2026-09-02
MOZ,Mozambique,2004,sanitation_basic,14.656791437849,WHO/UNICEF JMP (via World Bank API),2026-09-02
MOZ,Mozambique,2003,sanitation_basic,13.6597206754492,WHO/UNICEF JMP (via World Bank API),2026-09-02
MOZ,Mozambique,2002,sanitation_basic,12.6706023887281,WHO/UNICEF JMP (via World Bank API),2026-09-02
MOZ,Mozambique,2001,sanitation_basic,11.6891382934177,WHO/UNICEF JMP (via World Bank API),2026-09-02
MOZ,Mozambique,2000,sanitation_basic,10.7368086528161,WHO/UNICEF JMP (via World Bank API),2026-09-02
MMR,Myanmar,2023,sanitation_basic,74.156188318795,WHO/UNICEF JMP (via World Bank API),2026-09-02
MMR,Myanmar,2022,sanitation_basic,74.1301579655436,WHO/UNICEF JMP (via World Bank API),2026-09-02
MMR,Myanmar,2021,sanitation_basic,74.1054938787639,WHO/UNICEF JMP (via World Bank API),2026-09-02
MMR,Myanmar,2020,sanitation_basic,73.6368737740023,WHO/UNICEF JMP (via World Bank API),2026-09-02
MMR,Myanmar,2019,sanitation_basic,73.1653173340109,WHO/UNICEF JMP (via World Bank API),2026-09-02
MMR,Myanmar,2018,sanitation_basic,72.6910446469858,WHO/UNICEF JMP (via World Bank API),2026-09-02
MMR,Myanmar,2017,sanitation_basic,72.2144198606081,WHO/UNICEF JMP (via World Bank API),2026-09-02
MMR,Myanmar,2016,sanitation_basic,71.7359380963987,WHO/UNICEF JMP (via World Bank API),2026-09-02
MMR,Myanmar,2015,sanitation_basic,71.2558705695299,WHO/UNICEF JMP (via World Bank API),2026-09-02
MMR,Myanmar,2014,sanitation_basic,70.7745876052099,WHO/UNICEF JMP (via World Bank API),2026-09-02
MMR,Myanmar,2013,sanitation_basic,70.2923141744914,WHO/UNICEF JMP (via World Bank API),2026-09-02
MMR,Myanmar,2012,sanitation_basic,69.8075314320921,WHO/UNICEF JMP (via World Bank API),2026-09-02
MMR,Myanmar,2011,sanitation_basic,69.3199771322654,WHO/UNICEF JMP (via World Bank API),2026-09-02
MMR,Myanmar,2010,sanitation_basic,68.829818100566,WHO/UNICEF JMP (via World Bank API),2026-09-02
MMR,Myanmar,2009,sanitation_basic,68.3369194463673,WHO/UNICEF JMP (via World Bank API),2026-09-02
MMR,Myanmar,2008,sanitation_basic,67.8416392315072,WHO/UNICEF JMP (via World Bank API),2026-09-02
MMR,Myanmar,2007,sanitation_basic,67.3001769970488,WHO/UNICEF JMP (via World Bank API),2026-09-02
MMR,Myanmar,2006,sanitation_basic,66.756940787588,WHO/UNICEF JMP (via World Bank API),2026-09-02
MMR,Myanmar,2005,sanitation_basic,66.2119516928638,WHO/UNICEF JMP (via World Bank API),2026-09-02
MMR,Myanmar,2004,sanitation_basic,65.6650229848345,WHO/UNICEF JMP (via World Bank API),2026-09-02
MMR,Myanmar,2003,sanitation_basic,65.1163596898644,WHO/UNICEF JMP (via World Bank API),2026-09-02
MMR,Myanmar,2002,sanitation_basic,64.5659679367751,WHO/UNICEF JMP (via World Bank API),2026-09-02
MMR,Myanmar,2001,sanitation_basic,64.0138771425064,WHO/UNICEF JMP (via World Bank API),2026-09-02
MMR,Myanmar,2000,sanitation_basic,63.4598787059053,WHO/UNICEF JMP (via World Bank API),2026-09-02
NAM,Namibia,2023,sanitation_basic,38.4005446833098,WHO/UNICEF JMP (via World Bank API),2026-09-02
NAM,Namibia,2022,sanitation_basic,38.0587226800855,WHO/UNICEF JMP (via World Bank API),2026-09-02
NAM,Namibia,2021,sanitation_basic,37.6969593429633,WHO/UNICEF JMP (via World Bank API),2026-09-02
NAM,Namibia,2020,sanitation_basic,37.3147816708838,WHO/UNICEF JMP (via World Bank API),2026-09-02
NAM,Namibia,2019,sanitation_basic,36.9123066913261,WHO/UNICEF JMP (via World Bank API),2026-09-02
NAM,Namibia,2018,sanitation_basic,36.4891060185928,WHO/UNICEF JMP (via World Bank API),2026-09-02
NAM,Namibia,2017,sanitation_basic,36.0971096744774,WHO/UNICEF JMP (via World Bank API),2026-09-02
NAM,Namibia,2016,sanitation_basic,35.68218646148,WHO/UNICEF JMP (via World Bank API),2026-09-02
NAM,Namibia,2015,sanitation_basic,35.243867972916,WHO/UNICEF JMP (via World Bank API),2026-09-02
NAM,Namibia,2014,sanitation_basic,34.7830478360411,WHO/UNICEF JMP (via World Bank API),2026-09-02
NAM,Namibia,2013,sanitation_basic,34.3053246503093,WHO/UNICEF JMP (via World Bank API),2026-09-02
NAM,Namibia,2012,sanitation_basic,33.8118744896686,WHO/UNICEF JMP (via World Bank API),2026-09-02
NAM,Namibia,2011,sanitation_basic,33.3028894118118,WHO/UNICEF JMP (via World Bank API),2026-09-02
NAM,Namibia,2010,sanitation_basic,32.7891161090276,WHO/UNICEF JMP (via World Bank API),2026-09-02
NAM,Namibia,2009,sanitation_basic,32.2603036353343,WHO/UNICEF JMP (via World Bank API),2026-09-02
NAM,Namibia,2008,sanitation_basic,31.7185868742759,WHO/UNICEF JMP (via World Bank API),2026-09-02
NAM,Namibia,2007,sanitation_basic,31.1618359120794,WHO/UNICEF JMP (via World Bank API),2026-09-02
NAM,Namibia,2006,sanitation_basic,30.5926680157068,WHO/UNICEF JMP (via World Bank API),2026-09-02
NAM,Namibia,2005,sanitation_basic,30.0109518702615,WHO/UNICEF JMP (via World Bank API),2026-09-02
NAM,Namibia,2004,sanitation_basic,29.4178256763319,WHO/UNICEF JMP (via World Bank API),2026-09-02
NAM,Namibia,2003,sanitation_basic,28.8122875122617,WHO/UNICEF JMP (via World Bank API),2026-09-02
NAM,Namibia,2002,sanitation_basic,28.1968311809375,WHO/UNICEF JMP (via World Bank API),2026-09-02
NAM,Namibia,2001,sanitation_basic,27.5998396163148,WHO/UNICEF JMP (via World Bank API),2026-09-02
NAM,Namibia,2000,sanitation_basic,27.1488440827973,WHO/UNICEF JMP (via World Bank API),2026-09-02
NRU,Naoero,2023,sanitation_basic,70.9709291863493,WHO/UNICEF JMP (via World Bank API),2026-09-02
NRU,Naoero,2022,sanitation_basic,70.6207080919845,WHO/UNICEF JMP (via World Bank API),2026-09-02
NRU,Naoero,2021,sanitation_basic,70.2704718524126,WHO/UNICEF JMP (via World Bank API),2026-09-02
NRU,Naoero,2020,sanitation_basic,69.9202204676336,WHO/UNICEF JMP (via World Bank API),2026-09-02
NRU,Naoero,2019,sanitation_basic,69.5699539376476,WHO/UNICEF JMP (via World Bank API),2026-09-02
NRU,Naoero,2018,sanitation_basic,69.2196722624544,WHO/UNICEF JMP (via World Bank API),2026-09-02
NRU,Naoero,2017,sanitation_basic,68.8693754420541,WHO/UNICEF JMP (via World Bank API),2026-09-02
NRU,Naoero,2016,sanitation_basic,68.5190634764467,WHO/UNICEF JMP (via World Bank API),2026-09-02
NRU,Naoero,2015,sanitation_basic,68.1687363656322,WHO/UNICEF JMP (via World Bank API),2026-09-02
NRU,Naoero,2014,sanitation_basic,67.8183941096107,WHO/UNICEF JMP (via World Bank API),2026-09-02
NRU,Naoero,2013,sanitation_basic,67.4680367083819,WHO/UNICEF JMP (via World Bank API),2026-09-02
NRU,Naoero,2012,sanitation_basic,67.1176641619461,WHO/UNICEF JMP (via World Bank API),2026-09-02
NRU,Naoero,2011,sanitation_basic,66.7672764703033,WHO/UNICEF JMP (via World Bank API),2026-09-02
NRU,Naoero,2010,sanitation_basic,66.4168736334532,WHO/UNICEF JMP (via World Bank API),2026-09-02
NRU,Naoero,2009,sanitation_basic,66.0664556513962,WHO/UNICEF JMP (via World Bank API),2026-09-02
NRU,Naoero,2008,sanitation_basic,65.7160225241319,WHO/UNICEF JMP (via World Bank API),2026-09-02
NRU,Naoero,2007,sanitation_basic,65.3655742516606,WHO/UNICEF JMP (via World Bank API),2026-09-02
NRU,Naoero,2006,sanitation_basic,65.0151108339822,WHO/UNICEF JMP (via World Bank API),2026-09-02
NRU,Naoero,2005,sanitation_basic,64.6646322710967,WHO/UNICEF JMP (via World Bank API),2026-09-02
NRU,Naoero,2004,sanitation_basic,64.6660238896866,WHO/UNICEF JMP (via World Bank API),2026-09-02
NRU,Naoero,2003,sanitation_basic,64.6674155082765,WHO/UNICEF JMP (via World Bank API),2026-09-02
NRU,Naoero,2002,sanitation_basic,64.6688071268665,WHO/UNICEF JMP (via World Bank API),2026-09-02
NRU,Naoero,2001,sanitation_basic,64.6701987454564,WHO/UNICEF JMP (via World Bank API),2026-09-02
NRU,Naoero,2000,sanitation_basic,64.6715903640463,WHO/UNICEF JMP (via World Bank API),2026-09-02
NPL,Nepal,2023,sanitation_basic,82.5877911140468,WHO/UNICEF JMP (via World Bank API),2026-09-02
NPL,Nepal,2022,sanitation_basic,79.1866571655946,WHO/UNICEF JMP (via World Bank API),2026-09-02
NPL,Nepal,2021,sanitation_basic,75.8233419830013,WHO/UNICEF JMP (via World Bank API),2026-09-02
NPL,Nepal,2020,sanitation_basic,72.4985122908231,WHO/UNICEF JMP (via World Bank API),2026-09-02
NPL,Nepal,2019,sanitation_basic,69.2128409973963,WHO/UNICEF JMP (via World Bank API),2026-09-02
NPL,Nepal,2018,sanitation_basic,65.966994107957,WHO/UNICEF JMP (via World Bank API),2026-09-02
NPL,Nepal,2017,sanitation_basic,62.7615781748289,WHO/UNICEF JMP (via World Bank API),2026-09-02
NPL,Nepal,2016,sanitation_basic,59.5972467919298,WHO/UNICEF JMP (via World Bank API),2026-09-02
NPL,Nepal,2015,sanitation_basic,56.4745599225782,WHO/UNICEF JMP (via World Bank API),2026-09-02
NPL,Nepal,2014,sanitation_basic,53.394175397633,WHO/UNICEF JMP (via World Bank API),2026-09-02
NPL,Nepal,2013,sanitation_basic,50.3565022636622,WHO/UNICEF JMP (via World Bank API),2026-09-02
NPL,Nepal,2012,sanitation_basic,47.3622706946734,WHO/UNICEF JMP (via World Bank API),2026-09-02
NPL,Nepal,2011,sanitation_basic,44.4117125540755,WHO/UNICEF JMP (via World Bank API),2026-09-02
NPL,Nepal,2010,sanitation_basic,41.5056568805896,WHO/UNICEF JMP (via World Bank API),2026-09-02
NPL,Nepal,2009,sanitation_basic,38.6441196454107,WHO/UNICEF JMP (via World Bank API),2026-09-02
NPL,Nepal,2008,sanitation_basic,35.8273714281674,WHO/UNICEF JMP (via World Bank API),2026-09-02
NPL,Nepal,2007,sanitation_basic,33.0557887006794,WHO/UNICEF JMP (via World Bank API),2026-09-02
NPL,Nepal,2006,sanitation_basic,30.3297393254008,WHO/UNICEF JMP (via World Bank API),2026-09-02
NPL,Nepal,2005,sanitation_basic,27.6497562651801,WHO/UNICEF JMP (via World Bank API),2026-09-02
NPL,Nepal,2004,sanitation_basic,25.0160431336895,WHO/UNICEF JMP (via World Bank API),2026-09-02
NPL,Nepal,2003,sanitation_basic,22.4289482098159,WHO/UNICEF JMP (via World Bank API),2026-09-02
NPL,Nepal,2002,sanitation_basic,19.8888097263775,WHO/UNICEF JMP (via World Bank API),2026-09-02
NPL,Nepal,2001,sanitation_basic,17.3959627043357,WHO/UNICEF JMP (via World Bank API),2026-09-02
NPL,Nepal,2000,sanitation_basic,14.8948751074731,WHO/UNICEF JMP (via World Bank API),2026-09-02
NLD,Netherlands,2023,sanitation_basic,97.6632296431228,WHO/UNICEF JMP (via World Bank API),2026-09-02
NLD,Netherlands,2022,sanitation_basic,97.6702396117146,WHO/UNICEF JMP (via World Bank API),2026-09-02
NLD,Netherlands,2021,sanitation_basic,97.6777500278997,WHO/UNICEF JMP (via World Bank API),2026-09-02
NLD,Netherlands,2020,sanitation_basic,97.6857903463505,WHO/UNICEF JMP (via World Bank API),2026-09-02
NLD,Netherlands,2019,sanitation_basic,97.6944050882075,WHO/UNICEF JMP (via World Bank API),2026-09-02
NLD,Netherlands,2018,sanitation_basic,97.7036451274894,WHO/UNICEF JMP (via World Bank API),2026-09-02
NLD,Netherlands,2017,sanitation_basic,97.7135252353783,WHO/UNICEF JMP (via World Bank API),2026-09-02
NLD,Netherlands,2016,sanitation_basic,97.7241321475967,WHO/UNICEF JMP (via World Bank API),2026-09-02
NLD,Netherlands,2015,sanitation_basic,97.7352192649865,WHO/UNICEF JMP (via World Bank API),2026-09-02
NLD,Netherlands,2014,sanitation_basic,97.7468177052972,WHO/UNICEF JMP (via World Bank API),2026-09-02
NLD,Netherlands,2013,sanitation_basic,97.7588931118417,WHO/UNICEF JMP (via World Bank API),2026-09-02
NLD,Netherlands,2012,sanitation_basic,97.7732705537269,WHO/UNICEF JMP (via World Bank API),2026-09-02
NLD,Netherlands,2011,sanitation_basic,97.7902878211501,WHO/UNICEF JMP (via World Bank API),2026-09-02
NLD,Netherlands,2010,sanitation_basic,97.808168937922,WHO/UNICEF JMP (via World Bank API),2026-09-02
NLD,Netherlands,2009,sanitation_basic,97.8284751819117,WHO/UNICEF JMP (via World Bank API),2026-09-02
NLD,Netherlands,2008,sanitation_basic,97.8497502030324,WHO/UNICEF JMP (via World Bank API),2026-09-02
NLD,Netherlands,2007,sanitation_basic,97.8704752768738,WHO/UNICEF JMP (via World Bank API),2026-09-02
NLD,Netherlands,2006,sanitation_basic,97.8921645573829,WHO/UNICEF JMP (via World Bank API),2026-09-02
NLD,Netherlands,2005,sanitation_basic,97.9163269623659,WHO/UNICEF JMP (via World Bank API),2026-09-02
NLD,Netherlands,2004,sanitation_basic,97.9431344903827,WHO/UNICEF JMP (via World Bank API),2026-09-02
NLD,Netherlands,2003,sanitation_basic,97.971318587799,WHO/UNICEF JMP (via World Bank API),2026-09-02
NLD,Netherlands,2002,sanitation_basic,98.0008258449046,WHO/UNICEF JMP (via World Bank API),2026-09-02
NLD,Netherlands,2001,sanitation_basic,98.0316592994205,WHO/UNICEF JMP (via World Bank API),2026-09-02
NLD,Netherlands,2000,sanitation_basic,98.056483719237,WHO/UNICEF JMP (via World Bank API),2026-09-02
NCL,New Caledonia,2023,sanitation_basic,100.0,WHO/UNICEF JMP (via World Bank API),2026-09-02
NCL,New Caledonia,2022,sanitation_basic,100.0,WHO/UNICEF JMP (via World Bank API),2026-09-02
NCL,New Caledonia,2021,sanitation_basic,100.0,WHO/UNICEF JMP (via World Bank API),2026-09-02
NCL,New Caledonia,2020,sanitation_basic,100.0,WHO/UNICEF JMP (via World Bank API),2026-09-02
NCL,New Caledonia,2019,sanitation_basic,100.0,WHO/UNICEF JMP (via World Bank API),2026-09-02
NCL,New Caledonia,2018,sanitation_basic,100.0,WHO/UNICEF JMP (via World Bank API),2026-09-02
NCL,New Caledonia,2017,sanitation_basic,100.0,WHO/UNICEF JMP (via World Bank API),2026-09-02
NCL,New Caledonia,2016,sanitation_basic,100.0,WHO/UNICEF JMP (via World Bank API),2026-09-02
NCL,New Caledonia,2015,sanitation_basic,100.0,WHO/UNICEF JMP (via World Bank API),2026-09-02
NCL,New Caledonia,2014,sanitation_basic,100.0,WHO/UNICEF JMP (via World Bank API),2026-09-02
NCL,New Caledonia,2013,sanitation_basic,100.0,WHO/UNICEF JMP (via World Bank API),2026-09-02
NCL,New Caledonia,2012,sanitation_basic,100.0,WHO/UNICEF JMP (via World Bank API),2026-09-02
NCL,New Caledonia,2011,sanitation_basic,100.0,WHO/UNICEF JMP (via World Bank API),2026-09-02
NCL,New Caledonia,2010,sanitation_basic,100.0,WHO/UNICEF JMP (via World Bank API),2026-09-02
NCL,New Caledonia,2009,sanitation_basic,100.0,WHO/UNICEF JMP (via World Bank API),2026-09-02
NCL,New Caledonia,2008,sanitation_basic,100.0,WHO/UNICEF JMP (via World Bank API),2026-09-02
NCL,New Caledonia,2007,sanitation_basic,100.0,WHO/UNICEF JMP (via World Bank API),2026-09-02
NCL,New Caledonia,2006,sanitation_basic,100.0,WHO/UNICEF JMP (via World Bank API),2026-09-02
NCL,New Caledonia,2005,sanitation_basic,100.0,WHO/UNICEF JMP (via World Bank API),2026-09-02
NCL,New Caledonia,2004,sanitation_basic,100.0,WHO/UNICEF JMP (via World Bank API),2026-09-02
NCL,New Caledonia,2003,sanitation_basic,100.0,WHO/UNICEF JMP (via World Bank API),2026-09-02
NCL,New Caledonia,2002,sanitation_basic,100.0,WHO/UNICEF JMP (via World Bank API),2026-09-02
NCL,New Caledonia,2001,sanitation_basic,100.0,WHO/UNICEF JMP (via World Bank API),2026-09-02
NCL,New Caledonia,2000,sanitation_basic,100.0,WHO/UNICEF JMP (via World Bank API),2026-09-02
NZL,New Zealand,2023,sanitation_basic,99.999999971682,WHO/UNICEF JMP (via World Bank API),2026-09-02
NZL,New Zealand,2022,sanitation_basic,100.0,WHO/UNICEF JMP (via World Bank API),2026-09-02
NZL,New Zealand,2021,sanitation_basic,99.9999956407702,WHO/UNICEF JMP (via World Bank API),2026-09-02
NZL,New Zealand,2020,sanitation_basic,100.0,WHO/UNICEF JMP (via World Bank API),2026-09-02
NZL,New Zealand,2019,sanitation_basic,99.9999954101942,WHO/UNICEF JMP (via World Bank API),2026-09-02
NZL,New Zealand,2018,sanitation_basic,99.9999959549403,WHO/UNICEF JMP (via World Bank API),2026-09-02
NZL,New Zealand,2017,sanitation_basic,99.9999952214353,WHO/UNICEF JMP (via World Bank API),2026-09-02
NZL,New Zealand,2016,sanitation_basic,99.9999978251524,WHO/UNICEF JMP (via World Bank API),2026-09-02
NZL,New Zealand,2015,sanitation_basic,100.0,WHO/UNICEF JMP (via World Bank API),2026-09-02
NZL,New Zealand,2014,sanitation_basic,100.0,WHO/UNICEF JMP (via World Bank API),2026-09-02
NZL,New Zealand,2013,sanitation_basic,100.0,WHO/UNICEF JMP (via World Bank API),2026-09-02
NZL,New Zealand,2012,sanitation_basic,99.9999978085497,WHO/UNICEF JMP (via World Bank API),2026-09-02
NZL,New Zealand,2011,sanitation_basic,99.9999988858894,WHO/UNICEF JMP (via World Bank API),2026-09-02
NZL,New Zealand,2010,sanitation_basic,100.0,WHO/UNICEF JMP (via World Bank API),2026-09-02
NZL,New Zealand,2009,sanitation_basic,99.9999975383469,WHO/UNICEF JMP (via World Bank API),2026-09-02
NZL,New Zealand,2008,sanitation_basic,100.0,WHO/UNICEF JMP (via World Bank API),2026-09-02
NZL,New Zealand,2007,sanitation_basic,99.999996901465,WHO/UNICEF JMP (via World Bank API),2026-09-02
NZL,New Zealand,2006,sanitation_basic,100.0,WHO/UNICEF JMP (via World Bank API),2026-09-02
NZL,New Zealand,2005,sanitation_basic,99.9999975084119,WHO/UNICEF JMP (via World Bank API),2026-09-02
NZL,New Zealand,2004,sanitation_basic,99.9999993424079,WHO/UNICEF JMP (via World Bank API),2026-09-02
NZL,New Zealand,2003,sanitation_basic,99.9999984462731,WHO/UNICEF JMP (via World Bank API),2026-09-02
NZL,New Zealand,2002,sanitation_basic,100.0,WHO/UNICEF JMP (via World Bank API),2026-09-02
NZL,New Zealand,2001,sanitation_basic,100.0,WHO/UNICEF JMP (via World Bank API),2026-09-02
NZL,New Zealand,2000,sanitation_basic,99.9999993417981,WHO/UNICEF JMP (via World Bank API),2026-09-02
NER,Niger,2023,sanitation_basic,15.8722896113192,WHO/UNICEF JMP (via World Bank API),2026-09-02
NER,Niger,2022,sanitation_basic,15.4185833482363,WHO/UNICEF JMP (via World Bank API),2026-09-02
NER,Niger,2021,sanitation_basic,14.973899415173,WHO/UNICEF JMP (via World Bank API),2026-09-02
NER,Niger,2020,sanitation_basic,14.5380631441061,WHO/UNICEF JMP (via World Bank API),2026-09-02
NER,Niger,2019,sanitation_basic,14.10969749241,WHO/UNICEF JMP (via World Bank API),2026-09-02
NER,Niger,2018,sanitation_basic,13.6886629942744,WHO/UNICEF JMP (via World Bank API),2026-09-02
NER,Niger,2017,sanitation_basic,13.2744201872419,WHO/UNICEF JMP (via World Bank API),2026-09-02
NER,Niger,2016,sanitation_basic,12.8657160959019,WHO/UNICEF JMP (via World Bank API),2026-09-02
NER,Niger,2015,sanitation_basic,12.4627973884211,WHO/UNICEF JMP (via World Bank API),2026-09-02
NER,Niger,2014,sanitation_basic,12.0644714438851,WHO/UNICEF JMP (via World Bank API),2026-09-02
NER,Niger,2013,sanitation_basic,11.6709689397012,WHO/UNICEF JMP (via World Bank API),2026-09-02
NER,Niger,2012,sanitation_basic,11.2811585980416,WHO/UNICEF JMP (via World Bank API),2026-09-02
NER,Niger,2011,sanitation_basic,10.8898889805879,WHO/UNICEF JMP (via World Bank API),2026-09-02
NER,Niger,2010,sanitation_basic,10.4974697713474,WHO/UNICEF JMP (via World Bank API),2026-09-02
NER,Niger,2009,sanitation_basic,10.1032794598234,WHO/UNICEF JMP (via World Bank API),2026-09-02
NER,Niger,2008,sanitation_basic,9.70763488348427,WHO/UNICEF JMP (via World Bank API),2026-09-02
NER,Niger,2007,sanitation_basic,9.3108172797856,WHO/UNICEF JMP (via World Bank API),2026-09-02
NER,Niger,2006,sanitation_basic,8.91225988238255,WHO/UNICEF JMP (via World Bank API),2026-09-02
NER,Niger,2005,sanitation_basic,8.51225299855436,WHO/UNICEF JMP (via World Bank API),2026-09-02
NER,Niger,2004,sanitation_basic,8.11105189403746,WHO/UNICEF JMP (via World Bank API),2026-09-02
NER,Niger,2003,sanitation_basic,7.71048737435581,WHO/UNICEF JMP (via World Bank API),2026-09-02
NER,Niger,2002,sanitation_basic,7.30986882133162,WHO/UNICEF JMP (via World Bank API),2026-09-02
NER,Niger,2001,sanitation_basic,6.90942898388813,WHO/UNICEF JMP (via World Bank API),2026-09-02
NER,Niger,2000,sanitation_basic,6.49095998473198,WHO/UNICEF JMP (via World Bank API),2026-09-02
NGA,Nigeria,2023,sanitation_basic,47.7155813553496,WHO/UNICEF JMP (via World Bank API),2026-09-02
NGA,Nigeria,2022,sanitation_basic,46.5706755484283,WHO/UNICEF JMP (via World Bank API),2026-09-02
NGA,Nigeria,2021,sanitation_basic,45.4491559568794,WHO/UNICEF JMP (via World Bank API),2026-09-02
NGA,Nigeria,2020,sanitation_basic,44.3511472247714,WHO/UNICEF JMP (via World Bank API),2026-09-02
NGA,Nigeria,2019,sanitation_basic,43.2767522763627,WHO/UNICEF JMP (via World Bank API),2026-09-02
NGA,Nigeria,2018,sanitation_basic,42.2262627362671,WHO/UNICEF JMP (via World Bank API),2026-09-02
NGA,Nigeria,2017,sanitation_basic,41.1997192224782,WHO/UNICEF JMP (via World Bank API),2026-09-02
NGA,Nigeria,2016,sanitation_basic,40.1973286058844,WHO/UNICEF JMP (via World Bank API),2026-09-02
NGA,Nigeria,2015,sanitation_basic,39.2193808312227,WHO/UNICEF JMP (via World Bank API),2026-09-02
NGA,Nigeria,2014,sanitation_basic,38.2655103767243,WHO/UNICEF JMP (via World Bank API),2026-09-02
NGA,Nigeria,2013,sanitation_basic,37.3360751927047,WHO/UNICEF JMP (via World Bank API),2026-09-02
NGA,Nigeria,2012,sanitation_basic,36.4309338253294,WHO/UNICEF JMP (via World Bank API),2026-09-02
NGA,Nigeria,2011,sanitation_basic,35.5499413895312,WHO/UNICEF JMP (via World Bank API),2026-09-02
NGA,Nigeria,2010,sanitation_basic,34.6931346813428,WHO/UNICEF JMP (via World Bank API),2026-09-02
NGA,Nigeria,2009,sanitation_basic,33.8602860424374,WHO/UNICEF JMP (via World Bank API),2026-09-02
NGA,Nigeria,2008,sanitation_basic,33.0520750926105,WHO/UNICEF JMP (via World Bank API),2026-09-02
NGA,Nigeria,2007,sanitation_basic,32.2676921129548,WHO/UNICEF JMP (via World Bank API),2026-09-02
NGA,Nigeria,2006,sanitation_basic,31.5068491941473,WHO/UNICEF JMP (via World Bank API),2026-09-02
NGA,Nigeria,2005,sanitation_basic,30.7689136757313,WHO/UNICEF JMP (via World Bank API),2026-09-02
NGA,Nigeria,2004,sanitation_basic,30.053264298702,WHO/UNICEF JMP (via World Bank API),2026-09-02
NGA,Nigeria,2003,sanitation_basic,29.3592592810807,WHO/UNICEF JMP (via World Bank API),2026-09-02
NGA,Nigeria,2002,sanitation_basic,28.6863485385753,WHO/UNICEF JMP (via World Bank API),2026-09-02
NGA,Nigeria,2001,sanitation_basic,28.0339074690086,WHO/UNICEF JMP (via World Bank API),2026-09-02
NGA,Nigeria,2000,sanitation_basic,27.9946368630353,WHO/UNICEF JMP (via World Bank API),2026-09-02
MKD,North Macedonia,2023,sanitation_basic,98.9894017609484,WHO/UNICEF JMP (via World Bank API),2026-09-02
MKD,North Macedonia,2022,sanitation_basic,98.98180306954,WHO/UNICEF JMP (via World Bank API),2026-09-02
MKD,North Macedonia,2021,sanitation_basic,98.9748195551065,WHO/UNICEF JMP (via World Bank API),2026-09-02
MKD,North Macedonia,2020,sanitation_basic,98.4277706026568,WHO/UNICEF JMP (via World Bank API),2026-09-02
MKD,North Macedonia,2019,sanitation_basic,97.8791697296938,WHO/UNICEF JMP (via World Bank API),2026-09-02
MKD,North Macedonia,2018,sanitation_basic,97.3296814337333,WHO/UNICEF JMP (via World Bank API),2026-09-02
MKD,North Macedonia,2017,sanitation_basic,96.7174458342857,WHO/UNICEF JMP (via World Bank API),2026-09-02
MKD,North Macedonia,2016,sanitation_basic,96.0648171578031,WHO/UNICEF JMP (via World Bank API),2026-09-02
MKD,North Macedonia,2015,sanitation_basic,95.4144114282649,WHO/UNICEF JMP (via World Bank API),2026-09-02
MKD,North Macedonia,2014,sanitation_basic,94.7668041558134,WHO/UNICEF JMP (via World Bank API),2026-09-02
MKD,North Macedonia,2013,sanitation_basic,94.1223717416181,WHO/UNICEF JMP (via World Bank API),2026-09-02
MKD,North Macedonia,2012,sanitation_basic,93.4817519077294,WHO/UNICEF JMP (via World Bank API),2026-09-02
MKD,North Macedonia,2011,sanitation_basic,92.8454434778871,WHO/UNICEF JMP (via World Bank API),2026-09-02
MKD,North Macedonia,2010,sanitation_basic,92.2138622798074,WHO/UNICEF JMP (via World Bank API),2026-09-02
MKD,North Macedonia,2009,sanitation_basic,91.5875725774437,WHO/UNICEF JMP (via World Bank API),2026-09-02
MKD,North Macedonia,2008,sanitation_basic,90.966962665795,WHO/UNICEF JMP (via World Bank API),2026-09-02
MKD,North Macedonia,2007,sanitation_basic,90.3525986106097,WHO/UNICEF JMP (via World Bank API),2026-09-02
MKD,North Macedonia,2006,sanitation_basic,89.7448433584085,WHO/UNICEF JMP (via World Bank API),2026-09-02
MKD,North Macedonia,2005,sanitation_basic,89.1441375585342,WHO/UNICEF JMP (via World Bank API),2026-09-02
MKD,North Macedonia,2004,sanitation_basic,88.5509345256761,WHO/UNICEF JMP (via World Bank API),2026-09-02
MKD,North Macedonia,2003,sanitation_basic,88.5757736884035,WHO/UNICEF JMP (via World Bank API),2026-09-02
MKD,North Macedonia,2002,sanitation_basic,88.6004998671063,WHO/UNICEF JMP (via World Bank API),2026-09-02
MKD,North Macedonia,2001,sanitation_basic,88.6252235401792,WHO/UNICEF JMP (via World Bank API),2026-09-02
MKD,North Macedonia,2000,sanitation_basic,88.6499475814466,WHO/UNICEF JMP (via World Bank API),2026-09-02
MNP,Northern Mariana Islands,2023,sanitation_basic,99.7585788850266,WHO/UNICEF JMP (via World Bank API),2026-09-02
MNP,Northern Mariana Islands,2022,sanitation_basic,99.7585788850266,WHO/UNICEF JMP (via World Bank API),2026-09-02
MNP,Northern Mariana Islands,2021,sanitation_basic,99.4974327439361,WHO/UNICEF JMP (via World Bank API),2026-09-02
MNP,Northern Mariana Islands,2020,sanitation_basic,99.2362866028457,WHO/UNICEF JMP (via World Bank API),2026-09-02
MNP,Northern Mariana Islands,2019,sanitation_basic,98.9751404617553,WHO/UNICEF JMP (via World Bank API),2026-09-02
MNP,Northern Mariana Islands,2018,sanitation_basic,98.713994320665,WHO/UNICEF JMP (via World Bank API),2026-09-02
MNP,Northern Mariana Islands,2017,sanitation_basic,98.4528481795746,WHO/UNICEF JMP (via World Bank API),2026-09-02
MNP,Northern Mariana Islands,2016,sanitation_basic,98.1917020384842,WHO/UNICEF JMP (via World Bank API),2026-09-02
MNP,Northern Mariana Islands,2015,sanitation_basic,97.9305558973937,WHO/UNICEF JMP (via World Bank API),2026-09-02
MNP,Northern Mariana Islands,2014,sanitation_basic,97.6694097563033,WHO/UNICEF JMP (via World Bank API),2026-09-02
MNP,Northern Mariana Islands,2013,sanitation_basic,97.408263615213,WHO/UNICEF JMP (via World Bank API),2026-09-02
MNP,Northern Mariana Islands,2012,sanitation_basic,97.1471174741226,WHO/UNICEF JMP (via World Bank API),2026-09-02
MNP,Northern Mariana Islands,2011,sanitation_basic,96.8859713330322,WHO/UNICEF JMP (via World Bank API),2026-09-02
MNP,Northern Mariana Islands,2010,sanitation_basic,96.6248251919417,WHO/UNICEF JMP (via World Bank API),2026-09-02
MNP,Northern Mariana Islands,2009,sanitation_basic,96.3636790508513,WHO/UNICEF JMP (via World Bank API),2026-09-02
MNP,Northern Mariana Islands,2008,sanitation_basic,96.102532909761,WHO/UNICEF JMP (via World Bank API),2026-09-02
MNP,Northern Mariana Islands,2007,sanitation_basic,95.8413867686706,WHO/UNICEF JMP (via World Bank API),2026-09-02
MNP,Northern Mariana Islands,2006,sanitation_basic,95.5802406275802,WHO/UNICEF JMP (via World Bank API),2026-09-02
MNP,Northern Mariana Islands,2005,sanitation_basic,95.3190944864897,WHO/UNICEF JMP (via World Bank API),2026-09-02
MNP,Northern Mariana Islands,2004,sanitation_basic,95.0579483453994,WHO/UNICEF JMP (via World Bank API),2026-09-02
MNP,Northern Mariana Islands,2003,sanitation_basic,94.796802204309,WHO/UNICEF JMP (via World Bank API),2026-09-02
MNP,Northern Mariana Islands,2002,sanitation_basic,94.5356560632186,WHO/UNICEF JMP (via World Bank API),2026-09-02
MNP,Northern Mariana Islands,2001,sanitation_basic,94.2745099221282,WHO/UNICEF JMP (via World Bank API),2026-09-02
MNP,Northern Mariana Islands,2000,sanitation_basic,94.0133637810378,WHO/UNICEF JMP (via World Bank API),2026-09-02
NOR,Norway,2023,sanitation_basic,98.0480105181421,WHO/UNICEF JMP (via World Bank API),2026-09-02
NOR,Norway,2022,sanitation_basic,98.0490073611327,WHO/UNICEF JMP (via World Bank API),2026-09-02
NOR,Norway,2021,sanitation_basic,98.0500277378087,WHO/UNICEF JMP (via World Bank API),2026-09-02
NOR,Norway,2020,sanitation_basic,98.0510810985992,WHO/UNICEF JMP (via World Bank API),2026-09-02
NOR,Norway,2019,sanitation_basic,98.0521493999593,WHO/UNICEF JMP (via World Bank API),2026-09-02
NOR,Norway,2018,sanitation_basic,98.053258505645,WHO/UNICEF JMP (via World Bank API),2026-09-02
NOR,Norway,2017,sanitation_basic,98.0543904284695,WHO/UNICEF JMP (via World Bank API),2026-09-02
NOR,Norway,2016,sanitation_basic,98.0555433258963,WHO/UNICEF JMP (via World Bank API),2026-09-02
NOR,Norway,2015,sanitation_basic,98.0567246248415,WHO/UNICEF JMP (via World Bank API),2026-09-02
NOR,Norway,2014,sanitation_basic,98.0579255402038,WHO/UNICEF JMP (via World Bank API),2026-09-02
NOR,Norway,2013,sanitation_basic,98.0591412687485,WHO/UNICEF JMP (via World Bank API),2026-09-02
NOR,Norway,2012,sanitation_basic,98.060379335627,WHO/UNICEF JMP (via World Bank API),2026-09-02
NOR,Norway,2011,sanitation_basic,98.0616329327885,WHO/UNICEF JMP (via World Bank API),2026-09-02
NOR,Norway,2010,sanitation_basic,98.062693752149,WHO/UNICEF JMP (via World Bank API),2026-09-02
NOR,Norway,2009,sanitation_basic,98.0635534703238,WHO/UNICEF JMP (via World Bank API),2026-09-02
NOR,Norway,2008,sanitation_basic,98.0644197562201,WHO/UNICEF JMP (via World Bank API),2026-09-02
NOR,Norway,2007,sanitation_basic,98.0652982043914,WHO/UNICEF JMP (via World Bank API),2026-09-02
NOR,Norway,2006,sanitation_basic,98.0661529563292,WHO/UNICEF JMP (via World Bank API),2026-09-02
NOR,Norway,2005,sanitation_basic,98.0669754884968,WHO/UNICEF JMP (via World Bank API),2026-09-02
NOR,Norway,2004,sanitation_basic,98.0678039009157,WHO/UNICEF JMP (via World Bank API),2026-09-02
NOR,Norway,2003,sanitation_basic,98.0687468260808,WHO/UNICEF JMP (via World Bank API),2026-09-02
NOR,Norway,2002,sanitation_basic,98.0698018240546,WHO/UNICEF JMP (via World Bank API),2026-09-02
NOR,Norway,2001,sanitation_basic,98.0708656188717,WHO/UNICEF JMP (via World Bank API),2026-09-02
NOR,Norway,2000,sanitation_basic,98.0719414200245,WHO/UNICEF JMP (via World Bank API),2026-09-02
OMN,Oman,2023,sanitation_basic,99.3207794038753,WHO/UNICEF JMP (via World Bank API),2026-09-02
OMN,Oman,2022,sanitation_basic,99.3206203708609,WHO/UNICEF JMP (via World Bank API),2026-09-02
OMN,Oman,2021,sanitation_basic,99.3204402699812,WHO/UNICEF JMP (via World Bank API),2026-09-02
OMN,Oman,2020,sanitation_basic,99.320248468501,WHO/UNICEF JMP (via World Bank API),2026-09-02
OMN,Oman,2019,sanitation_basic,99.3200354455114,WHO/UNICEF JMP (via World Bank API),2026-09-02
OMN,Oman,2018,sanitation_basic,99.3198091795186,WHO/UNICEF JMP (via World Bank API),2026-09-02
OMN,Oman,2017,sanitation_basic,99.3195652935256,WHO/UNICEF JMP (via World Bank API),2026-09-02
OMN,Oman,2016,sanitation_basic,99.3192950863755,WHO/UNICEF JMP (via World Bank API),2026-09-02
OMN,Oman,2015,sanitation_basic,99.3190102957444,WHO/UNICEF JMP (via World Bank API),2026-09-02
OMN,Oman,2014,sanitation_basic,99.0454609162921,WHO/UNICEF JMP (via World Bank API),2026-09-02
OMN,Oman,2013,sanitation_basic,98.4864188461934,WHO/UNICEF JMP (via World Bank API),2026-09-02
OMN,Oman,2012,sanitation_basic,97.7533977258664,WHO/UNICEF JMP (via World Bank API),2026-09-02
OMN,Oman,2011,sanitation_basic,96.9895887554529,WHO/UNICEF JMP (via World Bank API),2026-09-02
OMN,Oman,2010,sanitation_basic,96.2174842174493,WHO/UNICEF JMP (via World Bank API),2026-09-02
OMN,Oman,2009,sanitation_basic,95.4570743657186,WHO/UNICEF JMP (via World Bank API),2026-09-02
OMN,Oman,2008,sanitation_basic,94.6847837073689,WHO/UNICEF JMP (via World Bank API),2026-09-02
OMN,Oman,2007,sanitation_basic,93.9002107979075,WHO/UNICEF JMP (via World Bank API),2026-09-02
OMN,Oman,2006,sanitation_basic,93.1032818281143,WHO/UNICEF JMP (via World Bank API),2026-09-02
OMN,Oman,2005,sanitation_basic,92.2937638272692,WHO/UNICEF JMP (via World Bank API),2026-09-02
OMN,Oman,2004,sanitation_basic,91.4715625397252,WHO/UNICEF JMP (via World Bank API),2026-09-02
OMN,Oman,2003,sanitation_basic,90.6708884910228,WHO/UNICEF JMP (via World Bank API),2026-09-02
OMN,Oman,2002,sanitation_basic,89.9116284921649,WHO/UNICEF JMP (via World Bank API),2026-09-02
OMN,Oman,2001,sanitation_basic,89.1527859645842,WHO/UNICEF JMP (via World Bank API),2026-09-02
OMN,Oman,2000,sanitation_basic,89.1558441928925,WHO/UNICEF JMP (via World Bank API),2026-09-02
PAK,Pakistan,2023,sanitation_basic,71.8243245387853,WHO/UNICEF JMP (via World Bank API),2026-09-02
PAK,Pakistan,2022,sanitation_basic,71.7686736729802,WHO/UNICEF JMP (via World Bank API),2026-09-02
PAK,Pakistan,2021,sanitation_basic,69.8533376726557,WHO/UNICEF JMP (via World Bank API),2026-09-02
PAK,Pakistan,2020,sanitation_basic,67.9433820948755,WHO/UNICEF JMP (via World Bank API),2026-09-02
PAK,Pakistan,2019,sanitation_basic,66.0398368746477,WHO/UNICEF JMP (via World Bank API),2026-09-02
PAK,Pakistan,2018,sanitation_basic,64.1435342442995,WHO/UNICEF JMP (via World Bank API),2026-09-02
PAK,Pakistan,2017,sanitation_basic,62.2553089946578,WHO/UNICEF JMP (via World Bank API),2026-09-02
PAK,Pakistan,2016,sanitation_basic,60.3757049658476,WHO/UNICEF JMP (via World Bank API),2026-09-02
PAK,Pakistan,2015,sanitation_basic,58.5009708232225,WHO/UNICEF JMP (via World Bank API),2026-09-02
PAK,Pakistan,2014,sanitation_basic,56.6314636170423,WHO/UNICEF JMP (via World Bank API),2026-09-02
PAK,Pakistan,2013,sanitation_basic,54.7673079838163,WHO/UNICEF JMP (via World Bank API),2026-09-02
PAK,Pakistan,2012,sanitation_basic,52.9086096866619,WHO/UNICEF JMP (via World Bank API),2026-09-02
PAK,Pakistan,2011,sanitation_basic,51.0548082670217,WHO/UNICEF JMP (via World Bank API),2026-09-02
PAK,Pakistan,2010,sanitation_basic,49.2066353675779,WHO/UNICEF JMP (via World Bank API),2026-09-02
PAK,Pakistan,2009,sanitation_basic,47.3641982720808,WHO/UNICEF JMP (via World Bank API),2026-09-02
PAK,Pakistan,2008,sanitation_basic,45.5276108650431,WHO/UNICEF JMP (via World Bank API),2026-09-02
PAK,Pakistan,2007,sanitation_basic,43.6965924516825,WHO/UNICEF JMP (via World Bank API),2026-09-02
PAK,Pakistan,2006,sanitation_basic,41.8712078550453,WHO/UNICEF JMP (via World Bank API),2026-09-02
PAK,Pakistan,2005,sanitation_basic,40.051948707326,WHO/UNICEF JMP (via World Bank API),2026-09-02
PAK,Pakistan,2004,sanitation_basic,38.3533268350512,WHO/UNICEF JMP (via World Bank API),2026-09-02
PAK,Pakistan,2003,sanitation_basic,36.6491235332267,WHO/UNICEF JMP (via World Bank API),2026-09-02
PAK,Pakistan,2002,sanitation_basic,36.5597990039308,WHO/UNICEF JMP (via World Bank API),2026-09-02
PAK,Pakistan,2001,sanitation_basic,36.4704767337174,WHO/UNICEF JMP (via World Bank API),2026-09-02
PAK,Pakistan,2000,sanitation_basic,36.3820444881262,WHO/UNICEF JMP (via World Bank API),2026-09-02
PLW,Palau,2023,sanitation_basic,99.0217636084131,WHO/UNICEF JMP (via World Bank API),2026-09-02
PLW,Palau,2022,sanitation_basic,99.0185052265638,WHO/UNICEF JMP (via World Bank API),2026-09-02
PLW,Palau,2021,sanitation_basic,98.7826866864938,WHO/UNICEF JMP (via World Bank API),2026-09-02
PLW,Palau,2020,sanitation_basic,98.5405897338691,WHO/UNICEF JMP (via World Bank API),2026-09-02
PLW,Palau,2019,sanitation_basic,98.2917742819101,WHO/UNICEF JMP (via World Bank API),2026-09-02
PLW,Palau,2018,sanitation_basic,98.0358496591014,WHO/UNICEF JMP (via World Bank API),2026-09-02
PLW,Palau,2017,sanitation_basic,97.7722965190515,WHO/UNICEF JMP (via World Bank API),2026-09-02
PLW,Palau,2016,sanitation_basic,97.5006428774559,WHO/UNICEF JMP (via World Bank API),2026-09-02
PLW,Palau,2015,sanitation_basic,97.2203841305645,WHO/UNICEF JMP (via World Bank API),2026-09-02
PLW,Palau,2014,sanitation_basic,96.931030387653,WHO/UNICEF JMP (via World Bank API),2026-09-02
PLW,Palau,2013,sanitation_basic,96.6329212315953,WHO/UNICEF JMP (via World Bank API),2026-09-02
PLW,Palau,2012,sanitation_basic,96.3258137255761,WHO/UNICEF JMP (via World Bank API),2026-09-02
PLW,Palau,2011,sanitation_basic,96.0093169387409,WHO/UNICEF JMP (via World Bank API),2026-09-02
PLW,Palau,2010,sanitation_basic,95.6834729135313,WHO/UNICEF JMP (via World Bank API),2026-09-02
PLW,Palau,2009,sanitation_basic,95.3478284028423,WHO/UNICEF JMP (via World Bank API),2026-09-02
PLW,Palau,2008,sanitation_basic,95.0022925220304,WHO/UNICEF JMP (via World Bank API),2026-09-02
PLW,Palau,2007,sanitation_basic,94.6464571391492,WHO/UNICEF JMP (via World Bank API),2026-09-02
PLW,Palau,2006,sanitation_basic,94.2803727715843,WHO/UNICEF JMP (via World Bank API),2026-09-02
PLW,Palau,2005,sanitation_basic,93.9036183333376,WHO/UNICEF JMP (via World Bank API),2026-09-02
PLW,Palau,2004,sanitation_basic,93.5161878932532,WHO/UNICEF JMP (via World Bank API),2026-09-02
PLW,Palau,2003,sanitation_basic,93.1174953662245,WHO/UNICEF JMP (via World Bank API),2026-09-02
PLW,Palau,2002,sanitation_basic,92.8439227609951,WHO/UNICEF JMP (via World Bank API),2026-09-02
PLW,Palau,2001,sanitation_basic,92.5732732194194,WHO/UNICEF JMP (via World Bank API),2026-09-02
PLW,Palau,2000,sanitation_basic,92.3055211823769,WHO/UNICEF JMP (via World Bank API),2026-09-02
PAN,Panama,2023,sanitation_basic,87.8666162534578,WHO/UNICEF JMP (via World Bank API),2026-09-02
PAN,Panama,2022,sanitation_basic,86.6851526856535,WHO/UNICEF JMP (via World Bank API),2026-09-02
PAN,Panama,2021,sanitation_basic,85.5096832210543,WHO/UNICEF JMP (via World Bank API),2026-09-02
PAN,Panama,2020,sanitation_basic,84.3402384762944,WHO/UNICEF JMP (via World Bank API),2026-09-02
PAN,Panama,2019,sanitation_basic,83.1771159799322,WHO/UNICEF JMP (via World Bank API),2026-09-02
PAN,Panama,2018,sanitation_basic,82.0200768210799,WHO/UNICEF JMP (via World Bank API),2026-09-02
PAN,Panama,2017,sanitation_basic,80.8694181421993,WHO/UNICEF JMP (via World Bank API),2026-09-02
PAN,Panama,2016,sanitation_basic,79.7251829235126,WHO/UNICEF JMP (via World Bank API),2026-09-02
PAN,Panama,2015,sanitation_basic,78.5876693762409,WHO/UNICEF JMP (via World Bank API),2026-09-02
PAN,Panama,2014,sanitation_basic,77.4566352300972,WHO/UNICEF JMP (via World Bank API),2026-09-02
PAN,Panama,2013,sanitation_basic,76.3321222229942,WHO/UNICEF JMP (via World Bank API),2026-09-02
PAN,Panama,2012,sanitation_basic,75.2147165198156,WHO/UNICEF JMP (via World Bank API),2026-09-02
PAN,Panama,2011,sanitation_basic,74.1041771182907,WHO/UNICEF JMP (via World Bank API),2026-09-02
PAN,Panama,2010,sanitation_basic,73.0005374055146,WHO/UNICEF JMP (via World Bank API),2026-09-02
PAN,Panama,2009,sanitation_basic,71.9041216278813,WHO/UNICEF JMP (via World Bank API),2026-09-02
PAN,Panama,2008,sanitation_basic,70.8121135731026,WHO/UNICEF JMP (via World Bank API),2026-09-02
PAN,Panama,2007,sanitation_basic,69.7247974616696,WHO/UNICEF JMP (via World Bank API),2026-09-02
PAN,Panama,2006,sanitation_basic,68.6424595699143,WHO/UNICEF JMP (via World Bank API),2026-09-02
PAN,Panama,2005,sanitation_basic,67.5645305842362,WHO/UNICEF JMP (via World Bank API),2026-09-02
PAN,Panama,2004,sanitation_basic,66.4912909784567,WHO/UNICEF JMP (via World Bank API),2026-09-02
PAN,Panama,2003,sanitation_basic,65.4227494263176,WHO/UNICEF JMP (via World Bank API),2026-09-02
PAN,Panama,2002,sanitation_basic,64.3589021380052,WHO/UNICEF JMP (via World Bank API),2026-09-02
PAN,Panama,2001,sanitation_basic,63.300048397865,WHO/UNICEF JMP (via World Bank API),2026-09-02
PAN,Panama,2000,sanitation_basic,62.5612964932235,WHO/UNICEF JMP (via World Bank API),2026-09-02
PNG,Papua New Guinea,2023,sanitation_basic,23.2257913219562,WHO/UNICEF JMP (via World Bank API),2026-09-02
PNG,Papua New Guinea,2022,sanitation_basic,22.8753163799614,WHO/UNICEF JMP (via World Bank API),2026-09-02
PNG,Papua New Guinea,2021,sanitation_basic,22.5229636359759,WHO/UNICEF JMP (via World Bank API),2026-09-02
PNG,Papua New Guinea,2020,sanitation_basic,22.169086312378,WHO/UNICEF JMP (via World Bank API),2026-09-02
PNG,Papua New Guinea,2019,sanitation_basic,21.8143659983838,WHO/UNICEF JMP (via World Bank API),2026-09-02
PNG,Papua New Guinea,2018,sanitation_basic,21.4585108450562,WHO/UNICEF JMP (via World Bank API),2026-09-02
PNG,Papua New Guinea,2017,sanitation_basic,21.1018609699395,WHO/UNICEF JMP (via World Bank API),2026-09-02
PNG,Papua New Guinea,2016,sanitation_basic,20.745116008719,WHO/UNICEF JMP (via World Bank API),2026-09-02
PNG,Papua New Guinea,2015,sanitation_basic,20.3882856738352,WHO/UNICEF JMP (via World Bank API),2026-09-02
PNG,Papua New Guinea,2014,sanitation_basic,20.0317273970696,WHO/UNICEF JMP (via World Bank API),2026-09-02
PNG,Papua New Guinea,2013,sanitation_basic,19.6757982283776,WHO/UNICEF JMP (via World Bank API),2026-09-02
PNG,Papua New Guinea,2012,sanitation_basic,19.3208666166654,WHO/UNICEF JMP (via World Bank API),2026-09-02
PNG,Papua New Guinea,2011,sanitation_basic,18.9672978280348,WHO/UNICEF JMP (via World Bank API),2026-09-02
PNG,Papua New Guinea,2010,sanitation_basic,18.6101507749501,WHO/UNICEF JMP (via World Bank API),2026-09-02
PNG,Papua New Guinea,2009,sanitation_basic,18.2486172804539,WHO/UNICEF JMP (via World Bank API),2026-09-02
PNG,Papua New Guinea,2008,sanitation_basic,17.8830999336479,WHO/UNICEF JMP (via World Bank API),2026-09-02
PNG,Papua New Guinea,2007,sanitation_basic,17.4570499950418,WHO/UNICEF JMP (via World Bank API),2026-09-02
PNG,Papua New Guinea,2006,sanitation_basic,17.0313208013981,WHO/UNICEF JMP (via World Bank API),2026-09-02
PNG,Papua New Guinea,2005,sanitation_basic,16.6059135071294,WHO/UNICEF JMP (via World Bank API),2026-09-02
PNG,Papua New Guinea,2004,sanitation_basic,16.1808266451098,WHO/UNICEF JMP (via World Bank API),2026-09-02
PNG,Papua New Guinea,2003,sanitation_basic,16.1896215101361,WHO/UNICEF JMP (via World Bank API),2026-09-02
PNG,Papua New Guinea,2002,sanitation_basic,16.197953472063,WHO/UNICEF JMP (via World Bank API),2026-09-02
PNG,Papua New Guinea,2001,sanitation_basic,16.2062854132542,WHO/UNICEF JMP (via World Bank API),2026-09-02
PNG,Papua New Guinea,2000,sanitation_basic,16.2164700300816,WHO/UNICEF JMP (via World Bank API),2026-09-02
PRY,Paraguay,2023,sanitation_basic,95.2491802778514,WHO/UNICEF JMP (via World Bank API),2026-09-02
PRY,Paraguay,2022,sanitation_basic,94.2434679233291,WHO/UNICEF JMP (via World Bank API),2026-09-02
PRY,Paraguay,2021,sanitation_basic,93.3920477799252,WHO/UNICEF JMP (via World Bank API),2026-09-02
PRY,Paraguay,2020,sanitation_basic,92.4079453626308,WHO/UNICEF JMP (via World Bank API),2026-09-02
PRY,Paraguay,2019,sanitation_basic,91.4154881056866,WHO/UNICEF JMP (via World Bank API),2026-09-02
PRY,Paraguay,2018,sanitation_basic,90.415146711899,WHO/UNICEF JMP (via World Bank API),2026-09-02
PRY,Paraguay,2017,sanitation_basic,89.4202504452198,WHO/UNICEF JMP (via World Bank API),2026-09-02
PRY,Paraguay,2016,sanitation_basic,88.4178947324525,WHO/UNICEF JMP (via World Bank API),2026-09-02
PRY,Paraguay,2015,sanitation_basic,87.4068345992566,WHO/UNICEF JMP (via World Bank API),2026-09-02
PRY,Paraguay,2014,sanitation_basic,86.387257170265,WHO/UNICEF JMP (via World Bank API),2026-09-02
PRY,Paraguay,2013,sanitation_basic,85.3589778746888,WHO/UNICEF JMP (via World Bank API),2026-09-02
PRY,Paraguay,2012,sanitation_basic,84.3199132953919,WHO/UNICEF JMP (via World Bank API),2026-09-02
PRY,Paraguay,2011,sanitation_basic,83.2658343869198,WHO/UNICEF JMP (via World Bank API),2026-09-02
PRY,Paraguay,2010,sanitation_basic,82.2018433166323,WHO/UNICEF JMP (via World Bank API),2026-09-02
PRY,Paraguay,2009,sanitation_basic,81.1277039466521,WHO/UNICEF JMP (via World Bank API),2026-09-02
PRY,Paraguay,2008,sanitation_basic,80.0433396656403,WHO/UNICEF JMP (via World Bank API),2026-09-02
PRY,Paraguay,2007,sanitation_basic,78.9486876932809,WHO/UNICEF JMP (via World Bank API),2026-09-02
PRY,Paraguay,2006,sanitation_basic,77.8439277858393,WHO/UNICEF JMP (via World Bank API),2026-09-02
PRY,Paraguay,2005,sanitation_basic,76.728771501701,WHO/UNICEF JMP (via World Bank API),2026-09-02
PRY,Paraguay,2004,sanitation_basic,75.6031403142363,WHO/UNICEF JMP (via World Bank API),2026-09-02
PRY,Paraguay,2003,sanitation_basic,74.4672620916261,WHO/UNICEF JMP (via World Bank API),2026-09-02
PRY,Paraguay,2002,sanitation_basic,73.3060100380697,WHO/UNICEF JMP (via World Bank API),2026-09-02
PRY,Paraguay,2001,sanitation_basic,72.0502385165428,WHO/UNICEF JMP (via World Bank API),2026-09-02
PRY,Paraguay,2000,sanitation_basic,70.767087190756,WHO/UNICEF JMP (via World Bank API),2026-09-02
PER,Peru,2023,sanitation_basic,78.2571577701354,WHO/UNICEF JMP (via World Bank API),2026-09-02
PER,Peru,2022,sanitation_basic,77.7372734420618,WHO/UNICEF JMP (via World Bank API),2026-09-02
PER,Peru,2021,sanitation_basic,77.2143581209312,WHO/UNICEF JMP (via World Bank API),2026-09-02
PER,Peru,2020,sanitation_basic,76.6882865431078,WHO/UNICEF JMP (via World Bank API),2026-09-02
PER,Peru,2019,sanitation_basic,76.1591748496731,WHO/UNICEF JMP (via World Bank API),2026-09-02
PER,Peru,2018,sanitation_basic,75.6274098296364,WHO/UNICEF JMP (via World Bank API),2026-09-02
PER,Peru,2017,sanitation_basic,75.0928493726003,WHO/UNICEF JMP (via World Bank API),2026-09-02
PER,Peru,2016,sanitation_basic,74.5559040876133,WHO/UNICEF JMP (via World Bank API),2026-09-02
PER,Peru,2015,sanitation_basic,74.0145820909902,WHO/UNICEF JMP (via World Bank API),2026-09-02
PER,Peru,2014,sanitation_basic,73.4685325137981,WHO/UNICEF JMP (via World Bank API),2026-09-02
PER,Peru,2013,sanitation_basic,72.9183194169617,WHO/UNICEF JMP (via World Bank API),2026-09-02
PER,Peru,2012,sanitation_basic,72.3636014252996,WHO/UNICEF JMP (via World Bank API),2026-09-02
PER,Peru,2011,sanitation_basic,71.803986474928,WHO/UNICEF JMP (via World Bank API),2026-09-02
PER,Peru,2010,sanitation_basic,71.2400990831427,WHO/UNICEF JMP (via World Bank API),2026-09-02
PER,Peru,2009,sanitation_basic,70.6712078070281,WHO/UNICEF JMP (via World Bank API),2026-09-02
PER,Peru,2008,sanitation_basic,70.0979718244948,WHO/UNICEF JMP (via World Bank API),2026-09-02
PER,Peru,2007,sanitation_basic,69.4977421323012,WHO/UNICEF JMP (via World Bank API),2026-09-02
PER,Peru,2006,sanitation_basic,68.8406174970812,WHO/UNICEF JMP (via World Bank API),2026-09-02
PER,Peru,2005,sanitation_basic,68.1735152494759,WHO/UNICEF JMP (via World Bank API),2026-09-02
PER,Peru,2004,sanitation_basic,67.4970575513904,WHO/UNICEF JMP (via World Bank API),2026-09-02
PER,Peru,2003,sanitation_basic,66.8103000461573,WHO/UNICEF JMP (via World Bank API),2026-09-02
PER,Peru,2002,sanitation_basic,66.1134789664025,WHO/UNICEF JMP (via World Bank API),2026-09-02
PER,Peru,2001,sanitation_basic,65.4068839269518,WHO/UNICEF JMP (via World Bank API),2026-09-02
PER,Peru,2000,sanitation_basic,64.6899370720139,WHO/UNICEF JMP (via World Bank API),2026-09-02
PHL,Philippines,2023,sanitation_basic,85.991294396015,WHO/UNICEF JMP (via World Bank API),2026-09-02
PHL,Philippines,2022,sanitation_basic,84.8329995746262,WHO/UNICEF JMP (via World Bank API),2026-09-02
PHL,Philippines,2021,sanitation_basic,83.6784077055498,WHO/UNICEF JMP (via World Bank API),2026-09-02
PHL,Philippines,2020,sanitation_basic,82.5280655331601,WHO/UNICEF JMP (via World Bank API),2026-09-02
PHL,Philippines,2019,sanitation_basic,81.3825055793541,WHO/UNICEF JMP (via World Bank API),2026-09-02
PHL,Philippines,2018,sanitation_basic,80.2422384212533,WHO/UNICEF JMP (via World Bank API),2026-09-02
PHL,Philippines,2017,sanitation_basic,79.1077756692214,WHO/UNICEF JMP (via World Bank API),2026-09-02
PHL,Philippines,2016,sanitation_basic,77.9796692916052,WHO/UNICEF JMP (via World Bank API),2026-09-02
PHL,Philippines,2015,sanitation_basic,76.8582853974515,WHO/UNICEF JMP (via World Bank API),2026-09-02
PHL,Philippines,2014,sanitation_basic,75.7428560199161,WHO/UNICEF JMP (via World Bank API),2026-09-02
PHL,Philippines,2013,sanitation_basic,74.6335366418639,WHO/UNICEF JMP (via World Bank API),2026-09-02
PHL,Philippines,2012,sanitation_basic,73.5302350229801,WHO/UNICEF JMP (via World Bank API),2026-09-02
PHL,Philippines,2011,sanitation_basic,72.4331957075581,WHO/UNICEF JMP (via World Bank API),2026-09-02
PHL,Philippines,2010,sanitation_basic,71.3424056654417,WHO/UNICEF JMP (via World Bank API),2026-09-02
PHL,Philippines,2009,sanitation_basic,70.2836819040094,WHO/UNICEF JMP (via World Bank API),2026-09-02
PHL,Philippines,2008,sanitation_basic,69.2399098229444,WHO/UNICEF JMP (via World Bank API),2026-09-02
PHL,Philippines,2007,sanitation_basic,68.2064372279476,WHO/UNICEF JMP (via World Bank API),2026-09-02
PHL,Philippines,2006,sanitation_basic,67.1831301872284,WHO/UNICEF JMP (via World Bank API),2026-09-02
PHL,Philippines,2005,sanitation_basic,66.7468776426565,WHO/UNICEF JMP (via World Bank API),2026-09-02
PHL,Philippines,2004,sanitation_basic,66.311449594431,WHO/UNICEF JMP (via World Bank API),2026-09-02
PHL,Philippines,2003,sanitation_basic,65.8768513398554,WHO/UNICEF JMP (via World Bank API),2026-09-02
PHL,Philippines,2002,sanitation_basic,65.4430807592906,WHO/UNICEF JMP (via World Bank API),2026-09-02
PHL,Philippines,2001,sanitation_basic,65.0101350604839,WHO/UNICEF JMP (via World Bank API),2026-09-02
PHL,Philippines,2000,sanitation_basic,64.5780150363269,WHO/UNICEF JMP (via World Bank API),2026-09-02
POL,Poland,2023,sanitation_basic,98.9566925447355,WHO/UNICEF JMP (via World Bank API),2026-09-02
POL,Poland,2022,sanitation_basic,98.9570843478037,WHO/UNICEF JMP (via World Bank API),2026-09-02
POL,Poland,2021,sanitation_basic,98.9573598717452,WHO/UNICEF JMP (via World Bank API),2026-09-02
POL,Poland,2020,sanitation_basic,98.9575085375078,WHO/UNICEF JMP (via World Bank API),2026-09-02
POL,Poland,2019,sanitation_basic,98.9575340330854,WHO/UNICEF JMP (via World Bank API),2026-09-02
POL,Poland,2018,sanitation_basic,98.9554251030336,WHO/UNICEF JMP (via World Bank API),2026-09-02
POL,Poland,2017,sanitation_basic,98.7966126825203,WHO/UNICEF JMP (via World Bank API),2026-09-02
POL,Poland,2016,sanitation_basic,98.3831051859455,WHO/UNICEF JMP (via World Bank API),2026-09-02
POL,Poland,2015,sanitation_basic,97.6921036491612,WHO/UNICEF JMP (via World Bank API),2026-09-02
POL,Poland,2014,sanitation_basic,97.0037037873813,WHO/UNICEF JMP (via World Bank API),2026-09-02
POL,Poland,2013,sanitation_basic,96.3180175161036,WHO/UNICEF JMP (via World Bank API),2026-09-02
POL,Poland,2012,sanitation_basic,95.6349971602727,WHO/UNICEF JMP (via World Bank API),2026-09-02
POL,Poland,2011,sanitation_basic,94.9547125941391,WHO/UNICEF JMP (via World Bank API),2026-09-02
POL,Poland,2010,sanitation_basic,94.2762845397447,WHO/UNICEF JMP (via World Bank API),2026-09-02
POL,Poland,2009,sanitation_basic,93.6002677787451,WHO/UNICEF JMP (via World Bank API),2026-09-02
POL,Poland,2008,sanitation_basic,92.9266483730048,WHO/UNICEF JMP (via World Bank API),2026-09-02
POL,Poland,2007,sanitation_basic,92.2555378641252,WHO/UNICEF JMP (via World Bank API),2026-09-02
POL,Poland,2006,sanitation_basic,91.5867449958382,WHO/UNICEF JMP (via World Bank API),2026-09-02
POL,Poland,2005,sanitation_basic,90.9202465624261,WHO/UNICEF JMP (via World Bank API),2026-09-02
POL,Poland,2004,sanitation_basic,90.2562618468016,WHO/UNICEF JMP (via World Bank API),2026-09-02
POL,Poland,2003,sanitation_basic,89.5946791670526,WHO/UNICEF JMP (via World Bank API),2026-09-02
POL,Poland,2002,sanitation_basic,88.9353545903738,WHO/UNICEF JMP (via World Bank API),2026-09-02
POL,Poland,2001,sanitation_basic,88.2568300626224,WHO/UNICEF JMP (via World Bank API),2026-09-02
POL,Poland,2000,sanitation_basic,87.5745482145907,WHO/UNICEF JMP (via World Bank API),2026-09-02
PRT,Portugal,2023,sanitation_basic,99.6602104639564,WHO/UNICEF JMP (via World Bank API),2026-09-02
PRT,Portugal,2022,sanitation_basic,99.6612544387821,WHO/UNICEF JMP (via World Bank API),2026-09-02
PRT,Portugal,2021,sanitation_basic,99.6623109186367,WHO/UNICEF JMP (via World Bank API),2026-09-02
PRT,Portugal,2020,sanitation_basic,99.6529221881304,WHO/UNICEF JMP (via World Bank API),2026-09-02
PRT,Portugal,2019,sanitation_basic,99.6200248701138,WHO/UNICEF JMP (via World Bank API),2026-09-02
PRT,Portugal,2018,sanitation_basic,99.5305100855018,WHO/UNICEF JMP (via World Bank API),2026-09-02
PRT,Portugal,2017,sanitation_basic,99.43806801438,WHO/UNICEF JMP (via World Bank API),2026-09-02
PRT,Portugal,2016,sanitation_basic,99.3443014964216,WHO/UNICEF JMP (via World Bank API),2026-09-02
PRT,Portugal,2015,sanitation_basic,99.2491933162673,WHO/UNICEF JMP (via World Bank API),2026-09-02
PRT,Portugal,2014,sanitation_basic,99.1527262690652,WHO/UNICEF JMP (via World Bank API),2026-09-02
PRT,Portugal,2013,sanitation_basic,99.0548734178937,WHO/UNICEF JMP (via World Bank API),2026-09-02
PRT,Portugal,2012,sanitation_basic,98.9556231886088,WHO/UNICEF JMP (via World Bank API),2026-09-02
PRT,Portugal,2011,sanitation_basic,98.8549411407512,WHO/UNICEF JMP (via World Bank API),2026-09-02
PRT,Portugal,2010,sanitation_basic,98.7528330142709,WHO/UNICEF JMP (via World Bank API),2026-09-02
PRT,Portugal,2009,sanitation_basic,98.649279909145,WHO/UNICEF JMP (via World Bank API),2026-09-02
PRT,Portugal,2008,sanitation_basic,98.5442996404821,WHO/UNICEF JMP (via World Bank API),2026-09-02
PRT,Portugal,2007,sanitation_basic,98.4378342320443,WHO/UNICEF JMP (via World Bank API),2026-09-02
PRT,Portugal,2006,sanitation_basic,98.3299181904217,WHO/UNICEF JMP (via World Bank API),2026-09-02
PRT,Portugal,2005,sanitation_basic,98.2205201292001,WHO/UNICEF JMP (via World Bank API),2026-09-02
PRT,Portugal,2004,sanitation_basic,98.1096749031417,WHO/UNICEF JMP (via World Bank API),2026-09-02
PRT,Portugal,2003,sanitation_basic,97.9973101774028,WHO/UNICEF JMP (via World Bank API),2026-09-02
PRT,Portugal,2002,sanitation_basic,97.8834679572702,WHO/UNICEF JMP (via World Bank API),2026-09-02
PRT,Portugal,2001,sanitation_basic,97.7681484102338,WHO/UNICEF JMP (via World Bank API),2026-09-02
PRT,Portugal,2000,sanitation_basic,97.6509233684472,WHO/UNICEF JMP (via World Bank API),2026-09-02
PRI,Puerto Rico (US),2023,sanitation_basic,100.0,WHO/UNICEF JMP (via World Bank API),2026-09-02
PRI,Puerto Rico (US),2022,sanitation_basic,100.0,WHO/UNICEF JMP (via World Bank API),2026-09-02
PRI,Puerto Rico (US),2021,sanitation_basic,100.0,WHO/UNICEF JMP (via World Bank API),2026-09-02
PRI,Puerto Rico (US),2020,sanitation_basic,100.0,WHO/UNICEF JMP (via World Bank API),2026-09-02
PRI,Puerto Rico (US),2019,sanitation_basic,100.0,WHO/UNICEF JMP (via World Bank API),2026-09-02
PRI,Puerto Rico (US),2018,sanitation_basic,100.0,WHO/UNICEF JMP (via World Bank API),2026-09-02
PRI,Puerto Rico (US),2017,sanitation_basic,100.0,WHO/UNICEF JMP (via World Bank API),2026-09-02
PRI,Puerto Rico (US),2016,sanitation_basic,100.0,WHO/UNICEF JMP (via World Bank API),2026-09-02
PRI,Puerto Rico (US),2015,sanitation_basic,100.0,WHO/UNICEF JMP (via World Bank API),2026-09-02
PRI,Puerto Rico (US),2014,sanitation_basic,100.0,WHO/UNICEF JMP (via World Bank API),2026-09-02
PRI,Puerto Rico (US),2013,sanitation_basic,99.9568727715878,WHO/UNICEF JMP (via World Bank API),2026-09-02
PRI,Puerto Rico (US),2012,sanitation_basic,99.7775565738162,WHO/UNICEF JMP (via World Bank API),2026-09-02
PRI,Puerto Rico (US),2011,sanitation_basic,99.5982403760446,WHO/UNICEF JMP (via World Bank API),2026-09-02
PRI,Puerto Rico (US),2010,sanitation_basic,99.418924178273,WHO/UNICEF JMP (via World Bank API),2026-09-02
PRI,Puerto Rico (US),2009,sanitation_basic,99.2396079805014,WHO/UNICEF JMP (via World Bank API),2026-09-02
PRI,Puerto Rico (US),2008,sanitation_basic,99.0602917827298,WHO/UNICEF JMP (via World Bank API),2026-09-02
PRI,Puerto Rico (US),2007,sanitation_basic,98.8809755849582,WHO/UNICEF JMP (via World Bank API),2026-09-02
PRI,Puerto Rico (US),2006,sanitation_basic,98.7016593871866,WHO/UNICEF JMP (via World Bank API),2026-09-02
PRI,Puerto Rico (US),2005,sanitation_basic,98.522343189415,WHO/UNICEF JMP (via World Bank API),2026-09-02
PRI,Puerto Rico (US),2004,sanitation_basic,98.3430269916435,WHO/UNICEF JMP (via World Bank API),2026-09-02
PRI,Puerto Rico (US),2003,sanitation_basic,98.1637107938719,WHO/UNICEF JMP (via World Bank API),2026-09-02
PRI,Puerto Rico (US),2002,sanitation_basic,97.9843945961003,WHO/UNICEF JMP (via World Bank API),2026-09-02
PRI,Puerto Rico (US),2001,sanitation_basic,97.8050783983287,WHO/UNICEF JMP (via World Bank API),2026-09-02
PRI,Puerto Rico (US),2000,sanitation_basic,97.6257622005571,WHO/UNICEF JMP (via World Bank API),2026-09-02
QAT,Qatar,2023,sanitation_basic,99.936545083788,WHO/UNICEF JMP (via World Bank API),2026-09-02
QAT,Qatar,2022,sanitation_basic,99.936545083788,WHO/UNICEF JMP (via World Bank API),2026-09-02
QAT,Qatar,2021,sanitation_basic,99.9365453448301,WHO/UNICEF JMP (via World Bank API),2026-09-02
QAT,Qatar,2020,sanitation_basic,99.9365456058699,WHO/UNICEF JMP (via World Bank API),2026-09-02
QAT,Qatar,2019,sanitation_basic,99.9365458669077,WHO/UNICEF JMP (via World Bank API),2026-09-02
QAT,Qatar,2018,sanitation_basic,99.9365461279432,WHO/UNICEF JMP (via World Bank API),2026-09-02
QAT,Qatar,2017,sanitation_basic,99.9365463889767,WHO/UNICEF JMP (via World Bank API),2026-09-02
QAT,Qatar,2016,sanitation_basic,99.936546650008,WHO/UNICEF JMP (via World Bank API),2026-09-02
QAT,Qatar,2015,sanitation_basic,99.9365469110371,WHO/UNICEF JMP (via World Bank API),2026-09-02
QAT,Qatar,2014,sanitation_basic,99.9365471720641,WHO/UNICEF JMP (via World Bank API),2026-09-02
QAT,Qatar,2013,sanitation_basic,99.9365474330889,WHO/UNICEF JMP (via World Bank API),2026-09-02
QAT,Qatar,2012,sanitation_basic,99.9365476941116,WHO/UNICEF JMP (via World Bank API),2026-09-02
QAT,Qatar,2011,sanitation_basic,99.9365479551322,WHO/UNICEF JMP (via World Bank API),2026-09-02
QAT,Qatar,2010,sanitation_basic,99.9365482161506,WHO/UNICEF JMP (via World Bank API),2026-09-02
QAT,Qatar,2009,sanitation_basic,99.9365484771668,WHO/UNICEF JMP (via World Bank API),2026-09-02
QAT,Qatar,2008,sanitation_basic,99.9365487381809,WHO/UNICEF JMP (via World Bank API),2026-09-02
QAT,Qatar,2007,sanitation_basic,99.9365489991929,WHO/UNICEF JMP (via World Bank API),2026-09-02
QAT,Qatar,2006,sanitation_basic,99.9365492602027,WHO/UNICEF JMP (via World Bank API),2026-09-02
QAT,Qatar,2005,sanitation_basic,99.9365492602027,WHO/UNICEF JMP (via World Bank API),2026-09-02
QAT,Qatar,2004,sanitation_basic,99.9365492602027,WHO/UNICEF JMP (via World Bank API),2026-09-02
QAT,Qatar,2003,sanitation_basic,99.9365492602027,WHO/UNICEF JMP (via World Bank API),2026-09-02
QAT,Qatar,2002,sanitation_basic,99.9365492602027,WHO/UNICEF JMP (via World Bank API),2026-09-02
QAT,Qatar,2001,sanitation_basic,99.9365492602027,WHO/UNICEF JMP (via World Bank API),2026-09-02
QAT,Qatar,2000,sanitation_basic,99.9365492602027,WHO/UNICEF JMP (via World Bank API),2026-09-02
ROU,Romania,2023,sanitation_basic,90.505532492932,WHO/UNICEF JMP (via World Bank API),2026-09-02
ROU,Romania,2022,sanitation_basic,89.6004899502368,WHO/UNICEF JMP (via World Bank API),2026-09-02
ROU,Romania,2021,sanitation_basic,88.6956428751098,WHO/UNICEF JMP (via World Bank API),2026-09-02
ROU,Romania,2020,sanitation_basic,87.7922191507809,WHO/UNICEF JMP (via World Bank API),2026-09-02
ROU,Romania,2019,sanitation_basic,86.8911090946585,WHO/UNICEF JMP (via World Bank API),2026-09-02
ROU,Romania,2018,sanitation_basic,85.9929537766502,WHO/UNICEF JMP (via World Bank API),2026-09-02
ROU,Romania,2017,sanitation_basic,85.0986005989272,WHO/UNICEF JMP (via World Bank API),2026-09-02
ROU,Romania,2016,sanitation_basic,84.2094124497179,WHO/UNICEF JMP (via World Bank API),2026-09-02
ROU,Romania,2015,sanitation_basic,83.3255001952095,WHO/UNICEF JMP (via World Bank API),2026-09-02
ROU,Romania,2014,sanitation_basic,82.4485173692872,WHO/UNICEF JMP (via World Bank API),2026-09-02
ROU,Romania,2013,sanitation_basic,81.5787881318127,WHO/UNICEF JMP (via World Bank API),2026-09-02
ROU,Romania,2012,sanitation_basic,80.7099325881725,WHO/UNICEF JMP (via World Bank API),2026-09-02
ROU,Romania,2011,sanitation_basic,79.8259688450856,WHO/UNICEF JMP (via World Bank API),2026-09-02
ROU,Romania,2010,sanitation_basic,78.9036342216492,WHO/UNICEF JMP (via World Bank API),2026-09-02
ROU,Romania,2009,sanitation_basic,77.9782248834449,WHO/UNICEF JMP (via World Bank API),2026-09-02
ROU,Romania,2008,sanitation_basic,77.0497373536879,WHO/UNICEF JMP (via World Bank API),2026-09-02
ROU,Romania,2007,sanitation_basic,76.118166846837,WHO/UNICEF JMP (via World Bank API),2026-09-02
ROU,Romania,2006,sanitation_basic,75.1835159880533,WHO/UNICEF JMP (via World Bank API),2026-09-02
ROU,Romania,2005,sanitation_basic,74.2457870285484,WHO/UNICEF JMP (via World Bank API),2026-09-02
ROU,Romania,2004,sanitation_basic,74.1955058645708,WHO/UNICEF JMP (via World Bank API),2026-09-02
ROU,Romania,2003,sanitation_basic,74.1452194428032,WHO/UNICEF JMP (via World Bank API),2026-09-02
ROU,Romania,2002,sanitation_basic,74.0945506298244,WHO/UNICEF JMP (via World Bank API),2026-09-02
ROU,Romania,2001,sanitation_basic,74.1221850215514,WHO/UNICEF JMP (via World Bank API),2026-09-02
RUS,Russian Federation,2023,sanitation_basic,91.5886930920727,WHO/UNICEF JMP (via World Bank API),2026-09-02
RUS,Russian Federation,2022,sanitation_basic,90.9663797021895,WHO/UNICEF JMP (via World Bank API),2026-09-02
RUS,Russian Federation,2021,sanitation_basic,90.3506542509722,WHO/UNICEF JMP (via World Bank API),2026-09-02
RUS,Russian Federation,2020,sanitation_basic,89.7409453652069,WHO/UNICEF JMP (via World Bank API),2026-09-02
RUS,Russian Federation,2019,sanitation_basic,89.1372417555839,WHO/UNICEF JMP (via World Bank API),2026-09-02
RUS,Russian Federation,2018,sanitation_basic,88.5392414303968,WHO/UNICEF JMP (via World Bank API),2026-09-02
RUS,Russian Federation,2017,sanitation_basic,87.9466409875352,WHO/UNICEF JMP (via World Bank API),2026-09-02
RUS,Russian Federation,2016,sanitation_basic,87.3591528902794,WHO/UNICEF JMP (via World Bank API),2026-09-02
RUS,Russian Federation,2015,sanitation_basic,86.7766922089747,WHO/UNICEF JMP (via World Bank API),2026-09-02
RUS,Russian Federation,2014,sanitation_basic,86.1989352053169,WHO/UNICEF JMP (via World Bank API),2026-09-02
RUS,Russian Federation,2013,sanitation_basic,85.6253629696735,WHO/UNICEF JMP (via World Bank API),2026-09-02
RUS,Russian Federation,2012,sanitation_basic,85.0560724272836,WHO/UNICEF JMP (via World Bank API),2026-09-02
RUS,Russian Federation,2011,sanitation_basic,84.4903383941057,WHO/UNICEF JMP (via World Bank API),2026-09-02
RUS,Russian Federation,2010,sanitation_basic,83.92804330417,WHO/UNICEF JMP (via World Bank API),2026-09-02
RUS,Russian Federation,2009,sanitation_basic,83.3664393165315,WHO/UNICEF JMP (via World Bank API),2026-09-02
RUS,Russian Federation,2008,sanitation_basic,82.8056855793495,WHO/UNICEF JMP (via World Bank API),2026-09-02
RUS,Russian Federation,2007,sanitation_basic,82.2454451048795,WHO/UNICEF JMP (via World Bank API),2026-09-02
RUS,Russian Federation,2006,sanitation_basic,81.6858939304323,WHO/UNICEF JMP (via World Bank API),2026-09-02
RUS,Russian Federation,2005,sanitation_basic,81.6791040024383,WHO/UNICEF JMP (via World Bank API),2026-09-02
RUS,Russian Federation,2004,sanitation_basic,81.6723116501913,WHO/UNICEF JMP (via World Bank API),2026-09-02
RUS,Russian Federation,2003,sanitation_basic,81.6655198787968,WHO/UNICEF JMP (via World Bank API),2026-09-02
RUS,Russian Federation,2002,sanitation_basic,81.6606940878558,WHO/UNICEF JMP (via World Bank API),2026-09-02
RWA,Rwanda,2023,sanitation_basic,80.3475631851087,WHO/UNICEF JMP (via World Bank API),2026-09-02
RWA,Rwanda,2022,sanitation_basic,78.8594683891809,WHO/UNICEF JMP (via World Bank API),2026-09-02
RWA,Rwanda,2021,sanitation_basic,77.3571126484404,WHO/UNICEF JMP (via World Bank API),2026-09-02
RWA,Rwanda,2020,sanitation_basic,75.8419280137536,WHO/UNICEF JMP (via World Bank API),2026-09-02
RWA,Rwanda,2019,sanitation_basic,74.3150494792337,WHO/UNICEF JMP (via World Bank API),2026-09-02
RWA,Rwanda,2018,sanitation_basic,72.7776126104957,WHO/UNICEF JMP (via World Bank API),2026-09-02
RWA,Rwanda,2017,sanitation_basic,71.2308954690674,WHO/UNICEF JMP (via World Bank API),2026-09-02
RWA,Rwanda,2016,sanitation_basic,69.6758086260828,WHO/UNICEF JMP (via World Bank API),2026-09-02
RWA,Rwanda,2015,sanitation_basic,68.1134578237063,WHO/UNICEF JMP (via World Bank API),2026-09-02
RWA,Rwanda,2014,sanitation_basic,66.5451269597636,WHO/UNICEF JMP (via World Bank API),2026-09-02
RWA,Rwanda,2013,sanitation_basic,64.9716279211285,WHO/UNICEF JMP (via World Bank API),2026-09-02
RWA,Rwanda,2012,sanitation_basic,63.3941024387453,WHO/UNICEF JMP (via World Bank API),2026-09-02
RWA,Rwanda,2011,sanitation_basic,61.8140834716847,WHO/UNICEF JMP (via World Bank API),2026-09-02
RWA,Rwanda,2010,sanitation_basic,60.2315011971765,WHO/UNICEF JMP (via World Bank API),2026-09-02
RWA,Rwanda,2009,sanitation_basic,58.6463993130751,WHO/UNICEF JMP (via World Bank API),2026-09-02
RWA,Rwanda,2008,sanitation_basic,57.0587484402126,WHO/UNICEF JMP (via World Bank API),2026-09-02
RWA,Rwanda,2007,sanitation_basic,55.4685962150806,WHO/UNICEF JMP (via World Bank API),2026-09-02
RWA,Rwanda,2006,sanitation_basic,53.8759294452882,WHO/UNICEF JMP (via World Bank API),2026-09-02
RWA,Rwanda,2005,sanitation_basic,52.2806585813749,WHO/UNICEF JMP (via World Bank API),2026-09-02
RWA,Rwanda,2004,sanitation_basic,50.6829486597842,WHO/UNICEF JMP (via World Bank API),2026-09-02
RWA,Rwanda,2003,sanitation_basic,49.0827278042719,WHO/UNICEF JMP (via World Bank API),2026-09-02
RWA,Rwanda,2002,sanitation_basic,47.4611936352188,WHO/UNICEF JMP (via World Bank API),2026-09-02
RWA,Rwanda,2001,sanitation_basic,45.6902028796929,WHO/UNICEF JMP (via World Bank API),2026-09-02
RWA,Rwanda,2000,sanitation_basic,43.8876413678193,WHO/UNICEF JMP (via World Bank API),2026-09-02
WSM,Samoa,2023,sanitation_basic,96.8487142072358,WHO/UNICEF JMP (via World Bank API),2026-09-02
WSM,Samoa,2022,sanitation_basic,96.5989544610645,WHO/UNICEF JMP (via World Bank API),2026-09-02
WSM,Samoa,2021,sanitation_basic,96.3448273060741,WHO/UNICEF JMP (via World Bank API),2026-09-02
WSM,Samoa,2020,sanitation_basic,96.0821241161349,WHO/UNICEF JMP (via World Bank API),2026-09-02
WSM,Samoa,2019,sanitation_basic,95.8200173728915,WHO/UNICEF JMP (via World Bank API),2026-09-02
WSM,Samoa,2018,sanitation_basic,95.5585181223598,WHO/UNICEF JMP (via World Bank API),2026-09-02
WSM,Samoa,2017,sanitation_basic,95.2976717259871,WHO/UNICEF JMP (via World Bank API),2026-09-02
WSM,Samoa,2016,sanitation_basic,95.0374675364972,WHO/UNICEF JMP (via World Bank API),2026-09-02
WSM,Samoa,2015,sanitation_basic,94.7777698879904,WHO/UNICEF JMP (via World Bank API),2026-09-02
WSM,Samoa,2014,sanitation_basic,94.5185492730746,WHO/UNICEF JMP (via World Bank API),2026-09-02
WSM,Samoa,2013,sanitation_basic,94.2598072441115,WHO/UNICEF JMP (via World Bank API),2026-09-02
WSM,Samoa,2012,sanitation_basic,94.0015585083901,WHO/UNICEF JMP (via World Bank API),2026-09-02
WSM,Samoa,2011,sanitation_basic,93.7437084843245,WHO/UNICEF JMP (via World Bank API),2026-09-02
WSM,Samoa,2010,sanitation_basic,93.4861794457482,WHO/UNICEF JMP (via World Bank API),2026-09-02
WSM,Samoa,2009,sanitation_basic,93.2291209433411,WHO/UNICEF JMP (via World Bank API),2026-09-02
WSM,Samoa,2008,sanitation_basic,92.9725367356222,WHO/UNICEF JMP (via World Bank API),2026-09-02
WSM,Samoa,2007,sanitation_basic,92.7164186931518,WHO/UNICEF JMP (via World Bank API),2026-09-02
WSM,Samoa,2006,sanitation_basic,92.4608198651495,WHO/UNICEF JMP (via World Bank API),2026-09-02
WSM,Samoa,2005,sanitation_basic,92.2057450024926,WHO/UNICEF JMP (via World Bank API),2026-09-02
WSM,Samoa,2004,sanitation_basic,91.9511483539237,WHO/UNICEF JMP (via World Bank API),2026-09-02
WSM,Samoa,2003,sanitation_basic,91.9541841185767,WHO/UNICEF JMP (via World Bank API),2026-09-02
WSM,Samoa,2002,sanitation_basic,91.9572397043017,WHO/UNICEF JMP (via World Bank API),2026-09-02
WSM,Samoa,2001,sanitation_basic,91.9588441153795,WHO/UNICEF JMP (via World Bank API),2026-09-02
WSM,Samoa,2000,sanitation_basic,91.9576951837593,WHO/UNICEF JMP (via World Bank API),2026-09-02
SMR,San Marino,2023,sanitation_basic,100.0,WHO/UNICEF JMP (via World Bank API),2026-09-02
SMR,San Marino,2022,sanitation_basic,100.0,WHO/UNICEF JMP (via World Bank API),2026-09-02
SMR,San Marino,2021,sanitation_basic,100.0,WHO/UNICEF JMP (via World Bank API),2026-09-02
SMR,San Marino,2020,sanitation_basic,100.0,WHO/UNICEF JMP (via World Bank API),2026-09-02
SMR,San Marino,2019,sanitation_basic,100.0,WHO/UNICEF JMP (via World Bank API),2026-09-02
SMR,San Marino,2018,sanitation_basic,100.0,WHO/UNICEF JMP (via World Bank API),2026-09-02
SMR,San Marino,2017,sanitation_basic,100.0,WHO/UNICEF JMP (via World Bank API),2026-09-02
SMR,San Marino,2016,sanitation_basic,100.0,WHO/UNICEF JMP (via World Bank API),2026-09-02
SMR,San Marino,2015,sanitation_basic,100.0,WHO/UNICEF JMP (via World Bank API),2026-09-02
SMR,San Marino,2014,sanitation_basic,100.0,WHO/UNICEF JMP (via World Bank API),2026-09-02
SMR,San Marino,2013,sanitation_basic,100.0,WHO/UNICEF JMP (via World Bank API),2026-09-02
SMR,San Marino,2012,sanitation_basic,100.0,WHO/UNICEF JMP (via World Bank API),2026-09-02
SMR,San Marino,2011,sanitation_basic,100.0,WHO/UNICEF JMP (via World Bank API),2026-09-02
SMR,San Marino,2010,sanitation_basic,100.0,WHO/UNICEF JMP (via World Bank API),2026-09-02
SMR,San Marino,2009,sanitation_basic,100.0,WHO/UNICEF JMP (via World Bank API),2026-09-02
SMR,San Marino,2008,sanitation_basic,100.0,WHO/UNICEF JMP (via World Bank API),2026-09-02
SMR,San Marino,2007,sanitation_basic,100.0,WHO/UNICEF JMP (via World Bank API),2026-09-02
SMR,San Marino,2006,sanitation_basic,100.0,WHO/UNICEF JMP (via World Bank API),2026-09-02
SMR,San Marino,2005,sanitation_basic,100.0,WHO/UNICEF JMP (via World Bank API),2026-09-02
SMR,San Marino,2004,sanitation_basic,100.0,WHO/UNICEF JMP (via World Bank API),2026-09-02
SMR,San Marino,2003,sanitation_basic,100.0,WHO/UNICEF JMP (via World Bank API),2026-09-02
SMR,San Marino,2002,sanitation_basic,100.0,WHO/UNICEF JMP (via World Bank API),2026-09-02
SMR,San Marino,2001,sanitation_basic,100.0,WHO/UNICEF JMP (via World Bank API),2026-09-02
SMR,San Marino,2000,sanitation_basic,100.0,WHO/UNICEF JMP (via World Bank API),2026-09-02
STP,Sao Tome and Principe,2023,sanitation_basic,48.6086612768342,WHO/UNICEF JMP (via World Bank API),2026-09-02
STP,Sao Tome and Principe,2022,sanitation_basic,48.5350542796998,WHO/UNICEF JMP (via World Bank API),2026-09-02
STP,Sao Tome and Principe,2021,sanitation_basic,48.4573502739393,WHO/UNICEF JMP (via World Bank API),2026-09-02
STP,Sao Tome and Principe,2020,sanitation_basic,47.1080132831109,WHO/UNICEF JMP (via World Bank API),2026-09-02
STP,Sao Tome and Principe,2019,sanitation_basic,45.7575570286583,WHO/UNICEF JMP (via World Bank API),2026-09-02
STP,Sao Tome and Principe,2018,sanitation_basic,44.4058041526004,WHO/UNICEF JMP (via World Bank API),2026-09-02
STP,Sao Tome and Principe,2017,sanitation_basic,43.0527347494608,WHO/UNICEF JMP (via World Bank API),2026-09-02
STP,Sao Tome and Principe,2016,sanitation_basic,41.6983508891345,WHO/UNICEF JMP (via World Bank API),2026-09-02
STP,Sao Tome and Principe,2015,sanitation_basic,40.3427054934035,WHO/UNICEF JMP (via World Bank API),2026-09-02
STP,Sao Tome and Principe,2014,sanitation_basic,38.9858756147002,WHO/UNICEF JMP (via World Bank API),2026-09-02
STP,Sao Tome and Principe,2013,sanitation_basic,37.6279828671376,WHO/UNICEF JMP (via World Bank API),2026-09-02
STP,Sao Tome and Principe,2012,sanitation_basic,36.2694678517073,WHO/UNICEF JMP (via World Bank API),2026-09-02
STP,Sao Tome and Principe,2011,sanitation_basic,34.9099928554753,WHO/UNICEF JMP (via World Bank API),2026-09-02
STP,Sao Tome and Principe,2010,sanitation_basic,33.5544418305556,WHO/UNICEF JMP (via World Bank API),2026-09-02
STP,Sao Tome and Principe,2009,sanitation_basic,32.2032374350904,WHO/UNICEF JMP (via World Bank API),2026-09-02
STP,Sao Tome and Principe,2008,sanitation_basic,30.857384929578,WHO/UNICEF JMP (via World Bank API),2026-09-02
STP,Sao Tome and Principe,2007,sanitation_basic,29.5170578703442,WHO/UNICEF JMP (via World Bank API),2026-09-02
STP,Sao Tome and Principe,2006,sanitation_basic,28.1835957707981,WHO/UNICEF JMP (via World Bank API),2026-09-02
STP,Sao Tome and Principe,2005,sanitation_basic,26.8577839135173,WHO/UNICEF JMP (via World Bank API),2026-09-02
STP,Sao Tome and Principe,2004,sanitation_basic,25.5404255353565,WHO/UNICEF JMP (via World Bank API),2026-09-02
STP,Sao Tome and Principe,2003,sanitation_basic,24.3386290849609,WHO/UNICEF JMP (via World Bank API),2026-09-02
STP,Sao Tome and Principe,2002,sanitation_basic,23.1391737283234,WHO/UNICEF JMP (via World Bank API),2026-09-02
STP,Sao Tome and Principe,2001,sanitation_basic,21.9474707249804,WHO/UNICEF JMP (via World Bank API),2026-09-02
STP,Sao Tome and Principe,2000,sanitation_basic,20.7903937086521,WHO/UNICEF JMP (via World Bank API),2026-09-02
SAU,Saudi Arabia,2023,sanitation_basic,97.6024090977173,WHO/UNICEF JMP (via World Bank API),2026-09-02
SAU,Saudi Arabia,2022,sanitation_basic,97.5973210358859,WHO/UNICEF JMP (via World Bank API),2026-09-02
SAU,Saudi Arabia,2021,sanitation_basic,97.5922328659359,WHO/UNICEF JMP (via World Bank API),2026-09-02
SAU,Saudi Arabia,2020,sanitation_basic,97.5871417429561,WHO/UNICEF JMP (via World Bank API),2026-09-02
SAU,Saudi Arabia,2019,sanitation_basic,97.5820275772784,WHO/UNICEF JMP (via World Bank API),2026-09-02
SAU,Saudi Arabia,2018,sanitation_basic,97.5769396449473,WHO/UNICEF JMP (via World Bank API),2026-09-02
SAU,Saudi Arabia,2017,sanitation_basic,97.5718278390654,WHO/UNICEF JMP (via World Bank API),2026-09-02
SAU,Saudi Arabia,2016,sanitation_basic,97.5667358551859,WHO/UNICEF JMP (via World Bank API),2026-09-02
SAU,Saudi Arabia,2015,sanitation_basic,97.5616457387732,WHO/UNICEF JMP (via World Bank API),2026-09-02
SAU,Saudi Arabia,2014,sanitation_basic,97.5565788684819,WHO/UNICEF JMP (via World Bank API),2026-09-02
SAU,Saudi Arabia,2013,sanitation_basic,97.5515166629486,WHO/UNICEF JMP (via World Bank API),2026-09-02
SEN,Senegal,2023,sanitation_basic,61.4661335345473,WHO/UNICEF JMP (via World Bank API),2026-09-02
SEN,Senegal,2022,sanitation_basic,60.407587055533,WHO/UNICEF JMP (via World Bank API),2026-09-02
SEN,Senegal,2021,sanitation_basic,59.3441523766207,WHO/UNICEF JMP (via World Bank API),2026-09-02
SEN,Senegal,2020,sanitation_basic,58.276399086684,WHO/UNICEF JMP (via World Bank API),2026-09-02
SEN,Senegal,2019,sanitation_basic,57.204943845452,WHO/UNICEF JMP (via World Bank API),2026-09-02
SEN,Senegal,2018,sanitation_basic,56.1299701818744,WHO/UNICEF JMP (via World Bank API),2026-09-02
SEN,Senegal,2017,sanitation_basic,55.0521038030032,WHO/UNICEF JMP (via World Bank API),2026-09-02
SEN,Senegal,2016,sanitation_basic,53.9714940731355,WHO/UNICEF JMP (via World Bank API),2026-09-02
SEN,Senegal,2015,sanitation_basic,52.8890432398602,WHO/UNICEF JMP (via World Bank API),2026-09-02
SEN,Senegal,2014,sanitation_basic,51.8046299171747,WHO/UNICEF JMP (via World Bank API),2026-09-02
SEN,Senegal,2013,sanitation_basic,50.7188973203129,WHO/UNICEF JMP (via World Bank API),2026-09-02
SEN,Senegal,2012,sanitation_basic,49.6298898995035,WHO/UNICEF JMP (via World Bank API),2026-09-02
SEN,Senegal,2011,sanitation_basic,48.5377592186689,WHO/UNICEF JMP (via World Bank API),2026-09-02
SEN,Senegal,2010,sanitation_basic,47.4423428976999,WHO/UNICEF JMP (via World Bank API),2026-09-02
SEN,Senegal,2009,sanitation_basic,46.3440817777614,WHO/UNICEF JMP (via World Bank API),2026-09-02
SEN,Senegal,2008,sanitation_basic,45.2434542159987,WHO/UNICEF JMP (via World Bank API),2026-09-02
SEN,Senegal,2007,sanitation_basic,44.1399592498468,WHO/UNICEF JMP (via World Bank API),2026-09-02
SEN,Senegal,2006,sanitation_basic,43.0340621400577,WHO/UNICEF JMP (via World Bank API),2026-09-02
SEN,Senegal,2005,sanitation_basic,41.9259089969181,WHO/UNICEF JMP (via World Bank API),2026-09-02
SEN,Senegal,2004,sanitation_basic,40.8160197921212,WHO/UNICEF JMP (via World Bank API),2026-09-02
SEN,Senegal,2003,sanitation_basic,39.7038070707232,WHO/UNICEF JMP (via World Bank API),2026-09-02
SEN,Senegal,2002,sanitation_basic,38.6343782520626,WHO/UNICEF JMP (via World Bank API),2026-09-02
SEN,Senegal,2001,sanitation_basic,37.6230679917559,WHO/UNICEF JMP (via World Bank API),2026-09-02
SEN,Senegal,2000,sanitation_basic,36.6397850159843,WHO/UNICEF JMP (via World Bank API),2026-09-02
SRB,Serbia,2023,sanitation_basic,97.9347704722446,WHO/UNICEF JMP (via World Bank API),2026-09-02
SRB,Serbia,2022,sanitation_basic,97.9283883905418,WHO/UNICEF JMP (via World Bank API),2026-09-02
SRB,Serbia,2021,sanitation_basic,97.9231088276216,WHO/UNICEF JMP (via World Bank API),2026-09-02
SRB,Serbia,2020,sanitation_basic,97.9188486059038,WHO/UNICEF JMP (via World Bank API),2026-09-02
SRB,Serbia,2019,sanitation_basic,97.9156406613819,WHO/UNICEF JMP (via World Bank API),2026-09-02
SRB,Serbia,2018,sanitation_basic,97.8576090639596,WHO/UNICEF JMP (via World Bank API),2026-09-02
SRB,Serbia,2017,sanitation_basic,97.6881908970258,WHO/UNICEF JMP (via World Bank API),2026-09-02
SRB,Serbia,2016,sanitation_basic,97.519678308202,WHO/UNICEF JMP (via World Bank API),2026-09-02
SRB,Serbia,2015,sanitation_basic,97.3520264197285,WHO/UNICEF JMP (via World Bank API),2026-09-02
SRB,Serbia,2014,sanitation_basic,97.1845998620671,WHO/UNICEF JMP (via World Bank API),2026-09-02
SRB,Serbia,2013,sanitation_basic,97.0173317364733,WHO/UNICEF JMP (via World Bank API),2026-09-02
SRB,Serbia,2012,sanitation_basic,96.8502790858125,WHO/UNICEF JMP (via World Bank API),2026-09-02
SRB,Serbia,2011,sanitation_basic,96.6825231290354,WHO/UNICEF JMP (via World Bank API),2026-09-02
SRB,Serbia,2010,sanitation_basic,96.5124901506423,WHO/UNICEF JMP (via World Bank API),2026-09-02
SRB,Serbia,2009,sanitation_basic,96.3428666633317,WHO/UNICEF JMP (via World Bank API),2026-09-02
SRB,Serbia,2008,sanitation_basic,96.1735822880127,WHO/UNICEF JMP (via World Bank API),2026-09-02
SRB,Serbia,2007,sanitation_basic,96.0046710847047,WHO/UNICEF JMP (via World Bank API),2026-09-02
SRB,Serbia,2006,sanitation_basic,95.836103340787,WHO/UNICEF JMP (via World Bank API),2026-09-02
SRB,Serbia,2005,sanitation_basic,95.6679289682349,WHO/UNICEF JMP (via World Bank API),2026-09-02
SRB,Serbia,2004,sanitation_basic,95.5001274109086,WHO/UNICEF JMP (via World Bank API),2026-09-02
SRB,Serbia,2003,sanitation_basic,95.5005404334771,WHO/UNICEF JMP (via World Bank API),2026-09-02
SRB,Serbia,2002,sanitation_basic,95.5013470819749,WHO/UNICEF JMP (via World Bank API),2026-09-02
SRB,Serbia,2001,sanitation_basic,95.5024770214585,WHO/UNICEF JMP (via World Bank API),2026-09-02
SRB,Serbia,2000,sanitation_basic,95.5039510992611,WHO/UNICEF JMP (via World Bank API),2026-09-02
SYC,Seychelles,2023,sanitation_basic,99.7,WHO/UNICEF JMP (via World Bank API),2026-09-02
SYC,Seychelles,2022,sanitation_basic,99.7,WHO/UNICEF JMP (via World Bank API),2026-09-02
SYC,Seychelles,2021,sanitation_basic,98.8985665517452,WHO/UNICEF JMP (via World Bank API),2026-09-02
SYC,Seychelles,2020,sanitation_basic,98.8969906145227,WHO/UNICEF JMP (via World Bank API),2026-09-02
SYC,Seychelles,2019,sanitation_basic,98.885830584073,WHO/UNICEF JMP (via World Bank API),2026-09-02
SYC,Seychelles,2018,sanitation_basic,98.8746286644801,WHO/UNICEF JMP (via World Bank API),2026-09-02
SYC,Seychelles,2017,sanitation_basic,98.8451290579635,WHO/UNICEF JMP (via World Bank API),2026-09-02
SYC,Seychelles,2016,sanitation_basic,98.6480096869539,WHO/UNICEF JMP (via World Bank API),2026-09-02
SYC,Seychelles,2015,sanitation_basic,98.4508903159442,WHO/UNICEF JMP (via World Bank API),2026-09-02
SYC,Seychelles,2014,sanitation_basic,98.2537709449345,WHO/UNICEF JMP (via World Bank API),2026-09-02
SYC,Seychelles,2013,sanitation_basic,98.0566515739248,WHO/UNICEF JMP (via World Bank API),2026-09-02
SYC,Seychelles,2012,sanitation_basic,97.8595322029151,WHO/UNICEF JMP (via World Bank API),2026-09-02
SYC,Seychelles,2011,sanitation_basic,97.6624128319055,WHO/UNICEF JMP (via World Bank API),2026-09-02
SYC,Seychelles,2010,sanitation_basic,97.4652934608958,WHO/UNICEF JMP (via World Bank API),2026-09-02
SYC,Seychelles,2009,sanitation_basic,97.2681740898861,WHO/UNICEF JMP (via World Bank API),2026-09-02
SYC,Seychelles,2008,sanitation_basic,97.0710547188765,WHO/UNICEF JMP (via World Bank API),2026-09-02
SYC,Seychelles,2007,sanitation_basic,96.8739353478668,WHO/UNICEF JMP (via World Bank API),2026-09-02
SYC,Seychelles,2006,sanitation_basic,96.6768159768572,WHO/UNICEF JMP (via World Bank API),2026-09-02
SYC,Seychelles,2005,sanitation_basic,96.4796966058475,WHO/UNICEF JMP (via World Bank API),2026-09-02
SYC,Seychelles,2004,sanitation_basic,96.2825772348378,WHO/UNICEF JMP (via World Bank API),2026-09-02
SYC,Seychelles,2003,sanitation_basic,96.0854578638281,WHO/UNICEF JMP (via World Bank API),2026-09-02
SYC,Seychelles,2002,sanitation_basic,95.8883384928185,WHO/UNICEF JMP (via World Bank API),2026-09-02
SYC,Seychelles,2001,sanitation_basic,95.6912191218088,WHO/UNICEF JMP (via World Bank API),2026-09-02
SYC,Seychelles,2000,sanitation_basic,95.4940997507991,WHO/UNICEF JMP (via World Bank API),2026-09-02
SLE,Sierra Leone,2023,sanitation_basic,23.9048711595784,WHO/UNICEF JMP (via World Bank API),2026-09-02
SLE,Sierra Leone,2022,sanitation_basic,22.9191878036943,WHO/UNICEF JMP (via World Bank API),2026-09-02
SLE,Sierra Leone,2021,sanitation_basic,21.9564987659226,WHO/UNICEF JMP (via World Bank API),2026-09-02
SLE,Sierra Leone,2020,sanitation_basic,21.0167123808123,WHO/UNICEF JMP (via World Bank API),2026-09-02
SLE,Sierra Leone,2019,sanitation_basic,20.0997388519849,WHO/UNICEF JMP (via World Bank API),2026-09-02
SLE,Sierra Leone,2018,sanitation_basic,19.205484723374,WHO/UNICEF JMP (via World Bank API),2026-09-02
SLE,Sierra Leone,2017,sanitation_basic,18.3338579581936,WHO/UNICEF JMP (via World Bank API),2026-09-02
SLE,Sierra Leone,2016,sanitation_basic,17.4849469878374,WHO/UNICEF JMP (via World Bank API),2026-09-02
SLE,Sierra Leone,2015,sanitation_basic,16.6582857856538,WHO/UNICEF JMP (via World Bank API),2026-09-02
SLE,Sierra Leone,2014,sanitation_basic,15.8525627081666,WHO/UNICEF JMP (via World Bank API),2026-09-02
SLE,Sierra Leone,2013,sanitation_basic,15.0676033654272,WHO/UNICEF JMP (via World Bank API),2026-09-02
SLE,Sierra Leone,2012,sanitation_basic,14.3035861709667,WHO/UNICEF JMP (via World Bank API),2026-09-02
SLE,Sierra Leone,2011,sanitation_basic,13.5601796070667,WHO/UNICEF JMP (via World Bank API),2026-09-02
SLE,Sierra Leone,2010,sanitation_basic,12.837725625722,WHO/UNICEF JMP (via World Bank API),2026-09-02
SLE,Sierra Leone,2009,sanitation_basic,12.1362206469185,WHO/UNICEF JMP (via World Bank API),2026-09-02
SLE,Sierra Leone,2008,sanitation_basic,11.4555098785818,WHO/UNICEF JMP (via World Bank API),2026-09-02
SLE,Sierra Leone,2007,sanitation_basic,10.7956031143398,WHO/UNICEF JMP (via World Bank API),2026-09-02
SLE,Sierra Leone,2006,sanitation_basic,10.156650697941,WHO/UNICEF JMP (via World Bank API),2026-09-02
SLE,Sierra Leone,2005,sanitation_basic,9.53865069026283,WHO/UNICEF JMP (via World Bank API),2026-09-02
SLE,Sierra Leone,2004,sanitation_basic,8.94954704248469,WHO/UNICEF JMP (via World Bank API),2026-09-02
SLE,Sierra Leone,2003,sanitation_basic,8.39095201927437,WHO/UNICEF JMP (via World Bank API),2026-09-02
SLE,Sierra Leone,2002,sanitation_basic,8.15825825383365,WHO/UNICEF JMP (via World Bank API),2026-09-02
SLE,Sierra Leone,2001,sanitation_basic,7.92617092793216,WHO/UNICEF JMP (via World Bank API),2026-09-02
SLE,Sierra Leone,2000,sanitation_basic,7.69468734199492,WHO/UNICEF JMP (via World Bank API),2026-09-02
SGP,Singapore,2023,sanitation_basic,100.0,WHO/UNICEF JMP (via World Bank API),2026-09-02
SGP,Singapore,2022,sanitation_basic,100.0,WHO/UNICEF JMP (via World Bank API),2026-09-02
SGP,Singapore,2021,sanitation_basic,100.0,WHO/UNICEF JMP (via World Bank API),2026-09-02
SGP,Singapore,2020,sanitation_basic,100.0,WHO/UNICEF JMP (via World Bank API),2026-09-02
SGP,Singapore,2019,sanitation_basic,100.0,WHO/UNICEF JMP (via World Bank API),2026-09-02
SGP,Singapore,2018,sanitation_basic,100.0,WHO/UNICEF JMP (via World Bank API),2026-09-02
SGP,Singapore,2017,sanitation_basic,100.0,WHO/UNICEF JMP (via World Bank API),2026-09-02
SGP,Singapore,2016,sanitation_basic,100.0,WHO/UNICEF JMP (via World Bank API),2026-09-02
SGP,Singapore,2015,sanitation_basic,100.0,WHO/UNICEF JMP (via World Bank API),2026-09-02
SGP,Singapore,2014,sanitation_basic,100.0,WHO/UNICEF JMP (via World Bank API),2026-09-02
SGP,Singapore,2013,sanitation_basic,100.0,WHO/UNICEF JMP (via World Bank API),2026-09-02
SGP,Singapore,2012,sanitation_basic,100.0,WHO/UNICEF JMP (via World Bank API),2026-09-02
SGP,Singapore,2011,sanitation_basic,100.0,WHO/UNICEF JMP (via World Bank API),2026-09-02
SGP,Singapore,2010,sanitation_basic,100.0,WHO/UNICEF JMP (via World Bank API),2026-09-02
SGP,Singapore,2009,sanitation_basic,100.0,WHO/UNICEF JMP (via World Bank API),2026-09-02
SGP,Singapore,2008,sanitation_basic,100.0,WHO/UNICEF JMP (via World Bank API),2026-09-02
SGP,Singapore,2007,sanitation_basic,100.0,WHO/UNICEF JMP (via World Bank API),2026-09-02
SGP,Singapore,2006,sanitation_basic,100.0,WHO/UNICEF JMP (via World Bank API),2026-09-02
SGP,Singapore,2005,sanitation_basic,100.0,WHO/UNICEF JMP (via World Bank API),2026-09-02
SGP,Singapore,2004,sanitation_basic,100.0,WHO/UNICEF JMP (via World Bank API),2026-09-02
SGP,Singapore,2003,sanitation_basic,100.0,WHO/UNICEF JMP (via World Bank API),2026-09-02
SGP,Singapore,2002,sanitation_basic,100.0,WHO/UNICEF JMP (via World Bank API),2026-09-02
SGP,Singapore,2001,sanitation_basic,100.0,WHO/UNICEF JMP (via World Bank API),2026-09-02
SGP,Singapore,2000,sanitation_basic,100.0,WHO/UNICEF JMP (via World Bank API),2026-09-02
SXM,Sint Maarten (Dutch part),2017,sanitation_basic,98.7810265603988,WHO/UNICEF JMP (via World Bank API),2026-09-02
SXM,Sint Maarten (Dutch part),2016,sanitation_basic,98.7810265603988,WHO/UNICEF JMP (via World Bank API),2026-09-02
SXM,Sint Maarten (Dutch part),2015,sanitation_basic,98.7810265603988,WHO/UNICEF JMP (via World Bank API),2026-09-02
SXM,Sint Maarten (Dutch part),2014,sanitation_basic,98.7810265603988,WHO/UNICEF JMP (via World Bank API),2026-09-02
SXM,Sint Maarten (Dutch part),2013,sanitation_basic,98.7810265603988,WHO/UNICEF JMP (via World Bank API),2026-09-02
SXM,Sint Maarten (Dutch part),2012,sanitation_basic,98.750518641411,WHO/UNICEF JMP (via World Bank API),2026-09-02
SXM,Sint Maarten (Dutch part),2011,sanitation_basic,98.7200107224233,WHO/UNICEF JMP (via World Bank API),2026-09-02
SXM,Sint Maarten (Dutch part),2010,sanitation_basic,98.6895028034355,WHO/UNICEF JMP (via World Bank API),2026-09-02
SXM,Sint Maarten (Dutch part),2009,sanitation_basic,98.6589948844477,WHO/UNICEF JMP (via World Bank API),2026-09-02
SXM,Sint Maarten (Dutch part),2008,sanitation_basic,98.6284869654599,WHO/UNICEF JMP (via World Bank API),2026-09-02
SXM,Sint Maarten (Dutch part),2007,sanitation_basic,98.5979790464721,WHO/UNICEF JMP (via World Bank API),2026-09-02
SXM,Sint Maarten (Dutch part),2006,sanitation_basic,98.5674711274844,WHO/UNICEF JMP (via World Bank API),2026-09-02
SXM,Sint Maarten (Dutch part),2005,sanitation_basic,98.5369632084966,WHO/UNICEF JMP (via World Bank API),2026-09-02
SXM,Sint Maarten (Dutch part),2004,sanitation_basic,98.5064552895088,WHO/UNICEF JMP (via World Bank API),2026-09-02
SXM,Sint Maarten (Dutch part),2003,sanitation_basic,98.4759473705211,WHO/UNICEF JMP (via World Bank API),2026-09-02
SXM,Sint Maarten (Dutch part),2002,sanitation_basic,98.4454394515333,WHO/UNICEF JMP (via World Bank API),2026-09-02
SXM,Sint Maarten (Dutch part),2001,sanitation_basic,98.4149315325455,WHO/UNICEF JMP (via World Bank API),2026-09-02
SXM,Sint Maarten (Dutch part),2000,sanitation_basic,98.3844236135577,WHO/UNICEF JMP (via World Bank API),2026-09-02
SVK,Slovak Republic,2023,sanitation_basic,97.5393256080188,WHO/UNICEF JMP (via World Bank API),2026-09-02
SVK,Slovak Republic,2022,sanitation_basic,97.5363631509113,WHO/UNICEF JMP (via World Bank API),2026-09-02
SVK,Slovak Republic,2021,sanitation_basic,97.5341310938748,WHO/UNICEF JMP (via World Bank API),2026-09-02
SVK,Slovak Republic,2020,sanitation_basic,97.5326284865492,WHO/UNICEF JMP (via World Bank API),2026-09-02
SVK,Slovak Republic,2019,sanitation_basic,97.5318474506964,WHO/UNICEF JMP (via World Bank API),2026-09-02
SVK,Slovak Republic,2018,sanitation_basic,97.5317758845703,WHO/UNICEF JMP (via World Bank API),2026-09-02
SVK,Slovak Republic,2017,sanitation_basic,97.532398820711,WHO/UNICEF JMP (via World Bank API),2026-09-02
SVK,Slovak Republic,2016,sanitation_basic,97.526250341086,WHO/UNICEF JMP (via World Bank API),2026-09-02
SVK,Slovak Republic,2015,sanitation_basic,97.5208284449085,WHO/UNICEF JMP (via World Bank API),2026-09-02
SVK,Slovak Republic,2014,sanitation_basic,97.516126759043,WHO/UNICEF JMP (via World Bank API),2026-09-02
SVK,Slovak Republic,2013,sanitation_basic,97.7141281271847,WHO/UNICEF JMP (via World Bank API),2026-09-02
SVK,Slovak Republic,2012,sanitation_basic,97.9115016184272,WHO/UNICEF JMP (via World Bank API),2026-09-02
SVK,Slovak Republic,2011,sanitation_basic,98.1082605200532,WHO/UNICEF JMP (via World Bank API),2026-09-02
SVK,Slovak Republic,2010,sanitation_basic,98.3065426945289,WHO/UNICEF JMP (via World Bank API),2026-09-02
SVK,Slovak Republic,2009,sanitation_basic,98.5038356202912,WHO/UNICEF JMP (via World Bank API),2026-09-02
SVK,Slovak Republic,2008,sanitation_basic,98.6983446411072,WHO/UNICEF JMP (via World Bank API),2026-09-02
SVK,Slovak Republic,2007,sanitation_basic,98.8921747745398,WHO/UNICEF JMP (via World Bank API),2026-09-02
SVK,Slovak Republic,2006,sanitation_basic,99.085354726035,WHO/UNICEF JMP (via World Bank API),2026-09-02
SVK,Slovak Republic,2005,sanitation_basic,99.2778705224537,WHO/UNICEF JMP (via World Bank API),2026-09-02
SVK,Slovak Republic,2004,sanitation_basic,99.4697212161582,WHO/UNICEF JMP (via World Bank API),2026-09-02
SVK,Slovak Republic,2003,sanitation_basic,99.6609124436808,WHO/UNICEF JMP (via World Bank API),2026-09-02
SVK,Slovak Republic,2002,sanitation_basic,99.8348565220667,WHO/UNICEF JMP (via World Bank API),2026-09-02
SVK,Slovak Republic,2001,sanitation_basic,99.8323941977163,WHO/UNICEF JMP (via World Bank API),2026-09-02
SVK,Slovak Republic,2000,sanitation_basic,99.8249510243293,WHO/UNICEF JMP (via World Bank API),2026-09-02
SVN,Slovenia,2023,sanitation_basic,98.3111577508786,WHO/UNICEF JMP (via World Bank API),2026-09-02
SVN,Slovenia,2022,sanitation_basic,98.3111577508786,WHO/UNICEF JMP (via World Bank API),2026-09-02
SVN,Slovenia,2021,sanitation_basic,98.3111577508786,WHO/UNICEF JMP (via World Bank API),2026-09-02
SVN,Slovenia,2020,sanitation_basic,98.3645255759469,WHO/UNICEF JMP (via World Bank API),2026-09-02
SVN,Slovenia,2019,sanitation_basic,98.4178934010152,WHO/UNICEF JMP (via World Bank API),2026-09-02
SVN,Slovenia,2018,sanitation_basic,98.4712612260836,WHO/UNICEF JMP (via World Bank API),2026-09-02
SVN,Slovenia,2017,sanitation_basic,98.5246290511519,WHO/UNICEF JMP (via World Bank API),2026-09-02
SVN,Slovenia,2016,sanitation_basic,98.5779968762202,WHO/UNICEF JMP (via World Bank API),2026-09-02
SVN,Slovenia,2015,sanitation_basic,98.6313647012886,WHO/UNICEF JMP (via World Bank API),2026-09-02
SVN,Slovenia,2014,sanitation_basic,98.6847325263569,WHO/UNICEF JMP (via World Bank API),2026-09-02
SVN,Slovenia,2013,sanitation_basic,98.7381003514252,WHO/UNICEF JMP (via World Bank API),2026-09-02
SVN,Slovenia,2012,sanitation_basic,98.7914681764936,WHO/UNICEF JMP (via World Bank API),2026-09-02
SVN,Slovenia,2011,sanitation_basic,98.8448360015619,WHO/UNICEF JMP (via World Bank API),2026-09-02
SVN,Slovenia,2010,sanitation_basic,98.8982038266302,WHO/UNICEF JMP (via World Bank API),2026-09-02
SVN,Slovenia,2009,sanitation_basic,98.9515716516986,WHO/UNICEF JMP (via World Bank API),2026-09-02
SVN,Slovenia,2008,sanitation_basic,99.0049394767669,WHO/UNICEF JMP (via World Bank API),2026-09-02
SVN,Slovenia,2007,sanitation_basic,99.0583073018352,WHO/UNICEF JMP (via World Bank API),2026-09-02
SVN,Slovenia,2006,sanitation_basic,99.1116751269035,WHO/UNICEF JMP (via World Bank API),2026-09-02
SVN,Slovenia,2005,sanitation_basic,99.1116751269035,WHO/UNICEF JMP (via World Bank API),2026-09-02
SVN,Slovenia,2004,sanitation_basic,99.1116751269035,WHO/UNICEF JMP (via World Bank API),2026-09-02
SVN,Slovenia,2003,sanitation_basic,99.1116751269035,WHO/UNICEF JMP (via World Bank API),2026-09-02
SVN,Slovenia,2002,sanitation_basic,99.1116751269035,WHO/UNICEF JMP (via World Bank API),2026-09-02
SVN,Slovenia,2001,sanitation_basic,99.1116751269035,WHO/UNICEF JMP (via World Bank API),2026-09-02
SVN,Slovenia,2000,sanitation_basic,99.1116751269035,WHO/UNICEF JMP (via World Bank API),2026-09-02
SLB,Solomon Islands,2023,sanitation_basic,34.4025678319385,WHO/UNICEF JMP (via World Bank API),2026-09-02
SLB,Solomon Islands,2022,sanitation_basic,34.1549727598984,WHO/UNICEF JMP (via World Bank API),2026-09-02
SLB,Solomon Islands,2021,sanitation_basic,33.9057348441726,WHO/UNICEF JMP (via World Bank API),2026-09-02
SLB,Solomon Islands,2020,sanitation_basic,33.2293129783629,WHO/UNICEF JMP (via World Bank API),2026-09-02
SLB,Solomon Islands,2019,sanitation_basic,32.5533129184691,WHO/UNICEF JMP (via World Bank API),2026-09-02
SLB,Solomon Islands,2018,sanitation_basic,31.8782846169849,WHO/UNICEF JMP (via World Bank API),2026-09-02
SLB,Solomon Islands,2017,sanitation_basic,31.2036978531695,WHO/UNICEF JMP (via World Bank API),2026-09-02
SLB,Solomon Islands,2016,sanitation_basic,30.5306345641,WHO/UNICEF JMP (via World Bank API),2026-09-02
SLB,Solomon Islands,2015,sanitation_basic,29.8590956039926,WHO/UNICEF JMP (via World Bank API),2026-09-02
SLB,Solomon Islands,2014,sanitation_basic,29.1885477185461,WHO/UNICEF JMP (via World Bank API),2026-09-02
SLB,Solomon Islands,2013,sanitation_basic,28.5200623498988,WHO/UNICEF JMP (via World Bank API),2026-09-02
SLB,Solomon Islands,2012,sanitation_basic,27.8531008197691,WHO/UNICEF JMP (via World Bank API),2026-09-02
SLB,Solomon Islands,2011,sanitation_basic,27.1881944910187,WHO/UNICEF JMP (via World Bank API),2026-09-02
SLB,Solomon Islands,2010,sanitation_basic,26.5258667445609,WHO/UNICEF JMP (via World Bank API),2026-09-02
SLB,Solomon Islands,2009,sanitation_basic,25.8655809274752,WHO/UNICEF JMP (via World Bank API),2026-09-02
SLB,Solomon Islands,2008,sanitation_basic,25.2110099133869,WHO/UNICEF JMP (via World Bank API),2026-09-02
SLB,Solomon Islands,2007,sanitation_basic,24.5615868836554,WHO/UNICEF JMP (via World Bank API),2026-09-02
SLB,Solomon Islands,2006,sanitation_basic,23.9183247473617,WHO/UNICEF JMP (via World Bank API),2026-09-02
SLB,Solomon Islands,2005,sanitation_basic,23.2806567827526,WHO/UNICEF JMP (via World Bank API),2026-09-02
SLB,Solomon Islands,2004,sanitation_basic,22.6485431199764,WHO/UNICEF JMP (via World Bank API),2026-09-02
SLB,Solomon Islands,2003,sanitation_basic,22.4348909969671,WHO/UNICEF JMP (via World Bank API),2026-09-02
SLB,Solomon Islands,2002,sanitation_basic,22.2253869365298,WHO/UNICEF JMP (via World Bank API),2026-09-02
SLB,Solomon Islands,2001,sanitation_basic,22.0200324772691,WHO/UNICEF JMP (via World Bank API),2026-09-02
SLB,Solomon Islands,2000,sanitation_basic,21.8188257252679,WHO/UNICEF JMP (via World Bank API),2026-09-02
SOM,"Somalia, Fed. Rep.",2023,sanitation_basic,43.4108945004739,WHO/UNICEF JMP (via World Bank API),2026-09-02
SOM,"Somalia, Fed. Rep.",2022,sanitation_basic,42.3649691614571,WHO/UNICEF JMP (via World Bank API),2026-09-02
SOM,"Somalia, Fed. Rep.",2021,sanitation_basic,41.3196817201459,WHO/UNICEF JMP (via World Bank API),2026-09-02
SOM,"Somalia, Fed. Rep.",2020,sanitation_basic,40.2756265135548,WHO/UNICEF JMP (via World Bank API),2026-09-02
SOM,"Somalia, Fed. Rep.",2019,sanitation_basic,39.2334053088705,WHO/UNICEF JMP (via World Bank API),2026-09-02
SOM,"Somalia, Fed. Rep.",2018,sanitation_basic,38.1938671112932,WHO/UNICEF JMP (via World Bank API),2026-09-02
SOM,"Somalia, Fed. Rep.",2017,sanitation_basic,37.1573619625344,WHO/UNICEF JMP (via World Bank API),2026-09-02
SOM,"Somalia, Fed. Rep.",2016,sanitation_basic,36.1250378584049,WHO/UNICEF JMP (via World Bank API),2026-09-02
SOM,"Somalia, Fed. Rep.",2015,sanitation_basic,35.0972405875154,WHO/UNICEF JMP (via World Bank API),2026-09-02
SOM,"Somalia, Fed. Rep.",2014,sanitation_basic,34.0748734228162,WHO/UNICEF JMP (via World Bank API),2026-09-02
SOM,"Somalia, Fed. Rep.",2013,sanitation_basic,33.058251557305,WHO/UNICEF JMP (via World Bank API),2026-09-02
SOM,"Somalia, Fed. Rep.",2012,sanitation_basic,32.0476374113968,WHO/UNICEF JMP (via World Bank API),2026-09-02
SOM,"Somalia, Fed. Rep.",2011,sanitation_basic,31.0429095384234,WHO/UNICEF JMP (via World Bank API),2026-09-02
SOM,"Somalia, Fed. Rep.",2010,sanitation_basic,29.6552314134568,WHO/UNICEF JMP (via World Bank API),2026-09-02
SOM,"Somalia, Fed. Rep.",2009,sanitation_basic,28.2620333243978,WHO/UNICEF JMP (via World Bank API),2026-09-02
SOM,"Somalia, Fed. Rep.",2008,sanitation_basic,26.8675518309153,WHO/UNICEF JMP (via World Bank API),2026-09-02
SOM,"Somalia, Fed. Rep.",2007,sanitation_basic,25.4724809628705,WHO/UNICEF JMP (via World Bank API),2026-09-02
SOM,"Somalia, Fed. Rep.",2006,sanitation_basic,25.6985522654712,WHO/UNICEF JMP (via World Bank API),2026-09-02
SOM,"Somalia, Fed. Rep.",2005,sanitation_basic,24.6385730237392,WHO/UNICEF JMP (via World Bank API),2026-09-02
SOM,"Somalia, Fed. Rep.",2004,sanitation_basic,23.5876311312832,WHO/UNICEF JMP (via World Bank API),2026-09-02
SOM,"Somalia, Fed. Rep.",2003,sanitation_basic,22.6666436152902,WHO/UNICEF JMP (via World Bank API),2026-09-02
SOM,"Somalia, Fed. Rep.",2002,sanitation_basic,21.7385524325851,WHO/UNICEF JMP (via World Bank API),2026-09-02
SOM,"Somalia, Fed. Rep.",2001,sanitation_basic,20.9631310018359,WHO/UNICEF JMP (via World Bank API),2026-09-02
SOM,"Somalia, Fed. Rep.",2000,sanitation_basic,20.1837885796287,WHO/UNICEF JMP (via World Bank API),2026-09-02
ZAF,South Africa,2023,sanitation_basic,76.7816295496925,WHO/UNICEF JMP (via World Bank API),2026-09-02
ZAF,South Africa,2022,sanitation_basic,76.169562634684,WHO/UNICEF JMP (via World Bank API),2026-09-02
ZAF,South Africa,2021,sanitation_basic,75.5483071505453,WHO/UNICEF JMP (via World Bank API),2026-09-02
ZAF,South Africa,2020,sanitation_basic,74.917857781457,WHO/UNICEF JMP (via World Bank API),2026-09-02
ZAF,South Africa,2019,sanitation_basic,74.2781920666219,WHO/UNICEF JMP (via World Bank API),2026-09-02
ZAF,South Africa,2018,sanitation_basic,73.6294078282668,WHO/UNICEF JMP (via World Bank API),2026-09-02
ZAF,South Africa,2017,sanitation_basic,72.9715054204693,WHO/UNICEF JMP (via World Bank API),2026-09-02
ZAF,South Africa,2016,sanitation_basic,72.3045193020221,WHO/UNICEF JMP (via World Bank API),2026-09-02
ZAF,South Africa,2015,sanitation_basic,71.6284763129344,WHO/UNICEF JMP (via World Bank API),2026-09-02
ZAF,South Africa,2014,sanitation_basic,70.9435261806792,WHO/UNICEF JMP (via World Bank API),2026-09-02
ZAF,South Africa,2013,sanitation_basic,70.2497373907273,WHO/UNICEF JMP (via World Bank API),2026-09-02
ZAF,South Africa,2012,sanitation_basic,69.5473276761195,WHO/UNICEF JMP (via World Bank API),2026-09-02
ZAF,South Africa,2011,sanitation_basic,68.8359875393952,WHO/UNICEF JMP (via World Bank API),2026-09-02
ZAF,South Africa,2010,sanitation_basic,68.1161861329021,WHO/UNICEF JMP (via World Bank API),2026-09-02
ZAF,South Africa,2009,sanitation_basic,67.3878839823923,WHO/UNICEF JMP (via World Bank API),2026-09-02
ZAF,South Africa,2008,sanitation_basic,66.6513463502515,WHO/UNICEF JMP (via World Bank API),2026-09-02
ZAF,South Africa,2007,sanitation_basic,65.9061304060194,WHO/UNICEF JMP (via World Bank API),2026-09-02
ZAF,South Africa,2006,sanitation_basic,65.1530628772458,WHO/UNICEF JMP (via World Bank API),2026-09-02
ZAF,South Africa,2005,sanitation_basic,64.3920939153514,WHO/UNICEF JMP (via World Bank API),2026-09-02
ZAF,South Africa,2004,sanitation_basic,63.6233578866547,WHO/UNICEF JMP (via World Bank API),2026-09-02
ZAF,South Africa,2003,sanitation_basic,62.8465144848753,WHO/UNICEF JMP (via World Bank API),2026-09-02
ZAF,South Africa,2002,sanitation_basic,62.0623724472109,WHO/UNICEF JMP (via World Bank API),2026-09-02
ZAF,South Africa,2001,sanitation_basic,61.2759508701069,WHO/UNICEF JMP (via World Bank API),2026-09-02
ZAF,South Africa,2000,sanitation_basic,60.4973716866815,WHO/UNICEF JMP (via World Bank API),2026-09-02
SSD,South Sudan,2023,sanitation_basic,14.3201319980044,WHO/UNICEF JMP (via World Bank API),2026-09-02
SSD,South Sudan,2022,sanitation_basic,14.2167630894524,WHO/UNICEF JMP (via World Bank API),2026-09-02
SSD,South Sudan,2021,sanitation_basic,13.6458281034803,WHO/UNICEF JMP (via World Bank API),2026-09-02
SSD,South Sudan,2020,sanitation_basic,13.0864589618101,WHO/UNICEF JMP (via World Bank API),2026-09-02
SSD,South Sudan,2019,sanitation_basic,12.5375975656084,WHO/UNICEF JMP (via World Bank API),2026-09-02
SSD,South Sudan,2018,sanitation_basic,11.737005779493,WHO/UNICEF JMP (via World Bank API),2026-09-02
SSD,South Sudan,2017,sanitation_basic,10.968942628146,WHO/UNICEF JMP (via World Bank API),2026-09-02
SSD,South Sudan,2016,sanitation_basic,10.2323689883362,WHO/UNICEF JMP (via World Bank API),2026-09-02
SSD,South Sudan,2015,sanitation_basic,9.52607939004663,WHO/UNICEF JMP (via World Bank API),2026-09-02
SSD,South Sudan,2014,sanitation_basic,8.84915620851998,WHO/UNICEF JMP (via World Bank API),2026-09-02
SSD,South Sudan,2013,sanitation_basic,8.20089254501599,WHO/UNICEF JMP (via World Bank API),2026-09-02
SSD,South Sudan,2012,sanitation_basic,7.58007556158214,WHO/UNICEF JMP (via World Bank API),2026-09-02
SSD,South Sudan,2011,sanitation_basic,6.98593579388276,WHO/UNICEF JMP (via World Bank API),2026-09-02
ESP,Spain,2023,sanitation_basic,99.9183686152338,WHO/UNICEF JMP (via World Bank API),2026-09-02
ESP,Spain,2022,sanitation_basic,99.9186101900368,WHO/UNICEF JMP (via World Bank API),2026-09-02
ESP,Spain,2021,sanitation_basic,99.9188670826466,WHO/UNICEF JMP (via World Bank API),2026-09-02
ESP,Spain,2020,sanitation_basic,99.9191055578582,WHO/UNICEF JMP (via World Bank API),2026-09-02
ESP,Spain,2019,sanitation_basic,99.9193505376925,WHO/UNICEF JMP (via World Bank API),2026-09-02
ESP,Spain,2018,sanitation_basic,99.9195992102324,WHO/UNICEF JMP (via World Bank API),2026-09-02
ESP,Spain,2017,sanitation_basic,99.9198350404292,WHO/UNICEF JMP (via World Bank API),2026-09-02
ESP,Spain,2016,sanitation_basic,99.9188850913844,WHO/UNICEF JMP (via World Bank API),2026-09-02
ESP,Spain,2015,sanitation_basic,99.9124654207722,WHO/UNICEF JMP (via World Bank API),2026-09-02
ESP,Spain,2014,sanitation_basic,99.9060955227569,WHO/UNICEF JMP (via World Bank API),2026-09-02
ESP,Spain,2013,sanitation_basic,99.8991712740444,WHO/UNICEF JMP (via World Bank API),2026-09-02
ESP,Spain,2012,sanitation_basic,99.8919111266773,WHO/UNICEF JMP (via World Bank API),2026-09-02
ESP,Spain,2011,sanitation_basic,99.8846622975312,WHO/UNICEF JMP (via World Bank API),2026-09-02
ESP,Spain,2010,sanitation_basic,99.8774338307554,WHO/UNICEF JMP (via World Bank API),2026-09-02
ESP,Spain,2009,sanitation_basic,99.8702292600301,WHO/UNICEF JMP (via World Bank API),2026-09-02
ESP,Spain,2008,sanitation_basic,99.8630455498867,WHO/UNICEF JMP (via World Bank API),2026-09-02
ESP,Spain,2007,sanitation_basic,99.8558830962321,WHO/UNICEF JMP (via World Bank API),2026-09-02
ESP,Spain,2006,sanitation_basic,99.8487382179383,WHO/UNICEF JMP (via World Bank API),2026-09-02
ESP,Spain,2005,sanitation_basic,99.8416133982387,WHO/UNICEF JMP (via World Bank API),2026-09-02
ESP,Spain,2004,sanitation_basic,99.8345059516588,WHO/UNICEF JMP (via World Bank API),2026-09-02
ESP,Spain,2003,sanitation_basic,99.8274307046271,WHO/UNICEF JMP (via World Bank API),2026-09-02
ESP,Spain,2002,sanitation_basic,99.8203750851097,WHO/UNICEF JMP (via World Bank API),2026-09-02
ESP,Spain,2001,sanitation_basic,99.8132386621396,WHO/UNICEF JMP (via World Bank API),2026-09-02
ESP,Spain,2000,sanitation_basic,99.81337600395,WHO/UNICEF JMP (via World Bank API),2026-09-02
LKA,Sri Lanka,2023,sanitation_basic,95.3491933910345,WHO/UNICEF JMP (via World Bank API),2026-09-02
LKA,Sri Lanka,2022,sanitation_basic,94.9480533011818,WHO/UNICEF JMP (via World Bank API),2026-09-02
LKA,Sri Lanka,2021,sanitation_basic,94.2083491070029,WHO/UNICEF JMP (via World Bank API),2026-09-02
LKA,Sri Lanka,2020,sanitation_basic,93.3463184770693,WHO/UNICEF JMP (via World Bank API),2026-09-02
LKA,Sri Lanka,2019,sanitation_basic,92.4879479800339,WHO/UNICEF JMP (via World Bank API),2026-09-02
LKA,Sri Lanka,2018,sanitation_basic,91.6331770755008,WHO/UNICEF JMP (via World Bank API),2026-09-02
LKA,Sri Lanka,2017,sanitation_basic,90.7819310655448,WHO/UNICEF JMP (via World Bank API),2026-09-02
LKA,Sri Lanka,2016,sanitation_basic,89.9341591246989,WHO/UNICEF JMP (via World Bank API),2026-09-02
LKA,Sri Lanka,2015,sanitation_basic,89.0897723399477,WHO/UNICEF JMP (via World Bank API),2026-09-02
LKA,Sri Lanka,2014,sanitation_basic,88.2487200055783,WHO/UNICEF JMP (via World Bank API),2026-09-02
LKA,Sri Lanka,2013,sanitation_basic,87.410942249761,WHO/UNICEF JMP (via World Bank API),2026-09-02
LKA,Sri Lanka,2012,sanitation_basic,86.576365798464,WHO/UNICEF JMP (via World Bank API),2026-09-02
LKA,Sri Lanka,2011,sanitation_basic,85.744932124631,WHO/UNICEF JMP (via World Bank API),2026-09-02
LKA,Sri Lanka,2010,sanitation_basic,84.916653598686,WHO/UNICEF JMP (via World Bank API),2026-09-02
LKA,Sri Lanka,2009,sanitation_basic,84.0915264944886,WHO/UNICEF JMP (via World Bank API),2026-09-02
LKA,Sri Lanka,2008,sanitation_basic,83.2695498205745,WHO/UNICEF JMP (via World Bank API),2026-09-02
LKA,Sri Lanka,2007,sanitation_basic,82.4507307606243,WHO/UNICEF JMP (via World Bank API),2026-09-02
LKA,Sri Lanka,2006,sanitation_basic,81.6350563894259,WHO/UNICEF JMP (via World Bank API),2026-09-02
LKA,Sri Lanka,2005,sanitation_basic,80.8225453170759,WHO/UNICEF JMP (via World Bank API),2026-09-02
LKA,Sri Lanka,2004,sanitation_basic,80.0131764124299,WHO/UNICEF JMP (via World Bank API),2026-09-02
LKA,Sri Lanka,2003,sanitation_basic,79.2069755512289,WHO/UNICEF JMP (via World Bank API),2026-09-02
LKA,Sri Lanka,2002,sanitation_basic,78.4039232794379,WHO/UNICEF JMP (via World Bank API),2026-09-02
LKA,Sri Lanka,2001,sanitation_basic,77.6040116337401,WHO/UNICEF JMP (via World Bank API),2026-09-02
LKA,Sri Lanka,2000,sanitation_basic,76.8072668848757,WHO/UNICEF JMP (via World Bank API),2026-09-02
KNA,St. Kitts and Nevis,2017,sanitation_basic,94.9535945166888,WHO/UNICEF JMP (via World Bank API),2026-09-02
KNA,St. Kitts and Nevis,2016,sanitation_basic,94.9535945166888,WHO/UNICEF JMP (via World Bank API),2026-09-02
KNA,St. Kitts and Nevis,2015,sanitation_basic,94.9535945166888,WHO/UNICEF JMP (via World Bank API),2026-09-02
KNA,St. Kitts and Nevis,2014,sanitation_basic,94.9535945166888,WHO/UNICEF JMP (via World Bank API),2026-09-02
KNA,St. Kitts and Nevis,2013,sanitation_basic,94.9535945166888,WHO/UNICEF JMP (via World Bank API),2026-09-02
KNA,St. Kitts and Nevis,2012,sanitation_basic,94.2995382754121,WHO/UNICEF JMP (via World Bank API),2026-09-02
KNA,St. Kitts and Nevis,2011,sanitation_basic,93.6454820341353,WHO/UNICEF JMP (via World Bank API),2026-09-02
KNA,St. Kitts and Nevis,2010,sanitation_basic,92.9914257928585,WHO/UNICEF JMP (via World Bank API),2026-09-02
KNA,St. Kitts and Nevis,2009,sanitation_basic,92.337369551582,WHO/UNICEF JMP (via World Bank API),2026-09-02
KNA,St. Kitts and Nevis,2008,sanitation_basic,91.6833133103052,WHO/UNICEF JMP (via World Bank API),2026-09-02
KNA,St. Kitts and Nevis,2007,sanitation_basic,91.0292570690285,WHO/UNICEF JMP (via World Bank API),2026-09-02
KNA,St. Kitts and Nevis,2006,sanitation_basic,90.3752008277517,WHO/UNICEF JMP (via World Bank API),2026-09-02
KNA,St. Kitts and Nevis,2005,sanitation_basic,89.7211445864751,WHO/UNICEF JMP (via World Bank API),2026-09-02
KNA,St. Kitts and Nevis,2004,sanitation_basic,89.0670883451984,WHO/UNICEF JMP (via World Bank API),2026-09-02
KNA,St. Kitts and Nevis,2003,sanitation_basic,88.4130321039216,WHO/UNICEF JMP (via World Bank API),2026-09-02
KNA,St. Kitts and Nevis,2002,sanitation_basic,87.7589758626448,WHO/UNICEF JMP (via World Bank API),2026-09-02
KNA,St. Kitts and Nevis,2001,sanitation_basic,87.1049196213683,WHO/UNICEF JMP (via World Bank API),2026-09-02
KNA,St. Kitts and Nevis,2000,sanitation_basic,86.4508633800915,WHO/UNICEF JMP (via World Bank API),2026-09-02
LCA,St. Lucia,2022,sanitation_basic,83.3579905079804,WHO/UNICEF JMP (via World Bank API),2026-09-02
LCA,St. Lucia,2021,sanitation_basic,83.3633139252982,WHO/UNICEF JMP (via World Bank API),2026-09-02
LCA,St. Lucia,2020,sanitation_basic,83.3681101145383,WHO/UNICEF JMP (via World Bank API),2026-09-02
LCA,St. Lucia,2019,sanitation_basic,83.3723158043306,WHO/UNICEF JMP (via World Bank API),2026-09-02
LCA,St. Lucia,2018,sanitation_basic,83.3759977820708,WHO/UNICEF JMP (via World Bank API),2026-09-02
LCA,St. Lucia,2017,sanitation_basic,83.2569990879187,WHO/UNICEF JMP (via World Bank API),2026-09-02
LCA,St. Lucia,2016,sanitation_basic,83.1035196660243,WHO/UNICEF JMP (via World Bank API),2026-09-02
LCA,St. Lucia,2015,sanitation_basic,82.9135424876692,WHO/UNICEF JMP (via World Bank API),2026-09-02
LCA,St. Lucia,2014,sanitation_basic,82.7233630078731,WHO/UNICEF JMP (via World Bank API),2026-09-02
LCA,St. Lucia,2013,sanitation_basic,82.9738127576029,WHO/UNICEF JMP (via World Bank API),2026-09-02
LCA,St. Lucia,2012,sanitation_basic,83.2177970691817,WHO/UNICEF JMP (via World Bank API),2026-09-02
LCA,St. Lucia,2011,sanitation_basic,83.4554358381498,WHO/UNICEF JMP (via World Bank API),2026-09-02
LCA,St. Lucia,2010,sanitation_basic,83.6875055171491,WHO/UNICEF JMP (via World Bank API),2026-09-02
LCA,St. Lucia,2009,sanitation_basic,83.8789714448605,WHO/UNICEF JMP (via World Bank API),2026-09-02
LCA,St. Lucia,2008,sanitation_basic,84.0663414681814,WHO/UNICEF JMP (via World Bank API),2026-09-02
LCA,St. Lucia,2007,sanitation_basic,84.2555483784104,WHO/UNICEF JMP (via World Bank API),2026-09-02
LCA,St. Lucia,2006,sanitation_basic,84.4463989755519,WHO/UNICEF JMP (via World Bank API),2026-09-02
LCA,St. Lucia,2005,sanitation_basic,84.6384275834936,WHO/UNICEF JMP (via World Bank API),2026-09-02
LCA,St. Lucia,2004,sanitation_basic,84.8312463406427,WHO/UNICEF JMP (via World Bank API),2026-09-02
LCA,St. Lucia,2003,sanitation_basic,85.0242495780866,WHO/UNICEF JMP (via World Bank API),2026-09-02
LCA,St. Lucia,2002,sanitation_basic,85.0025858792269,WHO/UNICEF JMP (via World Bank API),2026-09-02
LCA,St. Lucia,2001,sanitation_basic,84.9803185483626,WHO/UNICEF JMP (via World Bank API),2026-09-02
LCA,St. Lucia,2000,sanitation_basic,84.9744584780529,WHO/UNICEF JMP (via World Bank API),2026-09-02
MAF,St. Martin (French part),2023,sanitation_basic,100.0,WHO/UNICEF JMP (via World Bank API),2026-09-02
MAF,St. Martin (French part),2022,sanitation_basic,100.0,WHO/UNICEF JMP (via World Bank API),2026-09-02
MAF,St. Martin (French part),2021,sanitation_basic,100.0,WHO/UNICEF JMP (via World Bank API),2026-09-02
MAF,St. Martin (French part),2020,sanitation_basic,99.9900736670109,WHO/UNICEF JMP (via World Bank API),2026-09-02
MAF,St. Martin (French part),2019,sanitation_basic,99.9388507681379,WHO/UNICEF JMP (via World Bank API),2026-09-02
MAF,St. Martin (French part),2018,sanitation_basic,99.887627869265,WHO/UNICEF JMP (via World Bank API),2026-09-02
MAF,St. Martin (French part),2017,sanitation_basic,99.836404970392,WHO/UNICEF JMP (via World Bank API),2026-09-02
MAF,St. Martin (French part),2016,sanitation_basic,99.785182071519,WHO/UNICEF JMP (via World Bank API),2026-09-02
MAF,St. Martin (French part),2015,sanitation_basic,99.7339591726461,WHO/UNICEF JMP (via World Bank API),2026-09-02
MAF,St. Martin (French part),2014,sanitation_basic,99.6827362737731,WHO/UNICEF JMP (via World Bank API),2026-09-02
MAF,St. Martin (French part),2013,sanitation_basic,99.6315133749002,WHO/UNICEF JMP (via World Bank API),2026-09-02
MAF,St. Martin (French part),2012,sanitation_basic,99.5802904760272,WHO/UNICEF JMP (via World Bank API),2026-09-02
MAF,St. Martin (French part),2011,sanitation_basic,99.5290675771542,WHO/UNICEF JMP (via World Bank API),2026-09-02
MAF,St. Martin (French part),2010,sanitation_basic,99.4778446782813,WHO/UNICEF JMP (via World Bank API),2026-09-02
MAF,St. Martin (French part),2009,sanitation_basic,99.4266217794083,WHO/UNICEF JMP (via World Bank API),2026-09-02
MAF,St. Martin (French part),2008,sanitation_basic,99.3753988805353,WHO/UNICEF JMP (via World Bank API),2026-09-02
MAF,St. Martin (French part),2007,sanitation_basic,99.3241759816624,WHO/UNICEF JMP (via World Bank API),2026-09-02
MAF,St. Martin (French part),2006,sanitation_basic,99.2729530827894,WHO/UNICEF JMP (via World Bank API),2026-09-02
MAF,St. Martin (French part),2005,sanitation_basic,99.2217301839164,WHO/UNICEF JMP (via World Bank API),2026-09-02
MAF,St. Martin (French part),2004,sanitation_basic,99.1705072850435,WHO/UNICEF JMP (via World Bank API),2026-09-02
MAF,St. Martin (French part),2003,sanitation_basic,99.1705072850435,WHO/UNICEF JMP (via World Bank API),2026-09-02
MAF,St. Martin (French part),2002,sanitation_basic,99.1705072850435,WHO/UNICEF JMP (via World Bank API),2026-09-02
MAF,St. Martin (French part),2001,sanitation_basic,99.1705072850435,WHO/UNICEF JMP (via World Bank API),2026-09-02
MAF,St. Martin (French part),2000,sanitation_basic,99.1705072850435,WHO/UNICEF JMP (via World Bank API),2026-09-02
VCT,St. Vincent and the Grenadines,2018,sanitation_basic,89.7010629819102,WHO/UNICEF JMP (via World Bank API),2026-09-02
VCT,St. Vincent and the Grenadines,2017,sanitation_basic,89.6721678912107,WHO/UNICEF JMP (via World Bank API),2026-09-02
VCT,St. Vincent and the Grenadines,2016,sanitation_basic,89.6434827883976,WHO/UNICEF JMP (via World Bank API),2026-09-02
VCT,St. Vincent and the Grenadines,2015,sanitation_basic,89.6149399647848,WHO/UNICEF JMP (via World Bank API),2026-09-02
VCT,St. Vincent and the Grenadines,2014,sanitation_basic,89.586601063137,WHO/UNICEF JMP (via World Bank API),2026-09-02
VCT,St. Vincent and the Grenadines,2013,sanitation_basic,87.8905519339678,WHO/UNICEF JMP (via World Bank API),2026-09-02
VCT,St. Vincent and the Grenadines,2012,sanitation_basic,86.2035023550135,WHO/UNICEF JMP (via World Bank API),2026-09-02
VCT,St. Vincent and the Grenadines,2011,sanitation_basic,84.5254997766492,WHO/UNICEF JMP (via World Bank API),2026-09-02
VCT,St. Vincent and the Grenadines,2010,sanitation_basic,82.8568333078063,WHO/UNICEF JMP (via World Bank API),2026-09-02
VCT,St. Vincent and the Grenadines,2009,sanitation_basic,81.1977080162168,WHO/UNICEF JMP (via World Bank API),2026-09-02
VCT,St. Vincent and the Grenadines,2008,sanitation_basic,79.5483293300492,WHO/UNICEF JMP (via World Bank API),2026-09-02
VCT,St. Vincent and the Grenadines,2007,sanitation_basic,77.9089003654313,WHO/UNICEF JMP (via World Bank API),2026-09-02
VCT,St. Vincent and the Grenadines,2006,sanitation_basic,76.2797356313722,WHO/UNICEF JMP (via World Bank API),2026-09-02
VCT,St. Vincent and the Grenadines,2005,sanitation_basic,74.6608057101443,WHO/UNICEF JMP (via World Bank API),2026-09-02
VCT,St. Vincent and the Grenadines,2004,sanitation_basic,73.0525457928112,WHO/UNICEF JMP (via World Bank API),2026-09-02
VCT,St. Vincent and the Grenadines,2003,sanitation_basic,71.4550338353597,WHO/UNICEF JMP (via World Bank API),2026-09-02
VCT,St. Vincent and the Grenadines,2002,sanitation_basic,69.8685930812809,WHO/UNICEF JMP (via World Bank API),2026-09-02
VCT,St. Vincent and the Grenadines,2001,sanitation_basic,68.2932876455311,WHO/UNICEF JMP (via World Bank API),2026-09-02
VCT,St. Vincent and the Grenadines,2000,sanitation_basic,66.7294523137454,WHO/UNICEF JMP (via World Bank API),2026-09-02
SDN,Sudan,2023,sanitation_basic,62.7305457858252,WHO/UNICEF JMP (via World Bank API),2026-09-02
SDN,Sudan,2022,sanitation_basic,59.8058415120202,WHO/UNICEF JMP (via World Bank API),2026-09-02
SDN,Sudan,2021,sanitation_basic,56.9352476681987,WHO/UNICEF JMP (via World Bank API),2026-09-02
SDN,Sudan,2020,sanitation_basic,54.1197261681039,WHO/UNICEF JMP (via World Bank API),2026-09-02
SDN,Sudan,2019,sanitation_basic,51.3601722607621,WHO/UNICEF JMP (via World Bank API),2026-09-02
SDN,Sudan,2018,sanitation_basic,48.6574194730533,WHO/UNICEF JMP (via World Bank API),2026-09-02
SDN,Sudan,2017,sanitation_basic,46.0119565679027,WHO/UNICEF JMP (via World Bank API),2026-09-02
SDN,Sudan,2016,sanitation_basic,43.424779800547,WHO/UNICEF JMP (via World Bank API),2026-09-02
SDN,Sudan,2015,sanitation_basic,40.8962454458167,WHO/UNICEF JMP (via World Bank API),2026-09-02
SDN,Sudan,2014,sanitation_basic,38.4269401247106,WHO/UNICEF JMP (via World Bank API),2026-09-02
SDN,Sudan,2013,sanitation_basic,36.0176959149453,WHO/UNICEF JMP (via World Bank API),2026-09-02
SDN,Sudan,2012,sanitation_basic,33.6683780592082,WHO/UNICEF JMP (via World Bank API),2026-09-02
SDN,Sudan,2011,sanitation_basic,31.3797006029968,WHO/UNICEF JMP (via World Bank API),2026-09-02
SDN,Sudan,2010,sanitation_basic,29.1517069072564,WHO/UNICEF JMP (via World Bank API),2026-09-02
SDN,Sudan,2009,sanitation_basic,26.985005939161,WHO/UNICEF JMP (via World Bank API),2026-09-02
SDN,Sudan,2008,sanitation_basic,24.8798414748603,WHO/UNICEF JMP (via World Bank API),2026-09-02
SDN,Sudan,2007,sanitation_basic,22.8360801058185,WHO/UNICEF JMP (via World Bank API),2026-09-02
SDN,Sudan,2006,sanitation_basic,20.8471551509776,WHO/UNICEF JMP (via World Bank API),2026-09-02
SDN,Sudan,2005,sanitation_basic,19.1365769047278,WHO/UNICEF JMP (via World Bank API),2026-09-02
SDN,Sudan,2004,sanitation_basic,17.4258224608883,WHO/UNICEF JMP (via World Bank API),2026-09-02
SDN,Sudan,2003,sanitation_basic,17.4087500196024,WHO/UNICEF JMP (via World Bank API),2026-09-02
SDN,Sudan,2002,sanitation_basic,17.3916786977486,WHO/UNICEF JMP (via World Bank API),2026-09-02
SDN,Sudan,2001,sanitation_basic,17.374607093096,WHO/UNICEF JMP (via World Bank API),2026-09-02
SDN,Sudan,2000,sanitation_basic,17.3575354903131,WHO/UNICEF JMP (via World Bank API),2026-09-02
SUR,Suriname,2023,sanitation_basic,89.9842718946213,WHO/UNICEF JMP (via World Bank API),2026-09-02
SUR,Suriname,2022,sanitation_basic,89.9723387364091,WHO/UNICEF JMP (via World Bank API),2026-09-02
SUR,Suriname,2021,sanitation_basic,89.9622405684379,WHO/UNICEF JMP (via World Bank API),2026-09-02
SUR,Suriname,2020,sanitation_basic,89.9542117560027,WHO/UNICEF JMP (via World Bank API),2026-09-02
SUR,Suriname,2019,sanitation_basic,89.2491417475009,WHO/UNICEF JMP (via World Bank API),2026-09-02
SUR,Suriname,2018,sanitation_basic,88.5487221622628,WHO/UNICEF JMP (via World Bank API),2026-09-02
SUR,Suriname,2017,sanitation_basic,87.8530834622316,WHO/UNICEF JMP (via World Bank API),2026-09-02
SUR,Suriname,2016,sanitation_basic,87.1630073725614,WHO/UNICEF JMP (via World Bank API),2026-09-02
SUR,Suriname,2015,sanitation_basic,86.4788537727956,WHO/UNICEF JMP (via World Bank API),2026-09-02
SUR,Suriname,2014,sanitation_basic,85.8011033502861,WHO/UNICEF JMP (via World Bank API),2026-09-02
SUR,Suriname,2013,sanitation_basic,85.1304175026747,WHO/UNICEF JMP (via World Bank API),2026-09-02
SUR,Suriname,2012,sanitation_basic,84.4670825315891,WHO/UNICEF JMP (via World Bank API),2026-09-02
SUR,Suriname,2011,sanitation_basic,83.8081495753945,WHO/UNICEF JMP (via World Bank API),2026-09-02
SUR,Suriname,2010,sanitation_basic,83.1536012115357,WHO/UNICEF JMP (via World Bank API),2026-09-02
SUR,Suriname,2009,sanitation_basic,82.5034153738866,WHO/UNICEF JMP (via World Bank API),2026-09-02
SUR,Suriname,2008,sanitation_basic,81.8573477450076,WHO/UNICEF JMP (via World Bank API),2026-09-02
SUR,Suriname,2007,sanitation_basic,81.2158259074575,WHO/UNICEF JMP (via World Bank API),2026-09-02
SUR,Suriname,2006,sanitation_basic,80.5786141828713,WHO/UNICEF JMP (via World Bank API),2026-09-02
SUR,Suriname,2005,sanitation_basic,79.9454355206116,WHO/UNICEF JMP (via World Bank API),2026-09-02
SUR,Suriname,2004,sanitation_basic,79.3133628506981,WHO/UNICEF JMP (via World Bank API),2026-09-02
SUR,Suriname,2003,sanitation_basic,78.9935674670335,WHO/UNICEF JMP (via World Bank API),2026-09-02
SUR,Suriname,2002,sanitation_basic,78.6724770234777,WHO/UNICEF JMP (via World Bank API),2026-09-02
SUR,Suriname,2001,sanitation_basic,78.3498083783454,WHO/UNICEF JMP (via World Bank API),2026-09-02
SUR,Suriname,2000,sanitation_basic,78.0261256777533,WHO/UNICEF JMP (via World Bank API),2026-09-02
SWE,Sweden,2023,sanitation_basic,98.7436812461122,WHO/UNICEF JMP (via World Bank API),2026-09-02
SWE,Sweden,2022,sanitation_basic,98.767447686991,WHO/UNICEF JMP (via World Bank API),2026-09-02
SWE,Sweden,2021,sanitation_basic,98.7911500544417,WHO/UNICEF JMP (via World Bank API),2026-09-02
SWE,Sweden,2020,sanitation_basic,98.8147945547194,WHO/UNICEF JMP (via World Bank API),2026-09-02
SWE,Sweden,2019,sanitation_basic,98.8383650468889,WHO/UNICEF JMP (via World Bank API),2026-09-02
SWE,Sweden,2018,sanitation_basic,98.8618710894005,WHO/UNICEF JMP (via World Bank API),2026-09-02
SWE,Sweden,2017,sanitation_basic,98.8852906425608,WHO/UNICEF JMP (via World Bank API),2026-09-02
SWE,Sweden,2016,sanitation_basic,98.9086418804905,WHO/UNICEF JMP (via World Bank API),2026-09-02
SWE,Sweden,2015,sanitation_basic,98.9319079494218,WHO/UNICEF JMP (via World Bank API),2026-09-02
SWE,Sweden,2014,sanitation_basic,98.9550794456992,WHO/UNICEF JMP (via World Bank API),2026-09-02
SWE,Sweden,2013,sanitation_basic,98.9781745144205,WHO/UNICEF JMP (via World Bank API),2026-09-02
SWE,Sweden,2012,sanitation_basic,99.0011691334878,WHO/UNICEF JMP (via World Bank API),2026-09-02
SWE,Sweden,2011,sanitation_basic,99.0240725950998,WHO/UNICEF JMP (via World Bank API),2026-09-02
SWE,Sweden,2010,sanitation_basic,99.0468670356081,WHO/UNICEF JMP (via World Bank API),2026-09-02
SWE,Sweden,2009,sanitation_basic,99.0695949437167,WHO/UNICEF JMP (via World Bank API),2026-09-02
SWE,Sweden,2008,sanitation_basic,99.0922716215488,WHO/UNICEF JMP (via World Bank API),2026-09-02
SWE,Sweden,2007,sanitation_basic,99.1149041183548,WHO/UNICEF JMP (via World Bank API),2026-09-02
SWE,Sweden,2006,sanitation_basic,99.1374844622195,WHO/UNICEF JMP (via World Bank API),2026-09-02
SWE,Sweden,2005,sanitation_basic,99.1600494494,WHO/UNICEF JMP (via World Bank API),2026-09-02
SWE,Sweden,2004,sanitation_basic,99.182623862092,WHO/UNICEF JMP (via World Bank API),2026-09-02
SWE,Sweden,2003,sanitation_basic,99.2051754500928,WHO/UNICEF JMP (via World Bank API),2026-09-02
SWE,Sweden,2002,sanitation_basic,99.2277089490057,WHO/UNICEF JMP (via World Bank API),2026-09-02
SWE,Sweden,2001,sanitation_basic,99.2332384165328,WHO/UNICEF JMP (via World Bank API),2026-09-02
SWE,Sweden,2000,sanitation_basic,99.2347634124279,WHO/UNICEF JMP (via World Bank API),2026-09-02
CHE,Switzerland,2023,sanitation_basic,99.8998744202541,WHO/UNICEF JMP (via World Bank API),2026-09-02
CHE,Switzerland,2022,sanitation_basic,99.8998753786739,WHO/UNICEF JMP (via World Bank API),2026-09-02
CHE,Switzerland,2021,sanitation_basic,99.8998704339259,WHO/UNICEF JMP (via World Bank API),2026-09-02
CHE,Switzerland,2020,sanitation_basic,99.8998740977632,WHO/UNICEF JMP (via World Bank API),2026-09-02
CHE,Switzerland,2019,sanitation_basic,99.8998728058584,WHO/UNICEF JMP (via World Bank API),2026-09-02
CHE,Switzerland,2018,sanitation_basic,99.8998706855138,WHO/UNICEF JMP (via World Bank API),2026-09-02
CHE,Switzerland,2017,sanitation_basic,99.8998756361922,WHO/UNICEF JMP (via World Bank API),2026-09-02
CHE,Switzerland,2016,sanitation_basic,99.8982917124867,WHO/UNICEF JMP (via World Bank API),2026-09-02
CHE,Switzerland,2015,sanitation_basic,99.8954458615596,WHO/UNICEF JMP (via World Bank API),2026-09-02
CHE,Switzerland,2014,sanitation_basic,99.8925900927449,WHO/UNICEF JMP (via World Bank API),2026-09-02
CHE,Switzerland,2013,sanitation_basic,99.8897357144211,WHO/UNICEF JMP (via World Bank API),2026-09-02
CHE,Switzerland,2012,sanitation_basic,99.8868750975179,WHO/UNICEF JMP (via World Bank API),2026-09-02
CHE,Switzerland,2011,sanitation_basic,99.884002235061,WHO/UNICEF JMP (via World Bank API),2026-09-02
CHE,Switzerland,2010,sanitation_basic,99.8811300380304,WHO/UNICEF JMP (via World Bank API),2026-09-02
CHE,Switzerland,2009,sanitation_basic,99.8811142742757,WHO/UNICEF JMP (via World Bank API),2026-09-02
CHE,Switzerland,2008,sanitation_basic,99.8810918351395,WHO/UNICEF JMP (via World Bank API),2026-09-02
CHE,Switzerland,2007,sanitation_basic,99.8810759344812,WHO/UNICEF JMP (via World Bank API),2026-09-02
CHE,Switzerland,2006,sanitation_basic,99.8810597647058,WHO/UNICEF JMP (via World Bank API),2026-09-02
CHE,Switzerland,2005,sanitation_basic,99.8810375348048,WHO/UNICEF JMP (via World Bank API),2026-09-02
CHE,Switzerland,2004,sanitation_basic,99.8810219544494,WHO/UNICEF JMP (via World Bank API),2026-09-02
CHE,Switzerland,2003,sanitation_basic,99.8810032241511,WHO/UNICEF JMP (via World Bank API),2026-09-02
CHE,Switzerland,2002,sanitation_basic,99.8809871491783,WHO/UNICEF JMP (via World Bank API),2026-09-02
CHE,Switzerland,2001,sanitation_basic,99.8809658313733,WHO/UNICEF JMP (via World Bank API),2026-09-02
CHE,Switzerland,2000,sanitation_basic,99.8809744521453,WHO/UNICEF JMP (via World Bank API),2026-09-02
SYR,Syrian Arab Republic,2023,sanitation_basic,95.3158526472943,WHO/UNICEF JMP (via World Bank API),2026-09-02
SYR,Syrian Arab Republic,2022,sanitation_basic,94.980328483975,WHO/UNICEF JMP (via World Bank API),2026-09-02
SYR,Syrian Arab Republic,2021,sanitation_basic,94.6418305675614,WHO/UNICEF JMP (via World Bank API),2026-09-02
SYR,Syrian Arab Republic,2020,sanitation_basic,94.3003801258049,WHO/UNICEF JMP (via World Bank API),2026-09-02
SYR,Syrian Arab Republic,2019,sanitation_basic,93.9559328365603,WHO/UNICEF JMP (via World Bank API),2026-09-02
SYR,Syrian Arab Republic,2018,sanitation_basic,93.6084625778636,WHO/UNICEF JMP (via World Bank API),2026-09-02
SYR,Syrian Arab Republic,2017,sanitation_basic,93.258034132691,WHO/UNICEF JMP (via World Bank API),2026-09-02
SYR,Syrian Arab Republic,2016,sanitation_basic,92.9046403526053,WHO/UNICEF JMP (via World Bank API),2026-09-02
SYR,Syrian Arab Republic,2015,sanitation_basic,92.5483239351902,WHO/UNICEF JMP (via World Bank API),2026-09-02
SYR,Syrian Arab Republic,2014,sanitation_basic,92.1891347366773,WHO/UNICEF JMP (via World Bank API),2026-09-02
SYR,Syrian Arab Republic,2013,sanitation_basic,91.9089982459699,WHO/UNICEF JMP (via World Bank API),2026-09-02
SYR,Syrian Arab Republic,2012,sanitation_basic,91.6346537137352,WHO/UNICEF JMP (via World Bank API),2026-09-02
SYR,Syrian Arab Republic,2011,sanitation_basic,91.3661532755884,WHO/UNICEF JMP (via World Bank API),2026-09-02
SYR,Syrian Arab Republic,2010,sanitation_basic,91.1032333325641,WHO/UNICEF JMP (via World Bank API),2026-09-02
SYR,Syrian Arab Republic,2009,sanitation_basic,90.765252574693,WHO/UNICEF JMP (via World Bank API),2026-09-02
SYR,Syrian Arab Republic,2008,sanitation_basic,90.4260958959399,WHO/UNICEF JMP (via World Bank API),2026-09-02
SYR,Syrian Arab Republic,2007,sanitation_basic,90.0855961151044,WHO/UNICEF JMP (via World Bank API),2026-09-02
SYR,Syrian Arab Republic,2006,sanitation_basic,89.7438154668414,WHO/UNICEF JMP (via World Bank API),2026-09-02
SYR,Syrian Arab Republic,2005,sanitation_basic,89.4008999377627,WHO/UNICEF JMP (via World Bank API),2026-09-02
SYR,Syrian Arab Republic,2004,sanitation_basic,89.0567218578073,WHO/UNICEF JMP (via World Bank API),2026-09-02
SYR,Syrian Arab Republic,2003,sanitation_basic,88.9036732275118,WHO/UNICEF JMP (via World Bank API),2026-09-02
SYR,Syrian Arab Republic,2002,sanitation_basic,88.7492874257757,WHO/UNICEF JMP (via World Bank API),2026-09-02
SYR,Syrian Arab Republic,2001,sanitation_basic,88.5934283502185,WHO/UNICEF JMP (via World Bank API),2026-09-02
SYR,Syrian Arab Republic,2000,sanitation_basic,88.4362434436707,WHO/UNICEF JMP (via World Bank API),2026-09-02
TJK,Tajikistan,2023,sanitation_basic,95.9857039731115,WHO/UNICEF JMP (via World Bank API),2026-09-02
TJK,Tajikistan,2022,sanitation_basic,95.9951184722517,WHO/UNICEF JMP (via World Bank API),2026-09-02
TJK,Tajikistan,2021,sanitation_basic,95.98782600032,WHO/UNICEF JMP (via World Bank API),2026-09-02
TJK,Tajikistan,2020,sanitation_basic,95.9796685499025,WHO/UNICEF JMP (via World Bank API),2026-09-02
TJK,Tajikistan,2019,sanitation_basic,95.9706194331764,WHO/UNICEF JMP (via World Bank API),2026-09-02
TJK,Tajikistan,2018,sanitation_basic,95.8112529374464,WHO/UNICEF JMP (via World Bank API),2026-09-02
TJK,Tajikistan,2017,sanitation_basic,95.5837707483272,WHO/UNICEF JMP (via World Bank API),2026-09-02
TJK,Tajikistan,2016,sanitation_basic,95.3542477429458,WHO/UNICEF JMP (via World Bank API),2026-09-02
TJK,Tajikistan,2015,sanitation_basic,95.1229285632346,WHO/UNICEF JMP (via World Bank API),2026-09-02
TJK,Tajikistan,2014,sanitation_basic,94.8900877135893,WHO/UNICEF JMP (via World Bank API),2026-09-02
TJK,Tajikistan,2013,sanitation_basic,94.6560052528961,WHO/UNICEF JMP (via World Bank API),2026-09-02
TJK,Tajikistan,2012,sanitation_basic,94.4209455801784,WHO/UNICEF JMP (via World Bank API),2026-09-02
TJK,Tajikistan,2011,sanitation_basic,94.185174547708,WHO/UNICEF JMP (via World Bank API),2026-09-02
TJK,Tajikistan,2010,sanitation_basic,93.9489613656333,WHO/UNICEF JMP (via World Bank API),2026-09-02
TJK,Tajikistan,2009,sanitation_basic,93.7124382355308,WHO/UNICEF JMP (via World Bank API),2026-09-02
TJK,Tajikistan,2008,sanitation_basic,93.4756158486128,WHO/UNICEF JMP (via World Bank API),2026-09-02
TJK,Tajikistan,2007,sanitation_basic,93.2384821622591,WHO/UNICEF JMP (via World Bank API),2026-09-02
TJK,Tajikistan,2006,sanitation_basic,93.0010371753061,WHO/UNICEF JMP (via World Bank API),2026-09-02
TJK,Tajikistan,2005,sanitation_basic,92.7632910189712,WHO/UNICEF JMP (via World Bank API),2026-09-02
TJK,Tajikistan,2004,sanitation_basic,92.5252394619312,WHO/UNICEF JMP (via World Bank API),2026-09-02
TJK,Tajikistan,2003,sanitation_basic,92.2869078236657,WHO/UNICEF JMP (via World Bank API),2026-09-02
TJK,Tajikistan,2002,sanitation_basic,92.048248339145,WHO/UNICEF JMP (via World Bank API),2026-09-02
TJK,Tajikistan,2001,sanitation_basic,91.8092789104417,WHO/UNICEF JMP (via World Bank API),2026-09-02
TJK,Tajikistan,2000,sanitation_basic,91.5699996065089,WHO/UNICEF JMP (via World Bank API),2026-09-02
TZA,Tanzania,2023,sanitation_basic,35.6824982712263,WHO/UNICEF JMP (via World Bank API),2026-09-02
TZA,Tanzania,2022,sanitation_basic,34.1608687863697,WHO/UNICEF JMP (via World Bank API),2026-09-02
TZA,Tanzania,2021,sanitation_basic,32.6535108479798,WHO/UNICEF JMP (via World Bank API),2026-09-02
TZA,Tanzania,2020,sanitation_basic,31.1602899873696,WHO/UNICEF JMP (via World Bank API),2026-09-02
TZA,Tanzania,2019,sanitation_basic,29.6802357492442,WHO/UNICEF JMP (via World Bank API),2026-09-02
TZA,Tanzania,2018,sanitation_basic,28.2133927251419,WHO/UNICEF JMP (via World Bank API),2026-09-02
TZA,Tanzania,2017,sanitation_basic,26.7585271322434,WHO/UNICEF JMP (via World Bank API),2026-09-02
TZA,Tanzania,2016,sanitation_basic,25.3153858621226,WHO/UNICEF JMP (via World Bank API),2026-09-02
TZA,Tanzania,2015,sanitation_basic,23.8834363913571,WHO/UNICEF JMP (via World Bank API),2026-09-02
TZA,Tanzania,2014,sanitation_basic,22.4616949820223,WHO/UNICEF JMP (via World Bank API),2026-09-02
TZA,Tanzania,2013,sanitation_basic,21.049832968174,WHO/UNICEF JMP (via World Bank API),2026-09-02
TZA,Tanzania,2012,sanitation_basic,19.6470733482155,WHO/UNICEF JMP (via World Bank API),2026-09-02
TZA,Tanzania,2011,sanitation_basic,18.2532282424589,WHO/UNICEF JMP (via World Bank API),2026-09-02
TZA,Tanzania,2010,sanitation_basic,16.8680409613497,WHO/UNICEF JMP (via World Bank API),2026-09-02
TZA,Tanzania,2009,sanitation_basic,15.4903054261921,WHO/UNICEF JMP (via World Bank API),2026-09-02
TZA,Tanzania,2008,sanitation_basic,14.1197491698762,WHO/UNICEF JMP (via World Bank API),2026-09-02
TZA,Tanzania,2007,sanitation_basic,12.7548704063114,WHO/UNICEF JMP (via World Bank API),2026-09-02
TZA,Tanzania,2006,sanitation_basic,11.3955838103187,WHO/UNICEF JMP (via World Bank API),2026-09-02
TZA,Tanzania,2005,sanitation_basic,10.0407875300945,WHO/UNICEF JMP (via World Bank API),2026-09-02
TZA,Tanzania,2004,sanitation_basic,8.68990145112376,WHO/UNICEF JMP (via World Bank API),2026-09-02
TZA,Tanzania,2003,sanitation_basic,7.3420470245643,WHO/UNICEF JMP (via World Bank API),2026-09-02
TZA,Tanzania,2002,sanitation_basic,6.02169752992319,WHO/UNICEF JMP (via World Bank API),2026-09-02
TZA,Tanzania,2001,sanitation_basic,4.73290413603406,WHO/UNICEF JMP (via World Bank API),2026-09-02
TZA,Tanzania,2000,sanitation_basic,3.44646184127631,WHO/UNICEF JMP (via World Bank API),2026-09-02
THA,Thailand,2023,sanitation_basic,99.0385374392322,WHO/UNICEF JMP (via World Bank API),2026-09-02
THA,Thailand,2022,sanitation_basic,98.7010762721829,WHO/UNICEF JMP (via World Bank API),2026-09-02
THA,Thailand,2021,sanitation_basic,98.3663780543942,WHO/UNICEF JMP (via World Bank API),2026-09-02
THA,Thailand,2020,sanitation_basic,98.0344733663979,WHO/UNICEF JMP (via World Bank API),2026-09-02
THA,Thailand,2019,sanitation_basic,97.705394777576,WHO/UNICEF JMP (via World Bank API),2026-09-02
THA,Thailand,2018,sanitation_basic,97.3791754669481,WHO/UNICEF JMP (via World Bank API),2026-09-02
THA,Thailand,2017,sanitation_basic,97.0558447818026,WHO/UNICEF JMP (via World Bank API),2026-09-02
THA,Thailand,2016,sanitation_basic,96.7354102291453,WHO/UNICEF JMP (via World Bank API),2026-09-02
THA,Thailand,2015,sanitation_basic,96.417885275126,WHO/UNICEF JMP (via World Bank API),2026-09-02
THA,Thailand,2014,sanitation_basic,96.1032346574694,WHO/UNICEF JMP (via World Bank API),2026-09-02
THA,Thailand,2013,sanitation_basic,95.7914583178376,WHO/UNICEF JMP (via World Bank API),2026-09-02
THA,Thailand,2012,sanitation_basic,95.4825472825224,WHO/UNICEF JMP (via World Bank API),2026-09-02
THA,Thailand,2011,sanitation_basic,95.1764985756383,WHO/UNICEF JMP (via World Bank API),2026-09-02
THA,Thailand,2010,sanitation_basic,94.8749317339833,WHO/UNICEF JMP (via World Bank API),2026-09-02
THA,Thailand,2009,sanitation_basic,94.5853633004337,WHO/UNICEF JMP (via World Bank API),2026-09-02
THA,Thailand,2008,sanitation_basic,94.3003992134307,WHO/UNICEF JMP (via World Bank API),2026-09-02
THA,Thailand,2007,sanitation_basic,94.0200504764456,WHO/UNICEF JMP (via World Bank API),2026-09-02
THA,Thailand,2006,sanitation_basic,93.7441160220544,WHO/UNICEF JMP (via World Bank API),2026-09-02
THA,Thailand,2005,sanitation_basic,93.4725323543909,WHO/UNICEF JMP (via World Bank API),2026-09-02
THA,Thailand,2004,sanitation_basic,93.2050846909476,WHO/UNICEF JMP (via World Bank API),2026-09-02
THA,Thailand,2003,sanitation_basic,92.9418411854686,WHO/UNICEF JMP (via World Bank API),2026-09-02
THA,Thailand,2002,sanitation_basic,92.6825085503493,WHO/UNICEF JMP (via World Bank API),2026-09-02
THA,Thailand,2001,sanitation_basic,92.4269815292223,WHO/UNICEF JMP (via World Bank API),2026-09-02
THA,Thailand,2000,sanitation_basic,92.1750602372757,WHO/UNICEF JMP (via World Bank API),2026-09-02
TLS,Timor-Leste,2023,sanitation_basic,70.4877207394957,WHO/UNICEF JMP (via World Bank API),2026-09-02
TLS,Timor-Leste,2022,sanitation_basic,68.0360936203576,WHO/UNICEF JMP (via World Bank API),2026-09-02
TLS,Timor-Leste,2021,sanitation_basic,65.5812259785817,WHO/UNICEF JMP (via World Bank API),2026-09-02
TLS,Timor-Leste,2020,sanitation_basic,63.1237035257288,WHO/UNICEF JMP (via World Bank API),2026-09-02
TLS,Timor-Leste,2019,sanitation_basic,60.663593946828,WHO/UNICEF JMP (via World Bank API),2026-09-02
TLS,Timor-Leste,2018,sanitation_basic,58.2016694124243,WHO/UNICEF JMP (via World Bank API),2026-09-02
TLS,Timor-Leste,2017,sanitation_basic,55.7381542550198,WHO/UNICEF JMP (via World Bank API),2026-09-02
TLS,Timor-Leste,2016,sanitation_basic,53.273678577949,WHO/UNICEF JMP (via World Bank API),2026-09-02
TLS,Timor-Leste,2015,sanitation_basic,50.808161320469,WHO/UNICEF JMP (via World Bank API),2026-09-02
TLS,Timor-Leste,2014,sanitation_basic,48.3422173517987,WHO/UNICEF JMP (via World Bank API),2026-09-02
TLS,Timor-Leste,2013,sanitation_basic,45.8762265623181,WHO/UNICEF JMP (via World Bank API),2026-09-02
TLS,Timor-Leste,2012,sanitation_basic,43.41056257646,WHO/UNICEF JMP (via World Bank API),2026-09-02
TLS,Timor-Leste,2011,sanitation_basic,40.9452765286363,WHO/UNICEF JMP (via World Bank API),2026-09-02
TLS,Timor-Leste,2010,sanitation_basic,38.4806929868607,WHO/UNICEF JMP (via World Bank API),2026-09-02
TLS,Timor-Leste,2009,sanitation_basic,36.0178392685678,WHO/UNICEF JMP (via World Bank API),2026-09-02
TLS,Timor-Leste,2008,sanitation_basic,33.5563864330636,WHO/UNICEF JMP (via World Bank API),2026-09-02
TLS,Timor-Leste,2007,sanitation_basic,31.0966445042485,WHO/UNICEF JMP (via World Bank API),2026-09-02
TLS,Timor-Leste,2006,sanitation_basic,28.6397241043122,WHO/UNICEF JMP (via World Bank API),2026-09-02
TLS,Timor-Leste,2005,sanitation_basic,26.1851944213066,WHO/UNICEF JMP (via World Bank API),2026-09-02
TLS,Timor-Leste,2004,sanitation_basic,23.7373821027999,WHO/UNICEF JMP (via World Bank API),2026-09-02
TLS,Timor-Leste,2003,sanitation_basic,21.2656644837503,WHO/UNICEF JMP (via World Bank API),2026-09-02
TLS,Timor-Leste,2002,sanitation_basic,18.7862054534433,WHO/UNICEF JMP (via World Bank API),2026-09-02
TGO,Togo,2023,sanitation_basic,25.0297462105085,WHO/UNICEF JMP (via World Bank API),2026-09-02
TGO,Togo,2022,sanitation_basic,24.8925910881783,WHO/UNICEF JMP (via World Bank API),2026-09-02
TGO,Togo,2021,sanitation_basic,23.7836212231427,WHO/UNICEF JMP (via World Bank API),2026-09-02
TGO,Togo,2020,sanitation_basic,22.6992561746885,WHO/UNICEF JMP (via World Bank API),2026-09-02
TGO,Togo,2019,sanitation_basic,21.6400439153227,WHO/UNICEF JMP (via World Bank API),2026-09-02
TGO,Togo,2018,sanitation_basic,20.6062840876452,WHO/UNICEF JMP (via World Bank API),2026-09-02
TGO,Togo,2017,sanitation_basic,19.5982705218929,WHO/UNICEF JMP (via World Bank API),2026-09-02
TGO,Togo,2016,sanitation_basic,18.6162879264339,WHO/UNICEF JMP (via World Bank API),2026-09-02
TGO,Togo,2015,sanitation_basic,17.6606158910418,WHO/UNICEF JMP (via World Bank API),2026-09-02
TGO,Togo,2014,sanitation_basic,16.7317561082878,WHO/UNICEF JMP (via World Bank API),2026-09-02
TGO,Togo,2013,sanitation_basic,15.8290583040509,WHO/UNICEF JMP (via World Bank API),2026-09-02
TGO,Togo,2012,sanitation_basic,14.9528006713975,WHO/UNICEF JMP (via World Bank API),2026-09-02
TGO,Togo,2011,sanitation_basic,14.1028173218821,WHO/UNICEF JMP (via World Bank API),2026-09-02
TGO,Togo,2010,sanitation_basic,13.2824677060048,WHO/UNICEF JMP (via World Bank API),2026-09-02
TGO,Togo,2009,sanitation_basic,12.493855912589,WHO/UNICEF JMP (via World Bank API),2026-09-02
TGO,Togo,2008,sanitation_basic,11.7327806563873,WHO/UNICEF JMP (via World Bank API),2026-09-02
TGO,Togo,2007,sanitation_basic,10.9986369472506,WHO/UNICEF JMP (via World Bank API),2026-09-02
TGO,Togo,2006,sanitation_basic,10.2925202802465,WHO/UNICEF JMP (via World Bank API),2026-09-02
TGO,Togo,2005,sanitation_basic,9.61445795262473,WHO/UNICEF JMP (via World Bank API),2026-09-02
TGO,Togo,2004,sanitation_basic,8.96468393915561,WHO/UNICEF JMP (via World Bank API),2026-09-02
TGO,Togo,2003,sanitation_basic,8.7296739646634,WHO/UNICEF JMP (via World Bank API),2026-09-02
TGO,Togo,2002,sanitation_basic,8.49612982372265,WHO/UNICEF JMP (via World Bank API),2026-09-02
TGO,Togo,2001,sanitation_basic,8.26404186167869,WHO/UNICEF JMP (via World Bank API),2026-09-02
TGO,Togo,2000,sanitation_basic,8.03359662210635,WHO/UNICEF JMP (via World Bank API),2026-09-02
TON,Tonga,2023,sanitation_basic,93.9318098810781,WHO/UNICEF JMP (via World Bank API),2026-09-02
TON,Tonga,2022,sanitation_basic,93.7917923415777,WHO/UNICEF JMP (via World Bank API),2026-09-02
TON,Tonga,2021,sanitation_basic,93.6491554246251,WHO/UNICEF JMP (via World Bank API),2026-09-02
TON,Tonga,2020,sanitation_basic,93.5041088737025,WHO/UNICEF JMP (via World Bank API),2026-09-02
TON,Tonga,2019,sanitation_basic,93.3566618540617,WHO/UNICEF JMP (via World Bank API),2026-09-02
TON,Tonga,2018,sanitation_basic,93.2070910925577,WHO/UNICEF JMP (via World Bank API),2026-09-02
TON,Tonga,2017,sanitation_basic,93.0554424910355,WHO/UNICEF JMP (via World Bank API),2026-09-02
TON,Tonga,2016,sanitation_basic,92.9019205295168,WHO/UNICEF JMP (via World Bank API),2026-09-02
TON,Tonga,2015,sanitation_basic,92.7457956111317,WHO/UNICEF JMP (via World Bank API),2026-09-02
TON,Tonga,2014,sanitation_basic,92.587068935407,WHO/UNICEF JMP (via World Bank API),2026-09-02
TON,Tonga,2013,sanitation_basic,92.4258220900949,WHO/UNICEF JMP (via World Bank API),2026-09-02
TON,Tonga,2012,sanitation_basic,92.2619222236095,WHO/UNICEF JMP (via World Bank API),2026-09-02
TON,Tonga,2011,sanitation_basic,92.0921967178499,WHO/UNICEF JMP (via World Bank API),2026-09-02
TON,Tonga,2010,sanitation_basic,91.914895774654,WHO/UNICEF JMP (via World Bank API),2026-09-02
TON,Tonga,2009,sanitation_basic,91.4632691263774,WHO/UNICEF JMP (via World Bank API),2026-09-02
TON,Tonga,2008,sanitation_basic,91.0111252112613,WHO/UNICEF JMP (via World Bank API),2026-09-02
TON,Tonga,2007,sanitation_basic,90.558457375061,WHO/UNICEF JMP (via World Bank API),2026-09-02
TON,Tonga,2006,sanitation_basic,90.1063131747226,WHO/UNICEF JMP (via World Bank API),2026-09-02
TON,Tonga,2005,sanitation_basic,89.6551557415148,WHO/UNICEF JMP (via World Bank API),2026-09-02
TON,Tonga,2004,sanitation_basic,89.2038246506717,WHO/UNICEF JMP (via World Bank API),2026-09-02
TON,Tonga,2003,sanitation_basic,89.200794074455,WHO/UNICEF JMP (via World Bank API),2026-09-02
TON,Tonga,2002,sanitation_basic,89.1977672693598,WHO/UNICEF JMP (via World Bank API),2026-09-02
TON,Tonga,2001,sanitation_basic,89.1948394556071,WHO/UNICEF JMP (via World Bank API),2026-09-02
TON,Tonga,2000,sanitation_basic,89.1918092232378,WHO/UNICEF JMP (via World Bank API),2026-09-02
TTO,Trinidad and Tobago,2023,sanitation_basic,94.1907029265778,WHO/UNICEF JMP (via World Bank API),2026-09-02
TTO,Trinidad and Tobago,2022,sanitation_basic,94.204562265161,WHO/UNICEF JMP (via World Bank API),2026-09-02
TTO,Trinidad and Tobago,2021,sanitation_basic,94.2194207686008,WHO/UNICEF JMP (via World Bank API),2026-09-02
TTO,Trinidad and Tobago,2020,sanitation_basic,94.2350621411755,WHO/UNICEF JMP (via World Bank API),2026-09-02
TTO,Trinidad and Tobago,2019,sanitation_basic,94.251259726399,WHO/UNICEF JMP (via World Bank API),2026-09-02
TTO,Trinidad and Tobago,2018,sanitation_basic,94.2677930697495,WHO/UNICEF JMP (via World Bank API),2026-09-02
TTO,Trinidad and Tobago,2017,sanitation_basic,94.2844344672468,WHO/UNICEF JMP (via World Bank API),2026-09-02
TTO,Trinidad and Tobago,2016,sanitation_basic,94.3009655351862,WHO/UNICEF JMP (via World Bank API),2026-09-02
TTO,Trinidad and Tobago,2015,sanitation_basic,94.317158860963,WHO/UNICEF JMP (via World Bank API),2026-09-02
TTO,Trinidad and Tobago,2014,sanitation_basic,94.3327824248919,WHO/UNICEF JMP (via World Bank API),2026-09-02
TTO,Trinidad and Tobago,2013,sanitation_basic,94.3476328778078,WHO/UNICEF JMP (via World Bank API),2026-09-02
TTO,Trinidad and Tobago,2012,sanitation_basic,94.3614743999076,WHO/UNICEF JMP (via World Bank API),2026-09-02
TTO,Trinidad and Tobago,2011,sanitation_basic,94.3740852058431,WHO/UNICEF JMP (via World Bank API),2026-09-02
TTO,Trinidad and Tobago,2010,sanitation_basic,94.3852371604895,WHO/UNICEF JMP (via World Bank API),2026-09-02
TTO,Trinidad and Tobago,2009,sanitation_basic,94.3953687318109,WHO/UNICEF JMP (via World Bank API),2026-09-02
TTO,Trinidad and Tobago,2008,sanitation_basic,94.3904280017838,WHO/UNICEF JMP (via World Bank API),2026-09-02
TTO,Trinidad and Tobago,2007,sanitation_basic,94.3855102571565,WHO/UNICEF JMP (via World Bank API),2026-09-02
TTO,Trinidad and Tobago,2006,sanitation_basic,94.3805673799329,WHO/UNICEF JMP (via World Bank API),2026-09-02
TTO,Trinidad and Tobago,2005,sanitation_basic,94.3756517863125,WHO/UNICEF JMP (via World Bank API),2026-09-02
TUN,Tunisia,2023,sanitation_basic,97.9849156132874,WHO/UNICEF JMP (via World Bank API),2026-09-02
TUN,Tunisia,2022,sanitation_basic,97.1606271679566,WHO/UNICEF JMP (via World Bank API),2026-09-02
TUN,Tunisia,2021,sanitation_basic,96.2856817943005,WHO/UNICEF JMP (via World Bank API),2026-09-02
TUN,Tunisia,2020,sanitation_basic,95.4060813673203,WHO/UNICEF JMP (via World Bank API),2026-09-02
TUN,Tunisia,2019,sanitation_basic,94.5224940632681,WHO/UNICEF JMP (via World Bank API),2026-09-02
TUN,Tunisia,2018,sanitation_basic,93.6354735142668,WHO/UNICEF JMP (via World Bank API),2026-09-02
TUN,Tunisia,2017,sanitation_basic,92.7457440160073,WHO/UNICEF JMP (via World Bank API),2026-09-02
TUN,Tunisia,2016,sanitation_basic,91.8540914293083,WHO/UNICEF JMP (via World Bank API),2026-09-02
TUN,Tunisia,2015,sanitation_basic,90.9610365626904,WHO/UNICEF JMP (via World Bank API),2026-09-02
TUN,Tunisia,2014,sanitation_basic,90.0672030566408,WHO/UNICEF JMP (via World Bank API),2026-09-02
TUN,Tunisia,2013,sanitation_basic,89.1734065275524,WHO/UNICEF JMP (via World Bank API),2026-09-02
TUN,Tunisia,2012,sanitation_basic,88.2787188281284,WHO/UNICEF JMP (via World Bank API),2026-09-02
TUN,Tunisia,2011,sanitation_basic,87.3826542238521,WHO/UNICEF JMP (via World Bank API),2026-09-02
TUN,Tunisia,2010,sanitation_basic,86.4858177057762,WHO/UNICEF JMP (via World Bank API),2026-09-02
TUN,Tunisia,2009,sanitation_basic,85.5886831809273,WHO/UNICEF JMP (via World Bank API),2026-09-02
TUN,Tunisia,2008,sanitation_basic,84.6908993579876,WHO/UNICEF JMP (via World Bank API),2026-09-02
TUN,Tunisia,2007,sanitation_basic,83.7929328669292,WHO/UNICEF JMP (via World Bank API),2026-09-02
TUN,Tunisia,2006,sanitation_basic,82.8949793127084,WHO/UNICEF JMP (via World Bank API),2026-09-02
TUN,Tunisia,2005,sanitation_basic,81.9968796979531,WHO/UNICEF JMP (via World Bank API),2026-09-02
TUN,Tunisia,2004,sanitation_basic,81.0995386424089,WHO/UNICEF JMP (via World Bank API),2026-09-02
TUN,Tunisia,2003,sanitation_basic,80.1731149302556,WHO/UNICEF JMP (via World Bank API),2026-09-02
TUN,Tunisia,2002,sanitation_basic,79.2381759455373,WHO/UNICEF JMP (via World Bank API),2026-09-02
TUN,Tunisia,2001,sanitation_basic,78.3012933034024,WHO/UNICEF JMP (via World Bank API),2026-09-02
TUN,Tunisia,2000,sanitation_basic,77.6805623507761,WHO/UNICEF JMP (via World Bank API),2026-09-02
TUR,Turkiye,2023,sanitation_basic,99.2664132586442,WHO/UNICEF JMP (via World Bank API),2026-09-02
TUR,Turkiye,2022,sanitation_basic,99.2548217497769,WHO/UNICEF JMP (via World Bank API),2026-09-02
TUR,Turkiye,2021,sanitation_basic,99.2429248259355,WHO/UNICEF JMP (via World Bank API),2026-09-02
TUR,Turkiye,2020,sanitation_basic,99.2307423449242,WHO/UNICEF JMP (via World Bank API),2026-09-02
TUR,Turkiye,2019,sanitation_basic,98.6993304992011,WHO/UNICEF JMP (via World Bank API),2026-09-02
TUR,Turkiye,2018,sanitation_basic,98.1513969936455,WHO/UNICEF JMP (via World Bank API),2026-09-02
TUR,Turkiye,2017,sanitation_basic,97.5910900486757,WHO/UNICEF JMP (via World Bank API),2026-09-02
TUR,Turkiye,2016,sanitation_basic,97.0180744384543,WHO/UNICEF JMP (via World Bank API),2026-09-02
TUR,Turkiye,2015,sanitation_basic,96.4317908505569,WHO/UNICEF JMP (via World Bank API),2026-09-02
TUR,Turkiye,2014,sanitation_basic,95.8319919153338,WHO/UNICEF JMP (via World Bank API),2026-09-02
TUR,Turkiye,2013,sanitation_basic,95.2181862351683,WHO/UNICEF JMP (via World Bank API),2026-09-02
TUR,Turkiye,2012,sanitation_basic,94.5901003264673,WHO/UNICEF JMP (via World Bank API),2026-09-02
TUR,Turkiye,2011,sanitation_basic,93.9467893956226,WHO/UNICEF JMP (via World Bank API),2026-09-02
TUR,Turkiye,2010,sanitation_basic,93.2892782391218,WHO/UNICEF JMP (via World Bank API),2026-09-02
TUR,Turkiye,2009,sanitation_basic,92.6170977664848,WHO/UNICEF JMP (via World Bank API),2026-09-02
TUR,Turkiye,2008,sanitation_basic,91.9302207848415,WHO/UNICEF JMP (via World Bank API),2026-09-02
TUR,Turkiye,2007,sanitation_basic,91.2280737248533,WHO/UNICEF JMP (via World Bank API),2026-09-02
TUR,Turkiye,2006,sanitation_basic,90.5110315275318,WHO/UNICEF JMP (via World Bank API),2026-09-02
TUR,Turkiye,2005,sanitation_basic,89.7785316915136,WHO/UNICEF JMP (via World Bank API),2026-09-02
TUR,Turkiye,2004,sanitation_basic,89.0308156718015,WHO/UNICEF JMP (via World Bank API),2026-09-02
TUR,Turkiye,2003,sanitation_basic,88.2670291386027,WHO/UNICEF JMP (via World Bank API),2026-09-02
TUR,Turkiye,2002,sanitation_basic,87.4876884090788,WHO/UNICEF JMP (via World Bank API),2026-09-02
TUR,Turkiye,2001,sanitation_basic,86.6924044195484,WHO/UNICEF JMP (via World Bank API),2026-09-02
TUR,Turkiye,2000,sanitation_basic,86.5326055844195,WHO/UNICEF JMP (via World Bank API),2026-09-02
TKM,Turkmenistan,2023,sanitation_basic,99.7373196526799,WHO/UNICEF JMP (via World Bank API),2026-09-02
TKM,Turkmenistan,2022,sanitation_basic,99.7391494278379,WHO/UNICEF JMP (via World Bank API),2026-09-02
TKM,Turkmenistan,2021,sanitation_basic,99.7409287319658,WHO/UNICEF JMP (via World Bank API),2026-09-02
TKM,Turkmenistan,2020,sanitation_basic,99.3549516187618,WHO/UNICEF JMP (via World Bank API),2026-09-02
TKM,Turkmenistan,2019,sanitation_basic,98.960474453072,WHO/UNICEF JMP (via World Bank API),2026-09-02
TKM,Turkmenistan,2018,sanitation_basic,98.5690477632557,WHO/UNICEF JMP (via World Bank API),2026-09-02
TKM,Turkmenistan,2017,sanitation_basic,98.1805141094557,WHO/UNICEF JMP (via World Bank API),2026-09-02
TKM,Turkmenistan,2016,sanitation_basic,97.7947178741168,WHO/UNICEF JMP (via World Bank API),2026-09-02
TKM,Turkmenistan,2015,sanitation_basic,97.4115357683835,WHO/UNICEF JMP (via World Bank API),2026-09-02
TKM,Turkmenistan,2014,sanitation_basic,97.0307986182985,WHO/UNICEF JMP (via World Bank API),2026-09-02
TKM,Turkmenistan,2013,sanitation_basic,96.6523278427633,WHO/UNICEF JMP (via World Bank API),2026-09-02
TKM,Turkmenistan,2012,sanitation_basic,96.2760286614644,WHO/UNICEF JMP (via World Bank API),2026-09-02
TKM,Turkmenistan,2011,sanitation_basic,95.901679888436,WHO/UNICEF JMP (via World Bank API),2026-09-02
TKM,Turkmenistan,2010,sanitation_basic,95.5291246544019,WHO/UNICEF JMP (via World Bank API),2026-09-02
TKM,Turkmenistan,2009,sanitation_basic,95.1582461913449,WHO/UNICEF JMP (via World Bank API),2026-09-02
TKM,Turkmenistan,2008,sanitation_basic,94.7888881171857,WHO/UNICEF JMP (via World Bank API),2026-09-02
TKM,Turkmenistan,2007,sanitation_basic,94.4179027341964,WHO/UNICEF JMP (via World Bank API),2026-09-02
TKM,Turkmenistan,2006,sanitation_basic,94.0385120989703,WHO/UNICEF JMP (via World Bank API),2026-09-02
TKM,Turkmenistan,2005,sanitation_basic,93.6603556052315,WHO/UNICEF JMP (via World Bank API),2026-09-02
TKM,Turkmenistan,2004,sanitation_basic,93.283297506944,WHO/UNICEF JMP (via World Bank API),2026-09-02
TKM,Turkmenistan,2003,sanitation_basic,93.2921017323084,WHO/UNICEF JMP (via World Bank API),2026-09-02
TKM,Turkmenistan,2002,sanitation_basic,93.3009582565221,WHO/UNICEF JMP (via World Bank API),2026-09-02
TKM,Turkmenistan,2001,sanitation_basic,93.3098698647818,WHO/UNICEF JMP (via World Bank API),2026-09-02
TKM,Turkmenistan,2000,sanitation_basic,93.3187665874563,WHO/UNICEF JMP (via World Bank API),2026-09-02
TCA,Turks and Caicos Islands,2023,sanitation_basic,93.1495232967179,WHO/UNICEF JMP (via World Bank API),2026-09-02
TCA,Turks and Caicos Islands,2022,sanitation_basic,93.1462139429881,WHO/UNICEF JMP (via World Bank API),2026-09-02
TCA,Turks and Caicos Islands,2021,sanitation_basic,93.1426950995276,WHO/UNICEF JMP (via World Bank API),2026-09-02
TCA,Turks and Caicos Islands,2020,sanitation_basic,93.1389142647071,WHO/UNICEF JMP (via World Bank API),2026-09-02
TCA,Turks and Caicos Islands,2019,sanitation_basic,93.1348642536176,WHO/UNICEF JMP (via World Bank API),2026-09-02
TCA,Turks and Caicos Islands,2018,sanitation_basic,93.1305309193473,WHO/UNICEF JMP (via World Bank API),2026-09-02
TCA,Turks and Caicos Islands,2017,sanitation_basic,93.1258920918043,WHO/UNICEF JMP (via World Bank API),2026-09-02
TCA,Turks and Caicos Islands,2016,sanitation_basic,93.1209288772918,WHO/UNICEF JMP (via World Bank API),2026-09-02
TUV,Tuvalu,2023,sanitation_basic,89.2608901052421,WHO/UNICEF JMP (via World Bank API),2026-09-02
TUV,Tuvalu,2022,sanitation_basic,88.8444072299231,WHO/UNICEF JMP (via World Bank API),2026-09-02
TUV,Tuvalu,2021,sanitation_basic,88.424780639943,WHO/UNICEF JMP (via World Bank API),2026-09-02
TUV,Tuvalu,2020,sanitation_basic,88.0017857400393,WHO/UNICEF JMP (via World Bank API),2026-09-02
TUV,Tuvalu,2019,sanitation_basic,87.5751591368596,WHO/UNICEF JMP (via World Bank API),2026-09-02
TUV,Tuvalu,2018,sanitation_basic,87.1446773088525,WHO/UNICEF JMP (via World Bank API),2026-09-02
TUV,Tuvalu,2017,sanitation_basic,86.7100762257543,WHO/UNICEF JMP (via World Bank API),2026-09-02
TUV,Tuvalu,2016,sanitation_basic,86.2711177988143,WHO/UNICEF JMP (via World Bank API),2026-09-02
TUV,Tuvalu,2015,sanitation_basic,85.8275541717816,WHO/UNICEF JMP (via World Bank API),2026-09-02
TUV,Tuvalu,2014,sanitation_basic,85.3791357361949,WHO/UNICEF JMP (via World Bank API),2026-09-02
TUV,Tuvalu,2013,sanitation_basic,84.9256140127628,WHO/UNICEF JMP (via World Bank API),2026-09-02
TUV,Tuvalu,2012,sanitation_basic,84.4667679679391,WHO/UNICEF JMP (via World Bank API),2026-09-02
TUV,Tuvalu,2011,sanitation_basic,84.0026188953189,WHO/UNICEF JMP (via World Bank API),2026-09-02
TUV,Tuvalu,2010,sanitation_basic,83.5331982349857,WHO/UNICEF JMP (via World Bank API),2026-09-02
TUV,Tuvalu,2009,sanitation_basic,83.0584767783353,WHO/UNICEF JMP (via World Bank API),2026-09-02
TUV,Tuvalu,2008,sanitation_basic,82.5784281170616,WHO/UNICEF JMP (via World Bank API),2026-09-02
TUV,Tuvalu,2007,sanitation_basic,82.0929697634575,WHO/UNICEF JMP (via World Bank API),2026-09-02
TUV,Tuvalu,2006,sanitation_basic,81.6022136044618,WHO/UNICEF JMP (via World Bank API),2026-09-02
TUV,Tuvalu,2005,sanitation_basic,81.1061453638606,WHO/UNICEF JMP (via World Bank API),2026-09-02
TUV,Tuvalu,2004,sanitation_basic,80.6725239368512,WHO/UNICEF JMP (via World Bank API),2026-09-02
TUV,Tuvalu,2003,sanitation_basic,80.2316998514364,WHO/UNICEF JMP (via World Bank API),2026-09-02
TUV,Tuvalu,2002,sanitation_basic,79.792403408127,WHO/UNICEF JMP (via World Bank API),2026-09-02
TUV,Tuvalu,2001,sanitation_basic,79.3657428797952,WHO/UNICEF JMP (via World Bank API),2026-09-02
TUV,Tuvalu,2000,sanitation_basic,78.9362425407756,WHO/UNICEF JMP (via World Bank API),2026-09-02
UGA,Uganda,2023,sanitation_basic,23.5293222340079,WHO/UNICEF JMP (via World Bank API),2026-09-02
UGA,Uganda,2022,sanitation_basic,23.1603896161507,WHO/UNICEF JMP (via World Bank API),2026-09-02
UGA,Uganda,2021,sanitation_basic,22.789614286416,WHO/UNICEF JMP (via World Bank API),2026-09-02
UGA,Uganda,2020,sanitation_basic,22.4171466106688,WHO/UNICEF JMP (via World Bank API),2026-09-02
UGA,Uganda,2019,sanitation_basic,22.0428914452572,WHO/UNICEF JMP (via World Bank API),2026-09-02
UGA,Uganda,2018,sanitation_basic,21.6668720905552,WHO/UNICEF JMP (via World Bank API),2026-09-02
UGA,Uganda,2017,sanitation_basic,21.2895047336164,WHO/UNICEF JMP (via World Bank API),2026-09-02
UGA,Uganda,2016,sanitation_basic,20.9104342628765,WHO/UNICEF JMP (via World Bank API),2026-09-02
UGA,Uganda,2015,sanitation_basic,20.5299518497404,WHO/UNICEF JMP (via World Bank API),2026-09-02
UGA,Uganda,2014,sanitation_basic,20.1480923027985,WHO/UNICEF JMP (via World Bank API),2026-09-02
UGA,Uganda,2013,sanitation_basic,19.7651604775123,WHO/UNICEF JMP (via World Bank API),2026-09-02
UGA,Uganda,2012,sanitation_basic,19.3814718588075,WHO/UNICEF JMP (via World Bank API),2026-09-02
UGA,Uganda,2011,sanitation_basic,18.9965285314938,WHO/UNICEF JMP (via World Bank API),2026-09-02
UGA,Uganda,2010,sanitation_basic,18.6107811745522,WHO/UNICEF JMP (via World Bank API),2026-09-02
UGA,Uganda,2009,sanitation_basic,18.2241387733923,WHO/UNICEF JMP (via World Bank API),2026-09-02
UGA,Uganda,2008,sanitation_basic,17.8367866196346,WHO/UNICEF JMP (via World Bank API),2026-09-02
UGA,Uganda,2007,sanitation_basic,17.4484827686049,WHO/UNICEF JMP (via World Bank API),2026-09-02
UGA,Uganda,2006,sanitation_basic,17.0595600245412,WHO/UNICEF JMP (via World Bank API),2026-09-02
UGA,Uganda,2005,sanitation_basic,16.6697698999299,WHO/UNICEF JMP (via World Bank API),2026-09-02
UGA,Uganda,2004,sanitation_basic,16.2795981231902,WHO/UNICEF JMP (via World Bank API),2026-09-02
UGA,Uganda,2003,sanitation_basic,15.8883472908915,WHO/UNICEF JMP (via World Bank API),2026-09-02
UGA,Uganda,2002,sanitation_basic,15.4966529446954,WHO/UNICEF JMP (via World Bank API),2026-09-02
UGA,Uganda,2001,sanitation_basic,15.1044104366213,WHO/UNICEF JMP (via World Bank API),2026-09-02
UGA,Uganda,2000,sanitation_basic,14.7116633613524,WHO/UNICEF JMP (via World Bank API),2026-09-02
UKR,Ukraine,2023,sanitation_basic,97.6443648371652,WHO/UNICEF JMP (via World Bank API),2026-09-02
UKR,Ukraine,2022,sanitation_basic,97.5620782552435,WHO/UNICEF JMP (via World Bank API),2026-09-02
UKR,Ukraine,2021,sanitation_basic,97.4790947349818,WHO/UNICEF JMP (via World Bank API),2026-09-02
UKR,Ukraine,2020,sanitation_basic,97.3954990991366,WHO/UNICEF JMP (via World Bank API),2026-09-02
UKR,Ukraine,2019,sanitation_basic,97.3052193099168,WHO/UNICEF JMP (via World Bank API),2026-09-02
UKR,Ukraine,2018,sanitation_basic,97.1876990557354,WHO/UNICEF JMP (via World Bank API),2026-09-02
UKR,Ukraine,2017,sanitation_basic,97.0700543014006,WHO/UNICEF JMP (via World Bank API),2026-09-02
UKR,Ukraine,2016,sanitation_basic,96.9523458246156,WHO/UNICEF JMP (via World Bank API),2026-09-02
UKR,Ukraine,2015,sanitation_basic,96.8342062972295,WHO/UNICEF JMP (via World Bank API),2026-09-02
UKR,Ukraine,2014,sanitation_basic,96.7156593530627,WHO/UNICEF JMP (via World Bank API),2026-09-02
UKR,Ukraine,2013,sanitation_basic,96.5444853667447,WHO/UNICEF JMP (via World Bank API),2026-09-02
UKR,Ukraine,2012,sanitation_basic,96.3728907161999,WHO/UNICEF JMP (via World Bank API),2026-09-02
UKR,Ukraine,2011,sanitation_basic,96.2008848286648,WHO/UNICEF JMP (via World Bank API),2026-09-02
UKR,Ukraine,2010,sanitation_basic,96.0284615654647,WHO/UNICEF JMP (via World Bank API),2026-09-02
UKR,Ukraine,2009,sanitation_basic,95.8555810343647,WHO/UNICEF JMP (via World Bank API),2026-09-02
UKR,Ukraine,2008,sanitation_basic,95.6776417950995,WHO/UNICEF JMP (via World Bank API),2026-09-02
UKR,Ukraine,2007,sanitation_basic,95.4986097698596,WHO/UNICEF JMP (via World Bank API),2026-09-02
UKR,Ukraine,2006,sanitation_basic,95.3185357936314,WHO/UNICEF JMP (via World Bank API),2026-09-02
UKR,Ukraine,2005,sanitation_basic,95.1373679572065,WHO/UNICEF JMP (via World Bank API),2026-09-02
UKR,Ukraine,2004,sanitation_basic,94.9541705931486,WHO/UNICEF JMP (via World Bank API),2026-09-02
UKR,Ukraine,2003,sanitation_basic,94.771552584454,WHO/UNICEF JMP (via World Bank API),2026-09-02
UKR,Ukraine,2002,sanitation_basic,94.6431371878903,WHO/UNICEF JMP (via World Bank API),2026-09-02
UKR,Ukraine,2001,sanitation_basic,94.5175683409695,WHO/UNICEF JMP (via World Bank API),2026-09-02
UKR,Ukraine,2000,sanitation_basic,94.3966034938473,WHO/UNICEF JMP (via World Bank API),2026-09-02
ARE,United Arab Emirates,2023,sanitation_basic,99.0890518596042,WHO/UNICEF JMP (via World Bank API),2026-09-02
ARE,United Arab Emirates,2022,sanitation_basic,99.0913042673601,WHO/UNICEF JMP (via World Bank API),2026-09-02
ARE,United Arab Emirates,2021,sanitation_basic,99.0936250142386,WHO/UNICEF JMP (via World Bank API),2026-09-02
ARE,United Arab Emirates,2020,sanitation_basic,99.0960113749665,WHO/UNICEF JMP (via World Bank API),2026-09-02
ARE,United Arab Emirates,2019,sanitation_basic,99.0984768671773,WHO/UNICEF JMP (via World Bank API),2026-09-02
ARE,United Arab Emirates,2018,sanitation_basic,99.1010218730891,WHO/UNICEF JMP (via World Bank API),2026-09-02
ARE,United Arab Emirates,2017,sanitation_basic,99.1036305730769,WHO/UNICEF JMP (via World Bank API),2026-09-02
ARE,United Arab Emirates,2016,sanitation_basic,99.1063234658359,WHO/UNICEF JMP (via World Bank API),2026-09-02
ARE,United Arab Emirates,2015,sanitation_basic,99.1090951528049,WHO/UNICEF JMP (via World Bank API),2026-09-02
ARE,United Arab Emirates,2014,sanitation_basic,99.1119382516612,WHO/UNICEF JMP (via World Bank API),2026-09-02
ARE,United Arab Emirates,2013,sanitation_basic,99.1148814743619,WHO/UNICEF JMP (via World Bank API),2026-09-02
ARE,United Arab Emirates,2012,sanitation_basic,99.1178959002456,WHO/UNICEF JMP (via World Bank API),2026-09-02
ARE,United Arab Emirates,2011,sanitation_basic,99.120999868482,WHO/UNICEF JMP (via World Bank API),2026-09-02
ARE,United Arab Emirates,2010,sanitation_basic,99.1241974644732,WHO/UNICEF JMP (via World Bank API),2026-09-02
ARE,United Arab Emirates,2009,sanitation_basic,99.1274862085327,WHO/UNICEF JMP (via World Bank API),2026-09-02
ARE,United Arab Emirates,2008,sanitation_basic,99.1308669416224,WHO/UNICEF JMP (via World Bank API),2026-09-02
ARE,United Arab Emirates,2007,sanitation_basic,99.1343292735579,WHO/UNICEF JMP (via World Bank API),2026-09-02
ARE,United Arab Emirates,2006,sanitation_basic,99.1379008454285,WHO/UNICEF JMP (via World Bank API),2026-09-02
ARE,United Arab Emirates,2005,sanitation_basic,99.1415716401996,WHO/UNICEF JMP (via World Bank API),2026-09-02
ARE,United Arab Emirates,2004,sanitation_basic,99.1452977289426,WHO/UNICEF JMP (via World Bank API),2026-09-02
ARE,United Arab Emirates,2003,sanitation_basic,99.1490944909121,WHO/UNICEF JMP (via World Bank API),2026-09-02
ARE,United Arab Emirates,2002,sanitation_basic,99.1529487950729,WHO/UNICEF JMP (via World Bank API),2026-09-02
ARE,United Arab Emirates,2001,sanitation_basic,99.1568733967511,WHO/UNICEF JMP (via World Bank API),2026-09-02
ARE,United Arab Emirates,2000,sanitation_basic,99.160856612895,WHO/UNICEF JMP (via World Bank API),2026-09-02
GBR,United Kingdom,2023,sanitation_basic,99.1037240160958,WHO/UNICEF JMP (via World Bank API),2026-09-02
GBR,United Kingdom,2022,sanitation_basic,99.1047944059839,WHO/UNICEF JMP (via World Bank API),2026-09-02
GBR,United Kingdom,2021,sanitation_basic,99.105873619579,WHO/UNICEF JMP (via World Bank API),2026-09-02
GBR,United Kingdom,2020,sanitation_basic,99.1069628063769,WHO/UNICEF JMP (via World Bank API),2026-09-02
GBR,United Kingdom,2019,sanitation_basic,99.1080626668205,WHO/UNICEF JMP (via World Bank API),2026-09-02
GBR,United Kingdom,2018,sanitation_basic,99.1091755535877,WHO/UNICEF JMP (via World Bank API),2026-09-02
GBR,United Kingdom,2017,sanitation_basic,99.1102920996894,WHO/UNICEF JMP (via World Bank API),2026-09-02
GBR,United Kingdom,2016,sanitation_basic,99.1114197755495,WHO/UNICEF JMP (via World Bank API),2026-09-02
GBR,United Kingdom,2015,sanitation_basic,99.1125609623652,WHO/UNICEF JMP (via World Bank API),2026-09-02
GBR,United Kingdom,2014,sanitation_basic,99.1137061018797,WHO/UNICEF JMP (via World Bank API),2026-09-02
GBR,United Kingdom,2013,sanitation_basic,99.1148585484301,WHO/UNICEF JMP (via World Bank API),2026-09-02
GBR,United Kingdom,2012,sanitation_basic,99.1160182938712,WHO/UNICEF JMP (via World Bank API),2026-09-02
GBR,United Kingdom,2011,sanitation_basic,99.1171899348744,WHO/UNICEF JMP (via World Bank API),2026-09-02
GBR,United Kingdom,2010,sanitation_basic,99.1183667076519,WHO/UNICEF JMP (via World Bank API),2026-09-02
GBR,United Kingdom,2009,sanitation_basic,99.1195549793574,WHO/UNICEF JMP (via World Bank API),2026-09-02
GBR,United Kingdom,2008,sanitation_basic,99.120754731585,WHO/UNICEF JMP (via World Bank API),2026-09-02
GBR,United Kingdom,2007,sanitation_basic,99.1219715621849,WHO/UNICEF JMP (via World Bank API),2026-09-02
GBR,United Kingdom,2006,sanitation_basic,99.1231962812761,WHO/UNICEF JMP (via World Bank API),2026-09-02
GBR,United Kingdom,2005,sanitation_basic,99.1244438943876,WHO/UNICEF JMP (via World Bank API),2026-09-02
GBR,United Kingdom,2004,sanitation_basic,99.1256998824208,WHO/UNICEF JMP (via World Bank API),2026-09-02
GBR,United Kingdom,2003,sanitation_basic,99.1269711322852,WHO/UNICEF JMP (via World Bank API),2026-09-02
GBR,United Kingdom,2002,sanitation_basic,99.1282510737863,WHO/UNICEF JMP (via World Bank API),2026-09-02
GBR,United Kingdom,2001,sanitation_basic,99.1295456734681,WHO/UNICEF JMP (via World Bank API),2026-09-02
GBR,United Kingdom,2000,sanitation_basic,99.129987387211,WHO/UNICEF JMP (via World Bank API),2026-09-02
USA,United States,2023,sanitation_basic,99.6151178147694,WHO/UNICEF JMP (via World Bank API),2026-09-02
USA,United States,2022,sanitation_basic,99.6316127279868,WHO/UNICEF JMP (via World Bank API),2026-09-02
USA,United States,2021,sanitation_basic,99.6486733885848,WHO/UNICEF JMP (via World Bank API),2026-09-02
USA,United States,2020,sanitation_basic,99.6662725669219,WHO/UNICEF JMP (via World Bank API),2026-09-02
USA,United States,2019,sanitation_basic,99.6844358089122,WHO/UNICEF JMP (via World Bank API),2026-09-02
USA,United States,2018,sanitation_basic,99.7031223122571,WHO/UNICEF JMP (via World Bank API),2026-09-02
USA,United States,2017,sanitation_basic,99.7223530086904,WHO/UNICEF JMP (via World Bank API),2026-09-02
USA,United States,2016,sanitation_basic,99.7420835602062,WHO/UNICEF JMP (via World Bank API),2026-09-02
USA,United States,2015,sanitation_basic,99.7623251311093,WHO/UNICEF JMP (via World Bank API),2026-09-02
USA,United States,2014,sanitation_basic,99.7830418254313,WHO/UNICEF JMP (via World Bank API),2026-09-02
USA,United States,2013,sanitation_basic,99.8042412350329,WHO/UNICEF JMP (via World Bank API),2026-09-02
USA,United States,2012,sanitation_basic,99.8259022136233,WHO/UNICEF JMP (via World Bank API),2026-09-02
USA,United States,2011,sanitation_basic,99.8480037254906,WHO/UNICEF JMP (via World Bank API),2026-09-02
USA,United States,2010,sanitation_basic,99.8705368602466,WHO/UNICEF JMP (via World Bank API),2026-09-02
USA,United States,2009,sanitation_basic,99.8702348006488,WHO/UNICEF JMP (via World Bank API),2026-09-02
USA,United States,2008,sanitation_basic,99.8705039493181,WHO/UNICEF JMP (via World Bank API),2026-09-02
USA,United States,2007,sanitation_basic,99.8707752095931,WHO/UNICEF JMP (via World Bank API),2026-09-02
USA,United States,2006,sanitation_basic,99.8710519405417,WHO/UNICEF JMP (via World Bank API),2026-09-02
USA,United States,2005,sanitation_basic,99.8713252821496,WHO/UNICEF JMP (via World Bank API),2026-09-02
USA,United States,2004,sanitation_basic,99.871602174116,WHO/UNICEF JMP (via World Bank API),2026-09-02
USA,United States,2003,sanitation_basic,99.8718811730402,WHO/UNICEF JMP (via World Bank API),2026-09-02
USA,United States,2002,sanitation_basic,99.8721627429703,WHO/UNICEF JMP (via World Bank API),2026-09-02
USA,United States,2001,sanitation_basic,99.8724443985302,WHO/UNICEF JMP (via World Bank API),2026-09-02
USA,United States,2000,sanitation_basic,99.872730795484,WHO/UNICEF JMP (via World Bank API),2026-09-02
URY,Uruguay,2023,sanitation_basic,98.8933870836172,WHO/UNICEF JMP (via World Bank API),2026-09-02
URY,Uruguay,2022,sanitation_basic,98.6365121038307,WHO/UNICEF JMP (via World Bank API),2026-09-02
URY,Uruguay,2021,sanitation_basic,98.3535399904896,WHO/UNICEF JMP (via World Bank API),2026-09-02
URY,Uruguay,2020,sanitation_basic,98.0693333151527,WHO/UNICEF JMP (via World Bank API),2026-09-02
URY,Uruguay,2019,sanitation_basic,97.784620083579,WHO/UNICEF JMP (via World Bank API),2026-09-02
URY,Uruguay,2018,sanitation_basic,97.4993671618489,WHO/UNICEF JMP (via World Bank API),2026-09-02
URY,Uruguay,2017,sanitation_basic,97.2135571051318,WHO/UNICEF JMP (via World Bank API),2026-09-02
URY,Uruguay,2016,sanitation_basic,96.9271658776364,WHO/UNICEF JMP (via World Bank API),2026-09-02
URY,Uruguay,2015,sanitation_basic,96.6401328300575,WHO/UNICEF JMP (via World Bank API),2026-09-02
URY,Uruguay,2014,sanitation_basic,96.352485578308,WHO/UNICEF JMP (via World Bank API),2026-09-02
URY,Uruguay,2013,sanitation_basic,96.0641764624979,WHO/UNICEF JMP (via World Bank API),2026-09-02
URY,Uruguay,2012,sanitation_basic,95.7751867461269,WHO/UNICEF JMP (via World Bank API),2026-09-02
URY,Uruguay,2011,sanitation_basic,95.4845379432559,WHO/UNICEF JMP (via World Bank API),2026-09-02
URY,Uruguay,2010,sanitation_basic,95.1895101700608,WHO/UNICEF JMP (via World Bank API),2026-09-02
URY,Uruguay,2009,sanitation_basic,94.8926045747565,WHO/UNICEF JMP (via World Bank API),2026-09-02
URY,Uruguay,2008,sanitation_basic,94.5937831802879,WHO/UNICEF JMP (via World Bank API),2026-09-02
URY,Uruguay,2007,sanitation_basic,94.2928439253095,WHO/UNICEF JMP (via World Bank API),2026-09-02
URY,Uruguay,2006,sanitation_basic,93.9897585152977,WHO/UNICEF JMP (via World Bank API),2026-09-02
URY,Uruguay,2005,sanitation_basic,93.6843491795697,WHO/UNICEF JMP (via World Bank API),2026-09-02
URY,Uruguay,2004,sanitation_basic,93.5503547896714,WHO/UNICEF JMP (via World Bank API),2026-09-02
URY,Uruguay,2003,sanitation_basic,93.5306773335471,WHO/UNICEF JMP (via World Bank API),2026-09-02
URY,Uruguay,2002,sanitation_basic,93.5102862936807,WHO/UNICEF JMP (via World Bank API),2026-09-02
URY,Uruguay,2001,sanitation_basic,93.4893466298161,WHO/UNICEF JMP (via World Bank API),2026-09-02
URY,Uruguay,2000,sanitation_basic,93.4676984029791,WHO/UNICEF JMP (via World Bank API),2026-09-02
UZB,Uzbekistan,2023,sanitation_basic,96.4278294703949,WHO/UNICEF JMP (via World Bank API),2026-09-02
UZB,Uzbekistan,2022,sanitation_basic,96.30669347504,WHO/UNICEF JMP (via World Bank API),2026-09-02
UZB,Uzbekistan,2021,sanitation_basic,96.1847033375418,WHO/UNICEF JMP (via World Bank API),2026-09-02
UZB,Uzbekistan,2020,sanitation_basic,96.0621184881157,WHO/UNICEF JMP (via World Bank API),2026-09-02
UZB,Uzbekistan,2019,sanitation_basic,95.9392204824787,WHO/UNICEF JMP (via World Bank API),2026-09-02
UZB,Uzbekistan,2018,sanitation_basic,95.8162707017891,WHO/UNICEF JMP (via World Bank API),2026-09-02
UZB,Uzbekistan,2017,sanitation_basic,95.6935576486234,WHO/UNICEF JMP (via World Bank API),2026-09-02
UZB,Uzbekistan,2016,sanitation_basic,95.5713512500574,WHO/UNICEF JMP (via World Bank API),2026-09-02
UZB,Uzbekistan,2015,sanitation_basic,95.4497993116875,WHO/UNICEF JMP (via World Bank API),2026-09-02
UZB,Uzbekistan,2014,sanitation_basic,95.3289091117186,WHO/UNICEF JMP (via World Bank API),2026-09-02
UZB,Uzbekistan,2013,sanitation_basic,95.2086769326238,WHO/UNICEF JMP (via World Bank API),2026-09-02
UZB,Uzbekistan,2012,sanitation_basic,95.0891018078637,WHO/UNICEF JMP (via World Bank API),2026-09-02
UZB,Uzbekistan,2011,sanitation_basic,94.9701820730614,WHO/UNICEF JMP (via World Bank API),2026-09-02
UZB,Uzbekistan,2010,sanitation_basic,94.8458120621379,WHO/UNICEF JMP (via World Bank API),2026-09-02
UZB,Uzbekistan,2009,sanitation_basic,94.7131786514005,WHO/UNICEF JMP (via World Bank API),2026-09-02
UZB,Uzbekistan,2008,sanitation_basic,94.5773829040307,WHO/UNICEF JMP (via World Bank API),2026-09-02
UZB,Uzbekistan,2007,sanitation_basic,94.4383835544442,WHO/UNICEF JMP (via World Bank API),2026-09-02
UZB,Uzbekistan,2006,sanitation_basic,94.2961900036945,WHO/UNICEF JMP (via World Bank API),2026-09-02
UZB,Uzbekistan,2005,sanitation_basic,94.1508115621162,WHO/UNICEF JMP (via World Bank API),2026-09-02
UZB,Uzbekistan,2004,sanitation_basic,94.0022883501432,WHO/UNICEF JMP (via World Bank API),2026-09-02
UZB,Uzbekistan,2003,sanitation_basic,93.8505894484885,WHO/UNICEF JMP (via World Bank API),2026-09-02
UZB,Uzbekistan,2002,sanitation_basic,93.6957052425144,WHO/UNICEF JMP (via World Bank API),2026-09-02
UZB,Uzbekistan,2001,sanitation_basic,93.5376880221384,WHO/UNICEF JMP (via World Bank API),2026-09-02
UZB,Uzbekistan,2000,sanitation_basic,93.3766111569877,WHO/UNICEF JMP (via World Bank API),2026-09-02
VUT,Vanuatu,2023,sanitation_basic,48.197355856503,WHO/UNICEF JMP (via World Bank API),2026-09-02
VUT,Vanuatu,2022,sanitation_basic,48.5782563163716,WHO/UNICEF JMP (via World Bank API),2026-09-02
VUT,Vanuatu,2021,sanitation_basic,48.9569658031251,WHO/UNICEF JMP (via World Bank API),2026-09-02
VUT,Vanuatu,2020,sanitation_basic,49.3338166328635,WHO/UNICEF JMP (via World Bank API),2026-09-02
VUT,Vanuatu,2019,sanitation_basic,49.7088902543103,WHO/UNICEF JMP (via World Bank API),2026-09-02
VUT,Vanuatu,2018,sanitation_basic,50.0825530456951,WHO/UNICEF JMP (via World Bank API),2026-09-02
VUT,Vanuatu,2017,sanitation_basic,50.4548604763526,WHO/UNICEF JMP (via World Bank API),2026-09-02
VUT,Vanuatu,2016,sanitation_basic,50.826109673151,WHO/UNICEF JMP (via World Bank API),2026-09-02
VUT,Vanuatu,2015,sanitation_basic,51.1954457861803,WHO/UNICEF JMP (via World Bank API),2026-09-02
VUT,Vanuatu,2014,sanitation_basic,51.5629765041894,WHO/UNICEF JMP (via World Bank API),2026-09-02
VUT,Vanuatu,2013,sanitation_basic,51.9285986324004,WHO/UNICEF JMP (via World Bank API),2026-09-02
VUT,Vanuatu,2012,sanitation_basic,52.2923051836702,WHO/UNICEF JMP (via World Bank API),2026-09-02
VUT,Vanuatu,2011,sanitation_basic,52.6540863123359,WHO/UNICEF JMP (via World Bank API),2026-09-02
VUT,Vanuatu,2010,sanitation_basic,53.0140862870426,WHO/UNICEF JMP (via World Bank API),2026-09-02
VUT,Vanuatu,2009,sanitation_basic,53.3603409473561,WHO/UNICEF JMP (via World Bank API),2026-09-02
VUT,Vanuatu,2008,sanitation_basic,53.6833095586201,WHO/UNICEF JMP (via World Bank API),2026-09-02
VUT,Vanuatu,2007,sanitation_basic,54.001715264459,WHO/UNICEF JMP (via World Bank API),2026-09-02
VUT,Vanuatu,2006,sanitation_basic,54.315607363214,WHO/UNICEF JMP (via World Bank API),2026-09-02
VUT,Vanuatu,2005,sanitation_basic,54.6248564154339,WHO/UNICEF JMP (via World Bank API),2026-09-02
VUT,Vanuatu,2004,sanitation_basic,54.9296762921394,WHO/UNICEF JMP (via World Bank API),2026-09-02
VUT,Vanuatu,2003,sanitation_basic,54.8742326769124,WHO/UNICEF JMP (via World Bank API),2026-09-02
VUT,Vanuatu,2002,sanitation_basic,54.8191733536334,WHO/UNICEF JMP (via World Bank API),2026-09-02
VUT,Vanuatu,2001,sanitation_basic,54.7648829566551,WHO/UNICEF JMP (via World Bank API),2026-09-02
VUT,Vanuatu,2000,sanitation_basic,54.7109808046722,WHO/UNICEF JMP (via World Bank API),2026-09-02
VEN,"Venezuela, RB",2023,sanitation_basic,98.3955859787771,WHO/UNICEF JMP (via World Bank API),2026-09-02
VEN,"Venezuela, RB",2022,sanitation_basic,98.3955859787771,WHO/UNICEF JMP (via World Bank API),2026-09-02
VEN,"Venezuela, RB",2021,sanitation_basic,97.0023571451138,WHO/UNICEF JMP (via World Bank API),2026-09-02
VEN,"Venezuela, RB",2020,sanitation_basic,96.9860648116858,WHO/UNICEF JMP (via World Bank API),2026-09-02
VEN,"Venezuela, RB",2019,sanitation_basic,96.7597095990301,WHO/UNICEF JMP (via World Bank API),2026-09-02
VEN,"Venezuela, RB",2018,sanitation_basic,96.2144174724477,WHO/UNICEF JMP (via World Bank API),2026-09-02
VEN,"Venezuela, RB",2017,sanitation_basic,95.6691253458652,WHO/UNICEF JMP (via World Bank API),2026-09-02
VEN,"Venezuela, RB",2016,sanitation_basic,95.1238332192828,WHO/UNICEF JMP (via World Bank API),2026-09-02
VEN,"Venezuela, RB",2015,sanitation_basic,94.5785410927004,WHO/UNICEF JMP (via World Bank API),2026-09-02
VEN,"Venezuela, RB",2014,sanitation_basic,94.0332489661181,WHO/UNICEF JMP (via World Bank API),2026-09-02
VEN,"Venezuela, RB",2013,sanitation_basic,93.4879568395357,WHO/UNICEF JMP (via World Bank API),2026-09-02
VEN,"Venezuela, RB",2012,sanitation_basic,92.9426647129532,WHO/UNICEF JMP (via World Bank API),2026-09-02
VEN,"Venezuela, RB",2011,sanitation_basic,92.3973725863708,WHO/UNICEF JMP (via World Bank API),2026-09-02
VEN,"Venezuela, RB",2010,sanitation_basic,91.8520804597885,WHO/UNICEF JMP (via World Bank API),2026-09-02
VEN,"Venezuela, RB",2009,sanitation_basic,91.3067883332061,WHO/UNICEF JMP (via World Bank API),2026-09-02
VEN,"Venezuela, RB",2008,sanitation_basic,90.7614962066235,WHO/UNICEF JMP (via World Bank API),2026-09-02
VEN,"Venezuela, RB",2007,sanitation_basic,90.2162040800412,WHO/UNICEF JMP (via World Bank API),2026-09-02
VEN,"Venezuela, RB",2006,sanitation_basic,89.6709119534588,WHO/UNICEF JMP (via World Bank API),2026-09-02
VEN,"Venezuela, RB",2005,sanitation_basic,89.1256198268765,WHO/UNICEF JMP (via World Bank API),2026-09-02
VEN,"Venezuela, RB",2004,sanitation_basic,88.5803277002941,WHO/UNICEF JMP (via World Bank API),2026-09-02
VEN,"Venezuela, RB",2003,sanitation_basic,88.0350355737115,WHO/UNICEF JMP (via World Bank API),2026-09-02
VEN,"Venezuela, RB",2002,sanitation_basic,87.4897434471292,WHO/UNICEF JMP (via World Bank API),2026-09-02
VEN,"Venezuela, RB",2001,sanitation_basic,86.9444513205468,WHO/UNICEF JMP (via World Bank API),2026-09-02
VEN,"Venezuela, RB",2000,sanitation_basic,86.3991591939645,WHO/UNICEF JMP (via World Bank API),2026-09-02
VNM,Viet Nam,2023,sanitation_basic,94.0898634431677,WHO/UNICEF JMP (via World Bank API),2026-09-02
VNM,Viet Nam,2022,sanitation_basic,92.3237168322338,WHO/UNICEF JMP (via World Bank API),2026-09-02
VNM,Viet Nam,2021,sanitation_basic,90.4559668368841,WHO/UNICEF JMP (via World Bank API),2026-09-02
VNM,Viet Nam,2020,sanitation_basic,88.5744092568809,WHO/UNICEF JMP (via World Bank API),2026-09-02
VNM,Viet Nam,2019,sanitation_basic,86.6789932516384,WHO/UNICEF JMP (via World Bank API),2026-09-02
VNM,Viet Nam,2018,sanitation_basic,84.7702960974693,WHO/UNICEF JMP (via World Bank API),2026-09-02
VNM,Viet Nam,2017,sanitation_basic,82.8485783033642,WHO/UNICEF JMP (via World Bank API),2026-09-02
VNM,Viet Nam,2016,sanitation_basic,80.9140981082283,WHO/UNICEF JMP (via World Bank API),2026-09-02
VNM,Viet Nam,2015,sanitation_basic,78.9669212576084,WHO/UNICEF JMP (via World Bank API),2026-09-02
VNM,Viet Nam,2014,sanitation_basic,77.008286684504,WHO/UNICEF JMP (via World Bank API),2026-09-02
VNM,Viet Nam,2013,sanitation_basic,75.0388383321338,WHO/UNICEF JMP (via World Bank API),2026-09-02
VNM,Viet Nam,2012,sanitation_basic,73.0592696760739,WHO/UNICEF JMP (via World Bank API),2026-09-02
VNM,Viet Nam,2011,sanitation_basic,71.0691084361626,WHO/UNICEF JMP (via World Bank API),2026-09-02
VNM,Viet Nam,2010,sanitation_basic,69.0697259411946,WHO/UNICEF JMP (via World Bank API),2026-09-02
VNM,Viet Nam,2009,sanitation_basic,67.0613483120441,WHO/UNICEF JMP (via World Bank API),2026-09-02
VNM,Viet Nam,2008,sanitation_basic,65.0481671536166,WHO/UNICEF JMP (via World Bank API),2026-09-02
VNM,Viet Nam,2007,sanitation_basic,63.0278584517406,WHO/UNICEF JMP (via World Bank API),2026-09-02
VNM,Viet Nam,2006,sanitation_basic,61.0003176611455,WHO/UNICEF JMP (via World Bank API),2026-09-02
VNM,Viet Nam,2005,sanitation_basic,58.966321324654,WHO/UNICEF JMP (via World Bank API),2026-09-02
VNM,Viet Nam,2004,sanitation_basic,56.9263485038899,WHO/UNICEF JMP (via World Bank API),2026-09-02
VNM,Viet Nam,2003,sanitation_basic,55.0019694498601,WHO/UNICEF JMP (via World Bank API),2026-09-02
VNM,Viet Nam,2002,sanitation_basic,53.0643186028264,WHO/UNICEF JMP (via World Bank API),2026-09-02
VNM,Viet Nam,2001,sanitation_basic,51.1126663714229,WHO/UNICEF JMP (via World Bank API),2026-09-02
VNM,Viet Nam,2000,sanitation_basic,49.1489172818795,WHO/UNICEF JMP (via World Bank API),2026-09-02
VIR,Virgin Islands (U.S.),2023,sanitation_basic,99.2588820364163,WHO/UNICEF JMP (via World Bank API),2026-09-02
VIR,Virgin Islands (U.S.),2022,sanitation_basic,99.2588820364163,WHO/UNICEF JMP (via World Bank API),2026-09-02
VIR,Virgin Islands (U.S.),2021,sanitation_basic,99.2489130778912,WHO/UNICEF JMP (via World Bank API),2026-09-02
VIR,Virgin Islands (U.S.),2020,sanitation_basic,99.2389441193662,WHO/UNICEF JMP (via World Bank API),2026-09-02
VIR,Virgin Islands (U.S.),2019,sanitation_basic,99.2289751608412,WHO/UNICEF JMP (via World Bank API),2026-09-02
VIR,Virgin Islands (U.S.),2018,sanitation_basic,99.2190062023162,WHO/UNICEF JMP (via World Bank API),2026-09-02
VIR,Virgin Islands (U.S.),2017,sanitation_basic,99.2090372437912,WHO/UNICEF JMP (via World Bank API),2026-09-02
VIR,Virgin Islands (U.S.),2016,sanitation_basic,99.1990682852662,WHO/UNICEF JMP (via World Bank API),2026-09-02
VIR,Virgin Islands (U.S.),2015,sanitation_basic,99.1890993267411,WHO/UNICEF JMP (via World Bank API),2026-09-02
VIR,Virgin Islands (U.S.),2014,sanitation_basic,99.1791303682161,WHO/UNICEF JMP (via World Bank API),2026-09-02
VIR,Virgin Islands (U.S.),2013,sanitation_basic,99.1691614096911,WHO/UNICEF JMP (via World Bank API),2026-09-02
VIR,Virgin Islands (U.S.),2012,sanitation_basic,99.1591924511661,WHO/UNICEF JMP (via World Bank API),2026-09-02
VIR,Virgin Islands (U.S.),2011,sanitation_basic,99.1492234926411,WHO/UNICEF JMP (via World Bank API),2026-09-02
VIR,Virgin Islands (U.S.),2010,sanitation_basic,99.1392545341161,WHO/UNICEF JMP (via World Bank API),2026-09-02
VIR,Virgin Islands (U.S.),2009,sanitation_basic,99.129285575591,WHO/UNICEF JMP (via World Bank API),2026-09-02
VIR,Virgin Islands (U.S.),2008,sanitation_basic,99.119316617066,WHO/UNICEF JMP (via World Bank API),2026-09-02
VIR,Virgin Islands (U.S.),2007,sanitation_basic,99.109347658541,WHO/UNICEF JMP (via World Bank API),2026-09-02
VIR,Virgin Islands (U.S.),2006,sanitation_basic,99.099378700016,WHO/UNICEF JMP (via World Bank API),2026-09-02
VIR,Virgin Islands (U.S.),2005,sanitation_basic,99.089409741491,WHO/UNICEF JMP (via World Bank API),2026-09-02
VIR,Virgin Islands (U.S.),2004,sanitation_basic,99.079440782966,WHO/UNICEF JMP (via World Bank API),2026-09-02
VIR,Virgin Islands (U.S.),2003,sanitation_basic,99.0694718244409,WHO/UNICEF JMP (via World Bank API),2026-09-02
VIR,Virgin Islands (U.S.),2002,sanitation_basic,99.0595028659159,WHO/UNICEF JMP (via World Bank API),2026-09-02
VIR,Virgin Islands (U.S.),2001,sanitation_basic,99.0495339073909,WHO/UNICEF JMP (via World Bank API),2026-09-02
VIR,Virgin Islands (U.S.),2000,sanitation_basic,99.0395649488659,WHO/UNICEF JMP (via World Bank API),2026-09-02
PSE,West Bank and Gaza,2023,sanitation_basic,99.3925426491979,WHO/UNICEF JMP (via World Bank API),2026-09-02
PSE,West Bank and Gaza,2022,sanitation_basic,99.3771389277401,WHO/UNICEF JMP (via World Bank API),2026-09-02
PSE,West Bank and Gaza,2021,sanitation_basic,99.0621470403227,WHO/UNICEF JMP (via World Bank API),2026-09-02
PSE,West Bank and Gaza,2020,sanitation_basic,98.6215954059263,WHO/UNICEF JMP (via World Bank API),2026-09-02
PSE,West Bank and Gaza,2019,sanitation_basic,98.156123198693,WHO/UNICEF JMP (via World Bank API),2026-09-02
PSE,West Bank and Gaza,2018,sanitation_basic,97.6788204548577,WHO/UNICEF JMP (via World Bank API),2026-09-02
PSE,West Bank and Gaza,2017,sanitation_basic,97.2007822905197,WHO/UNICEF JMP (via World Bank API),2026-09-02
PSE,West Bank and Gaza,2016,sanitation_basic,96.7220200053128,WHO/UNICEF JMP (via World Bank API),2026-09-02
PSE,West Bank and Gaza,2015,sanitation_basic,96.2425962734405,WHO/UNICEF JMP (via World Bank API),2026-09-02
PSE,West Bank and Gaza,2014,sanitation_basic,95.7625423734235,WHO/UNICEF JMP (via World Bank API),2026-09-02
PSE,West Bank and Gaza,2013,sanitation_basic,95.2818879253375,WHO/UNICEF JMP (via World Bank API),2026-09-02
PSE,West Bank and Gaza,2012,sanitation_basic,94.800706660906,WHO/UNICEF JMP (via World Bank API),2026-09-02
PSE,West Bank and Gaza,2011,sanitation_basic,94.3190277945478,WHO/UNICEF JMP (via World Bank API),2026-09-02
PSE,West Bank and Gaza,2010,sanitation_basic,93.8369024914522,WHO/UNICEF JMP (via World Bank API),2026-09-02
PSE,West Bank and Gaza,2009,sanitation_basic,93.3543676724512,WHO/UNICEF JMP (via World Bank API),2026-09-02
PSE,West Bank and Gaza,2008,sanitation_basic,92.8715067384258,WHO/UNICEF JMP (via World Bank API),2026-09-02
PSE,West Bank and Gaza,2007,sanitation_basic,92.3883325224338,WHO/UNICEF JMP (via World Bank API),2026-09-02
PSE,West Bank and Gaza,2006,sanitation_basic,91.9045563015934,WHO/UNICEF JMP (via World Bank API),2026-09-02
PSE,West Bank and Gaza,2005,sanitation_basic,91.4202595193558,WHO/UNICEF JMP (via World Bank API),2026-09-02
PSE,West Bank and Gaza,2004,sanitation_basic,90.935395618891,WHO/UNICEF JMP (via World Bank API),2026-09-02
PSE,West Bank and Gaza,2003,sanitation_basic,90.4499080847933,WHO/UNICEF JMP (via World Bank API),2026-09-02
PSE,West Bank and Gaza,2002,sanitation_basic,90.3948305962946,WHO/UNICEF JMP (via World Bank API),2026-09-02
PSE,West Bank and Gaza,2001,sanitation_basic,90.3396200979111,WHO/UNICEF JMP (via World Bank API),2026-09-02
PSE,West Bank and Gaza,2000,sanitation_basic,90.2843720055734,WHO/UNICEF JMP (via World Bank API),2026-09-02
YEM,"Yemen, Rep.",2023,sanitation_basic,62.2859746985692,WHO/UNICEF JMP (via World Bank API),2026-09-02
YEM,"Yemen, Rep.",2022,sanitation_basic,61.480658139543,WHO/UNICEF JMP (via World Bank API),2026-09-02
YEM,"Yemen, Rep.",2021,sanitation_basic,60.6660832932611,WHO/UNICEF JMP (via World Bank API),2026-09-02
YEM,"Yemen, Rep.",2020,sanitation_basic,59.8436190728003,WHO/UNICEF JMP (via World Bank API),2026-09-02
YEM,"Yemen, Rep.",2019,sanitation_basic,59.0129962088495,WHO/UNICEF JMP (via World Bank API),2026-09-02
YEM,"Yemen, Rep.",2018,sanitation_basic,58.1748003487901,WHO/UNICEF JMP (via World Bank API),2026-09-02
YEM,"Yemen, Rep.",2017,sanitation_basic,57.3296474501288,WHO/UNICEF JMP (via World Bank API),2026-09-02
YEM,"Yemen, Rep.",2016,sanitation_basic,56.4772672906306,WHO/UNICEF JMP (via World Bank API),2026-09-02
YEM,"Yemen, Rep.",2015,sanitation_basic,55.6182996414083,WHO/UNICEF JMP (via World Bank API),2026-09-02
YEM,"Yemen, Rep.",2014,sanitation_basic,54.7529231819499,WHO/UNICEF JMP (via World Bank API),2026-09-02
YEM,"Yemen, Rep.",2013,sanitation_basic,53.8818214244113,WHO/UNICEF JMP (via World Bank API),2026-09-02
YEM,"Yemen, Rep.",2012,sanitation_basic,53.0047122525844,WHO/UNICEF JMP (via World Bank API),2026-09-02
YEM,"Yemen, Rep.",2011,sanitation_basic,52.1227789441392,WHO/UNICEF JMP (via World Bank API),2026-09-02
YEM,"Yemen, Rep.",2010,sanitation_basic,51.235755853278,WHO/UNICEF JMP (via World Bank API),2026-09-02
YEM,"Yemen, Rep.",2009,sanitation_basic,50.3438521211975,WHO/UNICEF JMP (via World Bank API),2026-09-02
YEM,"Yemen, Rep.",2008,sanitation_basic,49.4478001068261,WHO/UNICEF JMP (via World Bank API),2026-09-02
YEM,"Yemen, Rep.",2007,sanitation_basic,48.5478342567652,WHO/UNICEF JMP (via World Bank API),2026-09-02
YEM,"Yemen, Rep.",2006,sanitation_basic,47.6441864752994,WHO/UNICEF JMP (via World Bank API),2026-09-02
YEM,"Yemen, Rep.",2005,sanitation_basic,46.737084522042,WHO/UNICEF JMP (via World Bank API),2026-09-02
YEM,"Yemen, Rep.",2004,sanitation_basic,45.8273231512099,WHO/UNICEF JMP (via World Bank API),2026-09-02
YEM,"Yemen, Rep.",2003,sanitation_basic,44.9249753275396,WHO/UNICEF JMP (via World Bank API),2026-09-02
YEM,"Yemen, Rep.",2002,sanitation_basic,44.0194283654926,WHO/UNICEF JMP (via World Bank API),2026-09-02
YEM,"Yemen, Rep.",2001,sanitation_basic,43.7166842861444,WHO/UNICEF JMP (via World Bank API),2026-09-02
YEM,"Yemen, Rep.",2000,sanitation_basic,43.4185272650508,WHO/UNICEF JMP (via World Bank API),2026-09-02
ZMB,Zambia,2023,sanitation_basic,36.7391328457853,WHO/UNICEF JMP (via World Bank API),2026-09-02
ZMB,Zambia,2022,sanitation_basic,35.9950584575439,WHO/UNICEF JMP (via World Bank API),2026-09-02
ZMB,Zambia,2021,sanitation_basic,35.2442051458646,WHO/UNICEF JMP (via World Bank API),2026-09-02
ZMB,Zambia,2020,sanitation_basic,34.4868129715486,WHO/UNICEF JMP (via World Bank API),2026-09-02
ZMB,Zambia,2019,sanitation_basic,33.8947045843208,WHO/UNICEF JMP (via World Bank API),2026-09-02
ZMB,Zambia,2018,sanitation_basic,33.2903966380539,WHO/UNICEF JMP (via World Bank API),2026-09-02
ZMB,Zambia,2017,sanitation_basic,32.674491350081,WHO/UNICEF JMP (via World Bank API),2026-09-02
ZMB,Zambia,2016,sanitation_basic,32.0477720583314,WHO/UNICEF JMP (via World Bank API),2026-09-02
ZMB,Zambia,2015,sanitation_basic,31.4108659962422,WHO/UNICEF JMP (via World Bank API),2026-09-02
ZMB,Zambia,2014,sanitation_basic,30.7641759274322,WHO/UNICEF JMP (via World Bank API),2026-09-02
ZMB,Zambia,2013,sanitation_basic,30.1087309769234,WHO/UNICEF JMP (via World Bank API),2026-09-02
ZMB,Zambia,2012,sanitation_basic,29.4446855204494,WHO/UNICEF JMP (via World Bank API),2026-09-02
ZMB,Zambia,2011,sanitation_basic,28.7731031923329,WHO/UNICEF JMP (via World Bank API),2026-09-02
ZMB,Zambia,2010,sanitation_basic,28.094335855896,WHO/UNICEF JMP (via World Bank API),2026-09-02
ZMB,Zambia,2009,sanitation_basic,27.4075582632773,WHO/UNICEF JMP (via World Bank API),2026-09-02
ZMB,Zambia,2008,sanitation_basic,26.7137426857946,WHO/UNICEF JMP (via World Bank API),2026-09-02
ZMB,Zambia,2007,sanitation_basic,26.0121310175446,WHO/UNICEF JMP (via World Bank API),2026-09-02
ZMB,Zambia,2006,sanitation_basic,25.3042918374618,WHO/UNICEF JMP (via World Bank API),2026-09-02
ZMB,Zambia,2005,sanitation_basic,24.5900224977226,WHO/UNICEF JMP (via World Bank API),2026-09-02
ZMB,Zambia,2004,sanitation_basic,23.8700357388516,WHO/UNICEF JMP (via World Bank API),2026-09-02
ZMB,Zambia,2003,sanitation_basic,23.1443864562221,WHO/UNICEF JMP (via World Bank API),2026-09-02
ZMB,Zambia,2002,sanitation_basic,22.413804959209,WHO/UNICEF JMP (via World Bank API),2026-09-02
ZMB,Zambia,2001,sanitation_basic,21.6786889419233,WHO/UNICEF JMP (via World Bank API),2026-09-02
ZMB,Zambia,2000,sanitation_basic,21.0415384052929,WHO/UNICEF JMP (via World Bank API),2026-09-02
ZWE,Zimbabwe,2023,sanitation_basic,34.6283464803415,WHO/UNICEF JMP (via World Bank API),2026-09-02
ZWE,Zimbabwe,2022,sanitation_basic,34.6178594063559,WHO/UNICEF JMP (via World Bank API),2026-09-02
ZWE,Zimbabwe,2021,sanitation_basic,34.6099501611517,WHO/UNICEF JMP (via World Bank API),2026-09-02
ZWE,Zimbabwe,2020,sanitation_basic,35.1923620543494,WHO/UNICEF JMP (via World Bank API),2026-09-02
ZWE,Zimbabwe,2019,sanitation_basic,35.7743353702206,WHO/UNICEF JMP (via World Bank API),2026-09-02
ZWE,Zimbabwe,2018,sanitation_basic,36.3571595127659,WHO/UNICEF JMP (via World Bank API),2026-09-02
ZWE,Zimbabwe,2017,sanitation_basic,36.9416715486173,WHO/UNICEF JMP (via World Bank API),2026-09-02
ZWE,Zimbabwe,2016,sanitation_basic,37.5291927779865,WHO/UNICEF JMP (via World Bank API),2026-09-02
ZWE,Zimbabwe,2015,sanitation_basic,38.1206484665361,WHO/UNICEF JMP (via World Bank API),2026-09-02
ZWE,Zimbabwe,2014,sanitation_basic,38.7170842481052,WHO/UNICEF JMP (via World Bank API),2026-09-02
ZWE,Zimbabwe,2013,sanitation_basic,39.3197220289687,WHO/UNICEF JMP (via World Bank API),2026-09-02
ZWE,Zimbabwe,2012,sanitation_basic,39.929425197268,WHO/UNICEF JMP (via World Bank API),2026-09-02
ZWE,Zimbabwe,2011,sanitation_basic,40.5413099103148,WHO/UNICEF JMP (via World Bank API),2026-09-02
ZWE,Zimbabwe,2010,sanitation_basic,41.1551654585239,WHO/UNICEF JMP (via World Bank API),2026-09-02
ZWE,Zimbabwe,2009,sanitation_basic,41.771197354799,WHO/UNICEF JMP (via World Bank API),2026-09-02
ZWE,Zimbabwe,2008,sanitation_basic,42.3891736287953,WHO/UNICEF JMP (via World Bank API),2026-09-02
ZWE,Zimbabwe,2007,sanitation_basic,43.0093163519356,WHO/UNICEF JMP (via World Bank API),2026-09-02
ZWE,Zimbabwe,2006,sanitation_basic,43.6313729086374,WHO/UNICEF JMP (via World Bank API),2026-09-02
ZWE,Zimbabwe,2005,sanitation_basic,44.2555884952354,WHO/UNICEF JMP (via World Bank API),2026-09-02
ZWE,Zimbabwe,2004,sanitation_basic,44.881689855498,WHO/UNICEF JMP (via World Bank API),2026-09-02
ZWE,Zimbabwe,2003,sanitation_basic,44.8625993105655,WHO/UNICEF JMP (via World Bank API),2026-09-02
ZWE,Zimbabwe,2002,sanitation_basic,44.8209715461033,WHO/UNICEF JMP (via World Bank API),2026-09-02
ZWE,Zimbabwe,2001,sanitation_basic,44.632782507168,WHO/UNICEF JMP (via World Bank API),2026-09-02
ZWE,Zimbabwe,2000,sanitation_basic,44.5170067494269,WHO/UNICEF JMP (via World Bank API),2026-09-02
